region_id,year,sex,age_x,e_x,expected_age,e0,imr,s_to_65,label
AUS,1921,both,0,60.97,60.97,60.97,65.22,0.5827,Australia
AUS,1922,both,0,62.83,62.83,62.83,52.69,0.6097,Australia
AUS,1923,both,0,61.68,61.68,61.68,59.87,0.5936,Australia
AUS,1924,both,0,62.48,62.48,62.48,56.88,0.6045,Australia
AUS,1925,both,0,63.17,63.17,63.17,53.55,0.6156,Australia
AUS,1926,both,0,62.88,62.88,62.88,53.36,0.612,Australia
AUS,1927,both,0,62.84,62.84,62.84,54.47,0.6112,Australia
AUS,1928,both,0,62.91,62.91,62.91,53.25,0.6126,Australia
AUS,1929,both,0,63.08,63.08,63.08,50.39,0.6169,Australia
AUS,1930,both,0,64.9,64.9,64.9,47.44,0.6479,Australia
AUS,1931,both,0,65.32,65.32,65.32,40.84,0.6539,Australia
AUS,1932,both,0,65.6,65.6,65.6,39.75,0.6559,Australia
AUS,1933,both,0,65.43,65.43,65.43,39.61,0.6526000000000001,Australia
AUS,1934,both,0,64.79,64.79,64.79,43.32,0.6426999999999999,Australia
AUS,1935,both,0,65.05,65.05,65.05,40.03,0.6448,Australia
AUS,1936,both,0,65.19,65.19,65.19,41.87,0.647,Australia
AUS,1937,both,0,65.74,65.74,65.74,38.49,0.6548,Australia
AUS,1938,both,0,65.76,65.76,65.76,38.23,0.6578,Australia
AUS,1939,both,0,65.73,65.73,65.73,38.4,0.6581,Australia
AUS,1940,both,0,66.16,66.16,66.16,38.91,0.6617000000000001,Australia
AUS,1941,both,0,66.04,66.04,66.04,40.81,0.6640999999999999,Australia
AUS,1942,both,0,65.79,65.79,65.79,39.46,0.6587000000000001,Australia
AUS,1943,both,0,66.33,66.33,66.33,38.0,0.6685,Australia
AUS,1944,both,0,67.96,67.96,67.96,31.7,0.6929000000000001,Australia
AUS,1945,both,0,68.38,68.38,68.38,29.97,0.7011,Australia
AUS,1946,both,0,67.92,67.92,67.92,30.79,0.6914,Australia
AUS,1947,both,0,68.52,68.52,68.52,28.94,0.6984,Australia
AUS,1948,both,0,68.47,68.47,68.47,27.29,0.6973999999999999,Australia
AUS,1949,both,0,69.09,69.09,69.09,25.44,0.708,Australia
AUS,1950,both,0,69.0,69.0,69.0,24.87,0.7087,Australia
AUS,1951,both,0,68.7,68.7,68.7,25.14,0.7019,Australia
AUS,1952,both,0,69.11,69.11,69.11,24.15,0.7071999999999999,Australia
AUS,1953,both,0,69.69,69.69,69.69,23.31,0.7192000000000001,Australia
AUS,1954,both,0,69.86,69.86,69.86,22.32,0.7245999999999999,Australia
AUS,1955,both,0,70.15,70.15,70.15,22.14,0.731,Australia
AUS,1956,both,0,70.04,70.04,70.04,21.8,0.7298,Australia
AUS,1957,both,0,70.32,70.32,70.32,21.8,0.7326999999999999,Australia
AUS,1958,both,0,70.86,70.86,70.86,20.58,0.7392,Australia
AUS,1959,both,0,70.45,70.45,70.45,21.58,0.7343999999999999,Australia
AUS,1960,both,0,70.87,70.87,70.87,20.09,0.7387999999999999,Australia
AUS,1961,both,0,71.13,71.13,71.13,19.83,0.7443000000000001,Australia
AUS,1962,both,0,70.91,70.91,70.91,20.27,0.7387,Australia
AUS,1963,both,0,70.96,70.96,70.96,19.52,0.7358,Australia
AUS,1964,both,0,70.57,70.57,70.57,18.67,0.7276,Australia
AUS,1965,both,0,70.8,70.8,70.8,18.54,0.7336,Australia
AUS,1966,both,0,70.68,70.68,70.68,18.18,0.733,Australia
AUS,1967,both,0,71.05,71.05,71.05,18.04,0.7358,Australia
AUS,1968,both,0,70.68,70.68,70.68,18.04,0.7314,Australia
AUS,1969,both,0,71.07,71.07,71.07,18.45,0.7376,Australia
AUS,1970,both,0,70.65,70.65,70.65,18.55,0.7325,Australia
AUS,1971,both,0,71.45,71.45,71.45,17.75,0.7482,Australia
AUS,1972,both,0,71.77,71.77,71.77,16.58,0.7505,Australia
AUS,1973,both,0,72.06,72.06,72.06,15.72,0.7559999999999999,Australia
AUS,1974,both,0,71.85,71.85,71.85,15.77,0.752,Australia
AUS,1975,both,0,72.78,72.78,72.78,13.84,0.7653,Australia
AUS,1976,both,0,72.79,72.79,72.79,13.56,0.7696,Australia
AUS,1977,both,0,73.47,73.47,73.47,12.37,0.7781,Australia
AUS,1978,both,0,73.74,73.74,73.74,12.17,0.7826000000000001,Australia
AUS,1979,both,0,74.33,74.33,74.33,11.09,0.7931,Australia
AUS,1980,both,0,74.57,74.57,74.57,10.6,0.7986,Australia
AUS,1981,both,0,74.78,74.78,74.78,10.39,0.8027,Australia
AUS,1982,both,0,74.72,74.72,74.72,10.11,0.8038,Australia
AUS,1983,both,0,75.44,75.44,75.44,9.67,0.8118000000000001,Australia
AUS,1984,both,0,75.51,75.51,75.51,9.43,0.8149,Australia
AUS,1985,both,0,75.43,75.43,75.43,9.84,0.8172,Australia
AUS,1986,both,0,76.07,76.07,76.07,8.83,0.8255,Australia
AUS,1987,both,0,76.09,76.09,76.09,8.96,0.8273,Australia
AUS,1988,both,0,76.35,76.35,76.35,8.2,0.8308,Australia
AUS,1989,both,0,76.2,76.2,76.2,8.48,0.8327,Australia
AUS,1990,both,0,77.04,77.04,77.04,7.92,0.8420000000000001,Australia
AUS,1991,both,0,77.48,77.48,77.48,6.86,0.8475,Australia
AUS,1992,both,0,77.47,77.47,77.47,6.91,0.8493,Australia
AUS,1993,both,0,78.01,78.01,78.01,6.03,0.8565,Australia
AUS,1994,both,0,77.86,77.86,77.86,5.95,0.857,Australia
AUS,1995,both,0,78.26,78.26,78.26,5.66,0.8615999999999999,Australia
AUS,1996,both,0,78.35,78.35,78.35,5.72,0.8628,Australia
AUS,1997,both,0,78.63,78.63,78.63,5.51,0.8665999999999999,Australia
AUS,1998,both,0,79.03,79.03,79.03,5.02,0.8706,Australia
AUS,1999,both,0,79.28,79.28,79.28,5.68,0.875,Australia
AUS,2000,both,0,79.62,79.62,79.62,5.08,0.8787999999999999,Australia
AUS,2001,both,0,80.01,80.01,80.01,5.12,0.8825,Australia
AUS,2002,both,0,80.06,80.06,80.06,5.0,0.8843000000000001,Australia
AUS,2003,both,0,80.45,80.45,80.45,4.83,0.888,Australia
AUS,2004,both,0,80.74,80.74,80.74,4.7,0.8912,Australia
AUS,2005,both,0,81.1,81.1,81.1,5.08,0.8937,Australia
AUS,2006,both,0,81.27,81.27,81.27,4.8,0.8959999999999999,Australia
AUS,2007,both,0,81.24,81.24,81.24,4.28,0.8948,Australia
AUS,2008,both,0,81.43,81.43,81.43,4.25,0.899,Australia
AUS,2009,both,0,81.73,81.73,81.73,4.13,0.8992,Australia
AUS,2010,both,0,82.02,82.02,82.02,4.09,0.9032,Australia
AUS,2011,both,0,82.09,82.09,82.09,3.78,0.903,Australia
AUS,2012,both,0,82.29,82.29,82.29,3.34,0.9064,Australia
AUS,2013,both,0,82.54,82.54,82.54,3.66,0.9062,Australia
AUS,2014,both,0,82.51,82.51,82.51,3.4,0.9057,Australia
AUS,2015,both,0,82.6,82.6,82.6,3.13,0.9055,Australia
AUS,2016,both,0,82.8,82.8,82.8,3.05,0.9077,Australia
AUS,2017,both,0,82.71,82.71,82.71,3.35,0.9069,Australia
AUS,2018,both,0,83.25,83.25,83.25,3.14,0.9092,Australia
AUS,2019,both,0,83.24,83.24,83.24,3.23,0.909,Australia
AUS,2020,both,0,83.66,83.66,83.66,3.08,0.912,Australia
AUS,2021,both,0,83.47,83.47,83.47,3.28,0.912,Australia
AUT,1947,both,0,61.54,61.54,61.54,84.61,0.6164999999999999,AUT
AUT,1948,both,0,63.21,63.21,63.21,79.39,0.6386,AUT
AUT,1949,both,0,63.47,63.47,63.47,72.87,0.6419,AUT
AUT,1950,both,0,64.81,64.81,64.81,65.41,0.6605,AUT
AUT,1951,both,0,65.22,65.22,65.22,60.05,0.6684,AUT
AUT,1952,both,0,66.74,66.74,66.74,52.29,0.6919,AUT
AUT,1953,both,0,67.25,67.25,67.25,49.79,0.7008,AUT
AUT,1954,both,0,67.28,67.28,67.28,48.48,0.6995999999999999,AUT
AUT,1955,both,0,67.55,67.55,67.55,46.51,0.7045999999999999,AUT
AUT,1956,both,0,67.68,67.68,67.68,44.42,0.7044,AUT
AUT,1957,both,0,67.44,67.44,67.44,44.48,0.6998000000000001,AUT
AUT,1958,both,0,68.45,68.45,68.45,40.76,0.7159,AUT
AUT,1959,both,0,68.39,68.39,68.39,40.29,0.713,AUT
AUT,1960,both,0,68.74,68.74,68.74,37.57,0.7189,AUT
AUT,1961,both,0,69.71,69.71,69.71,33.39,0.7315,AUT
AUT,1962,both,0,69.5,69.5,69.5,32.91,0.7298,AUT
AUT,1963,both,0,69.65,69.65,69.65,31.11,0.7337,AUT
AUT,1964,both,0,70.12,70.12,70.12,29.15,0.7392,AUT
AUT,1965,both,0,69.93,69.93,69.93,27.65,0.7373999999999999,AUT
AUT,1966,both,0,70.22,70.22,70.22,28.02,0.7415999999999999,AUT
AUT,1967,both,0,70.12,70.12,70.12,26.17,0.7419,AUT
AUT,1968,both,0,70.27,70.27,70.27,25.25,0.7437,AUT
AUT,1969,both,0,70.04,70.04,70.04,24.84,0.741,AUT
AUT,1970,both,0,70.09,70.09,70.09,24.94,0.7413,AUT
AUT,1971,both,0,70.29,70.29,70.29,25.59,0.748,AUT
AUT,1972,both,0,70.62,70.62,70.62,24.6,0.7517,AUT
AUT,1973,both,0,71.2,71.2,71.2,23.02,0.7609,AUT
AUT,1974,both,0,71.18,71.18,71.18,23.38,0.7608,AUT
AUT,1975,both,0,71.33,71.33,71.33,20.06,0.7624,AUT
AUT,1976,both,0,71.79,71.79,71.79,17.66,0.7701,AUT
AUT,1977,both,0,72.14,72.14,72.14,16.66,0.7723,AUT
AUT,1978,both,0,72.2,72.2,72.2,14.98,0.7745000000000001,AUT
AUT,1979,both,0,72.55,72.55,72.55,14.77,0.7762,AUT
AUT,1980,both,0,72.67,72.67,72.67,14.64,0.778,AUT
AUT,1981,both,0,72.99,72.99,72.99,12.59,0.7828,AUT
AUT,1982,both,0,73.15,73.15,73.15,12.75,0.7828,AUT
AUT,1983,both,0,73.22,73.22,73.22,11.54,0.7829,AUT
AUT,1984,both,0,73.77,73.77,73.77,11.32,0.7894,AUT
AUT,1985,both,0,73.99,73.99,73.99,10.96,0.7959,AUT
AUT,1986,both,0,74.46,74.46,74.46,10.2,0.8028,AUT
AUT,1987,both,0,74.9,74.9,74.9,9.79,0.809,AUT
AUT,1988,both,0,75.37,75.37,75.37,8.14,0.8145,AUT
AUT,1989,both,0,75.46,75.46,75.46,8.28,0.8158,AUT
AUT,1990,both,0,75.74,75.74,75.74,7.87,0.8189,AUT
AUT,1991,both,0,75.79,75.79,75.79,7.6,0.8198000000000001,AUT
AUT,1992,both,0,75.99,75.99,75.99,7.55,0.8219,AUT
AUT,1993,both,0,76.22,76.22,76.22,6.45,0.8240000000000001,AUT
AUT,1994,both,0,76.54,76.54,76.54,6.17,0.8291,AUT
AUT,1995,both,0,76.78,76.78,76.78,5.32,0.8321999999999999,AUT
AUT,1996,both,0,77.03,77.03,77.03,5.09,0.8367,AUT
AUT,1997,both,0,77.43,77.43,77.43,4.53,0.8442000000000001,AUT
AUT,1998,both,0,77.78,77.78,77.78,4.83,0.8504,AUT
AUT,1999,both,0,77.96,77.96,77.96,4.24,0.8518000000000001,AUT
AUT,2000,both,0,78.24,78.24,78.24,4.77,0.8547,AUT
AUT,2001,both,0,78.72,78.72,78.72,4.76,0.8604999999999999,AUT
AUT,2002,both,0,78.85,78.85,78.85,4.19,0.8642,AUT
AUT,2003,both,0,78.85,78.85,78.85,4.43,0.863,AUT
AUT,2004,both,0,79.36,79.36,79.36,4.55,0.8671,AUT
AUT,2005,both,0,79.52,79.52,79.52,4.15,0.8694,AUT
AUT,2006,both,0,79.96,79.96,79.96,3.61,0.8756,AUT
AUT,2007,both,0,80.16,80.16,80.16,3.64,0.8765000000000001,AUT
AUT,2008,both,0,80.37,80.37,80.37,3.74,0.8793000000000001,AUT
AUT,2009,both,0,80.21,80.21,80.21,3.78,0.8754000000000001,AUT
AUT,2010,both,0,80.47,80.47,80.47,3.98,0.8776,AUT
AUT,2011,both,0,80.83,80.83,80.83,3.58,0.8825,AUT
AUT,2012,both,0,80.84,80.84,80.84,3.24,0.8856,AUT
AUT,2013,both,0,81.08,81.08,81.08,3.13,0.8884000000000001,AUT
AUT,2014,both,0,81.39,81.39,81.39,3.12,0.8909,AUT
AUT,2015,both,0,81.16,81.16,81.16,3.15,0.8922,AUT
AUT,2016,both,0,81.59,81.59,81.59,3.17,0.8963,AUT
AUT,2017,both,0,81.63,81.63,81.63,2.93,0.8992,AUT
AUT,2018,both,0,81.69,81.69,81.69,2.69,0.8991,AUT
AUT,2019,both,0,81.91,81.91,81.91,2.99,0.9031,AUT
AUT,2020,both,0,81.35,81.35,81.35,3.16,0.9008,AUT
AUT,2021,both,0,81.28,81.28,81.28,2.82,0.8972,AUT
AUT,2022,both,0,81.43,81.43,81.43,2.43,0.9007,AUT
AUT,2023,both,0,81.86,81.86,81.86,2.78,0.9044,AUT
BEL,1841,both,0,40.34,40.34,40.34,151.52,0.3176,Belgium
BEL,1842,both,0,38.67,38.67,38.67,157.01,0.298,Belgium
BEL,1843,both,0,40.38,40.38,40.38,148.18,0.3194,Belgium
BEL,1844,both,0,41.91,41.91,41.91,139.61,0.3311,Belgium
BEL,1845,both,0,41.05,41.05,41.05,149.6,0.3215,Belgium
BEL,1846,both,0,37.86,37.86,37.86,173.09,0.2749,Belgium
BEL,1847,both,0,35.13,35.13,35.13,160.72,0.2165,Belgium
BEL,1848,both,0,38.05,38.05,38.05,141.55,0.2597,Belgium
BEL,1849,both,0,34.51,34.51,34.51,152.04,0.2141,Belgium
BEL,1850,both,0,42.3,42.3,42.3,139.06,0.3383,Belgium
BEL,1851,both,0,41.91,41.91,41.91,147.22,0.3384,Belgium
BEL,1852,both,0,41.81,41.81,41.81,147.22,0.3349,Belgium
BEL,1853,both,0,41.35,41.35,41.35,140.98,0.3215,Belgium
BEL,1854,both,0,39.78,39.78,39.78,153.4,0.3098,Belgium
BEL,1855,both,0,37.46,37.46,37.46,167.14,0.2832,Belgium
BEL,1856,both,0,40.92,40.92,40.92,145.26,0.3345,Belgium
BEL,1857,both,0,40.48,40.48,40.48,161.53,0.3228,Belgium
BEL,1858,both,0,40.17,40.17,40.17,162.82,0.3126,Belgium
BEL,1859,both,0,38.97,38.97,38.97,171.18,0.2978,Belgium
BEL,1860,both,0,45.1,45.1,45.1,136.35,0.3718999999999999,Belgium
BEL,1861,both,0,41.25,41.25,41.25,161.31,0.3324,Belgium
BEL,1862,both,0,43.1,43.1,43.1,148.4,0.3599,Belgium
BEL,1863,both,0,41.29,41.29,41.29,159.56,0.3414999999999999,Belgium
BEL,1864,both,0,39.8,39.8,39.8,163.21,0.32,Belgium
BEL,1865,both,0,37.73,37.73,37.73,185.64,0.2992,Belgium
BEL,1866,both,0,32.47,32.47,32.47,168.02,0.1924,Belgium
BEL,1867,both,0,43.05,43.05,43.05,146.33,0.3521,Belgium
BEL,1868,both,0,42.55,42.55,42.55,140.33,0.3505,Belgium
BEL,1869,both,0,42.59,42.59,42.59,130.51,0.3489,Belgium
BEL,1870,both,0,40.92,40.92,40.92,145.38,0.3243,Belgium
BEL,1871,both,0,34.36,34.36,34.36,166.69,0.2487,Belgium
BEL,1872,both,0,40.04,40.04,40.04,147.9,0.3223,Belgium
BEL,1873,both,0,43.49,43.49,43.49,141.99,0.3554,Belgium
BEL,1874,both,0,44.68,44.68,44.68,136.79,0.372,Belgium
BEL,1875,both,0,42.17,42.17,42.17,155.92,0.3393,Belgium
BEL,1876,both,0,43.67,43.67,43.67,113.79,0.358,Belgium
BEL,1877,both,0,44.48,44.48,44.48,128.71,0.3674,Belgium
BEL,1878,both,0,44.23,44.23,44.23,156.73,0.3618,Belgium
BEL,1879,both,0,43.83,43.83,43.83,158.84,0.3539,Belgium
BEL,1880,both,0,42.49,42.49,42.49,183.12,0.3485,Belgium
BEL,1881,both,0,44.42,44.42,44.42,156.93,0.3638,Belgium
BEL,1882,both,0,45.55,45.55,45.55,149.94,0.3786,Belgium
BEL,1883,both,0,44.9,44.9,44.9,151.58,0.3655,Belgium
BEL,1884,both,0,44.23,44.23,44.23,166.09,0.3636,Belgium
BEL,1885,both,0,45.47,45.47,45.47,148.03,0.3747,Belgium
BEL,1886,both,0,43.35,43.35,43.35,181.56,0.3581,Belgium
BEL,1887,both,0,46.05,46.05,46.05,153.1,0.3861,Belgium
BEL,1888,both,0,44.92,44.92,44.92,169.54,0.3742,Belgium
BEL,1889,both,0,45.07,45.07,45.07,166.05,0.3779999999999999,Belgium
BEL,1890,both,0,44.14,44.14,44.14,171.29,0.3606,Belgium
BEL,1891,both,0,44.04,44.04,44.04,170.37,0.3595,Belgium
BEL,1892,both,0,43.16,43.16,43.16,171.84,0.3461999999999999,Belgium
BEL,1893,both,0,44.44,44.44,44.44,172.08,0.3677,Belgium
BEL,1894,both,0,46.63,46.63,46.63,157.02,0.3914999999999999,Belgium
BEL,1895,both,0,45.48,45.48,45.48,175.46,0.3829999999999999,Belgium
BEL,1896,both,0,48.07,48.07,48.07,150.03,0.4131,Belgium
BEL,1897,both,0,48.84,48.84,48.84,153.83,0.4265,Belgium
BEL,1898,both,0,48.12,48.12,48.12,163.28,0.4216,Belgium
BEL,1899,both,0,46.5,46.5,46.5,171.43,0.3994,Belgium
BEL,1900,both,0,46.69,46.69,46.69,174.0,0.3957,Belgium
BEL,1901,both,0,49.44,49.44,49.44,151.07,0.4324,Belgium
BEL,1902,both,0,49.14,49.14,49.14,147.23,0.4289,Belgium
BEL,1903,both,0,49.23,49.23,49.23,156.67,0.4355,Belgium
BEL,1904,both,0,49.27,49.27,49.27,156.42,0.4356,Belgium
BEL,1905,both,0,50.03,50.03,50.03,147.83,0.4437,Belgium
BEL,1906,both,0,49.67,49.67,49.67,157.24,0.4442,Belgium
BEL,1907,both,0,51.07,51.07,51.07,137.97,0.4563,Belgium
BEL,1908,both,0,49.72,49.72,49.72,150.2,0.4412,Belgium
BEL,1909,both,0,50.66,50.66,50.66,140.97,0.4528999999999999,Belgium
BEL,1910,both,0,51.31,51.31,51.31,140.74,0.4654,Belgium
BEL,1911,both,0,49.28,49.28,49.28,166.96,0.4397999999999999,Belgium
BEL,1912,both,0,52.25,52.25,52.25,126.88,0.4724,Belgium
BEL,1913,both,0,52.45,52.45,52.45,134.55,0.4772999999999999,Belgium
BEL,1919,both,0,49.26,49.26,49.26,128.93,0.4371,Belgium
BEL,1920,both,0,54.01,54.01,54.01,113.51,0.5033,Belgium
BEL,1921,both,0,54.66,54.66,54.66,122.34,0.5143,Belgium
BEL,1922,both,0,55.19,55.19,55.19,108.67,0.5184000000000001,Belgium
BEL,1923,both,0,56.7,56.7,56.7,99.94,0.5390999999999999,Belgium
BEL,1924,both,0,57.4,57.4,57.4,93.96,0.5468999999999999,Belgium
BEL,1925,both,0,57.12,57.12,57.12,98.27,0.547,Belgium
BEL,1926,both,0,56.88,56.88,56.88,101.84,0.5429999999999999,Belgium
BEL,1927,both,0,57.11,57.11,57.11,96.36,0.5442,Belgium
BEL,1928,both,0,57.47,57.47,57.47,93.72,0.5440999999999999,Belgium
BEL,1929,both,0,55.02,55.02,55.02,108.68,0.5099,Belgium
BEL,1930,both,0,57.1,57.1,57.1,100.67,0.5418,Belgium
BEL,1931,both,0,58.42,58.42,58.42,88.22,0.5563,Belgium
BEL,1932,both,0,58.54,58.54,58.54,91.21,0.5643,Belgium
BEL,1933,both,0,58.68,58.68,58.68,88.9,0.5632,Belgium
BEL,1934,both,0,60.31,60.31,60.31,81.58,0.5866,Belgium
BEL,1935,both,0,59.94,59.94,59.94,82.29,0.581,Belgium
BEL,1936,both,0,59.91,59.91,59.91,85.88,0.5820000000000001,Belgium
BEL,1937,both,0,59.95,59.95,59.95,83.02,0.5803,Belgium
BEL,1938,both,0,60.11,60.11,60.11,82.51,0.5831000000000001,Belgium
BEL,1939,both,0,60.06,60.06,60.06,79.88,0.5785,Belgium
BEL,1940,both,0,55.96,55.96,55.96,85.92,0.5096,Belgium
BEL,1941,both,0,58.74,58.74,58.74,88.36,0.5583,Belgium
BEL,1942,both,0,59.09,59.09,59.09,86.47,0.5633,Belgium
BEL,1943,both,0,60.29,60.29,60.29,78.99,0.5866,Belgium
BEL,1944,both,0,56.94,56.94,56.94,82.03,0.5223,Belgium
BEL,1945,both,0,58.32,58.32,58.32,99.79,0.5592,Belgium
BEL,1946,both,0,61.89,61.89,61.89,79.93,0.6114999999999999,Belgium
BEL,1947,both,0,63.42,63.42,63.42,67.81,0.6302,Belgium
BEL,1948,both,0,64.92,64.92,64.92,59.51,0.6505,Belgium
BEL,1949,both,0,65.43,65.43,65.43,56.33,0.6601,Belgium
BEL,1950,both,0,66.3,66.3,66.3,52.74,0.6759999999999999,Belgium
BEL,1951,both,0,66.75,66.75,66.75,49.42,0.6846,Belgium
BEL,1952,both,0,67.96,67.96,67.96,45.23,0.7033,Belgium
BEL,1953,both,0,68.35,68.35,68.35,41.51,0.7104,Belgium
BEL,1954,both,0,68.59,68.59,68.59,41.5,0.7148,Belgium
BEL,1955,both,0,68.54,68.54,68.54,40.46,0.7161,Belgium
BEL,1956,both,0,68.84,68.84,68.84,39.26,0.7199,Belgium
BEL,1957,both,0,69.2,69.2,69.2,36.1,0.7228,Belgium
BEL,1958,both,0,69.91,69.91,69.91,31.41,0.735,Belgium
BEL,1959,both,0,70.31,70.31,70.31,30.33,0.7393000000000001,Belgium
BEL,1960,both,0,69.62,69.62,69.62,30.65,0.7277,Belgium
BEL,1961,both,0,70.5,70.5,70.5,28.2,0.7404999999999999,Belgium
BEL,1962,both,0,70.23,70.23,70.23,27.11,0.7362000000000001,Belgium
BEL,1963,both,0,70.04,70.04,70.04,27.29,0.7343000000000001,Belgium
BEL,1964,both,0,70.7,70.7,70.7,25.36,0.7432,Belgium
BEL,1965,both,0,70.55,70.55,70.55,23.16,0.7387999999999999,Belgium
BEL,1966,both,0,70.63,70.63,70.63,24.26,0.7418,Belgium
BEL,1967,both,0,70.91,70.91,70.91,22.51,0.7458,Belgium
BEL,1968,both,0,70.61,70.61,70.61,21.33,0.7431,Belgium
BEL,1969,both,0,70.67,70.67,70.67,21.18,0.7431,Belgium
BEL,1970,both,0,70.94,70.94,70.94,21.13,0.7468,Belgium
BEL,1971,both,0,71.09,71.09,71.09,20.16,0.75,Belgium
BEL,1972,both,0,71.41,71.41,71.41,18.48,0.7543000000000001,Belgium
BEL,1973,both,0,71.63,71.63,71.63,17.1,0.7602,Belgium
BEL,1974,both,0,71.97,71.97,71.97,16.99,0.7659,Belgium
BEL,1975,both,0,71.96,71.96,71.96,15.81,0.7674,Belgium
BEL,1976,both,0,72.1,72.1,72.1,15.35,0.7685,Belgium
BEL,1977,both,0,72.76,72.76,72.76,13.63,0.7759,Belgium
BEL,1978,both,0,72.7,72.7,72.7,13.22,0.7748999999999999,Belgium
BEL,1979,both,0,73.2,73.2,73.2,12.32,0.7823,Belgium
BEL,1980,both,0,73.24,73.24,73.24,12.15,0.7829,Belgium
BEL,1981,both,0,73.65,73.65,73.65,11.41,0.7912,Belgium
BEL,1982,both,0,73.88,73.88,73.88,11.02,0.7933,Belgium
BEL,1983,both,0,73.88,73.88,73.88,10.4,0.7955,Belgium
BEL,1984,both,0,74.37,74.37,74.37,9.93,0.8024,Belgium
BEL,1985,both,0,74.47,74.47,74.47,9.72,0.8044,Belgium
BEL,1986,both,0,74.67,74.67,74.67,9.7,0.8093,Belgium
BEL,1987,both,0,75.29,75.29,75.29,9.59,0.8159000000000001,Belgium
BEL,1988,both,0,75.59,75.59,75.59,9.05,0.8208,Belgium
BEL,1989,both,0,75.65,75.65,75.65,8.56,0.8245,Belgium
BEL,1990,both,0,76.06,76.06,76.06,8.02,0.8287,Belgium
BEL,1991,both,0,76.2,76.2,76.2,8.35,0.8306,Belgium
BEL,1992,both,0,76.36,76.36,76.36,8.09,0.8317,Belgium
BEL,1993,both,0,76.36,76.36,76.36,7.9,0.8354,Belgium
BEL,1994,both,0,76.71,76.71,76.71,7.43,0.8364,Belgium
BEL,1995,both,0,76.84,76.84,76.84,6.02,0.8370000000000001,Belgium
BEL,1996,both,0,77.19,77.19,77.19,5.33,0.8436,Belgium
BEL,1997,both,0,77.4,77.4,77.4,5.55,0.8456,Belgium
BEL,1998,both,0,77.47,77.47,77.47,5.15,0.8461,Belgium
BEL,1999,both,0,77.65,77.65,77.65,4.88,0.8469,Belgium
BEL,2000,both,0,77.77,77.77,77.77,4.85,0.8488,Belgium
BEL,2001,both,0,78.08,78.08,78.08,4.52,0.8511,Belgium
BEL,2002,both,0,78.17,78.17,78.17,4.37,0.8529000000000001,Belgium
BEL,2003,both,0,78.32,78.32,78.32,4.13,0.8556,Belgium
BEL,2004,both,0,78.96,78.96,78.96,3.83,0.8618000000000001,Belgium
BEL,2005,both,0,79.05,79.05,79.05,3.74,0.8619,Belgium
BEL,2006,both,0,79.38,79.38,79.38,4.06,0.8652,Belgium
BEL,2007,both,0,79.52,79.52,79.52,4.06,0.8658,Belgium
BEL,2008,both,0,79.57,79.57,79.57,3.8,0.8648,Belgium
BEL,2009,both,0,79.84,79.84,79.84,3.46,0.8687999999999999,Belgium
BEL,2010,both,0,80.03,80.03,80.03,3.62,0.872,Belgium
BEL,2011,both,0,80.35,80.35,80.35,3.33,0.8734999999999999,Belgium
BEL,2012,both,0,80.24,80.24,80.24,3.75,0.8752,Belgium
BEL,2013,both,0,80.44,80.44,80.44,3.44,0.8785,Belgium
BEL,2014,both,0,81.05,81.05,81.05,3.37,0.8845999999999999,Belgium
BEL,2015,both,0,80.86,80.86,80.86,3.24,0.8829,Belgium
BEL,2016,both,0,81.23,81.23,81.23,3.15,0.8875,Belgium
BEL,2017,both,0,81.32,81.32,81.32,3.55,0.8906999999999999,Belgium
BEL,2018,both,0,81.45,81.45,81.45,3.72,0.8920999999999999,Belgium
BEL,2019,both,0,81.8,81.8,81.8,3.62,0.8966,Belgium
BEL,2020,both,0,80.77,80.77,80.77,3.18,0.8925,Belgium
BEL,2021,both,0,81.62,81.62,81.62,2.97,0.8957999999999999,Belgium
BEL,2022,both,0,81.68,81.68,81.68,2.84,0.8986,Belgium
BEL,2023,both,0,82.05,82.05,82.05,3.02,0.8996999999999999,Belgium
BGR,1947,both,0,54.14,54.14,54.14,132.74,0.5242,BGR
BGR,1948,both,0,55.83,55.83,55.83,120.32,0.5490999999999999,BGR
BGR,1949,both,0,57.99,57.99,57.99,115.76,0.5782,BGR
BGR,1950,both,0,61.47,61.47,61.47,96.12,0.625,BGR
BGR,1951,both,0,60.68,60.68,60.68,97.38,0.6157,BGR
BGR,1952,both,0,59.57,59.57,59.57,98.58,0.6025,BGR
BGR,1953,both,0,64.18,64.18,64.18,79.94,0.6694,BGR
BGR,1954,both,0,64.39,64.39,64.39,85.54,0.6764,BGR
BGR,1955,both,0,64.82,64.82,64.82,83.12,0.6849,BGR
BGR,1956,both,0,65.21,65.21,65.21,71.91,0.6886,BGR
BGR,1957,both,0,66.59,66.59,66.59,65.08,0.7034,BGR
BGR,1958,both,0,68.71,68.71,68.71,51.61,0.7281,BGR
BGR,1959,both,0,66.63,66.63,66.63,54.5,0.6983,BGR
BGR,1960,both,0,69.17,69.17,69.17,45.63,0.7384000000000001,BGR
BGR,1961,both,0,70.22,70.22,70.22,37.36,0.7491,BGR
BGR,1962,both,0,69.53,69.53,69.53,36.38,0.7456,BGR
BGR,1963,both,0,70.33,70.33,70.33,35.25,0.7545000000000001,BGR
BGR,1964,both,0,71.13,71.13,71.13,32.78,0.7676999999999999,BGR
BGR,1965,both,0,71.3,71.3,71.3,29.28,0.7717,BGR
BGR,1966,both,0,71.22,71.22,71.22,30.94,0.7695000000000001,BGR
BGR,1967,both,0,70.41,70.41,70.41,33.22,0.7589,BGR
BGR,1968,both,0,71.2,71.2,71.2,30.52,0.7673000000000001,BGR
BGR,1969,both,0,70.47,70.47,70.47,29.72,0.7569,BGR
BGR,1970,both,0,71.25,71.25,71.25,26.97,0.7694,BGR
BGR,1971,both,0,70.85,70.85,70.85,24.35,0.7624,BGR
BGR,1972,both,0,70.86,70.86,70.86,25.72,0.7629,BGR
BGR,1973,both,0,71.3,71.3,71.3,27.11,0.7711,BGR
BGR,1974,both,0,71.21,71.21,71.21,25.67,0.769,BGR
BGR,1975,both,0,71.0,71.0,71.0,22.12,0.7648999999999999,BGR
BGR,1976,both,0,71.36,71.36,71.36,22.6,0.7698,BGR
BGR,1977,both,0,70.77,70.77,70.77,23.65,0.7587,BGR
BGR,1978,both,0,71.13,71.13,71.13,21.95,0.7615000000000001,BGR
BGR,1979,both,0,71.22,71.22,71.22,20.08,0.7606,BGR
BGR,1980,both,0,71.08,71.08,71.08,19.61,0.7608,BGR
BGR,1981,both,0,71.48,71.48,71.48,18.57,0.7637,BGR
BGR,1982,both,0,71.08,71.08,71.08,18.23,0.7561,BGR
BGR,1983,both,0,71.24,71.24,71.24,16.51,0.7582,BGR
BGR,1984,both,0,71.35,71.35,71.35,15.93,0.7539,BGR
BGR,1985,both,0,71.05,71.05,71.05,14.97,0.7486,BGR
BGR,1986,both,0,71.55,71.55,71.55,14.18,0.7539,BGR
BGR,1987,both,0,71.35,71.35,71.35,14.58,0.7543000000000001,BGR
BGR,1988,both,0,71.41,71.41,71.41,13.61,0.7519,BGR
BGR,1989,both,0,71.48,71.48,71.48,14.05,0.7521,BGR
BGR,1990,both,0,71.32,71.32,71.32,14.39,0.7489,BGR
BGR,1991,both,0,71.19,71.19,71.19,16.26,0.7493000000000001,BGR
BGR,1992,both,0,71.18,71.18,71.18,15.62,0.7425,BGR
BGR,1993,both,0,71.18,71.18,71.18,15.06,0.7409,BGR
BGR,1994,both,0,70.86,70.86,70.86,15.85,0.7325,BGR
BGR,1995,both,0,70.96,70.96,70.96,14.2,0.7329000000000001,BGR
BGR,1996,both,0,70.84,70.84,70.84,15.63,0.7361,BGR
BGR,1997,both,0,70.31,70.31,70.31,16.31,0.725,BGR
BGR,1998,both,0,70.87,70.87,70.87,15.07,0.7340000000000001,BGR
BGR,1999,both,0,71.56,71.56,71.56,15.25,0.7476,BGR
BGR,2000,both,0,71.58,71.58,71.58,13.61,0.7476,BGR
BGR,2001,both,0,71.88,71.88,71.88,14.1,0.7504000000000001,BGR
BGR,2002,both,0,72.13,72.13,72.13,13.43,0.7559999999999999,BGR
BGR,2003,both,0,72.37,72.37,72.37,12.36,0.7595999999999999,BGR
BGR,2004,both,0,72.58,72.58,72.58,11.89,0.7594,BGR
BGR,2005,both,0,72.56,72.56,72.56,10.51,0.7581,BGR
BGR,2006,both,0,72.69,72.69,72.69,10.0,0.7595000000000001,BGR
BGR,2007,both,0,73.01,73.01,73.01,9.33,0.7659999999999999,BGR
BGR,2008,both,0,73.34,73.34,73.34,8.8,0.7706999999999999,BGR
BGR,2009,both,0,73.68,73.68,73.68,9.27,0.774,BGR
BGR,2010,both,0,73.81,73.81,73.81,9.13,0.7789,BGR
BGR,2011,both,0,74.16,74.16,74.16,8.29,0.7818,BGR
BGR,2012,both,0,74.33,74.33,74.33,7.85,0.7864,BGR
BGR,2013,both,0,74.82,74.82,74.82,7.47,0.7920999999999999,BGR
BGR,2014,both,0,74.47,74.47,74.47,7.68,0.7825,BGR
BGR,2015,both,0,74.62,74.62,74.62,6.49,0.7866,BGR
BGR,2016,both,0,74.83,74.83,74.83,6.49,0.7848999999999999,BGR
BGR,2017,both,0,74.8,74.8,74.8,6.3,0.7878000000000001,BGR
BGR,2018,both,0,74.93,74.93,74.93,5.65,0.7876000000000001,BGR
BGR,2019,both,0,75.09,75.09,75.09,5.52,0.7908,BGR
BGR,2020,both,0,73.6,73.6,73.6,4.96,0.7626000000000001,BGR
BGR,2021,both,0,71.41,71.41,71.41,5.55,0.7234999999999999,BGR
BLR,1959,both,0,69.06,69.06,69.06,47.24,0.7195999999999999,BLR
BLR,1960,both,0,71.85,71.85,71.85,34.77,0.7534000000000001,BLR
BLR,1961,both,0,72.58,72.58,72.58,29.89,0.7626999999999999,BLR
BLR,1962,both,0,71.32,71.32,71.32,30.57,0.7498999999999999,BLR
BLR,1963,both,0,71.99,71.99,71.99,31.34,0.7578,BLR
BLR,1964,both,0,73.53,73.53,73.53,24.76,0.7746,BLR
BLR,1965,both,0,73.04,73.04,73.04,22.71,0.7719,BLR
BLR,1966,both,0,73.38,73.38,73.38,22.1,0.7745000000000001,BLR
BLR,1967,both,0,73.16,73.16,73.16,20.43,0.7706999999999999,BLR
BLR,1968,both,0,73.26,73.26,73.26,19.73,0.7712,BLR
BLR,1969,both,0,72.9,72.9,72.9,18.76,0.7676000000000001,BLR
BLR,1970,both,0,72.36,72.36,72.36,19.21,0.7570999999999999,BLR
BLR,1971,both,0,73.02,73.02,73.02,16.49,0.7648999999999999,BLR
BLR,1972,both,0,72.73,72.73,72.73,16.22,0.7605,BLR
BLR,1973,both,0,72.75,72.75,72.75,16.52,0.7628,BLR
BLR,1974,both,0,73.07,73.07,73.07,16.66,0.7612000000000001,BLR
BLR,1975,both,0,72.11,72.11,72.11,18.61,0.7487999999999999,BLR
BLR,1976,both,0,71.97,71.97,71.97,17.97,0.7436,BLR
BLR,1977,both,0,71.91,71.91,71.91,17.21,0.7412000000000001,BLR
BLR,1978,both,0,71.75,71.75,71.75,17.6,0.7354,BLR
BLR,1979,both,0,71.35,71.35,71.35,16.65,0.7306999999999999,BLR
BLR,1980,both,0,71.1,71.1,71.1,16.2,0.7269,BLR
BLR,1981,both,0,71.38,71.38,71.38,16.48,0.7273999999999999,BLR
BLR,1982,both,0,71.51,71.51,71.51,15.72,0.7268000000000001,BLR
BLR,1983,both,0,71.33,71.33,71.33,15.06,0.7240000000000001,BLR
BLR,1984,both,0,70.72,70.72,70.72,15.01,0.711,BLR
BLR,1985,both,0,70.97,70.97,70.97,14.16,0.7238,BLR
BLR,1986,both,0,72.31,72.31,72.31,13.65,0.7484999999999999,BLR
BLR,1987,both,0,72.19,72.19,72.19,13.28,0.7448999999999999,BLR
BLR,1988,both,0,71.97,71.97,71.97,12.72,0.741,BLR
BLR,1989,both,0,71.76,71.76,71.76,11.41,0.728,BLR
BLR,1990,both,0,71.21,71.21,71.21,11.54,0.7193,BLR
BLR,1991,both,0,70.62,70.62,70.62,11.96,0.708,BLR
BLR,1992,both,0,70.21,70.21,70.21,12.17,0.6945,BLR
BLR,1993,both,0,69.11,69.11,69.11,12.13,0.6693000000000001,BLR
BLR,1994,both,0,68.87,68.87,68.87,12.98,0.6654000000000001,BLR
BLR,1995,both,0,68.43,68.43,68.43,12.96,0.6517000000000001,BLR
BLR,1996,both,0,68.6,68.6,68.6,12.38,0.6548999999999999,BLR
BLR,1997,both,0,68.41,68.41,68.41,12.0,0.6513,BLR
BLR,1998,both,0,68.3,68.3,68.3,11.5,0.647,BLR
BLR,1999,both,0,67.91,67.91,67.91,11.4,0.6406999999999999,BLR
BLR,2000,both,0,68.89,68.89,68.89,9.42,0.6609,BLR
BLR,2001,both,0,68.46,68.46,68.46,9.01,0.6475,BLR
BLR,2002,both,0,67.95,67.95,67.95,7.75,0.6329,BLR
BLR,2003,both,0,68.47,68.47,68.47,7.71,0.6437,BLR
BLR,2004,both,0,68.89,68.89,68.89,6.95,0.6515000000000001,BLR
BLR,2005,both,0,68.7,68.7,68.7,7.17,0.6462,BLR
BLR,2006,both,0,69.32,69.32,69.32,6.35,0.6612,BLR
BLR,2007,both,0,70.22,70.22,70.22,5.36,0.6819,BLR
BLR,2008,both,0,70.4,70.4,70.4,4.62,0.6816,BLR
BLR,2009,both,0,70.45,70.45,70.45,4.7,0.6842,BLR
BLR,2010,both,0,70.45,70.45,70.45,3.96,0.6831,BLR
BLR,2011,both,0,70.65,70.65,70.65,3.91,0.6801,BLR
BLR,2012,both,0,72.19,72.19,72.19,3.42,0.7234999999999999,BLR
BLR,2013,both,0,72.65,72.65,72.65,3.45,0.7341,BLR
BLR,2014,both,0,73.24,73.24,73.24,3.43,0.7456,BLR
BLR,2015,both,0,73.88,73.88,73.88,2.97,0.7595000000000001,BLR
BLR,2016,both,0,74.15,74.15,74.15,3.1,0.767,BLR
BLR,2017,both,0,74.42,74.42,74.42,3.01,0.7720999999999999,BLR
BLR,2018,both,0,74.48,74.48,74.48,2.41,0.7698,BLR
CAN,1921,both,0,57.1,57.1,57.1,112.69,0.5529,Canada
CAN,1922,both,0,57.08,57.08,57.08,112.98,0.5543,Canada
CAN,1923,both,0,56.96,56.96,56.96,109.8,0.551,Canada
CAN,1924,both,0,58.75,58.75,58.75,100.48,0.5767,Canada
CAN,1925,both,0,59.26,59.26,59.26,97.65,0.5849,Canada
CAN,1926,both,0,57.95,57.95,57.95,103.13,0.5685,Canada
CAN,1927,both,0,58.61,58.61,58.61,97.59,0.5729,Canada
CAN,1928,both,0,58.55,58.55,58.55,94.73,0.5684,Canada
CAN,1929,both,0,57.94,57.94,57.94,98.15,0.562,Canada
CAN,1930,both,0,58.96,58.96,58.96,98.97,0.5774,Canada
CAN,1931,both,0,60.27,60.27,60.27,94.27,0.5934,Canada
CAN,1932,both,0,61.34,61.34,61.34,80.2,0.6072,Canada
CAN,1933,both,0,62.28,62.28,62.28,75.39,0.6187,Canada
CAN,1934,both,0,62.62,62.62,62.62,74.13,0.6207,Canada
CAN,1935,both,0,62.4,62.4,62.4,72.5,0.6184000000000001,Canada
CAN,1936,both,0,62.65,62.65,62.65,68.36,0.6197,Canada
CAN,1937,both,0,61.27,61.27,61.27,80.22,0.6032,Canada
CAN,1938,both,0,63.24,63.24,63.24,69.98,0.6322,Canada
CAN,1939,both,0,63.7,63.7,63.7,65.53,0.6386999999999999,Canada
CAN,1940,both,0,63.91,63.91,63.91,64.04,0.6409,Canada
CAN,1941,both,0,63.74,63.74,63.74,65.35,0.6391,Canada
CAN,1942,both,0,64.61,64.61,64.61,59.39,0.6493000000000001,Canada
CAN,1943,both,0,64.57,64.57,64.57,57.4,0.6498999999999999,Canada
CAN,1944,both,0,65.28,65.28,65.28,56.2,0.6611,Canada
CAN,1945,both,0,66.26,66.26,66.26,51.36,0.6729,Canada
CAN,1946,both,0,66.41,66.41,66.41,51.88,0.6766,Canada
CAN,1947,both,0,66.79,66.79,66.79,50.22,0.6801,Canada
CAN,1948,both,0,67.25,67.25,67.25,45.61,0.6848000000000001,Canada
CAN,1949,both,0,67.59,67.59,67.59,43.93,0.6912,Canada
CAN,1950,both,0,68.21,68.21,68.21,41.58,0.701,Canada
CAN,1951,both,0,68.51,68.51,68.51,38.39,0.7047,Canada
CAN,1952,both,0,68.68,68.68,68.68,39.87,0.7056,Canada
CAN,1953,both,0,69.07,69.07,69.07,37.94,0.713,Canada
CAN,1954,both,0,69.94,69.94,69.94,34.98,0.7264,Canada
CAN,1955,both,0,70.0,70.0,70.0,34.43,0.7306,Canada
CAN,1956,both,0,69.97,69.97,69.97,35.08,0.7295,Canada
CAN,1957,both,0,69.92,69.92,69.92,33.48,0.7248,Canada
CAN,1958,both,0,70.57,70.57,70.57,31.3,0.7358,Canada
CAN,1959,both,0,70.61,70.61,70.61,29.14,0.7384000000000001,Canada
CAN,1960,both,0,70.98,70.98,70.98,27.74,0.7419,Canada
CAN,1961,both,0,71.22,71.22,71.22,27.13,0.7467,Canada
CAN,1962,both,0,71.24,71.24,71.24,27.31,0.7461,Canada
CAN,1963,both,0,71.27,71.27,71.27,25.98,0.7464,Canada
CAN,1964,both,0,71.64,71.64,71.64,24.39,0.7484999999999999,Canada
CAN,1965,both,0,71.75,71.75,71.75,22.5,0.7515000000000001,Canada
CAN,1966,both,0,71.87,71.87,71.87,22.13,0.7523000000000001,Canada
CAN,1967,both,0,72.09,72.09,72.09,21.33,0.7537999999999999,Canada
CAN,1968,both,0,72.24,72.24,72.24,20.52,0.7587,Canada
CAN,1969,both,0,72.4,72.4,72.4,19.58,0.7598999999999999,Canada
CAN,1970,both,0,72.61,72.61,72.61,19.12,0.7620999999999999,Canada
CAN,1971,both,0,72.95,72.95,72.95,17.33,0.7679,Canada
CAN,1972,both,0,72.83,72.83,72.83,16.89,0.7661,Canada
CAN,1973,both,0,73.07,73.07,73.07,15.36,0.7676000000000001,Canada
CAN,1974,both,0,73.15,73.15,73.15,15.07,0.7702,Canada
CAN,1975,both,0,73.45,73.45,73.45,14.39,0.7742,Canada
CAN,1976,both,0,73.87,73.87,73.87,13.04,0.7809,Canada
CAN,1977,both,0,74.16,74.16,74.16,12.6,0.7829,Canada
CAN,1978,both,0,74.48,74.48,74.48,12.0,0.7879,Canada
CAN,1979,both,0,74.84,74.84,74.84,11.04,0.7931,Canada
CAN,1980,both,0,75.07,75.07,75.07,10.58,0.7998000000000001,Canada
CAN,1981,both,0,75.48,75.48,75.48,9.63,0.8049,Canada
CAN,1982,both,0,75.69,75.69,75.69,9.24,0.8108,Canada
CAN,1983,both,0,76.07,76.07,76.07,8.57,0.8173999999999999,Canada
CAN,1984,both,0,76.36,76.36,76.36,8.21,0.8209000000000001,Canada
CAN,1985,both,0,76.35,76.35,76.35,7.98,0.8226,Canada
CAN,1986,both,0,76.49,76.49,76.49,7.88,0.8254,Canada
CAN,1987,both,0,76.8,76.8,76.8,7.27,0.8289,Canada
CAN,1988,both,0,76.86,76.86,76.86,7.24,0.8318000000000001,Canada
CAN,1989,both,0,77.12,77.12,77.12,7.22,0.8349,Canada
CAN,1990,both,0,77.43,77.43,77.43,6.85,0.8392000000000001,Canada
CAN,1991,both,0,77.59,77.59,77.59,6.33,0.8423999999999999,Canada
CAN,1992,both,0,77.85,77.85,77.85,6.01,0.8443,Canada
CAN,1993,both,0,77.72,77.72,77.72,6.2,0.8456999999999999,Canada
CAN,1994,both,0,77.9,77.9,77.9,6.23,0.8479000000000001,Canada
CAN,1995,both,0,78.02,78.02,78.02,6.04,0.851,Canada
CAN,1996,both,0,78.27,78.27,78.27,5.47,0.8553000000000001,Canada
CAN,1997,both,0,78.47,78.47,78.47,5.35,0.8593999999999999,Canada
CAN,1998,both,0,78.68,78.68,78.68,5.21,0.8637,Canada
CAN,1999,both,0,78.88,78.88,78.88,5.21,0.8659,Canada
CAN,2000,both,0,79.23,79.23,79.23,5.11,0.8684999999999999,Canada
CAN,2001,both,0,79.45,79.45,79.45,5.26,0.8714,Canada
CAN,2002,both,0,79.57,79.57,79.57,5.35,0.8724,Canada
CAN,2003,both,0,79.74,79.74,79.74,5.31,0.8737999999999999,Canada
CAN,2004,both,0,80.03,80.03,80.03,5.24,0.8768,Canada
CAN,2005,both,0,80.13,80.13,80.13,5.44,0.878,Canada
CAN,2006,both,0,80.54,80.54,80.54,5.09,0.8815999999999999,Canada
CAN,2007,both,0,80.54,80.54,80.54,5.21,0.8822,Canada
CAN,2008,both,0,80.73,80.73,80.73,5.12,0.8835999999999999,Canada
CAN,2009,both,0,81.06,81.06,81.06,4.94,0.8867,Canada
CAN,2010,both,0,81.33,81.33,81.33,5.02,0.8896999999999999,Canada
CAN,2011,both,0,81.5,81.5,81.5,4.88,0.8917,Canada
CAN,2012,both,0,81.69,81.69,81.69,4.79,0.8924,Canada
CAN,2013,both,0,81.77,81.77,81.77,4.92,0.8935,Canada
CAN,2014,both,0,81.82,81.82,81.82,4.68,0.8933,Canada
CAN,2015,both,0,81.89,81.89,81.89,4.53,0.8939,Canada
CAN,2016,both,0,82.01,82.01,82.01,4.53,0.8931999999999999,Canada
CAN,2017,both,0,81.88,81.88,81.88,4.54,0.8919,Canada
CAN,2018,both,0,81.89,81.89,81.89,4.76,0.8919,Canada
CAN,2019,both,0,82.25,82.25,82.25,4.43,0.8959,Canada
CAN,2020,both,0,81.61,81.61,81.61,4.45,0.8862000000000001,Canada
CAN,2021,both,0,81.53,81.53,81.53,4.47,0.8815999999999999,Canada
CAN,2022,both,0,81.19,81.19,81.19,4.7,0.8818,Canada
CAN,2023,both,0,81.75,81.75,81.75,4.58,0.8856,Canada
CHE,1876,both,0,40.19,40.19,40.19,215.9,0.2846,Switzerland
CHE,1877,both,0,39.99,39.99,39.99,209.78,0.3006,Switzerland
CHE,1878,both,0,40.57,40.57,40.57,205.93,0.3046999999999999,Switzerland
CHE,1879,both,0,41.83,41.83,41.83,198.15,0.31,Switzerland
CHE,1880,both,0,42.47,42.47,42.47,187.04,0.3234,Switzerland
CHE,1881,both,0,41.94,41.94,41.94,187.21,0.3197,Switzerland
CHE,1882,both,0,43.02,43.02,43.02,170.79,0.3228,Switzerland
CHE,1883,both,0,45.02,45.02,45.02,164.46,0.3457,Switzerland
CHE,1884,both,0,45.07,45.07,45.07,161.08,0.3497999999999999,Switzerland
CHE,1885,both,0,43.92,43.92,43.92,169.23,0.3324,Switzerland
CHE,1886,both,0,44.75,44.75,44.75,164.35,0.3414999999999999,Switzerland
CHE,1887,both,0,45.46,45.46,45.46,165.04,0.3519,Switzerland
CHE,1888,both,0,46.0,46.0,46.0,154.49,0.3553,Switzerland
CHE,1889,both,0,45.18,45.18,45.18,157.72,0.3522,Switzerland
CHE,1890,both,0,45.01,45.01,45.01,153.13,0.3363,Switzerland
CHE,1891,both,0,44.81,44.81,44.81,164.57,0.352,Switzerland
CHE,1892,both,0,47.2,47.2,47.2,149.65,0.3759,Switzerland
CHE,1893,both,0,46.08,46.08,46.08,151.9,0.3572999999999999,Switzerland
CHE,1894,both,0,45.85,45.85,45.85,150.34,0.3566,Switzerland
CHE,1895,both,0,46.93,46.93,46.93,158.08,0.3704,Switzerland
CHE,1896,both,0,48.87,48.87,48.87,136.17,0.3947,Switzerland
CHE,1897,both,0,49.1,49.1,49.1,141.62,0.4035,Switzerland
CHE,1898,both,0,48.26,48.26,48.26,153.36,0.3962,Switzerland
CHE,1899,both,0,49.31,49.31,49.31,139.93,0.4058,Switzerland
CHE,1900,both,0,47.59,47.59,47.59,148.23,0.3785,Switzerland
CHE,1901,both,0,48.97,48.97,48.97,139.19,0.3992,Switzerland
CHE,1902,both,0,50.44,50.44,50.44,131.01,0.4201,Switzerland
CHE,1903,both,0,50.08,50.08,50.08,130.93,0.4093,Switzerland
CHE,1904,both,0,49.23,49.23,49.23,138.84,0.406,Switzerland
CHE,1905,both,0,49.69,49.69,49.69,128.9,0.4027,Switzerland
CHE,1906,both,0,50.75,50.75,50.75,126.54,0.4235,Switzerland
CHE,1907,both,0,51.19,51.19,51.19,119.94,0.4261999999999999,Switzerland
CHE,1908,both,0,52.29,52.29,52.29,109.24,0.4359,Switzerland
CHE,1909,both,0,51.65,51.65,51.65,114.78,0.4313,Switzerland
CHE,1910,both,0,52.93,52.93,52.93,106.08,0.4522,Switzerland
CHE,1911,both,0,51.77,51.77,51.77,120.51,0.439,Switzerland
CHE,1912,both,0,54.4,54.4,54.4,95.69,0.4724,Switzerland
CHE,1913,both,0,54.23,54.23,54.23,94.81,0.4688,Switzerland
CHE,1914,both,0,55.11,55.11,55.11,91.35,0.4836,Switzerland
CHE,1915,both,0,55.91,55.91,55.91,85.33,0.4966,Switzerland
CHE,1916,both,0,56.52,56.52,56.52,79.18,0.5043,Switzerland
CHE,1917,both,0,55.77,55.77,55.77,78.06,0.4877,Switzerland
CHE,1918,both,0,46.3,46.3,46.3,88.92,0.3390999999999999,Switzerland
CHE,1919,both,0,54.83,54.83,54.83,84.09,0.4818,Switzerland
CHE,1920,both,0,54.5,54.5,54.5,85.24,0.4750999999999999,Switzerland
CHE,1921,both,0,57.77,57.77,57.77,74.41,0.5278,Switzerland
CHE,1922,both,0,58.48,58.48,58.48,67.27,0.5356000000000001,Switzerland
CHE,1923,both,0,59.98,59.98,59.98,60.49,0.5568,Switzerland
CHE,1924,both,0,59.47,59.47,59.47,60.81,0.5418999999999999,Switzerland
CHE,1925,both,0,59.91,59.91,59.91,58.0,0.5561,Switzerland
CHE,1926,both,0,60.59,60.59,60.59,56.08,0.568,Switzerland
CHE,1927,both,0,60.09,60.09,60.09,54.79,0.5585,Switzerland
CHE,1928,both,0,60.43,60.43,60.43,53.33,0.5685,Switzerland
CHE,1929,both,0,60.14,60.14,60.14,51.85,0.5566,Switzerland
CHE,1930,both,0,61.4,61.4,61.4,51.03,0.5801,Switzerland
CHE,1931,both,0,61.23,61.23,61.23,48.23,0.5769,Switzerland
CHE,1932,both,0,61.2,61.2,61.2,50.68,0.5791,Switzerland
CHE,1933,both,0,62.37,62.37,62.37,47.32,0.5986,Switzerland
CHE,1934,both,0,62.83,62.83,62.83,45.66,0.6074,Switzerland
CHE,1935,both,0,62.13,62.13,62.13,46.81,0.5982,Switzerland
CHE,1936,both,0,63.14,63.14,63.14,46.06,0.6144,Switzerland
CHE,1937,both,0,63.48,63.48,63.48,45.74,0.6259,Switzerland
CHE,1938,both,0,63.83,63.83,63.83,42.73,0.6297999999999999,Switzerland
CHE,1939,both,0,63.98,63.98,63.98,42.34,0.6297999999999999,Switzerland
CHE,1940,both,0,63.54,63.54,63.54,46.03,0.6318,Switzerland
CHE,1941,both,0,64.91,64.91,64.91,43.96,0.6507999999999999,Switzerland
CHE,1942,both,0,65.63,65.63,65.63,39.58,0.6648999999999999,Switzerland
CHE,1943,both,0,65.82,65.82,65.82,40.24,0.6689,Switzerland
CHE,1944,both,0,64.86,64.86,64.86,42.27,0.6527,Switzerland
CHE,1945,both,0,65.38,65.38,65.38,41.22,0.6628000000000001,Switzerland
CHE,1946,both,0,66.06,66.06,66.06,39.01,0.6740999999999999,Switzerland
CHE,1947,both,0,66.23,66.23,66.23,38.87,0.6790999999999999,Switzerland
CHE,1948,both,0,67.31,67.31,67.31,35.79,0.6933,Switzerland
CHE,1949,both,0,67.95,67.95,67.95,33.73,0.7071,Switzerland
CHE,1950,both,0,68.91,68.91,68.91,31.05,0.7188,Switzerland
CHE,1951,both,0,68.69,68.69,68.69,29.3,0.7181000000000001,Switzerland
CHE,1952,both,0,69.59,69.59,69.59,29.1,0.7336,Switzerland
CHE,1953,both,0,69.52,69.52,69.52,28.99,0.7340000000000001,Switzerland
CHE,1954,both,0,69.98,69.98,69.98,26.77,0.7402,Switzerland
CHE,1955,both,0,70.07,70.07,70.07,26.0,0.7424,Switzerland
CHE,1956,both,0,70.2,70.2,70.2,25.42,0.746,Switzerland
CHE,1957,both,0,70.54,70.54,70.54,22.74,0.7484999999999999,Switzerland
CHE,1958,both,0,71.29,71.29,71.29,21.78,0.7606,Switzerland
CHE,1959,both,0,71.45,71.45,71.45,21.88,0.763,Switzerland
CHE,1960,both,0,71.41,71.41,71.41,21.19,0.7642,Switzerland
CHE,1961,both,0,71.74,71.74,71.74,21.52,0.7652,Switzerland
CHE,1962,both,0,71.3,71.3,71.3,21.72,0.7620999999999999,Switzerland
CHE,1963,both,0,71.29,71.29,71.29,20.91,0.7631,Switzerland
CHE,1964,both,0,72.18,72.18,72.18,19.42,0.7741,Switzerland
CHE,1965,both,0,72.32,72.32,72.32,17.7,0.7792,Switzerland
CHE,1966,both,0,72.45,72.45,72.45,16.96,0.7817000000000001,Switzerland
CHE,1967,both,0,72.74,72.74,72.74,17.49,0.7855,Switzerland
CHE,1968,both,0,72.7,72.7,72.7,16.14,0.7851,Switzerland
CHE,1969,both,0,72.72,72.72,72.72,15.58,0.7844,Switzerland
CHE,1970,both,0,73.12,73.12,73.12,15.33,0.7907,Switzerland
CHE,1971,both,0,73.24,73.24,73.24,14.22,0.7922,Switzerland
CHE,1972,both,0,73.76,73.76,73.76,13.03,0.7996,Switzerland
CHE,1973,both,0,74.06,74.06,74.06,13.11,0.8049,Switzerland
CHE,1974,both,0,74.4,74.4,74.4,12.54,0.8107,Switzerland
CHE,1975,both,0,74.79,74.79,74.79,10.61,0.8146,Switzerland
CHE,1976,both,0,74.91,74.91,74.91,10.81,0.8162999999999999,Switzerland
CHE,1977,both,0,75.36,75.36,75.36,9.79,0.8210999999999999,Switzerland
CHE,1978,both,0,75.31,75.31,75.31,8.58,0.8194,Switzerland
CHE,1979,both,0,75.61,75.61,75.61,8.59,0.8218000000000001,Switzerland
CHE,1980,both,0,75.59,75.59,75.59,9.21,0.8231999999999999,Switzerland
CHE,1981,both,0,75.82,75.82,75.82,7.54,0.8255,Switzerland
CHE,1982,both,0,76.16,76.16,76.16,7.69,0.8303,Switzerland
CHE,1983,both,0,76.16,76.16,76.16,7.48,0.8319,Switzerland
CHE,1984,both,0,76.75,76.75,76.75,7.2,0.8365,Switzerland
CHE,1985,both,0,76.88,76.88,76.88,6.88,0.8406999999999999,Switzerland
CHE,1986,both,0,77.04,77.04,77.04,6.93,0.8437,Switzerland
CHE,1987,both,0,77.34,77.34,77.34,6.91,0.8467,Switzerland
CHE,1988,both,0,77.37,77.37,77.37,7.02,0.8467,Switzerland
CHE,1989,both,0,77.56,77.56,77.56,7.39,0.8495,Switzerland
CHE,1990,both,0,77.38,77.38,77.38,6.95,0.8488,Switzerland
CHE,1991,both,0,77.65,77.65,77.65,6.34,0.85,Switzerland
CHE,1992,both,0,77.95,77.95,77.95,6.43,0.8532,Switzerland
CHE,1993,both,0,78.24,78.24,78.24,5.48,0.8587,Switzerland
CHE,1994,both,0,78.5,78.5,78.5,5.16,0.8611,Switzerland
CHE,1995,both,0,78.57,78.57,78.57,5.06,0.8613,Switzerland
CHE,1996,both,0,79.05,79.05,79.05,4.73,0.8703,Switzerland
CHE,1997,both,0,79.23,79.23,79.23,4.73,0.8718,Switzerland
CHE,1998,both,0,79.48,79.48,79.48,4.76,0.8740000000000001,Switzerland
CHE,1999,both,0,79.73,79.73,79.73,4.61,0.8787,Switzerland
CHE,2000,both,0,79.84,79.84,79.84,4.93,0.8781,Switzerland
CHE,2001,both,0,80.25,80.25,80.25,4.86,0.8837,Switzerland
CHE,2002,both,0,80.44,80.44,80.44,4.54,0.8854000000000001,Switzerland
CHE,2003,both,0,80.53,80.53,80.53,4.28,0.8883,Switzerland
CHE,2004,both,0,81.05,81.05,81.05,4.31,0.8926000000000001,Switzerland
CHE,2005,both,0,81.23,81.23,81.23,4.24,0.895,Switzerland
CHE,2006,both,0,81.55,81.55,81.55,4.43,0.898,Switzerland
CHE,2007,both,0,81.7,81.7,81.7,4.01,0.8989,Switzerland
CHE,2008,both,0,81.97,81.97,81.97,4.05,0.9025,Switzerland
CHE,2009,both,0,81.99,81.99,81.99,4.38,0.9039,Switzerland
CHE,2010,both,0,82.29,82.29,82.29,3.91,0.9066,Switzerland
CHE,2011,both,0,82.57,82.57,82.57,3.85,0.9104,Switzerland
CHE,2012,both,0,82.62,82.62,82.62,3.79,0.9105,Switzerland
CHE,2013,both,0,82.69,82.69,82.69,3.95,0.912,Switzerland
CHE,2014,both,0,83.08,83.08,83.08,4.05,0.9165,Switzerland
CHE,2015,both,0,82.84,82.84,82.84,4.0,0.9156,Switzerland
CHE,2016,both,0,83.45,83.45,83.45,3.56,0.9204,Switzerland
CHE,2017,both,0,83.41,83.41,83.41,3.6,0.9211,Switzerland
CHE,2018,both,0,83.57,83.57,83.57,3.33,0.9213,Switzerland
CHE,2019,both,0,83.78,83.78,83.78,3.3,0.9255,Switzerland
CHE,2020,both,0,83.06,83.06,83.06,3.69,0.9231,Switzerland
CHE,2021,both,0,83.65,83.65,83.65,3.24,0.9232,Switzerland
CHE,2022,both,0,83.53,83.53,83.53,3.67,0.9245,Switzerland
CHE,2023,both,0,84.06,84.06,84.06,3.32,0.9296,Switzerland
CHL,1992,both,0,74.5,74.5,74.5,14.87,0.7981999999999999,CHL
CHL,1993,both,0,74.56,74.56,74.56,13.6,0.799,CHL
CHL,1994,both,0,75.03,75.03,75.03,12.6,0.8003,CHL
CHL,1995,both,0,74.95,74.95,74.95,11.46,0.7968999999999999,CHL
CHL,1996,both,0,75.24,75.24,75.24,11.71,0.8038,CHL
CHL,1997,both,0,75.82,75.82,75.82,10.38,0.8144,CHL
CHL,1998,both,0,75.94,75.94,75.94,10.88,0.8181999999999999,CHL
CHL,1999,both,0,76.13,76.13,76.13,10.5,0.8254,CHL
CHL,2000,both,0,76.86,76.86,76.86,9.6,0.8315,CHL
CHL,2001,both,0,76.74,76.74,76.74,9.07,0.8269,CHL
CHL,2002,both,0,77.28,77.28,77.28,8.56,0.8348,CHL
CHL,2003,both,0,77.36,77.36,77.36,8.26,0.8343,CHL
CHL,2004,both,0,77.42,77.42,77.42,8.78,0.8390000000000001,CHL
CHL,2005,both,0,77.83,77.83,77.83,8.3,0.8445999999999999,CHL
CHL,2006,both,0,78.26,78.26,78.26,7.93,0.8482,CHL
CHL,2007,both,0,77.75,77.75,77.75,8.51,0.8434,CHL
CHL,2008,both,0,78.39,78.39,78.39,8.0,0.8473,CHL
CHL,2009,both,0,78.6,78.6,78.6,8.01,0.8499,CHL
CHL,2010,both,0,78.41,78.41,78.41,7.41,0.8513,CHL
CHL,2011,both,0,79.09,79.09,79.09,7.66,0.857,CHL
CHL,2012,both,0,79.13,79.13,79.13,7.33,0.862,CHL
CHL,2013,both,0,79.36,79.36,79.36,7.01,0.8611,CHL
CHL,2014,both,0,79.5,79.5,79.5,7.43,0.8641,CHL
CHL,2015,both,0,79.74,79.74,79.74,6.78,0.8647,CHL
CHL,2016,both,0,80.04,80.04,80.04,6.94,0.8687999999999999,CHL
CHL,2017,both,0,80.23,80.23,80.23,7.04,0.8723000000000001,CHL
CHL,2018,both,0,80.53,80.53,80.53,6.73,0.8742,CHL
CHL,2019,both,0,80.61,80.61,80.61,6.3,0.8739,CHL
CHL,2020,both,0,79.47,79.47,79.47,5.43,0.8595999999999999,CHL
CHL,2021,both,0,78.72,78.72,78.72,5.68,0.8469,CHL
CHL,2022,both,0,79.25,79.25,79.25,6.09,0.8622,CHL
CHL,2023,both,0,80.59,80.59,80.59,6.33,0.8729,CHL
CZE,1950,both,0,64.4,64.4,64.4,64.87,0.6527,CZE
CZE,1951,both,0,65.26,65.26,65.26,56.51,0.6637000000000001,CZE
CZE,1952,both,0,66.86,66.86,66.86,44.11,0.6881,CZE
CZE,1953,both,0,67.55,67.55,67.55,34.24,0.6981,CZE
CZE,1954,both,0,68.05,68.05,68.05,29.76,0.7053,CZE
CZE,1955,both,0,68.98,68.98,68.98,27.47,0.7170000000000001,CZE
CZE,1956,both,0,69.37,69.37,69.37,25.41,0.7240000000000001,CZE
CZE,1957,both,0,69.03,69.03,69.03,24.58,0.7204,CZE
CZE,1958,both,0,69.98,69.98,69.98,22.72,0.7384000000000001,CZE
CZE,1959,both,0,69.9,69.9,69.9,20.42,0.7343000000000001,CZE
CZE,1960,both,0,70.45,70.45,70.45,19.86,0.7414000000000001,CZE
CZE,1961,both,0,70.62,70.62,70.62,19.49,0.7465999999999999,CZE
CZE,1962,both,0,69.89,69.89,69.89,21.16,0.7362000000000001,CZE
CZE,1963,both,0,70.39,70.39,70.39,20.89,0.7417,CZE
CZE,1964,both,0,70.59,70.59,70.59,19.07,0.7441,CZE
CZE,1965,both,0,70.26,70.26,70.26,23.02,0.7414000000000001,CZE
CZE,1966,both,0,70.46,70.46,70.46,21.63,0.7440000000000001,CZE
CZE,1967,both,0,70.35,70.35,70.35,21.2,0.7406999999999999,CZE
CZE,1968,both,0,69.91,69.91,69.91,21.49,0.7328,CZE
CZE,1969,both,0,69.42,69.42,69.42,22.03,0.7219,CZE
CZE,1970,both,0,69.49,69.49,69.49,20.66,0.7229000000000001,CZE
CZE,1971,both,0,69.74,69.74,69.74,20.53,0.7276,CZE
CZE,1972,both,0,70.23,70.23,70.23,20.32,0.7351000000000001,CZE
CZE,1973,both,0,70.09,70.09,70.09,20.33,0.7352,CZE
CZE,1974,both,0,70.18,70.18,70.18,19.56,0.7363,CZE
CZE,1975,both,0,70.49,70.49,70.49,19.25,0.7419,CZE
CZE,1976,both,0,70.6,70.6,70.6,18.83,0.7434999999999999,CZE
CZE,1977,both,0,70.64,70.64,70.64,18.44,0.743,CZE
CZE,1978,both,0,70.71,70.71,70.71,16.93,0.7406999999999999,CZE
CZE,1979,both,0,70.82,70.82,70.82,15.51,0.7395999999999999,CZE
CZE,1980,both,0,70.34,70.34,70.34,15.79,0.7329000000000001,CZE
CZE,1981,both,0,70.77,70.77,70.77,14.96,0.737,CZE
CZE,1982,both,0,70.88,70.88,70.88,14.85,0.74,CZE
CZE,1983,both,0,70.64,70.64,70.64,14.32,0.7339,CZE
CZE,1984,both,0,70.9,70.9,70.9,14.02,0.7354,CZE
CZE,1985,both,0,71.1,71.1,71.1,12.43,0.7395999999999999,CZE
CZE,1986,both,0,71.05,71.05,71.05,12.19,0.7397,CZE
CZE,1987,both,0,71.51,71.51,71.51,11.88,0.7468,CZE
CZE,1988,both,0,71.71,71.71,71.71,11.16,0.7492,CZE
CZE,1989,both,0,71.76,71.76,71.76,9.79,0.7508,CZE
CZE,1990,both,0,71.41,71.41,71.41,11.02,0.7406,CZE
CZE,1991,both,0,71.97,71.97,71.97,10.19,0.7526999999999999,CZE
CZE,1992,both,0,72.33,72.33,72.33,9.7,0.7567,CZE
CZE,1993,both,0,72.85,72.85,72.85,8.45,0.769,CZE
CZE,1994,both,0,73.08,73.08,73.08,7.37,0.7731999999999999,CZE
CZE,1995,both,0,73.18,73.18,73.18,7.4,0.7759,CZE
CZE,1996,both,0,73.84,73.84,73.84,5.87,0.7847,CZE
CZE,1997,both,0,73.95,73.95,73.95,5.86,0.7862,CZE
CZE,1998,both,0,74.55,74.55,74.55,5.24,0.7979999999999999,CZE
CZE,1999,both,0,74.74,74.74,74.74,4.59,0.8001999999999999,CZE
CZE,2000,both,0,74.98,74.98,74.98,4.17,0.8045,CZE
CZE,2001,both,0,75.31,75.31,75.31,4.01,0.8105,CZE
CZE,2002,both,0,75.44,75.44,75.44,4.2,0.8128,CZE
CZE,2003,both,0,75.4,75.4,75.4,3.92,0.8115000000000001,CZE
CZE,2004,both,0,75.94,75.94,75.94,3.83,0.8193,CZE
CZE,2005,both,0,76.16,76.16,76.16,3.46,0.8227,CZE
CZE,2006,both,0,76.71,76.71,76.71,3.39,0.8286,CZE
CZE,2007,both,0,76.92,76.92,76.92,3.26,0.8311,CZE
CZE,2008,both,0,77.17,77.17,77.17,2.85,0.8331999999999999,CZE
CZE,2009,both,0,77.26,77.26,77.26,2.85,0.8377,CZE
CZE,2010,both,0,77.56,77.56,77.56,2.61,0.8414,CZE
CZE,2011,both,0,77.81,77.81,77.81,2.6,0.8454,CZE
CZE,2012,both,0,78.0,78.0,78.0,2.64,0.8493999999999999,CZE
CZE,2013,both,0,78.17,78.17,78.17,2.46,0.8536,CZE
CZE,2014,both,0,78.74,78.74,78.74,2.42,0.8613,CZE
CZE,2015,both,0,78.56,78.56,78.56,2.45,0.8619,CZE
CZE,2016,both,0,78.97,78.97,78.97,2.84,0.8659,CZE
CZE,2017,both,0,78.93,78.93,78.93,2.68,0.8654999999999999,CZE
CZE,2018,both,0,78.96,78.96,78.96,2.55,0.8658,CZE
CZE,2019,both,0,79.19,79.19,79.19,2.55,0.8678,CZE
CZE,2020,both,0,78.24,78.24,78.24,2.25,0.8621,CZE
CZE,2021,both,0,77.24,77.24,77.24,2.22,0.843,CZE
DNK,1835,both,0,38.42,38.42,38.42,184.85,0.2852,Denmark
DNK,1836,both,0,40.03,40.03,40.03,187.08,0.2959,Denmark
DNK,1837,both,0,41.53,41.53,41.53,173.79,0.3006,Denmark
DNK,1838,both,0,43.14,43.14,43.14,163.33,0.3215999999999999,Denmark
DNK,1839,both,0,41.91,41.91,41.91,176.6,0.322,Denmark
DNK,1840,both,0,41.1,41.1,41.1,182.64,0.3172,Denmark
DNK,1841,both,0,42.67,42.67,42.67,182.98,0.3328,Denmark
DNK,1842,both,0,42.54,42.54,42.54,182.35,0.3258,Denmark
DNK,1843,both,0,43.91,43.91,43.91,171.33,0.3364,Denmark
DNK,1844,both,0,44.08,44.08,44.08,171.31,0.3419,Denmark
DNK,1845,both,0,43.4,43.4,43.4,177.76,0.3447,Denmark
DNK,1846,both,0,40.44,40.44,40.44,205.75,0.3167,Denmark
DNK,1847,both,0,40.47,40.47,40.47,194.62,0.3122,Denmark
DNK,1848,both,0,40.82,40.82,40.82,185.97,0.3201,Denmark
DNK,1849,both,0,39.57,39.57,39.57,185.09,0.2923,Denmark
DNK,1850,both,0,43.52,43.52,43.52,172.45,0.3486999999999999,Denmark
DNK,1851,both,0,44.53,44.53,44.53,175.33,0.361,Denmark
DNK,1852,both,0,43.05,43.05,43.05,187.42,0.3475999999999999,Denmark
DNK,1853,both,0,38.57,38.57,38.57,191.84,0.2594,Denmark
DNK,1854,both,0,44.71,44.71,44.71,167.12,0.3681,Denmark
DNK,1855,both,0,46.15,46.15,46.15,124.96,0.3652,Denmark
DNK,1856,both,0,46.76,46.76,46.76,123.44,0.386,Denmark
DNK,1857,both,0,42.48,42.48,42.48,147.09,0.3379,Denmark
DNK,1858,both,0,40.02,40.02,40.02,141.81,0.3145,Denmark
DNK,1859,both,0,44.4,44.4,44.4,133.09,0.3624,Denmark
DNK,1860,both,0,45.08,45.08,45.08,133.25,0.3638,Denmark
DNK,1861,both,0,47.62,47.62,47.62,124.86,0.3959,Denmark
DNK,1862,both,0,47.59,47.59,47.59,128.74,0.3947,Denmark
DNK,1863,both,0,47.55,47.55,47.55,125.19,0.3989999999999999,Denmark
DNK,1864,both,0,40.2,40.2,40.2,150.2,0.307,Denmark
DNK,1865,both,0,39.8,39.8,39.8,146.35,0.3145,Denmark
DNK,1866,both,0,42.9,42.9,42.9,127.58,0.3558,Denmark
DNK,1867,both,0,44.92,44.92,44.92,129.69,0.3779999999999999,Denmark
DNK,1868,both,0,45.64,45.64,45.64,144.39,0.3829999999999999,Denmark
DNK,1869,both,0,46.1,46.1,46.1,124.32,0.3858,Denmark
DNK,1870,both,0,46.0,46.0,46.0,135.09,0.3824,Denmark
DNK,1871,both,0,46.08,46.08,46.08,128.82,0.3768999999999999,Denmark
DNK,1872,both,0,47.44,47.44,47.44,130.61,0.3917,Denmark
DNK,1873,both,0,47.5,47.5,47.5,126.45,0.3926,Denmark
DNK,1874,both,0,46.04,46.04,46.04,143.29,0.3751,Denmark
DNK,1875,both,0,44.48,44.48,44.48,154.62,0.3606,Denmark
DNK,1876,both,0,45.85,45.85,45.85,144.57,0.3851,Denmark
DNK,1877,both,0,47.36,47.36,47.36,129.27,0.405,Denmark
DNK,1878,both,0,47.57,47.57,47.57,135.67,0.4159,Denmark
DNK,1879,both,0,46.25,46.25,46.25,133.95,0.3878,Denmark
DNK,1880,both,0,44.79,44.79,44.79,152.91,0.38,Denmark
DNK,1881,both,0,48.28,48.28,48.28,123.02,0.4145,Denmark
DNK,1882,both,0,46.7,46.7,46.7,148.81,0.4086999999999999,Denmark
DNK,1883,both,0,48.51,48.51,48.51,136.65,0.4165999999999999,Denmark
DNK,1884,both,0,48.52,48.52,48.52,139.04,0.4196999999999999,Denmark
DNK,1885,both,0,49.62,49.62,49.62,120.65,0.4336,Denmark
DNK,1886,both,0,48.97,48.97,48.97,134.26,0.4253,Denmark
DNK,1887,both,0,48.67,48.67,48.67,129.7,0.4299,Denmark
DNK,1888,both,0,46.69,46.69,46.69,137.26,0.4073,Denmark
DNK,1889,both,0,47.81,47.81,47.81,142.27,0.4160999999999999,Denmark
DNK,1890,both,0,47.27,47.27,47.27,134.67,0.4086,Denmark
DNK,1891,both,0,46.78,46.78,46.78,134.93,0.3987,Denmark
DNK,1892,both,0,47.4,47.4,47.4,135.83,0.4122,Denmark
DNK,1893,both,0,47.08,47.08,47.08,150.22,0.4128,Denmark
DNK,1894,both,0,49.38,49.38,49.38,133.36,0.4448,Denmark
DNK,1895,both,0,50.86,50.86,50.86,135.5,0.4602,Denmark
DNK,1896,both,0,52.92,52.92,52.92,125.97,0.4869,Denmark
DNK,1897,both,0,51.8,51.8,51.8,127.32,0.4685,Denmark
DNK,1898,both,0,53.11,53.11,53.11,123.6,0.4891,Denmark
DNK,1899,both,0,50.67,50.67,50.67,150.53,0.4594,Denmark
DNK,1900,both,0,51.9,51.9,51.9,128.21,0.4667,Denmark
DNK,1901,both,0,52.66,52.66,52.66,133.26,0.4845,Denmark
DNK,1902,both,0,54.68,54.68,54.68,114.19,0.5075999999999999,Denmark
DNK,1903,both,0,54.83,54.83,54.83,113.75,0.5081,Denmark
DNK,1904,both,0,55.7,55.7,55.7,112.55,0.521,Denmark
DNK,1905,both,0,54.37,54.37,54.37,119.58,0.5012,Denmark
DNK,1906,both,0,56.47,56.47,56.47,110.81,0.5338,Denmark
DNK,1907,both,0,56.1,56.1,56.1,107.6,0.5277000000000001,Denmark
DNK,1908,both,0,54.96,54.96,54.96,122.51,0.5169,Denmark
DNK,1909,both,0,57.36,57.36,57.36,98.1,0.5432,Denmark
DNK,1910,both,0,58.04,58.04,58.04,99.74,0.5538000000000001,Denmark
DNK,1911,both,0,56.96,56.96,56.96,103.11,0.5382,Denmark
DNK,1912,both,0,58.01,58.01,58.01,93.27,0.5547,Denmark
DNK,1913,both,0,58.88,58.88,58.88,91.3,0.5694,Denmark
DNK,1914,both,0,58.46,58.46,58.46,97.73,0.56,Denmark
DNK,1915,both,0,58.4,58.4,58.4,92.1,0.5583,Denmark
DNK,1916,both,0,56.91,56.91,56.91,99.96,0.5414,Denmark
DNK,1917,both,0,57.25,57.25,57.25,97.83,0.5489,Denmark
DNK,1918,both,0,56.22,56.22,56.22,75.62,0.5182,Denmark
DNK,1919,both,0,56.88,56.88,56.88,89.64,0.5374,Denmark
DNK,1920,both,0,57.71,57.71,57.71,91.31,0.5553,Denmark
DNK,1921,both,0,61.66,61.66,61.66,76.05,0.6131,Denmark
DNK,1922,both,0,60.64,60.64,60.64,81.61,0.5957,Denmark
DNK,1923,both,0,61.15,61.15,61.15,83.49,0.6102000000000001,Denmark
DNK,1924,both,0,61.09,61.09,61.09,83.81,0.6088,Denmark
DNK,1925,both,0,61.91,61.91,61.91,78.19,0.62,Denmark
DNK,1926,both,0,61.67,61.67,61.67,82.81,0.6145,Denmark
DNK,1927,both,0,61.19,61.19,61.19,80.91,0.611,Denmark
DNK,1928,both,0,61.84,61.84,61.84,81.01,0.6192,Denmark
DNK,1929,both,0,61.96,61.96,61.96,80.06,0.6234000000000001,Denmark
DNK,1930,both,0,62.22,62.22,62.22,80.96,0.6236,Denmark
DNK,1931,both,0,61.87,61.87,61.87,79.08,0.6204999999999999,Denmark
DNK,1932,both,0,62.69,62.69,62.69,72.04,0.6329,Denmark
DNK,1933,both,0,63.58,63.58,63.58,66.65,0.6386,Denmark
DNK,1934,both,0,64.09,64.09,64.09,65.15,0.6476000000000001,Denmark
DNK,1935,both,0,62.88,62.88,62.88,70.27,0.6365999999999999,Denmark
DNK,1936,both,0,63.44,63.44,63.44,67.89,0.6431,Denmark
DNK,1937,both,0,63.94,63.94,63.94,66.15,0.6492,Denmark
DNK,1938,both,0,64.99,64.99,64.99,58.71,0.6638,Denmark
DNK,1939,both,0,65.8,65.8,65.8,57.61,0.6778,Denmark
DNK,1940,both,0,66.27,66.27,66.27,50.34,0.6879000000000001,Denmark
DNK,1941,both,0,65.95,65.95,65.95,55.42,0.6838,Denmark
DNK,1942,both,0,67.12,67.12,67.12,49.3,0.7006,Denmark
DNK,1943,both,0,67.43,67.43,67.43,45.81,0.7056999999999999,Denmark
DNK,1944,both,0,66.39,66.39,66.39,48.76,0.6893,Denmark
DNK,1945,both,0,66.08,66.08,66.08,48.63,0.6809000000000001,Denmark
DNK,1946,both,0,67.24,67.24,67.24,45.13,0.6999,Denmark
DNK,1947,both,0,68.54,68.54,68.54,39.22,0.7212000000000001,Denmark
DNK,1948,both,0,70.09,70.09,70.09,34.02,0.7441,Denmark
DNK,1949,both,0,70.12,70.12,70.12,33.31,0.7481,Denmark
DNK,1950,both,0,70.31,70.31,70.31,30.43,0.7524,Denmark
DNK,1951,both,0,70.92,70.92,70.92,28.24,0.7595999999999999,Denmark
DNK,1952,both,0,70.76,70.76,70.76,29.07,0.7598,Denmark
DNK,1953,both,0,71.17,71.17,71.17,27.08,0.7665000000000001,Denmark
DNK,1954,both,0,71.34,71.34,71.34,26.54,0.7681,Denmark
DNK,1955,both,0,71.92,71.92,71.92,25.23,0.7746999999999999,Denmark
DNK,1956,both,0,72.04,72.04,72.04,24.89,0.7755,Denmark
DNK,1957,both,0,71.81,71.81,71.81,23.1,0.7741,Denmark
DNK,1958,both,0,72.24,72.24,72.24,22.3,0.7809,Denmark
DNK,1959,both,0,72.22,72.22,72.22,22.27,0.7806000000000001,Denmark
DNK,1960,both,0,72.2,72.2,72.2,21.96,0.7807999999999999,Denmark
DNK,1961,both,0,72.45,72.45,72.45,21.94,0.7842,Denmark
DNK,1962,both,0,72.35,72.35,72.35,20.05,0.7809,Denmark
DNK,1963,both,0,72.42,72.42,72.42,19.72,0.7806000000000001,Denmark
DNK,1964,both,0,72.51,72.51,72.51,18.75,0.7812,Denmark
DNK,1965,both,0,72.39,72.39,72.39,18.97,0.7778,Denmark
DNK,1966,both,0,72.47,72.47,72.47,17.15,0.7817000000000001,Denmark
DNK,1967,both,0,72.95,72.95,72.95,15.0,0.7818,Denmark
DNK,1968,both,0,73.15,73.15,73.15,15.67,0.7861,Denmark
DNK,1969,both,0,73.25,73.25,73.25,14.53,0.7859999999999999,Denmark
DNK,1970,both,0,73.36,73.36,73.36,14.22,0.7837999999999999,Denmark
DNK,1971,both,0,73.43,73.43,73.43,13.94,0.7831999999999999,Denmark
DNK,1972,both,0,73.47,73.47,73.47,12.07,0.7837000000000001,Denmark
DNK,1973,both,0,73.7,73.7,73.7,11.24,0.7864,Denmark
DNK,1974,both,0,73.82,73.82,73.82,10.77,0.7874,Denmark
DNK,1975,both,0,74.1,74.1,74.1,10.41,0.7909,Denmark
DNK,1976,both,0,73.77,73.77,73.77,9.6,0.7844,Denmark
DNK,1977,both,0,74.66,74.66,74.66,8.48,0.7961,Denmark
DNK,1978,both,0,74.43,74.43,74.43,8.72,0.7938,Denmark
DNK,1979,both,0,74.24,74.24,74.24,8.54,0.7887000000000001,Denmark
DNK,1980,both,0,74.13,74.13,74.13,8.24,0.7852,Denmark
DNK,1981,both,0,74.25,74.25,74.25,7.61,0.7868,Denmark
DNK,1982,both,0,74.6,74.6,74.6,8.12,0.7904000000000001,Denmark
DNK,1983,both,0,74.46,74.46,74.46,7.58,0.7876000000000001,Denmark
DNK,1984,both,0,74.62,74.62,74.62,7.72,0.7904000000000001,Denmark
DNK,1985,both,0,74.48,74.48,74.48,8.03,0.7881999999999999,Denmark
DNK,1986,both,0,74.64,74.64,74.64,8.23,0.7889,Denmark
DNK,1987,both,0,74.75,74.75,74.75,8.29,0.7887000000000001,Denmark
DNK,1988,both,0,74.84,74.84,74.84,7.77,0.794,Denmark
DNK,1989,both,0,74.86,74.86,74.86,8.12,0.7933,Denmark
DNK,1990,both,0,74.87,74.87,74.87,7.53,0.7957,Denmark
DNK,1991,both,0,75.23,75.23,75.23,7.31,0.8022,Denmark
DNK,1992,both,0,75.27,75.27,75.27,6.7,0.8034,Denmark
DNK,1993,both,0,75.19,75.19,75.19,5.38,0.8058,Denmark
DNK,1994,both,0,75.44,75.44,75.44,5.56,0.8078,Denmark
DNK,1995,both,0,75.29,75.29,75.29,4.99,0.8076000000000001,Denmark
DNK,1996,both,0,75.67,75.67,75.67,5.46,0.8136,Denmark
DNK,1997,both,0,76.04,76.04,76.04,5.19,0.8209000000000001,Denmark
DNK,1998,both,0,76.44,76.44,76.44,4.63,0.8265,Denmark
DNK,1999,both,0,76.58,76.58,76.58,4.21,0.8312999999999999,Denmark
DNK,2000,both,0,76.82,76.82,76.82,5.36,0.8353,Denmark
DNK,2001,both,0,76.98,76.98,76.98,4.78,0.8395999999999999,Denmark
DNK,2002,both,0,77.1,77.1,77.1,4.37,0.8417,Denmark
DNK,2003,both,0,77.4,77.4,77.4,4.43,0.8448,Denmark
DNK,2004,both,0,77.79,77.79,77.79,4.34,0.8478,Denmark
DNK,2005,both,0,78.23,78.23,78.23,4.31,0.8556999999999999,Denmark
DNK,2006,both,0,78.22,78.22,78.22,3.86,0.853,Denmark
DNK,2007,both,0,78.35,78.35,78.35,3.95,0.8537,Denmark
DNK,2008,both,0,78.72,78.72,78.72,4.01,0.8604999999999999,Denmark
DNK,2009,both,0,78.96,78.96,78.96,2.99,0.863,Denmark
DNK,2010,both,0,79.24,79.24,79.24,3.39,0.867,Denmark
DNK,2011,both,0,79.79,79.79,79.79,3.37,0.8747,Denmark
DNK,2012,both,0,80.09,80.09,80.09,3.35,0.8789,Denmark
DNK,2013,both,0,80.31,80.31,80.31,3.37,0.8809,Denmark
DNK,2014,both,0,80.64,80.64,80.64,4.05,0.8831,Denmark
DNK,2015,both,0,80.75,80.75,80.75,3.75,0.8859,Denmark
DNK,2016,both,0,80.88,80.88,80.88,3.19,0.8868,Denmark
DNK,2017,both,0,81.11,81.11,81.11,3.72,0.8933,Denmark
DNK,2018,both,0,80.99,80.99,80.99,3.63,0.8931,Denmark
DNK,2019,both,0,81.43,81.43,81.43,2.94,0.8976000000000001,Denmark
DNK,2020,both,0,81.55,81.55,81.55,3.14,0.9009,Denmark
DNK,2021,both,0,81.44,81.44,81.44,3.17,0.9014,Denmark
DNK,2022,both,0,81.3,81.3,81.3,3.15,0.903,Denmark
DNK,2023,both,0,81.66,81.66,81.66,3.41,0.9054,Denmark
ESP,1908,both,0,41.41,41.41,41.41,155.92,0.3352,ESP
ESP,1909,both,0,41.0,41.0,41.0,160.39,0.3236,ESP
ESP,1910,both,0,40.84,40.84,40.84,175.86,0.3334,ESP
ESP,1911,both,0,39.79,39.79,39.79,175.48,0.3283,ESP
ESP,1912,both,0,43.43,43.43,43.43,138.71,0.3596,ESP
ESP,1913,both,0,42.61,42.61,42.61,148.06,0.3535,ESP
ESP,1914,both,0,42.78,42.78,42.78,149.57,0.3556,ESP
ESP,1915,both,0,43.09,43.09,43.09,150.5,0.3596999999999999,ESP
ESP,1916,both,0,43.91,43.91,43.91,143.0,0.3642,ESP
ESP,1917,both,0,42.6,42.6,42.6,152.29,0.3452,ESP
ESP,1918,both,0,30.36,30.36,30.36,178.11,0.179,ESP
ESP,1919,both,0,40.95,40.95,40.95,158.43,0.3213,ESP
ESP,1920,both,0,39.38,39.38,39.38,180.87,0.3189,ESP
ESP,1921,both,0,41.99,41.99,41.99,164.63,0.3528,ESP
ESP,1922,both,0,44.2,44.2,44.2,140.3,0.3725,ESP
ESP,1923,both,0,44.75,44.75,44.75,146.12,0.3788,ESP
ESP,1924,both,0,46.3,46.3,46.3,137.18,0.3989999999999999,ESP
ESP,1925,both,0,46.98,46.98,46.98,133.21,0.4057,ESP
ESP,1926,both,0,47.7,47.7,47.7,129.44,0.4104,ESP
ESP,1927,both,0,48.48,48.48,48.48,121.84,0.4193,ESP
ESP,1928,both,0,48.62,48.62,48.62,127.59,0.4297999999999999,ESP
ESP,1929,both,0,49.49,49.49,49.49,122.77,0.4379999999999999,ESP
ESP,1930,both,0,49.25,49.25,49.25,138.31,0.4449,ESP
ESP,1931,both,0,49.28,49.28,49.28,129.34,0.4377,ESP
ESP,1932,both,0,51.14,51.14,51.14,119.03,0.4645,ESP
ESP,1933,both,0,51.6,51.6,51.6,116.13,0.4671,ESP
ESP,1934,both,0,52.22,52.22,52.22,114.81,0.4802,ESP
ESP,1935,both,0,52.65,52.65,52.65,114.21,0.4816,ESP
ESP,1936,both,0,51.01,51.01,51.01,114.22,0.4434,ESP
ESP,1937,both,0,47.32,47.32,47.32,131.37,0.3992,ESP
ESP,1938,both,0,47.6,47.6,47.6,121.81,0.3939,ESP
ESP,1939,both,0,47.23,47.23,47.23,127.39,0.385,ESP
ESP,1940,both,0,48.63,48.63,48.63,149.4,0.4247999999999999,ESP
ESP,1941,both,0,47.25,47.25,47.25,149.71,0.3782999999999999,ESP
ESP,1942,both,0,52.26,52.26,52.26,115.55,0.4681,ESP
ESP,1943,both,0,54.89,54.89,54.89,109.53,0.5172,ESP
ESP,1944,both,0,56.27,56.27,56.27,97.65,0.534,ESP
ESP,1945,both,0,57.79,57.79,57.79,92.04,0.5583,ESP
ESP,1946,both,0,57.59,57.59,57.59,88.13,0.5432,ESP
ESP,1947,both,0,59.13,59.13,59.13,78.54,0.5737,ESP
ESP,1948,both,0,61.31,61.31,61.31,70.74,0.607,ESP
ESP,1949,both,0,60.94,60.94,60.94,73.11,0.6022,ESP
ESP,1950,both,0,61.78,61.78,61.78,74.66,0.6204,ESP
ESP,1951,both,0,61.5,61.5,61.5,72.55,0.6147,ESP
ESP,1952,both,0,64.85,64.85,64.85,62.31,0.6653,ESP
ESP,1953,both,0,65.76,65.76,65.76,58.18,0.6819,ESP
ESP,1954,both,0,66.93,66.93,66.93,54.83,0.7006,ESP
ESP,1955,both,0,66.73,66.73,66.73,57.35,0.7006,ESP
ESP,1956,both,0,66.76,66.76,66.76,52.59,0.6992,ESP
ESP,1957,both,0,66.58,66.58,66.58,54.62,0.6956,ESP
ESP,1958,both,0,68.81,68.81,68.81,48.22,0.7321,ESP
ESP,1959,both,0,68.72,68.72,68.72,47.96,0.7311,ESP
ESP,1960,both,0,69.23,69.23,69.23,45.53,0.7392,ESP
ESP,1961,both,0,69.59,69.59,69.59,47.68,0.7434999999999999,ESP
ESP,1962,both,0,69.63,69.63,69.63,41.57,0.7432,ESP
ESP,1963,both,0,69.79,69.79,69.79,40.63,0.7445,ESP
ESP,1964,both,0,70.51,70.51,70.51,39.67,0.755,ESP
ESP,1965,both,0,70.93,70.93,70.93,37.13,0.7626000000000001,ESP
ESP,1966,both,0,71.18,71.18,71.18,35.72,0.7661,ESP
ESP,1967,both,0,71.37,71.37,71.37,34.19,0.7672,ESP
ESP,1968,both,0,71.67,71.67,71.67,31.84,0.7745000000000001,ESP
ESP,1969,both,0,71.15,71.15,71.15,30.48,0.7651,ESP
ESP,1970,both,0,72.15,72.15,72.15,28.15,0.7804000000000001,ESP
ESP,1971,both,0,71.74,71.74,71.74,25.86,0.7737999999999999,ESP
ESP,1972,both,0,72.95,72.95,72.95,22.79,0.7914,ESP
ESP,1973,both,0,72.73,72.73,72.73,21.41,0.7888,ESP
ESP,1974,both,0,73.09,73.09,73.09,20.2,0.7939,ESP
ESP,1975,both,0,73.49,73.49,73.49,18.5,0.7981999999999999,ESP
ESP,1976,both,0,73.81,73.81,73.81,17.17,0.8028,ESP
ESP,1977,both,0,74.31,74.31,74.31,15.7,0.8095,ESP
ESP,1978,both,0,74.5,74.5,74.5,15.0,0.8118000000000001,ESP
ESP,1979,both,0,74.99,74.99,74.99,13.88,0.8166,ESP
ESP,1980,both,0,75.53,75.53,75.53,11.9,0.8245999999999999,ESP
ESP,1981,both,0,75.7,75.7,75.7,11.71,0.8268000000000001,ESP
ESP,1982,both,0,76.32,76.32,76.32,11.01,0.8341,ESP
ESP,1983,both,0,76.1,76.1,76.1,10.53,0.8329000000000001,ESP
ESP,1984,both,0,76.48,76.48,76.48,9.72,0.8351999999999999,ESP
ESP,1985,both,0,76.41,76.41,76.41,8.73,0.8359000000000001,ESP
ESP,1986,both,0,76.71,76.71,76.71,9.05,0.8388,ESP
ESP,1987,both,0,76.96,76.96,76.96,8.68,0.8402,ESP
ESP,1988,both,0,76.95,76.95,76.95,7.98,0.8395,ESP
ESP,1989,both,0,77.0,77.0,77.0,7.72,0.84,ESP
ESP,1990,both,0,77.0,77.0,77.0,7.61,0.8406999999999999,ESP
ESP,1991,both,0,77.13,77.13,77.13,7.18,0.841,ESP
ESP,1992,both,0,77.59,77.59,77.59,7.05,0.8449,ESP
ESP,1993,both,0,77.73,77.73,77.73,6.53,0.8486,ESP
ESP,1994,both,0,78.11,78.11,78.11,5.88,0.8523999999999999,ESP
ESP,1995,both,0,78.2,78.2,78.2,5.43,0.8534,ESP
ESP,1996,both,0,78.34,78.34,78.34,5.49,0.8556999999999999,ESP
ESP,1997,both,0,78.85,78.85,78.85,5.01,0.8637,ESP
ESP,1998,both,0,78.94,78.94,78.94,4.79,0.8673000000000001,ESP
ESP,1999,both,0,78.95,78.95,78.95,4.51,0.8676,ESP
ESP,2000,both,0,79.42,79.42,79.42,4.41,0.8712000000000001,ESP
ESP,2001,both,0,79.74,79.74,79.74,4.03,0.8734999999999999,ESP
ESP,2002,both,0,79.82,79.82,79.82,4.11,0.8751000000000001,ESP
ESP,2003,both,0,79.75,79.75,79.75,3.94,0.8756,ESP
ESP,2004,both,0,80.33,80.33,80.33,3.99,0.8811,ESP
ESP,2005,both,0,80.32,80.32,80.32,3.73,0.8828,ESP
ESP,2006,both,0,80.96,80.96,80.96,3.52,0.8865000000000001,ESP
ESP,2007,both,0,80.97,80.97,80.97,3.44,0.8879,ESP
ESP,2008,both,0,81.28,81.28,81.28,3.37,0.8911,ESP
ESP,2009,both,0,81.63,81.63,81.63,3.1,0.8948999999999999,ESP
ESP,2010,both,0,82.01,82.01,82.01,3.15,0.898,ESP
ESP,2011,both,0,82.19,82.19,82.19,3.05,0.8996,ESP
ESP,2012,both,0,82.2,82.2,82.2,2.98,0.9018,ESP
ESP,2013,both,0,82.7,82.7,82.7,2.62,0.9044,ESP
ESP,2014,both,0,82.83,82.83,82.83,2.83,0.9062,ESP
ESP,2015,both,0,82.61,82.61,82.61,2.64,0.9064,ESP
ESP,2016,both,0,83.0,83.0,83.0,2.65,0.9083,ESP
ESP,2017,both,0,82.99,82.99,82.99,2.66,0.9096,ESP
ESP,2018,both,0,83.1,83.1,83.1,2.61,0.9097,ESP
ESP,2019,both,0,83.49,83.49,83.49,2.59,0.9124,ESP
ESP,2020,both,0,82.25,82.25,82.25,2.49,0.9059,ESP
ESP,2021,both,0,83.0,83.0,83.0,2.57,0.9086,ESP
ESP,2022,both,0,83.05,83.05,83.05,2.53,0.9109,ESP
ESP,2023,both,0,83.75,83.75,83.75,2.57,0.916,ESP
EST,1959,both,0,68.67,68.67,68.67,31.15,0.7158,EST
EST,1960,both,0,69.33,69.33,69.33,31.07,0.726,EST
EST,1961,both,0,69.64,69.64,69.64,27.99,0.7328,EST
EST,1962,both,0,69.84,69.84,69.84,24.6,0.7358,EST
EST,1963,both,0,69.88,69.88,69.88,25.5,0.7302,EST
EST,1964,both,0,70.64,70.64,70.64,25.39,0.7425,EST
EST,1965,both,0,70.71,70.71,70.71,19.74,0.7448,EST
EST,1966,both,0,70.66,70.66,70.66,19.89,0.7434999999999999,EST
EST,1967,both,0,70.98,70.98,70.98,19.07,0.746,EST
EST,1968,both,0,70.61,70.61,70.61,18.38,0.7389,EST
EST,1969,both,0,70.27,70.27,70.27,17.38,0.7322,EST
EST,1970,both,0,70.4,70.4,70.4,18.16,0.7342,EST
EST,1971,both,0,70.6,70.6,70.6,17.76,0.7368000000000001,EST
EST,1972,both,0,70.38,70.38,70.38,15.6,0.7304999999999999,EST
EST,1973,both,0,70.69,70.69,70.69,15.65,0.7340000000000001,EST
EST,1974,both,0,70.81,70.81,70.81,17.59,0.7356999999999999,EST
EST,1975,both,0,70.12,70.12,70.12,18.0,0.7254999999999999,EST
EST,1976,both,0,69.74,69.74,69.74,17.52,0.7143999999999999,EST
EST,1977,both,0,69.83,69.83,69.83,17.45,0.7128,EST
EST,1978,both,0,69.66,69.66,69.66,16.46,0.7088,EST
EST,1979,both,0,69.41,69.41,69.41,18.32,0.7005,EST
EST,1980,both,0,69.47,69.47,69.47,17.2,0.7064,EST
EST,1981,both,0,69.34,69.34,69.34,17.11,0.6959000000000001,EST
EST,1982,both,0,69.86,69.86,69.86,17.19,0.7048000000000001,EST
EST,1983,both,0,69.79,69.79,69.79,16.35,0.7017,EST
EST,1984,both,0,69.64,69.64,69.64,13.64,0.6983,EST
EST,1985,both,0,69.78,69.78,69.78,13.81,0.6999,EST
EST,1986,both,0,70.91,70.91,70.91,16.07,0.7287,EST
EST,1987,both,0,70.92,70.92,70.92,16.2,0.7306999999999999,EST
EST,1988,both,0,70.97,70.97,70.97,12.44,0.7262000000000001,EST
EST,1989,both,0,70.5,70.5,70.5,14.68,0.713,EST
EST,1990,both,0,69.92,69.92,69.92,11.65,0.7001000000000001,EST
EST,1991,both,0,69.79,69.79,69.79,12.45,0.6864,EST
EST,1992,both,0,69.16,69.16,69.16,15.35,0.6816,EST
EST,1993,both,0,68.22,68.22,68.22,14.32,0.6507,EST
EST,1994,both,0,66.74,66.74,66.74,14.24,0.6113000000000001,EST
EST,1995,both,0,67.82,67.82,67.82,14.62,0.6367,EST
EST,1996,both,0,70.03,70.03,70.03,10.4,0.6838,EST
EST,1997,both,0,70.25,70.25,70.25,9.75,0.6854,EST
EST,1998,both,0,69.84,69.84,69.84,9.29,0.6765000000000001,EST
EST,1999,both,0,70.68,70.68,70.68,9.72,0.6938,EST
EST,2000,both,0,71.02,71.02,71.02,8.65,0.7021999999999999,EST
EST,2001,both,0,70.84,70.84,70.84,8.62,0.6939,EST
EST,2002,both,0,71.37,71.37,71.37,5.72,0.7071,EST
EST,2003,both,0,71.92,71.92,71.92,6.94,0.7182,EST
EST,2004,both,0,72.38,72.38,72.38,6.6,0.7248,EST
EST,2005,both,0,73.03,73.03,73.03,5.49,0.7384999999999999,EST
EST,2006,both,0,73.19,73.19,73.19,4.52,0.7365,EST
EST,2007,both,0,73.15,73.15,73.15,5.18,0.7404000000000001,EST
EST,2008,both,0,74.28,74.28,74.28,4.99,0.7613,EST
EST,2009,both,0,75.17,75.17,75.17,3.58,0.7796,EST
EST,2010,both,0,75.88,75.88,75.88,3.33,0.797,EST
EST,2011,both,0,76.35,76.35,76.35,2.36,0.8012,EST
EST,2012,both,0,76.43,76.43,76.43,3.48,0.8023,EST
EST,2013,both,0,77.26,77.26,77.26,2.02,0.818,EST
EST,2014,both,0,77.1,77.1,77.1,2.65,0.8144,EST
EST,2015,both,0,77.66,77.66,77.66,2.53,0.8245,EST
EST,2016,both,0,77.75,77.75,77.75,2.32,0.8240999999999999,EST
EST,2017,both,0,78.19,78.19,78.19,2.32,0.8345,EST
EST,2018,both,0,78.34,78.34,78.34,1.61,0.8369,EST
EST,2019,both,0,78.79,78.79,78.79,1.55,0.8442000000000001,EST
EST,2020,both,0,78.74,78.74,78.74,1.38,0.8379000000000001,EST
EST,2021,both,0,77.15,77.15,77.15,2.18,0.8234,EST
EST,2022,both,0,78.06,78.06,78.06,2.06,0.8348,EST
EST,2023,both,0,78.96,78.96,78.96,1.67,0.8436,EST
FIN,1878,both,0,39.34,39.34,39.34,173.34,0.3104,Finland
FIN,1879,both,0,44.91,44.91,44.91,141.34,0.3764,Finland
FIN,1880,both,0,39.7,39.7,39.7,163.0,0.3065,Finland
FIN,1881,both,0,37.7,37.7,37.7,179.74,0.3005,Finland
FIN,1882,both,0,40.31,40.31,40.31,171.9,0.3374,Finland
FIN,1883,both,0,42.75,42.75,42.75,152.09,0.3595,Finland
FIN,1884,both,0,42.88,42.88,42.88,154.63,0.3599,Finland
FIN,1885,both,0,41.28,41.28,41.28,163.79,0.3443,Finland
FIN,1886,both,0,40.87,40.87,40.87,161.33,0.3402,Finland
FIN,1887,both,0,45.54,45.54,45.54,138.9,0.3821,Finland
FIN,1888,both,0,45.19,45.19,45.19,145.63,0.3746,Finland
FIN,1889,both,0,44.92,44.92,44.92,138.49,0.3762,Finland
FIN,1890,both,0,44.61,44.61,44.61,134.61,0.3767,Finland
FIN,1891,both,0,42.61,42.61,42.61,139.73,0.3636999999999999,Finland
FIN,1892,both,0,39.77,39.77,39.77,152.87,0.3229999999999999,Finland
FIN,1893,both,0,43.35,43.35,43.35,127.57,0.3609,Finland
FIN,1894,both,0,45.18,45.18,45.18,128.59,0.3885,Finland
FIN,1895,both,0,47.61,47.61,47.61,123.21,0.4138,Finland
FIN,1896,both,0,46.52,46.52,46.52,134.64,0.4054,Finland
FIN,1897,both,0,48.11,48.11,48.11,127.13,0.4211,Finland
FIN,1898,both,0,48.07,48.07,48.07,128.68,0.4282999999999999,Finland
FIN,1899,both,0,44.35,44.35,44.35,136.12,0.3813,Finland
FIN,1900,both,0,41.81,41.81,41.81,148.94,0.3557,Finland
FIN,1901,both,0,42.84,42.84,42.84,145.37,0.3665,Finland
FIN,1902,both,0,46.21,46.21,46.21,128.04,0.3961,Finland
FIN,1903,both,0,46.56,46.56,46.56,125.96,0.4056,Finland
FIN,1904,both,0,47.19,47.19,47.19,122.86,0.408,Finland
FIN,1905,both,0,46.05,46.05,46.05,131.79,0.3947,Finland
FIN,1906,both,0,47.03,47.03,47.03,121.36,0.4075999999999999,Finland
FIN,1907,both,0,46.96,46.96,46.96,112.39,0.401,Finland
FIN,1908,both,0,46.09,46.09,46.09,123.54,0.3885,Finland
FIN,1909,both,0,48.69,48.69,48.69,112.69,0.4233,Finland
FIN,1910,both,0,48.49,48.49,48.49,117.81,0.423,Finland
FIN,1911,both,0,48.72,48.72,48.72,112.13,0.4215,Finland
FIN,1912,both,0,49.12,49.12,49.12,108.78,0.4211999999999999,Finland
FIN,1913,both,0,49.04,49.04,49.04,109.3,0.4196,Finland
FIN,1914,both,0,49.73,49.73,49.73,103.11,0.4288,Finland
FIN,1915,both,0,49.56,49.56,49.56,105.04,0.426,Finland
FIN,1916,both,0,47.98,47.98,47.98,106.51,0.4018,Finland
FIN,1917,both,0,46.54,46.54,46.54,115.79,0.3807999999999999,Finland
FIN,1918,both,0,32.85,32.85,32.85,113.62,0.166,Finland
FIN,1919,both,0,42.81,42.81,42.81,123.56,0.3394,Finland
FIN,1920,both,0,47.68,47.68,47.68,103.35,0.3964999999999999,Finland
FIN,1921,both,0,52.4,52.4,52.4,94.64,0.4597,Finland
FIN,1922,both,0,51.93,51.93,51.93,98.27,0.4534,Finland
FIN,1923,both,0,52.48,52.48,52.48,95.54,0.4613,Finland
FIN,1924,both,0,50.26,50.26,50.26,103.46,0.4266,Finland
FIN,1925,both,0,53.36,53.36,53.36,85.53,0.4622,Finland
FIN,1926,both,0,53.79,53.79,53.79,84.71,0.469,Finland
FIN,1927,both,0,51.83,51.83,51.83,96.27,0.4442,Finland
FIN,1928,both,0,53.69,53.69,53.69,85.41,0.4654,Finland
FIN,1929,both,0,51.32,51.32,51.32,95.42,0.4296,Finland
FIN,1930,both,0,54.45,54.45,54.45,75.18,0.4715,Finland
FIN,1931,both,0,54.86,54.86,54.86,73.17,0.4750999999999999,Finland
FIN,1932,both,0,55.75,55.75,55.75,70.01,0.4879,Finland
FIN,1933,both,0,55.39,55.39,55.39,73.47,0.4872999999999999,Finland
FIN,1934,both,0,56.0,56.0,56.0,74.12,0.5002,Finland
FIN,1935,both,0,57.36,57.36,57.36,67.08,0.5176,Finland
FIN,1936,both,0,56.17,56.17,56.17,64.03,0.492,Finland
FIN,1937,both,0,57.04,57.04,57.04,69.64,0.511,Finland
FIN,1938,both,0,57.2,57.2,57.2,68.53,0.5114,Finland
FIN,1939,both,0,54.62,54.62,54.62,70.12,0.4744,Finland
FIN,1940,both,0,46.8,46.8,46.8,75.67,0.3509,Finland
FIN,1941,both,0,46.42,46.42,46.42,69.84,0.3442,Finland
FIN,1942,both,0,53.93,53.93,53.93,55.26,0.4579,Finland
FIN,1943,both,0,56.28,56.28,56.28,54.26,0.5022,Finland
FIN,1944,both,0,48.06,48.06,48.06,68.72,0.3851,Finland
FIN,1945,both,0,56.81,56.81,56.81,74.08,0.518,Finland
FIN,1946,both,0,60.45,60.45,60.45,54.5,0.5607,Finland
FIN,1947,both,0,60.51,60.51,60.51,58.41,0.5687,Finland
FIN,1948,both,0,61.96,61.96,61.96,51.57,0.5882000000000001,Finland
FIN,1949,both,0,61.89,61.89,61.89,46.53,0.5849,Finland
FIN,1950,both,0,64.2,64.2,64.2,41.86,0.6249,Finland
FIN,1951,both,0,65.63,65.63,65.63,34.25,0.6478,Finland
FIN,1952,both,0,66.52,66.52,66.52,32.0,0.665,Finland
FIN,1953,both,0,66.6,66.6,66.6,33.3,0.6709,Finland
FIN,1954,both,0,67.55,67.55,67.55,30.35,0.6851999999999999,Finland
FIN,1955,both,0,67.34,67.34,67.34,29.71,0.6819,Finland
FIN,1956,both,0,67.98,67.98,67.98,25.4,0.6927,Finland
FIN,1957,both,0,67.45,67.45,67.45,27.59,0.6833,Finland
FIN,1958,both,0,68.61,68.61,68.61,23.6,0.7014,Finland
FIN,1959,both,0,68.79,68.79,68.79,23.9,0.7056,Finland
FIN,1960,both,0,68.99,68.99,68.99,21.02,0.7075,Finland
FIN,1961,both,0,69.01,69.01,69.01,21.01,0.7064,Finland
FIN,1962,both,0,68.74,68.74,68.74,20.37,0.7029000000000001,Finland
FIN,1963,both,0,69.18,69.18,69.18,18.26,0.7078,Finland
FIN,1964,both,0,69.38,69.38,69.38,16.89,0.7101000000000001,Finland
FIN,1965,both,0,69.13,69.13,69.13,17.39,0.7095,Finland
FIN,1966,both,0,69.64,69.64,69.64,15.19,0.7165,Finland
FIN,1967,both,0,69.82,69.82,69.82,14.99,0.7182999999999999,Finland
FIN,1968,both,0,69.78,69.78,69.78,13.59,0.7190000000000001,Finland
FIN,1969,both,0,69.65,69.65,69.65,13.91,0.7131000000000001,Finland
FIN,1970,both,0,70.32,70.32,70.32,13.48,0.7262000000000001,Finland
FIN,1971,both,0,70.15,70.15,70.15,12.62,0.7223,Finland
FIN,1972,both,0,70.87,70.87,70.87,11.73,0.736,Finland
FIN,1973,both,0,71.36,71.36,71.36,10.51,0.7439,Finland
FIN,1974,both,0,71.29,71.29,71.29,11.41,0.7417,Finland
FIN,1975,both,0,71.84,71.84,71.84,9.74,0.7509999999999999,Finland
FIN,1976,both,0,71.99,71.99,71.99,9.96,0.7537,Finland
FIN,1977,both,0,72.51,72.51,72.51,8.94,0.7583,Finland
FIN,1978,both,0,73.08,73.08,73.08,7.53,0.7706000000000001,Finland
FIN,1979,both,0,73.36,73.36,73.36,7.6,0.7757,Finland
FIN,1980,both,0,73.65,73.65,73.65,7.56,0.7839,Finland
FIN,1981,both,0,73.96,73.96,73.96,6.5,0.7859999999999999,Finland
FIN,1982,both,0,74.53,74.53,74.53,6.02,0.7937000000000001,Finland
FIN,1983,both,0,74.44,74.44,74.44,6.11,0.7957,Finland
FIN,1984,both,0,74.74,74.74,74.74,6.38,0.799,Finland
FIN,1985,both,0,74.42,74.42,74.42,6.15,0.7965000000000001,Finland
FIN,1986,both,0,74.77,74.77,74.77,5.71,0.7985,Finland
FIN,1987,both,0,74.8,74.8,74.8,6.12,0.8008,Finland
FIN,1988,both,0,74.77,74.77,74.77,6.15,0.8003,Finland
FIN,1989,both,0,74.97,74.97,74.97,6.0,0.8015000000000001,Finland
FIN,1990,both,0,74.99,74.99,74.99,5.63,0.8051999999999999,Finland
FIN,1991,both,0,75.4,75.4,75.4,5.77,0.8109000000000001,Finland
FIN,1992,both,0,75.65,75.65,75.65,5.14,0.8166,Finland
FIN,1993,both,0,75.88,75.88,75.88,4.28,0.8234,Finland
FIN,1994,both,0,76.57,76.57,76.57,4.71,0.8309000000000001,Finland
FIN,1995,both,0,76.6,76.6,76.6,3.85,0.8317,Finland
FIN,1996,both,0,76.87,76.87,76.87,3.88,0.8375,Finland
FIN,1997,both,0,77.06,77.06,77.06,3.85,0.8384,Finland
FIN,1998,both,0,77.26,77.26,77.26,4.09,0.8406,Finland
FIN,1999,both,0,77.45,77.45,77.45,3.63,0.8419,Finland
FIN,2000,both,0,77.67,77.67,77.67,3.69,0.8449,Finland
FIN,2001,both,0,78.14,78.14,78.14,3.21,0.8515,Finland
FIN,2002,both,0,78.27,78.27,78.27,3.05,0.8545999999999999,Finland
FIN,2003,both,0,78.53,78.53,78.53,3.11,0.8545999999999999,Finland
FIN,2004,both,0,78.85,78.85,78.85,3.34,0.8523000000000001,Finland
FIN,2005,both,0,78.97,78.97,78.97,3.02,0.8491,Finland
FIN,2006,both,0,79.37,79.37,79.37,2.86,0.8583,Finland
FIN,2007,both,0,79.39,79.39,79.39,2.73,0.8568000000000001,Finland
FIN,2008,both,0,79.7,79.7,79.7,2.63,0.8593999999999999,Finland
FIN,2009,both,0,79.83,79.83,79.83,2.72,0.8637999999999999,Finland
FIN,2010,both,0,80.01,80.01,80.01,2.28,0.8678,Finland
FIN,2011,both,0,80.4,80.4,80.4,2.34,0.8726,Finland
FIN,2012,both,0,80.5,80.5,80.5,2.35,0.8768,Finland
FIN,2013,both,0,80.87,80.87,80.87,1.72,0.8809,Finland
FIN,2014,both,0,81.06,81.06,81.06,2.13,0.8859,Finland
FIN,2015,both,0,81.37,81.37,81.37,1.72,0.8906999999999999,Finland
FIN,2016,both,0,81.3,81.3,81.3,1.83,0.8903,Finland
FIN,2017,both,0,81.5,81.5,81.5,1.95,0.8924,Finland
FIN,2018,both,0,81.63,81.63,81.63,2.02,0.8933,Finland
FIN,2019,both,0,81.87,81.87,81.87,2.05,0.8983,Finland
FIN,2020,both,0,81.82,81.82,81.82,1.88,0.8951,Finland
FIN,2021,both,0,81.82,81.82,81.82,1.83,0.8968,Finland
FIN,2022,both,0,81.21,81.21,81.21,1.92,0.8953,Finland
FIN,2023,both,0,81.57,81.57,81.57,1.77,0.8978,Finland
FRANCE:_TOTAL_POPULATION,1816,both,0,40.1,40.1,40.1,179.72,0.3007,France
FRANCE:_TOTAL_POPULATION,1817,both,0,39.23,39.23,39.23,175.82,0.2874,France
FRANCE:_TOTAL_POPULATION,1818,both,0,38.6,38.6,38.6,176.79,0.2858,France
FRANCE:_TOTAL_POPULATION,1819,both,0,37.32,37.32,37.32,187.85,0.2772,France
FRANCE:_TOTAL_POPULATION,1820,both,0,39.28,39.28,39.28,173.56,0.2941,France
FRANCE:_TOTAL_POPULATION,1821,both,0,39.88,39.88,39.88,174.26,0.3115,France
FRANCE:_TOTAL_POPULATION,1822,both,0,38.37,38.37,38.37,194.3,0.299,France
FRANCE:_TOTAL_POPULATION,1823,both,0,40.04,40.04,40.04,181.23,0.3173,France
FRANCE:_TOTAL_POPULATION,1824,both,0,39.21,39.21,39.21,188.53,0.3112,France
FRANCE:_TOTAL_POPULATION,1825,both,0,38.58,38.58,38.58,182.87,0.2982,France
FRANCE:_TOTAL_POPULATION,1826,both,0,37.8,37.8,37.8,182.12,0.2863,France
FRANCE:_TOTAL_POPULATION,1827,both,0,39.41,39.41,39.41,178.36,0.3,France
FRANCE:_TOTAL_POPULATION,1828,both,0,37.6,37.6,37.6,184.81,0.2829,France
FRANCE:_TOTAL_POPULATION,1829,both,0,39.44,39.44,39.44,172.75,0.2999,France
FRANCE:_TOTAL_POPULATION,1830,both,0,39.63,39.63,39.63,169.62,0.3026,France
FRANCE:_TOTAL_POPULATION,1831,both,0,39.73,39.73,39.73,165.35,0.3107,France
FRANCE:_TOTAL_POPULATION,1832,both,0,35.87,35.87,35.87,177.1,0.2362999999999999,France
FRANCE:_TOTAL_POPULATION,1833,both,0,38.88,38.88,38.88,172.55,0.2955,France
FRANCE:_TOTAL_POPULATION,1834,both,0,35.09,35.09,35.09,202.94,0.2567,France
FRANCE:_TOTAL_POPULATION,1835,both,0,39.52,39.52,39.52,168.74,0.2996999999999999,France
FRANCE:_TOTAL_POPULATION,1836,both,0,42.0,42.0,42.0,160.59,0.3354,France
FRANCE:_TOTAL_POPULATION,1837,both,0,39.42,39.42,39.42,164.78,0.2907,France
FRANCE:_TOTAL_POPULATION,1838,both,0,39.37,39.37,39.37,167.14,0.3028,France
FRANCE:_TOTAL_POPULATION,1839,both,0,40.95,40.95,40.95,157.26,0.3228,France
FRANCE:_TOTAL_POPULATION,1840,both,0,40.41,40.41,40.41,152.04,0.3093,France
FRANCE:_TOTAL_POPULATION,1841,both,0,40.71,40.71,40.71,149.52,0.3204999999999999,France
FRANCE:_TOTAL_POPULATION,1842,both,0,40.03,40.03,40.03,163.88,0.3096,France
FRANCE:_TOTAL_POPULATION,1843,both,0,40.79,40.79,40.79,154.95,0.3243,France
FRANCE:_TOTAL_POPULATION,1844,both,0,42.33,42.33,42.33,151.12,0.3400999999999999,France
FRANCE:_TOTAL_POPULATION,1845,both,0,43.61,43.61,43.61,138.82,0.3567,France
FRANCE:_TOTAL_POPULATION,1846,both,0,40.7,40.7,40.7,161.18,0.3232,France
FRANCE:_TOTAL_POPULATION,1847,both,0,40.45,40.45,40.45,154.85,0.3039,France
FRANCE:_TOTAL_POPULATION,1848,both,0,40.33,40.33,40.33,157.71,0.3073,France
FRANCE:_TOTAL_POPULATION,1849,both,0,35.95,35.95,35.95,171.4,0.2433,France
FRANCE:_TOTAL_POPULATION,1850,both,0,43.31,43.31,43.31,142.21,0.3474,France
FRANCE:_TOTAL_POPULATION,1851,both,0,41.8,41.8,41.8,157.19,0.3358,France
FRANCE:_TOTAL_POPULATION,1852,both,0,41.35,41.35,41.35,160.23,0.3292,France
FRANCE:_TOTAL_POPULATION,1853,both,0,42.55,42.55,42.55,147.12,0.3413,France
FRANCE:_TOTAL_POPULATION,1854,both,0,36.16,36.16,36.16,173.67,0.2445,France
FRANCE:_TOTAL_POPULATION,1855,both,0,37.56,37.56,37.56,162.78,0.2738,France
FRANCE:_TOTAL_POPULATION,1856,both,0,40.19,40.19,40.19,161.27,0.3167999999999999,France
FRANCE:_TOTAL_POPULATION,1857,both,0,39.6,39.6,39.6,180.17,0.3095,France
FRANCE:_TOTAL_POPULATION,1858,both,0,39.71,39.71,39.71,174.85,0.3064,France
FRANCE:_TOTAL_POPULATION,1859,both,0,35.33,35.33,35.33,210.03,0.2664,France
FRANCE:_TOTAL_POPULATION,1860,both,0,43.34,43.34,43.34,143.94,0.3507,France
FRANCE:_TOTAL_POPULATION,1861,both,0,40.58,40.58,40.58,177.01,0.3256,France
FRANCE:_TOTAL_POPULATION,1862,both,0,42.7,42.7,42.7,162.03,0.3475,France
FRANCE:_TOTAL_POPULATION,1863,both,0,41.82,41.82,41.82,175.82,0.3372,France
FRANCE:_TOTAL_POPULATION,1864,both,0,42.06,42.06,42.06,170.34,0.3354,France
FRANCE:_TOTAL_POPULATION,1865,both,0,40.2,40.2,40.2,177.14,0.3124,France
FRANCE:_TOTAL_POPULATION,1866,both,0,41.82,41.82,41.82,154.02,0.3254999999999999,France
FRANCE:_TOTAL_POPULATION,1867,both,0,42.41,42.41,42.41,167.31,0.3419,France
FRANCE:_TOTAL_POPULATION,1868,both,0,40.29,40.29,40.29,184.86,0.3179,France
FRANCE:_TOTAL_POPULATION,1869,both,0,41.12,41.12,41.12,174.71,0.3258,France
FRANCE:_TOTAL_POPULATION,1870,both,0,36.52,36.52,36.52,186.2,0.2571,France
FRANCE:_TOTAL_POPULATION,1871,both,0,29.74,29.74,29.74,200.37,0.1684,France
FRANCE:_TOTAL_POPULATION,1872,both,0,42.5,42.5,42.5,167.89,0.3436,France
FRANCE:_TOTAL_POPULATION,1873,both,0,41.87,41.87,41.87,172.99,0.3354,France
FRANCE:_TOTAL_POPULATION,1874,both,0,44.29,44.29,44.29,158.77,0.366,France
FRANCE:_TOTAL_POPULATION,1875,both,0,43.19,43.19,43.19,156.98,0.3444,France
FRANCE:_TOTAL_POPULATION,1876,both,0,43.59,43.59,43.59,155.2,0.3502,France
FRANCE:_TOTAL_POPULATION,1877,both,0,44.29,44.29,44.29,155.94,0.3632999999999999,France
FRANCE:_TOTAL_POPULATION,1878,both,0,43.37,43.37,43.37,165.82,0.3529,France
FRANCE:_TOTAL_POPULATION,1879,both,0,43.98,43.98,43.98,156.5,0.3542,France
FRANCE:_TOTAL_POPULATION,1880,both,0,42.79,42.79,42.79,165.95,0.3461999999999999,France
FRANCE:_TOTAL_POPULATION,1881,both,0,43.48,43.48,43.48,158.7,0.3535,France
FRANCE:_TOTAL_POPULATION,1882,both,0,43.14,43.14,43.14,162.56,0.3478,France
FRANCE:_TOTAL_POPULATION,1883,both,0,43.27,43.27,43.27,162.85,0.3492,France
FRANCE:_TOTAL_POPULATION,1884,both,0,42.46,42.46,42.46,173.46,0.3418,France
FRANCE:_TOTAL_POPULATION,1885,both,0,43.94,43.94,43.94,151.02,0.3558,France
FRANCE:_TOTAL_POPULATION,1886,both,0,43.17,43.17,43.17,160.69,0.3465999999999999,France
FRANCE:_TOTAL_POPULATION,1887,both,0,43.72,43.72,43.72,158.76,0.351,France
FRANCE:_TOTAL_POPULATION,1888,both,0,44.15,44.15,44.15,160.92,0.3638,France
FRANCE:_TOTAL_POPULATION,1889,both,0,45.54,45.54,45.54,153.99,0.3824,France
FRANCE:_TOTAL_POPULATION,1890,both,0,43.43,43.43,43.43,159.93,0.3483,France
FRANCE:_TOTAL_POPULATION,1891,both,0,44.11,44.11,44.11,154.42,0.3558,France
FRANCE:_TOTAL_POPULATION,1892,both,0,43.56,43.56,43.56,176.91,0.3555,France
FRANCE:_TOTAL_POPULATION,1893,both,0,43.55,43.55,43.55,173.06,0.3557,France
FRANCE:_TOTAL_POPULATION,1894,both,0,45.49,45.49,45.49,154.84,0.3786,France
FRANCE:_TOTAL_POPULATION,1895,both,0,45.26,45.26,45.26,160.66,0.374,France
FRANCE:_TOTAL_POPULATION,1896,both,0,47.49,47.49,47.49,141.88,0.4025999999999999,France
FRANCE:_TOTAL_POPULATION,1897,both,0,47.88,47.88,47.88,150.04,0.4138,France
FRANCE:_TOTAL_POPULATION,1898,both,0,46.01,46.01,46.01,166.5,0.3876,France
FRANCE:_TOTAL_POPULATION,1899,both,0,45.17,45.17,45.17,172.51,0.3768,France
FRANCE:_TOTAL_POPULATION,1900,both,0,45.1,45.1,45.1,164.49,0.3628,France
FRANCE:_TOTAL_POPULATION,1901,both,0,47.0,47.0,47.0,150.56,0.391,France
FRANCE:_TOTAL_POPULATION,1902,both,0,47.98,47.98,47.98,140.77,0.4044,France
FRANCE:_TOTAL_POPULATION,1903,both,0,48.4,48.4,48.4,141.33,0.4133,France
FRANCE:_TOTAL_POPULATION,1904,both,0,48.07,48.07,48.07,149.31,0.4107,France
FRANCE:_TOTAL_POPULATION,1905,both,0,48.38,48.38,48.38,139.51,0.4043,France
FRANCE:_TOTAL_POPULATION,1906,both,0,47.73,47.73,47.73,147.12,0.3981,France
FRANCE:_TOTAL_POPULATION,1907,both,0,48.3,48.3,48.3,133.67,0.3948,France
FRANCE:_TOTAL_POPULATION,1908,both,0,49.29,49.29,49.29,134.35,0.4149,France
FRANCE:_TOTAL_POPULATION,1909,both,0,50.01,50.01,50.01,121.62,0.4192,France
FRANCE:_TOTAL_POPULATION,1910,both,0,51.35,51.35,51.35,114.82,0.4432,France
FRANCE:_TOTAL_POPULATION,1911,both,0,48.21,48.21,48.21,152.97,0.4119,France
FRANCE:_TOTAL_POPULATION,1912,both,0,51.55,51.55,51.55,112.97,0.4447,France
FRANCE:_TOTAL_POPULATION,1913,both,0,51.36,51.36,51.36,116.98,0.4454,France
FRANCE:_TOTAL_POPULATION,1914,both,0,38.23,38.23,38.23,114.33,0.2457,France
FRANCE:_TOTAL_POPULATION,1915,both,0,36.55,36.55,36.55,109.93,0.2202,France
FRANCE:_TOTAL_POPULATION,1916,both,0,39.75,39.75,39.75,129.97,0.2737,France
FRANCE:_TOTAL_POPULATION,1917,both,0,42.97,42.97,42.97,136.39,0.3278999999999999,France
FRANCE:_TOTAL_POPULATION,1918,both,0,34.84,34.84,34.84,153.31,0.2103,France
FRANCE:_TOTAL_POPULATION,1919,both,0,47.14,47.14,47.14,138.11,0.3922,France
FRANCE:_TOTAL_POPULATION,1920,both,0,51.82,51.82,51.82,120.98,0.4619,France
FRANCE:_TOTAL_POPULATION,1921,both,0,52.69,52.69,52.69,118.41,0.4693,France
FRANCE:_TOTAL_POPULATION,1922,both,0,54.89,54.89,54.89,89.14,0.4868,France
FRANCE:_TOTAL_POPULATION,1923,both,0,54.59,54.59,54.59,100.76,0.4906,France
FRANCE:_TOTAL_POPULATION,1924,both,0,55.19,55.19,55.19,89.64,0.4911999999999999,France
FRANCE:_TOTAL_POPULATION,1925,both,0,54.35,54.35,54.35,93.12,0.4795,France
FRANCE:_TOTAL_POPULATION,1926,both,0,53.96,53.96,53.96,100.18,0.4772999999999999,France
FRANCE:_TOTAL_POPULATION,1927,both,0,55.74,55.74,55.74,87.01,0.5058,France
FRANCE:_TOTAL_POPULATION,1928,both,0,55.41,55.41,55.41,95.22,0.504,France
FRANCE:_TOTAL_POPULATION,1929,both,0,54.24,54.24,54.24,98.31,0.4813,France
FRANCE:_TOTAL_POPULATION,1930,both,0,56.8,56.8,56.8,83.34,0.5145000000000001,France
FRANCE:_TOTAL_POPULATION,1931,both,0,56.9,56.9,56.9,78.07,0.517,France
FRANCE:_TOTAL_POPULATION,1932,both,0,57.22,57.22,57.22,80.68,0.5225,France
FRANCE:_TOTAL_POPULATION,1933,both,0,57.65,57.65,57.65,77.11,0.5256000000000001,France
FRANCE:_TOTAL_POPULATION,1934,both,0,58.3,58.3,58.3,74.17,0.5352,France
FRANCE:_TOTAL_POPULATION,1935,both,0,58.28,58.28,58.28,70.81,0.5286,France
FRANCE:_TOTAL_POPULATION,1936,both,0,58.76,58.76,58.76,70.93,0.5390999999999999,France
FRANCE:_TOTAL_POPULATION,1937,both,0,59.11,59.11,59.11,69.51,0.5447,France
FRANCE:_TOTAL_POPULATION,1938,both,0,58.93,58.93,58.93,69.89,0.54,France
FRANCE:_TOTAL_POPULATION,1939,both,0,59.55,59.55,59.55,68.29,0.5515,France
FRANCE:_TOTAL_POPULATION,1940,both,0,49.6,49.6,49.6,89.13,0.3979,France
FRANCE:_TOTAL_POPULATION,1941,both,0,57.42,57.42,57.42,79.22,0.5161,France
FRANCE:_TOTAL_POPULATION,1942,both,0,57.44,57.44,57.44,76.8,0.5266,France
FRANCE:_TOTAL_POPULATION,1943,both,0,53.3,53.3,53.3,81.78,0.4674,France
FRANCE:_TOTAL_POPULATION,1944,both,0,47.17,47.17,47.17,82.6,0.3595,France
FRANCE:_TOTAL_POPULATION,1945,both,0,54.93,54.93,54.93,112.73,0.5131,France
FRANCE:_TOTAL_POPULATION,1946,both,0,62.36,62.36,62.36,80.69,0.6275999999999999,France
FRANCE:_TOTAL_POPULATION,1947,both,0,63.95,63.95,63.95,70.98,0.6483,France
FRANCE:_TOTAL_POPULATION,1948,both,0,65.78,65.78,65.78,55.97,0.6661,France
FRANCE:_TOTAL_POPULATION,1949,both,0,64.9,64.9,64.9,59.58,0.6585,France
FRANCE:_TOTAL_POPULATION,1950,both,0,66.38,66.38,66.38,51.39,0.6756,France
FRANCE:_TOTAL_POPULATION,1951,both,0,66.09,66.09,66.09,49.59,0.67,France
FRANCE:_TOTAL_POPULATION,1952,both,0,67.39,67.39,67.39,44.96,0.6899,France
FRANCE:_TOTAL_POPULATION,1953,both,0,67.32,67.32,67.32,41.26,0.6877,France
FRANCE:_TOTAL_POPULATION,1954,both,0,68.19,68.19,68.19,40.69,0.6992,France
FRANCE:_TOTAL_POPULATION,1955,both,0,68.44,68.44,68.44,38.17,0.7039,France
FRANCE:_TOTAL_POPULATION,1956,both,0,68.46,68.46,68.46,35.87,0.703,France
FRANCE:_TOTAL_POPULATION,1957,both,0,68.89,68.89,68.89,33.53,0.7086,France
FRANCE:_TOTAL_POPULATION,1958,both,0,70.11,70.11,70.11,31.15,0.7315999999999999,France
FRANCE:_TOTAL_POPULATION,1959,both,0,70.17,70.17,70.17,29.34,0.7299,France
FRANCE:_TOTAL_POPULATION,1960,both,0,70.36,70.36,70.36,27.19,0.7317,France
FRANCE:_TOTAL_POPULATION,1961,both,0,70.96,70.96,70.96,25.7,0.7387,France
FRANCE:_TOTAL_POPULATION,1962,both,0,70.47,70.47,70.47,25.45,0.7325,France
FRANCE:_TOTAL_POPULATION,1963,both,0,70.32,70.32,70.32,25.61,0.7292000000000001,France
FRANCE:_TOTAL_POPULATION,1964,both,0,71.28,71.28,71.28,23.27,0.7425,France
FRANCE:_TOTAL_POPULATION,1965,both,0,71.11,71.11,71.11,21.61,0.7393000000000001,France
FRANCE:_TOTAL_POPULATION,1966,both,0,71.51,71.51,71.51,21.58,0.7453,France
FRANCE:_TOTAL_POPULATION,1967,both,0,71.5,71.5,71.5,20.44,0.7458,France
FRANCE:_TOTAL_POPULATION,1968,both,0,71.48,71.48,71.48,20.27,0.7467,France
FRANCE:_TOTAL_POPULATION,1969,both,0,71.2,71.2,71.2,19.62,0.7412000000000001,France
FRANCE:_TOTAL_POPULATION,1970,both,0,72.09,72.09,72.09,18.3,0.757,France
FRANCE:_TOTAL_POPULATION,1971,both,0,72.07,72.07,72.07,17.31,0.7565999999999999,France
FRANCE:_TOTAL_POPULATION,1972,both,0,72.31,72.31,72.31,16.05,0.7587999999999999,France
FRANCE:_TOTAL_POPULATION,1973,both,0,72.47,72.47,72.47,15.22,0.764,France
FRANCE:_TOTAL_POPULATION,1974,both,0,72.8,72.8,72.8,14.38,0.7674,France
FRANCE:_TOTAL_POPULATION,1975,both,0,72.9,72.9,72.9,13.42,0.769,France
FRANCE:_TOTAL_POPULATION,1976,both,0,73.12,73.12,73.12,12.71,0.7711,France
FRANCE:_TOTAL_POPULATION,1977,both,0,73.73,73.73,73.73,11.86,0.7793000000000001,France
FRANCE:_TOTAL_POPULATION,1978,both,0,73.85,73.85,73.85,10.76,0.7809999999999999,France
FRANCE:_TOTAL_POPULATION,1979,both,0,74.12,74.12,74.12,10.4,0.784,France
FRANCE:_TOTAL_POPULATION,1980,both,0,74.23,74.23,74.23,10.48,0.7863,France
FRANCE:_TOTAL_POPULATION,1981,both,0,74.4,74.4,74.4,9.9,0.7901,France
FRANCE:_TOTAL_POPULATION,1982,both,0,74.77,74.77,74.77,9.54,0.7935,France
FRANCE:_TOTAL_POPULATION,1983,both,0,74.74,74.74,74.74,8.97,0.7948999999999999,France
FRANCE:_TOTAL_POPULATION,1984,both,0,75.22,75.22,75.22,8.52,0.7995,France
FRANCE:_TOTAL_POPULATION,1985,both,0,75.31,75.31,75.31,8.43,0.802,France
FRANCE:_TOTAL_POPULATION,1986,both,0,75.58,75.58,75.58,8.17,0.8051,France
FRANCE:_TOTAL_POPULATION,1987,both,0,76.15,76.15,76.15,7.87,0.8119,France
FRANCE:_TOTAL_POPULATION,1988,both,0,76.4,76.4,76.4,7.96,0.8148000000000001,France
FRANCE:_TOTAL_POPULATION,1989,both,0,76.54,76.54,76.54,7.6,0.8164,France
FRANCE:_TOTAL_POPULATION,1990,both,0,76.84,76.84,76.84,7.41,0.8209000000000001,France
FRANCE:_TOTAL_POPULATION,1991,both,0,77.01,77.01,77.01,7.32,0.8223999999999999,France
FRANCE:_TOTAL_POPULATION,1992,both,0,77.29,77.29,77.29,6.81,0.8256999999999999,France
FRANCE:_TOTAL_POPULATION,1993,both,0,77.35,77.35,77.35,6.42,0.8265,France
FRANCE:_TOTAL_POPULATION,1994,both,0,77.77,77.77,77.77,5.99,0.8309000000000001,France
FRANCE:_TOTAL_POPULATION,1995,both,0,77.87,77.87,77.87,4.99,0.8340000000000001,France
FRANCE:_TOTAL_POPULATION,1996,both,0,78.06,78.06,78.06,4.83,0.8373999999999999,France
FRANCE:_TOTAL_POPULATION,1997,both,0,78.42,78.42,78.42,4.76,0.843,France
FRANCE:_TOTAL_POPULATION,1998,both,0,78.59,78.59,78.59,4.72,0.8456999999999999,France
FRANCE:_TOTAL_POPULATION,1999,both,0,78.75,78.75,78.75,4.43,0.8488,France
FRANCE:_TOTAL_POPULATION,2000,both,0,79.05,79.05,79.05,4.58,0.8518000000000001,France
FRANCE:_TOTAL_POPULATION,2001,both,0,79.23,79.23,79.23,4.53,0.8527,France
FRANCE:_TOTAL_POPULATION,2002,both,0,79.42,79.42,79.42,4.16,0.8552,France
FRANCE:_TOTAL_POPULATION,2003,both,0,79.42,79.42,79.42,4.09,0.8564,France
FRANCE:_TOTAL_POPULATION,2004,both,0,80.34,80.34,80.34,4.02,0.8634999999999999,France
FRANCE:_TOTAL_POPULATION,2005,both,0,80.34,80.34,80.34,3.68,0.8647,France
FRANCE:_TOTAL_POPULATION,2006,both,0,80.75,80.75,80.75,3.81,0.8671,France
FRANCE:_TOTAL_POPULATION,2007,both,0,80.96,80.96,80.96,3.67,0.8695,France
FRANCE:_TOTAL_POPULATION,2008,both,0,81.04,81.04,81.04,3.72,0.8706999999999999,France
FRANCE:_TOTAL_POPULATION,2009,both,0,81.16,81.16,81.16,3.77,0.8712000000000001,France
FRANCE:_TOTAL_POPULATION,2010,both,0,81.41,81.41,81.41,3.59,0.8737,France
FRANCE:_TOTAL_POPULATION,2011,both,0,81.79,81.79,81.79,3.36,0.8767,France
FRANCE:_TOTAL_POPULATION,2012,both,0,81.73,81.73,81.73,3.47,0.8783,France
FRANCE:_TOTAL_POPULATION,2013,both,0,81.97,81.97,81.97,3.6,0.8808,France
FRANCE:_TOTAL_POPULATION,2014,both,0,82.42,82.42,82.42,3.48,0.8845999999999999,France
FRANCE:_TOTAL_POPULATION,2015,both,0,82.14,82.14,82.14,3.64,0.8835,France
FRANCE:_TOTAL_POPULATION,2016,both,0,82.39,82.39,82.39,3.6,0.8855,France
FRANCE:_TOTAL_POPULATION,2017,both,0,82.43,82.43,82.43,3.76,0.8868,France
FRANCE:_TOTAL_POPULATION,2018,both,0,82.55,82.55,82.55,3.8,0.888,France
FRANCE:_TOTAL_POPULATION,2019,both,0,82.72,82.72,82.72,3.74,0.8905,France
FRANCE:_TOTAL_POPULATION,2020,both,0,82.19,82.19,82.19,3.5,0.8893000000000001,France
FRANCE:_TOTAL_POPULATION,2021,both,0,82.32,82.32,82.32,3.69,0.8893000000000001,France
FRANCE:_TOTAL_POPULATION,2022,both,0,82.29,82.29,82.29,3.83,0.8896,France
FRANCE:_TOTAL_POPULATION,2023,both,0,82.88,82.88,82.88,3.84,0.8944,France
GERMANY:_TOTAL_POPULATION,1990,both,0,75.35,75.35,75.35,7.08,0.8123,GERMANY: TOTAL POPULATION
GERMANY:_TOTAL_POPULATION,1991,both,0,75.56,75.56,75.56,6.47,0.8131999999999999,GERMANY: TOTAL POPULATION
GERMANY:_TOTAL_POPULATION,1992,both,0,76.01,76.01,76.01,6.06,0.8184999999999999,GERMANY: TOTAL POPULATION
GERMANY:_TOTAL_POPULATION,1993,both,0,76.09,76.09,76.09,5.76,0.8206,GERMANY: TOTAL POPULATION
GERMANY:_TOTAL_POPULATION,1994,both,0,76.39,76.39,76.39,5.49,0.825,GERMANY: TOTAL POPULATION
GERMANY:_TOTAL_POPULATION,1995,both,0,76.56,76.56,76.56,5.28,0.8286,GERMANY: TOTAL POPULATION
GERMANY:_TOTAL_POPULATION,1996,both,0,76.79,76.79,76.79,5.08,0.8329000000000001,GERMANY: TOTAL POPULATION
GERMANY:_TOTAL_POPULATION,1997,both,0,77.23,77.23,77.23,4.83,0.8395,GERMANY: TOTAL POPULATION
GERMANY:_TOTAL_POPULATION,1998,both,0,77.58,77.58,77.58,4.59,0.8458,GERMANY: TOTAL POPULATION
GERMANY:_TOTAL_POPULATION,1999,both,0,77.81,77.81,77.81,4.47,0.8493999999999999,GERMANY: TOTAL POPULATION
GERMANY:_TOTAL_POPULATION,2000,both,0,78.06,78.06,78.06,4.35,0.8521,GERMANY: TOTAL POPULATION
GERMANY:_TOTAL_POPULATION,2001,both,0,78.41,78.41,78.41,4.2,0.8561,GERMANY: TOTAL POPULATION
GERMANY:_TOTAL_POPULATION,2002,both,0,78.48,78.48,78.48,4.16,0.858,GERMANY: TOTAL POPULATION
GERMANY:_TOTAL_POPULATION,2003,both,0,78.54,78.54,78.54,4.18,0.8597,GERMANY: TOTAL POPULATION
GERMANY:_TOTAL_POPULATION,2004,both,0,79.13,79.13,79.13,4.13,0.865,GERMANY: TOTAL POPULATION
GERMANY:_TOTAL_POPULATION,2005,both,0,79.26,79.26,79.26,3.85,0.8667,GERMANY: TOTAL POPULATION
GERMANY:_TOTAL_POPULATION,2006,both,0,79.59,79.59,79.59,3.79,0.8703,GERMANY: TOTAL POPULATION
GERMANY:_TOTAL_POPULATION,2007,both,0,79.74,79.74,79.74,3.91,0.8719,GERMANY: TOTAL POPULATION
GERMANY:_TOTAL_POPULATION,2008,both,0,79.82,79.82,79.82,3.5,0.8728,GERMANY: TOTAL POPULATION
GERMANY:_TOTAL_POPULATION,2009,both,0,79.92,79.92,79.92,3.46,0.8744,GERMANY: TOTAL POPULATION
GERMANY:_TOTAL_POPULATION,2010,both,0,80.08,80.08,80.08,3.47,0.8758,GERMANY: TOTAL POPULATION
GERMANY:_TOTAL_POPULATION,2011,both,0,80.35,80.35,80.35,3.59,0.8779,GERMANY: TOTAL POPULATION
GERMANY:_TOTAL_POPULATION,2012,both,0,80.5,80.5,80.5,3.3,0.8809,GERMANY: TOTAL POPULATION
GERMANY:_TOTAL_POPULATION,2013,both,0,80.46,80.46,80.46,3.31,0.8808,GERMANY: TOTAL POPULATION
GERMANY:_TOTAL_POPULATION,2014,both,0,80.92,80.92,80.92,3.26,0.8845000000000001,GERMANY: TOTAL POPULATION
GERMANY:_TOTAL_POPULATION,2015,both,0,80.57,80.57,80.57,3.29,0.8822,GERMANY: TOTAL POPULATION
GERMANY:_TOTAL_POPULATION,2016,both,0,80.84,80.84,80.84,3.52,0.8841,GERMANY: TOTAL POPULATION
GERMANY:_TOTAL_POPULATION,2017,both,0,80.94,80.94,80.94,3.23,0.8873000000000001,GERMANY: TOTAL POPULATION
GERMANY:_TOTAL_POPULATION,2018,both,0,80.88,80.88,80.88,3.17,0.8861,GERMANY: TOTAL POPULATION
GERMANY:_TOTAL_POPULATION,2019,both,0,81.2,81.2,81.2,3.19,0.89,GERMANY: TOTAL POPULATION
GERMANY:_TOTAL_POPULATION,2020,both,0,81.01,81.01,81.01,3.06,0.8893000000000001,GERMANY: TOTAL POPULATION
GRC,1981,both,0,75.73,75.73,75.73,13.72,0.8345,GRC
GRC,1982,both,0,75.85,75.85,75.85,14.4,0.8373,GRC
GRC,1983,both,0,75.67,75.67,75.67,14.16,0.8370000000000001,GRC
GRC,1984,both,0,76.13,76.13,76.13,14.02,0.8405,GRC
GRC,1985,both,0,75.9,75.9,75.9,13.49,0.8399,GRC
GRC,1986,both,0,76.39,76.39,76.39,11.99,0.8477,GRC
GRC,1987,both,0,76.2,76.2,76.2,11.51,0.8449,GRC
GRC,1988,both,0,76.78,76.78,76.78,10.92,0.8529000000000001,GRC
GRC,1989,both,0,77.0,77.0,77.0,9.43,0.8548,GRC
GRC,1990,both,0,77.14,77.14,77.14,9.46,0.8581,GRC
GRC,1991,both,0,77.25,77.25,77.25,8.84,0.8567,GRC
GRC,1992,both,0,77.18,77.18,77.18,8.36,0.8564,GRC
GRC,1993,both,0,77.45,77.45,77.45,8.34,0.8587,GRC
GRC,1994,both,0,77.66,77.66,77.66,7.97,0.8609,GRC
GRC,1995,both,0,77.63,77.63,77.63,8.02,0.8603000000000001,GRC
GRC,1996,both,0,77.76,77.76,77.76,7.15,0.8611,GRC
GRC,1997,both,0,78.1,78.1,78.1,6.42,0.865,GRC
GRC,1998,both,0,78.08,78.08,78.08,6.6,0.8645999999999999,GRC
GRC,1999,both,0,78.18,78.18,78.18,6.1,0.8640000000000001,GRC
GRC,2000,both,0,78.32,78.32,78.32,5.42,0.8672,GRC
GRC,2001,both,0,78.75,78.75,78.75,4.9,0.87,GRC
GRC,2002,both,0,78.93,78.93,78.93,4.95,0.8737,GRC
GRC,2003,both,0,79.09,79.09,79.09,3.94,0.8748999999999999,GRC
GRC,2004,both,0,79.24,79.24,79.24,4.05,0.8740000000000001,GRC
GRC,2005,both,0,79.46,79.46,79.46,3.84,0.8763,GRC
GRC,2006,both,0,79.75,79.75,79.75,3.87,0.8783,GRC
GRC,2007,both,0,79.59,79.59,79.59,3.64,0.8759999999999999,GRC
GRC,2008,both,0,80.14,80.14,80.14,2.86,0.8798,GRC
GRC,2009,both,0,80.3,80.3,80.3,3.23,0.8802,GRC
GRC,2010,both,0,80.57,80.57,80.57,3.84,0.8820999999999999,GRC
GRC,2011,both,0,80.68,80.68,80.68,3.3,0.8835,GRC
GRC,2012,both,0,80.57,80.57,80.57,2.82,0.8837,GRC
GRC,2013,both,0,81.14,81.14,81.14,3.59,0.8872,GRC
GRC,2014,both,0,81.23,81.23,81.23,3.71,0.8876999999999999,GRC
GRC,2015,both,0,80.98,80.98,80.98,3.94,0.8874,GRC
GRC,2016,both,0,81.22,81.22,81.22,4.16,0.8872,GRC
GRC,2017,both,0,81.19,81.19,81.19,3.3,0.889,GRC
GRC,2018,both,0,81.61,81.61,81.61,3.39,0.8917,GRC
GRC,2019,both,0,81.49,81.49,81.49,3.63,0.8915000000000001,GRC
HKG,1986,both,0,76.96,76.96,76.96,7.19,0.8351999999999999,HKG
HKG,1987,both,0,77.01,77.01,77.01,6.94,0.8395999999999999,HKG
HKG,1988,both,0,77.03,77.03,77.03,7.71,0.8402,HKG
HKG,1989,both,0,77.05,77.05,77.05,6.72,0.8395,HKG
HKG,1990,both,0,77.31,77.31,77.31,5.79,0.8462999999999999,HKG
HKG,1991,both,0,77.99,77.99,77.99,6.12,0.8526,HKG
HKG,1992,both,0,77.75,77.75,77.75,4.63,0.8502,HKG
HKG,1993,both,0,78.23,78.23,78.23,4.43,0.8564,HKG
HKG,1994,both,0,78.98,78.98,78.98,4.33,0.8637999999999999,HKG
HKG,1995,both,0,79.14,79.14,79.14,4.29,0.8664000000000001,HKG
HKG,1996,both,0,79.43,79.43,79.43,3.81,0.8753,HKG
HKG,1997,both,0,79.98,79.98,79.98,3.61,0.8795999999999999,HKG
HKG,1998,both,0,80.11,80.11,80.11,3.01,0.8795999999999999,HKG
HKG,1999,both,0,80.42,80.42,80.42,3.03,0.8856999999999999,HKG
HKG,2000,both,0,80.66,80.66,80.66,3.34,0.889,HKG
HKG,2001,both,0,81.23,81.23,81.23,2.67,0.8942,HKG
HKG,2002,both,0,81.35,81.35,81.35,2.76,0.8942,HKG
HKG,2003,both,0,81.02,81.02,81.02,2.77,0.8914,HKG
HKG,2004,both,0,81.43,81.43,81.43,3.53,0.8976999999999999,HKG
HKG,2005,both,0,81.39,81.39,81.39,3.24,0.9008,HKG
HKG,2006,both,0,82.17,82.17,82.17,2.86,0.9044,HKG
HKG,2007,both,0,82.12,82.12,82.12,2.93,0.9049,HKG
HKG,2008,both,0,81.93,81.93,81.93,3.22,0.9057,HKG
HKG,2009,both,0,82.46,82.46,82.46,2.9,0.9089,HKG
HKG,2010,both,0,82.63,82.63,82.63,3.07,0.9102,HKG
HKG,2011,both,0,83.05,83.05,83.05,2.42,0.912,HKG
HKG,2012,both,0,83.08,83.08,83.08,2.78,0.9139,HKG
HKG,2013,both,0,83.61,83.61,83.61,2.14,0.9161,HKG
HKG,2014,both,0,83.7,83.7,83.7,2.1,0.9175,HKG
HKG,2015,both,0,83.9,83.9,83.9,1.56,0.9182,HKG
HKG,2016,both,0,84.04,84.04,84.04,2.06,0.9171,HKG
HKG,2017,both,0,84.43,84.43,84.43,1.88,0.9195,HKG
HKG,2018,both,0,84.76,84.76,84.76,1.64,0.9224,HKG
HKG,2019,both,0,84.84,84.84,84.84,1.61,0.9214,HKG
HKG,2020,both,0,84.89,84.89,84.89,1.82,0.9231,HKG
HKG,2021,both,0,85.17,85.17,85.17,1.33,0.9247,HKG
HKG,2022,both,0,83.6,83.6,83.6,1.62,0.9167,HKG
HKG,2023,both,0,85.2,85.2,85.2,1.46,0.9231,HKG
HRV,2001,both,0,74.56,74.56,74.56,7.57,0.7997,HRV
HRV,2002,both,0,74.72,74.72,74.72,7.04,0.8049,HRV
HRV,2003,both,0,74.65,74.65,74.65,6.38,0.8058,HRV
HRV,2004,both,0,75.42,75.42,75.42,6.23,0.8167,HRV
HRV,2005,both,0,75.32,75.32,75.32,5.78,0.8144,HRV
HRV,2006,both,0,75.86,75.86,75.86,5.18,0.8219,HRV
HRV,2007,both,0,75.7,75.7,75.7,5.76,0.8205,HRV
HRV,2008,both,0,75.91,75.91,75.91,4.59,0.8179000000000001,HRV
HRV,2009,both,0,76.18,76.18,76.18,5.41,0.8273999999999999,HRV
HRV,2010,both,0,76.62,76.62,76.62,4.35,0.8332999999999999,HRV
HRV,2011,both,0,77.03,77.03,77.03,4.56,0.8365,HRV
HRV,2012,both,0,77.18,77.18,77.18,3.62,0.8405,HRV
HRV,2013,both,0,77.61,77.61,77.61,3.98,0.8454,HRV
HRV,2014,both,0,77.75,77.75,77.75,5.02,0.8478,HRV
HRV,2015,both,0,77.34,77.34,77.34,4.01,0.8438,HRV
HRV,2016,both,0,78.0,78.0,78.0,4.36,0.8537,HRV
HRV,2017,both,0,77.8,77.8,77.8,4.01,0.8519,HRV
HRV,2018,both,0,77.98,77.98,77.98,4.3,0.8511,HRV
HRV,2019,both,0,78.28,78.28,78.28,3.95,0.856,HRV
HRV,2020,both,0,77.58,77.58,77.58,4.0,0.8509,HRV
HRV,2021,both,0,76.58,76.58,76.58,3.88,0.8353,HRV
HRV,2022,both,0,77.7,77.7,77.7,3.94,0.8540000000000001,HRV
HRV,2023,both,0,78.53,78.53,78.53,3.84,0.8588,HRV
HUN,1950,both,0,62.14,62.14,62.14,84.97,0.6201,HUN
HUN,1951,both,0,62.47,62.47,62.47,81.95,0.6313,HUN
HUN,1952,both,0,63.92,63.92,63.92,70.04,0.6489,HUN
HUN,1953,both,0,63.84,63.84,63.84,73.62,0.6562,HUN
HUN,1954,both,0,65.42,65.42,65.42,62.6,0.6792,HUN
HUN,1955,both,0,66.89,66.89,66.89,57.47,0.7001000000000001,HUN
HUN,1956,both,0,66.0,66.0,66.0,56.65,0.685,HUN
HUN,1957,both,0,66.34,66.34,66.34,58.88,0.6918000000000001,HUN
HUN,1958,both,0,67.43,67.43,67.43,55.63,0.7116,HUN
HUN,1959,both,0,67.32,67.32,67.32,50.68,0.7053,HUN
HUN,1960,both,0,68.08,68.08,68.08,46.66,0.721,HUN
HUN,1961,both,0,69.01,69.01,69.01,43.04,0.7336,HUN
HUN,1962,both,0,67.94,67.94,67.94,45.99,0.7197,HUN
HUN,1963,both,0,68.94,68.94,68.94,43.39,0.7311,HUN
HUN,1964,both,0,69.46,69.46,69.46,39.83,0.7403,HUN
HUN,1965,both,0,69.15,69.15,69.15,38.91,0.7378,HUN
HUN,1966,both,0,69.89,69.89,69.89,39.14,0.7467,HUN
HUN,1967,both,0,69.46,69.46,69.46,38.48,0.7406,HUN
HUN,1968,both,0,69.34,69.34,69.34,35.79,0.7375,HUN
HUN,1969,both,0,69.38,69.38,69.38,35.65,0.7359,HUN
HUN,1970,both,0,69.22,69.22,69.22,35.39,0.7322,HUN
HUN,1971,both,0,69.08,69.08,69.08,35.26,0.7272,HUN
HUN,1972,both,0,69.72,69.72,69.72,33.66,0.7359,HUN
HUN,1973,both,0,69.6,69.6,69.6,34.01,0.7354999999999999,HUN
HUN,1974,both,0,69.27,69.27,69.27,37.78,0.7279000000000001,HUN
HUN,1975,both,0,69.42,69.42,69.42,32.67,0.7277,HUN
HUN,1976,both,0,69.66,69.66,69.66,29.2,0.7277,HUN
HUN,1977,both,0,69.94,69.94,69.94,25.6,0.7302,HUN
HUN,1978,both,0,69.47,69.47,69.47,23.61,0.7169,HUN
HUN,1979,both,0,69.67,69.67,69.67,23.26,0.7145999999999999,HUN
HUN,1980,both,0,69.09,69.09,69.09,22.03,0.6990000000000001,HUN
HUN,1981,both,0,69.15,69.15,69.15,20.31,0.6973,HUN
HUN,1982,both,0,69.35,69.35,69.35,19.43,0.6988,HUN
HUN,1983,both,0,68.93,68.93,68.93,18.61,0.6864,HUN
HUN,1984,both,0,68.96,68.96,68.96,20.25,0.6831,HUN
HUN,1985,both,0,68.9,68.9,68.9,20.8,0.6846,HUN
HUN,1986,both,0,69.11,69.11,69.11,18.78,0.6859000000000001,HUN
HUN,1987,both,0,69.56,69.56,69.56,17.19,0.6923999999999999,HUN
HUN,1988,both,0,69.94,69.94,69.94,15.69,0.6969,HUN
HUN,1989,both,0,69.39,69.39,69.39,15.66,0.6825,HUN
HUN,1990,both,0,69.37,69.37,69.37,15.04,0.6809999999999999,HUN
HUN,1991,both,0,69.44,69.44,69.44,15.6,0.6806,HUN
HUN,1992,both,0,69.17,69.17,69.17,13.77,0.6709999999999999,HUN
HUN,1993,both,0,69.18,69.18,69.18,12.27,0.6665000000000001,HUN
HUN,1994,both,0,69.6,69.6,69.6,11.38,0.6744,HUN
HUN,1995,both,0,69.97,69.97,69.97,10.65,0.6816,HUN
HUN,1996,both,0,70.6,70.6,70.6,10.43,0.7001999999999999,HUN
HUN,1997,both,0,71.0,71.0,71.0,9.62,0.7055,HUN
HUN,1998,both,0,70.92,70.92,70.92,9.56,0.7021,HUN
HUN,1999,both,0,71.04,71.04,71.04,8.36,0.7058,HUN
HUN,2000,both,0,71.76,71.76,71.76,9.36,0.72,HUN
HUN,2001,both,0,72.4,72.4,72.4,8.08,0.7321,HUN
HUN,2002,both,0,72.51,72.51,72.51,7.28,0.7341,HUN
HUN,2003,both,0,72.52,72.52,72.52,7.26,0.7337,HUN
HUN,2004,both,0,72.91,72.91,72.91,6.73,0.738,HUN
HUN,2005,both,0,72.86,72.86,72.86,6.3,0.7383,HUN
HUN,2006,both,0,73.34,73.34,73.34,5.84,0.7434999999999999,HUN
HUN,2007,both,0,73.43,73.43,73.43,5.89,0.7448,HUN
HUN,2008,both,0,73.96,73.96,73.96,5.68,0.7535,HUN
HUN,2009,both,0,74.18,74.18,74.18,5.11,0.7573000000000001,HUN
HUN,2010,both,0,74.52,74.52,74.52,5.18,0.7655,HUN
HUN,2011,both,0,74.91,74.91,74.91,4.95,0.773,HUN
HUN,2012,both,0,75.18,75.18,75.18,4.91,0.7812,HUN
HUN,2013,both,0,75.68,75.68,75.68,5.1,0.7907,HUN
HUN,2014,both,0,75.85,75.85,75.85,4.61,0.7923,HUN
HUN,2015,both,0,75.65,75.65,75.65,4.11,0.7911,HUN
HUN,2016,both,0,76.16,76.16,76.16,3.96,0.7981,HUN
HUN,2017,both,0,76.0,76.0,76.0,3.48,0.7984,HUN
HUN,2018,both,0,76.2,76.2,76.2,3.24,0.8007,HUN
HUN,2019,both,0,76.45,76.45,76.45,3.63,0.8069,HUN
HUN,2020,both,0,75.72,75.72,75.72,3.4,0.7985,HUN
IRL,1950,both,0,65.57,65.57,65.57,44.35,0.6586,IRL
IRL,1951,both,0,64.75,64.75,64.75,44.49,0.645,IRL
IRL,1952,both,0,67.16,67.16,67.16,41.77,0.6878,IRL
IRL,1953,both,0,67.91,67.91,67.91,38.67,0.6990000000000001,IRL
IRL,1954,both,0,68.0,68.0,68.0,37.68,0.6990999999999999,IRL
IRL,1955,both,0,68.0,68.0,68.0,36.36,0.7015,IRL
IRL,1956,both,0,68.96,68.96,68.96,35.19,0.7172,IRL
IRL,1957,both,0,69.0,69.0,69.0,33.07,0.7149,IRL
IRL,1958,both,0,69.27,69.27,69.27,34.63,0.7228,IRL
IRL,1959,both,0,69.42,69.42,69.42,31.83,0.7282,IRL
IRL,1960,both,0,70.17,70.17,70.17,28.67,0.7356999999999999,IRL
IRL,1961,both,0,69.64,69.64,69.64,29.38,0.731,IRL
IRL,1962,both,0,69.95,69.95,69.95,29.09,0.7328,IRL
IRL,1963,both,0,70.19,70.19,70.19,26.65,0.7361,IRL
IRL,1964,both,0,70.45,70.45,70.45,26.6,0.7334999999999999,IRL
IRL,1965,both,0,70.64,70.64,70.64,24.76,0.7426999999999999,IRL
IRL,1966,both,0,70.15,70.15,70.15,24.25,0.7361,IRL
IRL,1967,both,0,71.2,71.2,71.2,23.96,0.7505,IRL
IRL,1968,both,0,70.88,70.88,70.88,20.76,0.7426,IRL
IRL,1969,both,0,70.8,70.8,70.8,20.64,0.7406,IRL
IRL,1970,both,0,70.83,70.83,70.83,19.44,0.7394,IRL
IRL,1971,both,0,71.62,71.62,71.62,18.29,0.7534000000000001,IRL
IRL,1972,both,0,70.96,70.96,70.96,18.13,0.7442,IRL
IRL,1973,both,0,71.17,71.17,71.17,17.86,0.7486,IRL
IRL,1974,both,0,71.11,71.11,71.11,17.72,0.7495999999999999,IRL
IRL,1975,both,0,71.69,71.69,71.69,17.18,0.7597,IRL
IRL,1976,both,0,71.8,71.8,71.8,15.53,0.7637,IRL
IRL,1977,both,0,71.94,71.94,71.94,15.59,0.764,IRL
IRL,1978,both,0,71.93,71.93,71.93,14.84,0.7605,IRL
IRL,1979,both,0,72.18,72.18,72.18,12.87,0.7642,IRL
IRL,1980,both,0,72.54,72.54,72.54,11.15,0.7679,IRL
IRL,1981,both,0,72.89,72.89,72.89,10.16,0.7781999999999999,IRL
IRL,1982,both,0,73.16,73.16,73.16,10.4,0.7829,IRL
IRL,1983,both,0,73.18,73.18,73.18,9.82,0.7816,IRL
IRL,1984,both,0,73.62,73.62,73.62,9.49,0.7887000000000001,IRL
IRL,1985,both,0,73.56,73.56,73.56,8.74,0.7912,IRL
IRL,1986,both,0,73.61,73.61,73.61,8.88,0.7934,IRL
IRL,1987,both,0,74.41,74.41,74.41,7.78,0.8048000000000001,IRL
IRL,1988,both,0,74.43,74.43,74.43,8.54,0.8062999999999999,IRL
IRL,1989,both,0,74.45,74.45,74.45,7.91,0.8105,IRL
IRL,1990,both,0,74.84,74.84,74.84,8.24,0.8146,IRL
IRL,1991,both,0,75.03,75.03,75.03,7.54,0.8192,IRL
IRL,1992,both,0,75.43,75.43,75.43,6.34,0.8284999999999999,IRL
IRL,1993,both,0,75.29,75.29,75.29,6.04,0.8271999999999999,IRL
IRL,1994,both,0,75.8,75.8,75.8,5.69,0.8331999999999999,IRL
IRL,1995,both,0,75.48,75.48,75.48,6.33,0.8317,IRL
IRL,1996,both,0,75.83,75.83,75.83,6.16,0.8378,IRL
IRL,1997,both,0,75.98,75.98,75.98,6.21,0.8384999999999999,IRL
IRL,1998,both,0,76.19,76.19,76.19,5.98,0.8412999999999999,IRL
IRL,1999,both,0,76.1,76.1,76.1,5.91,0.8438,IRL
IRL,2000,both,0,76.54,76.54,76.54,6.22,0.8471,IRL
IRL,2001,both,0,77.11,77.11,77.11,6.03,0.8539,IRL
IRL,2002,both,0,77.61,77.61,77.61,5.36,0.8603000000000001,IRL
IRL,2003,both,0,78.12,78.12,78.12,5.38,0.8645999999999999,IRL
IRL,2004,both,0,78.52,78.52,78.52,4.67,0.8689,IRL
IRL,2005,both,0,78.92,78.92,78.92,3.85,0.8744,IRL
IRL,2006,both,0,79.16,79.16,79.16,4.06,0.8774,IRL
IRL,2007,both,0,79.28,79.28,79.28,3.7,0.8764,IRL
IRL,2008,both,0,79.53,79.53,79.53,4.17,0.8783,IRL
IRL,2009,both,0,79.8,79.8,79.8,3.61,0.8795000000000001,IRL
IRL,2010,both,0,80.34,80.34,80.34,3.86,0.8878,IRL
IRL,2011,both,0,80.5,80.5,80.5,3.7,0.8872,IRL
IRL,2012,both,0,80.57,80.57,80.57,3.53,0.8887,IRL
IRL,2013,both,0,80.78,80.78,80.78,3.68,0.8926000000000001,IRL
IRL,2014,both,0,80.99,80.99,80.99,3.66,0.8943000000000001,IRL
IRL,2015,both,0,81.07,81.07,81.07,3.77,0.8973,IRL
IRL,2016,both,0,81.22,81.22,81.22,3.42,0.8989,IRL
IRL,2017,both,0,81.61,81.61,81.61,3.26,0.9031,IRL
IRL,2018,both,0,81.64,81.64,81.64,3.04,0.9018,IRL
IRL,2019,both,0,81.91,81.91,81.91,3.2,0.902,IRL
IRL,2020,both,0,81.9,81.9,81.9,3.36,0.9048,IRL
IRL,2021,both,0,81.7,81.7,81.7,3.61,0.901,IRL
IRL,2022,both,0,81.99,81.99,81.99,3.28,0.9065,IRL
ISL,1838,both,0,32.54,32.54,32.54,308.02,0.2012999999999999,Iceland
ISL,1839,both,0,28.07,28.07,28.07,316.38,0.1572,Iceland
ISL,1840,both,0,32.08,32.08,32.08,300.34,0.2241,Iceland
ISL,1841,both,0,40.35,40.35,40.35,260.8,0.3251,Iceland
ISL,1842,both,0,40.23,40.23,40.23,218.19,0.2703,Iceland
ISL,1843,both,0,25.5,25.5,25.5,356.04,0.0507,Iceland
ISL,1844,both,0,42.97,42.97,42.97,230.31,0.3332,Iceland
ISL,1845,both,0,41.47,41.47,41.47,247.47,0.295,Iceland
ISL,1846,both,0,18.68,18.68,18.68,534.11,0.0527,Iceland
ISL,1847,both,0,33.41,33.41,33.41,364.93,0.2425,Iceland
ISL,1848,both,0,41.78,41.78,41.78,253.18,0.3128,Iceland
ISL,1849,both,0,37.34,37.34,37.34,250.1,0.3162,Iceland
ISL,1850,both,0,36.74,36.74,36.74,253.49,0.3182999999999999,Iceland
ISL,1851,both,0,30.14,30.14,30.14,248.75,0.2203,Iceland
ISL,1852,both,0,42.15,42.15,42.15,219.69,0.335,Iceland
ISL,1853,both,0,48.69,48.69,48.69,202.14,0.4332,Iceland
ISL,1854,both,0,43.16,43.16,43.16,222.11,0.3342,Iceland
ISL,1855,both,0,38.24,38.24,38.24,248.96,0.2364,Iceland
ISL,1856,both,0,42.41,42.41,42.41,236.39,0.3497999999999999,Iceland
ISL,1857,both,0,39.52,39.52,39.52,225.35,0.3309,Iceland
ISL,1858,both,0,34.88,34.88,34.88,225.47,0.2415,Iceland
ISL,1859,both,0,29.82,29.82,29.82,277.18,0.1588,Iceland
ISL,1860,both,0,19.84,19.84,19.84,306.91,0.0907,Iceland
ISL,1861,both,0,27.18,27.18,27.18,268.08,0.1726,Iceland
ISL,1862,both,0,27.1,27.1,27.1,315.55,0.1046,Iceland
ISL,1863,both,0,35.22,35.22,35.22,222.73,0.1812,Iceland
ISL,1864,both,0,34.97,34.97,34.97,235.65,0.2246,Iceland
ISL,1865,both,0,34.24,34.24,34.24,226.21,0.2108,Iceland
ISL,1866,both,0,27.28,27.28,27.28,274.33,0.0838,Iceland
ISL,1867,both,0,37.67,37.67,37.67,248.58,0.2697,Iceland
ISL,1868,both,0,34.79,34.79,34.79,257.2,0.2214999999999999,Iceland
ISL,1869,both,0,28.17,28.17,28.17,309.61,0.1442999999999999,Iceland
ISL,1870,both,0,38.44,38.44,38.44,218.48,0.2515,Iceland
ISL,1871,both,0,35.14,35.14,35.14,246.18,0.2259,Iceland
ISL,1872,both,0,25.31,25.31,25.31,334.27,0.1565,Iceland
ISL,1873,both,0,36.69,36.69,36.69,196.32,0.2084,Iceland
ISL,1874,both,0,39.63,39.63,39.63,165.75,0.3106,Iceland
ISL,1875,both,0,36.61,36.61,36.61,180.41,0.2731,Iceland
ISL,1876,both,0,40.34,40.34,40.34,184.62,0.3252,Iceland
ISL,1877,both,0,44.69,44.69,44.69,143.01,0.3605,Iceland
ISL,1878,both,0,41.37,41.37,41.37,181.92,0.3087999999999999,Iceland
ISL,1879,both,0,39.49,39.49,39.49,139.76,0.2239999999999999,Iceland
ISL,1880,both,0,42.41,42.41,42.41,168.98,0.3373,Iceland
ISL,1881,both,0,35.96,35.96,35.96,224.48,0.2758,Iceland
ISL,1882,both,0,17.94,17.94,17.94,411.1,0.0992,Iceland
ISL,1883,both,0,29.78,29.78,29.78,271.23,0.1846,Iceland
ISL,1884,both,0,42.11,42.11,42.11,151.65,0.314,Iceland
ISL,1885,both,0,45.64,45.64,45.64,148.13,0.3785,Iceland
ISL,1886,both,0,45.05,45.05,45.05,137.05,0.3595,Iceland
ISL,1887,both,0,40.69,40.69,40.69,155.9,0.2692,Iceland
ISL,1888,both,0,46.76,46.76,46.76,129.06,0.3561999999999999,Iceland
ISL,1889,both,0,52.51,52.51,52.51,101.2,0.4224,Iceland
ISL,1890,both,0,36.76,36.76,36.76,228.09,0.2269,Iceland
ISL,1891,both,0,47.33,47.33,47.33,148.99,0.3948,Iceland
ISL,1892,both,0,52.79,52.79,52.79,104.83,0.4403,Iceland
ISL,1893,both,0,52.57,52.57,52.57,91.39,0.4239,Iceland
ISL,1894,both,0,44.8,44.8,44.8,126.68,0.2732,Iceland
ISL,1895,both,0,52.37,52.37,52.37,137.07,0.4487,Iceland
ISL,1896,both,0,53.17,53.17,53.17,104.37,0.4799,Iceland
ISL,1897,both,0,48.58,48.58,48.58,128.39,0.4045,Iceland
ISL,1898,both,0,44.35,44.35,44.35,144.97,0.3261,Iceland
ISL,1899,both,0,49.75,49.75,49.75,92.74,0.381,Iceland
ISL,1900,both,0,46.59,46.59,46.59,126.39,0.3439,Iceland
ISL,1901,both,0,52.93,52.93,52.93,83.3,0.4435,Iceland
ISL,1902,both,0,50.93,50.93,50.93,118.94,0.4608,Iceland
ISL,1903,both,0,48.7,48.7,48.7,122.4,0.434,Iceland
ISL,1904,both,0,52.67,52.67,52.67,77.01,0.4536,Iceland
ISL,1905,both,0,49.45,49.45,49.45,105.98,0.3939,Iceland
ISL,1906,both,0,53.51,53.51,53.51,83.43,0.4639,Iceland
ISL,1907,both,0,49.76,49.76,49.76,115.61,0.4266,Iceland
ISL,1908,both,0,45.71,45.71,45.71,162.19,0.4057,Iceland
ISL,1909,both,0,52.46,52.46,52.46,120.23,0.4897999999999999,Iceland
ISL,1910,both,0,52.64,52.64,52.64,102.11,0.4623,Iceland
ISL,1911,both,0,55.39,55.39,55.39,80.94,0.5062,Iceland
ISL,1912,both,0,55.99,55.99,55.99,66.67,0.5125,Iceland
ISL,1913,both,0,58.94,58.94,58.94,66.04,0.5616,Iceland
ISL,1914,both,0,51.91,51.91,51.91,91.95,0.4415,Iceland
ISL,1915,both,0,53.52,53.52,53.52,69.77,0.4526,Iceland
ISL,1916,both,0,54.41,54.41,54.41,79.7,0.5028,Iceland
ISL,1917,both,0,59.0,59.0,59.0,60.12,0.5672999999999999,Iceland
ISL,1918,both,0,51.07,51.07,51.07,46.6,0.3971,Iceland
ISL,1919,both,0,58.46,58.46,58.46,69.72,0.5649000000000001,Iceland
ISL,1920,both,0,54.63,54.63,54.63,86.17,0.5091,Iceland
ISL,1921,both,0,54.13,54.13,54.13,54.13,0.4717,Iceland
ISL,1922,both,0,56.89,56.89,56.89,54.67,0.5115999999999999,Iceland
ISL,1923,both,0,57.68,57.68,57.68,51.56,0.5284,Iceland
ISL,1924,both,0,54.08,54.08,54.08,55.58,0.4765,Iceland
ISL,1925,both,0,58.22,58.22,58.22,46.63,0.5318,Iceland
ISL,1926,both,0,60.72,60.72,60.72,50.46,0.5721,Iceland
ISL,1927,both,0,58.09,58.09,58.09,79.99,0.5659000000000001,Iceland
ISL,1928,both,0,61.71,61.71,61.71,45.44,0.5887,Iceland
ISL,1929,both,0,60.54,60.54,60.54,43.6,0.5764,Iceland
ISL,1930,both,0,60.18,60.18,60.18,46.99,0.5598,Iceland
ISL,1931,both,0,60.84,60.84,60.84,48.37,0.57,Iceland
ISL,1932,both,0,62.08,62.08,62.08,44.23,0.5934,Iceland
ISL,1933,both,0,62.91,62.91,62.91,41.6,0.6074,Iceland
ISL,1934,both,0,63.35,63.35,63.35,52.3,0.6203,Iceland
ISL,1935,both,0,59.49,59.49,59.49,66.11,0.5803,Iceland
ISL,1936,both,0,62.69,62.69,62.69,47.66,0.6285000000000001,Iceland
ISL,1937,both,0,63.47,63.47,63.47,30.96,0.6282,Iceland
ISL,1938,both,0,65.02,65.02,65.02,28.39,0.6396999999999999,Iceland
ISL,1939,both,0,65.98,65.98,65.98,36.59,0.6725,Iceland
ISL,1940,both,0,65.77,65.77,65.77,36.82,0.6742,Iceland
ISL,1941,both,0,63.12,63.12,63.12,34.74,0.6118,Iceland
ISL,1942,both,0,64.12,64.12,64.12,54.42,0.6347999999999999,Iceland
ISL,1943,both,0,65.22,65.22,65.22,31.07,0.6474,Iceland
ISL,1944,both,0,66.72,66.72,66.72,39.79,0.6833,Iceland
ISL,1945,both,0,67.55,67.55,67.55,34.43,0.688,Iceland
ISL,1946,both,0,68.49,68.49,68.49,28.84,0.6919,Iceland
ISL,1947,both,0,69.32,69.32,69.32,23.32,0.7058,Iceland
ISL,1948,both,0,70.2,70.2,70.2,26.18,0.7351000000000001,Iceland
ISL,1949,both,0,71.39,71.39,71.39,24.15,0.7653,Iceland
ISL,1950,both,0,71.03,71.03,71.03,22.26,0.7426,Iceland
ISL,1951,both,0,71.02,71.02,71.02,26.42,0.7342,Iceland
ISL,1952,both,0,72.44,72.44,72.44,21.01,0.7691,Iceland
ISL,1953,both,0,72.29,72.29,72.29,19.37,0.7815000000000001,Iceland
ISL,1954,both,0,73.34,73.34,73.34,18.21,0.8024,Iceland
ISL,1955,both,0,73.29,73.29,73.29,22.62,0.7918000000000001,Iceland
ISL,1956,both,0,72.92,72.92,72.92,17.7,0.7870999999999999,Iceland
ISL,1957,both,0,73.4,73.4,73.4,17.07,0.7956,Iceland
ISL,1958,both,0,73.35,73.35,73.35,18.48,0.7883,Iceland
ISL,1959,both,0,72.64,72.64,72.64,16.71,0.7684000000000001,Iceland
ISL,1960,both,0,74.06,74.06,74.06,13.21,0.794,Iceland
ISL,1961,both,0,73.39,73.39,73.39,18.44,0.7911,Iceland
ISL,1962,both,0,73.63,73.63,73.63,17.35,0.7956,Iceland
ISL,1963,both,0,72.96,72.96,72.96,17.19,0.7763,Iceland
ISL,1964,both,0,73.53,73.53,73.53,17.54,0.7931,Iceland
ISL,1965,both,0,73.81,73.81,73.81,15.07,0.7848,Iceland
ISL,1966,both,0,73.15,73.15,73.15,13.76,0.7842,Iceland
ISL,1967,both,0,73.7,73.7,73.7,12.97,0.7966,Iceland
ISL,1968,both,0,73.89,73.89,73.89,13.51,0.7943000000000001,Iceland
ISL,1969,both,0,73.67,73.67,73.67,11.6,0.7897,Iceland
ISL,1970,both,0,73.79,73.79,73.79,12.93,0.7867000000000001,Iceland
ISL,1971,both,0,73.51,73.51,73.51,13.64,0.7845,Iceland
ISL,1972,both,0,74.42,74.42,74.42,12.03,0.7868,Iceland
ISL,1973,both,0,74.29,74.29,74.29,9.51,0.7951,Iceland
ISL,1974,both,0,74.3,74.3,74.3,11.4,0.7879999999999999,Iceland
ISL,1975,both,0,75.3,75.3,75.3,12.99,0.7998000000000001,Iceland
ISL,1976,both,0,76.68,76.68,76.68,7.72,0.826,Iceland
ISL,1977,both,0,76.08,76.08,76.08,9.35,0.8240999999999999,Iceland
ISL,1978,both,0,76.38,76.38,76.38,11.81,0.8122,Iceland
ISL,1979,both,0,76.58,76.58,76.58,5.53,0.8136,Iceland
ISL,1980,both,0,76.6,76.6,76.6,7.67,0.8298000000000001,Iceland
ISL,1981,both,0,76.3,76.3,76.3,5.93,0.8288,Iceland
ISL,1982,both,0,76.93,76.93,76.93,7.01,0.8340000000000001,Iceland
ISL,1983,both,0,76.56,76.56,76.56,5.69,0.8312999999999999,Iceland
ISL,1984,both,0,77.39,77.39,77.39,5.61,0.8462999999999999,Iceland
ISL,1985,both,0,77.51,77.51,77.51,5.54,0.8547,Iceland
ISL,1986,both,0,78.02,78.02,78.02,3.1,0.8501000000000001,Iceland
ISL,1987,both,0,77.19,77.19,77.19,7.47,0.8456999999999999,Iceland
ISL,1988,both,0,77.04,77.04,77.04,6.5,0.836,Iceland
ISL,1989,both,0,78.11,78.11,78.11,5.43,0.861,Iceland
ISL,1990,both,0,77.91,77.91,77.91,5.92,0.8481000000000001,Iceland
ISL,1991,both,0,77.89,77.89,77.89,5.32,0.8548,Iceland
ISL,1992,both,0,78.73,78.73,78.73,4.8,0.8686,Iceland
ISL,1993,both,0,78.94,78.94,78.94,4.67,0.8745999999999999,Iceland
ISL,1994,both,0,79.19,79.19,79.19,3.09,0.871,Iceland
ISL,1995,both,0,77.99,77.99,77.99,5.92,0.8628,Iceland
ISL,1996,both,0,78.81,78.81,78.81,3.71,0.8764,Iceland
ISL,1997,both,0,78.86,78.86,78.86,5.34,0.8658,Iceland
ISL,1998,both,0,79.62,79.62,79.62,2.62,0.8881999999999999,Iceland
ISL,1999,both,0,79.41,79.41,79.41,2.38,0.8798,Iceland
ISL,2000,both,0,79.7,79.7,79.7,3.05,0.8772,Iceland
ISL,2001,both,0,80.57,80.57,80.57,2.57,0.8917,Iceland
ISL,2002,both,0,80.43,80.43,80.43,2.17,0.8883,Iceland
ISL,2003,both,0,81.0,81.0,81.0,2.44,0.9024,Iceland
ISL,2004,both,0,80.9,80.9,80.9,2.82,0.8954000000000001,Iceland
ISL,2005,both,0,81.37,81.37,81.37,2.36,0.9016,Iceland
ISL,2006,both,0,81.08,81.08,81.08,1.36,0.8963,Iceland
ISL,2007,both,0,81.24,81.24,81.24,2.0,0.9031,Iceland
ISL,2008,both,0,81.42,81.42,81.42,2.52,0.9111,Iceland
ISL,2009,both,0,81.62,81.62,81.62,1.83,0.909,Iceland
ISL,2010,both,0,81.73,81.73,81.73,2.22,0.9142,Iceland
ISL,2011,both,0,82.11,82.11,82.11,0.85,0.9138,Iceland
ISL,2012,both,0,82.55,82.55,82.55,1.13,0.9121,Iceland
ISL,2013,both,0,81.86,81.86,81.86,1.8,0.9134,Iceland
ISL,2014,both,0,82.57,82.57,82.57,2.08,0.9117,Iceland
ISL,2015,both,0,82.3,82.3,82.3,2.12,0.9165,Iceland
ISL,2016,both,0,81.99,81.99,81.99,0.74,0.9166,Iceland
ISL,2017,both,0,82.32,82.32,82.32,2.72,0.916,Iceland
ISL,2018,both,0,82.56,82.56,82.56,1.7,0.9138,Iceland
ISL,2019,both,0,82.9,82.9,82.9,1.15,0.9134,Iceland
ISL,2020,both,0,82.76,82.76,82.76,2.87,0.9128,Iceland
ISL,2021,both,0,82.89,82.89,82.89,3.38,0.9145,Iceland
ISL,2022,both,0,82.05,82.05,82.05,1.29,0.9108,Iceland
ISL,2023,both,0,82.29,82.29,82.29,2.3,0.9033,Iceland
ISR,1983,both,0,74.82,74.82,74.82,13.89,0.8172,ISR
ISR,1984,both,0,75.12,75.12,75.12,12.67,0.8190999999999999,ISR
ISR,1985,both,0,75.45,75.45,75.45,11.92,0.825,ISR
ISR,1986,both,0,75.27,75.27,75.27,11.61,0.8217,ISR
ISR,1987,both,0,75.66,75.66,75.66,11.02,0.8255,ISR
ISR,1988,both,0,76.02,76.02,76.02,10.09,0.8321,ISR
ISR,1989,both,0,76.61,76.61,76.61,10.04,0.8392000000000001,ISR
ISR,1990,both,0,77.08,77.08,77.08,9.94,0.8452,ISR
ISR,1991,both,0,76.94,76.94,76.94,9.19,0.8447,ISR
ISR,1992,both,0,76.8,76.8,76.8,9.52,0.8422,ISR
ISR,1993,both,0,77.39,77.39,77.39,7.8,0.8504,ISR
ISR,1994,both,0,77.64,77.64,77.64,7.58,0.8540000000000001,ISR
ISR,1995,both,0,77.62,77.62,77.62,6.81,0.8564,ISR
ISR,1996,both,0,78.23,78.23,78.23,6.36,0.8618000000000001,ISR
ISR,1997,both,0,78.16,78.16,78.16,6.47,0.8634000000000001,ISR
ISR,1998,both,0,78.36,78.36,78.36,6.02,0.8639,ISR
ISR,1999,both,0,78.65,78.65,78.65,5.89,0.8708,ISR
ISR,2000,both,0,78.85,78.85,78.85,5.5,0.872,ISR
ISR,2001,both,0,79.27,79.27,79.27,5.12,0.8771,ISR
ISR,2002,both,0,79.28,79.28,79.28,5.43,0.8771,ISR
ISR,2003,both,0,79.64,79.64,79.64,5.04,0.8820999999999999,ISR
ISR,2004,both,0,80.11,80.11,80.11,4.65,0.8868,ISR
ISR,2005,both,0,80.2,80.2,80.2,4.35,0.8861,ISR
ISR,2006,both,0,80.57,80.57,80.57,4.06,0.8917,ISR
ISR,2007,both,0,80.67,80.67,80.67,3.95,0.8939,ISR
ISR,2008,both,0,81.02,81.02,81.02,3.91,0.8956999999999999,ISR
ISR,2009,both,0,81.53,81.53,81.53,3.93,0.9004000000000001,ISR
ISR,2010,both,0,81.67,81.67,81.67,3.72,0.9026,ISR
ISR,2011,both,0,81.72,81.72,81.72,3.53,0.9017,ISR
ISR,2012,both,0,81.77,81.77,81.77,3.61,0.9057,ISR
ISR,2013,both,0,82.12,82.12,82.12,3.14,0.9055,ISR
ISR,2014,both,0,82.26,82.26,82.26,3.15,0.9076,ISR
ISR,2015,both,0,82.16,82.16,82.16,3.15,0.9088,ISR
ISR,2016,both,0,82.5,82.5,82.5,3.15,0.9098,ISR
ITA,1872,both,0,29.76,29.76,29.76,233.41,0.2122,Italy
ITA,1873,both,0,31.66,31.66,31.66,207.17,0.2255,Italy
ITA,1874,both,0,31.81,31.81,31.81,214.31,0.2246999999999999,Italy
ITA,1875,both,0,31.39,31.39,31.39,218.2,0.2244,Italy
ITA,1876,both,0,33.67,33.67,33.67,203.88,0.2498999999999999,Italy
ITA,1877,both,0,34.96,34.96,34.96,199.28,0.2603999999999999,Italy
ITA,1878,both,0,34.39,34.39,34.39,199.18,0.2517,Italy
ITA,1879,both,0,34.01,34.01,34.01,207.26,0.2487,Italy
ITA,1880,both,0,32.82,32.82,32.82,213.27,0.2307,Italy
ITA,1881,both,0,34.27,34.27,34.27,219.57,0.2666,Italy
ITA,1882,both,0,34.35,34.35,34.35,214.4,0.2739,Italy
ITA,1883,both,0,35.23,35.23,35.23,196.02,0.2822,Italy
ITA,1884,both,0,36.67,36.67,36.67,187.87,0.2930999999999999,Italy
ITA,1885,both,0,36.92,36.92,36.92,189.75,0.3005,Italy
ITA,1886,both,0,35.18,35.18,35.18,193.04,0.2706,Italy
ITA,1887,both,0,36.05,36.05,36.05,195.5,0.2853,Italy
ITA,1888,both,0,37.02,37.02,37.02,193.5,0.2974,Italy
ITA,1889,both,0,39.13,39.13,39.13,184.28,0.3289,Italy
ITA,1890,both,0,38.58,38.58,38.58,189.03,0.3173999999999999,Italy
ITA,1891,both,0,38.55,38.55,38.55,185.15,0.3254999999999999,Italy
ITA,1892,both,0,38.93,38.93,38.93,181.96,0.3214,Italy
ITA,1893,both,0,39.88,39.88,39.88,178.07,0.3356,Italy
ITA,1894,both,0,40.0,40.0,40.0,178.38,0.3363,Italy
ITA,1895,both,0,39.69,39.69,39.69,184.0,0.3337,Italy
ITA,1896,both,0,40.76,40.76,40.76,175.83,0.345,Italy
ITA,1897,both,0,43.35,43.35,43.35,163.4,0.3799,Italy
ITA,1898,both,0,42.38,42.38,42.38,167.22,0.3642,Italy
ITA,1899,both,0,43.71,43.71,43.71,155.96,0.3797,Italy
ITA,1900,both,0,41.85,41.85,41.85,167.62,0.3550999999999999,Italy
ITA,1901,both,0,43.64,43.64,43.64,163.71,0.3803,Italy
ITA,1902,both,0,43.01,43.01,43.01,172.93,0.3791,Italy
ITA,1903,both,0,43.2,43.2,43.2,165.24,0.3743999999999999,Italy
ITA,1904,both,0,44.4,44.4,44.4,163.34,0.3924,Italy
ITA,1905,both,0,43.99,43.99,43.99,162.72,0.385,Italy
ITA,1906,both,0,45.11,45.11,45.11,158.13,0.4040999999999999,Italy
ITA,1907,both,0,45.48,45.48,45.48,152.98,0.4034,Italy
ITA,1908,both,0,43.11,43.11,43.11,168.51,0.3712,Italy
ITA,1909,both,0,44.8,44.8,44.8,152.2,0.3935,Italy
ITA,1910,both,0,46.72,46.72,46.72,144.92,0.4244,Italy
ITA,1911,both,0,44.83,44.83,44.83,154.08,0.3964,Italy
ITA,1912,both,0,48.85,48.85,48.85,134.14,0.4552,Italy
ITA,1913,both,0,48.49,48.49,48.49,134.0,0.4503999999999999,Italy
ITA,1914,both,0,49.86,49.86,49.86,129.26,0.4632,Italy
ITA,1915,both,0,42.63,42.63,42.63,147.04,0.3636999999999999,Italy
ITA,1916,both,0,39.71,39.71,39.71,145.02,0.3265,Italy
ITA,1917,both,0,38.08,38.08,38.08,142.9,0.2935999999999999,Italy
ITA,1918,both,0,25.82,25.82,25.82,182.83,0.1328,Italy
ITA,1919,both,0,41.7,41.7,41.7,155.89,0.3396,Italy
ITA,1920,both,0,45.82,45.82,45.82,139.59,0.4049,Italy
ITA,1921,both,0,49.17,49.17,49.17,137.38,0.4617,Italy
ITA,1922,both,0,50.12,50.12,50.12,126.12,0.4673,Italy
ITA,1923,both,0,51.48,51.48,51.48,121.64,0.4904,Italy
ITA,1924,both,0,51.53,51.53,51.53,121.4,0.482,Italy
ITA,1925,both,0,51.28,51.28,51.28,118.85,0.4797,Italy
ITA,1926,both,0,50.96,50.96,50.96,123.92,0.479,Italy
ITA,1927,both,0,52.57,52.57,52.57,119.55,0.5021,Italy
ITA,1928,both,0,52.66,52.66,52.66,118.33,0.5038,Italy
ITA,1929,both,0,52.27,52.27,52.27,121.65,0.4952,Italy
ITA,1930,both,0,55.17,55.17,55.17,107.97,0.5366,Italy
ITA,1931,both,0,54.8,54.8,54.8,108.19,0.5297,Italy
ITA,1932,both,0,54.74,54.74,54.74,108.19,0.5278,Italy
ITA,1933,both,0,56.25,56.25,56.25,100.23,0.5477000000000001,Italy
ITA,1934,both,0,56.88,56.88,56.88,97.15,0.5589,Italy
ITA,1935,both,0,56.2,56.2,56.2,100.68,0.5479999999999999,Italy
ITA,1936,both,0,56.74,56.74,56.74,97.53,0.5545,Italy
ITA,1937,both,0,55.4,55.4,55.4,110.14,0.5392,Italy
ITA,1938,both,0,56.15,56.15,56.15,106.81,0.5526,Italy
ITA,1939,both,0,57.6,57.6,57.6,97.18,0.5711999999999999,Italy
ITA,1940,both,0,56.95,56.95,56.95,102.07,0.5631,Italy
ITA,1941,both,0,54.77,54.77,54.77,106.23,0.531,Italy
ITA,1942,both,0,52.45,52.45,52.45,112.83,0.4945,Italy
ITA,1943,both,0,49.44,49.44,49.44,111.89,0.4378,Italy
ITA,1944,both,0,52.49,52.49,52.49,99.78,0.4775999999999999,Italy
ITA,1945,both,0,54.86,54.86,54.86,103.35,0.526,Italy
ITA,1946,both,0,58.94,58.94,58.94,97.22,0.5988,Italy
ITA,1947,both,0,61.2,61.2,61.2,83.55,0.6248,Italy
ITA,1948,both,0,63.42,63.42,63.42,72.58,0.6547,Italy
ITA,1949,both,0,64.15,64.15,64.15,70.65,0.6694,Italy
ITA,1950,both,0,65.72,65.72,65.72,63.75,0.6876000000000001,Italy
ITA,1951,both,0,65.31,65.31,65.31,64.36,0.6836,Italy
ITA,1952,both,0,65.91,65.91,65.91,62.88,0.6934999999999999,Italy
ITA,1953,both,0,66.57,66.57,66.57,57.89,0.7026,Italy
ITA,1954,both,0,67.86,67.86,67.86,54.04,0.7190000000000001,Italy
ITA,1955,both,0,68.25,68.25,68.25,50.55,0.7237,Italy
ITA,1956,both,0,67.64,67.64,67.64,48.61,0.7141,Italy
ITA,1957,both,0,67.78,67.78,67.78,50.38,0.7134999999999999,Italy
ITA,1958,both,0,68.85,68.85,68.85,47.9,0.7311,Italy
ITA,1959,both,0,69.3,69.3,69.3,46.16,0.7356,Italy
ITA,1960,both,0,69.21,69.21,69.21,43.88,0.7345,Italy
ITA,1961,both,0,69.82,69.82,69.82,41.66,0.7409,Italy
ITA,1962,both,0,69.22,69.22,69.22,42.21,0.7326,Italy
ITA,1963,both,0,69.31,69.31,69.31,40.55,0.7333,Italy
ITA,1964,both,0,70.38,70.38,70.38,37.03,0.7474,Italy
ITA,1965,both,0,70.26,70.26,70.26,35.31,0.7471,Italy
ITA,1966,both,0,71.0,71.0,71.0,34.39,0.7579,Italy
ITA,1967,both,0,71.03,71.03,71.03,32.7,0.7589,Italy
ITA,1968,both,0,70.87,70.87,70.87,32.19,0.7578,Italy
ITA,1969,both,0,70.86,70.86,70.86,30.97,0.7531,Italy
ITA,1970,both,0,71.63,71.63,71.63,29.13,0.7668,Italy
ITA,1971,both,0,71.88,71.88,71.88,28.77,0.7705,Italy
ITA,1972,both,0,72.14,72.14,72.14,26.88,0.7728,Italy
ITA,1973,both,0,72.11,72.11,72.11,25.87,0.7757,Italy
ITA,1974,both,0,72.8,72.8,72.8,22.88,0.7837000000000001,Italy
ITA,1975,both,0,72.73,72.73,72.73,20.51,0.7828,Italy
ITA,1976,both,0,73.07,73.07,73.07,18.91,0.787,Italy
ITA,1977,both,0,73.44,73.44,73.44,17.62,0.7926000000000001,Italy
ITA,1978,both,0,73.78,73.78,73.78,16.71,0.7962,Italy
ITA,1979,both,0,74.11,74.11,74.11,15.18,0.8004000000000001,Italy
ITA,1980,both,0,74.05,74.05,74.05,14.31,0.8006,Italy
ITA,1981,both,0,74.44,74.44,74.44,14.01,0.8061,Italy
ITA,1982,both,0,74.91,74.91,74.91,12.97,0.8122,Italy
ITA,1983,both,0,74.73,74.73,74.73,11.86,0.8109999999999999,Italy
ITA,1984,both,0,75.49,75.49,75.49,11.08,0.8199,Italy
ITA,1985,both,0,75.6,75.6,75.6,10.23,0.823,Italy
ITA,1986,both,0,75.91,75.91,75.91,9.87,0.8271,Italy
ITA,1987,both,0,76.34,76.34,76.34,9.66,0.831,Italy
ITA,1988,both,0,76.52,76.52,76.52,9.28,0.8347,Italy
ITA,1989,both,0,76.92,76.92,76.92,8.56,0.8395999999999999,Italy
ITA,1990,both,0,76.99,76.99,76.99,8.13,0.8422,Italy
ITA,1991,both,0,76.99,76.99,76.99,8.4,0.8417,Italy
ITA,1992,both,0,77.36,77.36,77.36,8.22,0.8469,Italy
ITA,1993,both,0,77.65,77.65,77.65,6.94,0.852,Italy
ITA,1994,both,0,77.87,77.87,77.87,6.43,0.8545999999999999,Italy
ITA,1995,both,0,78.12,78.12,78.12,6.16,0.8578,Italy
ITA,1996,both,0,78.43,78.43,78.43,6.12,0.8619,Italy
ITA,1997,both,0,78.73,78.73,78.73,5.47,0.8668,Italy
ITA,1998,both,0,78.81,78.81,78.81,5.38,0.8691,Italy
ITA,1999,both,0,79.21,79.21,79.21,5.13,0.8744,Italy
ITA,2000,both,0,79.61,79.61,79.61,4.53,0.8784000000000001,Italy
ITA,2001,both,0,79.89,79.89,79.89,4.66,0.8809999999999999,Italy
ITA,2002,both,0,80.11,80.11,80.11,4.42,0.8844,Italy
ITA,2003,both,0,80.19,80.19,80.19,3.73,0.8876999999999999,Italy
ITA,2004,both,0,81.02,81.02,81.02,3.81,0.8936,Italy
ITA,2005,both,0,81.02,81.02,81.02,3.59,0.8959,Italy
ITA,2006,both,0,81.41,81.41,81.41,3.45,0.8984000000000001,Italy
ITA,2007,both,0,81.49,81.49,81.49,3.31,0.9004000000000001,Italy
ITA,2008,both,0,81.64,81.64,81.64,3.34,0.9024,Italy
ITA,2009,both,0,81.76,81.76,81.76,3.43,0.9035,Italy
ITA,2010,both,0,82.13,82.13,82.13,3.18,0.9078,Italy
ITA,2011,both,0,82.23,82.23,82.23,3.08,0.9087,Italy
ITA,2012,both,0,82.25,82.25,82.25,2.98,0.91,Italy
ITA,2013,both,0,82.65,82.65,82.65,2.91,0.9129,Italy
ITA,2014,both,0,82.9,82.9,82.9,2.74,0.9148,Italy
ITA,2015,both,0,82.51,82.51,82.51,2.85,0.9129,Italy
ITA,2016,both,0,83.04,83.04,83.04,2.81,0.9167,Italy
ITA,2017,both,0,82.72,82.72,82.72,2.87,0.9143,Italy
ITA,2018,both,0,83.19,83.19,83.19,2.84,0.9178,Italy
ITA,2019,both,0,83.35,83.35,83.35,2.48,0.9202,Italy
ITA,2020,both,0,82.19,82.19,82.19,2.46,0.9131,Italy
ITA,2021,both,0,82.54,82.54,82.54,2.58,0.9128,Italy
ITA,2022,both,0,82.68,82.68,82.68,2.49,0.9168,Italy
ITA,2023,both,0,83.38,83.38,83.38,2.54,0.9211,Italy
JPN,1947,both,0,51.71,51.71,51.71,84.45,0.442,Japan
JPN,1948,both,0,56.84,56.84,56.84,61.37,0.5104,Japan
JPN,1949,both,0,57.72,57.72,57.72,62.66,0.5297,Japan
JPN,1950,both,0,59.23,59.23,59.23,56.11,0.5543,Japan
JPN,1951,both,0,60.96,60.96,60.96,53.61,0.5857,Japan
JPN,1952,both,0,62.97,62.97,62.97,47.6,0.6175999999999999,Japan
JPN,1953,both,0,63.3,63.3,63.3,46.83,0.626,Japan
JPN,1954,both,0,64.51,64.51,64.51,43.4,0.6428,Japan
JPN,1955,both,0,65.68,65.68,65.68,38.99,0.6622,Japan
JPN,1956,both,0,65.53,65.53,65.53,39.64,0.6612,Japan
JPN,1957,both,0,65.41,65.41,65.41,38.36,0.6595,Japan
JPN,1958,both,0,67.01,67.01,67.01,35.36,0.6854,Japan
JPN,1959,both,0,67.43,67.43,67.43,32.88,0.6936,Japan
JPN,1960,both,0,67.69,67.69,67.69,30.56,0.6994,Japan
JPN,1961,both,0,68.34,68.34,68.34,28.45,0.7112,Japan
JPN,1962,both,0,68.64,68.64,68.64,26.44,0.7173999999999999,Japan
JPN,1963,both,0,69.72,69.72,69.72,23.29,0.7331,Japan
JPN,1964,both,0,70.17,70.17,70.17,20.87,0.7413,Japan
JPN,1965,both,0,70.23,70.23,70.23,19.35,0.7443000000000001,Japan
JPN,1966,both,0,71.03,71.03,71.03,16.83,0.7552,Japan
JPN,1967,both,0,71.38,71.38,71.38,16.87,0.7628,Japan
JPN,1968,both,0,71.65,71.65,71.65,15.36,0.7678,Japan
JPN,1969,both,0,71.9,71.9,71.9,14.17,0.7722,Japan
JPN,1970,both,0,71.99,71.99,71.99,13.48,0.7754000000000001,Japan
JPN,1971,both,0,72.81,72.81,72.81,12.77,0.7888,Japan
JPN,1972,both,0,73.24,73.24,73.24,11.78,0.7954000000000001,Japan
JPN,1973,both,0,73.41,73.41,73.41,11.37,0.8012,Japan
JPN,1974,both,0,73.84,73.84,73.84,10.65,0.809,Japan
JPN,1975,both,0,74.35,74.35,74.35,9.69,0.8167,Japan
JPN,1976,both,0,74.75,74.75,74.75,9.15,0.8234,Japan
JPN,1977,both,0,75.31,75.31,75.31,8.79,0.83,Japan
JPN,1978,both,0,75.65,75.65,75.65,8.28,0.8354,Japan
JPN,1979,both,0,76.16,76.16,76.16,7.76,0.8405,Japan
JPN,1980,both,0,76.13,76.13,76.13,7.34,0.8419,Japan
JPN,1981,both,0,76.55,76.55,76.55,7.02,0.8464,Japan
JPN,1982,both,0,77.07,77.07,77.07,6.58,0.8508,Japan
JPN,1983,both,0,77.1,77.1,77.1,6.21,0.8506,Japan
JPN,1984,both,0,77.5,77.5,77.5,5.97,0.8543999999999999,Japan
JPN,1985,both,0,77.8,77.8,77.8,5.43,0.858,Japan
JPN,1986,both,0,78.21,78.21,78.21,5.17,0.8615999999999999,Japan
JPN,1987,both,0,78.63,78.63,78.63,4.91,0.8645999999999999,Japan
JPN,1988,both,0,78.54,78.54,78.54,4.75,0.8654000000000001,Japan
JPN,1989,both,0,78.98,78.98,78.98,4.46,0.8687,Japan
JPN,1990,both,0,78.99,78.99,78.99,4.55,0.8694,Japan
JPN,1991,both,0,79.26,79.26,79.26,4.47,0.871,Japan
JPN,1992,both,0,79.3,79.3,79.3,4.51,0.8706,Japan
JPN,1993,both,0,79.44,79.44,79.44,4.31,0.8721,Japan
JPN,1994,both,0,79.83,79.83,79.83,4.39,0.8759999999999999,Japan
JPN,1995,both,0,79.68,79.68,79.68,4.17,0.8744,Japan
JPN,1996,both,0,80.36,80.36,80.36,3.83,0.8795999999999999,Japan
JPN,1997,both,0,80.58,80.58,80.58,3.67,0.8823000000000001,Japan
JPN,1998,both,0,80.65,80.65,80.65,3.67,0.8812000000000001,Japan
JPN,1999,both,0,80.62,80.62,80.62,3.38,0.8819,Japan
JPN,2000,both,0,81.19,81.19,81.19,3.28,0.8859,Japan
JPN,2001,both,0,81.52,81.52,81.52,3.08,0.8889,Japan
JPN,2002,both,0,81.81,81.81,81.81,3.01,0.8913,Japan
JPN,2003,both,0,81.87,81.87,81.87,2.97,0.8915000000000001,Japan
JPN,2004,both,0,82.15,82.15,82.15,2.82,0.8933,Japan
JPN,2005,both,0,82.03,82.03,82.03,2.75,0.8931999999999999,Japan
JPN,2006,both,0,82.4,82.4,82.4,2.68,0.8966,Japan
JPN,2007,both,0,82.58,82.58,82.58,2.6,0.8984000000000001,Japan
JPN,2008,both,0,82.66,82.66,82.66,2.58,0.8998999999999999,Japan
JPN,2009,both,0,83.0,83.0,83.0,2.39,0.9019,Japan
JPN,2010,both,0,82.95,82.95,82.95,2.33,0.9026,Japan
JPN,2011,both,0,82.7,82.7,82.7,2.35,0.8994,Japan
JPN,2012,both,0,83.21,83.21,83.21,2.22,0.9076,Japan
JPN,2013,both,0,83.44,83.44,83.44,2.13,0.9095,Japan
JPN,2014,both,0,83.68,83.68,83.68,2.08,0.9118,Japan
JPN,2015,both,0,83.92,83.92,83.92,1.95,0.9148,Japan
JPN,2016,both,0,84.09,84.09,84.09,1.99,0.9163,Japan
JPN,2017,both,0,84.22,84.22,84.22,1.84,0.9188,Japan
JPN,2018,both,0,84.32,84.32,84.32,1.88,0.9194,Japan
JPN,2019,both,0,84.46,84.46,84.46,1.87,0.9203,Japan
JPN,2020,both,0,84.71,84.71,84.71,1.8,0.9211,Japan
JPN,2021,both,0,84.58,84.58,84.58,1.74,0.9211,Japan
JPN,2022,both,0,84.1,84.1,84.1,1.71,0.9191,Japan
JPN,2023,both,0,84.15,84.15,84.15,1.76,0.9189,Japan
KOR,2003,both,0,77.34,77.34,77.34,5.42,0.8462999999999999,KOR
KOR,2004,both,0,77.84,77.84,77.84,4.82,0.8534,KOR
KOR,2005,both,0,78.34,78.34,78.34,4.25,0.8613,KOR
KOR,2006,both,0,78.9,78.9,78.9,4.07,0.8703,KOR
KOR,2007,both,0,79.27,79.27,79.27,3.83,0.8745,KOR
KOR,2008,both,0,79.79,79.79,79.79,3.4,0.8794,KOR
KOR,2009,both,0,80.23,80.23,80.23,3.25,0.8812000000000001,KOR
KOR,2010,both,0,80.4,80.4,80.4,3.49,0.8845000000000001,KOR
KOR,2011,both,0,80.84,80.84,80.84,3.12,0.889,KOR
KOR,2012,both,0,81.01,81.01,81.01,3.08,0.8939,KOR
KOR,2013,both,0,81.53,81.53,81.53,2.92,0.8972,KOR
KOR,2014,both,0,81.97,81.97,81.97,3.1,0.9015,KOR
KOR,2015,both,0,82.2,82.2,82.2,2.8,0.9053,KOR
KOR,2016,both,0,82.51,82.51,82.51,2.8,0.9079,KOR
KOR,2017,both,0,82.86,82.86,82.86,2.71,0.9126,KOR
KOR,2018,both,0,82.89,82.89,82.89,2.81,0.9125,KOR
KOR,2019,both,0,83.43,83.43,83.43,2.68,0.9151,KOR
KOR,2020,both,0,83.62,83.62,83.62,2.41,0.917,KOR
KOR,2021,both,0,83.72,83.72,83.72,2.4,0.9181,KOR
KOR,2022,both,0,82.79,82.79,82.79,2.27,0.915,KOR
KOR,2023,both,0,83.57,83.57,83.57,2.39,0.9186,KOR
LTU,1959,both,0,67.73,67.73,67.73,51.89,0.7023999999999999,LTU
LTU,1960,both,0,70.28,70.28,70.28,37.95,0.7276,LTU
LTU,1961,both,0,70.45,70.45,70.45,35.34,0.7356,LTU
LTU,1962,both,0,69.43,69.43,69.43,35.0,0.7221,LTU
LTU,1963,both,0,70.56,70.56,70.56,34.14,0.7345,LTU
LTU,1964,both,0,71.93,71.93,71.93,29.45,0.7537999999999999,LTU
LTU,1965,both,0,71.69,71.69,71.69,24.19,0.7509,LTU
LTU,1966,both,0,71.87,71.87,71.87,23.3,0.7534000000000001,LTU
LTU,1967,both,0,71.95,71.95,71.95,20.23,0.7548999999999999,LTU
LTU,1968,both,0,71.63,71.63,71.63,19.86,0.7473000000000001,LTU
LTU,1969,both,0,71.23,71.23,71.23,21.11,0.741,LTU
LTU,1970,both,0,71.1,71.1,71.1,19.82,0.74,LTU
LTU,1971,both,0,72.04,72.04,72.04,14.93,0.7502,LTU
LTU,1972,both,0,71.31,71.31,71.31,17.03,0.7431,LTU
LTU,1973,both,0,71.62,71.62,71.62,17.56,0.7441,LTU
LTU,1974,both,0,71.54,71.54,71.54,19.34,0.7378,LTU
LTU,1975,both,0,71.11,71.11,71.11,19.42,0.7328,LTU
LTU,1976,both,0,71.22,71.22,71.22,18.21,0.7338,LTU
LTU,1977,both,0,71.06,71.06,71.06,17.07,0.7268000000000001,LTU
LTU,1978,both,0,70.85,70.85,70.85,18.36,0.7237,LTU
LTU,1979,both,0,70.72,70.72,70.72,17.09,0.7204,LTU
LTU,1980,both,0,70.7,70.7,70.7,14.41,0.7170000000000001,LTU
LTU,1981,both,0,70.69,70.69,70.69,16.5,0.7139,LTU
LTU,1982,both,0,71.07,71.07,71.07,15.12,0.7167,LTU
LTU,1983,both,0,71.01,71.01,71.01,14.31,0.7164,LTU
LTU,1984,both,0,70.54,70.54,70.54,13.3,0.7082999999999999,LTU
LTU,1985,both,0,70.74,70.74,70.74,14.14,0.7173,LTU
LTU,1986,both,0,72.39,72.39,72.39,11.53,0.7478,LTU
LTU,1987,both,0,72.23,72.23,72.23,12.15,0.7437999999999999,LTU
LTU,1988,both,0,72.03,72.03,72.03,11.17,0.7391,LTU
LTU,1989,both,0,71.66,71.66,71.66,10.61,0.7287,LTU
LTU,1990,both,0,71.37,71.37,71.37,10.46,0.7198,LTU
LTU,1991,both,0,70.51,70.51,70.51,14.25,0.6992,LTU
LTU,1992,both,0,70.34,70.34,70.34,16.17,0.6965,LTU
LTU,1993,both,0,68.94,68.94,68.94,14.62,0.6626000000000001,LTU
LTU,1994,both,0,68.5,68.5,68.5,13.6,0.6481,LTU
LTU,1995,both,0,69.02,69.02,69.02,12.36,0.6561,LTU
LTU,1996,both,0,70.2,70.2,70.2,9.89,0.684,LTU
LTU,1997,both,0,71.03,71.03,71.03,10.17,0.7067,LTU
LTU,1998,both,0,71.33,71.33,71.33,9.19,0.7116,LTU
LTU,1999,both,0,71.72,71.72,71.72,8.56,0.7191,LTU
LTU,2000,both,0,72.15,72.15,72.15,8.39,0.7254999999999999,LTU
LTU,2001,both,0,71.71,71.71,71.71,7.72,0.713,LTU
LTU,2002,both,0,71.84,71.84,71.84,7.91,0.7162000000000001,LTU
LTU,2003,both,0,72.09,72.09,72.09,7.01,0.7175,LTU
LTU,2004,both,0,72.01,72.01,72.01,8.03,0.7121,LTU
LTU,2005,both,0,71.25,71.25,71.25,7.12,0.6931,LTU
LTU,2006,both,0,70.97,70.97,70.97,7.34,0.6820999999999999,LTU
LTU,2007,both,0,70.7,70.7,70.7,6.46,0.6737000000000001,LTU
LTU,2008,both,0,71.7,71.7,71.7,5.67,0.6948000000000001,LTU
LTU,2009,both,0,72.86,72.86,72.86,5.68,0.725,LTU
LTU,2010,both,0,73.2,73.2,73.2,4.83,0.7304999999999999,LTU
LTU,2011,both,0,73.61,73.61,73.61,4.68,0.7387,LTU
LTU,2012,both,0,73.98,73.98,73.98,3.99,0.747,LTU
LTU,2013,both,0,74.05,74.05,74.05,3.7,0.7489,LTU
LTU,2014,both,0,74.63,74.63,74.63,4.07,0.7631999999999999,LTU
LTU,2015,both,0,74.53,74.53,74.53,4.41,0.7645000000000001,LTU
LTU,2016,both,0,74.9,74.9,74.9,4.61,0.769,LTU
LTU,2017,both,0,75.79,75.79,75.79,2.96,0.7924,LTU
LTU,2018,both,0,76.0,76.0,76.0,3.49,0.7964,LTU
LTU,2019,both,0,76.52,76.52,76.52,3.46,0.8022,LTU
LTU,2020,both,0,75.23,75.23,75.23,2.9,0.7815000000000001,LTU
LTU,2021,both,0,74.3,74.3,74.3,3.08,0.7691,LTU
LTU,2022,both,0,75.86,75.86,75.86,2.92,0.7972,LTU
LTU,2023,both,0,77.44,77.44,77.44,2.63,0.8153,LTU
LUX,1960,both,0,68.99,68.99,68.99,31.05,0.727,LUX
LUX,1961,both,0,69.53,69.53,69.53,26.17,0.7212000000000001,LUX
LUX,1962,both,0,68.63,68.63,68.63,30.8,0.7145,LUX
LUX,1963,both,0,68.85,68.85,68.85,28.45,0.71,LUX
LUX,1964,both,0,69.06,69.06,69.06,29.54,0.7034999999999999,LUX
LUX,1965,both,0,69.4,69.4,69.4,23.99,0.7154,LUX
LUX,1966,both,0,69.3,69.3,69.3,26.36,0.7138,LUX
LUX,1967,both,0,69.67,69.67,69.67,20.01,0.7201000000000001,LUX
LUX,1968,both,0,70.28,70.28,70.28,16.48,0.73,LUX
LUX,1969,both,0,69.85,69.85,69.85,16.79,0.718,LUX
LUX,1970,both,0,69.56,69.56,69.56,24.7,0.7186,LUX
LUX,1971,both,0,69.46,69.46,69.46,22.53,0.7206,LUX
LUX,1972,both,0,70.69,70.69,70.69,13.27,0.7331,LUX
LUX,1973,both,0,70.48,70.48,70.48,14.6,0.7292000000000001,LUX
LUX,1974,both,0,70.53,70.53,70.53,13.86,0.7311,LUX
LUX,1975,both,0,70.53,70.53,70.53,14.59,0.7342,LUX
LUX,1976,both,0,70.46,70.46,70.46,17.79,0.7414000000000001,LUX
LUX,1977,both,0,71.77,71.77,71.77,10.91,0.7558,LUX
LUX,1978,both,0,71.72,71.72,71.72,10.23,0.7512000000000001,LUX
LUX,1979,both,0,72.39,72.39,72.39,12.36,0.7676000000000001,LUX
LUX,1980,both,0,72.56,72.56,72.56,11.62,0.7728,LUX
LUX,1981,both,0,72.39,72.39,72.39,13.65,0.7676999999999999,LUX
LUX,1982,both,0,72.44,72.44,72.44,12.02,0.7541,LUX
LUX,1983,both,0,73.33,73.33,73.33,11.03,0.7896,LUX
LUX,1984,both,0,73.11,73.11,73.11,11.54,0.7748,LUX
LUX,1985,both,0,73.63,73.63,73.63,8.8,0.7906,LUX
LUX,1986,both,0,74.54,74.54,74.54,8.12,0.8047,LUX
LUX,1987,both,0,74.13,74.13,74.13,9.2,0.7925,LUX
LUX,1988,both,0,74.73,74.73,74.73,8.99,0.8064,LUX
LUX,1989,both,0,74.67,74.67,74.67,9.77,0.8044,LUX
LUX,1990,both,0,75.36,75.36,75.36,7.44,0.8123,LUX
LUX,1991,both,0,75.45,75.45,75.45,9.13,0.8114,LUX
LUX,1992,both,0,75.11,75.11,75.11,8.63,0.8107,LUX
LUX,1993,both,0,75.72,75.72,75.72,6.03,0.8220000000000001,LUX
LUX,1994,both,0,76.37,76.37,76.37,5.26,0.8331000000000001,LUX
LUX,1995,both,0,76.43,76.43,76.43,5.48,0.8226,LUX
LUX,1996,both,0,76.44,76.44,76.44,5.06,0.8239,LUX
LUX,1997,both,0,76.79,76.79,76.79,4.07,0.8358,LUX
LUX,1998,both,0,76.96,76.96,76.96,4.95,0.835,LUX
LUX,1999,both,0,77.59,77.59,77.59,4.77,0.8515,LUX
LUX,2000,both,0,77.74,77.74,77.74,5.16,0.8454,LUX
LUX,2001,both,0,77.85,77.85,77.85,5.78,0.8484999999999999,LUX
LUX,2002,both,0,77.96,77.96,77.96,5.0,0.8484,LUX
LUX,2003,both,0,77.85,77.85,77.85,4.87,0.857,LUX
LUX,2004,both,0,79.19,79.19,79.19,3.92,0.8629000000000001,LUX
LUX,2005,both,0,79.49,79.49,79.49,2.57,0.8676999999999999,LUX
LUX,2006,both,0,79.31,79.31,79.31,2.59,0.8609,LUX
LUX,2007,both,0,79.43,79.43,79.43,1.82,0.8734999999999999,LUX
LUX,2008,both,0,80.53,80.53,80.53,1.8,0.8863,LUX
LUX,2009,both,0,80.63,80.63,80.63,2.47,0.8811,LUX
LUX,2010,both,0,80.62,80.62,80.62,3.47,0.8851,LUX
LUX,2011,both,0,80.84,80.84,80.84,4.12,0.8862000000000001,LUX
LUX,2012,both,0,81.11,81.11,81.11,2.52,0.8913,LUX
LUX,2013,both,0,81.4,81.4,81.4,3.93,0.8904000000000001,LUX
LUX,2014,both,0,81.78,81.78,81.78,2.82,0.8994,LUX
LUX,2015,both,0,81.97,81.97,81.97,2.79,0.9074,LUX
LUX,2016,both,0,82.29,82.29,82.29,3.73,0.9063,LUX
LUX,2017,both,0,81.74,81.74,81.74,3.22,0.9083,LUX
LUX,2018,both,0,82.01,82.01,82.01,4.34,0.9053,LUX
LUX,2019,both,0,82.38,82.38,82.38,4.58,0.905,LUX
LUX,2020,both,0,82.04,82.04,82.04,4.47,0.9098,LUX
LUX,2021,both,0,82.48,82.48,82.48,3.19,0.911,LUX
LUX,2022,both,0,82.8,82.8,82.8,3.48,0.9124,LUX
LUX,2023,both,0,83.14,83.14,83.14,4.16,0.9185,LUX
LVA,1959,both,0,69.51,69.51,69.51,30.37,0.7218000000000001,LVA
LVA,1960,both,0,70.33,70.33,70.33,26.68,0.735,LVA
LVA,1961,both,0,70.54,70.54,70.54,24.17,0.7390000000000001,LVA
LVA,1962,both,0,69.9,69.9,69.9,23.98,0.7318000000000001,LVA
LVA,1963,both,0,70.33,70.33,70.33,24.82,0.7363,LVA
LVA,1964,both,0,71.53,71.53,71.53,21.76,0.7548999999999999,LVA
LVA,1965,both,0,71.22,71.22,71.22,18.15,0.747,LVA
LVA,1966,both,0,71.18,71.18,71.18,17.27,0.7459,LVA
LVA,1967,both,0,70.86,70.86,70.86,17.14,0.7409,LVA
LVA,1968,both,0,70.47,70.47,70.47,18.94,0.7325,LVA
LVA,1969,both,0,70.21,70.21,70.21,17.89,0.7259,LVA
LVA,1970,both,0,70.24,70.24,70.24,17.69,0.7273999999999999,LVA
LVA,1971,both,0,70.57,70.57,70.57,15.36,0.7295,LVA
LVA,1972,both,0,70.27,70.27,70.27,15.02,0.7227,LVA
LVA,1973,both,0,70.19,70.19,70.19,14.76,0.7186,LVA
LVA,1974,both,0,70.12,70.12,70.12,17.54,0.7177,LVA
LVA,1975,both,0,69.26,69.26,69.26,19.18,0.7043,LVA
LVA,1976,both,0,69.39,69.39,69.39,18.95,0.7047,LVA
LVA,1977,both,0,69.45,69.45,69.45,17.66,0.7041,LVA
LVA,1978,both,0,69.33,69.33,69.33,17.81,0.6986,LVA
LVA,1979,both,0,68.83,68.83,68.83,18.17,0.6888,LVA
LVA,1980,both,0,69.12,69.12,69.12,15.39,0.6909000000000001,LVA
LVA,1981,both,0,69.08,69.08,69.08,15.55,0.6861,LVA
LVA,1982,both,0,69.63,69.63,69.63,14.07,0.6992,LVA
LVA,1983,both,0,69.4,69.4,69.4,16.22,0.6920999999999999,LVA
LVA,1984,both,0,69.44,69.44,69.44,13.03,0.6920999999999999,LVA
LVA,1985,both,0,69.6,69.6,69.6,12.66,0.7001000000000001,LVA
LVA,1986,both,0,70.96,70.96,70.96,12.94,0.7299,LVA
LVA,1987,both,0,71.01,71.01,71.01,11.21,0.7295,LVA
LVA,1988,both,0,70.91,70.91,70.91,10.99,0.7261,LVA
LVA,1989,both,0,70.41,70.41,70.41,10.53,0.7056,LVA
LVA,1990,both,0,69.46,69.46,69.46,12.45,0.6905,LVA
LVA,1991,both,0,69.17,69.17,69.17,14.21,0.6797,LVA
LVA,1992,both,0,68.45,68.45,68.45,16.76,0.6583,LVA
LVA,1993,both,0,66.63,66.63,66.63,15.02,0.6112,LVA
LVA,1994,both,0,65.18,65.18,65.18,14.8,0.5682,LVA
LVA,1995,both,0,65.99,65.99,65.99,17.96,0.5920000000000001,LVA
LVA,1996,both,0,68.59,68.59,68.59,15.42,0.6561,LVA
LVA,1997,both,0,69.22,69.22,69.22,14.88,0.6740999999999999,LVA
LVA,1998,both,0,68.85,68.85,68.85,15.04,0.6627,LVA
LVA,1999,both,0,69.65,69.65,69.65,11.54,0.6759999999999999,LVA
LVA,2000,both,0,70.18,70.18,70.18,10.51,0.6859000000000001,LVA
LVA,2001,both,0,69.91,69.91,69.91,10.83,0.6809999999999999,LVA
LVA,2002,both,0,70.18,70.18,70.18,9.96,0.6846,LVA
LVA,2003,both,0,70.64,70.64,70.64,9.65,0.695,LVA
LVA,2004,both,0,70.94,70.94,70.94,9.18,0.6988,LVA
LVA,2005,both,0,70.64,70.64,70.64,7.95,0.6890999999999999,LVA
LVA,2006,both,0,70.55,70.55,70.55,7.72,0.679,LVA
LVA,2007,both,0,70.79,70.79,70.79,8.67,0.6898000000000001,LVA
LVA,2008,both,0,72.01,72.01,72.01,6.68,0.7152,LVA
LVA,2009,both,0,72.71,72.71,72.71,7.29,0.731,LVA
LVA,2010,both,0,73.04,73.04,73.04,5.39,0.7372,LVA
LVA,2011,both,0,73.73,73.73,73.73,6.49,0.7517,LVA
LVA,2012,both,0,73.95,73.95,73.95,6.51,0.7563,LVA
LVA,2013,both,0,74.19,74.19,74.19,4.53,0.7583,LVA
LVA,2014,both,0,74.3,74.3,74.3,3.93,0.7609,LVA
LVA,2015,both,0,74.67,74.67,74.67,4.11,0.7676999999999999,LVA
LVA,2016,both,0,74.76,74.76,74.76,3.67,0.7711,LVA
LVA,2017,both,0,74.82,74.82,74.82,4.04,0.7725,LVA
LVA,2018,both,0,74.99,74.99,74.99,3.04,0.7733,LVA
LVA,2019,both,0,75.65,75.65,75.65,3.37,0.7864,LVA
LVA,2020,both,0,75.42,75.42,75.42,3.33,0.7854000000000001,LVA
LVA,2021,both,0,73.16,73.16,73.16,2.73,0.7404000000000001,LVA
LVA,2022,both,0,74.5,74.5,74.5,2.26,0.7648999999999999,LVA
LVA,2023,both,0,75.59,75.59,75.59,2.48,0.7829,LVA
NEW_ZEALAND:_TOTAL_POPULATION,1948,both,0,68.81,68.81,68.81,27.5,0.7106,NEW ZEALAND: TOTAL POPULATION
NEW_ZEALAND:_TOTAL_POPULATION,1949,both,0,68.95,68.95,68.95,29.88,0.7153,NEW ZEALAND: TOTAL POPULATION
NEW_ZEALAND:_TOTAL_POPULATION,1950,both,0,69.25,69.25,69.25,27.75,0.7195999999999999,NEW ZEALAND: TOTAL POPULATION
NEW_ZEALAND:_TOTAL_POPULATION,1951,both,0,69.13,69.13,69.13,27.56,0.7127,NEW ZEALAND: TOTAL POPULATION
NEW_ZEALAND:_TOTAL_POPULATION,1952,both,0,69.37,69.37,69.37,28.89,0.7209,NEW ZEALAND: TOTAL POPULATION
NEW_ZEALAND:_TOTAL_POPULATION,1953,both,0,70.21,70.21,70.21,25.63,0.7301000000000001,NEW ZEALAND: TOTAL POPULATION
NEW_ZEALAND:_TOTAL_POPULATION,1954,both,0,70.33,70.33,70.33,24.4,0.7337,NEW ZEALAND: TOTAL POPULATION
NEW_ZEALAND:_TOTAL_POPULATION,1955,both,0,70.48,70.48,70.48,24.87,0.7387,NEW ZEALAND: TOTAL POPULATION
NEW_ZEALAND:_TOTAL_POPULATION,1956,both,0,70.72,70.72,70.72,23.33,0.746,NEW ZEALAND: TOTAL POPULATION
NEW_ZEALAND:_TOTAL_POPULATION,1957,both,0,70.25,70.25,70.25,24.53,0.7376999999999999,NEW ZEALAND: TOTAL POPULATION
NEW_ZEALAND:_TOTAL_POPULATION,1958,both,0,70.88,70.88,70.88,23.75,0.7456999999999999,NEW ZEALAND: TOTAL POPULATION
NEW_ZEALAND:_TOTAL_POPULATION,1959,both,0,70.77,70.77,70.77,24.11,0.7445,NEW ZEALAND: TOTAL POPULATION
NEW_ZEALAND:_TOTAL_POPULATION,1960,both,0,71.22,71.22,71.22,22.72,0.7484999999999999,NEW ZEALAND: TOTAL POPULATION
NEW_ZEALAND:_TOTAL_POPULATION,1961,both,0,70.93,70.93,70.93,23.32,0.7428,NEW ZEALAND: TOTAL POPULATION
NEW_ZEALAND:_TOTAL_POPULATION,1962,both,0,71.2,71.2,71.2,20.56,0.7511,NEW ZEALAND: TOTAL POPULATION
NEW_ZEALAND:_TOTAL_POPULATION,1963,both,0,71.27,71.27,71.27,19.59,0.7506999999999999,NEW ZEALAND: TOTAL POPULATION
NEW_ZEALAND:_TOTAL_POPULATION,1964,both,0,71.29,71.29,71.29,18.78,0.7481,NEW ZEALAND: TOTAL POPULATION
NEW_ZEALAND:_TOTAL_POPULATION,1965,both,0,71.21,71.21,71.21,19.04,0.7423000000000001,NEW ZEALAND: TOTAL POPULATION
NEW_ZEALAND:_TOTAL_POPULATION,1966,both,0,71.07,71.07,71.07,17.56,0.7423000000000001,NEW ZEALAND: TOTAL POPULATION
NEW_ZEALAND:_TOTAL_POPULATION,1967,both,0,71.44,71.44,71.44,18.09,0.7404000000000001,NEW ZEALAND: TOTAL POPULATION
NEW_ZEALAND:_TOTAL_POPULATION,1968,both,0,71.09,71.09,71.09,18.87,0.743,NEW ZEALAND: TOTAL POPULATION
NEW_ZEALAND:_TOTAL_POPULATION,1969,both,0,71.48,71.48,71.48,17.0,0.7484999999999999,NEW ZEALAND: TOTAL POPULATION
NEW_ZEALAND:_TOTAL_POPULATION,1970,both,0,71.22,71.22,71.22,16.63,0.7440000000000001,NEW ZEALAND: TOTAL POPULATION
NEW_ZEALAND:_TOTAL_POPULATION,1971,both,0,71.72,71.72,71.72,16.92,0.7492,NEW ZEALAND: TOTAL POPULATION
NEW_ZEALAND:_TOTAL_POPULATION,1972,both,0,71.82,71.82,71.82,15.67,0.7536,NEW ZEALAND: TOTAL POPULATION
NEW_ZEALAND:_TOTAL_POPULATION,1973,both,0,71.68,71.68,71.68,15.87,0.7509,NEW ZEALAND: TOTAL POPULATION
NEW_ZEALAND:_TOTAL_POPULATION,1974,both,0,71.94,71.94,71.94,15.36,0.7526999999999999,NEW ZEALAND: TOTAL POPULATION
NEW_ZEALAND:_TOTAL_POPULATION,1975,both,0,72.2,72.2,72.2,15.71,0.7564,NEW ZEALAND: TOTAL POPULATION
NEW_ZEALAND:_TOTAL_POPULATION,1976,both,0,72.4,72.4,72.4,13.8,0.7628,NEW ZEALAND: TOTAL POPULATION
NEW_ZEALAND:_TOTAL_POPULATION,1977,both,0,72.14,72.14,72.14,14.18,0.7572,NEW ZEALAND: TOTAL POPULATION
NEW_ZEALAND:_TOTAL_POPULATION,1978,both,0,73.01,73.01,73.01,13.29,0.7670999999999999,NEW ZEALAND: TOTAL POPULATION
NEW_ZEALAND:_TOTAL_POPULATION,1979,both,0,73.05,73.05,73.05,12.6,0.7712,NEW ZEALAND: TOTAL POPULATION
NEW_ZEALAND:_TOTAL_POPULATION,1980,both,0,72.87,72.87,72.87,12.72,0.7748,NEW ZEALAND: TOTAL POPULATION
NEW_ZEALAND:_TOTAL_POPULATION,1981,both,0,73.64,73.64,73.64,11.45,0.7826000000000001,NEW ZEALAND: TOTAL POPULATION
NEW_ZEALAND:_TOTAL_POPULATION,1982,both,0,73.73,73.73,73.73,11.76,0.7826000000000001,NEW ZEALAND: TOTAL POPULATION
NEW_ZEALAND:_TOTAL_POPULATION,1983,both,0,73.83,73.83,73.83,12.54,0.7881999999999999,NEW ZEALAND: TOTAL POPULATION
NEW_ZEALAND:_TOTAL_POPULATION,1984,both,0,74.37,74.37,74.37,11.71,0.7957,NEW ZEALAND: TOTAL POPULATION
NEW_ZEALAND:_TOTAL_POPULATION,1985,both,0,73.87,73.87,73.87,10.85,0.7898999999999999,NEW ZEALAND: TOTAL POPULATION
NEW_ZEALAND:_TOTAL_POPULATION,1986,both,0,74.12,74.12,74.12,11.28,0.7929,NEW ZEALAND: TOTAL POPULATION
NEW_ZEALAND:_TOTAL_POPULATION,1987,both,0,74.21,74.21,74.21,10.21,0.7951,NEW ZEALAND: TOTAL POPULATION
NEW_ZEALAND:_TOTAL_POPULATION,1988,both,0,74.48,74.48,74.48,10.96,0.8011,NEW ZEALAND: TOTAL POPULATION
NEW_ZEALAND:_TOTAL_POPULATION,1989,both,0,74.89,74.89,74.89,10.37,0.8067,NEW ZEALAND: TOTAL POPULATION
NEW_ZEALAND:_TOTAL_POPULATION,1990,both,0,75.43,75.43,75.43,8.5,0.8118000000000001,NEW ZEALAND: TOTAL POPULATION
NEW_ZEALAND:_TOTAL_POPULATION,1991,both,0,76.08,76.08,76.08,8.07,0.8223999999999999,NEW ZEALAND: TOTAL POPULATION
NEW_ZEALAND:_TOTAL_POPULATION,1992,both,0,76.19,76.19,76.19,7.12,0.8265,NEW ZEALAND: TOTAL POPULATION
NEW_ZEALAND:_TOTAL_POPULATION,1993,both,0,76.5,76.5,76.5,7.16,0.8306999999999999,NEW ZEALAND: TOTAL POPULATION
NEW_ZEALAND:_TOTAL_POPULATION,1994,both,0,76.92,76.92,76.92,6.92,0.8382999999999999,NEW ZEALAND: TOTAL POPULATION
NEW_ZEALAND:_TOTAL_POPULATION,1995,both,0,76.79,76.79,76.79,6.56,0.8356999999999999,NEW ZEALAND: TOTAL POPULATION
NEW_ZEALAND:_TOTAL_POPULATION,1996,both,0,76.81,76.81,76.81,7.09,0.8359000000000001,NEW ZEALAND: TOTAL POPULATION
NEW_ZEALAND:_TOTAL_POPULATION,1997,both,0,77.35,77.35,77.35,6.59,0.8440000000000001,NEW ZEALAND: TOTAL POPULATION
NEW_ZEALAND:_TOTAL_POPULATION,1998,both,0,78.17,78.17,78.17,5.28,0.8513,NEW ZEALAND: TOTAL POPULATION
NEW_ZEALAND:_TOTAL_POPULATION,1999,both,0,77.91,77.91,77.91,5.67,0.8517,NEW ZEALAND: TOTAL POPULATION
NEW_ZEALAND:_TOTAL_POPULATION,2000,both,0,78.67,78.67,78.67,6.14,0.8631,NEW ZEALAND: TOTAL POPULATION
NEW_ZEALAND:_TOTAL_POPULATION,2001,both,0,78.67,78.67,78.67,5.34,0.8651000000000001,NEW ZEALAND: TOTAL POPULATION
NEW_ZEALAND:_TOTAL_POPULATION,2002,both,0,78.87,78.87,78.87,5.39,0.8681,NEW ZEALAND: TOTAL POPULATION
NEW_ZEALAND:_TOTAL_POPULATION,2003,both,0,79.15,79.15,79.15,4.96,0.8711,NEW ZEALAND: TOTAL POPULATION
NEW_ZEALAND:_TOTAL_POPULATION,2004,both,0,79.36,79.36,79.36,5.61,0.8755,NEW ZEALAND: TOTAL POPULATION
NEW_ZEALAND:_TOTAL_POPULATION,2005,both,0,80.04,80.04,80.04,5.22,0.8789,NEW ZEALAND: TOTAL POPULATION
NEW_ZEALAND:_TOTAL_POPULATION,2006,both,0,80.02,80.02,80.02,5.16,0.8815000000000001,NEW ZEALAND: TOTAL POPULATION
NEW_ZEALAND:_TOTAL_POPULATION,2007,both,0,80.12,80.12,80.12,5.05,0.8824,NEW ZEALAND: TOTAL POPULATION
NEW_ZEALAND:_TOTAL_POPULATION,2008,both,0,80.25,80.25,80.25,4.61,0.8844,NEW ZEALAND: TOTAL POPULATION
NEW_ZEALAND:_TOTAL_POPULATION,2009,both,0,80.55,80.55,80.55,4.81,0.887,NEW ZEALAND: TOTAL POPULATION
NEW_ZEALAND:_TOTAL_POPULATION,2010,both,0,81.06,81.06,81.06,5.04,0.8917,NEW ZEALAND: TOTAL POPULATION
NEW_ZEALAND:_TOTAL_POPULATION,2011,both,0,80.85,80.85,80.85,4.56,0.8912,NEW ZEALAND: TOTAL POPULATION
NEW_ZEALAND:_TOTAL_POPULATION,2012,both,0,81.17,81.17,81.17,4.17,0.8956999999999999,NEW ZEALAND: TOTAL POPULATION
NEW_ZEALAND:_TOTAL_POPULATION,2013,both,0,81.6,81.6,81.6,4.3,0.8972,NEW ZEALAND: TOTAL POPULATION
NEW_ZEALAND:_TOTAL_POPULATION,2014,both,0,81.42,81.42,81.42,5.58,0.8968,NEW ZEALAND: TOTAL POPULATION
NEW_ZEALAND:_TOTAL_POPULATION,2015,both,0,81.59,81.59,81.59,4.25,0.8995000000000001,NEW ZEALAND: TOTAL POPULATION
NEW_ZEALAND:_TOTAL_POPULATION,2016,both,0,82.0,82.0,82.0,3.53,0.8996,NEW ZEALAND: TOTAL POPULATION
NEW_ZEALAND:_TOTAL_POPULATION,2017,both,0,81.61,81.61,81.61,3.84,0.8972,NEW ZEALAND: TOTAL POPULATION
NEW_ZEALAND:_TOTAL_POPULATION,2018,both,0,81.9,81.9,81.9,3.64,0.898,NEW ZEALAND: TOTAL POPULATION
NEW_ZEALAND:_TOTAL_POPULATION,2019,both,0,81.83,81.83,81.83,4.51,0.8974,NEW ZEALAND: TOTAL POPULATION
NEW_ZEALAND:_TOTAL_POPULATION,2020,both,0,82.67,82.67,82.67,3.76,0.904,NEW ZEALAND: TOTAL POPULATION
NEW_ZEALAND:_TOTAL_POPULATION,2021,both,0,82.3,82.3,82.3,4.58,0.901,NEW ZEALAND: TOTAL POPULATION
NLD,1850,both,0,39.84,39.84,39.84,193.75,0.3109,Netherlands
NLD,1851,both,0,40.14,40.14,40.14,189.74,0.3217,Netherlands
NLD,1852,both,0,38.71,38.71,38.71,213.48,0.3024,Netherlands
NLD,1853,both,0,38.74,38.74,38.74,193.45,0.28,Netherlands
NLD,1854,both,0,38.72,38.72,38.72,193.26,0.286,Netherlands
NLD,1855,both,0,34.58,34.58,34.58,208.37,0.2322,Netherlands
NLD,1856,both,0,38.47,38.47,38.47,194.67,0.2937,Netherlands
NLD,1857,both,0,35.41,35.41,35.41,229.03,0.2536,Netherlands
NLD,1858,both,0,34.79,34.79,34.79,216.17,0.2305,Netherlands
NLD,1859,both,0,30.91,30.91,30.91,244.68,0.196,Netherlands
NLD,1860,both,0,37.0,37.0,37.0,197.59,0.2702,Netherlands
NLD,1861,both,0,36.51,36.51,36.51,215.98,0.2728,Netherlands
NLD,1862,both,0,38.37,38.37,38.37,199.51,0.2958,Netherlands
NLD,1863,both,0,38.31,38.31,38.31,206.39,0.301,Netherlands
NLD,1864,both,0,37.65,37.65,37.65,200.71,0.2816,Netherlands
NLD,1865,both,0,36.47,36.47,36.47,229.99,0.2802,Netherlands
NLD,1866,both,0,33.69,33.69,33.69,203.43,0.2191,Netherlands
NLD,1867,both,0,39.3,39.3,39.3,208.14,0.3136,Netherlands
NLD,1868,both,0,37.78,37.78,37.78,232.43,0.3031,Netherlands
NLD,1869,both,0,40.43,40.43,40.43,199.8,0.3204999999999999,Netherlands
NLD,1870,both,0,37.54,37.54,37.54,221.18,0.2874,Netherlands
NLD,1871,both,0,33.01,33.01,33.01,234.79,0.2347,Netherlands
NLD,1872,both,0,36.47,36.47,36.47,228.32,0.2862,Netherlands
NLD,1873,both,0,39.27,39.27,39.27,217.82,0.3157999999999999,Netherlands
NLD,1874,both,0,41.3,41.3,41.3,205.13,0.3342,Netherlands
NLD,1875,both,0,38.34,38.34,38.34,228.21,0.3,Netherlands
NLD,1876,both,0,40.46,40.46,40.46,214.75,0.3279999999999999,Netherlands
NLD,1877,both,0,42.08,42.08,42.08,200.75,0.3508,Netherlands
NLD,1878,both,0,41.09,41.09,41.09,208.9,0.3394,Netherlands
NLD,1879,both,0,41.98,41.98,41.98,196.6,0.3461,Netherlands
NLD,1880,both,0,40.41,40.41,40.41,222.54,0.336,Netherlands
NLD,1881,both,0,42.89,42.89,42.89,195.65,0.3579,Netherlands
NLD,1882,both,0,43.8,43.8,43.8,188.42,0.372,Netherlands
NLD,1883,both,0,42.36,42.36,42.36,195.95,0.3535,Netherlands
NLD,1884,both,0,41.34,41.34,41.34,206.41,0.3495,Netherlands
NLD,1885,both,0,43.28,43.28,43.28,182.78,0.364,Netherlands
NLD,1886,both,0,41.98,41.98,41.98,202.53,0.3556,Netherlands
NLD,1887,both,0,44.98,44.98,44.98,175.49,0.3873,Netherlands
NLD,1888,both,0,44.23,44.23,44.23,184.81,0.38,Netherlands
NLD,1889,both,0,44.37,44.37,44.37,186.65,0.3832,Netherlands
NLD,1890,both,0,44.42,44.42,44.42,181.83,0.3734,Netherlands
NLD,1891,both,0,44.27,44.27,44.27,183.33,0.3756,Netherlands
NLD,1892,both,0,43.95,43.95,43.95,181.34,0.3652,Netherlands
NLD,1893,both,0,45.86,45.86,45.86,179.08,0.3985,Netherlands
NLD,1894,both,0,46.99,46.99,46.99,161.79,0.4094,Netherlands
NLD,1895,both,0,46.73,46.73,46.73,178.13,0.413,Netherlands
NLD,1896,both,0,48.56,48.56,48.56,161.91,0.4381,Netherlands
NLD,1897,both,0,49.43,49.43,49.43,159.1,0.4459,Netherlands
NLD,1898,both,0,49.11,49.11,49.11,165.59,0.4449,Netherlands
NLD,1899,both,0,49.36,49.36,49.36,161.1,0.446,Netherlands
NLD,1900,both,0,48.48,48.48,48.48,164.39,0.4311999999999999,Netherlands
NLD,1901,both,0,48.75,48.75,48.75,163.92,0.4454999999999999,Netherlands
NLD,1902,both,0,50.65,50.65,50.65,142.19,0.4650999999999999,Netherlands
NLD,1903,both,0,51.54,51.54,51.54,145.16,0.4784,Netherlands
NLD,1904,both,0,50.87,50.87,50.87,149.56,0.4733,Netherlands
NLD,1905,both,0,52.1,52.1,52.1,139.52,0.4847999999999999,Netherlands
NLD,1906,both,0,52.78,52.78,52.78,138.08,0.4949,Netherlands
NLD,1907,both,0,53.51,53.51,53.51,124.48,0.4991,Netherlands
NLD,1908,both,0,52.77,52.77,52.77,133.98,0.4975,Netherlands
NLD,1909,both,0,54.92,54.92,54.92,111.05,0.517,Netherlands
NLD,1910,both,0,55.14,55.14,55.14,116.97,0.5281,Netherlands
NLD,1911,both,0,53.18,53.18,53.18,143.91,0.5074000000000001,Netherlands
NLD,1912,both,0,57.14,57.14,57.14,100.71,0.55,Netherlands
NLD,1913,both,0,57.35,57.35,57.35,101.89,0.5577000000000001,Netherlands
NLD,1914,both,0,57.19,57.19,57.19,105.64,0.5572,Netherlands
NLD,1915,both,0,57.24,57.24,57.24,94.6,0.5517,Netherlands
NLD,1916,both,0,56.16,56.16,56.16,96.89,0.5389,Netherlands
NLD,1917,both,0,55.65,55.65,55.65,97.81,0.5282,Netherlands
NLD,1918,both,0,47.63,47.63,47.63,101.86,0.4025999999999999,Netherlands
NLD,1919,both,0,54.78,54.78,54.78,96.64,0.5201,Netherlands
NLD,1920,both,0,57.98,57.98,57.98,86.6,0.5602,Netherlands
NLD,1921,both,0,59.71,59.71,59.71,87.16,0.5904,Netherlands
NLD,1922,both,0,59.78,59.78,59.78,77.01,0.5858,Netherlands
NLD,1923,both,0,62.0,62.0,62.0,68.87,0.6209,Netherlands
NLD,1924,both,0,62.88,62.88,62.88,61.97,0.6333,Netherlands
NLD,1925,both,0,63.12,63.12,63.12,57.27,0.6378,Netherlands
NLD,1926,both,0,62.98,62.98,62.98,60.51,0.6381,Netherlands
NLD,1927,both,0,62.61,62.61,62.61,57.8,0.6333,Netherlands
NLD,1928,both,0,63.71,63.71,63.71,52.49,0.6436,Netherlands
NLD,1929,both,0,62.15,62.15,62.15,58.05,0.6228,Netherlands
NLD,1930,both,0,64.66,64.66,64.66,51.57,0.6592,Netherlands
NLD,1931,both,0,64.32,64.32,64.32,48.57,0.6546,Netherlands
NLD,1932,both,0,65.39,65.39,65.39,46.15,0.6703,Netherlands
NLD,1933,both,0,66.03,66.03,66.03,42.87,0.6808,Netherlands
NLD,1934,both,0,66.6,66.6,66.6,42.48,0.6890000000000001,Netherlands
NLD,1935,both,0,66.51,66.51,66.51,39.53,0.6862,Netherlands
NLD,1936,both,0,66.73,66.73,66.73,38.96,0.6901999999999999,Netherlands
NLD,1937,both,0,66.97,66.97,66.97,37.66,0.6947,Netherlands
NLD,1938,both,0,67.39,67.39,67.39,37.03,0.7040000000000001,Netherlands
NLD,1939,both,0,67.72,67.72,67.72,33.95,0.7084,Netherlands
NLD,1940,both,0,65.4,65.4,65.4,39.32,0.6689,Netherlands
NLD,1941,both,0,65.33,65.33,65.33,42.62,0.6742,Netherlands
NLD,1942,both,0,65.8,65.8,65.8,40.45,0.68,Netherlands
NLD,1943,both,0,64.41,64.41,64.41,42.12,0.6607,Netherlands
NLD,1944,both,0,61.27,61.27,61.27,46.76,0.6046,Netherlands
NLD,1945,both,0,55.58,55.58,55.58,74.29,0.5056,Netherlands
NLD,1946,both,0,67.53,67.53,67.53,45.83,0.7142000000000001,Netherlands
NLD,1947,both,0,69.56,69.56,69.56,32.11,0.7428,Netherlands
NLD,1948,both,0,71.04,71.04,71.04,28.26,0.7634000000000001,Netherlands
NLD,1949,both,0,70.29,70.29,70.29,26.13,0.7574,Netherlands
NLD,1950,both,0,71.44,71.44,71.44,24.85,0.7754000000000001,Netherlands
NLD,1951,both,0,71.5,71.5,71.5,25.24,0.7767000000000001,Netherlands
NLD,1952,both,0,72.12,72.12,72.12,23.13,0.784,Netherlands
NLD,1953,both,0,71.7,71.7,71.7,22.31,0.7772,Netherlands
NLD,1954,both,0,72.38,72.38,72.38,21.62,0.7855,Netherlands
NLD,1955,both,0,72.5,72.5,72.5,20.84,0.7898999999999999,Netherlands
NLD,1956,both,0,72.52,72.52,72.52,19.35,0.7907,Netherlands
NLD,1957,both,0,72.97,72.97,72.97,17.84,0.7963,Netherlands
NLD,1958,both,0,73.14,73.14,73.14,17.85,0.7986,Netherlands
NLD,1959,both,0,73.19,73.19,73.19,17.34,0.7973,Netherlands
NLD,1960,both,0,73.35,73.35,73.35,16.88,0.7996,Netherlands
NLD,1961,both,0,73.55,73.55,73.55,16.75,0.8004000000000001,Netherlands
NLD,1962,both,0,73.22,73.22,73.22,16.4,0.7953,Netherlands
NLD,1963,both,0,73.35,73.35,73.35,15.34,0.7981999999999999,Netherlands
NLD,1964,both,0,73.73,73.73,73.73,14.4,0.7977,Netherlands
NLD,1965,both,0,73.6,73.6,73.6,13.9,0.797,Netherlands
NLD,1966,both,0,73.55,73.55,73.55,14.11,0.7959999999999999,Netherlands
NLD,1967,both,0,73.83,73.83,73.83,13.01,0.7973,Netherlands
NLD,1968,both,0,73.64,73.64,73.64,13.13,0.7973,Netherlands
NLD,1969,both,0,73.56,73.56,73.56,13.08,0.7938,Netherlands
NLD,1970,both,0,73.63,73.63,73.63,12.0,0.7931,Netherlands
NLD,1971,both,0,73.87,73.87,73.87,11.41,0.7988,Netherlands
NLD,1972,both,0,73.78,73.78,73.78,11.0,0.7975,Netherlands
NLD,1973,both,0,74.23,74.23,74.23,10.67,0.8037000000000001,Netherlands
NLD,1974,both,0,74.61,74.61,74.61,10.77,0.8093,Netherlands
NLD,1975,both,0,74.55,74.55,74.55,9.97,0.8084,Netherlands
NLD,1976,both,0,74.67,74.67,74.67,10.37,0.8108,Netherlands
NLD,1977,both,0,75.26,75.26,75.26,9.07,0.8157,Netherlands
NLD,1978,both,0,75.17,75.17,75.17,9.18,0.8169,Netherlands
NLD,1979,both,0,75.65,75.65,75.65,8.39,0.8217,Netherlands
NLD,1980,both,0,75.77,75.77,75.77,8.74,0.8244,Netherlands
NLD,1981,both,0,75.99,75.99,75.99,8.15,0.8284,Netherlands
NLD,1982,both,0,76.06,76.06,76.06,8.12,0.8281000000000001,Netherlands
NLD,1983,both,0,76.26,76.26,76.26,8.37,0.8321,Netherlands
NLD,1984,both,0,76.32,76.32,76.32,8.36,0.8336,Netherlands
NLD,1985,both,0,76.37,76.37,76.37,8.1,0.8343,Netherlands
NLD,1986,both,0,76.35,76.35,76.35,7.82,0.8336,Netherlands
NLD,1987,both,0,76.81,76.81,76.81,7.59,0.8389,Netherlands
NLD,1988,both,0,77.0,77.0,77.0,6.81,0.8436,Netherlands
NLD,1989,both,0,76.83,76.83,76.83,6.85,0.8404,Netherlands
NLD,1990,both,0,77.01,77.01,77.01,7.21,0.8456,Netherlands
NLD,1991,both,0,77.16,77.16,77.16,6.48,0.8465,Netherlands
NLD,1992,both,0,77.36,77.36,77.36,6.22,0.8491,Netherlands
NLD,1993,both,0,77.04,77.04,77.04,6.26,0.8469,Netherlands
NLD,1994,both,0,77.51,77.51,77.51,5.6,0.8517,Netherlands
NLD,1995,both,0,77.55,77.55,77.55,5.36,0.8543000000000001,Netherlands
NLD,1996,both,0,77.55,77.55,77.55,5.71,0.8553000000000001,Netherlands
NLD,1997,both,0,77.93,77.93,77.93,5.0,0.8595999999999999,Netherlands
NLD,1998,both,0,78.0,78.0,78.0,5.29,0.861,Netherlands
NLD,1999,both,0,77.96,77.96,77.96,5.19,0.861,Netherlands
NLD,2000,both,0,78.12,78.12,78.12,5.15,0.8632,Netherlands
NLD,2001,both,0,78.33,78.33,78.33,5.26,0.8664000000000001,Netherlands
NLD,2002,both,0,78.41,78.41,78.41,4.98,0.8675,Netherlands
NLD,2003,both,0,78.66,78.66,78.66,4.73,0.8703,Netherlands
NLD,2004,both,0,79.23,79.23,79.23,4.32,0.8759,Netherlands
NLD,2005,both,0,79.48,79.48,79.48,4.84,0.8803,Netherlands
NLD,2006,both,0,79.84,79.84,79.84,4.41,0.884,Netherlands
NLD,2007,both,0,80.25,80.25,80.25,4.02,0.8881999999999999,Netherlands
NLD,2008,both,0,80.39,80.39,80.39,3.81,0.8883,Netherlands
NLD,2009,both,0,80.67,80.67,80.67,3.83,0.8911,Netherlands
NLD,2010,both,0,80.83,80.83,80.83,3.78,0.8935,Netherlands
NLD,2011,both,0,81.11,81.11,81.11,3.56,0.8959999999999999,Netherlands
NLD,2012,both,0,81.06,81.06,81.06,3.64,0.8959,Netherlands
NLD,2013,both,0,81.3,81.3,81.3,3.71,0.8986,Netherlands
NLD,2014,both,0,81.65,81.65,81.65,3.64,0.9015,Netherlands
NLD,2015,both,0,81.48,81.48,81.48,3.25,0.9021,Netherlands
NLD,2016,both,0,81.55,81.55,81.55,3.46,0.9021,Netherlands
NLD,2017,both,0,81.73,81.73,81.73,3.55,0.9049,Netherlands
NLD,2018,both,0,81.78,81.78,81.78,3.43,0.9058,Netherlands
NLD,2019,both,0,82.05,82.05,82.05,3.64,0.9092,Netherlands
NLD,2020,both,0,81.39,81.39,81.39,3.82,0.9065,Netherlands
NLD,2021,both,0,81.35,81.35,81.35,3.43,0.9036,Netherlands
NLD,2022,both,0,81.63,81.63,81.63,3.09,0.9069,Netherlands
NLD,2023,both,0,81.84,81.84,81.84,3.59,0.9095,Netherlands
NOR,1846,both,0,48.05,48.05,48.05,110.8,0.4083,Norway
NOR,1847,both,0,44.77,44.77,44.77,114.67,0.3617,Norway
NOR,1848,both,0,45.01,45.01,45.01,113.53,0.3569,Norway
NOR,1849,both,0,48.04,48.04,48.04,96.73,0.3928,Norway
NOR,1850,both,0,49.52,49.52,49.52,92.47,0.4172999999999999,Norway
NOR,1851,both,0,49.72,49.72,49.72,96.63,0.4246999999999999,Norway
NOR,1852,both,0,48.47,48.47,48.47,104.91,0.4075,Norway
NOR,1853,both,0,47.91,47.91,47.91,93.96,0.38,Norway
NOR,1854,both,0,51.62,51.62,51.62,89.06,0.4467,Norway
NOR,1855,both,0,50.43,50.43,50.43,90.45,0.4326,Norway
NOR,1856,both,0,50.35,50.35,50.35,89.96,0.4409,Norway
NOR,1857,both,0,50.21,50.21,50.21,92.05,0.4329,Norway
NOR,1858,both,0,51.57,51.57,51.57,90.15,0.4512,Norway
NOR,1859,both,0,49.92,49.92,49.92,94.89,0.4324,Norway
NOR,1860,both,0,49.99,49.99,49.99,90.86,0.4354,Norway
NOR,1861,both,0,45.81,45.81,45.81,110.14,0.402,Norway
NOR,1862,both,0,44.71,44.71,44.71,114.7,0.3936,Norway
NOR,1863,both,0,46.71,46.71,46.71,103.09,0.4088,Norway
NOR,1864,both,0,48.78,48.78,48.78,95.13,0.4256,Norway
NOR,1865,both,0,50.42,50.42,50.42,95.27,0.4498,Norway
NOR,1866,both,0,49.91,49.91,49.91,92.63,0.4316,Norway
NOR,1867,both,0,47.87,47.87,47.87,103.04,0.4043,Norway
NOR,1868,both,0,47.18,47.18,47.18,109.85,0.3994,Norway
NOR,1869,both,0,49.26,49.26,49.26,96.56,0.4226,Norway
NOR,1870,both,0,50.86,50.86,50.86,92.19,0.4416,Norway
NOR,1871,both,0,49.67,49.67,49.67,90.11,0.4271999999999999,Norway
NOR,1872,both,0,50.02,50.02,50.02,94.84,0.4399,Norway
NOR,1873,both,0,49.68,49.68,49.68,97.6,0.4328,Norway
NOR,1874,both,0,47.77,47.77,47.77,105.93,0.4104,Norway
NOR,1875,both,0,47.63,47.63,47.63,107.66,0.4014999999999999,Norway
NOR,1876,both,0,46.82,46.82,46.82,101.84,0.3971,Norway
NOR,1877,both,0,49.75,49.75,49.75,98.67,0.4437,Norway
NOR,1878,both,0,51.78,51.78,51.78,94.06,0.4753,Norway
NOR,1879,both,0,53.14,53.14,53.14,84.77,0.4829,Norway
NOR,1880,both,0,51.89,51.89,51.89,88.71,0.4593,Norway
NOR,1881,both,0,50.44,50.44,50.44,89.09,0.4464,Norway
NOR,1882,both,0,47.38,47.38,47.38,103.41,0.4175,Norway
NOR,1883,both,0,49.59,49.59,49.59,90.08,0.4406,Norway
NOR,1884,both,0,50.76,50.76,50.76,90.86,0.4594,Norway
NOR,1885,both,0,51.04,51.04,51.04,85.46,0.4569,Norway
NOR,1886,both,0,51.7,51.7,51.7,83.37,0.4721,Norway
NOR,1887,both,0,51.67,51.67,51.67,82.41,0.4681,Norway
NOR,1888,both,0,50.37,50.37,50.37,87.9,0.4512,Norway
NOR,1889,both,0,49.07,49.07,49.07,99.07,0.441,Norway
NOR,1890,both,0,48.61,48.61,48.61,89.75,0.4225,Norway
NOR,1891,both,0,49.8,49.8,49.8,89.3,0.4338,Norway
NOR,1892,both,0,49.67,49.67,49.67,92.19,0.4359,Norway
NOR,1893,both,0,51.39,51.39,51.39,83.7,0.4572,Norway
NOR,1894,both,0,50.62,50.62,50.62,93.35,0.4553,Norway
NOR,1895,both,0,52.79,52.79,52.79,87.66,0.4805,Norway
NOR,1896,both,0,53.82,53.82,53.82,88.8,0.4968999999999999,Norway
NOR,1897,both,0,53.71,53.71,53.71,87.24,0.4918,Norway
NOR,1898,both,0,53.95,53.95,53.95,83.32,0.4967,Norway
NOR,1899,both,0,51.61,51.61,51.61,95.39,0.4645,Norway
NOR,1900,both,0,53.47,53.47,53.47,82.0,0.4851,Norway
NOR,1901,both,0,54.59,54.59,54.59,83.05,0.5025,Norway
NOR,1902,both,0,56.47,56.47,56.47,68.61,0.5217,Norway
NOR,1903,both,0,54.96,54.96,54.96,70.03,0.5047999999999999,Norway
NOR,1904,both,0,56.07,56.07,56.07,67.45,0.5199,Norway
NOR,1905,both,0,55.09,55.09,55.09,73.2,0.5054,Norway
NOR,1906,both,0,56.9,56.9,56.9,62.5,0.5311,Norway
NOR,1907,both,0,56.48,56.48,56.48,59.46,0.5214,Norway
NOR,1908,both,0,56.28,56.28,56.28,69.24,0.5257999999999999,Norway
NOR,1909,both,0,57.46,57.46,57.46,64.36,0.5416,Norway
NOR,1910,both,0,57.98,57.98,57.98,60.96,0.5442,Norway
NOR,1911,both,0,58.01,58.01,58.01,58.13,0.5446,Norway
NOR,1912,both,0,57.73,57.73,57.73,60.47,0.5375,Norway
NOR,1913,both,0,58.31,58.31,58.31,57.04,0.5473,Norway
NOR,1914,both,0,57.79,57.79,57.79,60.99,0.5439,Norway
NOR,1915,both,0,58.16,58.16,58.16,59.21,0.5474,Norway
NOR,1916,both,0,57.23,57.23,57.23,59.78,0.5367999999999999,Norway
NOR,1917,both,0,57.71,57.71,57.71,58.51,0.5417000000000001,Norway
NOR,1918,both,0,50.32,50.32,50.32,60.97,0.4185999999999999,Norway
NOR,1919,both,0,56.79,56.79,56.79,54.34,0.5264,Norway
NOR,1920,both,0,58.85,58.85,58.85,55.8,0.562,Norway
NOR,1921,both,0,61.57,61.57,61.57,46.98,0.5961,Norway
NOR,1922,both,0,60.78,60.78,60.78,48.64,0.5859000000000001,Norway
NOR,1923,both,0,61.8,61.8,61.8,44.26,0.6019,Norway
NOR,1924,both,0,62.11,62.11,62.11,44.15,0.6009,Norway
NOR,1925,both,0,62.51,62.51,62.51,43.93,0.6115999999999999,Norway
NOR,1926,both,0,63.25,63.25,63.25,44.12,0.6191,Norway
NOR,1927,both,0,62.85,62.85,62.85,43.86,0.6167,Norway
NOR,1928,both,0,63.4,63.4,63.4,44.6,0.625,Norway
NOR,1929,both,0,62.45,62.45,62.45,48.97,0.6096,Norway
NOR,1930,both,0,64.1,64.1,64.1,41.72,0.637,Norway
NOR,1931,both,0,64.18,64.18,64.18,40.52,0.6411,Norway
NOR,1932,both,0,64.59,64.59,64.59,43.35,0.6479,Norway
NOR,1933,both,0,65.48,65.48,65.48,41.66,0.6644,Norway
NOR,1934,both,0,66.21,66.21,66.21,36.57,0.6698999999999999,Norway
NOR,1935,both,0,65.84,65.84,65.84,38.94,0.6695,Norway
NOR,1936,both,0,65.82,65.82,65.82,39.99,0.6701,Norway
NOR,1937,both,0,66.02,66.02,66.02,39.7,0.6714,Norway
NOR,1938,both,0,67.09,67.09,67.09,35.21,0.6886,Norway
NOR,1939,both,0,67.35,67.35,67.35,34.62,0.6954,Norway
NOR,1940,both,0,65.88,65.88,65.88,35.29,0.6681,Norway
NOR,1941,both,0,65.74,65.74,65.74,37.96,0.6709,Norway
NOR,1942,both,0,65.7,65.7,65.7,35.51,0.6639,Norway
NOR,1943,both,0,66.09,66.09,66.09,34.25,0.6751999999999999,Norway
NOR,1944,both,0,65.84,65.84,65.84,34.3,0.6681,Norway
NOR,1945,both,0,68.19,68.19,68.19,33.62,0.7106999999999999,Norway
NOR,1946,both,0,69.54,69.54,69.54,32.64,0.7369,Norway
NOR,1947,both,0,70.01,70.01,70.01,29.93,0.7459,Norway
NOR,1948,both,0,71.13,71.13,71.13,26.87,0.7611,Norway
NOR,1949,both,0,71.52,71.52,71.52,25.11,0.7705,Norway
NOR,1950,both,0,71.59,71.59,71.59,25.32,0.7736,Norway
NOR,1951,both,0,72.53,72.53,72.53,23.27,0.7852,Norway
NOR,1952,both,0,72.65,72.65,72.65,23.06,0.7875,Norway
NOR,1953,both,0,73.15,73.15,73.15,20.14,0.7959,Norway
NOR,1954,both,0,73.21,73.21,73.21,19.8,0.7976000000000001,Norway
NOR,1955,both,0,73.43,73.43,73.43,19.23,0.7983,Norway
NOR,1956,both,0,73.49,73.49,73.49,19.86,0.8024,Norway
NOR,1957,both,0,73.43,73.43,73.43,18.97,0.8001999999999999,Norway
NOR,1958,both,0,73.43,73.43,73.43,18.67,0.8,Norway
NOR,1959,both,0,73.55,73.55,73.55,17.69,0.8004000000000001,Norway
NOR,1960,both,0,73.56,73.56,73.56,17.67,0.8036,Norway
NOR,1961,both,0,73.56,73.56,73.56,17.25,0.8001,Norway
NOR,1962,both,0,73.46,73.46,73.46,16.92,0.7995,Norway
NOR,1963,both,0,73.1,73.1,73.1,16.12,0.7987000000000001,Norway
NOR,1964,both,0,73.61,73.61,73.61,16.29,0.8025,Norway
NOR,1965,both,0,73.73,73.73,73.73,15.98,0.8011,Norway
NOR,1966,both,0,74.01,74.01,74.01,13.5,0.8069,Norway
NOR,1967,both,0,74.07,74.07,74.07,13.9,0.8067,Norway
NOR,1968,both,0,73.95,73.95,73.95,13.07,0.8049,Norway
NOR,1969,both,0,73.67,73.67,73.67,13.1,0.7979,Norway
NOR,1970,both,0,74.07,74.07,74.07,12.02,0.8051999999999999,Norway
NOR,1971,both,0,74.17,74.17,74.17,12.31,0.8077,Norway
NOR,1972,both,0,74.35,74.35,74.35,11.18,0.8098000000000001,Norway
NOR,1973,both,0,74.44,74.44,74.44,11.01,0.8109000000000001,Norway
NOR,1974,both,0,74.76,74.76,74.76,9.83,0.8127,Norway
NOR,1975,both,0,74.82,74.82,74.82,10.17,0.8137000000000001,Norway
NOR,1976,both,0,75.05,75.05,75.05,9.62,0.8149,Norway
NOR,1977,both,0,75.4,75.4,75.4,8.56,0.8205,Norway
NOR,1978,both,0,75.43,75.43,75.43,8.42,0.8208,Norway
NOR,1979,both,0,75.42,75.42,75.42,8.25,0.8198000000000001,Norway
NOR,1980,both,0,75.67,75.67,75.67,8.03,0.8229000000000001,Norway
NOR,1981,both,0,75.88,75.88,75.88,7.47,0.8266,Norway
NOR,1982,both,0,76.02,76.02,76.02,8.08,0.8268000000000001,Norway
NOR,1983,both,0,76.08,76.08,76.08,7.82,0.8276,Norway
NOR,1984,both,0,76.25,76.25,76.25,8.33,0.8311,Norway
NOR,1985,both,0,75.93,75.93,75.93,8.52,0.8273,Norway
NOR,1986,both,0,76.25,76.25,76.25,7.85,0.8291,Norway
NOR,1987,both,0,76.1,76.1,76.1,8.5,0.8278,Norway
NOR,1988,both,0,76.27,76.27,76.27,8.21,0.8305,Norway
NOR,1989,both,0,76.54,76.54,76.54,7.94,0.8345999999999999,Norway
NOR,1990,both,0,76.59,76.59,76.59,6.9,0.8395,Norway
NOR,1991,both,0,77.04,77.04,77.04,6.17,0.845,Norway
NOR,1992,both,0,77.24,77.24,77.24,5.72,0.8462999999999999,Norway
NOR,1993,both,0,77.22,77.22,77.22,5.02,0.8502,Norway
NOR,1994,both,0,77.78,77.78,77.78,5.2,0.8558,Norway
NOR,1995,both,0,77.8,77.8,77.8,4.03,0.8586,Norway
NOR,1996,both,0,78.23,78.23,78.23,4.07,0.8623999999999999,Norway
NOR,1997,both,0,78.24,78.24,78.24,4.05,0.8634000000000001,Norway
NOR,1998,both,0,78.41,78.41,78.41,3.94,0.8641,Norway
NOR,1999,both,0,78.39,78.39,78.39,3.94,0.8667,Norway
NOR,2000,both,0,78.69,78.69,78.69,3.77,0.8689,Norway
NOR,2001,both,0,78.89,78.89,78.89,3.83,0.8715999999999999,Norway
NOR,2002,both,0,78.96,78.96,78.96,3.43,0.8737,Norway
NOR,2003,both,0,79.53,79.53,79.53,3.39,0.8795999999999999,Norway
NOR,2004,both,0,79.97,79.97,79.97,3.23,0.8832,Norway
NOR,2005,both,0,80.17,80.17,80.17,3.06,0.8851,Norway
NOR,2006,both,0,80.44,80.44,80.44,3.19,0.8870999999999999,Norway
NOR,2007,both,0,80.5,80.5,80.5,3.06,0.8909999999999999,Norway
NOR,2008,both,0,80.68,80.68,80.68,2.73,0.8924,Norway
NOR,2009,both,0,80.86,80.86,80.86,3.12,0.8931999999999999,Norway
NOR,2010,both,0,81.04,81.04,81.04,2.76,0.8954000000000001,Norway
NOR,2011,both,0,81.24,81.24,81.24,2.32,0.8975,Norway
NOR,2012,both,0,81.45,81.45,81.45,2.47,0.9022,Norway
NOR,2013,both,0,81.66,81.66,81.66,2.44,0.9027,Norway
NOR,2014,both,0,82.09,82.09,82.09,2.41,0.9084,Norway
NOR,2015,both,0,82.28,82.28,82.28,2.34,0.9119,Norway
NOR,2016,both,0,82.42,82.42,82.42,2.14,0.912,Norway
NOR,2017,both,0,82.63,82.63,82.63,2.24,0.9171,Norway
NOR,2018,both,0,82.77,82.77,82.77,2.29,0.917,Norway
NOR,2019,both,0,82.96,82.96,82.96,2.06,0.9188,Norway
NOR,2020,both,0,83.2,83.2,83.2,1.7,0.9218,Norway
NOR,2021,both,0,83.17,83.17,83.17,1.9,0.9228,Norway
NOR,2022,both,0,82.64,82.64,82.64,1.78,0.9191,Norway
NOR,2023,both,0,83.02,83.02,83.02,2.04,0.9206,Norway
POL,1958,both,0,65.92,65.92,65.92,71.16,0.6854,POL
POL,1959,both,0,65.56,65.56,65.56,70.81,0.682,POL
POL,1960,both,0,67.83,67.83,67.83,55.29,0.7109000000000001,POL
POL,1961,both,0,67.94,67.94,67.94,52.91,0.7123,POL
POL,1962,both,0,67.63,67.63,67.63,53.42,0.7101999999999999,POL
POL,1963,both,0,68.56,68.56,68.56,48.17,0.7203,POL
POL,1964,both,0,68.78,68.78,68.78,46.39,0.727,POL
POL,1965,both,0,69.48,69.48,69.48,40.85,0.7358,POL
POL,1966,both,0,69.89,69.89,69.89,38.01,0.7393000000000001,POL
POL,1967,both,0,69.59,69.59,69.59,37.31,0.7364,POL
POL,1968,both,0,70.23,70.23,70.23,33.14,0.7425,POL
POL,1969,both,0,69.71,69.71,69.71,34.25,0.7345999999999999,POL
POL,1970,both,0,69.59,69.59,69.59,38.21,0.7358,POL
POL,1971,both,0,69.37,69.37,69.37,34.6,0.7314,POL
POL,1972,both,0,70.55,70.55,70.55,32.3,0.748,POL
POL,1973,both,0,70.53,70.53,70.53,29.97,0.7464,POL
POL,1974,both,0,71.02,71.02,71.02,27.94,0.7526999999999999,POL
POL,1975,both,0,70.44,70.44,70.44,29.13,0.7431,POL
POL,1976,both,0,70.44,70.44,70.44,28.18,0.7386,POL
POL,1977,both,0,70.33,70.33,70.33,28.36,0.7347,POL
POL,1978,both,0,70.22,70.22,70.22,27.14,0.7325,POL
POL,1979,both,0,70.59,70.59,70.59,25.76,0.735,POL
POL,1980,both,0,69.95,69.95,69.95,25.47,0.7231000000000001,POL
POL,1981,both,0,70.92,70.92,70.92,24.58,0.7363,POL
POL,1982,both,0,70.98,70.98,70.98,24.74,0.7372,POL
POL,1983,both,0,70.84,70.84,70.84,23.32,0.7328,POL
POL,1984,both,0,70.61,70.61,70.61,22.57,0.7263,POL
POL,1985,both,0,70.37,70.37,70.37,21.36,0.7217,POL
POL,1986,both,0,70.62,70.62,70.62,20.6,0.7236,POL
POL,1987,both,0,70.68,70.68,70.68,20.81,0.7238,POL
POL,1988,both,0,71.01,71.01,71.01,20.26,0.7276,POL
POL,1989,both,0,70.77,70.77,70.77,19.68,0.7216,POL
POL,1990,both,0,70.68,70.68,70.68,19.06,0.7186,POL
POL,1991,both,0,70.38,70.38,70.38,18.04,0.7103,POL
POL,1992,both,0,70.91,70.91,70.91,17.03,0.7195999999999999,POL
POL,1993,both,0,71.42,71.42,71.42,15.83,0.7334,POL
POL,1994,both,0,71.71,71.71,71.71,14.82,0.738,POL
POL,1995,both,0,71.92,71.92,71.92,12.98,0.7387999999999999,POL
POL,1996,both,0,72.25,72.25,72.25,12.13,0.7472,POL
POL,1997,both,0,72.6,72.6,72.6,9.94,0.7505,POL
POL,1998,both,0,72.95,72.95,72.95,9.37,0.7556,POL
POL,1999,both,0,72.99,72.99,72.99,8.69,0.7559999999999999,POL
POL,2000,both,0,73.73,73.73,73.73,8.01,0.7692,POL
POL,2001,both,0,74.22,74.22,74.22,7.46,0.7773,POL
POL,2002,both,0,74.58,74.58,74.58,7.29,0.7828,POL
POL,2003,both,0,74.74,74.74,74.74,6.92,0.7857999999999999,POL
POL,2004,both,0,74.97,74.97,74.97,6.73,0.7853,POL
POL,2005,both,0,75.09,75.09,75.09,6.34,0.7863,POL
POL,2006,both,0,75.28,75.28,75.28,5.93,0.7859999999999999,POL
POL,2007,both,0,75.33,75.33,75.33,5.85,0.7857999999999999,POL
POL,2008,both,0,75.57,75.57,75.57,5.58,0.7897,POL
POL,2009,both,0,75.76,75.76,75.76,5.33,0.7942,POL
POL,2010,both,0,76.29,76.29,76.29,4.85,0.8029000000000001,POL
POL,2011,both,0,76.62,76.62,76.62,4.58,0.8067,POL
POL,2012,both,0,76.69,76.69,76.69,4.6,0.8078,POL
POL,2013,both,0,76.94,76.94,76.94,4.45,0.8131999999999999,POL
POL,2014,both,0,77.53,77.53,77.53,4.24,0.8223999999999999,POL
POL,2015,both,0,77.37,77.37,77.37,3.95,0.8209000000000001,POL
POL,2016,both,0,77.75,77.75,77.75,4.06,0.8249,POL
POL,2017,both,0,77.66,77.66,77.66,4.03,0.8262,POL
POL,2018,both,0,77.55,77.55,77.55,3.76,0.8247,POL
POL,2019,both,0,77.84,77.84,77.84,3.7,0.8281000000000001,POL
POL,2020,both,0,76.48,76.48,76.48,3.5,0.8145,POL
POL,2021,both,0,75.54,75.54,75.54,3.89,0.8011,POL
POL,2022,both,0,77.25,77.25,77.25,3.71,0.8256999999999999,POL
POL,2023,both,0,78.39,78.39,78.39,3.68,0.8417,POL
PRT,1940,both,0,51.38,51.38,51.38,131.77,0.4829,PRT
PRT,1941,both,0,47.99,47.99,47.99,151.39,0.4429,PRT
PRT,1942,both,0,49.78,49.78,49.78,133.37,0.4638,PRT
PRT,1943,both,0,51.13,51.13,51.13,132.65,0.486,PRT
PRT,1944,both,0,52.38,52.38,52.38,123.16,0.4988,PRT
PRT,1945,both,0,53.78,53.78,53.78,116.61,0.5131,PRT
PRT,1946,both,0,53.75,53.75,53.75,115.99,0.5126,PRT
PRT,1947,both,0,55.93,55.93,55.93,106.86,0.547,PRT
PRT,1948,both,0,56.72,56.72,56.72,104.47,0.5559000000000001,PRT
PRT,1949,both,0,55.41,55.41,55.41,111.58,0.5416,PRT
PRT,1950,both,0,58.47,58.47,58.47,97.9,0.583,PRT
PRT,1951,both,0,58.75,58.75,58.75,92.33,0.5858,PRT
PRT,1952,both,0,59.76,59.76,59.76,95.27,0.6091,PRT
PRT,1953,both,0,61.07,61.07,61.07,93.0,0.63,PRT
PRT,1954,both,0,62.2,62.2,62.2,84.6,0.6431,PRT
PRT,1955,both,0,61.4,61.4,61.4,92.15,0.6329,PRT
PRT,1956,both,0,61.17,61.17,61.17,86.7,0.6245,PRT
PRT,1957,both,0,61.39,61.39,61.39,90.44,0.6336999999999999,PRT
PRT,1958,both,0,63.72,63.72,63.72,84.43,0.6676000000000001,PRT
PRT,1959,both,0,62.92,62.92,62.92,89.55,0.6617000000000001,PRT
PRT,1960,both,0,64.15,64.15,64.15,81.71,0.6755,PRT
PRT,1961,both,0,62.8,62.8,62.8,91.82,0.6587000000000001,PRT
PRT,1962,both,0,64.32,64.32,64.32,79.24,0.6748999999999999,PRT
PRT,1963,both,0,64.92,64.92,64.92,72.27,0.685,PRT
PRT,1964,both,0,65.12,65.12,65.12,70.66,0.685,PRT
PRT,1965,both,0,66.09,66.09,66.09,64.24,0.6978,PRT
PRT,1966,both,0,65.6,65.6,65.6,64.41,0.6846,PRT
PRT,1967,both,0,66.46,66.46,66.46,59.63,0.6970000000000001,PRT
PRT,1968,both,0,66.81,66.81,66.81,60.59,0.7065,PRT
PRT,1969,both,0,66.39,66.39,66.39,57.16,0.698,PRT
PRT,1970,both,0,67.06,67.06,67.06,60.61,0.7129000000000001,PRT
PRT,1971,both,0,66.85,66.85,66.85,55.1,0.7047,PRT
PRT,1972,both,0,69.16,69.16,69.16,39.96,0.7356,PRT
PRT,1973,both,0,68.6,68.6,68.6,43.79,0.7315,PRT
PRT,1974,both,0,69.12,69.12,69.12,37.78,0.7371,PRT
PRT,1975,both,0,68.84,68.84,68.84,39.66,0.7249,PRT
PRT,1976,both,0,69.1,69.1,69.1,33.79,0.7284,PRT
PRT,1977,both,0,70.34,70.34,70.34,29.8,0.7474,PRT
PRT,1978,both,0,70.79,70.79,70.79,28.16,0.7592,PRT
PRT,1979,both,0,71.6,71.6,71.6,25.37,0.7704000000000001,PRT
PRT,1980,both,0,71.66,71.66,71.66,24.43,0.7684000000000001,PRT
PRT,1981,both,0,71.89,71.89,71.89,21.79,0.7684000000000001,PRT
PRT,1982,both,0,72.7,72.7,72.7,19.84,0.7807999999999999,PRT
PRT,1983,both,0,72.65,72.65,72.65,18.75,0.7809999999999999,PRT
PRT,1984,both,0,72.93,72.93,72.93,16.64,0.7831,PRT
PRT,1985,both,0,73.21,73.21,73.21,16.99,0.7886,PRT
PRT,1986,both,0,73.64,73.64,73.64,15.77,0.792,PRT
PRT,1987,both,0,74.06,74.06,74.06,14.0,0.7984,PRT
PRT,1988,both,0,74.08,74.08,74.08,13.17,0.7997,PRT
PRT,1989,both,0,74.66,74.66,74.66,12.08,0.8087000000000001,PRT
PRT,1990,both,0,74.3,74.3,74.3,10.9,0.8045,PRT
PRT,1991,both,0,74.24,74.24,74.24,10.93,0.8011,PRT
PRT,1992,both,0,74.87,74.87,74.87,9.18,0.8089,PRT
PRT,1993,both,0,74.76,74.76,74.76,8.61,0.8078,PRT
PRT,1994,both,0,75.73,75.73,75.73,7.8,0.8216,PRT
PRT,1995,both,0,75.55,75.55,75.55,7.38,0.8195,PRT
PRT,1996,both,0,75.48,75.48,75.48,6.94,0.8181,PRT
PRT,1997,both,0,75.92,75.92,75.92,6.51,0.8234999999999999,PRT
PRT,1998,both,0,76.12,76.12,76.12,6.08,0.8281000000000001,PRT
PRT,1999,both,0,76.32,76.32,76.32,5.76,0.8320000000000001,PRT
PRT,2000,both,0,76.83,76.83,76.83,5.75,0.8381000000000001,PRT
PRT,2001,both,0,77.15,77.15,77.15,4.92,0.8404,PRT
PRT,2002,both,0,77.37,77.37,77.37,5.12,0.8434999999999999,PRT
PRT,2003,both,0,77.59,77.59,77.59,4.07,0.848,PRT
PRT,2004,both,0,78.43,78.43,78.43,3.78,0.8556999999999999,PRT
PRT,2005,both,0,78.32,78.32,78.32,3.5,0.8563,PRT
PRT,2006,both,0,79.09,79.09,79.09,3.25,0.8619,PRT
PRT,2007,both,0,79.31,79.31,79.31,3.41,0.8656,PRT
PRT,2008,both,0,79.61,79.61,79.61,3.3,0.8694,PRT
PRT,2009,both,0,79.84,79.84,79.84,3.56,0.8701000000000001,PRT
PRT,2010,both,0,80.12,80.12,80.12,2.58,0.8741,PRT
PRT,2011,both,0,80.58,80.58,80.58,3.01,0.8763,PRT
PRT,2012,both,0,80.56,80.56,80.56,3.26,0.8801000000000001,PRT
PRT,2013,both,0,80.9,80.9,80.9,2.81,0.8813,PRT
PRT,2014,both,0,81.32,81.32,81.32,2.88,0.8859999999999999,PRT
PRT,2015,both,0,81.33,81.33,81.33,2.98,0.8881,PRT
PRT,2016,both,0,81.37,81.37,81.37,3.25,0.8872,PRT
PRT,2017,both,0,81.67,81.67,81.67,2.61,0.8886,PRT
PRT,2018,both,0,81.6,81.6,81.6,3.31,0.8889,PRT
PRT,2019,both,0,81.96,81.96,81.96,2.85,0.8915000000000001,PRT
PRT,2020,both,0,81.37,81.37,81.37,2.38,0.8872,PRT
PRT,2021,both,0,81.4,81.4,81.4,2.37,0.887,PRT
PRT,2022,both,0,81.68,81.68,81.68,2.69,0.8902,PRT
PRT,2023,both,0,82.26,82.26,82.26,2.49,0.8945000000000001,PRT
RUS,1959,both,0,67.69,67.69,67.69,40.6,0.6887000000000001,RUS
RUS,1960,both,0,68.7,68.7,68.7,36.43,0.7011,RUS
RUS,1961,both,0,68.96,68.96,68.96,32.55,0.7048000000000001,RUS
RUS,1962,both,0,68.64,68.64,68.64,31.37,0.7028,RUS
RUS,1963,both,0,69.13,69.13,69.13,30.41,0.7089,RUS
RUS,1964,both,0,69.92,69.92,69.92,28.02,0.7186,RUS
RUS,1965,both,0,69.5,69.5,69.5,26.25,0.7152,RUS
RUS,1966,both,0,69.57,69.57,69.57,25.28,0.7141,RUS
RUS,1967,both,0,69.35,69.35,69.35,24.78,0.71,RUS
RUS,1968,both,0,69.25,69.25,69.25,25.19,0.7056999999999999,RUS
RUS,1969,both,0,68.76,68.76,68.76,24.48,0.6958,RUS
RUS,1970,both,0,68.83,68.83,68.83,22.4,0.6959000000000001,RUS
RUS,1971,both,0,69.07,69.07,69.07,20.44,0.6970999999999999,RUS
RUS,1972,both,0,68.98,68.98,68.98,20.67,0.6979000000000001,RUS
RUS,1973,both,0,68.96,68.96,68.96,20.85,0.6979000000000001,RUS
RUS,1974,both,0,68.96,68.96,68.96,21.76,0.6939,RUS
RUS,1975,both,0,68.32,68.32,68.32,22.69,0.6823,RUS
RUS,1976,both,0,68.06,68.06,68.06,23.97,0.6762999999999999,RUS
RUS,1977,both,0,67.9,67.9,67.9,23.55,0.6703,RUS
RUS,1978,both,0,67.91,67.91,67.91,23.21,0.6667000000000001,RUS
RUS,1979,both,0,67.58,67.58,67.58,22.36,0.6601,RUS
RUS,1980,both,0,67.48,67.48,67.48,21.88,0.6561,RUS
RUS,1981,both,0,67.69,67.69,67.69,21.38,0.66,RUS
RUS,1982,both,0,68.24,68.24,68.24,20.45,0.667,RUS
RUS,1983,both,0,68.07,68.07,68.07,20.05,0.6629999999999999,RUS
RUS,1984,both,0,67.56,67.56,67.56,20.53,0.6539,RUS
RUS,1985,both,0,68.26,68.26,68.26,20.34,0.6709999999999999,RUS
RUS,1986,both,0,69.85,69.85,69.85,19.51,0.7065,RUS
RUS,1987,both,0,69.9,69.9,69.9,19.16,0.7067,RUS
RUS,1988,both,0,69.73,69.73,69.73,18.42,0.7023,RUS
RUS,1989,both,0,69.59,69.59,69.59,17.28,0.6933,RUS
RUS,1990,both,0,69.22,69.22,69.22,16.87,0.6833,RUS
RUS,1991,both,0,68.96,68.96,68.96,17.03,0.6770999999999999,RUS
RUS,1992,both,0,67.84,67.84,67.84,17.15,0.6481,RUS
RUS,1993,both,0,65.06,65.06,65.06,19.09,0.5821999999999999,RUS
RUS,1994,both,0,63.81,63.81,63.81,18.71,0.546,RUS
RUS,1995,both,0,64.51,64.51,64.51,17.81,0.5663,RUS
RUS,1996,both,0,65.78,65.78,65.78,17.24,0.5984,RUS
RUS,1997,both,0,66.72,66.72,66.72,16.87,0.6247,RUS
RUS,1998,both,0,67.04,67.04,67.04,16.6,0.6339,RUS
RUS,1999,both,0,65.92,65.92,65.92,16.54,0.6063000000000001,RUS
RUS,2000,both,0,65.29,65.29,65.29,15.7,0.5882000000000001,RUS
RUS,2001,both,0,65.19,65.19,65.19,15.03,0.5803,RUS
RUS,2002,both,0,64.91,64.91,64.91,13.98,0.5696,RUS
RUS,2003,both,0,64.85,64.85,64.85,12.57,0.565,RUS
RUS,2004,both,0,65.27,65.27,65.27,11.74,0.5749,RUS
RUS,2005,both,0,65.34,65.34,65.34,10.92,0.5765,RUS
RUS,2006,both,0,66.64,66.64,66.64,10.39,0.6098,RUS
RUS,2007,both,0,67.55,67.55,67.55,9.78,0.6323,RUS
RUS,2008,both,0,67.96,67.96,67.96,8.7,0.6369,RUS
RUS,2009,both,0,68.76,68.76,68.76,8.28,0.6539,RUS
RUS,2010,both,0,68.92,68.92,68.92,7.89,0.6574,RUS
RUS,2011,both,0,69.81,69.81,69.81,7.67,0.6733,RUS
RUS,2012,both,0,70.22,70.22,70.22,8.81,0.6857,RUS
RUS,2013,both,0,70.75,70.75,70.75,8.15,0.695,RUS
RUS,2014,both,0,70.92,70.92,70.92,7.42,0.6969,RUS
SVK,1950,both,0,60.77,60.77,60.77,111.6,0.6141,SVK
SVK,1951,both,0,61.14,61.14,61.14,107.51,0.6219,SVK
SVK,1952,both,0,64.29,64.29,64.29,75.31,0.6629,SVK
SVK,1953,both,0,65.64,65.64,65.64,61.91,0.6818000000000001,SVK
SVK,1954,both,0,66.68,66.68,66.68,50.26,0.6953,SVK
SVK,1955,both,0,67.84,67.84,67.84,44.35,0.7086,SVK
SVK,1956,both,0,68.37,68.37,68.37,40.59,0.7186,SVK
SVK,1957,both,0,67.46,67.46,67.46,45.64,0.7066,SVK
SVK,1958,both,0,69.36,69.36,69.36,36.07,0.7343000000000001,SVK
SVK,1959,both,0,69.01,69.01,69.01,31.74,0.7273000000000001,SVK
SVK,1960,both,0,70.34,70.34,70.34,28.59,0.7514,SVK
SVK,1961,both,0,70.79,70.79,70.79,27.4,0.7583,SVK
SVK,1962,both,0,70.33,70.33,70.33,24.87,0.7518,SVK
SVK,1963,both,0,70.69,70.69,70.69,26.79,0.7556999999999999,SVK
SVK,1964,both,0,71.08,71.08,71.08,25.42,0.7608,SVK
SVK,1965,both,0,70.28,70.28,70.28,27.97,0.7533,SVK
SVK,1966,both,0,70.42,70.42,70.42,26.57,0.7539,SVK
SVK,1967,both,0,70.97,70.97,70.97,24.66,0.7570999999999999,SVK
SVK,1968,both,0,70.46,70.46,70.46,23.02,0.7464,SVK
SVK,1969,both,0,69.81,69.81,69.81,25.89,0.7342,SVK
SVK,1970,both,0,69.72,69.72,69.72,25.04,0.7323000000000001,SVK
SVK,1971,both,0,69.86,69.86,69.86,23.96,0.7339,SVK
SVK,1972,both,0,70.3,70.3,70.3,26.22,0.7404000000000001,SVK
SVK,1973,both,0,70.03,70.03,70.03,25.34,0.7347,SVK
SVK,1974,both,0,70.18,70.18,70.18,23.28,0.735,SVK
SVK,1975,both,0,70.3,70.3,70.3,23.63,0.7373000000000001,SVK
SVK,1976,both,0,70.47,70.47,70.47,24.63,0.7381,SVK
SVK,1977,both,0,70.41,70.41,70.41,21.46,0.7340000000000001,SVK
SVK,1978,both,0,70.42,70.42,70.42,21.81,0.7317,SVK
SVK,1979,both,0,70.74,70.74,70.74,20.95,0.7376,SVK
SVK,1980,both,0,70.38,70.38,70.38,20.3,0.7311,SVK
SVK,1981,both,0,70.62,70.62,70.62,19.13,0.7284,SVK
SVK,1982,both,0,70.76,70.76,70.76,17.9,0.7306999999999999,SVK
SVK,1983,both,0,70.48,70.48,70.48,17.43,0.7221,SVK
SVK,1984,both,0,70.71,70.71,70.71,16.97,0.7219,SVK
SVK,1985,both,0,70.72,70.72,70.72,16.26,0.725,SVK
SVK,1986,both,0,70.89,70.89,70.89,14.81,0.7276,SVK
SVK,1987,both,0,71.07,71.07,71.07,13.83,0.7256,SVK
SVK,1988,both,0,71.13,71.13,71.13,13.36,0.727,SVK
SVK,1989,both,0,70.94,70.94,70.94,13.21,0.7203,SVK
SVK,1990,both,0,70.82,70.82,70.82,12.22,0.7166,SVK
SVK,1991,both,0,70.92,70.92,70.92,13.09,0.7195999999999999,SVK
SVK,1992,both,0,71.37,71.37,71.37,12.33,0.7289,SVK
SVK,1993,both,0,71.88,71.88,71.88,10.48,0.7406,SVK
SVK,1994,both,0,72.33,72.33,72.33,10.58,0.75,SVK
SVK,1995,both,0,72.25,72.25,72.25,10.62,0.7495999999999999,SVK
SVK,1996,both,0,72.74,72.74,72.74,10.1,0.759,SVK
SVK,1997,both,0,72.69,72.69,72.69,8.62,0.7584000000000001,SVK
SVK,1998,both,0,72.57,72.57,72.57,8.75,0.7554000000000001,SVK
SVK,1999,both,0,72.97,72.97,72.97,8.2,0.76,SVK
SVK,2000,both,0,73.14,73.14,73.14,8.5,0.767,SVK
SVK,2001,both,0,73.57,73.57,73.57,6.05,0.7713,SVK
SVK,2002,both,0,73.76,73.76,73.76,7.67,0.7755,SVK
SVK,2003,both,0,73.81,73.81,73.81,7.9,0.7783,SVK
SVK,2004,both,0,74.2,74.2,74.2,6.87,0.7855,SVK
SVK,2005,both,0,74.14,74.14,74.14,7.23,0.7834,SVK
SVK,2006,both,0,74.39,74.39,74.39,6.57,0.7895,SVK
SVK,2007,both,0,74.46,74.46,74.46,6.14,0.787,SVK
SVK,2008,both,0,74.82,74.82,74.82,6.01,0.7934,SVK
SVK,2009,both,0,75.16,75.16,75.16,5.82,0.7970999999999999,SVK
SVK,2010,both,0,75.44,75.44,75.44,5.63,0.8059999999999999,SVK
SVK,2011,both,0,75.95,75.95,75.95,4.93,0.8122,SVK
SVK,2012,both,0,76.1,76.1,76.1,5.64,0.8161,SVK
SVK,2013,both,0,76.43,76.43,76.43,5.41,0.8209000000000001,SVK
SVK,2014,both,0,76.76,76.76,76.76,5.78,0.8251999999999999,SVK
SVK,2015,both,0,76.56,76.56,76.56,5.13,0.8208,SVK
SVK,2016,both,0,77.11,77.11,77.11,5.48,0.8317,SVK
SVK,2017,both,0,77.11,77.11,77.11,4.5,0.8311,SVK
SVK,2018,both,0,77.14,77.14,77.14,4.95,0.8311,SVK
SVK,2019,both,0,77.54,77.54,77.54,5.06,0.836,SVK
SVK,2020,both,0,76.84,76.84,76.84,5.02,0.8326,SVK
SVK,2021,both,0,74.59,74.59,74.59,4.85,0.7934,SVK
SVK,2022,both,0,76.95,76.95,76.95,5.14,0.8321,SVK
SVK,2023,both,0,78.03,78.03,78.03,5.26,0.8453,SVK
SVN,1983,both,0,70.86,70.86,70.86,13.34,0.732,SVN
SVN,1984,both,0,71.31,71.31,71.31,13.58,0.7399,SVN
SVN,1985,both,0,71.74,71.74,71.74,12.81,0.7478,SVN
SVN,1986,both,0,72.27,72.27,72.27,12.11,0.7592,SVN
SVN,1987,both,0,72.21,72.21,72.21,11.09,0.7469,SVN
SVN,1988,both,0,72.89,72.89,72.89,9.73,0.7625,SVN
SVN,1989,both,0,73.34,73.34,73.34,7.88,0.7664,SVN
SVN,1990,both,0,73.83,73.83,73.83,8.19,0.7804000000000001,SVN
SVN,1991,both,0,73.49,73.49,73.49,8.02,0.7725,SVN
SVN,1992,both,0,73.61,73.61,73.61,8.69,0.7717,SVN
SVN,1993,both,0,73.5,73.5,73.5,6.73,0.7679,SVN
SVN,1994,both,0,73.94,73.94,73.94,6.45,0.7787999999999999,SVN
SVN,1995,both,0,74.63,74.63,74.63,5.48,0.7906,SVN
SVN,1996,both,0,75.07,75.07,75.07,4.71,0.7975,SVN
SVN,1997,both,0,75.1,75.1,75.1,5.02,0.7967,SVN
SVN,1998,both,0,75.21,75.21,75.21,5.17,0.8024,SVN
SVN,1999,both,0,75.58,75.58,75.58,4.47,0.8064,SVN
SVN,2000,both,0,76.04,76.04,76.04,4.96,0.8140000000000001,SVN
SVN,2001,both,0,76.31,76.31,76.31,4.12,0.8145,SVN
SVN,2002,both,0,76.56,76.56,76.56,3.81,0.8207,SVN
SVN,2003,both,0,76.45,76.45,76.45,3.96,0.8220000000000001,SVN
SVN,2004,both,0,77.19,77.19,77.19,3.74,0.8303,SVN
SVN,2005,both,0,77.5,77.5,77.5,4.13,0.8401000000000001,SVN
SVN,2006,both,0,78.12,78.12,78.12,3.44,0.8420000000000001,SVN
SVN,2007,both,0,78.23,78.23,78.23,2.83,0.8458,SVN
SVN,2008,both,0,78.88,78.88,78.88,2.51,0.8539,SVN
SVN,2009,both,0,79.06,79.06,79.06,2.36,0.8606,SVN
SVN,2010,both,0,79.5,79.5,79.5,2.52,0.8645999999999999,SVN
SVN,2011,both,0,79.8,79.8,79.8,2.87,0.8698999999999999,SVN
SVN,2012,both,0,79.99,79.99,79.99,1.64,0.8703,SVN
SVN,2013,both,0,80.12,80.12,80.12,2.87,0.8731,SVN
SVN,2014,both,0,80.86,80.86,80.86,1.83,0.8839,SVN
SVN,2015,both,0,80.58,80.58,80.58,1.58,0.8798999999999999,SVN
SVN,2016,both,0,80.92,80.92,80.92,2.0,0.8842,SVN
SVN,2017,both,0,80.92,80.92,80.92,2.07,0.8854000000000001,SVN
SVN,2018,both,0,81.17,81.17,81.17,1.65,0.8902,SVN
SVN,2019,both,0,81.34,81.34,81.34,2.06,0.8926999999999999,SVN
SWE,1751,both,0,38.43,38.43,38.43,195.94,0.2830999999999999,Sweden
SWE,1752,both,0,35.41,35.41,35.41,220.68,0.2787,Sweden
SWE,1753,both,0,39.74,39.74,39.74,195.63,0.3177,Sweden
SWE,1754,both,0,37.5,37.5,37.5,213.87,0.2858,Sweden
SWE,1755,both,0,36.58,36.58,36.58,229.99,0.2789,Sweden
SWE,1756,both,0,36.25,36.25,36.25,220.99,0.2683,Sweden
SWE,1757,both,0,33.81,33.81,33.81,211.11,0.233,Sweden
SWE,1758,both,0,32.92,32.92,32.92,210.45,0.1907999999999999,Sweden
SWE,1759,both,0,38.21,38.21,38.21,194.57,0.264,Sweden
SWE,1760,both,0,39.71,39.71,39.71,192.0,0.2805,Sweden
SWE,1761,both,0,37.83,37.83,37.83,213.41,0.2866,Sweden
SWE,1762,both,0,32.49,32.49,32.49,242.07,0.221,Sweden
SWE,1763,both,0,30.46,30.46,30.46,244.35,0.1939999999999999,Sweden
SWE,1764,both,0,36.3,36.3,36.3,217.37,0.2463,Sweden
SWE,1765,both,0,35.99,35.99,35.99,219.12,0.2412,Sweden
SWE,1766,both,0,38.11,38.11,38.11,219.33,0.2836,Sweden
SWE,1767,both,0,38.23,38.23,38.23,215.82,0.273,Sweden
SWE,1768,both,0,35.05,35.05,35.05,223.64,0.2686,Sweden
SWE,1769,both,0,34.71,34.71,34.71,219.14,0.2673999999999999,Sweden
SWE,1770,both,0,36.66,36.66,36.66,212.06,0.273,Sweden
SWE,1771,both,0,35.43,35.43,35.43,210.82,0.2386,Sweden
SWE,1772,both,0,27.73,27.73,27.73,222.02,0.1253999999999999,Sweden
SWE,1773,both,0,17.99,17.99,17.99,238.56,0.0533,Sweden
SWE,1774,both,0,40.58,40.58,40.58,184.67,0.316,Sweden
SWE,1775,both,0,38.15,38.15,38.15,193.94,0.2859,Sweden
SWE,1776,both,0,41.51,41.51,41.51,169.84,0.3024,Sweden
SWE,1777,both,0,38.13,38.13,38.13,190.51,0.2869,Sweden
SWE,1778,both,0,35.56,35.56,35.56,209.14,0.2804,Sweden
SWE,1779,both,0,32.82,32.82,32.82,214.28,0.2683,Sweden
SWE,1780,both,0,42.68,42.68,42.68,164.75,0.359,Sweden
SWE,1781,both,0,37.81,37.81,37.81,184.69,0.289,Sweden
SWE,1782,both,0,36.66,36.66,36.66,182.43,0.2557,Sweden
SWE,1783,both,0,33.72,33.72,33.72,193.32,0.2466,Sweden
SWE,1784,both,0,31.44,31.44,31.44,196.97,0.2271999999999999,Sweden
SWE,1785,both,0,33.48,33.48,33.48,193.45,0.2453,Sweden
SWE,1786,both,0,37.9,37.9,37.9,207.61,0.2595,Sweden
SWE,1787,both,0,40.27,40.27,40.27,185.93,0.2875,Sweden
SWE,1788,both,0,36.82,36.82,36.82,214.45,0.2672,Sweden
SWE,1789,both,0,31.23,31.23,31.23,218.99,0.1816,Sweden
SWE,1790,both,0,33.6,33.6,33.6,201.33,0.2133,Sweden
SWE,1791,both,0,38.45,38.45,38.45,191.87,0.2658,Sweden
SWE,1792,both,0,39.84,39.84,39.84,207.56,0.3128,Sweden
SWE,1793,both,0,39.64,39.64,39.64,199.79,0.3063,Sweden
SWE,1794,both,0,40.41,40.41,40.41,183.9,0.3117,Sweden
SWE,1795,both,0,36.55,36.55,36.55,198.04,0.2506,Sweden
SWE,1796,both,0,38.88,38.88,38.88,202.17,0.3079,Sweden
SWE,1797,both,0,40.37,40.37,40.37,202.69,0.3131,Sweden
SWE,1798,both,0,41.34,41.34,41.34,188.94,0.3243999999999999,Sweden
SWE,1799,both,0,39.34,39.34,39.34,194.81,0.2884,Sweden
SWE,1800,both,0,32.19,32.19,32.19,227.06,0.2092,Sweden
SWE,1801,both,0,36.91,36.91,36.91,209.21,0.267,Sweden
SWE,1802,both,0,40.18,40.18,40.18,194.28,0.2985,Sweden
SWE,1803,both,0,40.24,40.24,40.24,189.32,0.2977,Sweden
SWE,1804,both,0,39.7,39.7,39.7,190.35,0.2811,Sweden
SWE,1805,both,0,41.05,41.05,41.05,179.79,0.3034,Sweden
SWE,1806,both,0,36.2,36.2,36.2,221.47,0.2559,Sweden
SWE,1807,both,0,38.77,38.77,38.77,190.21,0.2633,Sweden
SWE,1808,both,0,30.19,30.19,30.19,217.42,0.1625,Sweden
SWE,1809,both,0,26.91,26.91,26.91,208.31,0.1106,Sweden
SWE,1810,both,0,31.99,31.99,31.99,204.88,0.1851,Sweden
SWE,1811,both,0,34.59,34.59,34.59,204.37,0.2176,Sweden
SWE,1812,both,0,35.11,35.11,35.11,201.43,0.201,Sweden
SWE,1813,both,0,36.5,36.5,36.5,179.53,0.238,Sweden
SWE,1814,both,0,38.6,38.6,38.6,181.99,0.2813,Sweden
SWE,1815,both,0,40.45,40.45,40.45,176.44,0.3024,Sweden
SWE,1816,both,0,41.78,41.78,41.78,190.45,0.326,Sweden
SWE,1817,both,0,40.31,40.31,40.31,177.46,0.2948,Sweden
SWE,1818,both,0,40.02,40.02,40.02,172.64,0.2854,Sweden
SWE,1819,both,0,36.97,36.97,36.97,182.87,0.2442,Sweden
SWE,1820,both,0,40.24,40.24,40.24,164.66,0.2808,Sweden
SWE,1821,both,0,38.17,38.17,38.17,181.58,0.2784,Sweden
SWE,1822,both,0,42.77,42.77,42.77,165.82,0.3198999999999999,Sweden
SWE,1823,both,0,45.2,45.2,45.2,153.88,0.3424,Sweden
SWE,1824,both,0,44.98,44.98,44.98,153.76,0.3503,Sweden
SWE,1825,both,0,45.26,45.26,45.26,160.52,0.3592,Sweden
SWE,1826,both,0,43.11,43.11,43.11,172.66,0.3225,Sweden
SWE,1827,both,0,42.66,42.66,42.66,154.01,0.2964,Sweden
SWE,1828,both,0,37.76,37.76,37.76,174.92,0.2429,Sweden
SWE,1829,both,0,36.21,36.21,36.21,198.97,0.2205,Sweden
SWE,1830,both,0,40.98,40.98,40.98,179.87,0.2868,Sweden
SWE,1831,both,0,39.0,39.0,39.0,189.81,0.2557,Sweden
SWE,1832,both,0,40.85,40.85,40.85,166.26,0.2859,Sweden
SWE,1833,both,0,42.52,42.52,42.52,169.69,0.3155,Sweden
SWE,1834,both,0,38.55,38.55,38.55,175.95,0.238,Sweden
SWE,1835,both,0,47.15,47.15,47.15,144.25,0.3797,Sweden
SWE,1836,both,0,45.15,45.15,45.15,153.35,0.3577,Sweden
SWE,1837,both,0,39.6,39.6,39.6,189.65,0.2751,Sweden
SWE,1838,both,0,40.0,40.0,40.0,170.71,0.2658,Sweden
SWE,1839,both,0,39.87,39.87,39.87,162.69,0.2676,Sweden
SWE,1840,both,0,43.98,43.98,43.98,152.57,0.33,Sweden
SWE,1841,both,0,45.14,45.14,45.14,157.72,0.3567,Sweden
SWE,1842,both,0,42.8,42.8,42.8,164.85,0.3243999999999999,Sweden
SWE,1843,both,0,42.83,42.83,42.83,158.14,0.3182,Sweden
SWE,1844,both,0,44.01,44.01,44.01,146.41,0.3406,Sweden
SWE,1845,both,0,45.99,45.99,45.99,151.47,0.3682999999999999,Sweden
SWE,1846,both,0,42.04,42.04,42.04,160.91,0.3176,Sweden
SWE,1847,both,0,40.14,40.14,40.14,170.78,0.2857,Sweden
SWE,1848,both,0,45.13,45.13,45.13,144.03,0.3457,Sweden
SWE,1849,both,0,44.5,44.5,44.5,150.63,0.351,Sweden
SWE,1850,both,0,44.69,44.69,44.69,148.12,0.3503,Sweden
SWE,1851,both,0,43.62,43.62,43.62,153.24,0.3349,Sweden
SWE,1852,both,0,41.35,41.35,41.35,159.36,0.3,Sweden
SWE,1853,both,0,39.99,39.99,39.99,160.0,0.272,Sweden
SWE,1854,both,0,44.53,44.53,44.53,133.69,0.3508,Sweden
SWE,1855,both,0,43.06,43.06,43.06,143.63,0.3202,Sweden
SWE,1856,both,0,42.12,42.12,42.12,143.57,0.324,Sweden
SWE,1857,both,0,34.62,34.62,34.62,163.93,0.2391,Sweden
SWE,1858,both,0,41.99,41.99,41.99,147.7,0.3265,Sweden
SWE,1859,both,0,44.26,44.26,44.26,145.04,0.3574,Sweden
SWE,1860,both,0,48.46,48.46,48.46,125.84,0.4122999999999999,Sweden
SWE,1861,both,0,47.19,47.19,47.19,132.26,0.3962,Sweden
SWE,1862,both,0,42.7,42.7,42.7,137.04,0.3481,Sweden
SWE,1863,both,0,45.5,45.5,45.5,131.9,0.3856,Sweden
SWE,1864,both,0,44.81,44.81,44.81,137.56,0.369,Sweden
SWE,1865,both,0,45.45,45.45,45.45,134.41,0.3856,Sweden
SWE,1866,both,0,44.84,44.84,44.84,128.69,0.3651,Sweden
SWE,1867,both,0,46.27,46.27,46.27,135.85,0.3761,Sweden
SWE,1868,both,0,43.32,43.32,43.32,158.53,0.3436,Sweden
SWE,1869,both,0,41.01,41.01,41.01,148.97,0.321,Sweden
SWE,1870,both,0,45.02,45.02,45.02,134.55,0.3561999999999999,Sweden
SWE,1871,both,0,48.91,48.91,48.91,118.31,0.4160999999999999,Sweden
SWE,1872,both,0,49.94,49.94,49.94,127.59,0.4414,Sweden
SWE,1873,both,0,48.56,48.56,48.56,131.0,0.4208,Sweden
SWE,1874,both,0,44.15,44.15,44.15,146.82,0.3589,Sweden
SWE,1875,both,0,44.47,44.47,44.47,150.37,0.3638,Sweden
SWE,1876,both,0,44.77,44.77,44.77,140.73,0.3822,Sweden
SWE,1877,both,0,46.06,46.06,46.06,127.25,0.4052,Sweden
SWE,1878,both,0,46.8,46.8,46.8,132.03,0.4224,Sweden
SWE,1879,both,0,49.02,49.02,49.02,113.9,0.4428,Sweden
SWE,1880,both,0,47.67,47.67,47.67,119.01,0.4185999999999999,Sweden
SWE,1881,both,0,48.42,48.42,48.42,113.22,0.4267,Sweden
SWE,1882,both,0,48.41,48.41,48.41,124.95,0.4364,Sweden
SWE,1883,both,0,48.82,48.82,48.82,115.67,0.4404999999999999,Sweden
SWE,1884,both,0,49.0,49.0,49.0,115.52,0.4386,Sweden
SWE,1885,both,0,48.83,48.83,48.83,113.7,0.435,Sweden
SWE,1886,both,0,50.52,50.52,50.52,112.29,0.4615999999999999,Sweden
SWE,1887,both,0,51.39,51.39,51.39,103.59,0.4729,Sweden
SWE,1888,both,0,52.25,52.25,52.25,99.3,0.4797,Sweden
SWE,1889,both,0,52.23,52.23,52.23,105.48,0.4785999999999999,Sweden
SWE,1890,both,0,50.44,50.44,50.44,104.35,0.4535,Sweden
SWE,1891,both,0,51.02,51.02,51.02,109.05,0.4708,Sweden
SWE,1892,both,0,50.47,50.47,50.47,106.69,0.4515,Sweden
SWE,1893,both,0,51.16,51.16,51.16,101.73,0.4646,Sweden
SWE,1894,both,0,51.89,51.89,51.89,100.28,0.4756,Sweden
SWE,1895,both,0,54.01,54.01,54.01,95.29,0.506,Sweden
SWE,1896,both,0,53.34,53.34,53.34,102.24,0.4995,Sweden
SWE,1897,both,0,54.0,54.0,54.0,97.59,0.5063,Sweden
SWE,1898,both,0,54.59,54.59,54.59,91.45,0.5096,Sweden
SWE,1899,both,0,50.9,50.9,50.9,108.91,0.4628,Sweden
SWE,1900,both,0,52.23,52.23,52.23,99.99,0.4788,Sweden
SWE,1901,both,0,52.88,52.88,52.88,103.02,0.4919,Sweden
SWE,1902,both,0,54.7,54.7,54.7,85.74,0.5095000000000001,Sweden
SWE,1903,both,0,54.98,54.98,54.98,90.94,0.5184000000000001,Sweden
SWE,1904,both,0,55.27,55.27,55.27,84.35,0.5172,Sweden
SWE,1905,both,0,54.42,54.42,54.42,87.79,0.5025999999999999,Sweden
SWE,1906,both,0,56.56,56.56,56.56,81.08,0.5322,Sweden
SWE,1907,both,0,56.87,56.87,56.87,76.58,0.5372,Sweden
SWE,1908,both,0,56.33,56.33,56.33,85.25,0.5329999999999999,Sweden
SWE,1909,both,0,58.34,58.34,58.34,72.32,0.5571,Sweden
SWE,1910,both,0,57.74,57.74,57.74,74.2,0.5504,Sweden
SWE,1911,both,0,57.99,57.99,57.99,71.35,0.551,Sweden
SWE,1912,both,0,57.73,57.73,57.73,70.26,0.5488000000000001,Sweden
SWE,1913,both,0,58.59,58.59,58.59,68.71,0.5600999999999999,Sweden
SWE,1914,both,0,58.15,58.15,58.15,72.32,0.5549000000000001,Sweden
SWE,1915,both,0,57.1,57.1,57.1,73.15,0.5401,Sweden
SWE,1916,both,0,58.12,58.12,58.12,69.03,0.5562,Sweden
SWE,1917,both,0,58.8,58.8,58.8,63.87,0.5667,Sweden
SWE,1918,both,0,49.72,49.72,49.72,63.85,0.4132,Sweden
SWE,1919,both,0,56.42,56.42,56.42,69.94,0.5303,Sweden
SWE,1920,both,0,58.91,58.91,58.91,66.44,0.5686,Sweden
SWE,1921,both,0,60.98,60.98,60.98,62.09,0.6008,Sweden
SWE,1922,both,0,61.07,61.07,61.07,58.9,0.5965,Sweden
SWE,1923,both,0,62.91,62.91,62.91,55.76,0.6272,Sweden
SWE,1924,both,0,61.94,61.94,61.94,58.59,0.6149,Sweden
SWE,1925,both,0,62.51,62.51,62.51,54.84,0.6191,Sweden
SWE,1926,both,0,62.74,62.74,62.74,54.54,0.6225999999999999,Sweden
SWE,1927,both,0,61.56,61.56,61.56,57.63,0.6058,Sweden
SWE,1928,both,0,62.2,62.2,62.2,58.92,0.6186,Sweden
SWE,1929,both,0,62.29,62.29,62.29,56.67,0.6144,Sweden
SWE,1930,both,0,63.17,63.17,63.17,55.11,0.6282,Sweden
SWE,1931,both,0,62.71,62.71,62.71,54.84,0.6247,Sweden
SWE,1932,both,0,63.93,63.93,63.93,50.3,0.6422,Sweden
SWE,1933,both,0,64.8,64.8,64.8,48.15,0.6561,Sweden
SWE,1934,both,0,64.96,64.96,64.96,46.94,0.6574,Sweden
SWE,1935,both,0,64.86,64.86,64.86,45.96,0.6583,Sweden
SWE,1936,both,0,64.6,64.6,64.6,43.95,0.6518,Sweden
SWE,1937,both,0,64.61,64.61,64.61,45.35,0.6509999999999999,Sweden
SWE,1938,both,0,65.54,65.54,65.54,43.15,0.6665000000000001,Sweden
SWE,1939,both,0,66.38,66.38,66.38,39.93,0.6816,Sweden
SWE,1940,both,0,66.74,66.74,66.74,38.46,0.6864,Sweden
SWE,1941,both,0,66.97,66.97,66.97,38.44,0.6953,Sweden
SWE,1942,both,0,68.96,68.96,68.96,30.85,0.7214,Sweden
SWE,1943,both,0,68.7,68.7,68.7,30.02,0.7158,Sweden
SWE,1944,both,0,67.72,67.72,67.72,31.99,0.7049,Sweden
SWE,1945,both,0,68.33,68.33,68.33,29.99,0.7165,Sweden
SWE,1946,both,0,69.51,69.51,69.51,26.23,0.7332,Sweden
SWE,1947,both,0,69.48,69.48,69.48,24.78,0.7353000000000001,Sweden
SWE,1948,both,0,70.73,70.73,70.73,23.01,0.7529,Sweden
SWE,1949,both,0,70.81,70.81,70.81,22.67,0.7554000000000001,Sweden
SWE,1950,both,0,71.14,71.14,71.14,20.43,0.7639,Sweden
SWE,1951,both,0,71.36,71.36,71.36,21.05,0.7684000000000001,Sweden
SWE,1952,both,0,71.84,71.84,71.84,20.12,0.7751,Sweden
SWE,1953,both,0,71.91,71.91,71.91,18.61,0.7768999999999999,Sweden
SWE,1954,both,0,72.35,72.35,72.35,18.2,0.7859,Sweden
SWE,1955,both,0,72.59,72.59,72.59,17.63,0.7868,Sweden
SWE,1956,both,0,72.66,72.66,72.66,17.34,0.7902,Sweden
SWE,1957,both,0,72.49,72.49,72.49,17.63,0.7870999999999999,Sweden
SWE,1958,both,0,73.15,73.15,73.15,15.73,0.7993000000000001,Sweden
SWE,1959,both,0,73.37,73.37,73.37,16.48,0.805,Sweden
SWE,1960,both,0,73.04,73.04,73.04,16.4,0.7984,Sweden
SWE,1961,both,0,73.49,73.49,73.49,15.9,0.805,Sweden
SWE,1962,both,0,73.35,73.35,73.35,15.57,0.8044,Sweden
SWE,1963,both,0,73.53,73.53,73.53,15.75,0.8051,Sweden
SWE,1964,both,0,73.7,73.7,73.7,14.8,0.8055,Sweden
SWE,1965,both,0,73.87,73.87,73.87,13.2,0.809,Sweden
SWE,1966,both,0,74.1,74.1,74.1,12.65,0.8122,Sweden
SWE,1967,both,0,74.15,74.15,74.15,12.6,0.8118000000000001,Sweden
SWE,1968,both,0,74.0,74.0,74.0,12.7,0.8112,Sweden
SWE,1969,both,0,74.11,74.11,74.11,11.53,0.8090999999999999,Sweden
SWE,1970,both,0,74.66,74.66,74.66,11.28,0.8146,Sweden
SWE,1971,both,0,74.6,74.6,74.6,11.35,0.8134999999999999,Sweden
SWE,1972,both,0,74.71,74.71,74.71,10.73,0.8156,Sweden
SWE,1973,both,0,74.86,74.86,74.86,9.66,0.8184999999999999,Sweden
SWE,1974,both,0,74.97,74.97,74.97,9.54,0.8181,Sweden
SWE,1975,both,0,74.98,74.98,74.98,8.3,0.8178,Sweden
SWE,1976,both,0,74.97,74.97,74.97,8.1,0.8173,Sweden
SWE,1977,both,0,75.39,75.39,75.39,7.9,0.8205,Sweden
SWE,1978,both,0,75.48,75.48,75.48,7.65,0.8238,Sweden
SWE,1979,both,0,75.52,75.52,75.52,7.56,0.8228,Sweden
SWE,1980,both,0,75.74,75.74,75.74,6.89,0.8247,Sweden
SWE,1981,both,0,76.04,76.04,76.04,6.82,0.8312999999999999,Sweden
SWE,1982,both,0,76.35,76.35,76.35,6.76,0.8343,Sweden
SWE,1983,both,0,76.58,76.58,76.58,6.97,0.8390000000000001,Sweden
SWE,1984,both,0,76.84,76.84,76.84,6.46,0.8414,Sweden
SWE,1985,both,0,76.69,76.69,76.69,6.88,0.8417,Sweden
SWE,1986,both,0,76.95,76.95,76.95,6.01,0.8454999999999999,Sweden
SWE,1987,both,0,77.11,77.11,77.11,6.19,0.8456,Sweden
SWE,1988,both,0,77.0,77.0,77.0,5.99,0.8456,Sweden
SWE,1989,both,0,77.65,77.65,77.65,5.86,0.8542000000000001,Sweden
SWE,1990,both,0,77.59,77.59,77.59,6.1,0.8543999999999999,Sweden
SWE,1991,both,0,77.73,77.73,77.73,6.09,0.8542000000000001,Sweden
SWE,1992,both,0,78.07,78.07,78.07,5.3,0.86,Sweden
SWE,1993,both,0,78.14,78.14,78.14,4.75,0.8639,Sweden
SWE,1994,both,0,78.75,78.75,78.75,4.34,0.8672,Sweden
SWE,1995,both,0,78.82,78.82,78.82,3.98,0.8704999999999999,Sweden
SWE,1996,both,0,79.04,79.04,79.04,3.82,0.8744,Sweden
SWE,1997,both,0,79.27,79.27,79.27,3.52,0.8774,Sweden
SWE,1998,both,0,79.42,79.42,79.42,3.53,0.8793000000000001,Sweden
SWE,1999,both,0,79.51,79.51,79.51,3.34,0.8817,Sweden
SWE,2000,both,0,79.74,79.74,79.74,3.45,0.8831,Sweden
SWE,2001,both,0,79.84,79.84,79.84,3.63,0.885,Sweden
SWE,2002,both,0,79.94,79.94,79.94,3.34,0.8881,Sweden
SWE,2003,both,0,80.19,80.19,80.19,3.15,0.8902,Sweden
SWE,2004,both,0,80.55,80.55,80.55,3.11,0.8923000000000001,Sweden
SWE,2005,both,0,80.62,80.62,80.62,2.43,0.8936,Sweden
SWE,2006,both,0,80.83,80.83,80.83,2.84,0.8957999999999999,Sweden
SWE,2007,both,0,80.97,80.97,80.97,2.5,0.898,Sweden
SWE,2008,both,0,81.14,81.14,81.14,2.49,0.8993000000000001,Sweden
SWE,2009,both,0,81.37,81.37,81.37,2.51,0.9014,Sweden
SWE,2010,both,0,81.52,81.52,81.52,2.56,0.9042,Sweden
SWE,2011,both,0,81.76,81.76,81.76,2.06,0.9073,Sweden
SWE,2012,both,0,81.73,81.73,81.73,2.59,0.9085,Sweden
SWE,2013,both,0,81.94,81.94,81.94,2.68,0.9089,Sweden
SWE,2014,both,0,82.22,82.22,82.22,2.18,0.9111,Sweden
SWE,2015,both,0,82.19,82.19,82.19,2.44,0.9119,Sweden
SWE,2016,both,0,82.34,82.34,82.34,2.47,0.9132,Sweden
SWE,2017,both,0,82.44,82.44,82.44,2.35,0.915,Sweden
SWE,2018,both,0,82.53,82.53,82.53,2.01,0.9165,Sweden
SWE,2019,both,0,83.05,83.05,83.05,2.03,0.9207,Sweden
SWE,2020,both,0,82.43,82.43,82.43,2.33,0.9188,Sweden
SWE,2021,both,0,83.02,83.02,83.02,1.85,0.9205,Sweden
SWE,2022,both,0,83.05,83.05,83.05,2.07,0.9232,Sweden
SWE,2023,both,0,83.25,83.25,83.25,2.04,0.924,Sweden
TWN,1970,both,0,68.66,68.66,68.66,16.38,0.6995999999999999,TWN
TWN,1971,both,0,69.16,69.16,69.16,14.99,0.7084999999999999,TWN
TWN,1972,both,0,69.61,69.61,69.61,14.53,0.7193,TWN
TWN,1973,both,0,69.78,69.78,69.78,14.4,0.7243999999999999,TWN
TWN,1974,both,0,70.22,70.22,70.22,13.13,0.7351000000000001,TWN
TWN,1975,both,0,70.6,70.6,70.6,13.74,0.7342,TWN
TWN,1976,both,0,70.97,70.97,70.97,12.32,0.743,TWN
TWN,1977,both,0,71.04,71.04,71.04,12.11,0.7419,TWN
TWN,1978,both,0,71.53,71.53,71.53,10.95,0.7468,TWN
TWN,1979,both,0,71.58,71.58,71.58,10.86,0.7503,TWN
TWN,1980,both,0,71.76,71.76,71.76,10.91,0.7514,TWN
TWN,1981,both,0,71.83,71.83,71.83,9.96,0.7544,TWN
TWN,1982,both,0,72.32,72.32,72.32,8.92,0.7623000000000001,TWN
TWN,1983,both,0,72.29,72.29,72.29,8.27,0.7646999999999999,TWN
TWN,1984,both,0,72.94,72.94,72.94,7.48,0.773,TWN
TWN,1985,both,0,73.11,73.11,73.11,7.32,0.7803,TWN
TWN,1986,both,0,73.23,73.23,73.23,6.6,0.7833,TWN
TWN,1987,both,0,73.5,73.5,73.5,5.59,0.7868,TWN
TWN,1988,both,0,73.28,73.28,73.28,6.2,0.7847,TWN
TWN,1989,both,0,73.54,73.54,73.54,6.05,0.7881,TWN
TWN,1990,both,0,73.79,73.79,73.79,5.87,0.7901,TWN
TWN,1991,both,0,74.26,74.26,74.26,5.36,0.7958,TWN
TWN,1992,both,0,74.24,74.24,74.24,5.6,0.7968999999999999,TWN
TWN,1993,both,0,74.56,74.56,74.56,5.3,0.7984,TWN
TWN,1994,both,0,74.71,74.71,74.71,5.63,0.7998999999999999,TWN
TWN,1995,both,0,74.51,74.51,74.51,7.35,0.7986,TWN
TWN,1996,both,0,74.69,74.69,74.69,7.44,0.7993000000000001,TWN
TWN,1997,both,0,75.23,75.23,75.23,7.07,0.8072,TWN
TWN,1998,both,0,75.43,75.43,75.43,7.02,0.8103,TWN
TWN,1999,both,0,75.54,75.54,75.54,7.18,0.8112,TWN
TWN,2000,both,0,76.1,76.1,76.1,6.94,0.8190000000000001,TWN
TWN,2001,both,0,76.41,76.41,76.41,6.29,0.8225,TWN
TWN,2002,both,0,76.84,76.84,76.84,5.91,0.8294,TWN
TWN,2003,both,0,77.04,77.04,77.04,5.3,0.8312,TWN
TWN,2004,both,0,77.13,77.13,77.13,5.88,0.8317,TWN
TWN,2005,both,0,77.13,77.13,77.13,5.48,0.8304,TWN
TWN,2006,both,0,77.84,77.84,77.84,5.43,0.8366,TWN
TWN,2007,both,0,78.03,78.03,78.03,5.45,0.8415,TWN
TWN,2008,both,0,78.25,78.25,78.25,4.98,0.8445999999999999,TWN
TWN,2009,both,0,78.71,78.71,78.71,4.42,0.8490000000000001,TWN
TWN,2010,both,0,79.05,79.05,79.05,4.4,0.8543999999999999,TWN
TWN,2011,both,0,78.87,78.87,78.87,5.03,0.8525,TWN
TWN,2012,both,0,79.19,79.19,79.19,4.41,0.8569,TWN
TWN,2013,both,0,79.64,79.64,79.64,3.89,0.8608,TWN
TWN,2014,both,0,79.51,79.51,79.51,3.99,0.8603000000000001,TWN
TWN,2015,both,0,79.84,79.84,79.84,4.42,0.8633,TWN
TWN,2016,both,0,79.67,79.67,79.67,4.11,0.8614,TWN
TWN,2017,both,0,80.09,80.09,80.09,4.07,0.867,TWN
TWN,2018,both,0,80.37,80.37,80.37,4.24,0.8683,TWN
TWN,2019,both,0,80.56,80.56,80.56,3.97,0.8694,TWN
TWN,2020,both,0,81.07,81.07,81.07,3.6,0.8742,TWN
TWN,2021,both,0,80.67,80.67,80.67,4.25,0.8712000000000001,TWN
TWN,2022,both,0,79.81,79.81,79.81,4.38,0.8651000000000001,TWN
TWN,2023,both,0,80.12,80.12,80.12,4.42,0.8653,TWN
UK:_ENGLAND_&_WALES_TOTAL_POPULATION,1841,both,0,41.62,41.62,41.62,138.13,0.3233,England & Wales
UK:_ENGLAND_&_WALES_TOTAL_POPULATION,1842,both,0,41.3,41.3,41.3,149.23,0.3232,England & Wales
UK:_ENGLAND_&_WALES_TOTAL_POPULATION,1843,both,0,41.81,41.81,41.81,149.07,0.3281,England & Wales
UK:_ENGLAND_&_WALES_TOTAL_POPULATION,1844,both,0,41.49,41.49,41.49,147.4,0.3215999999999999,England & Wales
UK:_ENGLAND_&_WALES_TOTAL_POPULATION,1845,both,0,42.49,42.49,42.49,140.64,0.3326,England & Wales
UK:_ENGLAND_&_WALES_TOTAL_POPULATION,1846,both,0,39.91,39.91,39.91,163.25,0.3034,England & Wales
UK:_ENGLAND_&_WALES_TOTAL_POPULATION,1847,both,0,38.29,38.29,38.29,158.07,0.2691,England & Wales
UK:_ENGLAND_&_WALES_TOTAL_POPULATION,1848,both,0,39.46,39.46,39.46,154.72,0.2958,England & Wales
UK:_ENGLAND_&_WALES_TOTAL_POPULATION,1849,both,0,37.34,37.34,37.34,158.81,0.2521,England & Wales
UK:_ENGLAND_&_WALES_TOTAL_POPULATION,1850,both,0,42.75,42.75,42.75,143.53,0.3392,England & Wales
UK:_ENGLAND_&_WALES_TOTAL_POPULATION,1851,both,0,41.36,41.36,41.36,152.25,0.3231,England & Wales
UK:_ENGLAND_&_WALES_TOTAL_POPULATION,1852,both,0,40.87,40.87,40.87,157.33,0.3175,England & Wales
UK:_ENGLAND_&_WALES_TOTAL_POPULATION,1853,both,0,40.51,40.51,40.51,156.02,0.3057,England & Wales
UK:_ENGLAND_&_WALES_TOTAL_POPULATION,1854,both,0,39.3,39.3,39.3,156.5,0.2930999999999999,England & Wales
UK:_ENGLAND_&_WALES_TOTAL_POPULATION,1855,both,0,40.99,40.99,40.99,151.37,0.3097,England & Wales
UK:_ENGLAND_&_WALES_TOTAL_POPULATION,1856,both,0,43.21,43.21,43.21,144.24,0.3443,England & Wales
UK:_ENGLAND_&_WALES_TOTAL_POPULATION,1857,both,0,41.84,41.84,41.84,153.75,0.3284,England & Wales
UK:_ENGLAND_&_WALES_TOTAL_POPULATION,1858,both,0,39.99,39.99,39.99,155.48,0.31,England & Wales
UK:_ENGLAND_&_WALES_TOTAL_POPULATION,1859,both,0,40.77,40.77,40.77,155.4,0.3182,England & Wales
UK:_ENGLAND_&_WALES_TOTAL_POPULATION,1860,both,0,42.94,42.94,42.94,143.79,0.3359,England & Wales
UK:_ENGLAND_&_WALES_TOTAL_POPULATION,1861,both,0,42.31,42.31,42.31,149.64,0.3336,England & Wales
UK:_ENGLAND_&_WALES_TOTAL_POPULATION,1862,both,0,42.47,42.47,42.47,142.56,0.3325,England & Wales
UK:_ENGLAND_&_WALES_TOTAL_POPULATION,1863,both,0,40.36,40.36,40.36,147.6,0.312,England & Wales
UK:_ENGLAND_&_WALES_TOTAL_POPULATION,1864,both,0,39.93,39.93,39.93,151.4,0.2934,England & Wales
UK:_ENGLAND_&_WALES_TOTAL_POPULATION,1865,both,0,40.62,40.62,40.62,158.12,0.3002,England & Wales
UK:_ENGLAND_&_WALES_TOTAL_POPULATION,1866,both,0,40.38,40.38,40.38,157.81,0.2951,England & Wales
UK:_ENGLAND_&_WALES_TOTAL_POPULATION,1867,both,0,42.58,42.58,42.58,152.51,0.325,England & Wales
UK:_ENGLAND_&_WALES_TOTAL_POPULATION,1868,both,0,41.97,41.97,41.97,155.64,0.3252,England & Wales
UK:_ENGLAND_&_WALES_TOTAL_POPULATION,1869,both,0,41.62,41.62,41.62,153.2,0.3187,England & Wales
UK:_ENGLAND_&_WALES_TOTAL_POPULATION,1870,both,0,40.91,40.91,40.91,156.77,0.3098,England & Wales
UK:_ENGLAND_&_WALES_TOTAL_POPULATION,1871,both,0,41.28,41.28,41.28,154.08,0.31,England & Wales
UK:_ENGLAND_&_WALES_TOTAL_POPULATION,1872,both,0,42.87,42.87,42.87,150.65,0.3302,England & Wales
UK:_ENGLAND_&_WALES_TOTAL_POPULATION,1873,both,0,43.74,43.74,43.74,147.53,0.3359,England & Wales
UK:_ENGLAND_&_WALES_TOTAL_POPULATION,1874,both,0,42.07,42.07,42.07,150.63,0.3142,England & Wales
UK:_ENGLAND_&_WALES_TOTAL_POPULATION,1875,both,0,41.81,41.81,41.81,155.34,0.3045,England & Wales
UK:_ENGLAND_&_WALES_TOTAL_POPULATION,1876,both,0,43.65,43.65,43.65,148.02,0.3333,England & Wales
UK:_ENGLAND_&_WALES_TOTAL_POPULATION,1877,both,0,44.67,44.67,44.67,135.69,0.3436999999999999,England & Wales
UK:_ENGLAND_&_WALES_TOTAL_POPULATION,1878,both,0,42.98,42.98,42.98,151.09,0.3286,England & Wales
UK:_ENGLAND_&_WALES_TOTAL_POPULATION,1879,both,0,44.22,44.22,44.22,134.87,0.3347,England & Wales
UK:_ENGLAND_&_WALES_TOTAL_POPULATION,1880,both,0,43.73,43.73,43.73,148.48,0.3445,England & Wales
UK:_ENGLAND_&_WALES_TOTAL_POPULATION,1881,both,0,46.08,46.08,46.08,128.46,0.3608,England & Wales
UK:_ENGLAND_&_WALES_TOTAL_POPULATION,1882,both,0,44.83,44.83,44.83,139.47,0.3515,England & Wales
UK:_ENGLAND_&_WALES_TOTAL_POPULATION,1883,both,0,45.05,45.05,45.05,135.96,0.3472,England & Wales
UK:_ENGLAND_&_WALES_TOTAL_POPULATION,1884,both,0,44.74,44.74,44.74,145.87,0.3495,England & Wales
UK:_ENGLAND_&_WALES_TOTAL_POPULATION,1885,both,0,45.72,45.72,45.72,135.83,0.3559,England & Wales
UK:_ENGLAND_&_WALES_TOTAL_POPULATION,1886,both,0,45.29,45.29,45.29,147.79,0.3540999999999999,England & Wales
UK:_ENGLAND_&_WALES_TOTAL_POPULATION,1887,both,0,45.62,45.62,45.62,142.5,0.3579,England & Wales
UK:_ENGLAND_&_WALES_TOTAL_POPULATION,1888,both,0,46.78,46.78,46.78,135.66,0.3716,England & Wales
UK:_ENGLAND_&_WALES_TOTAL_POPULATION,1889,both,0,46.31,46.31,46.31,143.07,0.3732,England & Wales
UK:_ENGLAND_&_WALES_TOTAL_POPULATION,1890,both,0,44.72,44.72,44.72,145.43,0.3375,England & Wales
UK:_ENGLAND_&_WALES_TOTAL_POPULATION,1891,both,0,44.24,44.24,44.24,148.99,0.3243,England & Wales
UK:_ENGLAND_&_WALES_TOTAL_POPULATION,1892,both,0,45.46,45.46,45.46,145.83,0.3513,England & Wales
UK:_ENGLAND_&_WALES_TOTAL_POPULATION,1893,both,0,44.83,44.83,44.83,157.16,0.3469,England & Wales
UK:_ENGLAND_&_WALES_TOTAL_POPULATION,1894,both,0,48.3,48.3,48.3,134.46,0.3982,England & Wales
UK:_ENGLAND_&_WALES_TOTAL_POPULATION,1895,both,0,45.69,45.69,45.69,159.53,0.3616,England & Wales
UK:_ENGLAND_&_WALES_TOTAL_POPULATION,1896,both,0,47.37,47.37,47.37,145.85,0.3897,England & Wales
UK:_ENGLAND_&_WALES_TOTAL_POPULATION,1897,both,0,47.19,47.19,47.19,154.11,0.3865999999999999,England & Wales
UK:_ENGLAND_&_WALES_TOTAL_POPULATION,1898,both,0,46.96,46.96,46.96,158.66,0.3848,England & Wales
UK:_ENGLAND_&_WALES_TOTAL_POPULATION,1899,both,0,46.12,46.12,46.12,161.48,0.3666,England & Wales
UK:_ENGLAND_&_WALES_TOTAL_POPULATION,1900,both,0,46.3,46.3,46.3,151.09,0.363,England & Wales
UK:_ENGLAND_&_WALES_TOTAL_POPULATION,1901,both,0,47.89,47.89,47.89,148.63,0.3932,England & Wales
UK:_ENGLAND_&_WALES_TOTAL_POPULATION,1902,both,0,49.05,49.05,49.05,133.63,0.4058,England & Wales
UK:_ENGLAND_&_WALES_TOTAL_POPULATION,1903,both,0,50.39,50.39,50.39,130.83,0.4278,England & Wales
UK:_ENGLAND_&_WALES_TOTAL_POPULATION,1904,both,0,49.09,49.09,49.09,142.91,0.4140999999999999,England & Wales
UK:_ENGLAND_&_WALES_TOTAL_POPULATION,1905,both,0,50.83,50.83,50.83,126.62,0.4338,England & Wales
UK:_ENGLAND_&_WALES_TOTAL_POPULATION,1906,both,0,50.56,50.56,50.56,131.39,0.4306,England & Wales
UK:_ENGLAND_&_WALES_TOTAL_POPULATION,1907,both,0,51.41,51.41,51.41,116.15,0.4364,England & Wales
UK:_ENGLAND_&_WALES_TOTAL_POPULATION,1908,both,0,51.81,51.81,51.81,120.63,0.4459,England & Wales
UK:_ENGLAND_&_WALES_TOTAL_POPULATION,1909,both,0,52.48,52.48,52.48,107.74,0.4524,England & Wales
UK:_ENGLAND_&_WALES_TOTAL_POPULATION,1910,both,0,53.95,53.95,53.95,106.18,0.4785999999999999,England & Wales
UK:_ENGLAND_&_WALES_TOTAL_POPULATION,1911,both,0,51.51,51.51,51.51,129.28,0.4538,England & Wales
UK:_ENGLAND_&_WALES_TOTAL_POPULATION,1912,both,0,54.51,54.51,54.51,94.95,0.4835,England & Wales
UK:_ENGLAND_&_WALES_TOTAL_POPULATION,1913,both,0,53.79,53.79,53.79,107.14,0.4763,England & Wales
UK:_ENGLAND_&_WALES_TOTAL_POPULATION,1914,both,0,52.0,52.0,52.0,103.48,0.4496,England & Wales
UK:_ENGLAND_&_WALES_TOTAL_POPULATION,1915,both,0,48.3,48.3,48.3,103.63,0.397,England & Wales
UK:_ENGLAND_&_WALES_TOTAL_POPULATION,1916,both,0,48.0,48.0,48.0,89.29,0.3889,England & Wales
UK:_ENGLAND_&_WALES_TOTAL_POPULATION,1917,both,0,46.0,46.0,46.0,87.87,0.3616,England & Wales
UK:_ENGLAND_&_WALES_TOTAL_POPULATION,1918,both,0,40.9,40.9,40.9,95.8,0.2918,England & Wales
UK:_ENGLAND_&_WALES_TOTAL_POPULATION,1919,both,0,54.08,54.08,54.08,90.54,0.485,England & Wales
UK:_ENGLAND_&_WALES_TOTAL_POPULATION,1920,both,0,56.52,56.52,56.52,92.5,0.5297999999999999,England & Wales
UK:_ENGLAND_&_WALES_TOTAL_POPULATION,1921,both,0,58.24,58.24,58.24,80.05,0.552,England & Wales
UK:_ENGLAND_&_WALES_TOTAL_POPULATION,1922,both,0,57.59,57.59,57.59,74.4,0.5377000000000001,England & Wales
UK:_ENGLAND_&_WALES_TOTAL_POPULATION,1923,both,0,59.69,59.69,59.69,68.3,0.5698,England & Wales
UK:_ENGLAND_&_WALES_TOTAL_POPULATION,1924,both,0,58.7,58.7,58.7,73.35,0.557,England & Wales
UK:_ENGLAND_&_WALES_TOTAL_POPULATION,1925,both,0,58.85,58.85,58.85,73.81,0.5631,England & Wales
UK:_ENGLAND_&_WALES_TOTAL_POPULATION,1926,both,0,60.03,60.03,60.03,69.32,0.5803,England & Wales
UK:_ENGLAND_&_WALES_TOTAL_POPULATION,1927,both,0,59.32,59.32,59.32,67.44,0.5657,England & Wales
UK:_ENGLAND_&_WALES_TOTAL_POPULATION,1928,both,0,60.44,60.44,60.44,65.17,0.5839,England & Wales
UK:_ENGLAND_&_WALES_TOTAL_POPULATION,1929,both,0,57.94,57.94,57.94,73.06,0.5454,England & Wales
UK:_ENGLAND_&_WALES_TOTAL_POPULATION,1930,both,0,61.29,61.29,61.29,60.59,0.5951,England & Wales
UK:_ENGLAND_&_WALES_TOTAL_POPULATION,1931,both,0,60.34,60.34,60.34,65.6,0.5828,England & Wales
UK:_ENGLAND_&_WALES_TOTAL_POPULATION,1932,both,0,61.02,61.02,61.02,63.54,0.5948,England & Wales
UK:_ENGLAND_&_WALES_TOTAL_POPULATION,1933,both,0,60.97,60.97,60.97,60.64,0.5888,England & Wales
UK:_ENGLAND_&_WALES_TOTAL_POPULATION,1934,both,0,61.74,61.74,61.74,58.99,0.6033,England & Wales
UK:_ENGLAND_&_WALES_TOTAL_POPULATION,1935,both,0,62.51,62.51,62.51,57.5,0.614,England & Wales
UK:_ENGLAND_&_WALES_TOTAL_POPULATION,1936,both,0,62.28,62.28,62.28,59.14,0.6107,England & Wales
UK:_ENGLAND_&_WALES_TOTAL_POPULATION,1937,both,0,62.33,62.33,62.33,57.98,0.6077,England & Wales
UK:_ENGLAND_&_WALES_TOTAL_POPULATION,1938,both,0,63.72,63.72,63.72,52.7,0.6329,England & Wales
UK:_ENGLAND_&_WALES_TOTAL_POPULATION,1939,both,0,64.06,64.06,64.06,50.11,0.6355,England & Wales
UK:_ENGLAND_&_WALES_TOTAL_POPULATION,1940,both,0,60.59,60.59,60.59,55.19,0.5722999999999999,England & Wales
UK:_ENGLAND_&_WALES_TOTAL_POPULATION,1941,both,0,61.66,61.66,61.66,58.63,0.6004,England & Wales
UK:_ENGLAND_&_WALES_TOTAL_POPULATION,1942,both,0,63.21,63.21,63.21,52.0,0.6259,England & Wales
UK:_ENGLAND_&_WALES_TOTAL_POPULATION,1943,both,0,62.53,62.53,62.53,49.4,0.6146,England & Wales
UK:_ENGLAND_&_WALES_TOTAL_POPULATION,1944,both,0,62.74,62.74,62.74,47.13,0.6164999999999999,England & Wales
UK:_ENGLAND_&_WALES_TOTAL_POPULATION,1945,both,0,61.86,61.86,61.86,44.21,0.6022,England & Wales
UK:_ENGLAND_&_WALES_TOTAL_POPULATION,1946,both,0,66.93,66.93,66.93,45.7,0.6846,England & Wales
UK:_ENGLAND_&_WALES_TOTAL_POPULATION,1947,both,0,66.97,66.97,66.97,42.25,0.6861,England & Wales
UK:_ENGLAND_&_WALES_TOTAL_POPULATION,1948,both,0,68.83,68.83,68.83,32.84,0.7103,England & Wales
UK:_ENGLAND_&_WALES_TOTAL_POPULATION,1949,both,0,68.47,68.47,68.47,31.27,0.7068000000000001,England & Wales
UK:_ENGLAND_&_WALES_TOTAL_POPULATION,1950,both,0,68.96,68.96,68.96,29.09,0.7152,England & Wales
UK:_ENGLAND_&_WALES_TOTAL_POPULATION,1951,both,0,68.51,68.51,68.51,29.48,0.7081000000000001,England & Wales
UK:_ENGLAND_&_WALES_TOTAL_POPULATION,1952,both,0,69.83,69.83,69.83,27.57,0.7293000000000001,England & Wales
UK:_ENGLAND_&_WALES_TOTAL_POPULATION,1953,both,0,70.04,70.04,70.04,26.86,0.7334,England & Wales
UK:_ENGLAND_&_WALES_TOTAL_POPULATION,1954,both,0,70.46,70.46,70.46,25.15,0.7394,England & Wales
UK:_ENGLAND_&_WALES_TOTAL_POPULATION,1955,both,0,70.39,70.39,70.39,24.79,0.7409,England & Wales
UK:_ENGLAND_&_WALES_TOTAL_POPULATION,1956,both,0,70.63,70.63,70.63,24.04,0.7445,England & Wales
UK:_ENGLAND_&_WALES_TOTAL_POPULATION,1957,both,0,70.77,70.77,70.77,23.44,0.7422,England & Wales
UK:_ENGLAND_&_WALES_TOTAL_POPULATION,1958,both,0,70.94,70.94,70.94,22.69,0.7478,England & Wales
UK:_ENGLAND_&_WALES_TOTAL_POPULATION,1959,both,0,71.09,71.09,71.09,22.09,0.7493000000000001,England & Wales
UK:_ENGLAND_&_WALES_TOTAL_POPULATION,1960,both,0,71.27,71.27,71.27,22.35,0.7521,England & Wales
UK:_ENGLAND_&_WALES_TOTAL_POPULATION,1961,both,0,71.01,71.01,71.01,21.73,0.7484999999999999,England & Wales
UK:_ENGLAND_&_WALES_TOTAL_POPULATION,1962,both,0,71.06,71.06,71.06,21.95,0.7484999999999999,England & Wales
UK:_ENGLAND_&_WALES_TOTAL_POPULATION,1963,both,0,70.99,70.99,70.99,21.27,0.7472,England & Wales
UK:_ENGLAND_&_WALES_TOTAL_POPULATION,1964,both,0,71.76,71.76,71.76,20.38,0.7556999999999999,England & Wales
UK:_ENGLAND_&_WALES_TOTAL_POPULATION,1965,both,0,71.74,71.74,71.74,19.07,0.7559999999999999,England & Wales
UK:_ENGLAND_&_WALES_TOTAL_POPULATION,1966,both,0,71.66,71.66,71.66,18.96,0.7564,England & Wales
UK:_ENGLAND_&_WALES_TOTAL_POPULATION,1967,both,0,72.25,72.25,72.25,18.14,0.7648,England & Wales
UK:_ENGLAND_&_WALES_TOTAL_POPULATION,1968,both,0,71.88,71.88,71.88,18.23,0.7614,England & Wales
UK:_ENGLAND_&_WALES_TOTAL_POPULATION,1969,both,0,71.86,71.86,71.86,17.7,0.7574,England & Wales
UK:_ENGLAND_&_WALES_TOTAL_POPULATION,1970,both,0,72.09,72.09,72.09,18.2,0.7625,England & Wales
UK:_ENGLAND_&_WALES_TOTAL_POPULATION,1971,both,0,72.42,72.42,72.42,17.42,0.7674,England & Wales
UK:_ENGLAND_&_WALES_TOTAL_POPULATION,1972,both,0,72.19,72.19,72.19,16.8,0.7646,England & Wales
UK:_ENGLAND_&_WALES_TOTAL_POPULATION,1973,both,0,72.42,72.42,72.42,16.31,0.7689,England & Wales
UK:_ENGLAND_&_WALES_TOTAL_POPULATION,1974,both,0,72.62,72.62,72.62,16.02,0.7716,England & Wales
UK:_ENGLAND_&_WALES_TOTAL_POPULATION,1975,both,0,72.86,72.86,72.86,15.24,0.7755,England & Wales
UK:_ENGLAND_&_WALES_TOTAL_POPULATION,1976,both,0,72.85,72.85,72.85,14.06,0.7754000000000001,England & Wales
UK:_ENGLAND_&_WALES_TOTAL_POPULATION,1977,both,0,73.33,73.33,73.33,13.74,0.782,England & Wales
UK:_ENGLAND_&_WALES_TOTAL_POPULATION,1978,both,0,73.26,73.26,73.26,13.56,0.7804000000000001,England & Wales
UK:_ENGLAND_&_WALES_TOTAL_POPULATION,1979,both,0,73.38,73.38,73.38,13.12,0.7822,England & Wales
UK:_ENGLAND_&_WALES_TOTAL_POPULATION,1980,both,0,73.8,73.8,73.8,12.32,0.7886,England & Wales
UK:_ENGLAND_&_WALES_TOTAL_POPULATION,1981,both,0,74.13,74.13,74.13,11.0,0.7944,England & Wales
UK:_ENGLAND_&_WALES_TOTAL_POPULATION,1982,both,0,74.26,74.26,74.26,10.77,0.7978000000000001,England & Wales
UK:_ENGLAND_&_WALES_TOTAL_POPULATION,1983,both,0,74.49,74.49,74.49,10.15,0.8009000000000001,England & Wales
UK:_ENGLAND_&_WALES_TOTAL_POPULATION,1984,both,0,74.89,74.89,74.89,9.56,0.8049,England & Wales
UK:_ENGLAND_&_WALES_TOTAL_POPULATION,1985,both,0,74.72,74.72,74.72,9.4,0.8061,England & Wales
UK:_ENGLAND_&_WALES_TOTAL_POPULATION,1986,both,0,74.99,74.99,74.99,9.56,0.8106,England & Wales
UK:_ENGLAND_&_WALES_TOTAL_POPULATION,1987,both,0,75.33,75.33,75.33,9.34,0.8144,England & Wales
UK:_ENGLAND_&_WALES_TOTAL_POPULATION,1988,both,0,75.46,75.46,75.46,9.11,0.8178,England & Wales
UK:_ENGLAND_&_WALES_TOTAL_POPULATION,1989,both,0,75.62,75.62,75.62,8.48,0.8228,England & Wales
UK:_ENGLAND_&_WALES_TOTAL_POPULATION,1990,both,0,75.93,75.93,75.93,8.07,0.8262,England & Wales
UK:_ENGLAND_&_WALES_TOTAL_POPULATION,1991,both,0,76.09,76.09,76.09,7.36,0.8312999999999999,England & Wales
UK:_ENGLAND_&_WALES_TOTAL_POPULATION,1992,both,0,76.5,76.5,76.5,6.53,0.8366,England & Wales
UK:_ENGLAND_&_WALES_TOTAL_POPULATION,1993,both,0,76.38,76.38,76.38,6.3,0.8376,England & Wales
UK:_ENGLAND_&_WALES_TOTAL_POPULATION,1994,both,0,76.92,76.92,76.92,6.14,0.8447,England & Wales
UK:_ENGLAND_&_WALES_TOTAL_POPULATION,1995,both,0,76.81,76.81,76.81,6.1,0.8449,England & Wales
UK:_ENGLAND_&_WALES_TOTAL_POPULATION,1996,both,0,77.08,77.08,77.08,6.17,0.8482999999999999,England & Wales
UK:_ENGLAND_&_WALES_TOTAL_POPULATION,1997,both,0,77.33,77.33,77.33,5.84,0.8522,England & Wales
UK:_ENGLAND_&_WALES_TOTAL_POPULATION,1998,both,0,77.47,77.47,77.47,5.69,0.8538,England & Wales
UK:_ENGLAND_&_WALES_TOTAL_POPULATION,1999,both,0,77.59,77.59,77.59,5.79,0.8561,England & Wales
UK:_ENGLAND_&_WALES_TOTAL_POPULATION,2000,both,0,78.06,78.06,78.06,5.54,0.8604999999999999,England & Wales
UK:_ENGLAND_&_WALES_TOTAL_POPULATION,2001,both,0,78.33,78.33,78.33,5.42,0.8636,England & Wales
UK:_ENGLAND_&_WALES_TOTAL_POPULATION,2002,both,0,78.46,78.46,78.46,5.26,0.8658,England & Wales
UK:_ENGLAND_&_WALES_TOTAL_POPULATION,2003,both,0,78.54,78.54,78.54,5.41,0.8667,England & Wales
UK:_ENGLAND_&_WALES_TOTAL_POPULATION,2004,both,0,79.12,79.12,79.12,5.12,0.8728,England & Wales
UK:_ENGLAND_&_WALES_TOTAL_POPULATION,2005,both,0,79.32,79.32,79.32,5.06,0.8748999999999999,England & Wales
UK:_ENGLAND_&_WALES_TOTAL_POPULATION,2006,both,0,79.57,79.57,79.57,5.11,0.8754000000000001,England & Wales
UK:_ENGLAND_&_WALES_TOTAL_POPULATION,2007,both,0,79.77,79.77,79.77,4.91,0.8779,England & Wales
UK:_ENGLAND_&_WALES_TOTAL_POPULATION,2008,both,0,79.88,79.88,79.88,4.8,0.8792,England & Wales
UK:_ENGLAND_&_WALES_TOTAL_POPULATION,2009,both,0,80.37,80.37,80.37,4.72,0.8831,England & Wales
UK:_ENGLAND_&_WALES_TOTAL_POPULATION,2010,both,0,80.6,80.6,80.6,4.42,0.8859,England & Wales
UK:_ENGLAND_&_WALES_TOTAL_POPULATION,2011,both,0,81.01,81.01,81.01,4.37,0.8896999999999999,England & Wales
UK:_ENGLAND_&_WALES_TOTAL_POPULATION,2012,both,0,81.06,81.06,81.06,4.2,0.8925,England & Wales
UK:_ENGLAND_&_WALES_TOTAL_POPULATION,2013,both,0,81.1,81.1,81.1,3.89,0.8922,England & Wales
UK:_ENGLAND_&_WALES_TOTAL_POPULATION,2014,both,0,81.32,81.32,81.32,3.84,0.8931,England & Wales
UK:_ENGLAND_&_WALES_TOTAL_POPULATION,2015,both,0,81.09,81.09,81.09,3.91,0.8925,England & Wales
UK:_ENGLAND_&_WALES_TOTAL_POPULATION,2016,both,0,81.23,81.23,81.23,3.89,0.8919,England & Wales
UK:_ENGLAND_&_WALES_TOTAL_POPULATION,2017,both,0,81.32,81.32,81.32,3.97,0.894,England & Wales
UK:_ENGLAND_&_WALES_TOTAL_POPULATION,2018,both,0,81.27,81.27,81.27,3.86,0.8926000000000001,England & Wales
UK:_ENGLAND_&_WALES_TOTAL_POPULATION,2019,both,0,81.59,81.59,81.59,3.94,0.8948999999999999,England & Wales
UK:_ENGLAND_&_WALES_TOTAL_POPULATION,2020,both,0,80.52,80.52,80.52,3.77,0.8847,England & Wales
UK:_ENGLAND_&_WALES_TOTAL_POPULATION,2021,both,0,80.72,80.72,80.72,4.07,0.8812000000000001,England & Wales
UK:_ENGLAND_&_WALES_TOTAL_POPULATION,2022,both,0,81.16,81.16,81.16,3.88,0.8891,England & Wales
UK:_NORTHERN_IRELAND,1922,both,0,54.43,54.43,54.43,76.48,0.4659,UK: NORTHERN IRELAND
UK:_NORTHERN_IRELAND,1923,both,0,55.55,55.55,55.55,78.36,0.4874,UK: NORTHERN IRELAND
UK:_NORTHERN_IRELAND,1924,both,0,54.19,54.19,54.19,84.17,0.4652,UK: NORTHERN IRELAND
UK:_NORTHERN_IRELAND,1925,both,0,54.4,54.4,54.4,86.78,0.4758,UK: NORTHERN IRELAND
UK:_NORTHERN_IRELAND,1926,both,0,55.24,55.24,55.24,87.45,0.4836999999999999,UK: NORTHERN IRELAND
UK:_NORTHERN_IRELAND,1927,both,0,56.72,56.72,56.72,76.74,0.5023,UK: NORTHERN IRELAND
UK:_NORTHERN_IRELAND,1928,both,0,56.89,56.89,56.89,76.57,0.514,UK: NORTHERN IRELAND
UK:_NORTHERN_IRELAND,1929,both,0,55.14,55.14,55.14,84.05,0.4921999999999999,UK: NORTHERN IRELAND
UK:_NORTHERN_IRELAND,1930,both,0,58.6,58.6,58.6,68.46,0.5395,UK: NORTHERN IRELAND
UK:_NORTHERN_IRELAND,1931,both,0,57.63,57.63,57.63,72.75,0.5265,UK: NORTHERN IRELAND
UK:_NORTHERN_IRELAND,1932,both,0,57.76,57.76,57.76,81.55,0.5365,UK: NORTHERN IRELAND
UK:_NORTHERN_IRELAND,1933,both,0,57.12,57.12,57.12,78.66,0.5244,UK: NORTHERN IRELAND
UK:_NORTHERN_IRELAND,1934,both,0,58.55,58.55,58.55,70.77,0.5404,UK: NORTHERN IRELAND
UK:_NORTHERN_IRELAND,1935,both,0,56.73,56.73,56.73,84.77,0.5229,UK: NORTHERN IRELAND
UK:_NORTHERN_IRELAND,1936,both,0,58.15,58.15,58.15,80.08,0.5374,UK: NORTHERN IRELAND
UK:_NORTHERN_IRELAND,1937,both,0,58.06,58.06,58.06,78.46,0.534,UK: NORTHERN IRELAND
UK:_NORTHERN_IRELAND,1938,both,0,59.11,59.11,59.11,75.84,0.5521,UK: NORTHERN IRELAND
UK:_NORTHERN_IRELAND,1939,both,0,60.63,60.63,60.63,69.69,0.5788,UK: NORTHERN IRELAND
UK:_NORTHERN_IRELAND,1940,both,0,58.07,58.07,58.07,85.33,0.5448,UK: NORTHERN IRELAND
UK:_NORTHERN_IRELAND,1941,both,0,57.76,57.76,57.76,78.77,0.5331,UK: NORTHERN IRELAND
UK:_NORTHERN_IRELAND,1942,both,0,60.47,60.47,60.47,79.82,0.5858,UK: NORTHERN IRELAND
UK:_NORTHERN_IRELAND,1943,both,0,60.93,60.93,60.93,80.36,0.5927,UK: NORTHERN IRELAND
UK:_NORTHERN_IRELAND,1944,both,0,62.51,62.51,62.51,67.04,0.6125,UK: NORTHERN IRELAND
UK:_NORTHERN_IRELAND,1945,both,0,63.39,63.39,63.39,65.98,0.6292,UK: NORTHERN IRELAND
UK:_NORTHERN_IRELAND,1946,both,0,63.93,63.93,63.93,54.99,0.6322,UK: NORTHERN IRELAND
UK:_NORTHERN_IRELAND,1947,both,0,64.08,64.08,64.08,53.9,0.6372,UK: NORTHERN IRELAND
UK:_NORTHERN_IRELAND,1948,both,0,66.3,66.3,66.3,44.41,0.6715000000000001,UK: NORTHERN IRELAND
UK:_NORTHERN_IRELAND,1949,both,0,66.54,66.54,66.54,44.86,0.6748999999999999,UK: NORTHERN IRELAND
UK:_NORTHERN_IRELAND,1950,both,0,67.02,67.02,67.02,40.69,0.6789000000000001,UK: NORTHERN IRELAND
UK:_NORTHERN_IRELAND,1951,both,0,66.1,66.1,66.1,41.54,0.6648999999999999,UK: NORTHERN IRELAND
UK:_NORTHERN_IRELAND,1952,both,0,68.33,68.33,68.33,39.23,0.7047,UK: NORTHERN IRELAND
UK:_NORTHERN_IRELAND,1953,both,0,68.59,68.59,68.59,37.67,0.7101999999999999,UK: NORTHERN IRELAND
UK:_NORTHERN_IRELAND,1954,both,0,69.1,69.1,69.1,32.9,0.7189,UK: NORTHERN IRELAND
UK:_NORTHERN_IRELAND,1955,both,0,69.08,69.08,69.08,32.26,0.7214,UK: NORTHERN IRELAND
UK:_NORTHERN_IRELAND,1956,both,0,69.95,69.95,69.95,28.94,0.7295999999999999,UK: NORTHERN IRELAND
UK:_NORTHERN_IRELAND,1957,both,0,69.64,69.64,69.64,29.08,0.7243999999999999,UK: NORTHERN IRELAND
UK:_NORTHERN_IRELAND,1958,both,0,70.07,70.07,70.07,27.96,0.7334999999999999,UK: NORTHERN IRELAND
UK:_NORTHERN_IRELAND,1959,both,0,69.94,69.94,69.94,28.61,0.7326,UK: NORTHERN IRELAND
UK:_NORTHERN_IRELAND,1960,both,0,70.03,70.03,70.03,28.05,0.7303000000000001,UK: NORTHERN IRELAND
UK:_NORTHERN_IRELAND,1961,both,0,69.84,69.84,69.84,27.34,0.7325,UK: NORTHERN IRELAND
UK:_NORTHERN_IRELAND,1962,both,0,70.57,70.57,70.57,26.87,0.7426999999999999,UK: NORTHERN IRELAND
UK:_NORTHERN_IRELAND,1963,both,0,70.08,70.08,70.08,27.25,0.7265999999999999,UK: NORTHERN IRELAND
UK:_NORTHERN_IRELAND,1964,both,0,70.72,70.72,70.72,26.76,0.7415,UK: NORTHERN IRELAND
UK:_NORTHERN_IRELAND,1965,both,0,70.77,70.77,70.77,24.85,0.7398,UK: NORTHERN IRELAND
UK:_NORTHERN_IRELAND,1966,both,0,70.26,70.26,70.26,25.35,0.7365999999999999,UK: NORTHERN IRELAND
UK:_NORTHERN_IRELAND,1967,both,0,71.69,71.69,71.69,23.5,0.757,UK: NORTHERN IRELAND
UK:_NORTHERN_IRELAND,1968,both,0,71.03,71.03,71.03,23.86,0.7481,UK: NORTHERN IRELAND
UK:_NORTHERN_IRELAND,1969,both,0,70.68,70.68,70.68,24.15,0.7367,UK: NORTHERN IRELAND
UK:_NORTHERN_IRELAND,1970,both,0,70.7,70.7,70.7,22.94,0.7349,UK: NORTHERN IRELAND
UK:_NORTHERN_IRELAND,1971,both,0,71.18,71.18,71.18,22.55,0.7494,UK: NORTHERN IRELAND
UK:_NORTHERN_IRELAND,1972,both,0,70.47,70.47,70.47,20.12,0.732,UK: NORTHERN IRELAND
UK:_NORTHERN_IRELAND,1973,both,0,69.93,69.93,69.93,20.45,0.7232999999999999,UK: NORTHERN IRELAND
UK:_NORTHERN_IRELAND,1974,both,0,70.38,70.38,70.38,20.06,0.7287,UK: NORTHERN IRELAND
UK:_NORTHERN_IRELAND,1975,both,0,70.98,70.98,70.98,20.14,0.7390000000000001,UK: NORTHERN IRELAND
UK:_NORTHERN_IRELAND,1976,both,0,70.85,70.85,70.85,18.29,0.7373000000000001,UK: NORTHERN IRELAND
UK:_NORTHERN_IRELAND,1977,both,0,71.16,71.16,71.16,17.01,0.7386,UK: NORTHERN IRELAND
UK:_NORTHERN_IRELAND,1978,both,0,71.86,71.86,71.86,16.16,0.7486,UK: NORTHERN IRELAND
UK:_NORTHERN_IRELAND,1979,both,0,71.65,71.65,71.65,15.15,0.7464,UK: NORTHERN IRELAND
UK:_NORTHERN_IRELAND,1980,both,0,71.81,71.81,71.81,13.58,0.75,UK: NORTHERN IRELAND
UK:_NORTHERN_IRELAND,1981,both,0,72.51,72.51,72.51,13.0,0.7631999999999999,UK: NORTHERN IRELAND
UK:_NORTHERN_IRELAND,1982,both,0,72.82,72.82,72.82,13.52,0.7659999999999999,UK: NORTHERN IRELAND
UK:_NORTHERN_IRELAND,1983,both,0,73.1,73.1,73.1,12.12,0.7746,UK: NORTHERN IRELAND
UK:_NORTHERN_IRELAND,1984,both,0,73.59,73.59,73.59,10.71,0.7811,UK: NORTHERN IRELAND
UK:_NORTHERN_IRELAND,1985,both,0,73.62,73.62,73.62,9.54,0.7839,UK: NORTHERN IRELAND
UK:_NORTHERN_IRELAND,1986,both,0,73.81,73.81,73.81,10.28,0.7837000000000001,UK: NORTHERN IRELAND
UK:_NORTHERN_IRELAND,1987,both,0,74.46,74.46,74.46,8.66,0.8006,UK: NORTHERN IRELAND
UK:_NORTHERN_IRELAND,1988,both,0,74.22,74.22,74.22,9.02,0.7911,UK: NORTHERN IRELAND
UK:_NORTHERN_IRELAND,1989,both,0,74.7,74.7,74.7,6.77,0.8072,UK: NORTHERN IRELAND
UK:_NORTHERN_IRELAND,1990,both,0,75.02,75.02,75.02,7.54,0.809,UK: NORTHERN IRELAND
UK:_NORTHERN_IRELAND,1991,both,0,75.4,75.4,75.4,7.45,0.8157,UK: NORTHERN IRELAND
UK:_NORTHERN_IRELAND,1992,both,0,75.87,75.87,75.87,5.97,0.8256999999999999,UK: NORTHERN IRELAND
UK:_NORTHERN_IRELAND,1993,both,0,75.49,75.49,75.49,7.11,0.8209000000000001,UK: NORTHERN IRELAND
UK:_NORTHERN_IRELAND,1994,both,0,76.02,76.02,76.02,6.01,0.8245,UK: NORTHERN IRELAND
UK:_NORTHERN_IRELAND,1995,both,0,76.04,76.04,76.04,6.99,0.8303,UK: NORTHERN IRELAND
UK:_NORTHERN_IRELAND,1996,both,0,76.57,76.57,76.57,5.95,0.8412000000000001,UK: NORTHERN IRELAND
UK:_NORTHERN_IRELAND,1997,both,0,76.86,76.86,76.86,5.64,0.8432,UK: NORTHERN IRELAND
UK:_NORTHERN_IRELAND,1998,both,0,77.03,77.03,77.03,5.63,0.8469,UK: NORTHERN IRELAND
UK:_NORTHERN_IRELAND,1999,both,0,76.74,76.74,76.74,6.36,0.8461,UK: NORTHERN IRELAND
UK:_NORTHERN_IRELAND,2000,both,0,77.39,77.39,77.39,4.85,0.851,UK: NORTHERN IRELAND
UK:_NORTHERN_IRELAND,2001,both,0,77.85,77.85,77.85,6.17,0.8608,UK: NORTHERN IRELAND
UK:_NORTHERN_IRELAND,2002,both,0,77.91,77.91,77.91,4.7,0.8545999999999999,UK: NORTHERN IRELAND
UK:_NORTHERN_IRELAND,2003,both,0,78.33,78.33,78.33,5.34,0.8674,UK: NORTHERN IRELAND
UK:_NORTHERN_IRELAND,2004,both,0,78.44,78.44,78.44,5.54,0.8593999999999999,UK: NORTHERN IRELAND
UK:_NORTHERN_IRELAND,2005,both,0,78.62,78.62,78.62,6.18,0.8623999999999999,UK: NORTHERN IRELAND
UK:_NORTHERN_IRELAND,2006,both,0,78.66,78.66,78.66,5.34,0.8604999999999999,UK: NORTHERN IRELAND
UK:_NORTHERN_IRELAND,2007,both,0,78.86,78.86,78.86,5.12,0.8626,UK: NORTHERN IRELAND
UK:_NORTHERN_IRELAND,2008,both,0,78.9,78.9,78.9,4.9,0.867,UK: NORTHERN IRELAND
UK:_NORTHERN_IRELAND,2009,both,0,79.37,79.37,79.37,5.13,0.8695,UK: NORTHERN IRELAND
UK:_NORTHERN_IRELAND,2010,both,0,79.46,79.46,79.46,5.8,0.8690000000000001,UK: NORTHERN IRELAND
UK:_NORTHERN_IRELAND,2011,both,0,80.16,80.16,80.16,4.32,0.8768,UK: NORTHERN IRELAND
UK:_NORTHERN_IRELAND,2012,both,0,80.19,80.19,80.19,3.57,0.8823000000000001,UK: NORTHERN IRELAND
UK:_NORTHERN_IRELAND,2013,both,0,80.22,80.22,80.22,4.52,0.8806,UK: NORTHERN IRELAND
UK:_NORTHERN_IRELAND,2014,both,0,80.56,80.56,80.56,4.85,0.8842,UK: NORTHERN IRELAND
UK:_NORTHERN_IRELAND,2015,both,0,80.25,80.25,80.25,5.11,0.8798999999999999,UK: NORTHERN IRELAND
UK:_NORTHERN_IRELAND,2016,both,0,80.56,80.56,80.56,4.61,0.8851,UK: NORTHERN IRELAND
UK:_NORTHERN_IRELAND,2017,both,0,80.47,80.47,80.47,3.7,0.8842,UK: NORTHERN IRELAND
UK:_NORTHERN_IRELAND,2018,both,0,80.73,80.73,80.73,4.19,0.8845000000000001,UK: NORTHERN IRELAND
UK:_NORTHERN_IRELAND,2019,both,0,80.94,80.94,80.94,4.93,0.8858,UK: NORTHERN IRELAND
UK:_NORTHERN_IRELAND,2020,both,0,80.16,80.16,80.16,4.22,0.8789,UK: NORTHERN IRELAND
UK:_NORTHERN_IRELAND,2021,both,0,80.14,80.14,80.14,4.66,0.8762000000000001,UK: NORTHERN IRELAND
UK:_NORTHERN_IRELAND,2022,both,0,80.82,80.82,80.82,4.17,0.8862000000000001,UK: NORTHERN IRELAND
UK:_SCOTLAND,1855,both,0,42.98,42.98,42.98,116.24,0.3288,UK: SCOTLAND
UK:_SCOTLAND,1856,both,0,44.32,44.32,44.32,117.37,0.3591,UK: SCOTLAND
UK:_SCOTLAND,1857,both,0,43.51,43.51,43.51,117.4,0.3468,UK: SCOTLAND
UK:_SCOTLAND,1858,both,0,43.05,43.05,43.05,121.26,0.3444,UK: SCOTLAND
UK:_SCOTLAND,1859,both,0,43.87,43.87,43.87,112.76,0.3565,UK: SCOTLAND
UK:_SCOTLAND,1860,both,0,41.49,41.49,41.49,131.77,0.3256,UK: SCOTLAND
UK:_SCOTLAND,1861,both,0,44.03,44.03,44.03,116.4,0.3568,UK: SCOTLAND
UK:_SCOTLAND,1862,both,0,42.58,42.58,42.58,118.2,0.3362,UK: SCOTLAND
UK:_SCOTLAND,1863,both,0,40.67,40.67,40.67,120.22,0.3203,UK: SCOTLAND
UK:_SCOTLAND,1864,both,0,40.18,40.18,40.18,126.61,0.2956,UK: SCOTLAND
UK:_SCOTLAND,1865,both,0,41.96,41.96,41.96,124.28,0.3119,UK: SCOTLAND
UK:_SCOTLAND,1866,both,0,42.29,42.29,42.29,121.94,0.3164,UK: SCOTLAND
UK:_SCOTLAND,1867,both,0,43.57,43.57,43.57,118.09,0.3338,UK: SCOTLAND
UK:_SCOTLAND,1868,both,0,43.41,43.41,43.41,117.8,0.3388,UK: SCOTLAND
UK:_SCOTLAND,1869,both,0,41.18,41.18,41.18,127.78,0.3094,UK: SCOTLAND
UK:_SCOTLAND,1870,both,0,41.84,41.84,41.84,125.99,0.3159,UK: SCOTLAND
UK:_SCOTLAND,1871,both,0,41.47,41.47,41.47,133.1,0.3142,UK: SCOTLAND
UK:_SCOTLAND,1872,both,0,41.75,41.75,41.75,126.02,0.3109,UK: SCOTLAND
UK:_SCOTLAND,1873,both,0,42.11,42.11,42.11,124.31,0.3102,UK: SCOTLAND
UK:_SCOTLAND,1874,both,0,40.59,40.59,40.59,125.77,0.2958,UK: SCOTLAND
UK:_SCOTLAND,1875,both,0,40.93,40.93,40.93,130.56,0.2981,UK: SCOTLAND
UK:_SCOTLAND,1876,both,0,43.74,43.74,43.74,122.0,0.3340999999999999,UK: SCOTLAND
UK:_SCOTLAND,1877,both,0,44.52,44.52,44.52,114.53,0.3361,UK: SCOTLAND
UK:_SCOTLAND,1878,both,0,43.57,43.57,43.57,121.8,0.3333,UK: SCOTLAND
UK:_SCOTLAND,1879,both,0,45.28,45.28,45.28,108.24,0.3465,UK: SCOTLAND
UK:_SCOTLAND,1880,both,0,43.89,43.89,43.89,125.0,0.3433,UK: SCOTLAND
UK:_SCOTLAND,1881,both,0,45.46,45.46,45.46,115.96,0.3490999999999999,UK: SCOTLAND
UK:_SCOTLAND,1882,both,0,45.23,45.23,45.23,118.59,0.3544,UK: SCOTLAND
UK:_SCOTLAND,1883,both,0,44.42,44.42,44.42,117.43,0.3343,UK: SCOTLAND
UK:_SCOTLAND,1884,both,0,45.06,45.06,45.06,119.17,0.3461,UK: SCOTLAND
UK:_SCOTLAND,1885,both,0,45.66,45.66,45.66,118.41,0.3545,UK: SCOTLAND
UK:_SCOTLAND,1886,both,0,46.33,46.33,46.33,115.95,0.3589,UK: SCOTLAND
UK:_SCOTLAND,1887,both,0,45.89,45.89,45.89,119.64,0.361,UK: SCOTLAND
UK:_SCOTLAND,1888,both,0,47.43,47.43,47.43,112.18,0.3774,UK: SCOTLAND
UK:_SCOTLAND,1889,both,0,46.52,46.52,46.52,120.56,0.3705,UK: SCOTLAND
UK:_SCOTLAND,1890,both,0,44.48,44.48,44.48,130.53,0.341,UK: SCOTLAND
UK:_SCOTLAND,1891,both,0,43.95,43.95,43.95,132.15,0.3178,UK: SCOTLAND
UK:_SCOTLAND,1892,both,0,46.31,46.31,46.31,118.4,0.3586999999999999,UK: SCOTLAND
UK:_SCOTLAND,1893,both,0,44.83,44.83,44.83,134.95,0.3496,UK: SCOTLAND
UK:_SCOTLAND,1894,both,0,48.08,48.08,48.08,115.28,0.3839,UK: SCOTLAND
UK:_SCOTLAND,1895,both,0,45.1,45.1,45.1,132.2,0.3394,UK: SCOTLAND
UK:_SCOTLAND,1896,both,0,48.7,48.7,48.7,116.27,0.3929999999999999,UK: SCOTLAND
UK:_SCOTLAND,1897,both,0,46.33,46.33,46.33,135.28,0.362,UK: SCOTLAND
UK:_SCOTLAND,1898,both,0,46.66,46.66,46.66,133.88,0.3659,UK: SCOTLAND
UK:_SCOTLAND,1899,both,0,46.86,46.86,46.86,130.55,0.3621,UK: SCOTLAND
UK:_SCOTLAND,1900,both,0,46.43,46.43,46.43,130.04,0.3532,UK: SCOTLAND
UK:_SCOTLAND,1901,both,0,46.73,46.73,46.73,131.89,0.3628,UK: SCOTLAND
UK:_SCOTLAND,1902,both,0,48.23,48.23,48.23,114.73,0.3702,UK: SCOTLAND
UK:_SCOTLAND,1903,both,0,48.99,48.99,48.99,117.21,0.3878,UK: SCOTLAND
UK:_SCOTLAND,1904,both,0,48.48,48.48,48.48,121.79,0.3863,UK: SCOTLAND
UK:_SCOTLAND,1905,both,0,49.71,49.71,49.71,115.32,0.4025,UK: SCOTLAND
UK:_SCOTLAND,1906,both,0,49.75,49.75,49.75,114.6,0.3997,UK: SCOTLAND
UK:_SCOTLAND,1907,both,0,49.46,49.46,49.46,108.08,0.3934,UK: SCOTLAND
UK:_SCOTLAND,1908,both,0,49.18,49.18,49.18,120.75,0.3978,UK: SCOTLAND
UK:_SCOTLAND,1909,both,0,50.69,50.69,50.69,107.24,0.4165,UK: SCOTLAND
UK:_SCOTLAND,1910,both,0,51.29,51.29,51.29,108.1,0.4343,UK: SCOTLAND
UK:_SCOTLAND,1911,both,0,51.5,51.5,51.5,112.42,0.4409,UK: SCOTLAND
UK:_SCOTLAND,1912,both,0,51.65,51.65,51.65,107.1,0.4389,UK: SCOTLAND
UK:_SCOTLAND,1913,both,0,51.5,51.5,51.5,110.05,0.4384,UK: SCOTLAND
UK:_SCOTLAND,1914,both,0,51.35,51.35,51.35,113.54,0.4406,UK: SCOTLAND
UK:_SCOTLAND,1915,both,0,48.92,48.92,48.92,121.74,0.4074,UK: SCOTLAND
UK:_SCOTLAND,1916,both,0,52.73,52.73,52.73,96.45,0.4593,UK: SCOTLAND
UK:_SCOTLAND,1917,both,0,52.62,52.62,52.62,100.57,0.4644,UK: SCOTLAND
UK:_SCOTLAND,1918,both,0,48.87,48.87,48.87,100.47,0.4054999999999999,UK: SCOTLAND
UK:_SCOTLAND,1919,both,0,50.8,50.8,50.8,108.21,0.4368,UK: SCOTLAND
UK:_SCOTLAND,1920,both,0,53.96,53.96,53.96,109.06,0.4808,UK: SCOTLAND
UK:_SCOTLAND,1921,both,0,55.92,55.92,55.92,89.21,0.5104,UK: SCOTLAND
UK:_SCOTLAND,1922,both,0,53.66,53.66,53.66,95.21,0.4827,UK: SCOTLAND
UK:_SCOTLAND,1923,both,0,57.33,57.33,57.33,76.83,0.5305,UK: SCOTLAND
UK:_SCOTLAND,1924,both,0,54.66,54.66,54.66,94.22,0.5007,UK: SCOTLAND
UK:_SCOTLAND,1925,both,0,56.32,56.32,56.32,89.4,0.5215,UK: SCOTLAND
UK:_SCOTLAND,1926,both,0,57.19,57.19,57.19,82.95,0.5324,UK: SCOTLAND
UK:_SCOTLAND,1927,both,0,56.78,56.78,56.78,85.29,0.5257999999999999,UK: SCOTLAND
UK:_SCOTLAND,1928,both,0,56.86,56.86,56.86,85.26,0.5321,UK: SCOTLAND
UK:_SCOTLAND,1929,both,0,55.84,55.84,55.84,85.09,0.5083,UK: SCOTLAND
UK:_SCOTLAND,1930,both,0,57.54,57.54,57.54,84.37,0.5401,UK: SCOTLAND
UK:_SCOTLAND,1931,both,0,58.04,58.04,58.04,81.53,0.5503,UK: SCOTLAND
UK:_SCOTLAND,1932,both,0,57.56,57.56,57.56,85.12,0.5437,UK: SCOTLAND
UK:_SCOTLAND,1933,both,0,58.61,58.61,58.61,78.48,0.5539000000000001,UK: SCOTLAND
UK:_SCOTLAND,1934,both,0,58.78,58.78,58.78,78.1,0.5589,UK: SCOTLAND
UK:_SCOTLAND,1935,both,0,59.34,59.34,59.34,76.25,0.5668,UK: SCOTLAND
UK:_SCOTLAND,1936,both,0,58.84,58.84,58.84,82.07,0.5611999999999999,UK: SCOTLAND
UK:_SCOTLAND,1937,both,0,58.82,58.82,58.82,79.51,0.5562,UK: SCOTLAND
UK:_SCOTLAND,1938,both,0,60.69,60.69,60.69,70.01,0.5867,UK: SCOTLAND
UK:_SCOTLAND,1939,both,0,61.17,61.17,61.17,67.64,0.5902000000000001,UK: SCOTLAND
UK:_SCOTLAND,1940,both,0,58.52,58.52,58.52,76.4,0.5471,UK: SCOTLAND
UK:_SCOTLAND,1941,both,0,57.64,57.64,57.64,83.12,0.5377000000000001,UK: SCOTLAND
UK:_SCOTLAND,1942,both,0,60.37,60.37,60.37,70.18,0.5805,UK: SCOTLAND
UK:_SCOTLAND,1943,both,0,60.25,60.25,60.25,67.14,0.5766,UK: SCOTLAND
UK:_SCOTLAND,1944,both,0,61.2,61.2,61.2,66.62,0.593,UK: SCOTLAND
UK:_SCOTLAND,1945,both,0,63.03,63.03,63.03,53.61,0.6165999999999999,UK: SCOTLAND
UK:_SCOTLAND,1946,both,0,63.11,63.11,63.11,59.39,0.6206,UK: SCOTLAND
UK:_SCOTLAND,1947,both,0,63.39,63.39,63.39,60.02,0.6258,UK: SCOTLAND
UK:_SCOTLAND,1948,both,0,65.55,65.55,65.55,42.76,0.6524,UK: SCOTLAND
UK:_SCOTLAND,1949,both,0,65.66,65.66,65.66,40.47,0.6537999999999999,UK: SCOTLAND
UK:_SCOTLAND,1950,both,0,66.21,66.21,66.21,37.91,0.6598,UK: SCOTLAND
UK:_SCOTLAND,1951,both,0,66.33,66.33,66.33,37.07,0.6642,UK: SCOTLAND
UK:_SCOTLAND,1952,both,0,67.36,67.36,67.36,35.59,0.6818000000000001,UK: SCOTLAND
UK:_SCOTLAND,1953,both,0,68.19,68.19,68.19,31.43,0.6948000000000001,UK: SCOTLAND
UK:_SCOTLAND,1954,both,0,68.1,68.1,68.1,31.38,0.6890000000000001,UK: SCOTLAND
UK:_SCOTLAND,1955,both,0,68.26,68.26,68.26,30.92,0.696,UK: SCOTLAND
UK:_SCOTLAND,1956,both,0,68.65,68.65,68.65,29.17,0.7025,UK: SCOTLAND
UK:_SCOTLAND,1957,both,0,68.68,68.68,68.68,29.56,0.6994,UK: SCOTLAND
UK:_SCOTLAND,1958,both,0,68.84,68.84,68.84,28.48,0.7043,UK: SCOTLAND
UK:_SCOTLAND,1959,both,0,68.83,68.83,68.83,28.41,0.7039,UK: SCOTLAND
UK:_SCOTLAND,1960,both,0,69.19,69.19,69.19,27.3,0.71,UK: SCOTLAND
UK:_SCOTLAND,1961,both,0,69.08,69.08,69.08,25.99,0.705,UK: SCOTLAND
UK:_SCOTLAND,1962,both,0,69.15,69.15,69.15,27.09,0.7076,UK: SCOTLAND
UK:_SCOTLAND,1963,both,0,68.96,68.96,68.96,25.64,0.7006,UK: SCOTLAND
UK:_SCOTLAND,1964,both,0,69.83,69.83,69.83,24.73,0.7132999999999999,UK: SCOTLAND
UK:_SCOTLAND,1965,both,0,69.72,69.72,69.72,23.24,0.7143999999999999,UK: SCOTLAND
UK:_SCOTLAND,1966,both,0,69.73,69.73,69.73,23.17,0.7162000000000001,UK: SCOTLAND
UK:_SCOTLAND,1967,both,0,70.65,70.65,70.65,21.1,0.7304,UK: SCOTLAND
UK:_SCOTLAND,1968,both,0,70.18,70.18,70.18,21.19,0.7241,UK: SCOTLAND
UK:_SCOTLAND,1969,both,0,70.17,70.17,70.17,20.87,0.721,UK: SCOTLAND
UK:_SCOTLAND,1970,both,0,70.34,70.34,70.34,19.51,0.7219,UK: SCOTLAND
UK:_SCOTLAND,1971,both,0,70.82,70.82,70.82,19.87,0.7318000000000001,UK: SCOTLAND
UK:_SCOTLAND,1972,both,0,70.55,70.55,70.55,17.97,0.7273000000000001,UK: SCOTLAND
UK:_SCOTLAND,1973,both,0,70.65,70.65,70.65,18.41,0.7277,UK: SCOTLAND
UK:_SCOTLAND,1974,both,0,70.74,70.74,70.74,18.58,0.7279000000000001,UK: SCOTLAND
UK:_SCOTLAND,1975,both,0,71.22,71.22,71.22,16.87,0.7369,UK: SCOTLAND
UK:_SCOTLAND,1976,both,0,71.21,71.21,71.21,14.29,0.7339,UK: SCOTLAND
UK:_SCOTLAND,1977,both,0,71.65,71.65,71.65,15.97,0.7417,UK: SCOTLAND
UK:_SCOTLAND,1978,both,0,71.45,71.45,71.45,13.09,0.7363,UK: SCOTLAND
UK:_SCOTLAND,1979,both,0,71.52,71.52,71.52,13.23,0.737,UK: SCOTLAND
UK:_SCOTLAND,1980,both,0,72.15,72.15,72.15,12.25,0.7484999999999999,UK: SCOTLAND
UK:_SCOTLAND,1981,both,0,72.34,72.34,72.34,11.31,0.7537,UK: SCOTLAND
UK:_SCOTLAND,1982,both,0,72.34,72.34,72.34,11.2,0.7551000000000001,UK: SCOTLAND
UK:_SCOTLAND,1983,both,0,72.77,72.77,72.77,9.81,0.7597,UK: SCOTLAND
UK:_SCOTLAND,1984,both,0,72.99,72.99,72.99,10.39,0.7641,UK: SCOTLAND
UK:_SCOTLAND,1985,both,0,73.03,73.03,73.03,9.45,0.7684000000000001,UK: SCOTLAND
UK:_SCOTLAND,1986,both,0,73.26,73.26,73.26,8.74,0.7715000000000001,UK: SCOTLAND
UK:_SCOTLAND,1987,both,0,73.6,73.6,73.6,8.46,0.7764,UK: SCOTLAND
UK:_SCOTLAND,1988,both,0,73.69,73.69,73.69,8.18,0.7773,UK: SCOTLAND
UK:_SCOTLAND,1989,both,0,73.5,73.5,73.5,8.52,0.7811,UK: SCOTLAND
UK:_SCOTLAND,1990,both,0,74.12,74.12,74.12,7.89,0.79,UK: SCOTLAND
UK:_SCOTLAND,1991,both,0,74.35,74.35,74.35,7.17,0.7948000000000001,UK: SCOTLAND
UK:_SCOTLAND,1992,both,0,74.54,74.54,74.54,6.78,0.7989,UK: SCOTLAND
UK:_SCOTLAND,1993,both,0,74.26,74.26,74.26,6.37,0.7979,UK: SCOTLAND
UK:_SCOTLAND,1994,both,0,75.02,75.02,75.02,6.06,0.8053,UK: SCOTLAND
UK:_SCOTLAND,1995,both,0,74.98,74.98,74.98,6.18,0.8068000000000001,UK: SCOTLAND
UK:_SCOTLAND,1996,both,0,74.99,74.99,74.99,6.17,0.8054000000000001,UK: SCOTLAND
UK:_SCOTLAND,1997,both,0,75.42,75.42,75.42,5.31,0.8131,UK: SCOTLAND
UK:_SCOTLAND,1998,both,0,75.5,75.5,75.5,5.52,0.8148000000000001,UK: SCOTLAND
UK:_SCOTLAND,1999,both,0,75.54,75.54,75.54,4.9,0.8173999999999999,UK: SCOTLAND
UK:_SCOTLAND,2000,both,0,75.98,75.98,75.98,5.63,0.8215,UK: SCOTLAND
UK:_SCOTLAND,2001,both,0,76.17,76.17,76.17,5.52,0.8214,UK: SCOTLAND
UK:_SCOTLAND,2002,both,0,76.16,76.16,76.16,5.26,0.8219,UK: SCOTLAND
UK:_SCOTLAND,2003,both,0,76.36,76.36,76.36,5.06,0.8266,UK: SCOTLAND
UK:_SCOTLAND,2004,both,0,76.88,76.88,76.88,4.95,0.8339,UK: SCOTLAND
UK:_SCOTLAND,2005,both,0,77.14,77.14,77.14,5.19,0.8391,UK: SCOTLAND
UK:_SCOTLAND,2006,both,0,77.36,77.36,77.36,4.46,0.8376,UK: SCOTLAND
UK:_SCOTLAND,2007,both,0,77.38,77.38,77.38,4.73,0.8401000000000001,UK: SCOTLAND
UK:_SCOTLAND,2008,both,0,77.65,77.65,77.65,4.26,0.8443,UK: SCOTLAND
UK:_SCOTLAND,2009,both,0,78.21,78.21,78.21,3.94,0.8509,UK: SCOTLAND
UK:_SCOTLAND,2010,both,0,78.47,78.47,78.47,3.66,0.8540000000000001,UK: SCOTLAND
UK:_SCOTLAND,2011,both,0,78.7,78.7,78.7,4.03,0.8581,UK: SCOTLAND
UK:_SCOTLAND,2012,both,0,78.84,78.84,78.84,3.73,0.8623000000000001,UK: SCOTLAND
UK:_SCOTLAND,2013,both,0,79.08,79.08,79.08,3.28,0.8647,UK: SCOTLAND
UK:_SCOTLAND,2014,both,0,79.36,79.36,79.36,3.72,0.8674,UK: SCOTLAND
UK:_SCOTLAND,2015,both,0,79.03,79.03,79.03,3.17,0.8652,UK: SCOTLAND
UK:_SCOTLAND,2016,both,0,79.05,79.05,79.05,3.32,0.8593999999999999,UK: SCOTLAND
UK:_SCOTLAND,2017,both,0,79.17,79.17,79.17,3.32,0.8636,UK: SCOTLAND
UK:_SCOTLAND,2018,both,0,79.07,79.07,79.07,3.15,0.8599,UK: SCOTLAND
UK:_SCOTLAND,2019,both,0,79.23,79.23,79.23,3.26,0.8595999999999999,UK: SCOTLAND
UK:_SCOTLAND,2020,both,0,78.45,78.45,78.45,3.03,0.8514,UK: SCOTLAND
UK:_SCOTLAND,2021,both,0,78.47,78.47,78.47,3.95,0.8468000000000001,UK: SCOTLAND
UK:_SCOTLAND,2022,both,0,79.01,79.01,79.01,3.47,0.8576,UK: SCOTLAND
UK:_UNITED_KINGDOM_TOTAL_POPULATION,1922,both,0,57.02,57.02,57.02,77.13,0.5293,UK: UNITED KINGDOM TOTAL POPULATION
UK:_UNITED_KINGDOM_TOTAL_POPULATION,1923,both,0,59.3,59.3,59.3,69.71,0.563,UK: UNITED KINGDOM TOTAL POPULATION
UK:_UNITED_KINGDOM_TOTAL_POPULATION,1924,both,0,58.07,58.07,58.07,76.33,0.5478000000000001,UK: UNITED KINGDOM TOTAL POPULATION
UK:_UNITED_KINGDOM_TOTAL_POPULATION,1925,both,0,58.42,58.42,58.42,76.16,0.5559000000000001,UK: UNITED KINGDOM TOTAL POPULATION
UK:_UNITED_KINGDOM_TOTAL_POPULATION,1926,both,0,59.56,59.56,59.56,71.61,0.5722,UK: UNITED KINGDOM TOTAL POPULATION
UK:_UNITED_KINGDOM_TOTAL_POPULATION,1927,both,0,58.95,58.95,58.95,70.01,0.5594,UK: UNITED KINGDOM TOTAL POPULATION
UK:_UNITED_KINGDOM_TOTAL_POPULATION,1928,both,0,59.91,59.91,59.91,68.08,0.5760000000000001,UK: UNITED KINGDOM TOTAL POPULATION
UK:_UNITED_KINGDOM_TOTAL_POPULATION,1929,both,0,57.62,57.62,57.62,74.9,0.5399,UK: UNITED KINGDOM TOTAL POPULATION
UK:_UNITED_KINGDOM_TOTAL_POPULATION,1930,both,0,60.77,60.77,60.77,63.78,0.5874,UK: UNITED KINGDOM TOTAL POPULATION
UK:_UNITED_KINGDOM_TOTAL_POPULATION,1931,both,0,60.0,60.0,60.0,67.81,0.5776,UK: UNITED KINGDOM TOTAL POPULATION
UK:_UNITED_KINGDOM_TOTAL_POPULATION,1932,both,0,60.52,60.52,60.52,66.85,0.5874,UK: UNITED KINGDOM TOTAL POPULATION
UK:_UNITED_KINGDOM_TOTAL_POPULATION,1933,both,0,60.58,60.58,60.58,63.48,0.5831000000000001,UK: UNITED KINGDOM TOTAL POPULATION
UK:_UNITED_KINGDOM_TOTAL_POPULATION,1934,both,0,61.3,61.3,61.3,61.8,0.5966,UK: UNITED KINGDOM TOTAL POPULATION
UK:_UNITED_KINGDOM_TOTAL_POPULATION,1935,both,0,61.96,61.96,61.96,60.83,0.606,UK: UNITED KINGDOM TOTAL POPULATION
UK:_UNITED_KINGDOM_TOTAL_POPULATION,1936,both,0,61.75,61.75,61.75,62.75,0.603,UK: UNITED KINGDOM TOTAL POPULATION
UK:_UNITED_KINGDOM_TOTAL_POPULATION,1937,both,0,61.79,61.79,61.79,61.35,0.5999,UK: UNITED KINGDOM TOTAL POPULATION
UK:_UNITED_KINGDOM_TOTAL_POPULATION,1938,both,0,63.23,63.23,63.23,55.5,0.6256,UK: UNITED KINGDOM TOTAL POPULATION
UK:_UNITED_KINGDOM_TOTAL_POPULATION,1939,both,0,63.61,63.61,63.61,52.86,0.6288,UK: UNITED KINGDOM TOTAL POPULATION
UK:_UNITED_KINGDOM_TOTAL_POPULATION,1940,both,0,60.9,60.9,60.9,58.78,0.5786,UK: UNITED KINGDOM TOTAL POPULATION
UK:_UNITED_KINGDOM_TOTAL_POPULATION,1941,both,0,61.29,61.29,61.29,62.64,0.5949,UK: UNITED KINGDOM TOTAL POPULATION
UK:_UNITED_KINGDOM_TOTAL_POPULATION,1942,both,0,63.98,63.98,63.98,55.27,0.639,UK: UNITED KINGDOM TOTAL POPULATION
UK:_UNITED_KINGDOM_TOTAL_POPULATION,1943,both,0,64.04,64.04,64.04,52.55,0.6386999999999999,UK: UNITED KINGDOM TOTAL POPULATION
UK:_UNITED_KINGDOM_TOTAL_POPULATION,1944,both,0,64.8,64.8,64.8,50.09,0.6487999999999999,UK: UNITED KINGDOM TOTAL POPULATION
UK:_UNITED_KINGDOM_TOTAL_POPULATION,1945,both,0,65.76,65.76,65.76,45.97,0.6644,UK: UNITED KINGDOM TOTAL POPULATION
UK:_UNITED_KINGDOM_TOTAL_POPULATION,1946,both,0,66.24,66.24,66.24,47.72,0.6731,UK: UNITED KINGDOM TOTAL POPULATION
UK:_UNITED_KINGDOM_TOTAL_POPULATION,1947,both,0,66.44,66.44,66.44,44.18,0.6770999999999999,UK: UNITED KINGDOM TOTAL POPULATION
UK:_UNITED_KINGDOM_TOTAL_POPULATION,1948,both,0,68.37,68.37,68.37,34.36,0.7025,UK: UNITED KINGDOM TOTAL POPULATION
UK:_UNITED_KINGDOM_TOTAL_POPULATION,1949,both,0,68.11,68.11,68.11,32.73,0.7003,UK: UNITED KINGDOM TOTAL POPULATION
UK:_UNITED_KINGDOM_TOTAL_POPULATION,1950,both,0,68.63,68.63,68.63,30.11,0.7084,UK: UNITED KINGDOM TOTAL POPULATION
UK:_UNITED_KINGDOM_TOTAL_POPULATION,1951,both,0,68.24,68.24,68.24,30.4,0.7027,UK: UNITED KINGDOM TOTAL POPULATION
UK:_UNITED_KINGDOM_TOTAL_POPULATION,1952,both,0,69.53,69.53,69.53,28.92,0.7238,UK: UNITED KINGDOM TOTAL POPULATION
UK:_UNITED_KINGDOM_TOTAL_POPULATION,1953,both,0,69.8,69.8,69.8,27.75,0.7289,UK: UNITED KINGDOM TOTAL POPULATION
UK:_UNITED_KINGDOM_TOTAL_POPULATION,1954,both,0,70.17,70.17,70.17,26.16,0.7337,UK: UNITED KINGDOM TOTAL POPULATION
UK:_UNITED_KINGDOM_TOTAL_POPULATION,1955,both,0,70.13,70.13,70.13,25.78,0.7359,UK: UNITED KINGDOM TOTAL POPULATION
UK:_UNITED_KINGDOM_TOTAL_POPULATION,1956,both,0,70.4,70.4,70.4,24.81,0.7399,UK: UNITED KINGDOM TOTAL POPULATION
UK:_UNITED_KINGDOM_TOTAL_POPULATION,1957,both,0,70.52,70.52,70.52,24.33,0.7373999999999999,UK: UNITED KINGDOM TOTAL POPULATION
UK:_UNITED_KINGDOM_TOTAL_POPULATION,1958,both,0,70.7,70.7,70.7,23.52,0.7431,UK: UNITED KINGDOM TOTAL POPULATION
UK:_UNITED_KINGDOM_TOTAL_POPULATION,1959,both,0,70.83,70.83,70.83,23.02,0.7443000000000001,UK: UNITED KINGDOM TOTAL POPULATION
UK:_UNITED_KINGDOM_TOTAL_POPULATION,1960,both,0,71.02,71.02,71.02,23.09,0.7474,UK: UNITED KINGDOM TOTAL POPULATION
UK:_UNITED_KINGDOM_TOTAL_POPULATION,1961,both,0,70.79,70.79,70.79,22.38,0.7437999999999999,UK: UNITED KINGDOM TOTAL POPULATION
UK:_UNITED_KINGDOM_TOTAL_POPULATION,1962,both,0,70.86,70.86,70.86,22.66,0.7443000000000001,UK: UNITED KINGDOM TOTAL POPULATION
UK:_UNITED_KINGDOM_TOTAL_POPULATION,1963,both,0,70.76,70.76,70.76,21.93,0.7421,UK: UNITED KINGDOM TOTAL POPULATION
UK:_UNITED_KINGDOM_TOTAL_POPULATION,1964,both,0,71.54,71.54,71.54,21.04,0.7513,UK: UNITED KINGDOM TOTAL POPULATION
UK:_UNITED_KINGDOM_TOTAL_POPULATION,1965,both,0,71.52,71.52,71.52,19.69,0.7515999999999999,UK: UNITED KINGDOM TOTAL POPULATION
UK:_UNITED_KINGDOM_TOTAL_POPULATION,1966,both,0,71.44,71.44,71.44,19.59,0.752,UK: UNITED KINGDOM TOTAL POPULATION
UK:_UNITED_KINGDOM_TOTAL_POPULATION,1967,both,0,72.08,72.08,72.08,18.62,0.7613,UK: UNITED KINGDOM TOTAL POPULATION
UK:_UNITED_KINGDOM_TOTAL_POPULATION,1968,both,0,71.69,71.69,71.69,18.72,0.7575,UK: UNITED KINGDOM TOTAL POPULATION
UK:_UNITED_KINGDOM_TOTAL_POPULATION,1969,both,0,71.67,71.67,71.67,18.23,0.7535,UK: UNITED KINGDOM TOTAL POPULATION
UK:_UNITED_KINGDOM_TOTAL_POPULATION,1970,both,0,71.88,71.88,71.88,18.49,0.758,UK: UNITED KINGDOM TOTAL POPULATION
UK:_UNITED_KINGDOM_TOTAL_POPULATION,1971,both,0,72.24,72.24,72.24,17.83,0.7636,UK: UNITED KINGDOM TOTAL POPULATION
UK:_UNITED_KINGDOM_TOTAL_POPULATION,1972,both,0,71.99,71.99,71.99,17.03,0.7603,UK: UNITED KINGDOM TOTAL POPULATION
UK:_UNITED_KINGDOM_TOTAL_POPULATION,1973,both,0,72.19,72.19,72.19,16.67,0.7637999999999999,UK: UNITED KINGDOM TOTAL POPULATION
UK:_UNITED_KINGDOM_TOTAL_POPULATION,1974,both,0,72.38,72.38,72.38,16.41,0.7663,UK: UNITED KINGDOM TOTAL POPULATION
UK:_UNITED_KINGDOM_TOTAL_POPULATION,1975,both,0,72.65,72.65,72.65,15.58,0.7709,UK: UNITED KINGDOM TOTAL POPULATION
UK:_UNITED_KINGDOM_TOTAL_POPULATION,1976,both,0,72.64,72.64,72.64,14.25,0.7705,UK: UNITED KINGDOM TOTAL POPULATION
UK:_UNITED_KINGDOM_TOTAL_POPULATION,1977,both,0,73.11,73.11,73.11,14.08,0.7770999999999999,UK: UNITED KINGDOM TOTAL POPULATION
UK:_UNITED_KINGDOM_TOTAL_POPULATION,1978,both,0,73.05,73.05,73.05,13.62,0.7755,UK: UNITED KINGDOM TOTAL POPULATION
UK:_UNITED_KINGDOM_TOTAL_POPULATION,1979,both,0,73.16,73.16,73.16,13.2,0.7770999999999999,UK: UNITED KINGDOM TOTAL POPULATION
UK:_UNITED_KINGDOM_TOTAL_POPULATION,1980,both,0,73.59,73.59,73.59,12.36,0.7839,UK: UNITED KINGDOM TOTAL POPULATION
UK:_UNITED_KINGDOM_TOTAL_POPULATION,1981,both,0,73.92,73.92,73.92,11.11,0.7898000000000001,UK: UNITED KINGDOM TOTAL POPULATION
UK:_UNITED_KINGDOM_TOTAL_POPULATION,1982,both,0,74.04,74.04,74.04,10.91,0.7929999999999999,UK: UNITED KINGDOM TOTAL POPULATION
UK:_UNITED_KINGDOM_TOTAL_POPULATION,1983,both,0,74.3,74.3,74.3,10.19,0.7964,UK: UNITED KINGDOM TOTAL POPULATION
UK:_UNITED_KINGDOM_TOTAL_POPULATION,1984,both,0,74.68,74.68,74.68,9.68,0.8006,UK: UNITED KINGDOM TOTAL POPULATION
UK:_UNITED_KINGDOM_TOTAL_POPULATION,1985,both,0,74.54,74.54,74.54,9.41,0.8020999999999999,UK: UNITED KINGDOM TOTAL POPULATION
UK:_UNITED_KINGDOM_TOTAL_POPULATION,1986,both,0,74.8,74.8,74.8,9.51,0.8062999999999999,UK: UNITED KINGDOM TOTAL POPULATION
UK:_UNITED_KINGDOM_TOTAL_POPULATION,1987,both,0,75.15,75.15,75.15,9.24,0.8106,UK: UNITED KINGDOM TOTAL POPULATION
UK:_UNITED_KINGDOM_TOTAL_POPULATION,1988,both,0,75.26,75.26,75.26,9.03,0.8133,UK: UNITED KINGDOM TOTAL POPULATION
UK:_UNITED_KINGDOM_TOTAL_POPULATION,1989,both,0,75.4,75.4,75.4,8.43,0.8184999999999999,UK: UNITED KINGDOM TOTAL POPULATION
UK:_UNITED_KINGDOM_TOTAL_POPULATION,1990,both,0,75.74,75.74,75.74,8.04,0.8223999999999999,UK: UNITED KINGDOM TOTAL POPULATION
UK:_UNITED_KINGDOM_TOTAL_POPULATION,1991,both,0,75.91,75.91,75.91,7.34,0.8275,UK: UNITED KINGDOM TOTAL POPULATION
UK:_UNITED_KINGDOM_TOTAL_POPULATION,1992,both,0,76.31,76.31,76.31,6.53,0.8329000000000001,UK: UNITED KINGDOM TOTAL POPULATION
UK:_UNITED_KINGDOM_TOTAL_POPULATION,1993,both,0,76.16,76.16,76.16,6.33,0.8334999999999999,UK: UNITED KINGDOM TOTAL POPULATION
UK:_UNITED_KINGDOM_TOTAL_POPULATION,1994,both,0,76.72,76.72,76.72,6.13,0.8405,UK: UNITED KINGDOM TOTAL POPULATION
UK:_UNITED_KINGDOM_TOTAL_POPULATION,1995,both,0,76.62,76.62,76.62,6.14,0.8409,UK: UNITED KINGDOM TOTAL POPULATION
UK:_UNITED_KINGDOM_TOTAL_POPULATION,1996,both,0,76.88,76.88,76.88,6.16,0.8442000000000001,UK: UNITED KINGDOM TOTAL POPULATION
UK:_UNITED_KINGDOM_TOTAL_POPULATION,1997,both,0,77.14,77.14,77.14,5.79,0.8484,UK: UNITED KINGDOM TOTAL POPULATION
UK:_UNITED_KINGDOM_TOTAL_POPULATION,1998,both,0,77.28,77.28,77.28,5.68,0.85,UK: UNITED KINGDOM TOTAL POPULATION
UK:_UNITED_KINGDOM_TOTAL_POPULATION,1999,both,0,77.38,77.38,77.38,5.74,0.8523000000000001,UK: UNITED KINGDOM TOTAL POPULATION
UK:_UNITED_KINGDOM_TOTAL_POPULATION,2000,both,0,77.85,77.85,77.85,5.53,0.8567,UK: UNITED KINGDOM TOTAL POPULATION
UK:_UNITED_KINGDOM_TOTAL_POPULATION,2001,both,0,78.12,78.12,78.12,5.46,0.8597,UK: UNITED KINGDOM TOTAL POPULATION
UK:_UNITED_KINGDOM_TOTAL_POPULATION,2002,both,0,78.24,78.24,78.24,5.25,0.8615,UK: UNITED KINGDOM TOTAL POPULATION
UK:_UNITED_KINGDOM_TOTAL_POPULATION,2003,both,0,78.33,78.33,78.33,5.38,0.8631,UK: UNITED KINGDOM TOTAL POPULATION
UK:_UNITED_KINGDOM_TOTAL_POPULATION,2004,both,0,78.9,78.9,78.9,5.12,0.8689,UK: UNITED KINGDOM TOTAL POPULATION
UK:_UNITED_KINGDOM_TOTAL_POPULATION,2005,both,0,79.1,79.1,79.1,5.11,0.8713,UK: UNITED KINGDOM TOTAL POPULATION
UK:_UNITED_KINGDOM_TOTAL_POPULATION,2006,both,0,79.34,79.34,79.34,5.06,0.8715999999999999,UK: UNITED KINGDOM TOTAL POPULATION
UK:_UNITED_KINGDOM_TOTAL_POPULATION,2007,both,0,79.53,79.53,79.53,4.91,0.8742,UK: UNITED KINGDOM TOTAL POPULATION
UK:_UNITED_KINGDOM_TOTAL_POPULATION,2008,both,0,79.65,79.65,79.65,4.76,0.8756999999999999,UK: UNITED KINGDOM TOTAL POPULATION
UK:_UNITED_KINGDOM_TOTAL_POPULATION,2009,both,0,80.15,80.15,80.15,4.68,0.8798999999999999,UK: UNITED KINGDOM TOTAL POPULATION
UK:_UNITED_KINGDOM_TOTAL_POPULATION,2010,both,0,80.38,80.38,80.38,4.41,0.8826,UK: UNITED KINGDOM TOTAL POPULATION
UK:_UNITED_KINGDOM_TOTAL_POPULATION,2011,both,0,80.77,80.77,80.77,4.35,0.8865999999999999,UK: UNITED KINGDOM TOTAL POPULATION
UK:_UNITED_KINGDOM_TOTAL_POPULATION,2012,both,0,80.83,80.83,80.83,4.15,0.8895000000000001,UK: UNITED KINGDOM TOTAL POPULATION
UK:_UNITED_KINGDOM_TOTAL_POPULATION,2013,both,0,80.89,80.89,80.89,3.86,0.8894,UK: UNITED KINGDOM TOTAL POPULATION
UK:_UNITED_KINGDOM_TOTAL_POPULATION,2014,both,0,81.12,81.12,81.12,3.87,0.8905,UK: UNITED KINGDOM TOTAL POPULATION
UK:_UNITED_KINGDOM_TOTAL_POPULATION,2015,both,0,80.88,80.88,80.88,3.9,0.8896999999999999,UK: UNITED KINGDOM TOTAL POPULATION
UK:_UNITED_KINGDOM_TOTAL_POPULATION,2016,both,0,81.02,81.02,81.02,3.87,0.8889,UK: UNITED KINGDOM TOTAL POPULATION
UK:_UNITED_KINGDOM_TOTAL_POPULATION,2017,both,0,81.11,81.11,81.11,3.92,0.8911,UK: UNITED KINGDOM TOTAL POPULATION
UK:_UNITED_KINGDOM_TOTAL_POPULATION,2018,both,0,81.06,81.06,81.06,3.83,0.8895000000000001,UK: UNITED KINGDOM TOTAL POPULATION
UK:_UNITED_KINGDOM_TOTAL_POPULATION,2019,both,0,81.36,81.36,81.36,3.92,0.8916,UK: UNITED KINGDOM TOTAL POPULATION
UK:_UNITED_KINGDOM_TOTAL_POPULATION,2020,both,0,80.33,80.33,80.33,3.74,0.8817,UK: UNITED KINGDOM TOTAL POPULATION
UK:_UNITED_KINGDOM_TOTAL_POPULATION,2021,both,0,80.51,80.51,80.51,4.07,0.8781,UK: UNITED KINGDOM TOTAL POPULATION
UK:_UNITED_KINGDOM_TOTAL_POPULATION,2022,both,0,80.96,80.96,80.96,3.86,0.8864,UK: UNITED KINGDOM TOTAL POPULATION
UKR,1959,both,0,69.45,69.45,69.45,37.04,0.7217,UKR
UKR,1960,both,0,71.08,71.08,71.08,29.57,0.7448999999999999,UKR
UKR,1961,both,0,71.37,71.37,71.37,24.84,0.7458,UKR
UKR,1962,both,0,70.78,70.78,70.78,24.87,0.7431,UKR
UKR,1963,both,0,71.42,71.42,71.42,23.76,0.7515999999999999,UKR
UKR,1964,both,0,72.22,72.22,72.22,21.54,0.7609,UKR
UKR,1965,both,0,71.69,71.69,71.69,19.7,0.7556999999999999,UKR
UKR,1966,both,0,71.95,71.95,71.95,19.01,0.7569,UKR
UKR,1967,both,0,71.55,71.55,71.55,18.2,0.7521,UKR
UKR,1968,both,0,71.66,71.66,71.66,18.13,0.7509,UKR
UKR,1969,both,0,71.04,71.04,71.04,18.84,0.7431,UKR
UKR,1970,both,0,70.94,70.94,70.94,17.27,0.7402,UKR
UKR,1971,both,0,71.18,71.18,71.18,15.57,0.7414000000000001,UKR
UKR,1972,both,0,70.95,70.95,70.95,16.65,0.741,UKR
UKR,1973,both,0,71.11,71.11,71.11,16.35,0.7429000000000001,UKR
UKR,1974,both,0,71.0,71.0,71.0,18.4,0.7378,UKR
UKR,1975,both,0,70.34,70.34,70.34,18.82,0.7269,UKR
UKR,1976,both,0,70.38,70.38,70.38,19.37,0.7278,UKR
UKR,1977,both,0,70.07,70.07,70.07,18.52,0.7176,UKR
UKR,1978,both,0,69.99,69.99,69.99,18.13,0.7136,UKR
UKR,1979,both,0,69.72,69.72,69.72,17.26,0.708,UKR
UKR,1980,both,0,69.68,69.68,69.68,16.53,0.7048000000000001,UKR
UKR,1981,both,0,69.74,69.74,69.74,15.97,0.7034999999999999,UKR
UKR,1982,both,0,69.94,69.94,69.94,16.12,0.7037,UKR
UKR,1983,both,0,69.94,69.94,69.94,15.82,0.7054,UKR
UKR,1984,both,0,69.64,69.64,69.64,15.65,0.6995999999999999,UKR
UKR,1985,both,0,69.94,69.94,69.94,15.31,0.7094,UKR
UKR,1986,both,0,71.3,71.3,71.3,14.75,0.7358,UKR
UKR,1987,both,0,71.09,71.09,71.09,14.28,0.7306,UKR
UKR,1988,both,0,70.98,70.98,70.98,14.23,0.7293999999999999,UKR
UKR,1989,both,0,70.92,70.92,70.92,12.62,0.7216,UKR
UKR,1990,both,0,70.46,70.46,70.46,12.57,0.7103,UKR
UKR,1991,both,0,69.62,69.62,69.62,13.63,0.6918000000000001,UKR
UKR,1992,both,0,69.01,69.01,69.01,13.69,0.6761,UKR
UKR,1993,both,0,68.31,68.31,68.31,14.4,0.6628000000000001,UKR
UKR,1994,both,0,67.67,67.67,67.67,14.15,0.6473,UKR
UKR,1995,both,0,66.76,66.76,66.76,14.66,0.622,UKR
UKR,1996,both,0,67.06,67.06,67.06,14.19,0.6271,UKR
UKR,1997,both,0,67.65,67.65,67.65,13.76,0.6406000000000001,UKR
UKR,1998,both,0,68.49,68.49,68.49,12.61,0.662,UKR
UKR,1999,both,0,68.07,68.07,68.07,12.59,0.6509,UKR
UKR,2000,both,0,67.71,67.71,67.71,11.95,0.6425,UKR
UKR,2001,both,0,67.86,67.86,67.86,11.79,0.6448,UKR
UKR,2002,both,0,67.74,67.74,67.74,11.05,0.6386999999999999,UKR
UKR,2003,both,0,67.79,67.79,67.79,9.7,0.6396000000000001,UKR
UKR,2004,both,0,67.68,67.68,67.68,9.57,0.6324000000000001,UKR
UKR,2005,both,0,67.27,67.27,67.27,10.04,0.6224000000000001,UKR
UKR,2006,both,0,67.93,67.93,67.93,10.03,0.64,UKR
UKR,2007,both,0,67.59,67.59,67.59,11.04,0.6324000000000001,UKR
UKR,2008,both,0,67.97,67.97,67.97,10.36,0.6383,UKR
UKR,2009,both,0,69.63,69.63,69.63,9.23,0.6806,UKR
UKR,2010,both,0,70.27,70.27,70.27,9.06,0.6989,UKR
UKR,2011,both,0,70.99,70.99,70.99,9.07,0.71,UKR
UKR,2012,both,0,71.13,71.13,71.13,8.47,0.7119,UKR
UKR,2013,both,0,71.35,71.35,71.35,7.89,0.7134,UKR
USA,1933,both,0,60.9,60.9,60.9,58.61,0.5615,United States
USA,1934,both,0,60.19,60.19,60.19,65.26,0.5525,United States
USA,1935,both,0,60.91,60.91,60.91,58.81,0.5622,United States
USA,1936,both,0,60.35,60.35,60.35,59.98,0.5516,United States
USA,1937,both,0,61.03,61.03,61.03,58.59,0.5625,United States
USA,1938,both,0,62.39,62.39,62.39,55.41,0.5882000000000001,United States
USA,1939,both,0,63.07,63.07,63.07,51.27,0.5968,United States
USA,1940,both,0,63.22,63.22,63.22,51.59,0.5992999999999999,United States
USA,1941,both,0,63.79,63.79,63.79,50.31,0.6086,United States
USA,1942,both,0,64.54,64.54,64.54,46.55,0.6184000000000001,United States
USA,1943,both,0,64.36,64.36,64.36,43.52,0.6153,United States
USA,1944,both,0,65.06,65.06,65.06,42.5,0.6273,United States
USA,1945,both,0,65.59,65.59,65.59,40.8,0.6343,United States
USA,1946,both,0,66.13,66.13,66.13,42.2,0.6454000000000001,United States
USA,1947,both,0,66.8,66.8,66.8,35.03,0.6528,United States
USA,1948,both,0,67.22,67.22,67.22,34.32,0.6607,United States
USA,1949,both,0,67.63,67.63,67.63,34.16,0.6687000000000001,United States
USA,1950,both,0,68.06,68.06,68.06,31.7,0.6759999999999999,United States
USA,1951,both,0,68.17,68.17,68.17,31.44,0.6781999999999999,United States
USA,1952,both,0,68.38,68.38,68.38,31.23,0.6815000000000001,United States
USA,1953,both,0,68.72,68.72,68.72,29.89,0.6878,United States
USA,1954,both,0,69.5,69.5,69.5,28.5,0.7025,United States
USA,1955,both,0,69.56,69.56,69.56,27.76,0.7055,United States
USA,1956,both,0,69.64,69.64,69.64,27.34,0.7062,United States
USA,1957,both,0,69.41,69.41,69.41,27.39,0.7014,United States
USA,1958,both,0,69.67,69.67,69.67,27.37,0.7071,United States
USA,1959,both,0,69.9,69.9,69.9,26.72,0.7103,United States
USA,1960,both,0,69.82,69.82,69.82,26.36,0.7081000000000001,United States
USA,1961,both,0,70.24,70.24,70.24,25.35,0.7156999999999999,United States
USA,1962,both,0,70.11,70.11,70.11,25.18,0.7129000000000001,United States
USA,1963,both,0,69.94,69.94,69.94,25.1,0.7092,United States
USA,1964,both,0,70.19,70.19,70.19,24.82,0.7115,United States
USA,1965,both,0,70.25,70.25,70.25,24.08,0.7126,United States
USA,1966,both,0,70.21,70.21,70.21,23.38,0.7123,United States
USA,1967,both,0,70.52,70.52,70.52,22.32,0.7166,United States
USA,1968,both,0,70.21,70.21,70.21,22.1,0.7108,United States
USA,1969,both,0,70.48,70.48,70.48,21.4,0.7156999999999999,United States
USA,1970,both,0,70.74,70.74,70.74,20.88,0.7184999999999999,United States
USA,1971,both,0,71.1,71.1,71.1,18.79,0.7249,United States
USA,1972,both,0,71.18,71.18,71.18,17.82,0.7263,United States
USA,1973,both,0,71.4,71.4,71.4,17.28,0.7303000000000001,United States
USA,1974,both,0,71.96,71.96,71.96,16.84,0.7398,United States
USA,1975,both,0,72.54,72.54,72.54,15.86,0.7482,United States
USA,1976,both,0,72.85,72.85,72.85,15.12,0.7535,United States
USA,1977,both,0,73.23,73.23,73.23,14.16,0.759,United States
USA,1978,both,0,73.41,73.41,73.41,13.64,0.7625,United States
USA,1979,both,0,73.83,73.83,73.83,13.12,0.7693000000000001,United States
USA,1980,both,0,73.74,73.74,73.74,12.7,0.7698,United States
USA,1981,both,0,74.12,74.12,74.12,11.87,0.7748999999999999,United States
USA,1982,both,0,74.47,74.47,74.47,11.52,0.7807999999999999,United States
USA,1983,both,0,74.56,74.56,74.56,11.05,0.7831999999999999,United States
USA,1984,both,0,74.68,74.68,74.68,10.89,0.785,United States
USA,1985,both,0,74.66,74.66,74.66,10.8,0.7855,United States
USA,1986,both,0,74.74,74.74,74.74,10.41,0.7870999999999999,United States
USA,1987,both,0,74.88,74.88,74.88,10.25,0.789,United States
USA,1988,both,0,74.85,74.85,74.85,10.23,0.7890999999999999,United States
USA,1989,both,0,75.13,75.13,75.13,10.27,0.7925,United States
USA,1990,both,0,75.4,75.4,75.4,9.68,0.7962,United States
USA,1991,both,0,75.55,75.55,75.55,9.21,0.7983,United States
USA,1992,both,0,75.81,75.81,75.81,8.71,0.802,United States
USA,1993,both,0,75.6,75.6,75.6,8.53,0.8003,United States
USA,1994,both,0,75.77,75.77,75.77,8.21,0.8023,United States
USA,1995,both,0,75.88,75.88,75.88,7.77,0.8044,United States
USA,1996,both,0,76.2,76.2,76.2,7.55,0.8107,United States
USA,1997,both,0,76.53,76.53,76.53,7.42,0.8173999999999999,United States
USA,1998,both,0,76.69,76.69,76.69,7.48,0.8215,United States
USA,1999,both,0,76.7,76.7,76.7,7.3,0.8227,United States
USA,2000,both,0,76.84,76.84,76.84,7.18,0.8244,United States
USA,2001,both,0,76.95,76.95,76.95,6.9,0.8251999999999999,United States
USA,2002,both,0,77.02,77.02,77.02,7.02,0.8258,United States
USA,2003,both,0,77.17,77.17,77.17,7.0,0.8267,United States
USA,2004,both,0,77.57,77.57,77.57,6.94,0.8312,United States
USA,2005,both,0,77.56,77.56,77.56,7.04,0.8309000000000001,United States
USA,2006,both,0,77.83,77.83,77.83,7.0,0.8331999999999999,United States
USA,2007,both,0,78.08,78.08,78.08,7.01,0.8364,United States
USA,2008,both,0,78.16,78.16,78.16,6.77,0.8379000000000001,United States
USA,2009,both,0,78.51,78.51,78.51,6.53,0.8401000000000001,United States
USA,2010,both,0,78.71,78.71,78.71,6.2,0.8439,United States
USA,2011,both,0,78.76,78.76,78.76,6.09,0.8439,United States
USA,2012,both,0,78.88,78.88,78.88,6.08,0.8443999999999999,United States
USA,2013,both,0,78.9,78.9,78.9,6.06,0.8441,United States
USA,2014,both,0,78.97,78.97,78.97,6.01,0.843,United States
USA,2015,both,0,78.83,78.83,78.83,6.09,0.8409,United States
USA,2016,both,0,78.8,78.8,78.8,6.1,0.8379000000000001,United States
USA,2017,both,0,78.77,78.77,78.77,6.03,0.8378,United States
USA,2018,both,0,78.93,78.93,78.93,5.93,0.8395,United States
USA,2019,both,0,79.08,79.08,79.08,5.82,0.8403,United States
USA,2020,both,0,77.22,77.22,77.22,5.37,0.8136,United States
USA,2021,both,0,76.63,76.63,76.63,5.52,0.7948999999999999,United States
USA,2022,both,0,77.75,77.75,77.75,5.59,0.8168000000000001,United States
USA,2023,both,0,78.76,78.76,78.76,5.47,0.8309000000000001,United States
AUS,1921,both,65,13.18,78.18,60.97,65.22,0.5827,Australia
AUS,1922,both,65,13.15,78.15,62.83,52.69,0.6097,Australia
AUS,1923,both,65,12.71,77.71000000000001,61.68,59.87,0.5936,Australia
AUS,1924,both,65,13.11,78.11,62.48,56.88,0.6045,Australia
AUS,1925,both,65,13.22,78.22,63.17,53.55,0.6156,Australia
AUS,1926,both,65,13.01,78.01,62.88,53.36,0.612,Australia
AUS,1927,both,65,13.06,78.06,62.84,54.47,0.6112,Australia
AUS,1928,both,65,13.15,78.15,62.91,53.25,0.6126,Australia
AUS,1929,both,65,12.87,77.87,63.08,50.39,0.6169,Australia
AUS,1930,both,65,13.76,78.76,64.9,47.44,0.6479,Australia
AUS,1931,both,65,13.38,78.38,65.32,40.84,0.6539,Australia
AUS,1932,both,65,13.51,78.51,65.6,39.75,0.6559,Australia
AUS,1933,both,65,13.28,78.28,65.43,39.61,0.6526000000000001,Australia
AUS,1934,both,65,13.19,78.19,64.79,43.32,0.6426999999999999,Australia
AUS,1935,both,65,13.09,78.09,65.05,40.03,0.6448,Australia
AUS,1936,both,65,13.38,78.38,65.19,41.87,0.647,Australia
AUS,1937,both,65,13.38,78.38,65.74,38.49,0.6548,Australia
AUS,1938,both,65,13.26,78.26,65.76,38.23,0.6578,Australia
AUS,1939,both,65,13.03,78.03,65.73,38.4,0.6581,Australia
AUS,1940,both,65,13.36,78.36,66.16,38.91,0.6617000000000001,Australia
AUS,1941,both,65,13.13,78.13,66.04,40.81,0.6640999999999999,Australia
AUS,1942,both,65,12.77,77.77,65.79,39.46,0.6587000000000001,Australia
AUS,1943,both,65,12.96,77.96000000000001,66.33,38.0,0.6685,Australia
AUS,1944,both,65,13.51,78.51,67.96,31.7,0.6929000000000001,Australia
AUS,1945,both,65,13.54,78.53999999999999,68.38,29.97,0.7011,Australia
AUS,1946,both,65,13.3,78.3,67.92,30.79,0.6914,Australia
AUS,1947,both,65,13.64,78.64,68.52,28.94,0.6984,Australia
AUS,1948,both,65,13.36,78.36,68.47,27.29,0.6973999999999999,Australia
AUS,1949,both,65,13.63,78.63,69.09,25.44,0.708,Australia
AUS,1950,both,65,13.5,78.5,69.0,24.87,0.7087,Australia
AUS,1951,both,65,13.39,78.39,68.7,25.14,0.7019,Australia
AUS,1952,both,65,13.57,78.57,69.11,24.15,0.7071999999999999,Australia
AUS,1953,both,65,13.82,78.82,69.69,23.31,0.7192000000000001,Australia
AUS,1954,both,65,13.74,78.74,69.86,22.32,0.7245999999999999,Australia
AUS,1955,both,65,13.84,78.84,70.15,22.14,0.731,Australia
AUS,1956,both,65,13.6,78.6,70.04,21.8,0.7298,Australia
AUS,1957,both,65,13.96,78.96000000000001,70.32,21.8,0.7326999999999999,Australia
AUS,1958,both,65,14.27,79.27,70.86,20.58,0.7392,Australia
AUS,1959,both,65,13.93,78.93,70.45,21.58,0.7343999999999999,Australia
AUS,1960,both,65,14.19,79.19,70.87,20.09,0.7387999999999999,Australia
AUS,1961,both,65,14.33,79.33,71.13,19.83,0.7443000000000001,Australia
AUS,1962,both,65,14.19,79.19,70.91,20.27,0.7387,Australia
AUS,1963,both,65,14.26,79.26,70.96,19.52,0.7358,Australia
AUS,1964,both,65,13.97,78.97,70.57,18.67,0.7276,Australia
AUS,1965,both,65,14.12,79.12,70.8,18.54,0.7336,Australia
AUS,1966,both,65,13.9,78.9,70.68,18.18,0.733,Australia
AUS,1967,both,65,14.24,79.24,71.05,18.04,0.7358,Australia
AUS,1968,both,65,13.92,78.92,70.68,18.04,0.7314,Australia
AUS,1969,both,65,14.25,79.25,71.07,18.45,0.7376,Australia
AUS,1970,both,65,13.93,78.93,70.65,18.55,0.7325,Australia
AUS,1971,both,65,14.41,79.41,71.45,17.75,0.7482,Australia
AUS,1972,both,65,14.57,79.57,71.77,16.58,0.7505,Australia
AUS,1973,both,65,14.72,79.72,72.06,15.72,0.7559999999999999,Australia
AUS,1974,both,65,14.57,79.57,71.85,15.77,0.752,Australia
AUS,1975,both,65,15.22,80.22,72.78,13.84,0.7653,Australia
AUS,1976,both,65,15.0,80.0,72.79,13.56,0.7696,Australia
AUS,1977,both,65,15.54,80.53999999999999,73.47,12.37,0.7781,Australia
AUS,1978,both,65,15.68,80.68,73.74,12.17,0.7826000000000001,Australia
AUS,1979,both,65,15.97,80.97,74.33,11.09,0.7931,Australia
AUS,1980,both,65,16.01,81.01,74.57,10.6,0.7986,Australia
AUS,1981,both,65,16.1,81.1,74.78,10.39,0.8027,Australia
AUS,1982,both,65,15.97,80.97,74.72,10.11,0.8038,Australia
AUS,1983,both,65,16.48,81.48,75.44,9.67,0.8118000000000001,Australia
AUS,1984,both,65,16.46,81.46000000000001,75.51,9.43,0.8149,Australia
AUS,1985,both,65,16.34,81.34,75.43,9.84,0.8172,Australia
AUS,1986,both,65,16.76,81.76,76.07,8.83,0.8255,Australia
AUS,1987,both,65,16.72,81.72,76.09,8.96,0.8273,Australia
AUS,1988,both,65,16.89,81.89,76.35,8.2,0.8308,Australia
AUS,1989,both,65,16.65,81.65,76.2,8.48,0.8327,Australia
AUS,1990,both,65,17.28,82.28,77.04,7.92,0.8420000000000001,Australia
AUS,1991,both,65,17.52,82.52,77.48,6.86,0.8475,Australia
AUS,1992,both,65,17.44,82.44,77.47,6.91,0.8493,Australia
AUS,1993,both,65,17.78,82.78,78.01,6.03,0.8565,Australia
AUS,1994,both,65,17.59,82.59,77.86,5.95,0.857,Australia
AUS,1995,both,65,17.94,82.94,78.26,5.66,0.8615999999999999,Australia
AUS,1996,both,65,17.99,82.99,78.35,5.72,0.8628,Australia
AUS,1997,both,65,18.19,83.19,78.63,5.51,0.8665999999999999,Australia
AUS,1998,both,65,18.53,83.53,79.03,5.02,0.8706,Australia
AUS,1999,both,65,18.71,83.71000000000001,79.28,5.68,0.875,Australia
AUS,2000,both,65,18.91,83.91,79.62,5.08,0.8787999999999999,Australia
AUS,2001,both,65,19.14,84.14,80.01,5.12,0.8825,Australia
AUS,2002,both,65,19.12,84.12,80.06,5.0,0.8843000000000001,Australia
AUS,2003,both,65,19.41,84.41,80.45,4.83,0.888,Australia
AUS,2004,both,65,19.61,84.61,80.74,4.7,0.8912,Australia
AUS,2005,both,65,19.93,84.93,81.1,5.08,0.8937,Australia
AUS,2006,both,65,20.02,85.02,81.27,4.8,0.8959999999999999,Australia
AUS,2007,both,65,19.99,84.99,81.24,4.28,0.8948,Australia
AUS,2008,both,65,20.05,85.05,81.43,4.25,0.899,Australia
AUS,2009,both,65,20.38,85.38,81.73,4.13,0.8992,Australia
AUS,2010,both,65,20.53,85.53,82.02,4.09,0.9032,Australia
AUS,2011,both,65,20.59,85.59,82.09,3.78,0.903,Australia
AUS,2012,both,65,20.66,85.66,82.29,3.34,0.9064,Australia
AUS,2013,both,65,20.94,85.94,82.54,3.66,0.9062,Australia
AUS,2014,both,65,20.91,85.91,82.51,3.4,0.9057,Australia
AUS,2015,both,65,21.01,86.01,82.6,3.13,0.9055,Australia
AUS,2016,both,65,21.15,86.15,82.8,3.05,0.9077,Australia
AUS,2017,both,65,21.1,86.1,82.71,3.35,0.9069,Australia
AUS,2018,both,65,21.57,86.57,83.25,3.14,0.9092,Australia
AUS,2019,both,65,21.58,86.58,83.24,3.23,0.909,Australia
AUS,2020,both,65,21.93,86.93,83.66,3.08,0.912,Australia
AUS,2021,both,65,21.73,86.73,83.47,3.28,0.912,Australia
AUT,1947,both,65,12.8,77.8,61.54,84.61,0.6164999999999999,AUT
AUT,1948,both,65,13.41,78.41,63.21,79.39,0.6386,AUT
AUT,1949,both,65,12.79,77.78999999999999,63.47,72.87,0.6419,AUT
AUT,1950,both,65,13.02,78.02,64.81,65.41,0.6605,AUT
AUT,1951,both,65,12.74,77.74,65.22,60.05,0.6684,AUT
AUT,1952,both,65,13.13,78.13,66.74,52.29,0.6919,AUT
AUT,1953,both,65,13.16,78.16,67.25,49.79,0.7008,AUT
AUT,1954,both,65,13.24,78.24,67.28,48.48,0.6995999999999999,AUT
AUT,1955,both,65,13.3,78.3,67.55,46.51,0.7045999999999999,AUT
AUT,1956,both,65,13.3,78.3,67.68,44.42,0.7044,AUT
AUT,1957,both,65,13.25,78.25,67.44,44.48,0.6998000000000001,AUT
AUT,1958,both,65,13.61,78.61,68.45,40.76,0.7159,AUT
AUT,1959,both,65,13.62,78.62,68.39,40.29,0.713,AUT
AUT,1960,both,65,13.51,78.51,68.74,37.57,0.7189,AUT
AUT,1961,both,65,13.97,78.97,69.71,33.39,0.7315,AUT
AUT,1962,both,65,13.6,78.6,69.5,32.91,0.7298,AUT
AUT,1963,both,65,13.58,78.58,69.65,31.11,0.7337,AUT
AUT,1964,both,65,13.91,78.91,70.12,29.15,0.7392,AUT
AUT,1965,both,65,13.51,78.51,69.93,27.65,0.7373999999999999,AUT
AUT,1966,both,65,13.88,78.88,70.22,28.02,0.7415999999999999,AUT
AUT,1967,both,65,13.6,78.6,70.12,26.17,0.7419,AUT
AUT,1968,both,65,13.62,78.62,70.27,25.25,0.7437,AUT
AUT,1969,both,65,13.42,78.42,70.04,24.84,0.741,AUT
AUT,1970,both,65,13.51,78.51,70.09,24.94,0.7413,AUT
AUT,1971,both,65,13.71,78.71000000000001,70.29,25.59,0.748,AUT
AUT,1972,both,65,13.93,78.93,70.62,24.6,0.7517,AUT
AUT,1973,both,65,14.23,79.23,71.2,23.02,0.7609,AUT
AUT,1974,both,65,14.19,79.19,71.18,23.38,0.7608,AUT
AUT,1975,both,65,14.13,79.13,71.33,20.06,0.7624,AUT
AUT,1976,both,65,14.23,79.23,71.79,17.66,0.7701,AUT
AUT,1977,both,65,14.55,79.55,72.14,16.66,0.7723,AUT
AUT,1978,both,65,14.46,79.46000000000001,72.2,14.98,0.7745000000000001,AUT
AUT,1979,both,65,14.8,79.8,72.55,14.77,0.7762,AUT
AUT,1980,both,65,14.87,79.87,72.67,14.64,0.778,AUT
AUT,1981,both,65,14.92,79.92,72.99,12.59,0.7828,AUT
AUT,1982,both,65,15.15,80.15,73.15,12.75,0.7828,AUT
AUT,1983,both,65,15.09,80.09,73.22,11.54,0.7829,AUT
AUT,1984,both,65,15.54,80.53999999999999,73.77,11.32,0.7894,AUT
AUT,1985,both,65,15.5,80.5,73.99,10.96,0.7959,AUT
AUT,1986,both,65,15.76,80.76,74.46,10.2,0.8028,AUT
AUT,1987,both,65,16.02,81.02,74.9,9.79,0.809,AUT
AUT,1988,both,65,16.27,81.27,75.37,8.14,0.8145,AUT
AUT,1989,both,65,16.36,81.36,75.46,8.28,0.8158,AUT
AUT,1990,both,65,16.52,81.52,75.74,7.87,0.8189,AUT
AUT,1991,both,65,16.56,81.56,75.79,7.6,0.8198000000000001,AUT
AUT,1992,both,65,16.68,81.68,75.99,7.55,0.8219,AUT
AUT,1993,both,65,16.85,81.85,76.22,6.45,0.8240000000000001,AUT
AUT,1994,both,65,17.07,82.07,76.54,6.17,0.8291,AUT
AUT,1995,both,65,17.13,82.13,76.78,5.32,0.8321999999999999,AUT
AUT,1996,both,65,17.21,82.21000000000001,77.03,5.09,0.8367,AUT
AUT,1997,both,65,17.37,82.37,77.43,4.53,0.8442000000000001,AUT
AUT,1998,both,65,17.59,82.59,77.78,4.83,0.8504,AUT
AUT,1999,both,65,17.71,82.71000000000001,77.96,4.24,0.8518000000000001,AUT
AUT,2000,both,65,18.0,83.0,78.24,4.77,0.8547,AUT
AUT,2001,both,65,18.33,83.33,78.72,4.76,0.8604999999999999,AUT
AUT,2002,both,65,18.3,83.3,78.85,4.19,0.8642,AUT
AUT,2003,both,65,18.33,83.33,78.85,4.43,0.863,AUT
AUT,2004,both,65,18.77,83.77,79.36,4.55,0.8671,AUT
AUT,2005,both,65,18.84,83.84,79.52,4.15,0.8694,AUT
AUT,2006,both,65,19.06,84.06,79.96,3.61,0.8756,AUT
AUT,2007,both,65,19.24,84.24,80.16,3.64,0.8765000000000001,AUT
AUT,2008,both,65,19.35,84.35,80.37,3.74,0.8793000000000001,AUT
AUT,2009,both,65,19.31,84.31,80.21,3.78,0.8754000000000001,AUT
AUT,2010,both,65,19.53,84.53,80.47,3.98,0.8776,AUT
AUT,2011,both,65,19.73,84.73,80.83,3.58,0.8825,AUT
AUT,2012,both,65,19.59,84.59,80.84,3.24,0.8856,AUT
AUT,2013,both,65,19.73,84.73,81.08,3.13,0.8884000000000001,AUT
AUT,2014,both,65,20.0,85.0,81.39,3.12,0.8909,AUT
AUT,2015,both,65,19.68,84.68,81.16,3.15,0.8922,AUT
AUT,2016,both,65,20.03,85.03,81.59,3.17,0.8963,AUT
AUT,2017,both,65,19.96,84.96000000000001,81.63,2.93,0.8992,AUT
AUT,2018,both,65,20.03,85.03,81.69,2.69,0.8991,AUT
AUT,2019,both,65,20.19,85.19,81.91,2.99,0.9031,AUT
AUT,2020,both,65,19.6,84.6,81.35,3.16,0.9008,AUT
AUT,2021,both,65,19.64,84.64,81.28,2.82,0.8972,AUT
AUT,2022,both,65,19.69,84.69,81.43,2.43,0.9007,AUT
AUT,2023,both,65,20.07,85.07,81.86,2.78,0.9044,AUT
BEL,1841,both,65,11.51,76.51,40.34,151.52,0.3176,Belgium
BEL,1842,both,65,11.34,76.34,38.67,157.01,0.298,Belgium
BEL,1843,both,65,11.61,76.61,40.38,148.18,0.3194,Belgium
BEL,1844,both,65,11.01,76.01,41.91,139.61,0.3311,Belgium
BEL,1845,both,65,11.04,76.03999999999999,41.05,149.6,0.3215,Belgium
BEL,1846,both,65,10.45,75.45,37.86,173.09,0.2749,Belgium
BEL,1847,both,65,9.58,74.58,35.13,160.72,0.2165,Belgium
BEL,1848,both,65,9.97,74.97,38.05,141.55,0.2597,Belgium
BEL,1849,both,65,10.17,75.17,34.51,152.04,0.2141,Belgium
BEL,1850,both,65,11.18,76.18,42.3,139.06,0.3383,Belgium
BEL,1851,both,65,11.27,76.27,41.91,147.22,0.3384,Belgium
BEL,1852,both,65,11.34,76.34,41.81,147.22,0.3349,Belgium
BEL,1853,both,65,10.48,75.48,41.35,140.98,0.3215,Belgium
BEL,1854,both,65,10.81,75.81,39.78,153.4,0.3098,Belgium
BEL,1855,both,65,9.88,74.88,37.46,167.14,0.2832,Belgium
BEL,1856,both,65,11.34,76.34,40.92,145.26,0.3345,Belgium
BEL,1857,both,65,11.12,76.12,40.48,161.53,0.3228,Belgium
BEL,1858,both,65,10.53,75.53,40.17,162.82,0.3126,Belgium
BEL,1859,both,65,11.1,76.1,38.97,171.18,0.2978,Belgium
BEL,1860,both,65,11.47,76.47,45.1,136.35,0.3718999999999999,Belgium
BEL,1861,both,65,11.11,76.11,41.25,161.31,0.3324,Belgium
BEL,1862,both,65,11.38,76.38,43.1,148.4,0.3599,Belgium
BEL,1863,both,65,11.11,76.11,41.29,159.56,0.3414999999999999,Belgium
BEL,1864,both,65,10.67,75.67,39.8,163.21,0.32,Belgium
BEL,1865,both,65,11.22,76.22,37.73,185.64,0.2992,Belgium
BEL,1866,both,65,10.07,75.07,32.47,168.02,0.1924,Belgium
BEL,1867,both,65,11.24,76.24,43.05,146.33,0.3521,Belgium
BEL,1868,both,65,11.5,76.5,42.55,140.33,0.3505,Belgium
BEL,1869,both,65,11.26,76.26,42.59,130.51,0.3489,Belgium
BEL,1870,both,65,11.02,76.02,40.92,145.38,0.3243,Belgium
BEL,1871,both,65,10.48,75.48,34.36,166.69,0.2487,Belgium
BEL,1872,both,65,11.55,76.55,40.04,147.9,0.3223,Belgium
BEL,1873,both,65,11.18,76.18,43.49,141.99,0.3554,Belgium
BEL,1874,both,65,11.48,76.48,44.68,136.79,0.372,Belgium
BEL,1875,both,65,10.97,75.97,42.17,155.92,0.3393,Belgium
BEL,1876,both,65,11.14,76.14,43.67,113.79,0.358,Belgium
BEL,1877,both,65,11.45,76.45,44.48,128.71,0.3674,Belgium
BEL,1878,both,65,11.08,76.08,44.23,156.73,0.3618,Belgium
BEL,1879,both,65,10.71,75.71000000000001,43.83,158.84,0.3539,Belgium
BEL,1880,both,65,11.16,76.16,42.49,183.12,0.3485,Belgium
BEL,1881,both,65,11.22,76.22,44.42,156.93,0.3638,Belgium
BEL,1882,both,65,11.33,76.33,45.55,149.94,0.3786,Belgium
BEL,1883,both,65,11.06,76.06,44.9,151.58,0.3655,Belgium
BEL,1884,both,65,11.31,76.31,44.23,166.09,0.3636,Belgium
BEL,1885,both,65,11.24,76.24,45.47,148.03,0.3747,Belgium
BEL,1886,both,65,11.19,76.19,43.35,181.56,0.3581,Belgium
BEL,1887,both,65,11.27,76.27,46.05,153.1,0.3861,Belgium
BEL,1888,both,65,11.07,76.07,44.92,169.54,0.3742,Belgium
BEL,1889,both,65,11.37,76.37,45.07,166.05,0.3779999999999999,Belgium
BEL,1890,both,65,10.83,75.83,44.14,171.29,0.3606,Belgium
BEL,1891,both,65,10.58,75.58,44.04,170.37,0.3595,Belgium
BEL,1892,both,65,10.34,75.34,43.16,171.84,0.3461999999999999,Belgium
BEL,1893,both,65,11.12,76.12,44.44,172.08,0.3677,Belgium
BEL,1894,both,65,11.3,76.3,46.63,157.02,0.3914999999999999,Belgium
BEL,1895,both,65,10.94,75.94,45.48,175.46,0.3829999999999999,Belgium
BEL,1896,both,65,11.69,76.69,48.07,150.03,0.4131,Belgium
BEL,1897,both,65,11.59,76.59,48.84,153.83,0.4265,Belgium
BEL,1898,both,65,11.6,76.6,48.12,163.28,0.4216,Belgium
BEL,1899,both,65,11.11,76.11,46.5,171.43,0.3994,Belgium
BEL,1900,both,65,10.83,75.83,46.69,174.0,0.3957,Belgium
BEL,1901,both,65,11.54,76.53999999999999,49.44,151.07,0.4324,Belgium
BEL,1902,both,65,11.42,76.42,49.14,147.23,0.4289,Belgium
BEL,1903,both,65,11.64,76.64,49.23,156.67,0.4355,Belgium
BEL,1904,both,65,11.48,76.48,49.27,156.42,0.4356,Belgium
BEL,1905,both,65,11.32,76.32,50.03,147.83,0.4437,Belgium
BEL,1906,both,65,11.45,76.45,49.67,157.24,0.4442,Belgium
BEL,1907,both,65,11.31,76.31,51.07,137.97,0.4563,Belgium
BEL,1908,both,65,11.06,76.06,49.72,150.2,0.4412,Belgium
BEL,1909,both,65,11.22,76.22,50.66,140.97,0.4528999999999999,Belgium
BEL,1910,both,65,11.68,76.68,51.31,140.74,0.4654,Belgium
BEL,1911,both,65,11.26,76.26,49.28,166.96,0.4397999999999999,Belgium
BEL,1912,both,65,11.36,76.36,52.25,126.88,0.4724,Belgium
BEL,1913,both,65,11.61,76.61,52.45,134.55,0.4772999999999999,Belgium
BEL,1919,both,65,11.31,76.31,49.26,128.93,0.4371,Belgium
BEL,1920,both,65,12.06,77.06,54.01,113.51,0.5033,Belgium
BEL,1921,both,65,12.12,77.12,54.66,122.34,0.5143,Belgium
BEL,1922,both,65,11.5,76.5,55.19,108.67,0.5184000000000001,Belgium
BEL,1923,both,65,12.09,77.09,56.7,99.94,0.5390999999999999,Belgium
BEL,1924,both,65,12.14,77.14,57.4,93.96,0.5468999999999999,Belgium
BEL,1925,both,65,12.22,77.22,57.12,98.27,0.547,Belgium
BEL,1926,both,65,12.15,77.15,56.88,101.84,0.5429999999999999,Belgium
BEL,1927,both,65,11.9,76.9,57.11,96.36,0.5442,Belgium
BEL,1928,both,65,12.13,77.13,57.47,93.72,0.5440999999999999,Belgium
BEL,1929,both,65,11.31,76.31,55.02,108.68,0.5099,Belgium
BEL,1930,both,65,12.43,77.43,57.1,100.67,0.5418,Belgium
BEL,1931,both,65,12.11,77.11,58.42,88.22,0.5563,Belgium
BEL,1932,both,65,12.11,77.11,58.54,91.21,0.5643,Belgium
BEL,1933,both,65,12.22,77.22,58.68,88.9,0.5632,Belgium
BEL,1934,both,65,12.79,77.78999999999999,60.31,81.58,0.5866,Belgium
BEL,1935,both,65,12.4,77.4,59.94,82.29,0.581,Belgium
BEL,1936,both,65,12.56,77.56,59.91,85.88,0.5820000000000001,Belgium
BEL,1937,both,65,12.42,77.42,59.95,83.02,0.5803,Belgium
BEL,1938,both,65,12.53,77.53,60.11,82.51,0.5831000000000001,Belgium
BEL,1939,both,65,12.13,77.13,60.06,79.88,0.5785,Belgium
BEL,1940,both,65,11.71,76.71000000000001,55.96,85.92,0.5096,Belgium
BEL,1941,both,65,11.92,76.92,58.74,88.36,0.5583,Belgium
BEL,1942,both,65,11.88,76.88,59.09,86.47,0.5633,Belgium
BEL,1943,both,65,12.83,77.83,60.29,78.99,0.5866,Belgium
BEL,1944,both,65,12.47,77.47,56.94,82.03,0.5223,Belgium
BEL,1945,both,65,12.73,77.73,58.32,99.79,0.5592,Belgium
BEL,1946,both,65,13.02,78.02,61.89,79.93,0.6114999999999999,Belgium
BEL,1947,both,65,13.1,78.1,63.42,67.81,0.6302,Belgium
BEL,1948,both,65,13.34,78.34,64.92,59.51,0.6505,Belgium
BEL,1949,both,65,13.05,78.05,65.43,56.33,0.6601,Belgium
BEL,1950,both,65,13.23,78.23,66.3,52.74,0.6759999999999999,Belgium
BEL,1951,both,65,13.07,78.07,66.75,49.42,0.6846,Belgium
BEL,1952,both,65,13.5,78.5,67.96,45.23,0.7033,Belgium
BEL,1953,both,65,13.4,78.4,68.35,41.51,0.7104,Belgium
BEL,1954,both,65,13.59,78.59,68.59,41.5,0.7148,Belgium
BEL,1955,both,65,13.42,78.42,68.54,40.46,0.7161,Belgium
BEL,1956,both,65,13.46,78.46000000000001,68.84,39.26,0.7199,Belgium
BEL,1957,both,65,13.64,78.64,69.2,36.1,0.7228,Belgium
BEL,1958,both,65,13.81,78.81,69.91,31.41,0.735,Belgium
BEL,1959,both,65,14.14,79.14,70.31,30.33,0.7393000000000001,Belgium
BEL,1960,both,65,13.49,78.49,69.62,30.65,0.7277,Belgium
BEL,1961,both,65,14.09,79.09,70.5,28.2,0.7404999999999999,Belgium
BEL,1962,both,65,13.76,78.76,70.23,27.11,0.7362000000000001,Belgium
BEL,1963,both,65,13.56,78.56,70.04,27.29,0.7343000000000001,Belgium
BEL,1964,both,65,14.07,79.07,70.7,25.36,0.7432,Belgium
BEL,1965,both,65,13.83,78.83,70.55,23.16,0.7387999999999999,Belgium
BEL,1966,both,65,13.86,78.86,70.63,24.26,0.7418,Belgium
BEL,1967,both,65,13.93,78.93,70.91,22.51,0.7458,Belgium
BEL,1968,both,65,13.55,78.55,70.61,21.33,0.7431,Belgium
BEL,1969,both,65,13.67,78.67,70.67,21.18,0.7431,Belgium
BEL,1970,both,65,13.85,78.85,70.94,21.13,0.7468,Belgium
BEL,1971,both,65,13.88,78.88,71.09,20.16,0.75,Belgium
BEL,1972,both,65,14.09,79.09,71.41,18.48,0.7543000000000001,Belgium
BEL,1973,both,65,14.07,79.07,71.63,17.1,0.7602,Belgium
BEL,1974,both,65,14.28,79.28,71.97,16.99,0.7659,Belgium
BEL,1975,both,65,14.1,79.1,71.96,15.81,0.7674,Belgium
BEL,1976,both,65,14.23,79.23,72.1,15.35,0.7685,Belgium
BEL,1977,both,65,14.72,79.72,72.76,13.63,0.7759,Belgium
BEL,1978,both,65,14.68,79.68,72.7,13.22,0.7748999999999999,Belgium
BEL,1979,both,65,15.01,80.01,73.2,12.32,0.7823,Belgium
BEL,1980,both,65,15.0,80.0,73.24,12.15,0.7829,Belgium
BEL,1981,both,65,15.14,80.14,73.65,11.41,0.7912,Belgium
BEL,1982,both,65,15.29,80.28999999999999,73.88,11.02,0.7933,Belgium
BEL,1983,both,65,15.21,80.21000000000001,73.88,10.4,0.7955,Belgium
BEL,1984,both,65,15.51,80.51,74.37,9.93,0.8024,Belgium
BEL,1985,both,65,15.53,80.53,74.47,9.72,0.8044,Belgium
BEL,1986,both,65,15.62,80.62,74.67,9.7,0.8093,Belgium
BEL,1987,both,65,16.17,81.17,75.29,9.59,0.8159000000000001,Belgium
BEL,1988,both,65,16.33,81.33,75.59,9.05,0.8208,Belgium
BEL,1989,both,65,16.26,81.26,75.65,8.56,0.8245,Belgium
BEL,1990,both,65,16.62,81.62,76.06,8.02,0.8287,Belgium
BEL,1991,both,65,16.73,81.73,76.2,8.35,0.8306,Belgium
BEL,1992,both,65,16.86,81.86,76.36,8.09,0.8317,Belgium
BEL,1993,both,65,16.75,81.75,76.36,7.9,0.8354,Belgium
BEL,1994,both,65,17.12,82.12,76.71,7.43,0.8364,Belgium
BEL,1995,both,65,17.13,82.13,76.84,6.02,0.8370000000000001,Belgium
BEL,1996,both,65,17.28,82.28,77.19,5.33,0.8436,Belgium
BEL,1997,both,65,17.45,82.45,77.4,5.55,0.8456,Belgium
BEL,1998,both,65,17.48,82.48,77.47,5.15,0.8461,Belgium
BEL,1999,both,65,17.63,82.63,77.65,4.88,0.8469,Belgium
BEL,2000,both,65,17.75,82.75,77.77,4.85,0.8488,Belgium
BEL,2001,both,65,18.01,83.01,78.08,4.52,0.8511,Belgium
BEL,2002,both,65,17.97,82.97,78.17,4.37,0.8529000000000001,Belgium
BEL,2003,both,65,18.0,83.0,78.32,4.13,0.8556,Belgium
BEL,2004,both,65,18.48,83.48,78.96,3.83,0.8618000000000001,Belgium
BEL,2005,both,65,18.54,83.53999999999999,79.05,3.74,0.8619,Belgium
BEL,2006,both,65,18.83,83.83,79.38,4.06,0.8652,Belgium
BEL,2007,both,65,18.98,83.98,79.52,4.06,0.8658,Belgium
BEL,2008,both,65,19.01,84.01,79.57,3.8,0.8648,Belgium
BEL,2009,both,65,19.15,84.15,79.84,3.46,0.8687999999999999,Belgium
BEL,2010,both,65,19.26,84.26,80.03,3.62,0.872,Belgium
BEL,2011,both,65,19.54,84.53999999999999,80.35,3.33,0.8734999999999999,Belgium
BEL,2012,both,65,19.35,84.35,80.24,3.75,0.8752,Belgium
BEL,2013,both,65,19.44,84.44,80.44,3.44,0.8785,Belgium
BEL,2014,both,65,19.91,84.91,81.05,3.37,0.8845999999999999,Belgium
BEL,2015,both,65,19.7,84.7,80.86,3.24,0.8829,Belgium
BEL,2016,both,65,19.97,84.97,81.23,3.15,0.8875,Belgium
BEL,2017,both,65,20.0,85.0,81.32,3.55,0.8906999999999999,Belgium
BEL,2018,both,65,20.07,85.07,81.45,3.72,0.8920999999999999,Belgium
BEL,2019,both,65,20.3,85.3,81.8,3.62,0.8966,Belgium
BEL,2020,both,65,19.24,84.24,80.77,3.18,0.8925,Belgium
BEL,2021,both,65,20.12,85.12,81.62,2.97,0.8957999999999999,Belgium
BEL,2022,both,65,20.08,85.08,81.68,2.84,0.8986,Belgium
BEL,2023,both,65,20.46,85.46000000000001,82.05,3.02,0.8996999999999999,Belgium
BGR,1947,both,65,12.95,77.95,54.14,132.74,0.5242,BGR
BGR,1948,both,65,13.17,78.17,55.83,120.32,0.5490999999999999,BGR
BGR,1949,both,65,13.32,78.32,57.99,115.76,0.5782,BGR
BGR,1950,both,65,14.49,79.49,61.47,96.12,0.625,BGR
BGR,1951,both,65,14.01,79.01,60.68,97.38,0.6157,BGR
BGR,1952,both,65,12.54,77.53999999999999,59.57,98.58,0.6025,BGR
BGR,1953,both,65,14.19,79.19,64.18,79.94,0.6694,BGR
BGR,1954,both,65,14.12,79.12,64.39,85.54,0.6764,BGR
BGR,1955,both,65,14.21,79.21000000000001,64.82,83.12,0.6849,BGR
BGR,1956,both,65,13.37,78.37,65.21,71.91,0.6886,BGR
BGR,1957,both,65,14.29,79.28999999999999,66.59,65.08,0.7034,BGR
BGR,1958,both,65,14.87,79.87,68.71,51.61,0.7281,BGR
BGR,1959,both,65,13.16,78.16,66.63,54.5,0.6983,BGR
BGR,1960,both,65,14.43,79.43,69.17,45.63,0.7384000000000001,BGR
BGR,1961,both,65,14.63,79.63,70.22,37.36,0.7491,BGR
BGR,1962,both,65,13.64,78.64,69.53,36.38,0.7456,BGR
BGR,1963,both,65,14.35,79.35,70.33,35.25,0.7545000000000001,BGR
BGR,1964,both,65,14.63,79.63,71.13,32.78,0.7676999999999999,BGR
BGR,1965,both,65,14.41,79.41,71.3,29.28,0.7717,BGR
BGR,1966,both,65,14.5,79.5,71.22,30.94,0.7695000000000001,BGR
BGR,1967,both,65,13.95,78.95,70.41,33.22,0.7589,BGR
BGR,1968,both,65,14.44,79.44,71.2,30.52,0.7673000000000001,BGR
BGR,1969,both,65,13.74,78.74,70.47,29.72,0.7569,BGR
BGR,1970,both,65,14.13,79.13,71.25,26.97,0.7694,BGR
BGR,1971,both,65,13.68,78.68,70.85,24.35,0.7624,BGR
BGR,1972,both,65,13.71,78.71000000000001,70.86,25.72,0.7629,BGR
BGR,1973,both,65,14.1,79.1,71.3,27.11,0.7711,BGR
BGR,1974,both,65,13.92,78.92,71.21,25.67,0.769,BGR
BGR,1975,both,65,13.6,78.6,71.0,22.12,0.7648999999999999,BGR
BGR,1976,both,65,13.9,78.9,71.36,22.6,0.7698,BGR
BGR,1977,both,65,13.58,78.58,70.77,23.65,0.7587,BGR
BGR,1978,both,65,13.86,78.86,71.13,21.95,0.7615000000000001,BGR
BGR,1979,both,65,13.87,78.87,71.22,20.08,0.7606,BGR
BGR,1980,both,65,13.65,78.65,71.08,19.61,0.7608,BGR
BGR,1981,both,65,13.98,78.98,71.48,18.57,0.7637,BGR
BGR,1982,both,65,13.72,78.72,71.08,18.23,0.7561,BGR
BGR,1983,both,65,13.69,78.69,71.24,16.51,0.7582,BGR
BGR,1984,both,65,13.96,78.96000000000001,71.35,15.93,0.7539,BGR
BGR,1985,both,65,13.65,78.65,71.05,14.97,0.7486,BGR
BGR,1986,both,65,14.0,79.0,71.55,14.18,0.7539,BGR
BGR,1987,both,65,13.82,78.82,71.35,14.58,0.7543000000000001,BGR
BGR,1988,both,65,13.95,78.95,71.41,13.61,0.7519,BGR
BGR,1989,both,65,14.09,79.09,71.48,14.05,0.7521,BGR
BGR,1990,both,65,14.06,79.06,71.32,14.39,0.7489,BGR
BGR,1991,both,65,13.93,78.93,71.19,16.26,0.7493000000000001,BGR
BGR,1992,both,65,14.24,79.24,71.18,15.62,0.7425,BGR
BGR,1993,both,65,14.24,79.24,71.18,15.06,0.7409,BGR
BGR,1994,both,65,14.21,79.21000000000001,70.86,15.85,0.7325,BGR
BGR,1995,both,65,14.1,79.1,70.96,14.2,0.7329000000000001,BGR
BGR,1996,both,65,13.9,78.9,70.84,15.63,0.7361,BGR
BGR,1997,both,65,13.72,78.72,70.31,16.31,0.725,BGR
BGR,1998,both,65,13.93,78.93,70.87,15.07,0.7340000000000001,BGR
BGR,1999,both,65,14.32,79.32,71.56,15.25,0.7476,BGR
BGR,2000,both,65,14.14,79.14,71.58,13.61,0.7476,BGR
BGR,2001,both,65,14.43,79.43,71.88,14.1,0.7504000000000001,BGR
BGR,2002,both,65,14.47,79.47,72.13,13.43,0.7559999999999999,BGR
BGR,2003,both,65,14.58,79.58,72.37,12.36,0.7595999999999999,BGR
BGR,2004,both,65,14.86,79.86,72.58,11.89,0.7594,BGR
BGR,2005,both,65,14.72,79.72,72.56,10.51,0.7581,BGR
BGR,2006,both,65,14.84,79.84,72.69,10.0,0.7595000000000001,BGR
BGR,2007,both,65,14.96,79.96000000000001,73.01,9.33,0.7659999999999999,BGR
BGR,2008,both,65,15.24,80.24,73.34,8.8,0.7706999999999999,BGR
BGR,2009,both,65,15.52,80.52,73.68,9.27,0.774,BGR
BGR,2010,both,65,15.5,80.5,73.81,9.13,0.7789,BGR
BGR,2011,both,65,15.7,80.7,74.16,8.29,0.7818,BGR
BGR,2012,both,65,15.68,80.68,74.33,7.85,0.7864,BGR
BGR,2013,both,65,16.11,81.11,74.82,7.47,0.7920999999999999,BGR
BGR,2014,both,65,15.95,80.95,74.47,7.68,0.7825,BGR
BGR,2015,both,65,15.92,80.92,74.62,6.49,0.7866,BGR
BGR,2016,both,65,16.17,81.17,74.83,6.49,0.7848999999999999,BGR
BGR,2017,both,65,16.03,81.03,74.8,6.3,0.7878000000000001,BGR
BGR,2018,both,65,16.19,81.19,74.93,5.65,0.7876000000000001,BGR
BGR,2019,both,65,16.26,81.26,75.09,5.52,0.7908,BGR
BGR,2020,both,65,15.15,80.15,73.6,4.96,0.7626000000000001,BGR
BGR,2021,both,65,13.68,78.68,71.41,5.55,0.7234999999999999,BGR
BLR,1959,both,65,15.63,80.63,69.06,47.24,0.7195999999999999,BLR
BLR,1960,both,65,16.98,81.98,71.85,34.77,0.7534000000000001,BLR
BLR,1961,both,65,16.98,81.98,72.58,29.89,0.7626999999999999,BLR
BLR,1962,both,65,15.72,80.72,71.32,30.57,0.7498999999999999,BLR
BLR,1963,both,65,16.45,81.45,71.99,31.34,0.7578,BLR
BLR,1964,both,65,17.26,82.26,73.53,24.76,0.7746,BLR
BLR,1965,both,65,16.52,81.52,73.04,22.71,0.7719,BLR
BLR,1966,both,65,16.79,81.78999999999999,73.38,22.1,0.7745000000000001,BLR
BLR,1967,both,65,16.61,81.61,73.16,20.43,0.7706999999999999,BLR
BLR,1968,both,65,16.69,81.69,73.26,19.73,0.7712,BLR
BLR,1969,both,65,16.3,81.3,72.9,18.76,0.7676000000000001,BLR
BLR,1970,both,65,16.31,81.31,72.36,19.21,0.7570999999999999,BLR
BLR,1971,both,65,16.51,81.51,73.02,16.49,0.7648999999999999,BLR
BLR,1972,both,65,16.32,81.32,72.73,16.22,0.7605,BLR
BLR,1973,both,65,16.15,81.15,72.75,16.52,0.7628,BLR
BLR,1974,both,65,16.6,81.6,73.07,16.66,0.7612000000000001,BLR
BLR,1975,both,65,16.1,81.1,72.11,18.61,0.7487999999999999,BLR
BLR,1976,both,65,16.02,81.02,71.97,17.97,0.7436,BLR
BLR,1977,both,65,16.01,81.01,71.91,17.21,0.7412000000000001,BLR
BLR,1978,both,65,16.03,81.03,71.75,17.6,0.7354,BLR
BLR,1979,both,65,15.71,80.71000000000001,71.35,16.65,0.7306999999999999,BLR
BLR,1980,both,65,15.37,80.37,71.1,16.2,0.7269,BLR
BLR,1981,both,65,15.87,80.87,71.38,16.48,0.7273999999999999,BLR
BLR,1982,both,65,15.93,80.93,71.51,15.72,0.7268000000000001,BLR
BLR,1983,both,65,15.68,80.68,71.33,15.06,0.7240000000000001,BLR
BLR,1984,both,65,15.29,80.28999999999999,70.72,15.01,0.711,BLR
BLR,1985,both,65,14.98,79.98,70.97,14.16,0.7238,BLR
BLR,1986,both,65,15.58,80.58,72.31,13.65,0.7484999999999999,BLR
BLR,1987,both,65,15.47,80.47,72.19,13.28,0.7448999999999999,BLR
BLR,1988,both,65,15.39,80.39,71.97,12.72,0.741,BLR
BLR,1989,both,65,15.63,80.63,71.76,11.41,0.728,BLR
BLR,1990,both,65,15.18,80.18,71.21,11.54,0.7193,BLR
BLR,1991,both,65,14.91,79.91,70.62,11.96,0.708,BLR
BLR,1992,both,65,14.98,79.98,70.21,12.17,0.6945,BLR
BLR,1993,both,65,14.3,79.3,69.11,12.13,0.6693000000000001,BLR
BLR,1994,both,65,14.28,79.28,68.87,12.98,0.6654000000000001,BLR
BLR,1995,both,65,14.17,79.17,68.43,12.96,0.6517000000000001,BLR
BLR,1996,both,65,14.13,79.13,68.6,12.38,0.6548999999999999,BLR
BLR,1997,both,65,13.95,78.95,68.41,12.0,0.6513,BLR
BLR,1998,both,65,13.99,78.99,68.3,11.5,0.647,BLR
BLR,1999,both,65,13.78,78.78,67.91,11.4,0.6406999999999999,BLR
BLR,2000,both,65,14.09,79.09,68.89,9.42,0.6609,BLR
BLR,2001,both,65,13.9,78.9,68.46,9.01,0.6475,BLR
BLR,2002,both,65,13.68,78.68,67.95,7.75,0.6329,BLR
BLR,2003,both,65,13.86,78.86,68.47,7.71,0.6437,BLR
BLR,2004,both,65,14.1,79.1,68.89,6.95,0.6515000000000001,BLR
BLR,2005,both,65,14.1,79.1,68.7,7.17,0.6462,BLR
BLR,2006,both,65,14.29,79.28999999999999,69.32,6.35,0.6612,BLR
BLR,2007,both,65,14.62,79.62,70.22,5.36,0.6819,BLR
BLR,2008,both,65,14.68,79.68,70.4,4.62,0.6816,BLR
BLR,2009,both,65,14.71,79.71000000000001,70.45,4.7,0.6842,BLR
BLR,2010,both,65,14.69,79.69,70.45,3.96,0.6831,BLR
BLR,2011,both,65,15.03,80.03,70.65,3.91,0.6801,BLR
BLR,2012,both,65,15.33,80.33,72.19,3.42,0.7234999999999999,BLR
BLR,2013,both,65,15.47,80.47,72.65,3.45,0.7341,BLR
BLR,2014,both,65,15.77,80.77,73.24,3.43,0.7456,BLR
BLR,2015,both,65,15.88,80.88,73.88,2.97,0.7595000000000001,BLR
BLR,2016,both,65,15.98,80.98,74.15,3.1,0.767,BLR
BLR,2017,both,65,16.02,81.02,74.42,3.01,0.7720999999999999,BLR
BLR,2018,both,65,16.11,81.11,74.48,2.41,0.7698,BLR
CAN,1921,both,65,13.59,78.59,57.1,112.69,0.5529,Canada
CAN,1922,both,65,13.29,78.28999999999999,57.08,112.98,0.5543,Canada
CAN,1923,both,65,13.0,78.0,56.96,109.8,0.551,Canada
CAN,1924,both,65,13.54,78.53999999999999,58.75,100.48,0.5767,Canada
CAN,1925,both,65,13.46,78.46000000000001,59.26,97.65,0.5849,Canada
CAN,1926,both,65,12.92,77.92,57.95,103.13,0.5685,Canada
CAN,1927,both,65,13.36,78.36,58.61,97.59,0.5729,Canada
CAN,1928,both,65,12.99,77.99,58.55,94.73,0.5684,Canada
CAN,1929,both,65,12.88,77.88,57.94,98.15,0.562,Canada
CAN,1930,both,65,13.37,78.37,58.96,98.97,0.5774,Canada
CAN,1931,both,65,13.74,78.74,60.27,94.27,0.5934,Canada
CAN,1932,both,65,13.3,78.3,61.34,80.2,0.6072,Canada
CAN,1933,both,65,13.5,78.5,62.28,75.39,0.6187,Canada
CAN,1934,both,65,13.75,78.75,62.62,74.13,0.6207,Canada
CAN,1935,both,65,13.6,78.6,62.4,72.5,0.6184000000000001,Canada
CAN,1936,both,65,13.51,78.51,62.65,68.36,0.6197,Canada
CAN,1937,both,65,13.47,78.47,61.27,80.22,0.6032,Canada
CAN,1938,both,65,13.73,78.73,63.24,69.98,0.6322,Canada
CAN,1939,both,65,13.48,78.48,63.7,65.53,0.6386999999999999,Canada
CAN,1940,both,65,13.41,78.41,63.91,64.04,0.6409,Canada
CAN,1941,both,65,13.46,78.46000000000001,63.74,65.35,0.6391,Canada
CAN,1942,both,65,13.71,78.71000000000001,64.61,59.39,0.6493000000000001,Canada
CAN,1943,both,65,13.38,78.38,64.57,57.4,0.6498999999999999,Canada
CAN,1944,both,65,13.68,78.68,65.28,56.2,0.6611,Canada
CAN,1945,both,65,13.93,78.93,66.26,51.36,0.6729,Canada
CAN,1946,both,65,14.04,79.03999999999999,66.41,51.88,0.6766,Canada
CAN,1947,both,65,14.05,79.05,66.79,50.22,0.6801,Canada
CAN,1948,both,65,14.02,79.02,67.25,45.61,0.6848000000000001,Canada
CAN,1949,both,65,14.02,79.02,67.59,43.93,0.6912,Canada
CAN,1950,both,65,14.09,79.09,68.21,41.58,0.701,Canada
CAN,1951,both,65,14.13,79.13,68.51,38.39,0.7047,Canada
CAN,1952,both,65,14.43,79.43,68.68,39.87,0.7056,Canada
CAN,1953,both,65,14.41,79.41,69.07,37.94,0.713,Canada
CAN,1954,both,65,14.69,79.69,69.94,34.98,0.7264,Canada
CAN,1955,both,65,14.55,79.55,70.0,34.43,0.7306,Canada
CAN,1956,both,65,14.57,79.57,69.97,35.08,0.7295,Canada
CAN,1957,both,65,14.55,79.55,69.92,33.48,0.7248,Canada
CAN,1958,both,65,14.77,79.77,70.57,31.3,0.7358,Canada
CAN,1959,both,65,14.6,79.6,70.61,29.14,0.7384000000000001,Canada
CAN,1960,both,65,14.82,79.82,70.98,27.74,0.7419,Canada
CAN,1961,both,65,14.89,79.89,71.22,27.13,0.7467,Canada
CAN,1962,both,65,14.97,79.97,71.24,27.31,0.7461,Canada
CAN,1963,both,65,14.88,79.88,71.27,25.98,0.7464,Canada
CAN,1964,both,65,15.15,80.15,71.64,24.39,0.7484999999999999,Canada
CAN,1965,both,65,15.09,80.09,71.75,22.5,0.7515000000000001,Canada
CAN,1966,both,65,15.23,80.23,71.87,22.13,0.7523000000000001,Canada
CAN,1967,both,65,15.41,80.41,72.09,21.33,0.7537999999999999,Canada
CAN,1968,both,65,15.35,80.35,72.24,20.52,0.7587,Canada
CAN,1969,both,65,15.49,80.49,72.4,19.58,0.7598999999999999,Canada
CAN,1970,both,65,15.62,80.62,72.61,19.12,0.7620999999999999,Canada
CAN,1971,both,65,15.76,80.76,72.95,17.33,0.7679,Canada
CAN,1972,both,65,15.68,80.68,72.83,16.89,0.7661,Canada
CAN,1973,both,65,15.82,80.82,73.07,15.36,0.7676000000000001,Canada
CAN,1974,both,65,15.8,80.8,73.15,15.07,0.7702,Canada
CAN,1975,both,65,15.99,80.99,73.45,14.39,0.7742,Canada
CAN,1976,both,65,16.09,81.09,73.87,13.04,0.7809,Canada
CAN,1977,both,65,16.36,81.36,74.16,12.6,0.7829,Canada
CAN,1978,both,65,16.52,81.52,74.48,12.0,0.7879,Canada
CAN,1979,both,65,16.74,81.74,74.84,11.04,0.7931,Canada
CAN,1980,both,65,16.69,81.69,75.07,10.58,0.7998000000000001,Canada
CAN,1981,both,65,16.92,81.92,75.48,9.63,0.8049,Canada
CAN,1982,both,65,16.85,81.85,75.69,9.24,0.8108,Canada
CAN,1983,both,65,17.03,82.03,76.07,8.57,0.8173999999999999,Canada
CAN,1984,both,65,17.18,82.18,76.36,8.21,0.8209000000000001,Canada
CAN,1985,both,65,17.12,82.12,76.35,7.98,0.8226,Canada
CAN,1986,both,65,17.18,82.18,76.49,7.88,0.8254,Canada
CAN,1987,both,65,17.38,82.38,76.8,7.27,0.8289,Canada
CAN,1988,both,65,17.34,82.34,76.86,7.24,0.8318000000000001,Canada
CAN,1989,both,65,17.56,82.56,77.12,7.22,0.8349,Canada
CAN,1990,both,65,17.75,82.75,77.43,6.85,0.8392000000000001,Canada
CAN,1991,both,65,17.79,82.78999999999999,77.59,6.33,0.8423999999999999,Canada
CAN,1992,both,65,18.0,83.0,77.85,6.01,0.8443,Canada
CAN,1993,both,65,17.82,82.82,77.72,6.2,0.8456999999999999,Canada
CAN,1994,both,65,17.94,82.94,77.9,6.23,0.8479000000000001,Canada
CAN,1995,both,65,17.98,82.98,78.02,6.04,0.851,Canada
CAN,1996,both,65,18.05,83.05,78.27,5.47,0.8553000000000001,Canada
CAN,1997,both,65,18.11,83.11,78.47,5.35,0.8593999999999999,Canada
CAN,1998,both,65,18.19,83.19,78.68,5.21,0.8637,Canada
CAN,1999,both,65,18.36,83.36,78.88,5.21,0.8659,Canada
CAN,2000,both,65,18.62,83.62,79.23,5.11,0.8684999999999999,Canada
CAN,2001,both,65,18.79,83.78999999999999,79.45,5.26,0.8714,Canada
CAN,2002,both,65,18.87,83.87,79.57,5.35,0.8724,Canada
CAN,2003,both,65,19.03,84.03,79.74,5.31,0.8737999999999999,Canada
CAN,2004,both,65,19.24,84.24,80.03,5.24,0.8768,Canada
CAN,2005,both,65,19.36,84.36,80.13,5.44,0.878,Canada
CAN,2006,both,65,19.67,84.67,80.54,5.09,0.8815999999999999,Canada
CAN,2007,both,65,19.65,84.65,80.54,5.21,0.8822,Canada
CAN,2008,both,65,19.8,84.8,80.73,5.12,0.8835999999999999,Canada
CAN,2009,both,65,20.05,85.05,81.06,4.94,0.8867,Canada
CAN,2010,both,65,20.25,85.25,81.33,5.02,0.8896999999999999,Canada
CAN,2011,both,65,20.36,85.36,81.5,4.88,0.8917,Canada
CAN,2012,both,65,20.53,85.53,81.69,4.79,0.8924,Canada
CAN,2013,both,65,20.58,85.58,81.77,4.92,0.8935,Canada
CAN,2014,both,65,20.63,85.63,81.82,4.68,0.8933,Canada
CAN,2015,both,65,20.7,85.7,81.89,4.53,0.8939,Canada
CAN,2016,both,65,20.89,85.89,82.01,4.53,0.8931999999999999,Canada
CAN,2017,both,65,20.84,85.84,81.88,4.54,0.8919,Canada
CAN,2018,both,65,20.87,85.87,81.89,4.76,0.8919,Canada
CAN,2019,both,65,21.09,86.09,82.25,4.43,0.8959,Canada
CAN,2020,both,65,20.8,85.8,81.61,4.45,0.8862000000000001,Canada
CAN,2021,both,65,20.93,85.93,81.53,4.47,0.8815999999999999,Canada
CAN,2022,both,65,20.54,85.53999999999999,81.19,4.7,0.8818,Canada
CAN,2023,both,65,21.03,86.03,81.75,4.58,0.8856,Canada
CHE,1876,both,65,9.32,74.32,40.19,215.9,0.2846,Switzerland
CHE,1877,both,65,9.78,74.78,39.99,209.78,0.3006,Switzerland
CHE,1878,both,65,9.57,74.57,40.57,205.93,0.3046999999999999,Switzerland
CHE,1879,both,65,9.37,74.37,41.83,198.15,0.31,Switzerland
CHE,1880,both,65,9.73,74.73,42.47,187.04,0.3234,Switzerland
CHE,1881,both,65,9.81,74.81,41.94,187.21,0.3197,Switzerland
CHE,1882,both,65,9.63,74.63,43.02,170.79,0.3228,Switzerland
CHE,1883,both,65,9.95,74.95,45.02,164.46,0.3457,Switzerland
CHE,1884,both,65,10.1,75.1,45.07,161.08,0.3497999999999999,Switzerland
CHE,1885,both,65,9.82,74.82,43.92,169.23,0.3324,Switzerland
CHE,1886,both,65,9.84,74.84,44.75,164.35,0.3414999999999999,Switzerland
CHE,1887,both,65,9.8,74.8,45.46,165.04,0.3519,Switzerland
CHE,1888,both,65,9.87,74.87,46.0,154.49,0.3553,Switzerland
CHE,1889,both,65,9.93,74.93,45.18,157.72,0.3522,Switzerland
CHE,1890,both,65,9.49,74.49,45.01,153.13,0.3363,Switzerland
CHE,1891,both,65,9.79,74.78999999999999,44.81,164.57,0.352,Switzerland
CHE,1892,both,65,10.07,75.07,47.2,149.65,0.3759,Switzerland
CHE,1893,both,65,9.7,74.7,46.08,151.9,0.3572999999999999,Switzerland
CHE,1894,both,65,9.66,74.66,45.85,150.34,0.3566,Switzerland
CHE,1895,both,65,9.95,74.95,46.93,158.08,0.3704,Switzerland
CHE,1896,both,65,10.37,75.37,48.87,136.17,0.3947,Switzerland
CHE,1897,both,65,10.45,75.45,49.1,141.62,0.4035,Switzerland
CHE,1898,both,65,10.4,75.4,48.26,153.36,0.3962,Switzerland
CHE,1899,both,65,10.48,75.48,49.31,139.93,0.4058,Switzerland
CHE,1900,both,65,9.82,74.82,47.59,148.23,0.3785,Switzerland
CHE,1901,both,65,10.41,75.41,48.97,139.19,0.3992,Switzerland
CHE,1902,both,65,10.58,75.58,50.44,131.01,0.4201,Switzerland
CHE,1903,both,65,10.31,75.31,50.08,130.93,0.4093,Switzerland
CHE,1904,both,65,10.55,75.55,49.23,138.84,0.406,Switzerland
CHE,1905,both,65,10.14,75.14,49.69,128.9,0.4027,Switzerland
CHE,1906,both,65,10.48,75.48,50.75,126.54,0.4235,Switzerland
CHE,1907,both,65,10.37,75.37,51.19,119.94,0.4261999999999999,Switzerland
CHE,1908,both,65,10.45,75.45,52.29,109.24,0.4359,Switzerland
CHE,1909,both,65,10.32,75.32,51.65,114.78,0.4313,Switzerland
CHE,1910,both,65,10.6,75.6,52.93,106.08,0.4522,Switzerland
CHE,1911,both,65,10.39,75.39,51.77,120.51,0.439,Switzerland
CHE,1912,both,65,10.82,75.82,54.4,95.69,0.4724,Switzerland
CHE,1913,both,65,10.63,75.63,54.23,94.81,0.4688,Switzerland
CHE,1914,both,65,10.73,75.73,55.11,91.35,0.4836,Switzerland
CHE,1915,both,65,10.89,75.89,55.91,85.33,0.4966,Switzerland
CHE,1916,both,65,10.9,75.9,56.52,79.18,0.5043,Switzerland
CHE,1917,both,65,10.55,75.55,55.77,78.06,0.4877,Switzerland
CHE,1918,both,65,10.38,75.38,46.3,88.92,0.3390999999999999,Switzerland
CHE,1919,both,65,10.54,75.53999999999999,54.83,84.09,0.4818,Switzerland
CHE,1920,both,65,10.75,75.75,54.5,85.24,0.4750999999999999,Switzerland
CHE,1921,both,65,11.28,76.28,57.77,74.41,0.5278,Switzerland
CHE,1922,both,65,10.8,75.8,58.48,67.27,0.5356000000000001,Switzerland
CHE,1923,both,65,11.68,76.68,59.98,60.49,0.5568,Switzerland
CHE,1924,both,65,11.18,76.18,59.47,60.81,0.5418999999999999,Switzerland
CHE,1925,both,65,11.38,76.38,59.91,58.0,0.5561,Switzerland
CHE,1926,both,65,11.76,76.76,60.59,56.08,0.568,Switzerland
CHE,1927,both,65,11.29,76.28999999999999,60.09,54.79,0.5585,Switzerland
CHE,1928,both,65,11.54,76.53999999999999,60.43,53.33,0.5685,Switzerland
CHE,1929,both,65,11.25,76.25,60.14,51.85,0.5566,Switzerland
CHE,1930,both,65,11.9,76.9,61.4,51.03,0.5801,Switzerland
CHE,1931,both,65,11.47,76.47,61.23,48.23,0.5769,Switzerland
CHE,1932,both,65,11.47,76.47,61.2,50.68,0.5791,Switzerland
CHE,1933,both,65,11.99,76.99,62.37,47.32,0.5986,Switzerland
CHE,1934,both,65,12.12,77.12,62.83,45.66,0.6074,Switzerland
CHE,1935,both,65,11.64,76.64,62.13,46.81,0.5982,Switzerland
CHE,1936,both,65,12.17,77.17,63.14,46.06,0.6144,Switzerland
CHE,1937,both,65,12.28,77.28,63.48,45.74,0.6259,Switzerland
CHE,1938,both,65,12.04,77.03999999999999,63.83,42.73,0.6297999999999999,Switzerland
CHE,1939,both,65,12.04,77.03999999999999,63.98,42.34,0.6297999999999999,Switzerland
CHE,1940,both,65,11.9,76.9,63.54,46.03,0.6318,Switzerland
CHE,1941,both,65,12.61,77.61,64.91,43.96,0.6507999999999999,Switzerland
CHE,1942,both,65,12.82,77.82,65.63,39.58,0.6648999999999999,Switzerland
CHE,1943,both,65,12.94,77.94,65.82,40.24,0.6689,Switzerland
CHE,1944,both,65,12.33,77.33,64.86,42.27,0.6527,Switzerland
CHE,1945,both,65,12.58,77.58,65.38,41.22,0.6628000000000001,Switzerland
CHE,1946,both,65,12.78,77.78,66.06,39.01,0.6740999999999999,Switzerland
CHE,1947,both,65,12.69,77.69,66.23,38.87,0.6790999999999999,Switzerland
CHE,1948,both,65,12.97,77.97,67.31,35.79,0.6933,Switzerland
CHE,1949,both,65,13.02,78.02,67.95,33.73,0.7071,Switzerland
CHE,1950,both,65,13.52,78.52,68.91,31.05,0.7188,Switzerland
CHE,1951,both,65,13.19,78.19,68.69,29.3,0.7181000000000001,Switzerland
CHE,1952,both,65,13.66,78.66,69.59,29.1,0.7336,Switzerland
CHE,1953,both,65,13.46,78.46000000000001,69.52,28.99,0.7340000000000001,Switzerland
CHE,1954,both,65,13.68,78.68,69.98,26.77,0.7402,Switzerland
CHE,1955,both,65,13.65,78.65,70.07,26.0,0.7424,Switzerland
CHE,1956,both,65,13.56,78.56,70.2,25.42,0.746,Switzerland
CHE,1957,both,65,13.78,78.78,70.54,22.74,0.7484999999999999,Switzerland
CHE,1958,both,65,14.24,79.24,71.29,21.78,0.7606,Switzerland
CHE,1959,both,65,14.32,79.32,71.45,21.88,0.763,Switzerland
CHE,1960,both,65,14.11,79.11,71.41,21.19,0.7642,Switzerland
CHE,1961,both,65,14.55,79.55,71.74,21.52,0.7652,Switzerland
CHE,1962,both,65,14.1,79.1,71.3,21.72,0.7620999999999999,Switzerland
CHE,1963,both,65,13.95,78.95,71.29,20.91,0.7631,Switzerland
CHE,1964,both,65,14.57,79.57,72.18,19.42,0.7741,Switzerland
CHE,1965,both,65,14.35,79.35,72.32,17.7,0.7792,Switzerland
CHE,1966,both,65,14.48,79.48,72.45,16.96,0.7817000000000001,Switzerland
CHE,1967,both,65,14.74,79.74,72.74,17.49,0.7855,Switzerland
CHE,1968,both,65,14.59,79.59,72.7,16.14,0.7851,Switzerland
CHE,1969,both,65,14.64,79.64,72.72,15.58,0.7844,Switzerland
CHE,1970,both,65,14.94,79.94,73.12,15.33,0.7907,Switzerland
CHE,1971,both,65,15.01,80.01,73.24,14.22,0.7922,Switzerland
CHE,1972,both,65,15.33,80.33,73.76,13.03,0.7996,Switzerland
CHE,1973,both,65,15.39,80.39,74.06,13.11,0.8049,Switzerland
CHE,1974,both,65,15.63,80.63,74.4,12.54,0.8107,Switzerland
CHE,1975,both,65,15.87,80.87,74.79,10.61,0.8146,Switzerland
CHE,1976,both,65,15.86,80.86,74.91,10.81,0.8162999999999999,Switzerland
CHE,1977,both,65,16.25,81.25,75.36,9.79,0.8210999999999999,Switzerland
CHE,1978,both,65,16.18,81.18,75.31,8.58,0.8194,Switzerland
CHE,1979,both,65,16.43,81.43,75.61,8.59,0.8218000000000001,Switzerland
CHE,1980,both,65,16.38,81.38,75.59,9.21,0.8231999999999999,Switzerland
CHE,1981,both,65,16.47,81.47,75.82,7.54,0.8255,Switzerland
CHE,1982,both,65,16.74,81.74,76.16,7.69,0.8303,Switzerland
CHE,1983,both,65,16.68,81.68,76.16,7.48,0.8319,Switzerland
CHE,1984,both,65,17.16,82.16,76.75,7.2,0.8365,Switzerland
CHE,1985,both,65,17.15,82.15,76.88,6.88,0.8406999999999999,Switzerland
CHE,1986,both,65,17.26,82.26,77.04,6.93,0.8437,Switzerland
CHE,1987,both,65,17.51,82.51,77.34,6.91,0.8467,Switzerland
CHE,1988,both,65,17.59,82.59,77.37,7.02,0.8467,Switzerland
CHE,1989,both,65,17.76,82.76,77.56,7.39,0.8495,Switzerland
CHE,1990,both,65,17.54,82.53999999999999,77.38,6.95,0.8488,Switzerland
CHE,1991,both,65,17.86,82.86,77.65,6.34,0.85,Switzerland
CHE,1992,both,65,18.04,83.03999999999999,77.95,6.43,0.8532,Switzerland
CHE,1993,both,65,18.13,83.13,78.24,5.48,0.8587,Switzerland
CHE,1994,both,65,18.36,83.36,78.5,5.16,0.8611,Switzerland
CHE,1995,both,65,18.34,83.34,78.57,5.06,0.8613,Switzerland
CHE,1996,both,65,18.51,83.51,79.05,4.73,0.8703,Switzerland
CHE,1997,both,65,18.62,83.62,79.23,4.73,0.8718,Switzerland
CHE,1998,both,65,18.78,83.78,79.48,4.76,0.8740000000000001,Switzerland
CHE,1999,both,65,18.88,83.88,79.73,4.61,0.8787,Switzerland
CHE,2000,both,65,19.02,84.02,79.84,4.93,0.8781,Switzerland
CHE,2001,both,65,19.29,84.28999999999999,80.25,4.86,0.8837,Switzerland
CHE,2002,both,65,19.41,84.41,80.44,4.54,0.8854000000000001,Switzerland
CHE,2003,both,65,19.36,84.36,80.53,4.28,0.8883,Switzerland
CHE,2004,both,65,19.82,84.82,81.05,4.31,0.8926000000000001,Switzerland
CHE,2005,both,65,19.89,84.89,81.23,4.24,0.895,Switzerland
CHE,2006,both,65,20.13,85.13,81.55,4.43,0.898,Switzerland
CHE,2007,both,65,20.2,85.2,81.7,4.01,0.8989,Switzerland
CHE,2008,both,65,20.36,85.36,81.97,4.05,0.9025,Switzerland
CHE,2009,both,65,20.36,85.36,81.99,4.38,0.9039,Switzerland
CHE,2010,both,65,20.51,85.51,82.29,3.91,0.9066,Switzerland
CHE,2011,both,65,20.73,85.73,82.57,3.85,0.9104,Switzerland
CHE,2012,both,65,20.71,85.71000000000001,82.62,3.79,0.9105,Switzerland
CHE,2013,both,65,20.77,85.77,82.69,3.95,0.912,Switzerland
CHE,2014,both,65,21.03,86.03,83.08,4.05,0.9165,Switzerland
CHE,2015,both,65,20.81,85.81,82.84,4.0,0.9156,Switzerland
CHE,2016,both,65,21.25,86.25,83.45,3.56,0.9204,Switzerland
CHE,2017,both,65,21.22,86.22,83.41,3.6,0.9211,Switzerland
CHE,2018,both,65,21.37,86.37,83.57,3.33,0.9213,Switzerland
CHE,2019,both,65,21.43,86.43,83.78,3.3,0.9255,Switzerland
CHE,2020,both,65,20.78,85.78,83.06,3.69,0.9231,Switzerland
CHE,2021,both,65,21.37,86.37,83.65,3.24,0.9232,Switzerland
CHE,2022,both,65,21.24,86.24,83.53,3.67,0.9245,Switzerland
CHE,2023,both,65,21.63,86.63,84.06,3.32,0.9296,Switzerland
CHL,1992,both,65,16.39,81.39,74.5,14.87,0.7981999999999999,CHL
CHL,1993,both,65,16.35,81.35,74.56,13.6,0.799,CHL
CHL,1994,both,65,16.79,81.78999999999999,75.03,12.6,0.8003,CHL
CHL,1995,both,65,16.72,81.72,74.95,11.46,0.7968999999999999,CHL
CHL,1996,both,65,16.85,81.85,75.24,11.71,0.8038,CHL
CHL,1997,both,65,17.13,82.13,75.82,10.38,0.8144,CHL
CHL,1998,both,65,17.11,82.11,75.94,10.88,0.8181999999999999,CHL
CHL,1999,both,65,17.06,82.06,76.13,10.5,0.8254,CHL
CHL,2000,both,65,17.65,82.65,76.86,9.6,0.8315,CHL
CHL,2001,both,65,17.66,82.66,76.74,9.07,0.8269,CHL
CHL,2002,both,65,17.96,82.96000000000001,77.28,8.56,0.8348,CHL
CHL,2003,both,65,17.99,82.99,77.36,8.26,0.8343,CHL
CHL,2004,both,65,17.96,82.96000000000001,77.42,8.78,0.8390000000000001,CHL
CHL,2005,both,65,18.19,83.19,77.83,8.3,0.8445999999999999,CHL
CHL,2006,both,65,18.56,83.56,78.26,7.93,0.8482,CHL
CHL,2007,both,65,18.13,83.13,77.75,8.51,0.8434,CHL
CHL,2008,both,65,18.77,83.77,78.39,8.0,0.8473,CHL
CHL,2009,both,65,18.92,83.92,78.6,8.01,0.8499,CHL
CHL,2010,both,65,18.59,83.59,78.41,7.41,0.8513,CHL
CHL,2011,both,65,19.15,84.15,79.09,7.66,0.857,CHL
CHL,2012,both,65,19.0,84.0,79.13,7.33,0.862,CHL
CHL,2013,both,65,19.28,84.28,79.36,7.01,0.8611,CHL
CHL,2014,both,65,19.36,84.36,79.5,7.43,0.8641,CHL
CHL,2015,both,65,19.58,84.58,79.74,6.78,0.8647,CHL
CHL,2016,both,65,19.79,84.78999999999999,80.04,6.94,0.8687999999999999,CHL
CHL,2017,both,65,19.86,84.86,80.23,7.04,0.8723000000000001,CHL
CHL,2018,both,65,20.15,85.15,80.53,6.73,0.8742,CHL
CHL,2019,both,65,20.25,85.25,80.61,6.3,0.8739,CHL
CHL,2020,both,65,19.33,84.33,79.47,5.43,0.8595999999999999,CHL
CHL,2021,both,65,18.97,83.97,78.72,5.68,0.8469,CHL
CHL,2022,both,65,19.16,84.16,79.25,6.09,0.8622,CHL
CHL,2023,both,65,20.32,85.32,80.59,6.33,0.8729,CHL
CZE,1950,both,65,12.56,77.56,64.4,64.87,0.6527,CZE
CZE,1951,both,65,12.54,77.53999999999999,65.26,56.51,0.6637000000000001,CZE
CZE,1952,both,65,12.74,77.74,66.86,44.11,0.6881,CZE
CZE,1953,both,65,12.48,77.48,67.55,34.24,0.6981,CZE
CZE,1954,both,65,12.33,77.33,68.05,29.76,0.7053,CZE
CZE,1955,both,65,13.0,78.0,68.98,27.47,0.7170000000000001,CZE
CZE,1956,both,65,13.06,78.06,69.37,25.41,0.7240000000000001,CZE
CZE,1957,both,65,12.72,77.72,69.03,24.58,0.7204,CZE
CZE,1958,both,65,13.13,78.13,69.98,22.72,0.7384000000000001,CZE
CZE,1959,both,65,12.96,77.96000000000001,69.9,20.42,0.7343000000000001,CZE
CZE,1960,both,65,13.42,78.42,70.45,19.86,0.7414000000000001,CZE
CZE,1961,both,65,13.43,78.43,70.62,19.49,0.7465999999999999,CZE
CZE,1962,both,65,12.86,77.86,69.89,21.16,0.7362000000000001,CZE
CZE,1963,both,65,13.35,78.35,70.39,20.89,0.7417,CZE
CZE,1964,both,65,13.35,78.35,70.59,19.07,0.7441,CZE
CZE,1965,both,65,13.31,78.31,70.26,23.02,0.7414000000000001,CZE
CZE,1966,both,65,13.39,78.39,70.46,21.63,0.7440000000000001,CZE
CZE,1967,both,65,13.32,78.32,70.35,21.2,0.7406999999999999,CZE
CZE,1968,both,65,13.07,78.07,69.91,21.49,0.7328,CZE
CZE,1969,both,65,12.84,77.84,69.42,22.03,0.7219,CZE
CZE,1970,both,65,12.74,77.74,69.49,20.66,0.7229000000000001,CZE
CZE,1971,both,65,12.9,77.9,69.74,20.53,0.7276,CZE
CZE,1972,both,65,13.22,78.22,70.23,20.32,0.7351000000000001,CZE
CZE,1973,both,65,12.97,77.97,70.09,20.33,0.7352,CZE
CZE,1974,both,65,12.94,77.94,70.18,19.56,0.7363,CZE
CZE,1975,both,65,13.16,78.16,70.49,19.25,0.7419,CZE
CZE,1976,both,65,13.2,78.2,70.6,18.83,0.7434999999999999,CZE
CZE,1977,both,65,13.22,78.22,70.64,18.44,0.743,CZE
CZE,1978,both,65,13.27,78.27,70.71,16.93,0.7406999999999999,CZE
CZE,1979,both,65,13.31,78.31,70.82,15.51,0.7395999999999999,CZE
CZE,1980,both,65,12.92,77.92,70.34,15.79,0.7329000000000001,CZE
CZE,1981,both,65,13.26,78.26,70.77,14.96,0.737,CZE
CZE,1982,both,65,13.24,78.24,70.88,14.85,0.74,CZE
CZE,1983,both,65,13.1,78.1,70.64,14.32,0.7339,CZE
CZE,1984,both,65,13.29,78.28999999999999,70.9,14.02,0.7354,CZE
CZE,1985,both,65,13.32,78.32,71.1,12.43,0.7395999999999999,CZE
CZE,1986,both,65,13.26,78.26,71.05,12.19,0.7397,CZE
CZE,1987,both,65,13.59,78.59,71.51,11.88,0.7468,CZE
CZE,1988,both,65,13.73,78.73,71.71,11.16,0.7492,CZE
CZE,1989,both,65,13.63,78.63,71.76,9.79,0.7508,CZE
CZE,1990,both,65,13.65,78.65,71.41,11.02,0.7406,CZE
CZE,1991,both,65,13.97,78.97,71.97,10.19,0.7526999999999999,CZE
CZE,1992,both,65,14.29,79.28999999999999,72.33,9.7,0.7567,CZE
CZE,1993,both,65,14.44,79.44,72.85,8.45,0.769,CZE
CZE,1994,both,65,14.57,79.57,73.08,7.37,0.7731999999999999,CZE
CZE,1995,both,65,14.56,79.56,73.18,7.4,0.7759,CZE
CZE,1996,both,65,14.93,79.93,73.84,5.87,0.7847,CZE
CZE,1997,both,65,15.07,80.07,73.95,5.86,0.7862,CZE
CZE,1998,both,65,15.32,80.32,74.55,5.24,0.7979999999999999,CZE
CZE,1999,both,65,15.43,80.43,74.74,4.59,0.8001999999999999,CZE
CZE,2000,both,65,15.58,80.58,74.98,4.17,0.8045,CZE
CZE,2001,both,65,15.77,80.77,75.31,4.01,0.8105,CZE
CZE,2002,both,65,15.86,80.86,75.44,4.2,0.8128,CZE
CZE,2003,both,65,15.8,80.8,75.4,3.92,0.8115000000000001,CZE
CZE,2004,both,65,16.18,81.18,75.94,3.83,0.8193,CZE
CZE,2005,both,65,16.29,81.28999999999999,76.16,3.46,0.8227,CZE
CZE,2006,both,65,16.71,81.71000000000001,76.71,3.39,0.8286,CZE
CZE,2007,both,65,16.89,81.89,76.92,3.26,0.8311,CZE
CZE,2008,both,65,17.08,82.08,77.17,2.85,0.8331999999999999,CZE
CZE,2009,both,65,17.02,82.02,77.26,2.85,0.8377,CZE
CZE,2010,both,65,17.24,82.24,77.56,2.61,0.8414,CZE
CZE,2011,both,65,17.39,82.39,77.81,2.6,0.8454,CZE
CZE,2012,both,65,17.46,82.46000000000001,78.0,2.64,0.8493999999999999,CZE
CZE,2013,both,65,17.5,82.5,78.17,2.46,0.8536,CZE
CZE,2014,both,65,17.92,82.92,78.74,2.42,0.8613,CZE
CZE,2015,both,65,17.68,82.68,78.56,2.45,0.8619,CZE
CZE,2016,both,65,18.06,83.06,78.97,2.84,0.8659,CZE
CZE,2017,both,65,18.0,83.0,78.93,2.68,0.8654999999999999,CZE
CZE,2018,both,65,18.05,83.05,78.96,2.55,0.8658,CZE
CZE,2019,both,65,18.25,83.25,79.19,2.55,0.8678,CZE
CZE,2020,both,65,17.28,82.28,78.24,2.25,0.8621,CZE
CZE,2021,both,65,16.69,81.69,77.24,2.22,0.843,CZE
DNK,1835,both,65,11.45,76.45,38.42,184.85,0.2852,Denmark
DNK,1836,both,65,11.07,76.07,40.03,187.08,0.2959,Denmark
DNK,1837,both,65,10.32,75.32,41.53,173.79,0.3006,Denmark
DNK,1838,both,65,10.99,75.99,43.14,163.33,0.3215999999999999,Denmark
DNK,1839,both,65,11.32,76.32,41.91,176.6,0.322,Denmark
DNK,1840,both,65,11.05,76.05,41.1,182.64,0.3172,Denmark
DNK,1841,both,65,11.21,76.21000000000001,42.67,182.98,0.3328,Denmark
DNK,1842,both,65,10.92,75.92,42.54,182.35,0.3258,Denmark
DNK,1843,both,65,10.88,75.88,43.91,171.33,0.3364,Denmark
DNK,1844,both,65,10.86,75.86,44.08,171.31,0.3419,Denmark
DNK,1845,both,65,11.4,76.4,43.4,177.76,0.3447,Denmark
DNK,1846,both,65,10.97,75.97,40.44,205.75,0.3167,Denmark
DNK,1847,both,65,10.36,75.36,40.47,194.62,0.3122,Denmark
DNK,1848,both,65,10.88,75.88,40.82,185.97,0.3201,Denmark
DNK,1849,both,65,10.64,75.64,39.57,185.09,0.2923,Denmark
DNK,1850,both,65,11.43,76.43,43.52,172.45,0.3486999999999999,Denmark
DNK,1851,both,65,11.73,76.73,44.53,175.33,0.361,Denmark
DNK,1852,both,65,11.43,76.43,43.05,187.42,0.3475999999999999,Denmark
DNK,1853,both,65,9.93,74.93,38.57,191.84,0.2594,Denmark
DNK,1854,both,65,11.7,76.7,44.71,167.12,0.3681,Denmark
DNK,1855,both,65,10.29,75.28999999999999,46.15,124.96,0.3652,Denmark
DNK,1856,both,65,11.38,76.38,46.76,123.44,0.386,Denmark
DNK,1857,both,65,10.9,75.9,42.48,147.09,0.3379,Denmark
DNK,1858,both,65,11.22,76.22,40.02,141.81,0.3145,Denmark
DNK,1859,both,65,11.43,76.43,44.4,133.09,0.3624,Denmark
DNK,1860,both,65,11.05,76.05,45.08,133.25,0.3638,Denmark
DNK,1861,both,65,11.35,76.35,47.62,124.86,0.3959,Denmark
DNK,1862,both,65,11.48,76.48,47.59,128.74,0.3947,Denmark
DNK,1863,both,65,11.55,76.55,47.55,125.19,0.3989999999999999,Denmark
DNK,1864,both,65,10.92,75.92,40.2,150.2,0.307,Denmark
DNK,1865,both,65,11.26,76.26,39.8,146.35,0.3145,Denmark
DNK,1866,both,65,11.79,76.78999999999999,42.9,127.58,0.3558,Denmark
DNK,1867,both,65,11.37,76.37,44.92,129.69,0.3779999999999999,Denmark
DNK,1868,both,65,11.85,76.85,45.64,144.39,0.3829999999999999,Denmark
DNK,1869,both,65,11.49,76.49,46.1,124.32,0.3858,Denmark
DNK,1870,both,65,11.68,76.68,46.0,135.09,0.3824,Denmark
DNK,1871,both,65,11.21,76.21000000000001,46.08,128.82,0.3768999999999999,Denmark
DNK,1872,both,65,11.92,76.92,47.44,130.61,0.3917,Denmark
DNK,1873,both,65,11.51,76.51,47.5,126.45,0.3926,Denmark
DNK,1874,both,65,10.99,75.99,46.04,143.29,0.3751,Denmark
DNK,1875,both,65,10.89,75.89,44.48,154.62,0.3606,Denmark
DNK,1876,both,65,11.6,76.6,45.85,144.57,0.3851,Denmark
DNK,1877,both,65,12.0,77.0,47.36,129.27,0.405,Denmark
DNK,1878,both,65,12.22,77.22,47.57,135.67,0.4159,Denmark
DNK,1879,both,65,11.5,76.5,46.25,133.95,0.3878,Denmark
DNK,1880,both,65,11.71,76.71000000000001,44.79,152.91,0.38,Denmark
DNK,1881,both,65,11.94,76.94,48.28,123.02,0.4145,Denmark
DNK,1882,both,65,12.15,77.15,46.7,148.81,0.4086999999999999,Denmark
DNK,1883,both,65,11.9,76.9,48.51,136.65,0.4165999999999999,Denmark
DNK,1884,both,65,12.26,77.26,48.52,139.04,0.4196999999999999,Denmark
DNK,1885,both,65,12.02,77.02,49.62,120.65,0.4336,Denmark
DNK,1886,both,65,12.28,77.28,48.97,134.26,0.4253,Denmark
DNK,1887,both,65,12.32,77.32,48.67,129.7,0.4299,Denmark
DNK,1888,both,65,12.01,77.01,46.69,137.26,0.4073,Denmark
DNK,1889,both,65,12.5,77.5,47.81,142.27,0.4160999999999999,Denmark
DNK,1890,both,65,12.04,77.03999999999999,47.27,134.67,0.4086,Denmark
DNK,1891,both,65,11.19,76.19,46.78,134.93,0.3987,Denmark
DNK,1892,both,65,11.21,76.21000000000001,47.4,135.83,0.4122,Denmark
DNK,1893,both,65,12.22,77.22,47.08,150.22,0.4128,Denmark
DNK,1894,both,65,12.39,77.39,49.38,133.36,0.4448,Denmark
DNK,1895,both,65,12.21,77.21000000000001,50.86,135.5,0.4602,Denmark
DNK,1896,both,65,12.64,77.64,52.92,125.97,0.4869,Denmark
DNK,1897,both,65,12.02,77.02,51.8,127.32,0.4685,Denmark
DNK,1898,both,65,12.72,77.72,53.11,123.6,0.4891,Denmark
DNK,1899,both,65,11.97,76.97,50.67,150.53,0.4594,Denmark
DNK,1900,both,65,11.54,76.53999999999999,51.9,128.21,0.4667,Denmark
DNK,1901,both,65,12.48,77.48,52.66,133.26,0.4845,Denmark
DNK,1902,both,65,12.59,77.59,54.68,114.19,0.5075999999999999,Denmark
DNK,1903,both,65,12.43,77.43,54.83,113.75,0.5081,Denmark
DNK,1904,both,65,12.64,77.64,55.7,112.55,0.521,Denmark
DNK,1905,both,65,12.28,77.28,54.37,119.58,0.5012,Denmark
DNK,1906,both,65,12.91,77.91,56.47,110.81,0.5338,Denmark
DNK,1907,both,65,12.28,77.28,56.1,107.6,0.5277000000000001,Denmark
DNK,1908,both,65,12.33,77.33,54.96,122.51,0.5169,Denmark
DNK,1909,both,65,12.68,77.68,57.36,98.1,0.5432,Denmark
DNK,1910,both,65,13.01,78.01,58.04,99.74,0.5538000000000001,Denmark
DNK,1911,both,65,12.72,77.72,56.96,103.11,0.5382,Denmark
DNK,1912,both,65,12.55,77.55,58.01,93.27,0.5547,Denmark
DNK,1913,both,65,12.76,77.76,58.88,91.3,0.5694,Denmark
DNK,1914,both,65,12.93,77.93,58.46,97.73,0.56,Denmark
DNK,1915,both,65,12.45,77.45,58.4,92.1,0.5583,Denmark
DNK,1916,both,65,12.36,77.36,56.91,99.96,0.5414,Denmark
DNK,1917,both,65,12.28,77.28,57.25,97.83,0.5489,Denmark
DNK,1918,both,65,13.86,78.86,56.22,75.62,0.5182,Denmark
DNK,1919,both,65,13.0,78.0,56.88,89.64,0.5374,Denmark
DNK,1920,both,65,12.83,77.83,57.71,91.31,0.5553,Denmark
DNK,1921,both,65,13.21,78.21000000000001,61.66,76.05,0.6131,Denmark
DNK,1922,both,65,12.4,77.4,60.64,81.61,0.5957,Denmark
DNK,1923,both,65,12.74,77.74,61.15,83.49,0.6102000000000001,Denmark
DNK,1924,both,65,12.91,77.91,61.09,83.81,0.6088,Denmark
DNK,1925,both,65,13.08,78.08,61.91,78.19,0.62,Denmark
DNK,1926,both,65,12.96,77.96000000000001,61.67,82.81,0.6145,Denmark
DNK,1927,both,65,12.43,77.43,61.19,80.91,0.611,Denmark
DNK,1928,both,65,12.86,77.86,61.84,81.01,0.6192,Denmark
DNK,1929,both,65,12.54,77.53999999999999,61.96,80.06,0.6234000000000001,Denmark
DNK,1930,both,65,13.08,78.08,62.22,80.96,0.6236,Denmark
DNK,1931,both,65,12.5,77.5,61.87,79.08,0.6204999999999999,Denmark
DNK,1932,both,65,12.6,77.6,62.69,72.04,0.6329,Denmark
DNK,1933,both,65,12.95,77.95,63.58,66.65,0.6386,Denmark
DNK,1934,both,65,13.05,78.05,64.09,65.15,0.6476000000000001,Denmark
DNK,1935,both,65,12.72,77.72,62.88,70.27,0.6365999999999999,Denmark
DNK,1936,both,65,12.62,77.62,63.44,67.89,0.6431,Denmark
DNK,1937,both,65,12.75,77.75,63.94,66.15,0.6492,Denmark
DNK,1938,both,65,13.05,78.05,64.99,58.71,0.6638,Denmark
DNK,1939,both,65,13.07,78.07,65.8,57.61,0.6778,Denmark
DNK,1940,both,65,12.66,77.66,66.27,50.34,0.6879000000000001,Denmark
DNK,1941,both,65,12.94,77.94,65.95,55.42,0.6838,Denmark
DNK,1942,both,65,13.53,78.53,67.12,49.3,0.7006,Denmark
DNK,1943,both,65,13.6,78.6,67.43,45.81,0.7056999999999999,Denmark
DNK,1944,both,65,13.39,78.39,66.39,48.76,0.6893,Denmark
DNK,1945,both,65,13.61,78.61,66.08,48.63,0.6809000000000001,Denmark
DNK,1946,both,65,13.42,78.42,67.24,45.13,0.6999,Denmark
DNK,1947,both,65,13.65,78.65,68.54,39.22,0.7212000000000001,Denmark
DNK,1948,both,65,14.61,79.61,70.09,34.02,0.7441,Denmark
DNK,1949,both,65,14.12,79.12,70.12,33.31,0.7481,Denmark
DNK,1950,both,65,13.82,78.82,70.31,30.43,0.7524,Denmark
DNK,1951,both,65,14.19,79.19,70.92,28.24,0.7595999999999999,Denmark
DNK,1952,both,65,14.1,79.1,70.76,29.07,0.7598,Denmark
DNK,1953,both,65,14.17,79.17,71.17,27.08,0.7665000000000001,Denmark
DNK,1954,both,65,14.18,79.18,71.34,26.54,0.7681,Denmark
DNK,1955,both,65,14.55,79.55,71.92,25.23,0.7746999999999999,Denmark
DNK,1956,both,65,14.59,79.59,72.04,24.89,0.7755,Denmark
DNK,1957,both,65,14.3,79.3,71.81,23.1,0.7741,Denmark
DNK,1958,both,65,14.46,79.46000000000001,72.24,22.3,0.7809,Denmark
DNK,1959,both,65,14.56,79.56,72.22,22.27,0.7806000000000001,Denmark
DNK,1960,both,65,14.39,79.39,72.2,21.96,0.7807999999999999,Denmark
DNK,1961,both,65,14.62,79.62,72.45,21.94,0.7842,Denmark
DNK,1962,both,65,14.42,79.42,72.35,20.05,0.7809,Denmark
DNK,1963,both,65,14.52,79.52,72.42,19.72,0.7806000000000001,Denmark
DNK,1964,both,65,14.49,79.49,72.51,18.75,0.7812,Denmark
DNK,1965,both,65,14.49,79.49,72.39,18.97,0.7778,Denmark
DNK,1966,both,65,14.33,79.33,72.47,17.15,0.7817000000000001,Denmark
DNK,1967,both,65,14.74,79.74,72.95,15.0,0.7818,Denmark
DNK,1968,both,65,15.0,80.0,73.15,15.67,0.7861,Denmark
DNK,1969,both,65,15.04,80.03999999999999,73.25,14.53,0.7859999999999999,Denmark
DNK,1970,both,65,15.24,80.24,73.36,14.22,0.7837999999999999,Denmark
DNK,1971,both,65,15.37,80.37,73.43,13.94,0.7831999999999999,Denmark
DNK,1972,both,65,15.21,80.21000000000001,73.47,12.07,0.7837000000000001,Denmark
DNK,1973,both,65,15.39,80.39,73.7,11.24,0.7864,Denmark
DNK,1974,both,65,15.37,80.37,73.82,10.77,0.7874,Denmark
DNK,1975,both,65,15.66,80.66,74.1,10.41,0.7909,Denmark
DNK,1976,both,65,15.34,80.34,73.77,9.6,0.7844,Denmark
DNK,1977,both,65,15.99,80.99,74.66,8.48,0.7961,Denmark
DNK,1978,both,65,15.76,80.76,74.43,8.72,0.7938,Denmark
DNK,1979,both,65,15.72,80.72,74.24,8.54,0.7887000000000001,Denmark
DNK,1980,both,65,15.68,80.68,74.13,8.24,0.7852,Denmark
DNK,1981,both,65,15.72,80.72,74.25,7.61,0.7868,Denmark
DNK,1982,both,65,16.0,81.0,74.6,8.12,0.7904000000000001,Denmark
DNK,1983,both,65,15.88,80.88,74.46,7.58,0.7876000000000001,Denmark
DNK,1984,both,65,15.97,80.97,74.62,7.72,0.7904000000000001,Denmark
DNK,1985,both,65,15.93,80.93,74.48,8.03,0.7881999999999999,Denmark
DNK,1986,both,65,16.05,81.05,74.64,8.23,0.7889,Denmark
DNK,1987,both,65,16.2,81.2,74.75,8.29,0.7887000000000001,Denmark
DNK,1988,both,65,16.12,81.12,74.84,7.77,0.794,Denmark
DNK,1989,both,65,16.19,81.19,74.86,8.12,0.7933,Denmark
DNK,1990,both,65,16.03,81.03,74.87,7.53,0.7957,Denmark
DNK,1991,both,65,16.25,81.25,75.23,7.31,0.8022,Denmark
DNK,1992,both,65,16.16,81.16,75.27,6.7,0.8034,Denmark
DNK,1993,both,65,15.9,80.9,75.19,5.38,0.8058,Denmark
DNK,1994,both,65,16.17,81.17,75.44,5.56,0.8078,Denmark
DNK,1995,both,65,15.94,80.94,75.29,4.99,0.8076000000000001,Denmark
DNK,1996,both,65,16.21,81.21000000000001,75.67,5.46,0.8136,Denmark
DNK,1997,both,65,16.4,81.4,76.04,5.19,0.8209000000000001,Denmark
DNK,1998,both,65,16.6,81.6,76.44,4.63,0.8265,Denmark
DNK,1999,both,65,16.61,81.61,76.58,4.21,0.8312999999999999,Denmark
DNK,2000,both,65,16.82,81.82,76.82,5.36,0.8353,Denmark
DNK,2001,both,65,16.86,81.86,76.98,4.78,0.8395999999999999,Denmark
DNK,2002,both,65,16.92,81.92,77.1,4.37,0.8417,Denmark
DNK,2003,both,65,17.14,82.14,77.4,4.43,0.8448,Denmark
DNK,2004,both,65,17.5,82.5,77.79,4.34,0.8478,Denmark
DNK,2005,both,65,17.7,82.7,78.23,4.31,0.8556999999999999,Denmark
DNK,2006,both,65,17.74,82.74,78.22,3.86,0.853,Denmark
DNK,2007,both,65,17.88,82.88,78.35,3.95,0.8537,Denmark
DNK,2008,both,65,18.09,83.09,78.72,4.01,0.8604999999999999,Denmark
DNK,2009,both,65,18.17,83.17,78.96,2.99,0.863,Denmark
DNK,2010,both,65,18.35,83.35,79.24,3.39,0.867,Denmark
DNK,2011,both,65,18.73,83.73,79.79,3.37,0.8747,Denmark
DNK,2012,both,65,18.87,83.87,80.09,3.35,0.8789,Denmark
DNK,2013,both,65,19.04,84.03999999999999,80.31,3.37,0.8809,Denmark
DNK,2014,both,65,19.37,84.37,80.64,4.05,0.8831,Denmark
DNK,2015,both,65,19.36,84.36,80.75,3.75,0.8859,Denmark
DNK,2016,both,65,19.48,84.48,80.88,3.19,0.8868,Denmark
DNK,2017,both,65,19.55,84.55,81.11,3.72,0.8933,Denmark
DNK,2018,both,65,19.41,84.41,80.99,3.63,0.8931,Denmark
DNK,2019,both,65,19.7,84.7,81.43,2.94,0.8976000000000001,Denmark
DNK,2020,both,65,19.76,84.76,81.55,3.14,0.9009,Denmark
DNK,2021,both,65,19.6,84.6,81.44,3.17,0.9014,Denmark
DNK,2022,both,65,19.4,84.4,81.3,3.15,0.903,Denmark
DNK,2023,both,65,19.73,84.73,81.66,3.41,0.9054,Denmark
ESP,1908,both,65,10.55,75.55,41.41,155.92,0.3352,ESP
ESP,1909,both,65,9.97,74.97,41.0,160.39,0.3236,ESP
ESP,1910,both,65,10.16,75.16,40.84,175.86,0.3334,ESP
ESP,1911,both,65,10.19,75.19,39.79,175.48,0.3283,ESP
ESP,1912,both,65,10.36,75.36,43.43,138.71,0.3596,ESP
ESP,1913,both,65,10.3,75.3,42.61,148.06,0.3535,ESP
ESP,1914,both,65,10.07,75.07,42.78,149.57,0.3556,ESP
ESP,1915,both,65,10.37,75.37,43.09,150.5,0.3596999999999999,ESP
ESP,1916,both,65,10.57,75.57,43.91,143.0,0.3642,ESP
ESP,1917,both,65,10.03,75.03,42.6,152.29,0.3452,ESP
ESP,1918,both,65,9.28,74.28,30.36,178.11,0.179,ESP
ESP,1919,both,65,9.96,74.96000000000001,40.95,158.43,0.3213,ESP
ESP,1920,both,65,10.3,75.3,39.38,180.87,0.3189,ESP
ESP,1921,both,65,10.56,75.56,41.99,164.63,0.3528,ESP
ESP,1922,both,65,10.59,75.59,44.2,140.3,0.3725,ESP
ESP,1923,both,65,10.54,75.53999999999999,44.75,146.12,0.3788,ESP
ESP,1924,both,65,10.83,75.83,46.3,137.18,0.3989999999999999,ESP
ESP,1925,both,65,10.74,75.74,46.98,133.21,0.4057,ESP
ESP,1926,both,65,11.26,76.26,47.7,129.44,0.4104,ESP
ESP,1927,both,65,10.82,75.82,48.48,121.84,0.4193,ESP
ESP,1928,both,65,11.44,76.44,48.62,127.59,0.4297999999999999,ESP
ESP,1929,both,65,11.28,76.28,49.49,122.77,0.4379999999999999,ESP
ESP,1930,both,65,11.71,76.71000000000001,49.25,138.31,0.4449,ESP
ESP,1931,both,65,11.14,76.14,49.28,129.34,0.4377,ESP
ESP,1932,both,65,11.53,76.53,51.14,119.03,0.4645,ESP
ESP,1933,both,65,11.58,76.58,51.6,116.13,0.4671,ESP
ESP,1934,both,65,11.59,76.59,52.22,114.81,0.4802,ESP
ESP,1935,both,65,11.89,76.89,52.65,114.21,0.4816,ESP
ESP,1936,both,65,11.97,76.97,51.01,114.22,0.4434,ESP
ESP,1937,both,65,11.24,76.24,47.32,131.37,0.3992,ESP
ESP,1938,both,65,10.36,75.36,47.6,121.81,0.3939,ESP
ESP,1939,both,65,10.72,75.72,47.23,127.39,0.385,ESP
ESP,1940,both,65,11.67,76.67,48.63,149.4,0.4247999999999999,ESP
ESP,1941,both,65,10.3,75.3,47.25,149.71,0.3782999999999999,ESP
ESP,1942,both,65,11.74,76.74,52.26,115.55,0.4681,ESP
ESP,1943,both,65,12.82,77.82,54.89,109.53,0.5172,ESP
ESP,1944,both,65,12.71,77.71000000000001,56.27,97.65,0.534,ESP
ESP,1945,both,65,13.31,78.31,57.79,92.04,0.5583,ESP
ESP,1946,both,65,12.6,77.6,57.59,88.13,0.5432,ESP
ESP,1947,both,65,12.91,77.91,59.13,78.54,0.5737,ESP
ESP,1948,both,65,13.78,78.78,61.31,70.74,0.607,ESP
ESP,1949,both,65,13.2,78.2,60.94,73.11,0.6022,ESP
ESP,1950,both,65,13.43,78.43,61.78,74.66,0.6204,ESP
ESP,1951,both,65,12.49,77.49,61.5,72.55,0.6147,ESP
ESP,1952,both,65,13.92,78.92,64.85,62.31,0.6653,ESP
ESP,1953,both,65,13.6,78.6,65.76,58.18,0.6819,ESP
ESP,1954,both,65,14.03,79.03,66.93,54.83,0.7006,ESP
ESP,1955,both,65,13.88,78.88,66.73,57.35,0.7006,ESP
ESP,1956,both,65,13.25,78.25,66.76,52.59,0.6992,ESP
ESP,1957,both,65,13.34,78.34,66.58,54.62,0.6956,ESP
ESP,1958,both,65,14.37,79.37,68.81,48.22,0.7321,ESP
ESP,1959,both,65,14.2,79.2,68.72,47.96,0.7311,ESP
ESP,1960,both,65,14.2,79.2,69.23,45.53,0.7392,ESP
ESP,1961,both,65,14.65,79.65,69.59,47.68,0.7434999999999999,ESP
ESP,1962,both,65,14.19,79.19,69.63,41.57,0.7432,ESP
ESP,1963,both,65,14.22,79.22,69.79,40.63,0.7445,ESP
ESP,1964,both,65,14.65,79.65,70.51,39.67,0.755,ESP
ESP,1965,both,65,14.71,79.71000000000001,70.93,37.13,0.7626000000000001,ESP
ESP,1966,both,65,14.78,79.78,71.18,35.72,0.7661,ESP
ESP,1967,both,65,14.81,79.81,71.37,34.19,0.7672,ESP
ESP,1968,both,65,14.78,79.78,71.67,31.84,0.7745000000000001,ESP
ESP,1969,both,65,14.34,79.34,71.15,30.48,0.7651,ESP
ESP,1970,both,65,14.99,79.99,72.15,28.15,0.7804000000000001,ESP
ESP,1971,both,65,14.46,79.46000000000001,71.74,25.86,0.7737999999999999,ESP
ESP,1972,both,65,15.23,80.23,72.95,22.79,0.7914,ESP
ESP,1973,both,65,14.92,79.92,72.73,21.41,0.7888,ESP
ESP,1974,both,65,15.09,80.09,73.09,20.2,0.7939,ESP
ESP,1975,both,65,15.27,80.27,73.49,18.5,0.7981999999999999,ESP
ESP,1976,both,65,15.38,80.38,73.81,17.17,0.8028,ESP
ESP,1977,both,65,15.69,80.69,74.31,15.7,0.8095,ESP
ESP,1978,both,65,15.85,80.85,74.5,15.0,0.8118000000000001,ESP
ESP,1979,both,65,16.21,81.21000000000001,74.99,13.88,0.8166,ESP
ESP,1980,both,65,16.42,81.42,75.53,11.9,0.8245999999999999,ESP
ESP,1981,both,65,16.51,81.51,75.7,11.71,0.8268000000000001,ESP
ESP,1982,both,65,16.9,81.9,76.32,11.01,0.8341,ESP
ESP,1983,both,65,16.68,81.68,76.1,10.53,0.8329000000000001,ESP
ESP,1984,both,65,17.0,82.0,76.48,9.72,0.8351999999999999,ESP
ESP,1985,both,65,16.84,81.84,76.41,8.73,0.8359000000000001,ESP
ESP,1986,both,65,17.13,82.13,76.71,9.05,0.8388,ESP
ESP,1987,both,65,17.41,82.41,76.96,8.68,0.8402,ESP
ESP,1988,both,65,17.42,82.42,76.95,7.98,0.8395,ESP
ESP,1989,both,65,17.52,82.52,77.0,7.72,0.84,ESP
ESP,1990,both,65,17.52,82.52,77.0,7.61,0.8406999999999999,ESP
ESP,1991,both,65,17.65,82.65,77.13,7.18,0.841,ESP
ESP,1992,both,65,18.01,83.01,77.59,7.05,0.8449,ESP
ESP,1993,both,65,17.98,82.98,77.73,6.53,0.8486,ESP
ESP,1994,both,65,18.25,83.25,78.11,5.88,0.8523999999999999,ESP
ESP,1995,both,65,18.29,83.28999999999999,78.2,5.43,0.8534,ESP
ESP,1996,both,65,18.37,83.37,78.34,5.49,0.8556999999999999,ESP
ESP,1997,both,65,18.53,83.53,78.85,5.01,0.8637,ESP
ESP,1998,both,65,18.45,83.45,78.94,4.79,0.8673000000000001,ESP
ESP,1999,both,65,18.41,83.41,78.95,4.51,0.8676,ESP
ESP,2000,both,65,18.82,83.82,79.42,4.41,0.8712000000000001,ESP
ESP,2001,both,65,19.05,84.05,79.74,4.03,0.8734999999999999,ESP
ESP,2002,both,65,19.09,84.09,79.82,4.11,0.8751000000000001,ESP
ESP,2003,both,65,18.99,83.99,79.75,3.94,0.8756,ESP
ESP,2004,both,65,19.42,84.42,80.33,3.99,0.8811,ESP
ESP,2005,both,65,19.31,84.31,80.32,3.73,0.8828,ESP
ESP,2006,both,65,19.85,84.85,80.96,3.52,0.8865000000000001,ESP
ESP,2007,both,65,19.79,84.78999999999999,80.97,3.44,0.8879,ESP
ESP,2008,both,65,20.0,85.0,81.28,3.37,0.8911,ESP
ESP,2009,both,65,20.2,85.2,81.63,3.1,0.8948999999999999,ESP
ESP,2010,both,65,20.49,85.49,82.01,3.15,0.898,ESP
ESP,2011,both,65,20.6,85.6,82.19,3.05,0.8996,ESP
ESP,2012,both,65,20.51,85.51,82.2,2.98,0.9018,ESP
ESP,2013,both,65,20.92,85.92,82.7,2.62,0.9044,ESP
ESP,2014,both,65,21.02,86.02,82.83,2.83,0.9062,ESP
ESP,2015,both,65,20.74,85.74,82.61,2.64,0.9064,ESP
ESP,2016,both,65,21.1,86.1,83.0,2.65,0.9083,ESP
ESP,2017,both,65,21.05,86.05,82.99,2.66,0.9096,ESP
ESP,2018,both,65,21.16,86.16,83.1,2.61,0.9097,ESP
ESP,2019,both,65,21.48,86.48,83.49,2.59,0.9124,ESP
ESP,2020,both,65,20.32,85.32,82.25,2.49,0.9059,ESP
ESP,2021,both,65,21.07,86.07,83.0,2.57,0.9086,ESP
ESP,2022,both,65,21.07,86.07,83.05,2.53,0.9109,ESP
ESP,2023,both,65,21.66,86.66,83.75,2.57,0.916,ESP
EST,1959,both,65,13.98,78.98,68.67,31.15,0.7158,EST
EST,1960,both,65,14.34,79.34,69.33,31.07,0.726,EST
EST,1961,both,65,14.19,79.19,69.64,27.99,0.7328,EST
EST,1962,both,65,13.95,78.95,69.84,24.6,0.7358,EST
EST,1963,both,65,14.3,79.3,69.88,25.5,0.7302,EST
EST,1964,both,65,14.74,79.74,70.64,25.39,0.7425,EST
EST,1965,both,65,14.33,79.33,70.71,19.74,0.7448,EST
EST,1966,both,65,14.3,79.3,70.66,19.89,0.7434999999999999,EST
EST,1967,both,65,14.55,79.55,70.98,19.07,0.746,EST
EST,1968,both,65,14.5,79.5,70.61,18.38,0.7389,EST
EST,1969,both,65,14.14,79.14,70.27,17.38,0.7322,EST
EST,1970,both,65,14.29,79.28999999999999,70.4,18.16,0.7342,EST
EST,1971,both,65,14.49,79.49,70.6,17.76,0.7368000000000001,EST
EST,1972,both,65,14.47,79.47,70.38,15.6,0.7304999999999999,EST
EST,1973,both,65,14.51,79.51,70.69,15.65,0.7340000000000001,EST
EST,1974,both,65,14.83,79.83,70.81,17.59,0.7356999999999999,EST
EST,1975,both,65,14.35,79.35,70.12,18.0,0.7254999999999999,EST
EST,1976,both,65,14.19,79.19,69.74,17.52,0.7143999999999999,EST
EST,1977,both,65,14.43,79.43,69.83,17.45,0.7128,EST
EST,1978,both,65,14.25,79.25,69.66,16.46,0.7088,EST
EST,1979,both,65,14.34,79.34,69.41,18.32,0.7005,EST
EST,1980,both,65,14.22,79.22,69.47,17.2,0.7064,EST
EST,1981,both,65,14.38,79.38,69.34,17.11,0.6959000000000001,EST
EST,1982,both,65,14.65,79.65,69.86,17.19,0.7048000000000001,EST
EST,1983,both,65,14.66,79.66,69.79,16.35,0.7017,EST
EST,1984,both,65,14.26,79.26,69.64,13.64,0.6983,EST
EST,1985,both,65,14.2,79.2,69.78,13.81,0.6999,EST
EST,1986,both,65,14.54,79.53999999999999,70.91,16.07,0.7287,EST
EST,1987,both,65,14.51,79.51,70.92,16.2,0.7306999999999999,EST
EST,1988,both,65,14.54,79.53999999999999,70.97,12.44,0.7262000000000001,EST
EST,1989,both,65,14.76,79.76,70.5,14.68,0.713,EST
EST,1990,both,65,14.37,79.37,69.92,11.65,0.7001000000000001,EST
EST,1991,both,65,14.64,79.64,69.79,12.45,0.6864,EST
EST,1992,both,65,14.41,79.41,69.16,15.35,0.6816,EST
EST,1993,both,65,14.22,79.22,68.22,14.32,0.6507,EST
EST,1994,both,65,14.17,79.17,66.74,14.24,0.6113000000000001,EST
EST,1995,both,65,14.53,79.53,67.82,14.62,0.6367,EST
EST,1996,both,65,14.84,79.84,70.03,10.4,0.6838,EST
EST,1997,both,65,15.22,80.22,70.25,9.75,0.6854,EST
EST,1998,both,65,14.86,79.86,69.84,9.29,0.6765000000000001,EST
EST,1999,both,65,15.32,80.32,70.68,9.72,0.6938,EST
EST,2000,both,65,15.34,80.34,71.02,8.65,0.7021999999999999,EST
EST,2001,both,65,15.51,80.51,70.84,8.62,0.6939,EST
EST,2002,both,65,15.56,80.56,71.37,5.72,0.7071,EST
EST,2003,both,65,15.63,80.63,71.92,6.94,0.7182,EST
EST,2004,both,65,15.92,80.92,72.38,6.6,0.7248,EST
EST,2005,both,65,16.18,81.18,73.03,5.49,0.7384999999999999,EST
EST,2006,both,65,16.31,81.31,73.19,4.52,0.7365,EST
EST,2007,both,65,16.3,81.3,73.15,5.18,0.7404000000000001,EST
EST,2008,both,65,16.72,81.72,74.28,4.99,0.7613,EST
EST,2009,both,65,17.03,82.03,75.17,3.58,0.7796,EST
EST,2010,both,65,17.22,82.22,75.88,3.33,0.797,EST
EST,2011,both,65,17.7,82.7,76.35,2.36,0.8012,EST
EST,2012,both,65,17.77,82.77,76.43,3.48,0.8023,EST
EST,2013,both,65,17.93,82.93,77.26,2.02,0.818,EST
EST,2014,both,65,18.02,83.02,77.1,2.65,0.8144,EST
EST,2015,both,65,18.25,83.25,77.66,2.53,0.8245,EST
EST,2016,both,65,18.4,83.4,77.75,2.32,0.8240999999999999,EST
EST,2017,both,65,18.38,83.38,78.19,2.32,0.8345,EST
EST,2018,both,65,18.39,83.39,78.34,1.61,0.8369,EST
EST,2019,both,65,18.69,83.69,78.79,1.55,0.8442000000000001,EST
EST,2020,both,65,18.75,83.75,78.74,1.38,0.8379000000000001,EST
EST,2021,both,65,17.47,82.47,77.15,2.18,0.8234,EST
EST,2022,both,65,18.23,83.23,78.06,2.06,0.8348,EST
EST,2023,both,65,19.01,84.01,78.96,1.67,0.8436,EST
FIN,1878,both,65,10.31,75.31,39.34,173.34,0.3104,Finland
FIN,1879,both,65,11.09,76.09,44.91,141.34,0.3764,Finland
FIN,1880,both,65,9.98,74.98,39.7,163.0,0.3065,Finland
FIN,1881,both,65,10.12,75.12,37.7,179.74,0.3005,Finland
FIN,1882,both,65,11.07,76.07,40.31,171.9,0.3374,Finland
FIN,1883,both,65,10.89,75.89,42.75,152.09,0.3595,Finland
FIN,1884,both,65,10.58,75.58,42.88,154.63,0.3599,Finland
FIN,1885,both,65,10.42,75.42,41.28,163.79,0.3443,Finland
FIN,1886,both,65,10.55,75.55,40.87,161.33,0.3402,Finland
FIN,1887,both,65,11.24,76.24,45.54,138.9,0.3821,Finland
FIN,1888,both,65,10.45,75.45,45.19,145.63,0.3746,Finland
FIN,1889,both,65,10.91,75.91,44.92,138.49,0.3762,Finland
FIN,1890,both,65,11.21,76.21000000000001,44.61,134.61,0.3767,Finland
FIN,1891,both,65,10.86,75.86,42.61,139.73,0.3636999999999999,Finland
FIN,1892,both,65,10.0,75.0,39.77,152.87,0.3229999999999999,Finland
FIN,1893,both,65,10.15,75.15,43.35,127.57,0.3609,Finland
FIN,1894,both,65,10.98,75.98,45.18,128.59,0.3885,Finland
FIN,1895,both,65,11.22,76.22,47.61,123.21,0.4138,Finland
FIN,1896,both,65,11.13,76.13,46.52,134.64,0.4054,Finland
FIN,1897,both,65,11.21,76.21000000000001,48.11,127.13,0.4211,Finland
FIN,1898,both,65,11.6,76.6,48.07,128.68,0.4282999999999999,Finland
FIN,1899,both,65,11.04,76.03999999999999,44.35,136.12,0.3813,Finland
FIN,1900,both,65,11.0,76.0,41.81,148.94,0.3557,Finland
FIN,1901,both,65,11.17,76.17,42.84,145.37,0.3665,Finland
FIN,1902,both,65,11.3,76.3,46.21,128.04,0.3961,Finland
FIN,1903,both,65,11.69,76.69,46.56,125.96,0.4056,Finland
FIN,1904,both,65,11.34,76.34,47.19,122.86,0.408,Finland
FIN,1905,both,65,11.46,76.46000000000001,46.05,131.79,0.3947,Finland
FIN,1906,both,65,11.97,76.97,47.03,121.36,0.4075999999999999,Finland
FIN,1907,both,65,11.14,76.14,46.96,112.39,0.401,Finland
FIN,1908,both,65,11.15,76.15,46.09,123.54,0.3885,Finland
FIN,1909,both,65,11.65,76.65,48.69,112.69,0.4233,Finland
FIN,1910,both,65,11.99,76.99,48.49,117.81,0.423,Finland
FIN,1911,both,65,11.6,76.6,48.72,112.13,0.4215,Finland
FIN,1912,both,65,11.51,76.51,49.12,108.78,0.4211999999999999,Finland
FIN,1913,both,65,11.53,76.53,49.04,109.3,0.4196,Finland
FIN,1914,both,65,11.62,76.62,49.73,103.11,0.4288,Finland
FIN,1915,both,65,11.15,76.15,49.56,105.04,0.426,Finland
FIN,1916,both,65,11.21,76.21000000000001,47.98,106.51,0.4018,Finland
FIN,1917,both,65,10.45,75.45,46.54,115.79,0.3807999999999999,Finland
FIN,1918,both,65,10.17,75.17,32.85,113.62,0.166,Finland
FIN,1919,both,65,10.8,75.8,42.81,123.56,0.3394,Finland
FIN,1920,both,65,11.93,76.93,47.68,103.35,0.3964999999999999,Finland
FIN,1921,both,65,11.69,76.69,52.4,94.64,0.4597,Finland
FIN,1922,both,65,11.4,76.4,51.93,98.27,0.4534,Finland
FIN,1923,both,65,12.02,77.02,52.48,95.54,0.4613,Finland
FIN,1924,both,65,11.23,76.23,50.26,103.46,0.4266,Finland
FIN,1925,both,65,12.05,77.05,53.36,85.53,0.4622,Finland
FIN,1926,both,65,11.98,76.98,53.79,84.71,0.469,Finland
FIN,1927,both,65,11.6,76.6,51.83,96.27,0.4442,Finland
FIN,1928,both,65,11.92,76.92,53.69,85.41,0.4654,Finland
FIN,1929,both,65,11.36,76.36,51.32,95.42,0.4296,Finland
FIN,1930,both,65,12.2,77.2,54.45,75.18,0.4715,Finland
FIN,1931,both,65,11.72,76.72,54.86,73.17,0.4750999999999999,Finland
FIN,1932,both,65,12.16,77.16,55.75,70.01,0.4879,Finland
FIN,1933,both,65,11.78,76.78,55.39,73.47,0.4872999999999999,Finland
FIN,1934,both,65,12.11,77.11,56.0,74.12,0.5002,Finland
FIN,1935,both,65,12.06,77.06,57.36,67.08,0.5176,Finland
FIN,1936,both,65,11.43,76.43,56.17,64.03,0.492,Finland
FIN,1937,both,65,11.9,76.9,57.04,69.64,0.511,Finland
FIN,1938,both,65,11.9,76.9,57.2,68.53,0.5114,Finland
FIN,1939,both,65,11.56,76.56,54.62,70.12,0.4744,Finland
FIN,1940,both,65,11.24,76.24,46.8,75.67,0.3509,Finland
FIN,1941,both,65,11.79,76.78999999999999,46.42,69.84,0.3442,Finland
FIN,1942,both,65,11.75,76.75,53.93,55.26,0.4579,Finland
FIN,1943,both,65,12.39,77.39,56.28,54.26,0.5022,Finland
FIN,1944,both,65,11.93,76.93,48.06,68.72,0.3851,Finland
FIN,1945,both,65,12.31,77.31,56.81,74.08,0.518,Finland
FIN,1946,both,65,12.73,77.73,60.45,54.5,0.5607,Finland
FIN,1947,both,65,12.28,77.28,60.51,58.41,0.5687,Finland
FIN,1948,both,65,12.49,77.49,61.96,51.57,0.5882000000000001,Finland
FIN,1949,both,65,11.88,76.88,61.89,46.53,0.5849,Finland
FIN,1950,both,65,12.2,77.2,64.2,41.86,0.6249,Finland
FIN,1951,both,65,12.23,77.23,65.63,34.25,0.6478,Finland
FIN,1952,both,65,12.41,77.41,66.52,32.0,0.665,Finland
FIN,1953,both,65,12.24,77.24,66.6,33.3,0.6709,Finland
FIN,1954,both,65,12.7,77.7,67.55,30.35,0.6851999999999999,Finland
FIN,1955,both,65,12.5,77.5,67.34,29.71,0.6819,Finland
FIN,1956,both,65,12.72,77.72,67.98,25.4,0.6927,Finland
FIN,1957,both,65,12.55,77.55,67.45,27.59,0.6833,Finland
FIN,1958,both,65,12.88,77.88,68.61,23.6,0.7014,Finland
FIN,1959,both,65,13.01,78.01,68.79,23.9,0.7056,Finland
FIN,1960,both,65,12.9,77.9,68.99,21.02,0.7075,Finland
FIN,1961,both,65,12.91,77.91,69.01,21.01,0.7064,Finland
FIN,1962,both,65,12.57,77.57,68.74,20.37,0.7029000000000001,Finland
FIN,1963,both,65,12.86,77.86,69.18,18.26,0.7078,Finland
FIN,1964,both,65,12.91,77.91,69.38,16.89,0.7101000000000001,Finland
FIN,1965,both,65,12.66,77.66,69.13,17.39,0.7095,Finland
FIN,1966,both,65,12.89,77.89,69.64,15.19,0.7165,Finland
FIN,1967,both,65,12.99,77.99,69.82,14.99,0.7182999999999999,Finland
FIN,1968,both,65,12.88,77.88,69.78,13.59,0.7190000000000001,Finland
FIN,1969,both,65,12.94,77.94,69.65,13.91,0.7131000000000001,Finland
FIN,1970,both,65,13.36,78.36,70.32,13.48,0.7262000000000001,Finland
FIN,1971,both,65,13.22,78.22,70.15,12.62,0.7223,Finland
FIN,1972,both,65,13.72,78.72,70.87,11.73,0.736,Finland
FIN,1973,both,65,13.97,78.97,71.36,10.51,0.7439,Finland
FIN,1974,both,65,13.99,78.99,71.29,11.41,0.7417,Finland
FIN,1975,both,65,14.3,79.3,71.84,9.74,0.7509999999999999,Finland
FIN,1976,both,65,14.31,79.31,71.99,9.96,0.7537,Finland
FIN,1977,both,65,14.67,79.67,72.51,8.94,0.7583,Finland
FIN,1978,both,65,14.86,79.86,73.08,7.53,0.7706000000000001,Finland
FIN,1979,both,65,15.06,80.06,73.36,7.6,0.7757,Finland
FIN,1980,both,65,15.08,80.08,73.65,7.56,0.7839,Finland
FIN,1981,both,65,15.31,80.31,73.96,6.5,0.7859999999999999,Finland
FIN,1982,both,65,15.7,80.7,74.53,6.02,0.7937000000000001,Finland
FIN,1983,both,65,15.54,80.53999999999999,74.44,6.11,0.7957,Finland
FIN,1984,both,65,15.8,80.8,74.74,6.38,0.799,Finland
FIN,1985,both,65,15.45,80.45,74.42,6.15,0.7965000000000001,Finland
FIN,1986,both,65,15.85,80.85,74.77,5.71,0.7985,Finland
FIN,1987,both,65,15.88,80.88,74.8,6.12,0.8008,Finland
FIN,1988,both,65,15.92,80.92,74.77,6.15,0.8003,Finland
FIN,1989,both,65,16.14,81.14,74.97,6.0,0.8015000000000001,Finland
FIN,1990,both,65,16.08,81.08,74.99,5.63,0.8051999999999999,Finland
FIN,1991,both,65,16.38,81.38,75.4,5.77,0.8109000000000001,Finland
FIN,1992,both,65,16.39,81.39,75.65,5.14,0.8166,Finland
FIN,1993,both,65,16.32,81.32,75.88,4.28,0.8234,Finland
FIN,1994,both,65,16.95,81.95,76.57,4.71,0.8309000000000001,Finland
FIN,1995,both,65,16.88,81.88,76.6,3.85,0.8317,Finland
FIN,1996,both,65,17.03,82.03,76.87,3.88,0.8375,Finland
FIN,1997,both,65,17.23,82.23,77.06,3.85,0.8384,Finland
FIN,1998,both,65,17.34,82.34,77.26,4.09,0.8406,Finland
FIN,1999,both,65,17.53,82.53,77.45,3.63,0.8419,Finland
FIN,2000,both,65,17.71,82.71000000000001,77.67,3.69,0.8449,Finland
FIN,2001,both,65,17.97,82.97,78.14,3.21,0.8515,Finland
FIN,2002,both,65,17.98,82.98,78.27,3.05,0.8545999999999999,Finland
FIN,2003,both,65,18.26,83.26,78.53,3.11,0.8545999999999999,Finland
FIN,2004,both,65,18.73,83.73,78.85,3.34,0.8523000000000001,Finland
FIN,2005,both,65,18.99,83.99,78.97,3.02,0.8491,Finland
FIN,2006,both,65,19.08,84.08,79.37,2.86,0.8583,Finland
FIN,2007,both,65,19.16,84.16,79.39,2.73,0.8568000000000001,Finland
FIN,2008,both,65,19.38,84.38,79.7,2.63,0.8593999999999999,Finland
FIN,2009,both,65,19.38,84.38,79.83,2.72,0.8637999999999999,Finland
FIN,2010,both,65,19.41,84.41,80.01,2.28,0.8678,Finland
FIN,2011,both,65,19.65,84.65,80.4,2.34,0.8726,Finland
FIN,2012,both,65,19.63,84.63,80.5,2.35,0.8768,Finland
FIN,2013,both,65,19.81,84.81,80.87,1.72,0.8809,Finland
FIN,2014,both,65,19.86,84.86,81.06,2.13,0.8859,Finland
FIN,2015,both,65,19.98,84.98,81.37,1.72,0.8906999999999999,Finland
FIN,2016,both,65,19.95,84.95,81.3,1.83,0.8903,Finland
FIN,2017,both,65,20.14,85.14,81.5,1.95,0.8924,Finland
FIN,2018,both,65,20.23,85.23,81.63,2.02,0.8933,Finland
FIN,2019,both,65,20.41,85.41,81.87,2.05,0.8983,Finland
FIN,2020,both,65,20.43,85.43,81.82,1.88,0.8951,Finland
FIN,2021,both,65,20.3,85.3,81.82,1.83,0.8968,Finland
FIN,2022,both,65,19.72,84.72,81.21,1.92,0.8953,Finland
FIN,2023,both,65,20.07,85.07,81.57,1.77,0.8978,Finland
FRANCE:_TOTAL_POPULATION,1816,both,65,10.79,75.78999999999999,40.1,179.72,0.3007,France
FRANCE:_TOTAL_POPULATION,1817,both,65,10.82,75.82,39.23,175.82,0.2874,France
FRANCE:_TOTAL_POPULATION,1818,both,65,11.07,76.07,38.6,176.79,0.2858,France
FRANCE:_TOTAL_POPULATION,1819,both,65,11.19,76.19,37.32,187.85,0.2772,France
FRANCE:_TOTAL_POPULATION,1820,both,65,10.72,75.72,39.28,173.56,0.2941,France
FRANCE:_TOTAL_POPULATION,1821,both,65,11.53,76.53,39.88,174.26,0.3115,France
FRANCE:_TOTAL_POPULATION,1822,both,65,11.38,76.38,38.37,194.3,0.299,France
FRANCE:_TOTAL_POPULATION,1823,both,65,11.38,76.38,40.04,181.23,0.3173,France
FRANCE:_TOTAL_POPULATION,1824,both,65,11.57,76.57,39.21,188.53,0.3112,France
FRANCE:_TOTAL_POPULATION,1825,both,65,11.4,76.4,38.58,182.87,0.2982,France
FRANCE:_TOTAL_POPULATION,1826,both,65,10.86,75.86,37.8,182.12,0.2863,France
FRANCE:_TOTAL_POPULATION,1827,both,65,11.1,76.1,39.41,178.36,0.3,France
FRANCE:_TOTAL_POPULATION,1828,both,65,10.89,75.89,37.6,184.81,0.2829,France
FRANCE:_TOTAL_POPULATION,1829,both,65,10.65,75.65,39.44,172.75,0.2999,France
FRANCE:_TOTAL_POPULATION,1830,both,65,10.65,75.65,39.63,169.62,0.3026,France
FRANCE:_TOTAL_POPULATION,1831,both,65,10.91,75.91,39.73,165.35,0.3107,France
FRANCE:_TOTAL_POPULATION,1832,both,65,9.86,74.86,35.87,177.1,0.2362999999999999,France
FRANCE:_TOTAL_POPULATION,1833,both,65,10.99,75.99,38.88,172.55,0.2955,France
FRANCE:_TOTAL_POPULATION,1834,both,65,10.7,75.7,35.09,202.94,0.2567,France
FRANCE:_TOTAL_POPULATION,1835,both,65,10.95,75.95,39.52,168.74,0.2996999999999999,France
FRANCE:_TOTAL_POPULATION,1836,both,65,11.12,76.12,42.0,160.59,0.3354,France
FRANCE:_TOTAL_POPULATION,1837,both,65,9.88,74.88,39.42,164.78,0.2907,France
FRANCE:_TOTAL_POPULATION,1838,both,65,10.8,75.8,39.37,167.14,0.3028,France
FRANCE:_TOTAL_POPULATION,1839,both,65,11.31,76.31,40.95,157.26,0.3228,France
FRANCE:_TOTAL_POPULATION,1840,both,65,10.9,75.9,40.41,152.04,0.3093,France
FRANCE:_TOTAL_POPULATION,1841,both,65,11.34,76.34,40.71,149.52,0.3204999999999999,France
FRANCE:_TOTAL_POPULATION,1842,both,65,10.84,75.84,40.03,163.88,0.3096,France
FRANCE:_TOTAL_POPULATION,1843,both,65,11.08,76.08,40.79,154.95,0.3243,France
FRANCE:_TOTAL_POPULATION,1844,both,65,11.18,76.18,42.33,151.12,0.3400999999999999,France
FRANCE:_TOTAL_POPULATION,1845,both,65,11.38,76.38,43.61,138.82,0.3567,France
FRANCE:_TOTAL_POPULATION,1846,both,65,11.16,76.16,40.7,161.18,0.3232,France
FRANCE:_TOTAL_POPULATION,1847,both,65,10.39,75.39,40.45,154.85,0.3039,France
FRANCE:_TOTAL_POPULATION,1848,both,65,10.69,75.69,40.33,157.71,0.3073,France
FRANCE:_TOTAL_POPULATION,1849,both,65,10.28,75.28,35.95,171.4,0.2433,France
FRANCE:_TOTAL_POPULATION,1850,both,65,11.16,76.16,43.31,142.21,0.3474,France
FRANCE:_TOTAL_POPULATION,1851,both,65,11.0,76.0,41.8,157.19,0.3358,France
FRANCE:_TOTAL_POPULATION,1852,both,65,11.01,76.01,41.35,160.23,0.3292,France
FRANCE:_TOTAL_POPULATION,1853,both,65,10.74,75.74,42.55,147.12,0.3413,France
FRANCE:_TOTAL_POPULATION,1854,both,65,9.88,74.88,36.16,173.67,0.2445,France
FRANCE:_TOTAL_POPULATION,1855,both,65,10.13,75.13,37.56,162.78,0.2738,France
FRANCE:_TOTAL_POPULATION,1856,both,65,11.09,76.09,40.19,161.27,0.3167999999999999,France
FRANCE:_TOTAL_POPULATION,1857,both,65,10.83,75.83,39.6,180.17,0.3095,France
FRANCE:_TOTAL_POPULATION,1858,both,65,10.41,75.41,39.71,174.85,0.3064,France
FRANCE:_TOTAL_POPULATION,1859,both,65,10.53,75.53,35.33,210.03,0.2664,France
FRANCE:_TOTAL_POPULATION,1860,both,65,11.1,76.1,43.34,143.94,0.3507,France
FRANCE:_TOTAL_POPULATION,1861,both,65,11.17,76.17,40.58,177.01,0.3256,France
FRANCE:_TOTAL_POPULATION,1862,both,65,11.25,76.25,42.7,162.03,0.3475,France
FRANCE:_TOTAL_POPULATION,1863,both,65,11.06,76.06,41.82,175.82,0.3372,France
FRANCE:_TOTAL_POPULATION,1864,both,65,10.68,75.68,42.06,170.34,0.3354,France
FRANCE:_TOTAL_POPULATION,1865,both,65,10.54,75.53999999999999,40.2,177.14,0.3124,France
FRANCE:_TOTAL_POPULATION,1866,both,65,10.65,75.65,41.82,154.02,0.3254999999999999,France
FRANCE:_TOTAL_POPULATION,1867,both,65,10.67,75.67,42.41,167.31,0.3419,France
FRANCE:_TOTAL_POPULATION,1868,both,65,10.59,75.59,40.29,184.86,0.3179,France
FRANCE:_TOTAL_POPULATION,1869,both,65,10.71,75.71000000000001,41.12,174.71,0.3258,France
FRANCE:_TOTAL_POPULATION,1870,both,65,9.81,74.81,36.52,186.2,0.2571,France
FRANCE:_TOTAL_POPULATION,1871,both,65,9.65,74.65,29.74,200.37,0.1684,France
FRANCE:_TOTAL_POPULATION,1872,both,65,11.5,76.5,42.5,167.89,0.3436,France
FRANCE:_TOTAL_POPULATION,1873,both,65,10.95,75.95,41.87,172.99,0.3354,France
FRANCE:_TOTAL_POPULATION,1874,both,65,11.3,76.3,44.29,158.77,0.366,France
FRANCE:_TOTAL_POPULATION,1875,both,65,10.79,75.78999999999999,43.19,156.98,0.3444,France
FRANCE:_TOTAL_POPULATION,1876,both,65,11.05,76.05,43.59,155.2,0.3502,France
FRANCE:_TOTAL_POPULATION,1877,both,65,11.33,76.33,44.29,155.94,0.3632999999999999,France
FRANCE:_TOTAL_POPULATION,1878,both,65,10.93,75.93,43.37,165.82,0.3529,France
FRANCE:_TOTAL_POPULATION,1879,both,65,10.68,75.68,43.98,156.5,0.3542,France
FRANCE:_TOTAL_POPULATION,1880,both,65,10.98,75.98,42.79,165.95,0.3461999999999999,France
FRANCE:_TOTAL_POPULATION,1881,both,65,11.4,76.4,43.48,158.7,0.3535,France
FRANCE:_TOTAL_POPULATION,1882,both,65,11.37,76.37,43.14,162.56,0.3478,France
FRANCE:_TOTAL_POPULATION,1883,both,65,11.3,76.3,43.27,162.85,0.3492,France
FRANCE:_TOTAL_POPULATION,1884,both,65,11.33,76.33,42.46,173.46,0.3418,France
FRANCE:_TOTAL_POPULATION,1885,both,65,11.36,76.36,43.94,151.02,0.3558,France
FRANCE:_TOTAL_POPULATION,1886,both,65,11.31,76.31,43.17,160.69,0.3465999999999999,France
FRANCE:_TOTAL_POPULATION,1887,both,65,11.27,76.27,43.72,158.76,0.351,France
FRANCE:_TOTAL_POPULATION,1888,both,65,11.05,76.05,44.15,160.92,0.3638,France
FRANCE:_TOTAL_POPULATION,1889,both,65,11.36,76.36,45.54,153.99,0.3824,France
FRANCE:_TOTAL_POPULATION,1890,both,65,10.72,75.72,43.43,159.93,0.3483,France
FRANCE:_TOTAL_POPULATION,1891,both,65,10.36,75.36,44.11,154.42,0.3558,France
FRANCE:_TOTAL_POPULATION,1892,both,65,10.45,75.45,43.56,176.91,0.3555,France
FRANCE:_TOTAL_POPULATION,1893,both,65,10.6,75.6,43.55,173.06,0.3557,France
FRANCE:_TOTAL_POPULATION,1894,both,65,10.95,75.95,45.49,154.84,0.3786,France
FRANCE:_TOTAL_POPULATION,1895,both,65,10.58,75.58,45.26,160.66,0.374,France
FRANCE:_TOTAL_POPULATION,1896,both,65,11.32,76.32,47.49,141.88,0.4025999999999999,France
FRANCE:_TOTAL_POPULATION,1897,both,65,11.53,76.53,47.88,150.04,0.4138,France
FRANCE:_TOTAL_POPULATION,1898,both,65,10.96,75.96000000000001,46.01,166.5,0.3876,France
FRANCE:_TOTAL_POPULATION,1899,both,65,10.98,75.98,45.17,172.51,0.3768,France
FRANCE:_TOTAL_POPULATION,1900,both,65,10.45,75.45,45.1,164.49,0.3628,France
FRANCE:_TOTAL_POPULATION,1901,both,65,11.05,76.05,47.0,150.56,0.391,France
FRANCE:_TOTAL_POPULATION,1902,both,65,11.21,76.21000000000001,47.98,140.77,0.4044,France
FRANCE:_TOTAL_POPULATION,1903,both,65,11.21,76.21000000000001,48.4,141.33,0.4133,France
FRANCE:_TOTAL_POPULATION,1904,both,65,11.15,76.15,48.07,149.31,0.4107,France
FRANCE:_TOTAL_POPULATION,1905,both,65,10.99,75.99,48.38,139.51,0.4043,France
FRANCE:_TOTAL_POPULATION,1906,both,65,10.99,75.99,47.73,147.12,0.3981,France
FRANCE:_TOTAL_POPULATION,1907,both,65,10.63,75.63,48.3,133.67,0.3948,France
FRANCE:_TOTAL_POPULATION,1908,both,65,11.14,76.14,49.29,134.35,0.4149,France
FRANCE:_TOTAL_POPULATION,1909,both,65,10.74,75.74,50.01,121.62,0.4192,France
FRANCE:_TOTAL_POPULATION,1910,both,65,11.35,76.35,51.35,114.82,0.4432,France
FRANCE:_TOTAL_POPULATION,1911,both,65,10.87,75.87,48.21,152.97,0.4119,France
FRANCE:_TOTAL_POPULATION,1912,both,65,11.51,76.51,51.55,112.97,0.4447,France
FRANCE:_TOTAL_POPULATION,1913,both,65,11.46,76.46000000000001,51.36,116.98,0.4454,France
FRANCE:_TOTAL_POPULATION,1914,both,65,10.94,75.94,38.23,114.33,0.2457,France
FRANCE:_TOTAL_POPULATION,1915,both,65,11.0,76.0,36.55,109.93,0.2202,France
FRANCE:_TOTAL_POPULATION,1916,both,65,11.16,76.16,39.75,129.97,0.2737,France
FRANCE:_TOTAL_POPULATION,1917,both,65,10.95,75.95,42.97,136.39,0.3278999999999999,France
FRANCE:_TOTAL_POPULATION,1918,both,65,11.06,76.06,34.84,153.31,0.2103,France
FRANCE:_TOTAL_POPULATION,1919,both,65,11.28,76.28,47.14,138.11,0.3922,France
FRANCE:_TOTAL_POPULATION,1920,both,65,11.93,76.93,51.82,120.98,0.4619,France
FRANCE:_TOTAL_POPULATION,1921,both,65,11.8,76.8,52.69,118.41,0.4693,France
FRANCE:_TOTAL_POPULATION,1922,both,65,11.38,76.38,54.89,89.14,0.4868,France
FRANCE:_TOTAL_POPULATION,1923,both,65,11.95,76.95,54.59,100.76,0.4906,France
FRANCE:_TOTAL_POPULATION,1924,both,65,11.66,76.66,55.19,89.64,0.4911999999999999,France
FRANCE:_TOTAL_POPULATION,1925,both,65,11.53,76.53,54.35,93.12,0.4795,France
FRANCE:_TOTAL_POPULATION,1926,both,65,11.63,76.63,53.96,100.18,0.4772999999999999,France
FRANCE:_TOTAL_POPULATION,1927,both,65,11.78,76.78,55.74,87.01,0.5058,France
FRANCE:_TOTAL_POPULATION,1928,both,65,11.96,76.96000000000001,55.41,95.22,0.504,France
FRANCE:_TOTAL_POPULATION,1929,both,65,11.2,76.2,54.24,98.31,0.4813,France
FRANCE:_TOTAL_POPULATION,1930,both,65,12.28,77.28,56.8,83.34,0.5145000000000001,France
FRANCE:_TOTAL_POPULATION,1931,both,65,11.73,76.73,56.9,78.07,0.517,France
FRANCE:_TOTAL_POPULATION,1932,both,65,12.01,77.01,57.22,80.68,0.5225,France
FRANCE:_TOTAL_POPULATION,1933,both,65,11.95,76.95,57.65,77.11,0.5256000000000001,France
FRANCE:_TOTAL_POPULATION,1934,both,65,12.32,77.32,58.3,74.17,0.5352,France
FRANCE:_TOTAL_POPULATION,1935,both,65,12.01,77.01,58.28,70.81,0.5286,France
FRANCE:_TOTAL_POPULATION,1936,both,65,12.16,77.16,58.76,70.93,0.5390999999999999,France
FRANCE:_TOTAL_POPULATION,1937,both,65,12.38,77.38,59.11,69.51,0.5447,France
FRANCE:_TOTAL_POPULATION,1938,both,65,12.2,77.2,58.93,69.89,0.54,France
FRANCE:_TOTAL_POPULATION,1939,both,65,12.06,77.06,59.55,68.29,0.5515,France
FRANCE:_TOTAL_POPULATION,1940,both,65,10.94,75.94,49.6,89.13,0.3979,France
FRANCE:_TOTAL_POPULATION,1941,both,65,11.68,76.68,57.42,79.22,0.5161,France
FRANCE:_TOTAL_POPULATION,1942,both,65,11.68,76.68,57.44,76.8,0.5266,France
FRANCE:_TOTAL_POPULATION,1943,both,65,12.15,77.15,53.3,81.78,0.4674,France
FRANCE:_TOTAL_POPULATION,1944,both,65,11.55,76.55,47.17,82.6,0.3595,France
FRANCE:_TOTAL_POPULATION,1945,both,65,12.37,77.37,54.93,112.73,0.5131,France
FRANCE:_TOTAL_POPULATION,1946,both,65,13.37,78.37,62.36,80.69,0.6275999999999999,France
FRANCE:_TOTAL_POPULATION,1947,both,65,13.53,78.53,63.95,70.98,0.6483,France
FRANCE:_TOTAL_POPULATION,1948,both,65,13.91,78.91,65.78,55.97,0.6661,France
FRANCE:_TOTAL_POPULATION,1949,both,65,12.98,77.98,64.9,59.58,0.6585,France
FRANCE:_TOTAL_POPULATION,1950,both,65,13.57,78.57,66.38,51.39,0.6756,France
FRANCE:_TOTAL_POPULATION,1951,both,65,13.15,78.15,66.09,49.59,0.67,France
FRANCE:_TOTAL_POPULATION,1952,both,65,13.74,78.74,67.39,44.96,0.6899,France
FRANCE:_TOTAL_POPULATION,1953,both,65,13.25,78.25,67.32,41.26,0.6877,France
FRANCE:_TOTAL_POPULATION,1954,both,65,13.94,78.94,68.19,40.69,0.6992,France
FRANCE:_TOTAL_POPULATION,1955,both,65,13.89,78.89,68.44,38.17,0.7039,France
FRANCE:_TOTAL_POPULATION,1956,both,65,13.66,78.66,68.46,35.87,0.703,France
FRANCE:_TOTAL_POPULATION,1957,both,65,13.94,78.94,68.89,33.53,0.7086,France
FRANCE:_TOTAL_POPULATION,1958,both,65,14.45,79.45,70.11,31.15,0.7315999999999999,France
FRANCE:_TOTAL_POPULATION,1959,both,65,14.47,79.47,70.17,29.34,0.7299,France
FRANCE:_TOTAL_POPULATION,1960,both,65,14.36,79.36,70.36,27.19,0.7317,France
FRANCE:_TOTAL_POPULATION,1961,both,65,14.85,79.85,70.96,25.7,0.7387,France
FRANCE:_TOTAL_POPULATION,1962,both,65,14.36,79.36,70.47,25.45,0.7325,France
FRANCE:_TOTAL_POPULATION,1963,both,65,14.24,79.24,70.32,25.61,0.7292000000000001,France
FRANCE:_TOTAL_POPULATION,1964,both,65,14.91,79.91,71.28,23.27,0.7425,France
FRANCE:_TOTAL_POPULATION,1965,both,65,14.65,79.65,71.11,21.61,0.7393000000000001,France
FRANCE:_TOTAL_POPULATION,1966,both,65,14.99,79.99,71.51,21.58,0.7453,France
FRANCE:_TOTAL_POPULATION,1967,both,65,14.88,79.88,71.5,20.44,0.7458,France
FRANCE:_TOTAL_POPULATION,1968,both,65,14.81,79.81,71.48,20.27,0.7467,France
FRANCE:_TOTAL_POPULATION,1969,both,65,14.6,79.6,71.2,19.62,0.7412000000000001,France
FRANCE:_TOTAL_POPULATION,1970,both,65,15.15,80.15,72.09,18.3,0.757,France
FRANCE:_TOTAL_POPULATION,1971,both,65,15.12,80.12,72.07,17.31,0.7565999999999999,France
FRANCE:_TOTAL_POPULATION,1972,both,65,15.3,80.3,72.31,16.05,0.7587999999999999,France
FRANCE:_TOTAL_POPULATION,1973,both,65,15.25,80.25,72.47,15.22,0.764,France
FRANCE:_TOTAL_POPULATION,1974,both,65,15.45,80.45,72.8,14.38,0.7674,France
FRANCE:_TOTAL_POPULATION,1975,both,65,15.42,80.42,72.9,13.42,0.769,France
FRANCE:_TOTAL_POPULATION,1976,both,65,15.59,80.59,73.12,12.71,0.7711,France
FRANCE:_TOTAL_POPULATION,1977,both,65,16.03,81.03,73.73,11.86,0.7793000000000001,France
FRANCE:_TOTAL_POPULATION,1978,both,65,15.99,80.99,73.85,10.76,0.7809999999999999,France
FRANCE:_TOTAL_POPULATION,1979,both,65,16.23,81.23,74.12,10.4,0.784,France
FRANCE:_TOTAL_POPULATION,1980,both,65,16.32,81.32,74.23,10.48,0.7863,France
FRANCE:_TOTAL_POPULATION,1981,both,65,16.3,81.3,74.4,9.9,0.7901,France
FRANCE:_TOTAL_POPULATION,1982,both,65,16.62,81.62,74.77,9.54,0.7935,France
FRANCE:_TOTAL_POPULATION,1983,both,65,16.5,81.5,74.74,8.97,0.7948999999999999,France
FRANCE:_TOTAL_POPULATION,1984,both,65,16.86,81.86,75.22,8.52,0.7995,France
FRANCE:_TOTAL_POPULATION,1985,both,65,16.83,81.83,75.31,8.43,0.802,France
FRANCE:_TOTAL_POPULATION,1986,both,65,17.04,82.03999999999999,75.58,8.17,0.8051,France
FRANCE:_TOTAL_POPULATION,1987,both,65,17.45,82.45,76.15,7.87,0.8119,France
FRANCE:_TOTAL_POPULATION,1988,both,65,17.67,82.67,76.4,7.96,0.8148000000000001,France
FRANCE:_TOTAL_POPULATION,1989,both,65,17.79,82.78999999999999,76.54,7.6,0.8164,France
FRANCE:_TOTAL_POPULATION,1990,both,65,17.97,82.97,76.84,7.41,0.8209000000000001,France
FRANCE:_TOTAL_POPULATION,1991,both,65,18.16,83.16,77.01,7.32,0.8223999999999999,France
FRANCE:_TOTAL_POPULATION,1992,both,65,18.33,83.33,77.29,6.81,0.8256999999999999,France
FRANCE:_TOTAL_POPULATION,1993,both,65,18.34,83.34,77.35,6.42,0.8265,France
FRANCE:_TOTAL_POPULATION,1994,both,65,18.65,83.65,77.77,5.99,0.8309000000000001,France
FRANCE:_TOTAL_POPULATION,1995,both,65,18.58,83.58,77.87,4.99,0.8340000000000001,France
FRANCE:_TOTAL_POPULATION,1996,both,65,18.61,83.61,78.06,4.83,0.8373999999999999,France
FRANCE:_TOTAL_POPULATION,1997,both,65,18.79,83.78999999999999,78.42,4.76,0.843,France
FRANCE:_TOTAL_POPULATION,1998,both,65,18.85,83.85,78.59,4.72,0.8456999999999999,France
FRANCE:_TOTAL_POPULATION,1999,both,65,18.93,83.93,78.75,4.43,0.8488,France
FRANCE:_TOTAL_POPULATION,2000,both,65,19.16,84.16,79.05,4.58,0.8518000000000001,France
FRANCE:_TOTAL_POPULATION,2001,both,65,19.34,84.34,79.23,4.53,0.8527,France
FRANCE:_TOTAL_POPULATION,2002,both,65,19.42,84.42,79.42,4.16,0.8552,France
FRANCE:_TOTAL_POPULATION,2003,both,65,19.34,84.34,79.42,4.09,0.8564,France
FRANCE:_TOTAL_POPULATION,2004,both,65,20.11,85.11,80.34,4.02,0.8634999999999999,France
FRANCE:_TOTAL_POPULATION,2005,both,65,20.02,85.02,80.34,3.68,0.8647,France
FRANCE:_TOTAL_POPULATION,2006,both,65,20.39,85.39,80.75,3.81,0.8671,France
FRANCE:_TOTAL_POPULATION,2007,both,65,20.52,85.52,80.96,3.67,0.8695,France
FRANCE:_TOTAL_POPULATION,2008,both,65,20.55,85.55,81.04,3.72,0.8706999999999999,France
FRANCE:_TOTAL_POPULATION,2009,both,65,20.68,85.68,81.16,3.77,0.8712000000000001,France
FRANCE:_TOTAL_POPULATION,2010,both,65,20.83,85.83,81.41,3.59,0.8737,France
FRANCE:_TOTAL_POPULATION,2011,both,65,21.13,86.13,81.79,3.36,0.8767,France
FRANCE:_TOTAL_POPULATION,2012,both,65,20.97,85.97,81.73,3.47,0.8783,France
FRANCE:_TOTAL_POPULATION,2013,both,65,21.14,86.14,81.97,3.6,0.8808,France
FRANCE:_TOTAL_POPULATION,2014,both,65,21.5,86.5,82.42,3.48,0.8845999999999999,France
FRANCE:_TOTAL_POPULATION,2015,both,65,21.23,86.23,82.14,3.64,0.8835,France
FRANCE:_TOTAL_POPULATION,2016,both,65,21.41,86.41,82.39,3.6,0.8855,France
FRANCE:_TOTAL_POPULATION,2017,both,65,21.4,86.4,82.43,3.76,0.8868,France
FRANCE:_TOTAL_POPULATION,2018,both,65,21.52,86.52,82.55,3.8,0.888,France
FRANCE:_TOTAL_POPULATION,2019,both,65,21.62,86.62,82.72,3.74,0.8905,France
FRANCE:_TOTAL_POPULATION,2020,both,65,21.02,86.02,82.19,3.5,0.8893000000000001,France
FRANCE:_TOTAL_POPULATION,2021,both,65,21.18,86.18,82.32,3.69,0.8893000000000001,France
FRANCE:_TOTAL_POPULATION,2022,both,65,21.19,86.19,82.29,3.83,0.8896,France
FRANCE:_TOTAL_POPULATION,2023,both,65,21.68,86.68,82.88,3.84,0.8944,France
GERMANY:_TOTAL_POPULATION,1990,both,65,16.16,81.16,75.35,7.08,0.8123,GERMANY: TOTAL POPULATION
GERMANY:_TOTAL_POPULATION,1991,both,65,16.37,81.37,75.56,6.47,0.8131999999999999,GERMANY: TOTAL POPULATION
GERMANY:_TOTAL_POPULATION,1992,both,65,16.67,81.67,76.01,6.06,0.8184999999999999,GERMANY: TOTAL POPULATION
GERMANY:_TOTAL_POPULATION,1993,both,65,16.65,81.65,76.09,5.76,0.8206,GERMANY: TOTAL POPULATION
GERMANY:_TOTAL_POPULATION,1994,both,65,16.85,81.85,76.39,5.49,0.825,GERMANY: TOTAL POPULATION
GERMANY:_TOTAL_POPULATION,1995,both,65,16.91,81.91,76.56,5.28,0.8286,GERMANY: TOTAL POPULATION
GERMANY:_TOTAL_POPULATION,1996,both,65,17.0,82.0,76.79,5.08,0.8329000000000001,GERMANY: TOTAL POPULATION
GERMANY:_TOTAL_POPULATION,1997,both,65,17.28,82.28,77.23,4.83,0.8395,GERMANY: TOTAL POPULATION
GERMANY:_TOTAL_POPULATION,1998,both,65,17.43,82.43,77.58,4.59,0.8458,GERMANY: TOTAL POPULATION
GERMANY:_TOTAL_POPULATION,1999,both,65,17.59,82.59,77.81,4.47,0.8493999999999999,GERMANY: TOTAL POPULATION
GERMANY:_TOTAL_POPULATION,2000,both,65,17.78,82.78,78.06,4.35,0.8521,GERMANY: TOTAL POPULATION
GERMANY:_TOTAL_POPULATION,2001,both,65,18.02,83.02,78.41,4.2,0.8561,GERMANY: TOTAL POPULATION
GERMANY:_TOTAL_POPULATION,2002,both,65,18.03,83.03,78.48,4.16,0.858,GERMANY: TOTAL POPULATION
GERMANY:_TOTAL_POPULATION,2003,both,65,18.03,83.03,78.54,4.18,0.8597,GERMANY: TOTAL POPULATION
GERMANY:_TOTAL_POPULATION,2004,both,65,18.48,83.48,79.13,4.13,0.865,GERMANY: TOTAL POPULATION
GERMANY:_TOTAL_POPULATION,2005,both,65,18.54,83.53999999999999,79.26,3.85,0.8667,GERMANY: TOTAL POPULATION
GERMANY:_TOTAL_POPULATION,2006,both,65,18.76,83.76,79.59,3.79,0.8703,GERMANY: TOTAL POPULATION
GERMANY:_TOTAL_POPULATION,2007,both,65,18.88,83.88,79.74,3.91,0.8719,GERMANY: TOTAL POPULATION
GERMANY:_TOTAL_POPULATION,2008,both,65,18.89,83.89,79.82,3.5,0.8728,GERMANY: TOTAL POPULATION
GERMANY:_TOTAL_POPULATION,2009,both,65,18.95,83.95,79.92,3.46,0.8744,GERMANY: TOTAL POPULATION
GERMANY:_TOTAL_POPULATION,2010,both,65,19.07,84.07,80.08,3.47,0.8758,GERMANY: TOTAL POPULATION
GERMANY:_TOTAL_POPULATION,2011,both,65,19.3,84.3,80.35,3.59,0.8779,GERMANY: TOTAL POPULATION
GERMANY:_TOTAL_POPULATION,2012,both,65,19.32,84.32,80.5,3.3,0.8809,GERMANY: TOTAL POPULATION
GERMANY:_TOTAL_POPULATION,2013,both,65,19.27,84.27,80.46,3.31,0.8808,GERMANY: TOTAL POPULATION
GERMANY:_TOTAL_POPULATION,2014,both,65,19.64,84.64,80.92,3.26,0.8845000000000001,GERMANY: TOTAL POPULATION
GERMANY:_TOTAL_POPULATION,2015,both,65,19.34,84.34,80.57,3.29,0.8822,GERMANY: TOTAL POPULATION
GERMANY:_TOTAL_POPULATION,2016,both,65,19.59,84.59,80.84,3.52,0.8841,GERMANY: TOTAL POPULATION
GERMANY:_TOTAL_POPULATION,2017,both,65,19.56,84.56,80.94,3.23,0.8873000000000001,GERMANY: TOTAL POPULATION
GERMANY:_TOTAL_POPULATION,2018,both,65,19.53,84.53,80.88,3.17,0.8861,GERMANY: TOTAL POPULATION
GERMANY:_TOTAL_POPULATION,2019,both,65,19.75,84.75,81.2,3.19,0.89,GERMANY: TOTAL POPULATION
GERMANY:_TOTAL_POPULATION,2020,both,65,19.54,84.53999999999999,81.01,3.06,0.8893000000000001,GERMANY: TOTAL POPULATION
GRC,1981,both,65,16.29,81.28999999999999,75.73,13.72,0.8345,GRC
GRC,1982,both,65,16.39,81.39,75.85,14.4,0.8373,GRC
GRC,1983,both,65,16.2,81.2,75.67,14.16,0.8370000000000001,GRC
GRC,1984,both,65,16.57,81.57,76.13,14.02,0.8405,GRC
GRC,1985,both,65,16.31,81.31,75.9,13.49,0.8399,GRC
GRC,1986,both,65,16.52,81.52,76.39,11.99,0.8477,GRC
GRC,1987,both,65,16.36,81.36,76.2,11.51,0.8449,GRC
GRC,1988,both,65,16.75,81.75,76.78,10.92,0.8529000000000001,GRC
GRC,1989,both,65,16.89,81.89,77.0,9.43,0.8548,GRC
GRC,1990,both,65,16.95,81.95,77.14,9.46,0.8581,GRC
GRC,1991,both,65,17.05,82.05,77.25,8.84,0.8567,GRC
GRC,1992,both,65,16.98,81.98,77.18,8.36,0.8564,GRC
GRC,1993,both,65,17.18,82.18,77.45,8.34,0.8587,GRC
GRC,1994,both,65,17.36,82.36,77.66,7.97,0.8609,GRC
GRC,1995,both,65,17.34,82.34,77.63,8.02,0.8603000000000001,GRC
GRC,1996,both,65,17.46,82.46000000000001,77.76,7.15,0.8611,GRC
GRC,1997,both,65,17.68,82.68,78.1,6.42,0.865,GRC
GRC,1998,both,65,17.64,82.64,78.08,6.6,0.8645999999999999,GRC
GRC,1999,both,65,17.75,82.75,78.18,6.1,0.8640000000000001,GRC
GRC,2000,both,65,17.72,82.72,78.32,5.42,0.8672,GRC
GRC,2001,both,65,18.09,83.09,78.75,4.9,0.87,GRC
GRC,2002,both,65,18.14,83.14,78.93,4.95,0.8737,GRC
GRC,2003,both,65,18.21,83.21000000000001,79.09,3.94,0.8748999999999999,GRC
GRC,2004,both,65,18.46,83.46000000000001,79.24,4.05,0.8740000000000001,GRC
GRC,2005,both,65,18.66,83.66,79.46,3.84,0.8763,GRC
GRC,2006,both,65,18.86,83.86,79.75,3.87,0.8783,GRC
GRC,2007,both,65,18.78,83.78,79.59,3.64,0.8759999999999999,GRC
GRC,2008,both,65,19.15,84.15,80.14,2.86,0.8798,GRC
GRC,2009,both,65,19.41,84.41,80.3,3.23,0.8802,GRC
GRC,2010,both,65,19.61,84.61,80.57,3.84,0.8820999999999999,GRC
GRC,2011,both,65,19.65,84.65,80.68,3.3,0.8835,GRC
GRC,2012,both,65,19.45,84.45,80.57,2.82,0.8837,GRC
GRC,2013,both,65,19.95,84.95,81.14,3.59,0.8872,GRC
GRC,2014,both,65,20.04,85.03999999999999,81.23,3.71,0.8876999999999999,GRC
GRC,2015,both,65,19.75,84.75,80.98,3.94,0.8874,GRC
GRC,2016,both,65,20.06,85.06,81.22,4.16,0.8872,GRC
GRC,2017,both,65,19.88,84.88,81.19,3.3,0.889,GRC
GRC,2018,both,65,20.26,85.26,81.61,3.39,0.8917,GRC
GRC,2019,both,65,20.15,85.15,81.49,3.63,0.8915000000000001,GRC
HKG,1986,both,65,17.1,82.1,76.96,7.19,0.8351999999999999,HKG
HKG,1987,both,65,16.95,81.95,77.01,6.94,0.8395999999999999,HKG
HKG,1988,both,65,17.04,82.03999999999999,77.03,7.71,0.8402,HKG
HKG,1989,both,65,17.03,82.03,77.05,6.72,0.8395,HKG
HKG,1990,both,65,17.07,82.07,77.31,5.79,0.8462999999999999,HKG
HKG,1991,both,65,17.66,82.66,77.99,6.12,0.8526,HKG
HKG,1992,both,65,17.35,82.35,77.75,4.63,0.8502,HKG
HKG,1993,both,65,17.7,82.7,78.23,4.43,0.8564,HKG
HKG,1994,both,65,18.32,83.32,78.98,4.33,0.8637999999999999,HKG
HKG,1995,both,65,18.43,83.43,79.14,4.29,0.8664000000000001,HKG
HKG,1996,both,65,18.44,83.44,79.43,3.81,0.8753,HKG
HKG,1997,both,65,18.91,83.91,79.98,3.61,0.8795999999999999,HKG
HKG,1998,both,65,18.97,83.97,80.11,3.01,0.8795999999999999,HKG
HKG,1999,both,65,19.12,84.12,80.42,3.03,0.8856999999999999,HKG
HKG,2000,both,65,19.27,84.27,80.66,3.34,0.889,HKG
HKG,2001,both,65,19.76,84.76,81.23,2.67,0.8942,HKG
HKG,2002,both,65,19.89,84.89,81.35,2.76,0.8942,HKG
HKG,2003,both,65,19.59,84.59,81.02,2.77,0.8914,HKG
HKG,2004,both,65,19.87,84.87,81.43,3.53,0.8976999999999999,HKG
HKG,2005,both,65,19.7,84.7,81.39,3.24,0.9008,HKG
HKG,2006,both,65,20.41,85.41,82.17,2.86,0.9044,HKG
HKG,2007,both,65,20.32,85.32,82.12,2.93,0.9049,HKG
HKG,2008,both,65,20.15,85.15,81.93,3.22,0.9057,HKG
HKG,2009,both,65,20.61,85.61,82.46,2.9,0.9089,HKG
HKG,2010,both,65,20.73,85.73,82.63,3.07,0.9102,HKG
HKG,2011,both,65,21.08,86.08,83.05,2.42,0.912,HKG
HKG,2012,both,65,21.08,86.08,83.08,2.78,0.9139,HKG
HKG,2013,both,65,21.55,86.55,83.61,2.14,0.9161,HKG
HKG,2014,both,65,21.56,86.56,83.7,2.1,0.9175,HKG
HKG,2015,both,65,21.71,86.71000000000001,83.9,1.56,0.9182,HKG
HKG,2016,both,65,21.94,86.94,84.04,2.06,0.9171,HKG
HKG,2017,both,65,22.29,87.28999999999999,84.43,1.88,0.9195,HKG
HKG,2018,both,65,22.52,87.52,84.76,1.64,0.9224,HKG
HKG,2019,both,65,22.65,87.65,84.84,1.61,0.9214,HKG
HKG,2020,both,65,22.65,87.65,84.89,1.82,0.9231,HKG
HKG,2021,both,65,22.87,87.87,85.17,1.33,0.9247,HKG
HKG,2022,both,65,21.48,86.48,83.6,1.62,0.9167,HKG
HKG,2023,both,65,23.01,88.01,85.2,1.46,0.9231,HKG
HRV,2001,both,65,15.56,80.56,74.56,7.57,0.7997,HRV
HRV,2002,both,65,15.52,80.52,74.72,7.04,0.8049,HRV
HRV,2003,both,65,15.35,80.35,74.65,6.38,0.8058,HRV
HRV,2004,both,65,15.91,80.91,75.42,6.23,0.8167,HRV
HRV,2005,both,65,15.82,80.82,75.32,5.78,0.8144,HRV
HRV,2006,both,65,16.19,81.19,75.86,5.18,0.8219,HRV
HRV,2007,both,65,16.06,81.06,75.7,5.76,0.8205,HRV
HRV,2008,both,65,16.32,81.32,75.91,4.59,0.8179000000000001,HRV
HRV,2009,both,65,16.35,81.35,76.18,5.41,0.8273999999999999,HRV
HRV,2010,both,65,16.53,81.53,76.62,4.35,0.8332999999999999,HRV
HRV,2011,both,65,16.9,81.9,77.03,4.56,0.8365,HRV
HRV,2012,both,65,16.89,81.89,77.18,3.62,0.8405,HRV
HRV,2013,both,65,17.25,82.25,77.61,3.98,0.8454,HRV
HRV,2014,both,65,17.32,82.32,77.75,5.02,0.8478,HRV
HRV,2015,both,65,16.96,81.96000000000001,77.34,4.01,0.8438,HRV
HRV,2016,both,65,17.38,82.38,78.0,4.36,0.8537,HRV
HRV,2017,both,65,17.22,82.22,77.8,4.01,0.8519,HRV
HRV,2018,both,65,17.46,82.46000000000001,77.98,4.3,0.8511,HRV
HRV,2019,both,65,17.66,82.66,78.28,3.95,0.856,HRV
HRV,2020,both,65,16.97,81.97,77.58,4.0,0.8509,HRV
HRV,2021,both,65,16.3,81.3,76.58,3.88,0.8353,HRV
HRV,2022,both,65,17.05,82.05,77.7,3.94,0.8540000000000001,HRV
HRV,2023,both,65,17.85,82.85,78.53,3.84,0.8588,HRV
HUN,1950,both,65,13.09,78.09,62.14,84.97,0.6201,HUN
HUN,1951,both,65,12.65,77.65,62.47,81.95,0.6313,HUN
HUN,1952,both,65,12.53,77.53,63.92,70.04,0.6489,HUN
HUN,1953,both,65,12.19,77.19,63.84,73.62,0.6562,HUN
HUN,1954,both,65,12.45,77.45,65.42,62.6,0.6792,HUN
HUN,1955,both,65,13.32,78.32,66.89,57.47,0.7001000000000001,HUN
HUN,1956,both,65,13.01,78.01,66.0,56.65,0.685,HUN
HUN,1957,both,65,12.97,77.97,66.34,58.88,0.6918000000000001,HUN
HUN,1958,both,65,13.39,78.39,67.43,55.63,0.7116,HUN
HUN,1959,both,65,12.96,77.96000000000001,67.32,50.68,0.7053,HUN
HUN,1960,both,65,13.14,78.14,68.08,46.66,0.721,HUN
HUN,1961,both,65,13.68,78.68,69.01,43.04,0.7336,HUN
HUN,1962,both,65,12.91,77.91,67.94,45.99,0.7197,HUN
HUN,1963,both,65,13.67,78.67,68.94,43.39,0.7311,HUN
HUN,1964,both,65,13.66,78.66,69.46,39.83,0.7403,HUN
HUN,1965,both,65,13.24,78.24,69.15,38.91,0.7378,HUN
HUN,1966,both,65,13.89,78.89,69.89,39.14,0.7467,HUN
HUN,1967,both,65,13.51,78.51,69.46,38.48,0.7406,HUN
HUN,1968,both,65,13.27,78.27,69.34,35.79,0.7375,HUN
HUN,1969,both,65,13.3,78.3,69.38,35.65,0.7359,HUN
HUN,1970,both,65,13.25,78.25,69.22,35.39,0.7322,HUN
HUN,1971,both,65,13.25,78.25,69.08,35.26,0.7272,HUN
HUN,1972,both,65,13.66,78.66,69.72,33.66,0.7359,HUN
HUN,1973,both,65,13.5,78.5,69.6,34.01,0.7354999999999999,HUN
HUN,1974,both,65,13.64,78.64,69.27,37.78,0.7279000000000001,HUN
HUN,1975,both,65,13.45,78.45,69.42,32.67,0.7277,HUN
HUN,1976,both,65,13.46,78.46000000000001,69.66,29.2,0.7277,HUN
HUN,1977,both,65,13.54,78.53999999999999,69.94,25.6,0.7302,HUN
HUN,1978,both,65,13.24,78.24,69.47,23.61,0.7169,HUN
HUN,1979,both,65,13.55,78.55,69.67,23.26,0.7145999999999999,HUN
HUN,1980,both,65,13.22,78.22,69.09,22.03,0.6990000000000001,HUN
HUN,1981,both,65,13.31,78.31,69.15,20.31,0.6973,HUN
HUN,1982,both,65,13.4,78.4,69.35,19.43,0.6988,HUN
HUN,1983,both,65,13.3,78.3,68.93,18.61,0.6864,HUN
HUN,1984,both,65,13.5,78.5,68.96,20.25,0.6831,HUN
HUN,1985,both,65,13.48,78.48,68.9,20.8,0.6846,HUN
HUN,1986,both,65,13.51,78.51,69.11,18.78,0.6859000000000001,HUN
HUN,1987,both,65,13.78,78.78,69.56,17.19,0.6923999999999999,HUN
HUN,1988,both,65,13.98,78.98,69.94,15.69,0.6969,HUN
HUN,1989,both,65,13.89,78.89,69.39,15.66,0.6825,HUN
HUN,1990,both,65,13.91,78.91,69.37,15.04,0.6809999999999999,HUN
HUN,1991,both,65,14.05,79.05,69.44,15.6,0.6806,HUN
HUN,1992,both,65,13.95,78.95,69.17,13.77,0.6709999999999999,HUN
HUN,1993,both,65,13.98,78.98,69.18,12.27,0.6665000000000001,HUN
HUN,1994,both,65,14.18,79.18,69.6,11.38,0.6744,HUN
HUN,1995,both,65,14.3,79.3,69.97,10.65,0.6816,HUN
HUN,1996,both,65,14.32,79.32,70.6,10.43,0.7001999999999999,HUN
HUN,1997,both,65,14.59,79.59,71.0,9.62,0.7055,HUN
HUN,1998,both,65,14.65,79.65,70.92,9.56,0.7021,HUN
HUN,1999,both,65,14.53,79.53,71.04,8.36,0.7058,HUN
HUN,2000,both,65,15.0,80.0,71.76,9.36,0.72,HUN
HUN,2001,both,65,15.26,80.26,72.4,8.08,0.7321,HUN
HUN,2002,both,65,15.3,80.3,72.51,7.28,0.7341,HUN
HUN,2003,both,65,15.19,80.19,72.52,7.26,0.7337,HUN
HUN,2004,both,65,15.51,80.51,72.91,6.73,0.738,HUN
HUN,2005,both,65,15.41,80.41,72.86,6.3,0.7383,HUN
HUN,2006,both,65,15.76,80.76,73.34,5.84,0.7434999999999999,HUN
HUN,2007,both,65,15.81,80.81,73.43,5.89,0.7448,HUN
HUN,2008,both,65,16.06,81.06,73.96,5.68,0.7535,HUN
HUN,2009,both,65,16.11,81.11,74.18,5.11,0.7573000000000001,HUN
HUN,2010,both,65,16.18,81.18,74.52,5.18,0.7655,HUN
HUN,2011,both,65,16.36,81.36,74.91,4.95,0.773,HUN
HUN,2012,both,65,16.4,81.4,75.18,4.91,0.7812,HUN
HUN,2013,both,65,16.64,81.64,75.68,5.1,0.7907,HUN
HUN,2014,both,65,16.76,81.76,75.85,4.61,0.7923,HUN
HUN,2015,both,65,16.53,81.53,75.65,4.11,0.7911,HUN
HUN,2016,both,65,16.86,81.86,76.16,3.96,0.7981,HUN
HUN,2017,both,65,16.62,81.62,76.0,3.48,0.7984,HUN
HUN,2018,both,65,16.74,81.74,76.2,3.24,0.8007,HUN
HUN,2019,both,65,16.87,81.87,76.45,3.63,0.8069,HUN
HUN,2020,both,65,16.2,81.2,75.72,3.4,0.7985,HUN
IRL,1950,both,65,13.01,78.01,65.57,44.35,0.6586,IRL
IRL,1951,both,65,12.0,77.0,64.75,44.49,0.645,IRL
IRL,1952,both,65,13.38,78.38,67.16,41.77,0.6878,IRL
IRL,1953,both,65,13.49,78.49,67.91,38.67,0.6990000000000001,IRL
IRL,1954,both,65,13.25,78.25,68.0,37.68,0.6990999999999999,IRL
IRL,1955,both,65,12.9,77.9,68.0,36.36,0.7015,IRL
IRL,1956,both,65,13.56,78.56,68.96,35.19,0.7172,IRL
IRL,1957,both,65,13.46,78.46000000000001,69.0,33.07,0.7149,IRL
IRL,1958,both,65,13.47,78.47,69.27,34.63,0.7228,IRL
IRL,1959,both,65,13.41,78.41,69.42,31.83,0.7282,IRL
IRL,1960,both,65,13.85,78.85,70.17,28.67,0.7356999999999999,IRL
IRL,1961,both,65,13.33,78.33,69.64,29.38,0.731,IRL
IRL,1962,both,65,13.58,78.58,69.95,29.09,0.7328,IRL
IRL,1963,both,65,13.53,78.53,70.19,26.65,0.7361,IRL
IRL,1964,both,65,13.98,78.98,70.45,26.6,0.7334999999999999,IRL
IRL,1965,both,65,13.71,78.71000000000001,70.64,24.76,0.7426999999999999,IRL
IRL,1966,both,65,13.2,78.2,70.15,24.25,0.7361,IRL
IRL,1967,both,65,14.09,79.09,71.2,23.96,0.7505,IRL
IRL,1968,both,65,13.73,78.73,70.88,20.76,0.7426,IRL
IRL,1969,both,65,13.6,78.6,70.8,20.64,0.7406,IRL
IRL,1970,both,65,13.65,78.65,70.83,19.44,0.7394,IRL
IRL,1971,both,65,14.12,79.12,71.62,18.29,0.7534000000000001,IRL
IRL,1972,both,65,13.64,78.64,70.96,18.13,0.7442,IRL
IRL,1973,both,65,13.7,78.7,71.17,17.86,0.7486,IRL
IRL,1974,both,65,13.54,78.53999999999999,71.11,17.72,0.7495999999999999,IRL
IRL,1975,both,65,13.94,78.94,71.69,17.18,0.7597,IRL
IRL,1976,both,65,13.76,78.76,71.8,15.53,0.7637,IRL
IRL,1977,both,65,13.93,78.93,71.94,15.59,0.764,IRL
IRL,1978,both,65,14.03,79.03,71.93,14.84,0.7605,IRL
IRL,1979,both,65,14.05,79.05,72.18,12.87,0.7642,IRL
IRL,1980,both,65,14.15,79.15,72.54,11.15,0.7679,IRL
IRL,1981,both,65,14.28,79.28,72.89,10.16,0.7781999999999999,IRL
IRL,1982,both,65,14.46,79.46000000000001,73.16,10.4,0.7829,IRL
IRL,1983,both,65,14.43,79.43,73.18,9.82,0.7816,IRL
IRL,1984,both,65,14.68,79.68,73.62,9.49,0.7887000000000001,IRL
IRL,1985,both,65,14.42,79.42,73.56,8.74,0.7912,IRL
IRL,1986,both,65,14.36,79.36,73.61,8.88,0.7934,IRL
IRL,1987,both,65,14.94,79.94,74.41,7.78,0.8048000000000001,IRL
IRL,1988,both,65,15.0,80.0,74.43,8.54,0.8062999999999999,IRL
IRL,1989,both,65,14.92,79.92,74.45,7.91,0.8105,IRL
IRL,1990,both,65,15.25,80.25,74.84,8.24,0.8146,IRL
IRL,1991,both,65,15.33,80.33,75.03,7.54,0.8192,IRL
IRL,1992,both,65,15.47,80.47,75.43,6.34,0.8284999999999999,IRL
IRL,1993,both,65,15.27,80.27,75.29,6.04,0.8271999999999999,IRL
IRL,1994,both,65,15.68,80.68,75.8,5.69,0.8331999999999999,IRL
IRL,1995,both,65,15.45,80.45,75.48,6.33,0.8317,IRL
IRL,1996,both,65,15.71,80.71000000000001,75.83,6.16,0.8378,IRL
IRL,1997,both,65,15.89,80.89,75.98,6.21,0.8384999999999999,IRL
IRL,1998,both,65,16.05,81.05,76.19,5.98,0.8412999999999999,IRL
IRL,1999,both,65,15.9,80.9,76.1,5.91,0.8438,IRL
IRL,2000,both,65,16.35,81.35,76.54,6.22,0.8471,IRL
IRL,2001,both,65,16.79,81.78999999999999,77.11,6.03,0.8539,IRL
IRL,2002,both,65,17.09,82.09,77.61,5.36,0.8603000000000001,IRL
IRL,2003,both,65,17.43,82.43,78.12,5.38,0.8645999999999999,IRL
IRL,2004,both,65,17.75,82.75,78.52,4.67,0.8689,IRL
IRL,2005,both,65,18.02,83.02,78.92,3.85,0.8744,IRL
IRL,2006,both,65,18.17,83.17,79.16,4.06,0.8774,IRL
IRL,2007,both,65,18.38,83.38,79.28,3.7,0.8764,IRL
IRL,2008,both,65,18.62,83.62,79.53,4.17,0.8783,IRL
IRL,2009,both,65,18.87,83.87,79.8,3.61,0.8795000000000001,IRL
IRL,2010,both,65,19.17,84.17,80.34,3.86,0.8878,IRL
IRL,2011,both,65,19.34,84.34,80.5,3.7,0.8872,IRL
IRL,2012,both,65,19.35,84.35,80.57,3.53,0.8887,IRL
IRL,2013,both,65,19.43,84.43,80.78,3.68,0.8926000000000001,IRL
IRL,2014,both,65,19.64,84.64,80.99,3.66,0.8943000000000001,IRL
IRL,2015,both,65,19.61,84.61,81.07,3.77,0.8973,IRL
IRL,2016,both,65,19.67,84.67,81.22,3.42,0.8989,IRL
IRL,2017,both,65,19.96,84.96000000000001,81.61,3.26,0.9031,IRL
IRL,2018,both,65,20.04,85.03999999999999,81.64,3.04,0.9018,IRL
IRL,2019,both,65,20.32,85.32,81.91,3.2,0.902,IRL
IRL,2020,both,65,20.22,85.22,81.9,3.36,0.9048,IRL
IRL,2021,both,65,20.09,85.09,81.7,3.61,0.901,IRL
IRL,2022,both,65,20.2,85.2,81.99,3.28,0.9065,IRL
ISL,1838,both,65,9.79,74.78999999999999,32.54,308.02,0.2012999999999999,Iceland
ISL,1839,both,65,9.64,74.64,28.07,316.38,0.1572,Iceland
ISL,1840,both,65,11.4,76.4,32.08,300.34,0.2241,Iceland
ISL,1841,both,65,11.41,76.41,40.35,260.8,0.3251,Iceland
ISL,1842,both,65,11.54,76.53999999999999,40.23,218.19,0.2703,Iceland
ISL,1843,both,65,5.23,70.23,25.5,356.04,0.0507,Iceland
ISL,1844,both,65,13.94,78.94,42.97,230.31,0.3332,Iceland
ISL,1845,both,65,12.12,77.12,41.47,247.47,0.295,Iceland
ISL,1846,both,65,5.58,70.58,18.68,534.11,0.0527,Iceland
ISL,1847,both,65,15.21,80.21000000000001,33.41,364.93,0.2425,Iceland
ISL,1848,both,65,14.85,79.85,41.78,253.18,0.3128,Iceland
ISL,1849,both,65,15.62,80.62,37.34,250.1,0.3162,Iceland
ISL,1850,both,65,15.45,80.45,36.74,253.49,0.3182999999999999,Iceland
ISL,1851,both,65,11.55,76.55,30.14,248.75,0.2203,Iceland
ISL,1852,both,65,12.84,77.84,42.15,219.69,0.335,Iceland
ISL,1853,both,65,13.37,78.37,48.69,202.14,0.4332,Iceland
ISL,1854,both,65,13.01,78.01,43.16,222.11,0.3342,Iceland
ISL,1855,both,65,8.39,73.39,38.24,248.96,0.2364,Iceland
ISL,1856,both,65,12.61,77.61,42.41,236.39,0.3497999999999999,Iceland
ISL,1857,both,65,13.32,78.32,39.52,225.35,0.3309,Iceland
ISL,1858,both,65,11.93,76.93,34.88,225.47,0.2415,Iceland
ISL,1859,both,65,8.31,73.31,29.82,277.18,0.1588,Iceland
ISL,1860,both,65,7.46,72.46,19.84,306.91,0.0907,Iceland
ISL,1861,both,65,10.44,75.44,27.18,268.08,0.1726,Iceland
ISL,1862,both,65,6.42,71.42,27.1,315.55,0.1046,Iceland
ISL,1863,both,65,8.31,73.31,35.22,222.73,0.1812,Iceland
ISL,1864,both,65,10.56,75.56,34.97,235.65,0.2246,Iceland
ISL,1865,both,65,10.06,75.06,34.24,226.21,0.2108,Iceland
ISL,1866,both,65,5.66,70.66,27.28,274.33,0.0838,Iceland
ISL,1867,both,65,12.47,77.47,37.67,248.58,0.2697,Iceland
ISL,1868,both,65,11.52,76.52,34.79,257.2,0.2214999999999999,Iceland
ISL,1869,both,65,8.73,73.73,28.17,309.61,0.1442999999999999,Iceland
ISL,1870,both,65,10.7,75.7,38.44,218.48,0.2515,Iceland
ISL,1871,both,65,10.57,75.57,35.14,246.18,0.2259,Iceland
ISL,1872,both,65,10.2,75.2,25.31,334.27,0.1565,Iceland
ISL,1873,both,65,9.18,74.18,36.69,196.32,0.2084,Iceland
ISL,1874,both,65,12.75,77.75,39.63,165.75,0.3106,Iceland
ISL,1875,both,65,13.2,78.2,36.61,180.41,0.2731,Iceland
ISL,1876,both,65,12.47,77.47,40.34,184.62,0.3252,Iceland
ISL,1877,both,65,12.33,77.33,44.69,143.01,0.3605,Iceland
ISL,1878,both,65,11.03,76.03,41.37,181.92,0.3087999999999999,Iceland
ISL,1879,both,65,9.75,74.75,39.49,139.76,0.2239999999999999,Iceland
ISL,1880,both,65,11.11,76.11,42.41,168.98,0.3373,Iceland
ISL,1881,both,65,11.8,76.8,35.96,224.48,0.2758,Iceland
ISL,1882,both,65,10.4,75.4,17.94,411.1,0.0992,Iceland
ISL,1883,both,65,10.33,75.33,29.78,271.23,0.1846,Iceland
ISL,1884,both,65,12.95,77.95,42.11,151.65,0.314,Iceland
ISL,1885,both,65,12.64,77.64,45.64,148.13,0.3785,Iceland
ISL,1886,both,65,11.58,76.58,45.05,137.05,0.3595,Iceland
ISL,1887,both,65,9.97,74.97,40.69,155.9,0.2692,Iceland
ISL,1888,both,65,11.51,76.51,46.76,129.06,0.3561999999999999,Iceland
ISL,1889,both,65,12.1,77.1,52.51,101.2,0.4224,Iceland
ISL,1890,both,65,9.7,74.7,36.76,228.09,0.2269,Iceland
ISL,1891,both,65,12.14,77.14,47.33,148.99,0.3948,Iceland
ISL,1892,both,65,12.25,77.25,52.79,104.83,0.4403,Iceland
ISL,1893,both,65,12.24,77.24,52.57,91.39,0.4239,Iceland
ISL,1894,both,65,8.31,73.31,44.8,126.68,0.2732,Iceland
ISL,1895,both,65,13.95,78.95,52.37,137.07,0.4487,Iceland
ISL,1896,both,65,13.32,78.32,53.17,104.37,0.4799,Iceland
ISL,1897,both,65,12.39,77.39,48.58,128.39,0.4045,Iceland
ISL,1898,both,65,11.19,76.19,44.35,144.97,0.3261,Iceland
ISL,1899,both,65,11.3,76.3,49.75,92.74,0.381,Iceland
ISL,1900,both,65,10.41,75.41,46.59,126.39,0.3439,Iceland
ISL,1901,both,65,12.91,77.91,52.93,83.3,0.4435,Iceland
ISL,1902,both,65,12.94,77.94,50.93,118.94,0.4608,Iceland
ISL,1903,both,65,13.25,78.25,48.7,122.4,0.434,Iceland
ISL,1904,both,65,12.22,77.22,52.67,77.01,0.4536,Iceland
ISL,1905,both,65,11.22,76.22,49.45,105.98,0.3939,Iceland
ISL,1906,both,65,12.92,77.92,53.51,83.43,0.4639,Iceland
ISL,1907,both,65,12.53,77.53,49.76,115.61,0.4266,Iceland
ISL,1908,both,65,12.01,77.01,45.71,162.19,0.4057,Iceland
ISL,1909,both,65,13.35,78.35,52.46,120.23,0.4897999999999999,Iceland
ISL,1910,both,65,12.51,77.51,52.64,102.11,0.4623,Iceland
ISL,1911,both,65,13.97,78.97,55.39,80.94,0.5062,Iceland
ISL,1912,both,65,13.16,78.16,55.99,66.67,0.5125,Iceland
ISL,1913,both,65,13.26,78.26,58.94,66.04,0.5616,Iceland
ISL,1914,both,65,12.4,77.4,51.91,91.95,0.4415,Iceland
ISL,1915,both,65,12.31,77.31,53.52,69.77,0.4526,Iceland
ISL,1916,both,65,12.5,77.5,54.41,79.7,0.5028,Iceland
ISL,1917,both,65,13.2,78.2,59.0,60.12,0.5672999999999999,Iceland
ISL,1918,both,65,12.86,77.86,51.07,46.6,0.3971,Iceland
ISL,1919,both,65,12.94,77.94,58.46,69.72,0.5649000000000001,Iceland
ISL,1920,both,65,13.07,78.07,54.63,86.17,0.5091,Iceland
ISL,1921,both,65,11.6,76.6,54.13,54.13,0.4717,Iceland
ISL,1922,both,65,12.99,77.99,56.89,54.67,0.5115999999999999,Iceland
ISL,1923,both,65,12.56,77.56,57.68,51.56,0.5284,Iceland
ISL,1924,both,65,12.57,77.57,54.08,55.58,0.4765,Iceland
ISL,1925,both,65,13.92,78.92,58.22,46.63,0.5318,Iceland
ISL,1926,both,65,14.75,79.75,60.72,50.46,0.5721,Iceland
ISL,1927,both,65,14.16,79.16,58.09,79.99,0.5659000000000001,Iceland
ISL,1928,both,65,14.77,79.77,61.71,45.44,0.5887,Iceland
ISL,1929,both,65,13.8,78.8,60.54,43.6,0.5764,Iceland
ISL,1930,both,65,14.48,79.48,60.18,46.99,0.5598,Iceland
ISL,1931,both,65,14.05,79.05,60.84,48.37,0.57,Iceland
ISL,1932,both,65,14.85,79.85,62.08,44.23,0.5934,Iceland
ISL,1933,both,65,15.21,80.21000000000001,62.91,41.6,0.6074,Iceland
ISL,1934,both,65,14.78,79.78,63.35,52.3,0.6203,Iceland
ISL,1935,both,65,14.06,79.06,59.49,66.11,0.5803,Iceland
ISL,1936,both,65,14.53,79.53,62.69,47.66,0.6285000000000001,Iceland
ISL,1937,both,65,13.15,78.15,63.47,30.96,0.6282,Iceland
ISL,1938,both,65,14.05,79.05,65.02,28.39,0.6396999999999999,Iceland
ISL,1939,both,65,14.28,79.28,65.98,36.59,0.6725,Iceland
ISL,1940,both,65,14.26,79.26,65.77,36.82,0.6742,Iceland
ISL,1941,both,65,14.19,79.19,63.12,34.74,0.6118,Iceland
ISL,1942,both,65,14.88,79.88,64.12,54.42,0.6347999999999999,Iceland
ISL,1943,both,65,14.65,79.65,65.22,31.07,0.6474,Iceland
ISL,1944,both,65,14.99,79.99,66.72,39.79,0.6833,Iceland
ISL,1945,both,65,15.36,80.36,67.55,34.43,0.688,Iceland
ISL,1946,both,65,16.17,81.17,68.49,28.84,0.6919,Iceland
ISL,1947,both,65,15.33,80.33,69.32,23.32,0.7058,Iceland
ISL,1948,both,65,15.55,80.55,70.2,26.18,0.7351000000000001,Iceland
ISL,1949,both,65,15.04,80.03999999999999,71.39,24.15,0.7653,Iceland
ISL,1950,both,65,15.48,80.48,71.03,22.26,0.7426,Iceland
ISL,1951,both,65,15.84,80.84,71.02,26.42,0.7342,Iceland
ISL,1952,both,65,15.89,80.89,72.44,21.01,0.7691,Iceland
ISL,1953,both,65,15.62,80.62,72.29,19.37,0.7815000000000001,Iceland
ISL,1954,both,65,15.72,80.72,73.34,18.21,0.8024,Iceland
ISL,1955,both,65,16.0,81.0,73.29,22.62,0.7918000000000001,Iceland
ISL,1956,both,65,15.48,80.48,72.92,17.7,0.7870999999999999,Iceland
ISL,1957,both,65,15.49,80.49,73.4,17.07,0.7956,Iceland
ISL,1958,both,65,15.88,80.88,73.35,18.48,0.7883,Iceland
ISL,1959,both,65,15.77,80.77,72.64,16.71,0.7684000000000001,Iceland
ISL,1960,both,65,16.09,81.09,74.06,13.21,0.794,Iceland
ISL,1961,both,65,15.65,80.65,73.39,18.44,0.7911,Iceland
ISL,1962,both,65,15.98,80.98,73.63,17.35,0.7956,Iceland
ISL,1963,both,65,15.81,80.81,72.96,17.19,0.7763,Iceland
ISL,1964,both,65,15.81,80.81,73.53,17.54,0.7931,Iceland
ISL,1965,both,65,16.32,81.32,73.81,15.07,0.7848,Iceland
ISL,1966,both,65,15.52,80.52,73.15,13.76,0.7842,Iceland
ISL,1967,both,65,15.55,80.55,73.7,12.97,0.7966,Iceland
ISL,1968,both,65,15.96,80.96000000000001,73.89,13.51,0.7943000000000001,Iceland
ISL,1969,both,65,15.6,80.6,73.67,11.6,0.7897,Iceland
ISL,1970,both,65,15.75,80.75,73.79,12.93,0.7867000000000001,Iceland
ISL,1971,both,65,15.82,80.82,73.51,13.64,0.7845,Iceland
ISL,1972,both,65,16.26,81.26,74.42,12.03,0.7868,Iceland
ISL,1973,both,65,16.23,81.23,74.29,9.51,0.7951,Iceland
ISL,1974,both,65,16.44,81.44,74.3,11.4,0.7879999999999999,Iceland
ISL,1975,both,65,17.26,82.26,75.3,12.99,0.7998000000000001,Iceland
ISL,1976,both,65,17.37,82.37,76.68,7.72,0.826,Iceland
ISL,1977,both,65,17.34,82.34,76.08,9.35,0.8240999999999999,Iceland
ISL,1978,both,65,17.89,82.89,76.38,11.81,0.8122,Iceland
ISL,1979,both,65,17.73,82.73,76.58,5.53,0.8136,Iceland
ISL,1980,both,65,17.29,82.28999999999999,76.6,7.67,0.8298000000000001,Iceland
ISL,1981,both,65,16.65,81.65,76.3,5.93,0.8288,Iceland
ISL,1982,both,65,17.33,82.33,76.93,7.01,0.8340000000000001,Iceland
ISL,1983,both,65,17.05,82.05,76.56,5.69,0.8312999999999999,Iceland
ISL,1984,both,65,17.4,82.4,77.39,5.61,0.8462999999999999,Iceland
ISL,1985,both,65,17.26,82.26,77.51,5.54,0.8547,Iceland
ISL,1986,both,65,17.93,82.93,78.02,3.1,0.8501000000000001,Iceland
ISL,1987,both,65,17.35,82.35,77.19,7.47,0.8456999999999999,Iceland
ISL,1988,both,65,17.18,82.18,77.04,6.5,0.836,Iceland
ISL,1989,both,65,17.58,82.58,78.11,5.43,0.861,Iceland
ISL,1990,both,65,17.93,82.93,77.91,5.92,0.8481000000000001,Iceland
ISL,1991,both,65,17.59,82.59,77.89,5.32,0.8548,Iceland
ISL,1992,both,65,17.97,82.97,78.73,4.8,0.8686,Iceland
ISL,1993,both,65,17.94,82.94,78.94,4.67,0.8745999999999999,Iceland
ISL,1994,both,65,18.35,83.35,79.19,3.09,0.871,Iceland
ISL,1995,both,65,17.67,82.67,77.99,5.92,0.8628,Iceland
ISL,1996,both,65,17.75,82.75,78.81,3.71,0.8764,Iceland
ISL,1997,both,65,18.16,83.16,78.86,5.34,0.8658,Iceland
ISL,1998,both,65,18.26,83.26,79.62,2.62,0.8881999999999999,Iceland
ISL,1999,both,65,18.18,83.18,79.41,2.38,0.8798,Iceland
ISL,2000,both,65,18.8,83.8,79.7,3.05,0.8772,Iceland
ISL,2001,both,65,19.24,84.24,80.57,2.57,0.8917,Iceland
ISL,2002,both,65,19.15,84.15,80.43,2.17,0.8883,Iceland
ISL,2003,both,65,19.15,84.15,81.0,2.44,0.9024,Iceland
ISL,2004,both,65,19.38,84.38,80.9,2.82,0.8954000000000001,Iceland
ISL,2005,both,65,19.56,84.56,81.37,2.36,0.9016,Iceland
ISL,2006,both,65,19.53,84.53,81.08,1.36,0.8963,Iceland
ISL,2007,both,65,19.48,84.48,81.24,2.0,0.9031,Iceland
ISL,2008,both,65,19.36,84.36,81.42,2.52,0.9111,Iceland
ISL,2009,both,65,19.66,84.66,81.62,1.83,0.909,Iceland
ISL,2010,both,65,19.75,84.75,81.73,2.22,0.9142,Iceland
ISL,2011,both,65,19.98,84.98,82.11,0.85,0.9138,Iceland
ISL,2012,both,65,20.46,85.46000000000001,82.55,1.13,0.9121,Iceland
ISL,2013,both,65,19.79,84.78999999999999,81.86,1.8,0.9134,Iceland
ISL,2014,both,65,20.57,85.57,82.57,2.08,0.9117,Iceland
ISL,2015,both,65,20.25,85.25,82.3,2.12,0.9165,Iceland
ISL,2016,both,65,19.8,84.8,81.99,0.74,0.9166,Iceland
ISL,2017,both,65,20.35,85.35,82.32,2.72,0.916,Iceland
ISL,2018,both,65,20.59,85.59,82.56,1.7,0.9138,Iceland
ISL,2019,both,65,20.82,85.82,82.9,1.15,0.9134,Iceland
ISL,2020,both,65,20.88,85.88,82.76,2.87,0.9128,Iceland
ISL,2021,both,65,21.01,86.01,82.89,3.38,0.9145,Iceland
ISL,2022,both,65,20.07,85.07,82.05,1.29,0.9108,Iceland
ISL,2023,both,65,20.78,85.78,82.29,2.3,0.9033,Iceland
ISR,1983,both,65,15.7,80.7,74.82,13.89,0.8172,ISR
ISR,1984,both,65,15.93,80.93,75.12,12.67,0.8190999999999999,ISR
ISR,1985,both,65,16.04,81.03999999999999,75.45,11.92,0.825,ISR
ISR,1986,both,65,15.82,80.82,75.27,11.61,0.8217,ISR
ISR,1987,both,65,16.15,81.15,75.66,11.02,0.8255,ISR
ISR,1988,both,65,16.38,81.38,76.02,10.09,0.8321,ISR
ISR,1989,both,65,16.81,81.81,76.61,10.04,0.8392000000000001,ISR
ISR,1990,both,65,17.15,82.15,77.08,9.94,0.8452,ISR
ISR,1991,both,65,16.92,81.92,76.94,9.19,0.8447,ISR
ISR,1992,both,65,16.84,81.84,76.8,9.52,0.8422,ISR
ISR,1993,both,65,17.2,82.2,77.39,7.8,0.8504,ISR
ISR,1994,both,65,17.34,82.34,77.64,7.58,0.8540000000000001,ISR
ISR,1995,both,65,17.22,82.22,77.62,6.81,0.8564,ISR
ISR,1996,both,65,17.72,82.72,78.23,6.36,0.8618000000000001,ISR
ISR,1997,both,65,17.68,82.68,78.16,6.47,0.8634000000000001,ISR
ISR,1998,both,65,17.77,82.77,78.36,6.02,0.8639,ISR
ISR,1999,both,65,17.89,82.89,78.65,5.89,0.8708,ISR
ISR,2000,both,65,18.1,83.1,78.85,5.5,0.872,ISR
ISR,2001,both,65,18.45,83.45,79.27,5.12,0.8771,ISR
ISR,2002,both,65,18.49,83.49,79.28,5.43,0.8771,ISR
ISR,2003,both,65,18.63,83.63,79.64,5.04,0.8820999999999999,ISR
ISR,2004,both,65,18.97,83.97,80.11,4.65,0.8868,ISR
ISR,2005,both,65,19.03,84.03,80.2,4.35,0.8861,ISR
ISR,2006,both,65,19.27,84.27,80.57,4.06,0.8917,ISR
ISR,2007,both,65,19.26,84.26,80.67,3.95,0.8939,ISR
ISR,2008,both,65,19.59,84.59,81.02,3.91,0.8956999999999999,ISR
ISR,2009,both,65,19.98,84.98,81.53,3.93,0.9004000000000001,ISR
ISR,2010,both,65,20.05,85.05,81.67,3.72,0.9026,ISR
ISR,2011,both,65,20.06,85.06,81.72,3.53,0.9017,ISR
ISR,2012,both,65,20.0,85.0,81.77,3.61,0.9057,ISR
ISR,2013,both,65,20.34,85.34,82.12,3.14,0.9055,ISR
ISR,2014,both,65,20.46,85.46000000000001,82.26,3.15,0.9076,ISR
ISR,2015,both,65,20.29,85.28999999999999,82.16,3.15,0.9088,ISR
ISR,2016,both,65,20.63,85.63,82.5,3.15,0.9098,ISR
ITA,1872,both,65,10.19,75.19,29.76,233.41,0.2122,Italy
ITA,1873,both,65,9.56,74.56,31.66,207.17,0.2255,Italy
ITA,1874,both,65,9.28,74.28,31.81,214.31,0.2246999999999999,Italy
ITA,1875,both,65,9.66,74.66,31.39,218.2,0.2244,Italy
ITA,1876,both,65,10.58,75.58,33.67,203.88,0.2498999999999999,Italy
ITA,1877,both,65,10.33,75.33,34.96,199.28,0.2603999999999999,Italy
ITA,1878,both,65,9.98,74.98,34.39,199.18,0.2517,Italy
ITA,1879,both,65,9.78,74.78,34.01,207.26,0.2487,Italy
ITA,1880,both,65,9.3,74.3,32.82,213.27,0.2307,Italy
ITA,1881,both,65,10.35,75.35,34.27,219.57,0.2666,Italy
ITA,1882,both,65,10.51,75.51,34.35,214.4,0.2739,Italy
ITA,1883,both,65,10.41,75.41,35.23,196.02,0.2822,Italy
ITA,1884,both,65,10.66,75.66,36.67,187.87,0.2930999999999999,Italy
ITA,1885,both,65,10.79,75.78999999999999,36.92,189.75,0.3005,Italy
ITA,1886,both,65,10.5,75.5,35.18,193.04,0.2706,Italy
ITA,1887,both,65,10.67,75.67,36.05,195.5,0.2853,Italy
ITA,1888,both,65,10.38,75.38,37.02,193.5,0.2974,Italy
ITA,1889,both,65,10.72,75.72,39.13,184.28,0.3289,Italy
ITA,1890,both,65,10.26,75.26,38.58,189.03,0.3173999999999999,Italy
ITA,1891,both,65,10.15,75.15,38.55,185.15,0.3254999999999999,Italy
ITA,1892,both,65,9.74,74.74,38.93,181.96,0.3214,Italy
ITA,1893,both,65,10.1,75.1,39.88,178.07,0.3356,Italy
ITA,1894,both,65,10.26,75.26,40.0,178.38,0.3363,Italy
ITA,1895,both,65,10.39,75.39,39.69,184.0,0.3337,Italy
ITA,1896,both,65,10.67,75.67,40.76,175.83,0.345,Italy
ITA,1897,both,65,11.37,76.37,43.35,163.4,0.3799,Italy
ITA,1898,both,65,10.82,75.82,42.38,167.22,0.3642,Italy
ITA,1899,both,65,10.95,75.95,43.71,155.96,0.3797,Italy
ITA,1900,both,65,10.26,75.26,41.85,167.62,0.3550999999999999,Italy
ITA,1901,both,65,10.67,75.67,43.64,163.71,0.3803,Italy
ITA,1902,both,65,10.96,75.96000000000001,43.01,172.93,0.3791,Italy
ITA,1903,both,65,10.67,75.67,43.2,165.24,0.3743999999999999,Italy
ITA,1904,both,65,11.29,76.28999999999999,44.4,163.34,0.3924,Italy
ITA,1905,both,65,10.82,75.82,43.99,162.72,0.385,Italy
ITA,1906,both,65,11.31,76.31,45.11,158.13,0.4040999999999999,Italy
ITA,1907,both,65,11.02,76.02,45.48,152.98,0.4034,Italy
ITA,1908,both,65,10.58,75.58,43.11,168.51,0.3712,Italy
ITA,1909,both,65,10.72,75.72,44.8,152.2,0.3935,Italy
ITA,1910,both,65,11.25,76.25,46.72,144.92,0.4244,Italy
ITA,1911,both,65,10.65,75.65,44.83,154.08,0.3964,Italy
ITA,1912,both,65,11.59,76.59,48.85,134.14,0.4552,Italy
ITA,1913,both,65,11.5,76.5,48.49,134.0,0.4503999999999999,Italy
ITA,1914,both,65,11.54,76.53999999999999,49.86,129.26,0.4632,Italy
ITA,1915,both,65,10.94,75.94,42.63,147.04,0.3636999999999999,Italy
ITA,1916,both,65,11.31,76.31,39.71,145.02,0.3265,Italy
ITA,1917,both,65,10.93,75.93,38.08,142.9,0.2935999999999999,Italy
ITA,1918,both,65,9.82,74.82,25.82,182.83,0.1328,Italy
ITA,1919,both,65,11.11,76.11,41.7,155.89,0.3396,Italy
ITA,1920,both,65,11.53,76.53,45.82,139.59,0.4049,Italy
ITA,1921,both,65,11.66,76.66,49.17,137.38,0.4617,Italy
ITA,1922,both,65,11.19,76.19,50.12,126.12,0.4673,Italy
ITA,1923,both,65,11.97,76.97,51.48,121.64,0.4904,Italy
ITA,1924,both,65,11.81,76.81,51.53,121.4,0.482,Italy
ITA,1925,both,65,11.71,76.71000000000001,51.28,118.85,0.4797,Italy
ITA,1926,both,65,11.66,76.66,50.96,123.92,0.479,Italy
ITA,1927,both,65,12.02,77.02,52.57,119.55,0.5021,Italy
ITA,1928,both,65,11.86,76.86,52.66,118.33,0.5038,Italy
ITA,1929,both,65,11.42,76.42,52.27,121.65,0.4952,Italy
ITA,1930,both,65,12.74,77.74,55.17,107.97,0.5366,Italy
ITA,1931,both,65,12.11,77.11,54.8,108.19,0.5297,Italy
ITA,1932,both,65,12.07,77.07,54.74,108.19,0.5278,Italy
ITA,1933,both,65,12.51,77.51,56.25,100.23,0.5477000000000001,Italy
ITA,1934,both,65,12.73,77.73,56.88,97.15,0.5589,Italy
ITA,1935,both,65,12.3,77.3,56.2,100.68,0.5479999999999999,Italy
ITA,1936,both,65,12.27,77.27,56.74,97.53,0.5545,Italy
ITA,1937,both,65,12.22,77.22,55.4,110.14,0.5392,Italy
ITA,1938,both,65,12.2,77.2,56.15,106.81,0.5526,Italy
ITA,1939,both,65,12.29,77.28999999999999,57.6,97.18,0.5711999999999999,Italy
ITA,1940,both,65,12.03,77.03,56.95,102.07,0.5631,Italy
ITA,1941,both,65,12.0,77.0,54.77,106.23,0.531,Italy
ITA,1942,both,65,11.84,76.84,52.45,112.83,0.4945,Italy
ITA,1943,both,65,11.93,76.93,49.44,111.89,0.4378,Italy
ITA,1944,both,65,11.78,76.78,52.49,99.78,0.4775999999999999,Italy
ITA,1945,both,65,12.53,77.53,54.86,103.35,0.526,Italy
ITA,1946,both,65,13.23,78.23,58.94,97.22,0.5988,Italy
ITA,1947,both,65,13.25,78.25,61.2,83.55,0.6248,Italy
ITA,1948,both,65,13.49,78.49,63.42,72.58,0.6547,Italy
ITA,1949,both,65,13.43,78.43,64.15,70.65,0.6694,Italy
ITA,1950,both,65,13.83,78.83,65.72,63.75,0.6876000000000001,Italy
ITA,1951,both,65,13.29,78.28999999999999,65.31,64.36,0.6836,Italy
ITA,1952,both,65,13.37,78.37,65.91,62.88,0.6934999999999999,Italy
ITA,1953,both,65,13.34,78.34,66.57,57.89,0.7026,Italy
ITA,1954,both,65,14.07,79.07,67.86,54.04,0.7190000000000001,Italy
ITA,1955,both,65,14.12,79.12,68.25,50.55,0.7237,Italy
ITA,1956,both,65,13.26,78.26,67.64,48.61,0.7141,Italy
ITA,1957,both,65,13.71,78.71000000000001,67.78,50.38,0.7134999999999999,Italy
ITA,1958,both,65,14.28,79.28,68.85,47.9,0.7311,Italy
ITA,1959,both,65,14.54,79.53999999999999,69.3,46.16,0.7356,Italy
ITA,1960,both,65,14.18,79.18,69.21,43.88,0.7345,Italy
ITA,1961,both,65,14.58,79.58,69.82,41.66,0.7409,Italy
ITA,1962,both,65,14.04,79.03999999999999,69.22,42.21,0.7326,Italy
ITA,1963,both,65,14.05,79.05,69.31,40.55,0.7333,Italy
ITA,1964,both,65,14.59,79.59,70.38,37.03,0.7474,Italy
ITA,1965,both,65,14.21,79.21000000000001,70.26,35.31,0.7471,Italy
ITA,1966,both,65,14.68,79.68,71.0,34.39,0.7579,Italy
ITA,1967,both,65,14.56,79.56,71.03,32.7,0.7589,Italy
ITA,1968,both,65,14.32,79.32,70.87,32.19,0.7578,Italy
ITA,1969,both,65,14.35,79.35,70.86,30.97,0.7531,Italy
ITA,1970,both,65,14.77,79.77,71.63,29.13,0.7668,Italy
ITA,1971,both,65,14.91,79.91,71.88,28.77,0.7705,Italy
ITA,1972,both,65,15.03,80.03,72.14,26.88,0.7728,Italy
ITA,1973,both,65,14.77,79.77,72.11,25.87,0.7757,Italy
ITA,1974,both,65,15.08,80.08,72.8,22.88,0.7837000000000001,Italy
ITA,1975,both,65,14.83,79.83,72.73,20.51,0.7828,Italy
ITA,1976,both,65,15.0,80.0,73.07,18.91,0.787,Italy
ITA,1977,both,65,15.16,80.16,73.44,17.62,0.7926000000000001,Italy
ITA,1978,both,65,15.37,80.37,73.78,16.71,0.7962,Italy
ITA,1979,both,65,15.55,80.55,74.11,15.18,0.8004000000000001,Italy
ITA,1980,both,65,15.46,80.46000000000001,74.05,14.31,0.8006,Italy
ITA,1981,both,65,15.63,80.63,74.44,14.01,0.8061,Italy
ITA,1982,both,65,15.92,80.92,74.91,12.97,0.8122,Italy
ITA,1983,both,65,15.66,80.66,74.73,11.86,0.8109999999999999,Italy
ITA,1984,both,65,16.21,81.21000000000001,75.49,11.08,0.8199,Italy
ITA,1985,both,65,16.17,81.17,75.6,10.23,0.823,Italy
ITA,1986,both,65,16.36,81.36,75.91,9.87,0.8271,Italy
ITA,1987,both,65,16.75,81.75,76.34,9.66,0.831,Italy
ITA,1988,both,65,16.84,81.84,76.52,9.28,0.8347,Italy
ITA,1989,both,65,17.13,82.13,76.92,8.56,0.8395999999999999,Italy
ITA,1990,both,65,17.16,82.16,76.99,8.13,0.8422,Italy
ITA,1991,both,65,17.24,82.24,76.99,8.4,0.8417,Italy
ITA,1992,both,65,17.51,82.51,77.36,8.22,0.8469,Italy
ITA,1993,both,65,17.59,82.59,77.65,6.94,0.852,Italy
ITA,1994,both,65,17.72,82.72,77.87,6.43,0.8545999999999999,Italy
ITA,1995,both,65,17.91,82.91,78.12,6.16,0.8578,Italy
ITA,1996,both,65,18.11,83.11,78.43,6.12,0.8619,Italy
ITA,1997,both,65,18.19,83.19,78.73,5.47,0.8668,Italy
ITA,1998,both,65,18.16,83.16,78.81,5.38,0.8691,Italy
ITA,1999,both,65,18.4,83.4,79.21,5.13,0.8744,Italy
ITA,2000,both,65,18.69,83.69,79.61,4.53,0.8784000000000001,Italy
ITA,2001,both,65,18.93,83.93,79.89,4.66,0.8809999999999999,Italy
ITA,2002,both,65,19.06,84.06,80.11,4.42,0.8844,Italy
ITA,2003,both,65,18.91,83.91,80.19,3.73,0.8876999999999999,Italy
ITA,2004,both,65,19.64,84.64,81.02,3.81,0.8936,Italy
ITA,2005,both,65,19.53,84.53,81.02,3.59,0.8959,Italy
ITA,2006,both,65,19.87,84.87,81.41,3.45,0.8984000000000001,Italy
ITA,2007,both,65,19.89,84.89,81.49,3.31,0.9004000000000001,Italy
ITA,2008,both,65,19.97,84.97,81.64,3.34,0.9024,Italy
ITA,2009,both,65,20.05,85.05,81.76,3.43,0.9035,Italy
ITA,2010,both,65,20.28,85.28,82.13,3.18,0.9078,Italy
ITA,2011,both,65,20.35,85.35,82.23,3.08,0.9087,Italy
ITA,2012,both,65,20.3,85.3,82.25,2.98,0.91,Italy
ITA,2013,both,65,20.62,85.62,82.65,2.91,0.9129,Italy
ITA,2014,both,65,20.8,85.8,82.9,2.74,0.9148,Italy
ITA,2015,both,65,20.46,85.46000000000001,82.51,2.85,0.9129,Italy
ITA,2016,both,65,20.9,85.9,83.04,2.81,0.9167,Italy
ITA,2017,both,65,20.67,85.67,82.72,2.87,0.9143,Italy
ITA,2018,both,65,21.03,86.03,83.19,2.84,0.9178,Italy
ITA,2019,both,65,21.09,86.09,83.35,2.48,0.9202,Italy
ITA,2020,both,65,20.03,85.03,82.19,2.46,0.9131,Italy
ITA,2021,both,65,20.46,85.46000000000001,82.54,2.58,0.9128,Italy
ITA,2022,both,65,20.5,85.5,82.68,2.49,0.9168,Italy
ITA,2023,both,65,21.13,86.13,83.38,2.54,0.9211,Italy
JPN,1947,both,65,11.12,76.12,51.71,84.45,0.442,Japan
JPN,1948,both,65,12.35,77.35,56.84,61.37,0.5104,Japan
JPN,1949,both,65,12.37,77.37,57.72,62.66,0.5297,Japan
JPN,1950,both,65,12.06,77.06,59.23,56.11,0.5543,Japan
JPN,1951,both,65,12.33,77.33,60.96,53.61,0.5857,Japan
JPN,1952,both,65,12.59,77.59,62.97,47.6,0.6175999999999999,Japan
JPN,1953,both,65,12.19,77.19,63.3,46.83,0.626,Japan
JPN,1954,both,65,12.91,77.91,64.51,43.4,0.6428,Japan
JPN,1955,both,65,13.04,78.03999999999999,65.68,38.99,0.6622,Japan
JPN,1956,both,65,12.63,77.63,65.53,39.64,0.6612,Japan
JPN,1957,both,65,12.28,77.28,65.41,38.36,0.6595,Japan
JPN,1958,both,65,13.16,78.16,67.01,35.36,0.6854,Japan
JPN,1959,both,65,13.15,78.15,67.43,32.88,0.6936,Japan
JPN,1960,both,65,12.89,77.89,67.69,30.56,0.6994,Japan
JPN,1961,both,65,13.06,78.06,68.34,28.45,0.7112,Japan
JPN,1962,both,65,12.87,77.87,68.64,26.44,0.7173999999999999,Japan
JPN,1963,both,65,13.45,78.45,69.72,23.29,0.7331,Japan
JPN,1964,both,65,13.52,78.52,70.17,20.87,0.7413,Japan
JPN,1965,both,65,13.26,78.26,70.23,19.35,0.7443000000000001,Japan
JPN,1966,both,65,13.77,78.77,71.03,16.83,0.7552,Japan
JPN,1967,both,65,13.9,78.9,71.38,16.87,0.7628,Japan
JPN,1968,both,65,13.94,78.94,71.65,15.36,0.7678,Japan
JPN,1969,both,65,14.06,79.06,71.9,14.17,0.7722,Japan
JPN,1970,both,65,14.0,79.0,71.99,13.48,0.7754000000000001,Japan
JPN,1971,both,65,14.54,79.53999999999999,72.81,12.77,0.7888,Japan
JPN,1972,both,65,14.8,79.8,73.24,11.78,0.7954000000000001,Japan
JPN,1973,both,65,14.76,79.76,73.41,11.37,0.8012,Japan
JPN,1974,both,65,14.92,79.92,73.84,10.65,0.809,Japan
JPN,1975,both,65,15.21,80.21000000000001,74.35,9.69,0.8167,Japan
JPN,1976,both,65,15.4,80.4,74.75,9.15,0.8234,Japan
JPN,1977,both,65,15.81,80.81,75.31,8.79,0.83,Japan
JPN,1978,both,65,15.99,80.99,75.65,8.28,0.8354,Japan
JPN,1979,both,65,16.37,81.37,76.16,7.76,0.8405,Japan
JPN,1980,both,65,16.23,81.23,76.13,7.34,0.8419,Japan
JPN,1981,both,65,16.54,81.53999999999999,76.55,7.02,0.8464,Japan
JPN,1982,both,65,16.97,81.97,77.07,6.58,0.8508,Japan
JPN,1983,both,65,17.0,82.0,77.1,6.21,0.8506,Japan
JPN,1984,both,65,17.3,82.3,77.5,5.97,0.8543999999999999,Japan
JPN,1985,both,65,17.47,82.47,77.8,5.43,0.858,Japan
JPN,1986,both,65,17.8,82.8,78.21,5.17,0.8615999999999999,Japan
JPN,1987,both,65,18.12,83.12,78.63,4.91,0.8645999999999999,Japan
JPN,1988,both,65,17.98,82.98,78.54,4.75,0.8654000000000001,Japan
JPN,1989,both,65,18.34,83.34,78.98,4.46,0.8687,Japan
JPN,1990,both,65,18.32,83.32,78.99,4.55,0.8694,Japan
JPN,1991,both,65,18.54,83.53999999999999,79.26,4.47,0.871,Japan
JPN,1992,both,65,18.6,83.6,79.3,4.51,0.8706,Japan
JPN,1993,both,65,18.69,83.69,79.44,4.31,0.8721,Japan
JPN,1994,both,65,19.0,84.0,79.83,4.39,0.8759999999999999,Japan
JPN,1995,both,65,18.9,83.9,79.68,4.17,0.8744,Japan
JPN,1996,both,65,19.43,84.43,80.36,3.83,0.8795999999999999,Japan
JPN,1997,both,65,19.59,84.59,80.58,3.67,0.8823000000000001,Japan
JPN,1998,both,65,19.75,84.75,80.65,3.67,0.8812000000000001,Japan
JPN,1999,both,65,19.66,84.66,80.62,3.38,0.8819,Japan
JPN,2000,both,65,20.14,85.14,81.19,3.28,0.8859,Japan
JPN,2001,both,65,20.39,85.39,81.52,3.08,0.8889,Japan
JPN,2002,both,65,20.62,85.62,81.81,3.01,0.8913,Japan
JPN,2003,both,65,20.69,85.69,81.87,2.97,0.8915000000000001,Japan
JPN,2004,both,65,20.9,85.9,82.15,2.82,0.8933,Japan
JPN,2005,both,65,20.78,85.78,82.03,2.75,0.8931999999999999,Japan
JPN,2006,both,65,21.06,86.06,82.4,2.68,0.8966,Japan
JPN,2007,both,65,21.17,86.17,82.58,2.6,0.8984000000000001,Japan
JPN,2008,both,65,21.21,86.21000000000001,82.66,2.58,0.8998999999999999,Japan
JPN,2009,both,65,21.51,86.51,83.0,2.39,0.9019,Japan
JPN,2010,both,65,21.41,86.41,82.95,2.33,0.9026,Japan
JPN,2011,both,65,21.32,86.32,82.7,2.35,0.8994,Japan
JPN,2012,both,65,21.49,86.49,83.21,2.22,0.9076,Japan
JPN,2013,both,65,21.65,86.65,83.44,2.13,0.9095,Japan
JPN,2014,both,65,21.84,86.84,83.68,2.08,0.9118,Japan
JPN,2015,both,65,21.97,86.97,83.92,1.95,0.9148,Japan
JPN,2016,both,65,22.1,87.1,84.09,1.99,0.9163,Japan
JPN,2017,both,65,22.13,87.13,84.22,1.84,0.9188,Japan
JPN,2018,both,65,22.22,87.22,84.32,1.88,0.9194,Japan
JPN,2019,both,65,22.34,87.34,84.46,1.87,0.9203,Japan
JPN,2020,both,65,22.59,87.59,84.71,1.8,0.9211,Japan
JPN,2021,both,65,22.44,87.44,84.58,1.74,0.9211,Japan
JPN,2022,both,65,21.99,86.99,84.1,1.71,0.9191,Japan
JPN,2023,both,65,22.07,87.07,84.15,1.76,0.9189,Japan
KOR,2003,both,65,17.29,82.28999999999999,77.34,5.42,0.8462999999999999,KOR
KOR,2004,both,65,17.55,82.55,77.84,4.82,0.8534,KOR
KOR,2005,both,65,17.83,82.83,78.34,4.25,0.8613,KOR
KOR,2006,both,65,18.13,83.13,78.9,4.07,0.8703,KOR
KOR,2007,both,65,18.43,83.43,79.27,3.83,0.8745,KOR
KOR,2008,both,65,18.84,83.84,79.79,3.4,0.8794,KOR
KOR,2009,both,65,19.29,84.28999999999999,80.23,3.25,0.8812000000000001,KOR
KOR,2010,both,65,19.35,84.35,80.4,3.49,0.8845000000000001,KOR
KOR,2011,both,65,19.65,84.65,80.84,3.12,0.889,KOR
KOR,2012,both,65,19.65,84.65,81.01,3.08,0.8939,KOR
KOR,2013,both,65,20.09,85.09,81.53,2.92,0.8972,KOR
KOR,2014,both,65,20.43,85.43,81.97,3.1,0.9015,KOR
KOR,2015,both,65,20.51,85.51,82.2,2.8,0.9053,KOR
KOR,2016,both,65,20.76,85.76,82.51,2.8,0.9079,KOR
KOR,2017,both,65,20.97,85.97,82.86,2.71,0.9126,KOR
KOR,2018,both,65,21.02,86.02,82.89,2.81,0.9125,KOR
KOR,2019,both,65,21.52,86.52,83.43,2.68,0.9151,KOR
KOR,2020,both,65,21.65,86.65,83.62,2.41,0.917,KOR
KOR,2021,both,65,21.72,86.72,83.72,2.4,0.9181,KOR
KOR,2022,both,65,20.82,85.82,82.79,2.27,0.915,KOR
KOR,2023,both,65,21.55,86.55,83.57,2.39,0.9186,KOR
LTU,1959,both,65,14.56,79.56,67.73,51.89,0.7023999999999999,LTU
LTU,1960,both,65,16.08,81.08,70.28,37.95,0.7276,LTU
LTU,1961,both,65,15.65,80.65,70.45,35.34,0.7356,LTU
LTU,1962,both,65,14.78,79.78,69.43,35.0,0.7221,LTU
LTU,1963,both,65,15.78,80.78,70.56,34.14,0.7345,LTU
LTU,1964,both,65,16.4,81.4,71.93,29.45,0.7537999999999999,LTU
LTU,1965,both,65,15.73,80.73,71.69,24.19,0.7509,LTU
LTU,1966,both,65,15.86,80.86,71.87,23.3,0.7534000000000001,LTU
LTU,1967,both,65,15.77,80.77,71.95,20.23,0.7548999999999999,LTU
LTU,1968,both,65,15.7,80.7,71.63,19.86,0.7473000000000001,LTU
LTU,1969,both,65,15.44,80.44,71.23,21.11,0.741,LTU
LTU,1970,both,65,15.36,80.36,71.1,19.82,0.74,LTU
LTU,1971,both,65,15.98,80.98,72.04,14.93,0.7502,LTU
LTU,1972,both,65,15.47,80.47,71.31,17.03,0.7431,LTU
LTU,1973,both,65,15.77,80.77,71.62,17.56,0.7441,LTU
LTU,1974,both,65,16.01,81.01,71.54,19.34,0.7378,LTU
LTU,1975,both,65,15.74,80.74,71.11,19.42,0.7328,LTU
LTU,1976,both,65,15.76,80.76,71.22,18.21,0.7338,LTU
LTU,1977,both,65,15.74,80.74,71.06,17.07,0.7268000000000001,LTU
LTU,1978,both,65,15.63,80.63,70.85,18.36,0.7237,LTU
LTU,1979,both,65,15.57,80.57,70.72,17.09,0.7204,LTU
LTU,1980,both,65,15.45,80.45,70.7,14.41,0.7170000000000001,LTU
LTU,1981,both,65,15.79,80.78999999999999,70.69,16.5,0.7139,LTU
LTU,1982,both,65,16.15,81.15,71.07,15.12,0.7167,LTU
LTU,1983,both,65,15.81,80.81,71.01,14.31,0.7164,LTU
LTU,1984,both,65,15.41,80.41,70.54,13.3,0.7082999999999999,LTU
LTU,1985,both,65,15.2,80.2,70.74,14.14,0.7173,LTU
LTU,1986,both,65,15.77,80.77,72.39,11.53,0.7478,LTU
LTU,1987,both,65,15.63,80.63,72.23,12.15,0.7437999999999999,LTU
LTU,1988,both,65,15.64,80.64,72.03,11.17,0.7391,LTU
LTU,1989,both,65,15.68,80.68,71.66,10.61,0.7287,LTU
LTU,1990,both,65,15.46,80.46000000000001,71.37,10.46,0.7198,LTU
LTU,1991,both,65,15.63,80.63,70.51,14.25,0.6992,LTU
LTU,1992,both,65,15.57,80.57,70.34,16.17,0.6965,LTU
LTU,1993,both,65,14.96,79.96000000000001,68.94,14.62,0.6626000000000001,LTU
LTU,1994,both,65,15.05,80.05,68.5,13.6,0.6481,LTU
LTU,1995,both,65,15.21,80.21000000000001,69.02,12.36,0.6561,LTU
LTU,1996,both,65,15.44,80.44,70.2,9.89,0.684,LTU
LTU,1997,both,65,15.62,80.62,71.03,10.17,0.7067,LTU
LTU,1998,both,65,15.71,80.71000000000001,71.33,9.19,0.7116,LTU
LTU,1999,both,65,15.86,80.86,71.72,8.56,0.7191,LTU
LTU,2000,both,65,16.14,81.14,72.15,8.39,0.7254999999999999,LTU
LTU,2001,both,65,16.08,81.08,71.71,7.72,0.713,LTU
LTU,2002,both,65,16.0,81.0,71.84,7.91,0.7162000000000001,LTU
LTU,2003,both,65,16.18,81.18,72.09,7.01,0.7175,LTU
LTU,2004,both,65,16.29,81.28999999999999,72.01,8.03,0.7121,LTU
LTU,2005,both,65,16.07,81.07,71.25,7.12,0.6931,LTU
LTU,2006,both,65,16.06,81.06,70.97,7.34,0.6820999999999999,LTU
LTU,2007,both,65,16.09,81.09,70.7,6.46,0.6737000000000001,LTU
LTU,2008,both,65,16.39,81.39,71.7,5.67,0.6948000000000001,LTU
LTU,2009,both,65,16.54,81.53999999999999,72.86,5.68,0.725,LTU
LTU,2010,both,65,16.62,81.62,73.2,4.83,0.7304999999999999,LTU
LTU,2011,both,65,16.86,81.86,73.61,4.68,0.7387,LTU
LTU,2012,both,65,16.95,81.95,73.98,3.99,0.747,LTU
LTU,2013,both,65,16.99,81.99,74.05,3.7,0.7489,LTU
LTU,2014,both,65,17.23,82.23,74.63,4.07,0.7631999999999999,LTU
LTU,2015,both,65,16.97,81.97,74.53,4.41,0.7645000000000001,LTU
LTU,2016,both,65,17.16,82.16,74.9,4.61,0.769,LTU
LTU,2017,both,65,17.31,82.31,75.79,2.96,0.7924,LTU
LTU,2018,both,65,17.45,82.45,76.0,3.49,0.7964,LTU
LTU,2019,both,65,17.77,82.77,76.52,3.46,0.8022,LTU
LTU,2020,both,65,16.81,81.81,75.23,2.9,0.7815000000000001,LTU
LTU,2021,both,65,16.12,81.12,74.3,3.08,0.7691,LTU
LTU,2022,both,65,16.99,81.99,75.86,2.92,0.7972,LTU
LTU,2023,both,65,18.28,83.28,77.44,2.63,0.8153,LTU
LUX,1960,both,65,13.17,78.17,68.99,31.05,0.727,LUX
LUX,1961,both,65,13.62,78.62,69.53,26.17,0.7212000000000001,LUX
LUX,1962,both,65,12.82,77.82,68.63,30.8,0.7145,LUX
LUX,1963,both,65,13.22,78.22,68.85,28.45,0.71,LUX
LUX,1964,both,65,13.71,78.71000000000001,69.06,29.54,0.7034999999999999,LUX
LUX,1965,both,65,13.23,78.23,69.4,23.99,0.7154,LUX
LUX,1966,both,65,13.34,78.34,69.3,26.36,0.7138,LUX
LUX,1967,both,65,13.19,78.19,69.67,20.01,0.7201000000000001,LUX
LUX,1968,both,65,13.24,78.24,70.28,16.48,0.73,LUX
LUX,1969,both,65,13.32,78.32,69.85,16.79,0.718,LUX
LUX,1970,both,65,13.54,78.53999999999999,69.56,24.7,0.7186,LUX
LUX,1971,both,65,13.04,78.03999999999999,69.46,22.53,0.7206,LUX
LUX,1972,both,65,13.62,78.62,70.69,13.27,0.7331,LUX
LUX,1973,both,65,13.7,78.7,70.48,14.6,0.7292000000000001,LUX
LUX,1974,both,65,13.53,78.53,70.53,13.86,0.7311,LUX
LUX,1975,both,65,13.56,78.56,70.53,14.59,0.7342,LUX
LUX,1976,both,65,13.32,78.32,70.46,17.79,0.7414000000000001,LUX
LUX,1977,both,65,14.17,79.17,71.77,10.91,0.7558,LUX
LUX,1978,both,65,14.15,79.15,71.72,10.23,0.7512000000000001,LUX
LUX,1979,both,65,14.59,79.59,72.39,12.36,0.7676000000000001,LUX
LUX,1980,both,65,14.42,79.42,72.56,11.62,0.7728,LUX
LUX,1981,both,65,14.74,79.74,72.39,13.65,0.7676999999999999,LUX
LUX,1982,both,65,14.94,79.94,72.44,12.02,0.7541,LUX
LUX,1983,both,65,14.79,79.78999999999999,73.33,11.03,0.7896,LUX
LUX,1984,both,65,15.19,80.19,73.11,11.54,0.7748,LUX
LUX,1985,both,65,15.16,80.16,73.63,8.8,0.7906,LUX
LUX,1986,both,65,15.4,80.4,74.54,8.12,0.8047,LUX
LUX,1987,both,65,15.66,80.66,74.13,9.2,0.7925,LUX
LUX,1988,both,65,15.89,80.89,74.73,8.99,0.8064,LUX
LUX,1989,both,65,15.83,80.83,74.67,9.77,0.8044,LUX
LUX,1990,both,65,16.33,81.33,75.36,7.44,0.8123,LUX
LUX,1991,both,65,16.75,81.75,75.45,9.13,0.8114,LUX
LUX,1992,both,65,16.17,81.17,75.11,8.63,0.8107,LUX
LUX,1993,both,65,16.48,81.48,75.72,6.03,0.8220000000000001,LUX
LUX,1994,both,65,16.76,81.76,76.37,5.26,0.8331000000000001,LUX
LUX,1995,both,65,17.03,82.03,76.43,5.48,0.8226,LUX
LUX,1996,both,65,17.02,82.02,76.44,5.06,0.8239,LUX
LUX,1997,both,65,16.88,81.88,76.79,4.07,0.8358,LUX
LUX,1998,both,65,17.19,82.19,76.96,4.95,0.835,LUX
LUX,1999,both,65,17.37,82.37,77.59,4.77,0.8515,LUX
LUX,2000,both,65,17.69,82.69,77.74,5.16,0.8454,LUX
LUX,2001,both,65,17.89,82.89,77.85,5.78,0.8484999999999999,LUX
LUX,2002,both,65,17.99,82.99,77.96,5.0,0.8484,LUX
LUX,2003,both,65,17.32,82.32,77.85,4.87,0.857,LUX
LUX,2004,both,65,18.71,83.71000000000001,79.19,3.92,0.8629000000000001,LUX
LUX,2005,both,65,18.67,83.67,79.49,2.57,0.8676999999999999,LUX
LUX,2006,both,65,18.7,83.7,79.31,2.59,0.8609,LUX
LUX,2007,both,65,18.43,83.43,79.43,1.82,0.8734999999999999,LUX
LUX,2008,both,65,19.22,84.22,80.53,1.8,0.8863,LUX
LUX,2009,both,65,19.44,84.44,80.63,2.47,0.8811,LUX
LUX,2010,both,65,19.42,84.42,80.62,3.47,0.8851,LUX
LUX,2011,both,65,19.53,84.53,80.84,4.12,0.8862000000000001,LUX
LUX,2012,both,65,19.63,84.63,81.11,2.52,0.8913,LUX
LUX,2013,both,65,20.07,85.07,81.4,3.93,0.8904000000000001,LUX
LUX,2014,both,65,20.13,85.13,81.78,2.82,0.8994,LUX
LUX,2015,both,65,20.02,85.02,81.97,2.79,0.9074,LUX
LUX,2016,both,65,20.4,85.4,82.29,3.73,0.9063,LUX
LUX,2017,both,65,19.81,84.81,81.74,3.22,0.9083,LUX
LUX,2018,both,65,20.18,85.18,82.01,4.34,0.9053,LUX
LUX,2019,both,65,20.58,85.58,82.38,4.58,0.905,LUX
LUX,2020,both,65,20.08,85.08,82.04,4.47,0.9098,LUX
LUX,2021,both,65,20.45,85.45,82.48,3.19,0.911,LUX
LUX,2022,both,65,20.77,85.77,82.8,3.48,0.9124,LUX
LUX,2023,both,65,20.97,85.97,83.14,4.16,0.9185,LUX
LVA,1959,both,65,14.81,79.81,69.51,30.37,0.7218000000000001,LVA
LVA,1960,both,65,15.0,80.0,70.33,26.68,0.735,LVA
LVA,1961,both,65,14.94,79.94,70.54,24.17,0.7390000000000001,LVA
LVA,1962,both,65,14.38,79.38,69.9,23.98,0.7318000000000001,LVA
LVA,1963,both,65,14.88,79.88,70.33,24.82,0.7363,LVA
LVA,1964,both,65,15.48,80.48,71.53,21.76,0.7548999999999999,LVA
LVA,1965,both,65,15.04,80.03999999999999,71.22,18.15,0.747,LVA
LVA,1966,both,65,14.98,79.98,71.18,17.27,0.7459,LVA
LVA,1967,both,65,14.85,79.85,70.86,17.14,0.7409,LVA
LVA,1968,both,65,14.83,79.83,70.47,18.94,0.7325,LVA
LVA,1969,both,65,14.66,79.66,70.21,17.89,0.7259,LVA
LVA,1970,both,65,14.65,79.65,70.24,17.69,0.7273999999999999,LVA
LVA,1971,both,65,14.87,79.87,70.57,15.36,0.7295,LVA
LVA,1972,both,65,14.76,79.76,70.27,15.02,0.7227,LVA
LVA,1973,both,65,14.65,79.65,70.19,14.76,0.7186,LVA
LVA,1974,both,65,14.81,79.81,70.12,17.54,0.7177,LVA
LVA,1975,both,65,14.46,79.46000000000001,69.26,19.18,0.7043,LVA
LVA,1976,both,65,14.46,79.46000000000001,69.39,18.95,0.7047,LVA
LVA,1977,both,65,14.38,79.38,69.45,17.66,0.7041,LVA
LVA,1978,both,65,14.48,79.48,69.33,17.81,0.6986,LVA
LVA,1979,both,65,14.4,79.4,68.83,18.17,0.6888,LVA
LVA,1980,both,65,14.43,79.43,69.12,15.39,0.6909000000000001,LVA
LVA,1981,both,65,14.59,79.59,69.08,15.55,0.6861,LVA
LVA,1982,both,65,14.73,79.73,69.63,14.07,0.6992,LVA
LVA,1983,both,65,14.73,79.73,69.4,16.22,0.6920999999999999,LVA
LVA,1984,both,65,14.39,79.39,69.44,13.03,0.6920999999999999,LVA
LVA,1985,both,65,14.09,79.09,69.6,12.66,0.7001000000000001,LVA
LVA,1986,both,65,14.67,79.67,70.96,12.94,0.7299,LVA
LVA,1987,both,65,14.5,79.5,71.01,11.21,0.7295,LVA
LVA,1988,both,65,14.57,79.57,70.91,10.99,0.7261,LVA
LVA,1989,both,65,14.85,79.85,70.41,10.53,0.7056,LVA
LVA,1990,both,65,14.3,79.3,69.46,12.45,0.6905,LVA
LVA,1991,both,65,14.54,79.53999999999999,69.17,14.21,0.6797,LVA
LVA,1992,both,65,14.69,79.69,68.45,16.76,0.6583,LVA
LVA,1993,both,65,14.11,79.11,66.63,15.02,0.6112,LVA
LVA,1994,both,65,13.84,78.84,65.18,14.8,0.5682,LVA
LVA,1995,both,65,14.21,79.21000000000001,65.99,17.96,0.5920000000000001,LVA
LVA,1996,both,65,14.7,79.7,68.59,15.42,0.6561,LVA
LVA,1997,both,65,14.74,79.74,69.22,14.88,0.6740999999999999,LVA
LVA,1998,both,65,14.71,79.71000000000001,68.85,15.04,0.6627,LVA
LVA,1999,both,65,14.99,79.99,69.65,11.54,0.6759999999999999,LVA
LVA,2000,both,65,15.12,80.12,70.18,10.51,0.6859000000000001,LVA
LVA,2001,both,65,14.98,79.98,69.91,10.83,0.6809999999999999,LVA
LVA,2002,both,65,15.1,80.1,70.18,9.96,0.6846,LVA
LVA,2003,both,65,15.08,80.08,70.64,9.65,0.695,LVA
LVA,2004,both,65,15.23,80.23,70.94,9.18,0.6988,LVA
LVA,2005,both,65,15.15,80.15,70.64,7.95,0.6890999999999999,LVA
LVA,2006,both,65,15.29,80.28999999999999,70.55,7.72,0.679,LVA
LVA,2007,both,65,15.31,80.31,70.79,8.67,0.6898000000000001,LVA
LVA,2008,both,65,15.71,80.71000000000001,72.01,6.68,0.7152,LVA
LVA,2009,both,65,16.02,81.02,72.71,7.29,0.731,LVA
LVA,2010,both,65,15.98,80.98,73.04,5.39,0.7372,LVA
LVA,2011,both,65,16.39,81.39,73.73,6.49,0.7517,LVA
LVA,2012,both,65,16.43,81.43,73.95,6.51,0.7563,LVA
LVA,2013,both,65,16.61,81.61,74.19,4.53,0.7583,LVA
LVA,2014,both,65,16.76,81.76,74.3,3.93,0.7609,LVA
LVA,2015,both,65,16.87,81.87,74.67,4.11,0.7676999999999999,LVA
LVA,2016,both,65,16.87,81.87,74.76,3.67,0.7711,LVA
LVA,2017,both,65,16.89,81.89,74.82,4.04,0.7725,LVA
LVA,2018,both,65,16.96,81.96000000000001,74.99,3.04,0.7733,LVA
LVA,2019,both,65,17.28,82.28,75.65,3.37,0.7864,LVA
LVA,2020,both,65,16.98,81.98,75.42,3.33,0.7854000000000001,LVA
LVA,2021,both,65,15.61,80.61,73.16,2.73,0.7404000000000001,LVA
LVA,2022,both,65,16.62,81.62,74.5,2.26,0.7648999999999999,LVA
LVA,2023,both,65,17.34,82.34,75.59,2.48,0.7829,LVA
NEW_ZEALAND:_TOTAL_POPULATION,1948,both,65,13.99,78.99,68.81,27.5,0.7106,NEW ZEALAND: TOTAL POPULATION
NEW_ZEALAND:_TOTAL_POPULATION,1949,both,65,14.06,79.06,68.95,29.88,0.7153,NEW ZEALAND: TOTAL POPULATION
NEW_ZEALAND:_TOTAL_POPULATION,1950,both,65,13.86,78.86,69.25,27.75,0.7195999999999999,NEW ZEALAND: TOTAL POPULATION
NEW_ZEALAND:_TOTAL_POPULATION,1951,both,65,13.8,78.8,69.13,27.56,0.7127,NEW ZEALAND: TOTAL POPULATION
NEW_ZEALAND:_TOTAL_POPULATION,1952,both,65,13.98,78.98,69.37,28.89,0.7209,NEW ZEALAND: TOTAL POPULATION
NEW_ZEALAND:_TOTAL_POPULATION,1953,both,65,14.42,79.42,70.21,25.63,0.7301000000000001,NEW ZEALAND: TOTAL POPULATION
NEW_ZEALAND:_TOTAL_POPULATION,1954,both,65,14.29,79.28999999999999,70.33,24.4,0.7337,NEW ZEALAND: TOTAL POPULATION
NEW_ZEALAND:_TOTAL_POPULATION,1955,both,65,14.31,79.31,70.48,24.87,0.7387,NEW ZEALAND: TOTAL POPULATION
NEW_ZEALAND:_TOTAL_POPULATION,1956,both,65,14.2,79.2,70.72,23.33,0.746,NEW ZEALAND: TOTAL POPULATION
NEW_ZEALAND:_TOTAL_POPULATION,1957,both,65,13.93,78.93,70.25,24.53,0.7376999999999999,NEW ZEALAND: TOTAL POPULATION
NEW_ZEALAND:_TOTAL_POPULATION,1958,both,65,14.43,79.43,70.88,23.75,0.7456999999999999,NEW ZEALAND: TOTAL POPULATION
NEW_ZEALAND:_TOTAL_POPULATION,1959,both,65,14.2,79.2,70.77,24.11,0.7445,NEW ZEALAND: TOTAL POPULATION
NEW_ZEALAND:_TOTAL_POPULATION,1960,both,65,14.48,79.48,71.22,22.72,0.7484999999999999,NEW ZEALAND: TOTAL POPULATION
NEW_ZEALAND:_TOTAL_POPULATION,1961,both,65,14.32,79.32,70.93,23.32,0.7428,NEW ZEALAND: TOTAL POPULATION
NEW_ZEALAND:_TOTAL_POPULATION,1962,both,65,14.24,79.24,71.2,20.56,0.7511,NEW ZEALAND: TOTAL POPULATION
NEW_ZEALAND:_TOTAL_POPULATION,1963,both,65,14.21,79.21000000000001,71.27,19.59,0.7506999999999999,NEW ZEALAND: TOTAL POPULATION
NEW_ZEALAND:_TOTAL_POPULATION,1964,both,65,14.22,79.22,71.29,18.78,0.7481,NEW ZEALAND: TOTAL POPULATION
NEW_ZEALAND:_TOTAL_POPULATION,1965,both,65,14.36,79.36,71.21,19.04,0.7423000000000001,NEW ZEALAND: TOTAL POPULATION
NEW_ZEALAND:_TOTAL_POPULATION,1966,both,65,14.11,79.11,71.07,17.56,0.7423000000000001,NEW ZEALAND: TOTAL POPULATION
NEW_ZEALAND:_TOTAL_POPULATION,1967,both,65,14.7,79.7,71.44,18.09,0.7404000000000001,NEW ZEALAND: TOTAL POPULATION
NEW_ZEALAND:_TOTAL_POPULATION,1968,both,65,14.18,79.18,71.09,18.87,0.743,NEW ZEALAND: TOTAL POPULATION
NEW_ZEALAND:_TOTAL_POPULATION,1969,both,65,14.35,79.35,71.48,17.0,0.7484999999999999,NEW ZEALAND: TOTAL POPULATION
NEW_ZEALAND:_TOTAL_POPULATION,1970,both,65,14.28,79.28,71.22,16.63,0.7440000000000001,NEW ZEALAND: TOTAL POPULATION
NEW_ZEALAND:_TOTAL_POPULATION,1971,both,65,14.63,79.63,71.72,16.92,0.7492,NEW ZEALAND: TOTAL POPULATION
NEW_ZEALAND:_TOTAL_POPULATION,1972,both,65,14.5,79.5,71.82,15.67,0.7536,NEW ZEALAND: TOTAL POPULATION
NEW_ZEALAND:_TOTAL_POPULATION,1973,both,65,14.54,79.53999999999999,71.68,15.87,0.7509,NEW ZEALAND: TOTAL POPULATION
NEW_ZEALAND:_TOTAL_POPULATION,1974,both,65,14.74,79.74,71.94,15.36,0.7526999999999999,NEW ZEALAND: TOTAL POPULATION
NEW_ZEALAND:_TOTAL_POPULATION,1975,both,65,14.97,79.97,72.2,15.71,0.7564,NEW ZEALAND: TOTAL POPULATION
NEW_ZEALAND:_TOTAL_POPULATION,1976,both,65,14.83,79.83,72.4,13.8,0.7628,NEW ZEALAND: TOTAL POPULATION
NEW_ZEALAND:_TOTAL_POPULATION,1977,both,65,14.92,79.92,72.14,14.18,0.7572,NEW ZEALAND: TOTAL POPULATION
NEW_ZEALAND:_TOTAL_POPULATION,1978,both,65,15.42,80.42,73.01,13.29,0.7670999999999999,NEW ZEALAND: TOTAL POPULATION
NEW_ZEALAND:_TOTAL_POPULATION,1979,both,65,15.24,80.24,73.05,12.6,0.7712,NEW ZEALAND: TOTAL POPULATION
NEW_ZEALAND:_TOTAL_POPULATION,1980,both,65,14.9,79.9,72.87,12.72,0.7748,NEW ZEALAND: TOTAL POPULATION
NEW_ZEALAND:_TOTAL_POPULATION,1981,both,65,15.57,80.57,73.64,11.45,0.7826000000000001,NEW ZEALAND: TOTAL POPULATION
NEW_ZEALAND:_TOTAL_POPULATION,1982,both,65,15.64,80.64,73.73,11.76,0.7826000000000001,NEW ZEALAND: TOTAL POPULATION
NEW_ZEALAND:_TOTAL_POPULATION,1983,both,65,15.6,80.6,73.83,12.54,0.7881999999999999,NEW ZEALAND: TOTAL POPULATION
NEW_ZEALAND:_TOTAL_POPULATION,1984,both,65,15.96,80.96000000000001,74.37,11.71,0.7957,NEW ZEALAND: TOTAL POPULATION
NEW_ZEALAND:_TOTAL_POPULATION,1985,both,65,15.5,80.5,73.87,10.85,0.7898999999999999,NEW ZEALAND: TOTAL POPULATION
NEW_ZEALAND:_TOTAL_POPULATION,1986,both,65,15.79,80.78999999999999,74.12,11.28,0.7929,NEW ZEALAND: TOTAL POPULATION
NEW_ZEALAND:_TOTAL_POPULATION,1987,both,65,15.8,80.8,74.21,10.21,0.7951,NEW ZEALAND: TOTAL POPULATION
NEW_ZEALAND:_TOTAL_POPULATION,1988,both,65,15.96,80.96000000000001,74.48,10.96,0.8011,NEW ZEALAND: TOTAL POPULATION
NEW_ZEALAND:_TOTAL_POPULATION,1989,both,65,16.25,81.25,74.89,10.37,0.8067,NEW ZEALAND: TOTAL POPULATION
NEW_ZEALAND:_TOTAL_POPULATION,1990,both,65,16.61,81.61,75.43,8.5,0.8118000000000001,NEW ZEALAND: TOTAL POPULATION
NEW_ZEALAND:_TOTAL_POPULATION,1991,both,65,16.93,81.93,76.08,8.07,0.8223999999999999,NEW ZEALAND: TOTAL POPULATION
NEW_ZEALAND:_TOTAL_POPULATION,1992,both,65,16.86,81.86,76.19,7.12,0.8265,NEW ZEALAND: TOTAL POPULATION
NEW_ZEALAND:_TOTAL_POPULATION,1993,both,65,17.07,82.07,76.5,7.16,0.8306999999999999,NEW ZEALAND: TOTAL POPULATION
NEW_ZEALAND:_TOTAL_POPULATION,1994,both,65,17.24,82.24,76.92,6.92,0.8382999999999999,NEW ZEALAND: TOTAL POPULATION
NEW_ZEALAND:_TOTAL_POPULATION,1995,both,65,17.22,82.22,76.79,6.56,0.8356999999999999,NEW ZEALAND: TOTAL POPULATION
NEW_ZEALAND:_TOTAL_POPULATION,1996,both,65,17.24,82.24,76.81,7.09,0.8359000000000001,NEW ZEALAND: TOTAL POPULATION
NEW_ZEALAND:_TOTAL_POPULATION,1997,both,65,17.63,82.63,77.35,6.59,0.8440000000000001,NEW ZEALAND: TOTAL POPULATION
NEW_ZEALAND:_TOTAL_POPULATION,1998,both,65,18.2,83.2,78.17,5.28,0.8513,NEW ZEALAND: TOTAL POPULATION
NEW_ZEALAND:_TOTAL_POPULATION,1999,both,65,17.84,82.84,77.91,5.67,0.8517,NEW ZEALAND: TOTAL POPULATION
NEW_ZEALAND:_TOTAL_POPULATION,2000,both,65,18.41,83.41,78.67,6.14,0.8631,NEW ZEALAND: TOTAL POPULATION
NEW_ZEALAND:_TOTAL_POPULATION,2001,both,65,18.25,83.25,78.67,5.34,0.8651000000000001,NEW ZEALAND: TOTAL POPULATION
NEW_ZEALAND:_TOTAL_POPULATION,2002,both,65,18.39,83.39,78.87,5.39,0.8681,NEW ZEALAND: TOTAL POPULATION
NEW_ZEALAND:_TOTAL_POPULATION,2003,both,65,18.6,83.6,79.15,4.96,0.8711,NEW ZEALAND: TOTAL POPULATION
NEW_ZEALAND:_TOTAL_POPULATION,2004,both,65,18.68,83.68,79.36,5.61,0.8755,NEW ZEALAND: TOTAL POPULATION
NEW_ZEALAND:_TOTAL_POPULATION,2005,both,65,19.36,84.36,80.04,5.22,0.8789,NEW ZEALAND: TOTAL POPULATION
NEW_ZEALAND:_TOTAL_POPULATION,2006,both,65,19.19,84.19,80.02,5.16,0.8815000000000001,NEW ZEALAND: TOTAL POPULATION
NEW_ZEALAND:_TOTAL_POPULATION,2007,both,65,19.33,84.33,80.12,5.05,0.8824,NEW ZEALAND: TOTAL POPULATION
NEW_ZEALAND:_TOTAL_POPULATION,2008,both,65,19.34,84.34,80.25,4.61,0.8844,NEW ZEALAND: TOTAL POPULATION
NEW_ZEALAND:_TOTAL_POPULATION,2009,both,65,19.63,84.63,80.55,4.81,0.887,NEW ZEALAND: TOTAL POPULATION
NEW_ZEALAND:_TOTAL_POPULATION,2010,both,65,19.99,84.99,81.06,5.04,0.8917,NEW ZEALAND: TOTAL POPULATION
NEW_ZEALAND:_TOTAL_POPULATION,2011,both,65,19.76,84.76,80.85,4.56,0.8912,NEW ZEALAND: TOTAL POPULATION
NEW_ZEALAND:_TOTAL_POPULATION,2012,both,65,19.94,84.94,81.17,4.17,0.8956999999999999,NEW ZEALAND: TOTAL POPULATION
NEW_ZEALAND:_TOTAL_POPULATION,2013,both,65,20.3,85.3,81.6,4.3,0.8972,NEW ZEALAND: TOTAL POPULATION
NEW_ZEALAND:_TOTAL_POPULATION,2014,both,65,20.17,85.17,81.42,5.58,0.8968,NEW ZEALAND: TOTAL POPULATION
NEW_ZEALAND:_TOTAL_POPULATION,2015,both,65,20.22,85.22,81.59,4.25,0.8995000000000001,NEW ZEALAND: TOTAL POPULATION
NEW_ZEALAND:_TOTAL_POPULATION,2016,both,65,20.61,85.61,82.0,3.53,0.8996,NEW ZEALAND: TOTAL POPULATION
NEW_ZEALAND:_TOTAL_POPULATION,2017,both,65,20.3,85.3,81.61,3.84,0.8972,NEW ZEALAND: TOTAL POPULATION
NEW_ZEALAND:_TOTAL_POPULATION,2018,both,65,20.57,85.57,81.9,3.64,0.898,NEW ZEALAND: TOTAL POPULATION
NEW_ZEALAND:_TOTAL_POPULATION,2019,both,65,20.61,85.61,81.83,4.51,0.8974,NEW ZEALAND: TOTAL POPULATION
NEW_ZEALAND:_TOTAL_POPULATION,2020,both,65,21.2,86.2,82.67,3.76,0.904,NEW ZEALAND: TOTAL POPULATION
NEW_ZEALAND:_TOTAL_POPULATION,2021,both,65,20.96,85.96000000000001,82.3,4.58,0.901,NEW ZEALAND: TOTAL POPULATION
NLD,1850,both,65,11.23,76.23,39.84,193.75,0.3109,Netherlands
NLD,1851,both,65,11.63,76.63,40.14,189.74,0.3217,Netherlands
NLD,1852,both,65,11.2,76.2,38.71,213.48,0.3024,Netherlands
NLD,1853,both,65,10.15,75.15,38.74,193.45,0.28,Netherlands
NLD,1854,both,65,10.54,75.53999999999999,38.72,193.26,0.286,Netherlands
NLD,1855,both,65,9.25,74.25,34.58,208.37,0.2322,Netherlands
NLD,1856,both,65,10.74,75.74,38.47,194.67,0.2937,Netherlands
NLD,1857,both,65,9.87,74.87,35.41,229.03,0.2536,Netherlands
NLD,1858,both,65,9.33,74.33,34.79,216.17,0.2305,Netherlands
NLD,1859,both,65,9.42,74.42,30.91,244.68,0.196,Netherlands
NLD,1860,both,65,10.59,75.59,37.0,197.59,0.2702,Netherlands
NLD,1861,both,65,10.54,75.53999999999999,36.51,215.98,0.2728,Netherlands
NLD,1862,both,65,10.94,75.94,38.37,199.51,0.2958,Netherlands
NLD,1863,both,65,11.03,76.03,38.31,206.39,0.301,Netherlands
NLD,1864,both,65,10.36,75.36,37.65,200.71,0.2816,Netherlands
NLD,1865,both,65,10.97,75.97,36.47,229.99,0.2802,Netherlands
NLD,1866,both,65,10.31,75.31,33.69,203.43,0.2191,Netherlands
NLD,1867,both,65,10.96,75.96000000000001,39.3,208.14,0.3136,Netherlands
NLD,1868,both,65,10.79,75.78999999999999,37.78,232.43,0.3031,Netherlands
NLD,1869,both,65,10.67,75.67,40.43,199.8,0.3204999999999999,Netherlands
NLD,1870,both,65,10.39,75.39,37.54,221.18,0.2874,Netherlands
NLD,1871,both,65,10.42,75.42,33.01,234.79,0.2347,Netherlands
NLD,1872,both,65,11.21,76.21000000000001,36.47,228.32,0.2862,Netherlands
NLD,1873,both,65,10.91,75.91,39.27,217.82,0.3157999999999999,Netherlands
NLD,1874,both,65,11.07,76.07,41.3,205.13,0.3342,Netherlands
NLD,1875,both,65,10.43,75.43,38.34,228.21,0.3,Netherlands
NLD,1876,both,65,11.04,76.03999999999999,40.46,214.75,0.3279999999999999,Netherlands
NLD,1877,both,65,11.29,76.28999999999999,42.08,200.75,0.3508,Netherlands
NLD,1878,both,65,11.1,76.1,41.09,208.9,0.3394,Netherlands
NLD,1879,both,65,10.85,75.85,41.98,196.6,0.3461,Netherlands
NLD,1880,both,65,11.15,76.15,40.41,222.54,0.336,Netherlands
NLD,1881,both,65,11.21,76.21000000000001,42.89,195.65,0.3579,Netherlands
NLD,1882,both,65,11.48,76.48,43.8,188.42,0.372,Netherlands
NLD,1883,both,65,11.2,76.2,42.36,195.95,0.3535,Netherlands
NLD,1884,both,65,11.66,76.66,41.34,206.41,0.3495,Netherlands
NLD,1885,both,65,11.37,76.37,43.28,182.78,0.364,Netherlands
NLD,1886,both,65,11.55,76.55,41.98,202.53,0.3556,Netherlands
NLD,1887,both,65,11.58,76.58,44.98,175.49,0.3873,Netherlands
NLD,1888,both,65,11.33,76.33,44.23,184.81,0.38,Netherlands
NLD,1889,both,65,11.55,76.55,44.37,186.65,0.3832,Netherlands
NLD,1890,both,65,11.06,76.06,44.42,181.83,0.3734,Netherlands
NLD,1891,both,65,10.92,75.92,44.27,183.33,0.3756,Netherlands
NLD,1892,both,65,10.54,75.53999999999999,43.95,181.34,0.3652,Netherlands
NLD,1893,both,65,11.42,76.42,45.86,179.08,0.3985,Netherlands
NLD,1894,both,65,11.57,76.57,46.99,161.79,0.4094,Netherlands
NLD,1895,both,65,11.59,76.59,46.73,178.13,0.413,Netherlands
NLD,1896,both,65,12.14,77.14,48.56,161.91,0.4381,Netherlands
NLD,1897,both,65,12.05,77.05,49.43,159.1,0.4459,Netherlands
NLD,1898,both,65,12.13,77.13,49.11,165.59,0.4449,Netherlands
NLD,1899,both,65,11.62,76.62,49.36,161.1,0.446,Netherlands
NLD,1900,both,65,11.27,76.27,48.48,164.39,0.4311999999999999,Netherlands
NLD,1901,both,65,11.97,76.97,48.75,163.92,0.4454999999999999,Netherlands
NLD,1902,both,65,11.87,76.87,50.65,142.19,0.4650999999999999,Netherlands
NLD,1903,both,65,12.29,77.28999999999999,51.54,145.16,0.4784,Netherlands
NLD,1904,both,65,12.18,77.18,50.87,149.56,0.4733,Netherlands
NLD,1905,both,65,12.08,77.08,52.1,139.52,0.4847999999999999,Netherlands
NLD,1906,both,65,12.37,77.37,52.78,138.08,0.4949,Netherlands
NLD,1907,both,65,11.91,76.91,53.51,124.48,0.4991,Netherlands
NLD,1908,both,65,11.78,76.78,52.77,133.98,0.4975,Netherlands
NLD,1909,both,65,11.99,76.99,54.92,111.05,0.517,Netherlands
NLD,1910,both,65,12.27,77.27,55.14,116.97,0.5281,Netherlands
NLD,1911,both,65,12.12,77.12,53.18,143.91,0.5074000000000001,Netherlands
NLD,1912,both,65,12.59,77.59,57.14,100.71,0.55,Netherlands
NLD,1913,both,65,12.59,77.59,57.35,101.89,0.5577000000000001,Netherlands
NLD,1914,both,65,12.62,77.62,57.19,105.64,0.5572,Netherlands
NLD,1915,both,65,12.26,77.26,57.24,94.6,0.5517,Netherlands
NLD,1916,both,65,12.04,77.03999999999999,56.16,96.89,0.5389,Netherlands
NLD,1917,both,65,11.89,76.89,55.65,97.81,0.5282,Netherlands
NLD,1918,both,65,11.94,76.94,47.63,101.86,0.4025999999999999,Netherlands
NLD,1919,both,65,12.04,77.03999999999999,54.78,96.64,0.5201,Netherlands
NLD,1920,both,65,12.37,77.37,57.98,86.6,0.5602,Netherlands
NLD,1921,both,65,12.7,77.7,59.71,87.16,0.5904,Netherlands
NLD,1922,both,65,11.93,76.93,59.78,77.01,0.5858,Netherlands
NLD,1923,both,65,13.01,78.01,62.0,68.87,0.6209,Netherlands
NLD,1924,both,65,13.09,78.09,62.88,61.97,0.6333,Netherlands
NLD,1925,both,65,13.06,78.06,63.12,57.27,0.6378,Netherlands
NLD,1926,both,65,13.05,78.05,62.98,60.51,0.6381,Netherlands
NLD,1927,both,65,12.47,77.47,62.61,57.8,0.6333,Netherlands
NLD,1928,both,65,12.93,77.93,63.71,52.49,0.6436,Netherlands
NLD,1929,both,65,12.04,77.03999999999999,62.15,58.05,0.6228,Netherlands
NLD,1930,both,65,13.32,78.32,64.66,51.57,0.6592,Netherlands
NLD,1931,both,65,12.56,77.56,64.32,48.57,0.6546,Netherlands
NLD,1932,both,65,12.99,77.99,65.39,46.15,0.6703,Netherlands
NLD,1933,both,65,13.08,78.08,66.03,42.87,0.6808,Netherlands
NLD,1934,both,65,13.47,78.47,66.6,42.48,0.6890000000000001,Netherlands
NLD,1935,both,65,13.1,78.1,66.51,39.53,0.6862,Netherlands
NLD,1936,both,65,13.17,78.17,66.73,38.96,0.6901999999999999,Netherlands
NLD,1937,both,65,12.98,77.98,66.97,37.66,0.6947,Netherlands
NLD,1938,both,65,13.32,78.32,67.39,37.03,0.7040000000000001,Netherlands
NLD,1939,both,65,13.07,78.07,67.72,33.95,0.7084,Netherlands
NLD,1940,both,65,12.59,77.59,65.4,39.32,0.6689,Netherlands
NLD,1941,both,65,12.44,77.44,65.33,42.62,0.6742,Netherlands
NLD,1942,both,65,13.04,78.03999999999999,65.8,40.45,0.68,Netherlands
NLD,1943,both,65,13.17,78.17,64.41,42.12,0.6607,Netherlands
NLD,1944,both,65,12.71,77.71000000000001,61.27,46.76,0.6046,Netherlands
NLD,1945,both,65,11.5,76.5,55.58,74.29,0.5056,Netherlands
NLD,1946,both,65,14.35,79.35,67.53,45.83,0.7142000000000001,Netherlands
NLD,1947,both,65,14.2,79.2,69.56,32.11,0.7428,Netherlands
NLD,1948,both,65,14.71,79.71000000000001,71.04,28.26,0.7634000000000001,Netherlands
NLD,1949,both,65,13.71,78.71000000000001,70.29,26.13,0.7574,Netherlands
NLD,1950,both,65,14.32,79.32,71.44,24.85,0.7754000000000001,Netherlands
NLD,1951,both,65,14.39,79.39,71.5,25.24,0.7767000000000001,Netherlands
NLD,1952,both,65,14.64,79.64,72.12,23.13,0.784,Netherlands
NLD,1953,both,65,14.45,79.45,71.7,22.31,0.7772,Netherlands
NLD,1954,both,65,14.65,79.65,72.38,21.62,0.7855,Netherlands
NLD,1955,both,65,14.59,79.59,72.5,20.84,0.7898999999999999,Netherlands
NLD,1956,both,65,14.43,79.43,72.52,19.35,0.7907,Netherlands
NLD,1957,both,65,14.79,79.78999999999999,72.97,17.84,0.7963,Netherlands
NLD,1958,both,65,14.85,79.85,73.14,17.85,0.7986,Netherlands
NLD,1959,both,65,14.98,79.98,73.19,17.34,0.7973,Netherlands
NLD,1960,both,65,14.97,79.97,73.35,16.88,0.7996,Netherlands
NLD,1961,both,65,15.14,80.14,73.55,16.75,0.8004000000000001,Netherlands
NLD,1962,both,65,14.88,79.88,73.22,16.4,0.7953,Netherlands
NLD,1963,both,65,14.83,79.83,73.35,15.34,0.7981999999999999,Netherlands
NLD,1964,both,65,15.29,80.28999999999999,73.73,14.4,0.7977,Netherlands
NLD,1965,both,65,15.08,80.08,73.6,13.9,0.797,Netherlands
NLD,1966,both,65,15.09,80.09,73.55,14.11,0.7959999999999999,Netherlands
NLD,1967,both,65,15.33,80.33,73.83,13.01,0.7973,Netherlands
NLD,1968,both,65,15.1,80.1,73.64,13.13,0.7973,Netherlands
NLD,1969,both,65,15.08,80.08,73.56,13.08,0.7938,Netherlands
NLD,1970,both,65,15.1,80.1,73.63,12.0,0.7931,Netherlands
NLD,1971,both,65,15.17,80.17,73.87,11.41,0.7988,Netherlands
NLD,1972,both,65,15.08,80.08,73.78,11.0,0.7975,Netherlands
NLD,1973,both,65,15.42,80.42,74.23,10.67,0.8037000000000001,Netherlands
NLD,1974,both,65,15.64,80.64,74.61,10.77,0.8093,Netherlands
NLD,1975,both,65,15.47,80.47,74.55,9.97,0.8084,Netherlands
NLD,1976,both,65,15.56,80.56,74.67,10.37,0.8108,Netherlands
NLD,1977,both,65,16.06,81.06,75.26,9.07,0.8157,Netherlands
NLD,1978,both,65,15.93,80.93,75.17,9.18,0.8169,Netherlands
NLD,1979,both,65,16.21,81.21000000000001,75.65,8.39,0.8217,Netherlands
NLD,1980,both,65,16.27,81.27,75.77,8.74,0.8244,Netherlands
NLD,1981,both,65,16.34,81.34,75.99,8.15,0.8284,Netherlands
NLD,1982,both,65,16.41,81.41,76.06,8.12,0.8281000000000001,Netherlands
NLD,1983,both,65,16.52,81.52,76.26,8.37,0.8321,Netherlands
NLD,1984,both,65,16.53,81.53,76.32,8.36,0.8336,Netherlands
NLD,1985,both,65,16.5,81.5,76.37,8.1,0.8343,Netherlands
NLD,1986,both,65,16.51,81.51,76.35,7.82,0.8336,Netherlands
NLD,1987,both,65,16.86,81.86,76.81,7.59,0.8389,Netherlands
NLD,1988,both,65,16.86,81.86,77.0,6.81,0.8436,Netherlands
NLD,1989,both,65,16.77,81.77,76.83,6.85,0.8404,Netherlands
NLD,1990,both,65,16.86,81.86,77.01,7.21,0.8456,Netherlands
NLD,1991,both,65,16.95,81.95,77.16,6.48,0.8465,Netherlands
NLD,1992,both,65,17.09,82.09,77.36,6.22,0.8491,Netherlands
NLD,1993,both,65,16.77,81.77,77.04,6.26,0.8469,Netherlands
NLD,1994,both,65,17.11,82.11,77.51,5.6,0.8517,Netherlands
NLD,1995,both,65,17.08,82.08,77.55,5.36,0.8543000000000001,Netherlands
NLD,1996,both,65,17.07,82.07,77.55,5.71,0.8553000000000001,Netherlands
NLD,1997,both,65,17.3,82.3,77.93,5.0,0.8595999999999999,Netherlands
NLD,1998,both,65,17.33,82.33,78.0,5.29,0.861,Netherlands
NLD,1999,both,65,17.32,82.32,77.96,5.19,0.861,Netherlands
NLD,2000,both,65,17.43,82.43,78.12,5.15,0.8632,Netherlands
NLD,2001,both,65,17.57,82.57,78.33,5.26,0.8664000000000001,Netherlands
NLD,2002,both,65,17.6,82.6,78.41,4.98,0.8675,Netherlands
NLD,2003,both,65,17.78,82.78,78.66,4.73,0.8703,Netherlands
NLD,2004,both,65,18.18,83.18,79.23,4.32,0.8759,Netherlands
NLD,2005,both,65,18.34,83.34,79.48,4.84,0.8803,Netherlands
NLD,2006,both,65,18.58,83.58,79.84,4.41,0.884,Netherlands
NLD,2007,both,65,18.87,83.87,80.25,4.02,0.8881999999999999,Netherlands
NLD,2008,both,65,19.0,84.0,80.39,3.81,0.8883,Netherlands
NLD,2009,both,65,19.21,84.21000000000001,80.67,3.83,0.8911,Netherlands
NLD,2010,both,65,19.29,84.28999999999999,80.83,3.78,0.8935,Netherlands
NLD,2011,both,65,19.52,84.52,81.11,3.56,0.8959999999999999,Netherlands
NLD,2012,both,65,19.46,84.46000000000001,81.06,3.64,0.8959,Netherlands
NLD,2013,both,65,19.62,84.62,81.3,3.71,0.8986,Netherlands
NLD,2014,both,65,19.92,84.92,81.65,3.64,0.9015,Netherlands
NLD,2015,both,65,19.67,84.67,81.48,3.25,0.9021,Netherlands
NLD,2016,both,65,19.77,84.77,81.55,3.46,0.9021,Netherlands
NLD,2017,both,65,19.89,84.89,81.73,3.55,0.9049,Netherlands
NLD,2018,both,65,19.89,84.89,81.78,3.43,0.9058,Netherlands
NLD,2019,both,65,20.11,85.11,82.05,3.64,0.9092,Netherlands
NLD,2020,both,65,19.47,84.47,81.39,3.82,0.9065,Netherlands
NLD,2021,both,65,19.5,84.5,81.35,3.43,0.9036,Netherlands
NLD,2022,both,65,19.73,84.73,81.63,3.09,0.9069,Netherlands
NLD,2023,both,65,19.89,84.89,81.84,3.59,0.9095,Netherlands
NOR,1846,both,65,12.71,77.71000000000001,48.05,110.8,0.4083,Norway
NOR,1847,both,65,11.74,76.74,44.77,114.67,0.3617,Norway
NOR,1848,both,65,11.17,76.17,45.01,113.53,0.3569,Norway
NOR,1849,both,65,11.78,76.78,48.04,96.73,0.3928,Norway
NOR,1850,both,65,12.26,77.26,49.52,92.47,0.4172999999999999,Norway
NOR,1851,both,65,12.29,77.28999999999999,49.72,96.63,0.4246999999999999,Norway
NOR,1852,both,65,12.17,77.17,48.47,104.91,0.4075,Norway
NOR,1853,both,65,12.06,77.06,47.91,93.96,0.38,Norway
NOR,1854,both,65,12.86,77.86,51.62,89.06,0.4467,Norway
NOR,1855,both,65,11.98,76.98,50.43,90.45,0.4326,Norway
NOR,1856,both,65,12.4,77.4,50.35,89.96,0.4409,Norway
NOR,1857,both,65,12.34,77.34,50.21,92.05,0.4329,Norway
NOR,1858,both,65,13.13,78.13,51.57,90.15,0.4512,Norway
NOR,1859,both,65,13.29,78.28999999999999,49.92,94.89,0.4324,Norway
NOR,1860,both,65,12.93,77.93,49.99,90.86,0.4354,Norway
NOR,1861,both,65,12.88,77.88,45.81,110.14,0.402,Norway
NOR,1862,both,65,12.99,77.99,44.71,114.7,0.3936,Norway
NOR,1863,both,65,12.8,77.8,46.71,103.09,0.4088,Norway
NOR,1864,both,65,12.5,77.5,48.78,95.13,0.4256,Norway
NOR,1865,both,65,13.23,78.23,50.42,95.27,0.4498,Norway
NOR,1866,both,65,12.76,77.76,49.91,92.63,0.4316,Norway
NOR,1867,both,65,11.86,76.86,47.87,103.04,0.4043,Norway
NOR,1868,both,65,12.47,77.47,47.18,109.85,0.3994,Norway
NOR,1869,both,65,12.5,77.5,49.26,96.56,0.4226,Norway
NOR,1870,both,65,12.51,77.51,50.86,92.19,0.4416,Norway
NOR,1871,both,65,12.64,77.64,49.67,90.11,0.4271999999999999,Norway
NOR,1872,both,65,12.95,77.95,50.02,94.84,0.4399,Norway
NOR,1873,both,65,13.14,78.14,49.68,97.6,0.4328,Norway
NOR,1874,both,65,12.84,77.84,47.77,105.93,0.4104,Norway
NOR,1875,both,65,12.22,77.22,47.63,107.66,0.4014999999999999,Norway
NOR,1876,both,65,12.84,77.84,46.82,101.84,0.3971,Norway
NOR,1877,both,65,13.27,78.27,49.75,98.67,0.4437,Norway
NOR,1878,both,65,13.57,78.57,51.78,94.06,0.4753,Norway
NOR,1879,both,65,13.73,78.73,53.14,84.77,0.4829,Norway
NOR,1880,both,65,13.36,78.36,51.89,88.71,0.4593,Norway
NOR,1881,both,65,12.9,77.9,50.44,89.09,0.4464,Norway
NOR,1882,both,65,13.25,78.25,47.38,103.41,0.4175,Norway
NOR,1883,both,65,13.42,78.42,49.59,90.08,0.4406,Norway
NOR,1884,both,65,13.66,78.66,50.76,90.86,0.4594,Norway
NOR,1885,both,65,13.46,78.46000000000001,51.04,85.46,0.4569,Norway
NOR,1886,both,65,13.53,78.53,51.7,83.37,0.4721,Norway
NOR,1887,both,65,13.8,78.8,51.67,82.41,0.4681,Norway
NOR,1888,both,65,13.22,78.22,50.37,87.9,0.4512,Norway
NOR,1889,both,65,13.6,78.6,49.07,99.07,0.441,Norway
NOR,1890,both,65,13.55,78.55,48.61,89.75,0.4225,Norway
NOR,1891,both,65,13.27,78.27,49.8,89.3,0.4338,Norway
NOR,1892,both,65,12.79,77.78999999999999,49.67,92.19,0.4359,Norway
NOR,1893,both,65,13.73,78.73,51.39,83.7,0.4572,Norway
NOR,1894,both,65,13.75,78.75,50.62,93.35,0.4553,Norway
NOR,1895,both,65,13.89,78.89,52.79,87.66,0.4805,Norway
NOR,1896,both,65,14.14,79.14,53.82,88.8,0.4968999999999999,Norway
NOR,1897,both,65,13.93,78.93,53.71,87.24,0.4918,Norway
NOR,1898,both,65,13.89,78.89,53.95,83.32,0.4967,Norway
NOR,1899,both,65,13.38,78.38,51.61,95.39,0.4645,Norway
NOR,1900,both,65,13.38,78.38,53.47,82.0,0.4851,Norway
NOR,1901,both,65,13.98,78.98,54.59,83.05,0.5025,Norway
NOR,1902,both,65,14.29,79.28999999999999,56.47,68.61,0.5217,Norway
NOR,1903,both,65,13.79,78.78999999999999,54.96,70.03,0.5047999999999999,Norway
NOR,1904,both,65,13.84,78.84,56.07,67.45,0.5199,Norway
NOR,1905,both,65,13.9,78.9,55.09,73.2,0.5054,Norway
NOR,1906,both,65,14.35,79.35,56.9,62.5,0.5311,Norway
NOR,1907,both,65,13.61,78.61,56.48,59.46,0.5214,Norway
NOR,1908,both,65,13.83,78.83,56.28,69.24,0.5257999999999999,Norway
NOR,1909,both,65,14.05,79.05,57.46,64.36,0.5416,Norway
NOR,1910,both,65,13.93,78.93,57.98,60.96,0.5442,Norway
NOR,1911,both,65,14.33,79.33,58.01,58.13,0.5446,Norway
NOR,1912,both,65,14.01,79.01,57.73,60.47,0.5375,Norway
NOR,1913,both,65,13.98,78.98,58.31,57.04,0.5473,Norway
NOR,1914,both,65,13.88,78.88,57.79,60.99,0.5439,Norway
NOR,1915,both,65,13.61,78.61,58.16,59.21,0.5474,Norway
NOR,1916,both,65,13.63,78.63,57.23,59.78,0.5367999999999999,Norway
NOR,1917,both,65,13.69,78.69,57.71,58.51,0.5417000000000001,Norway
NOR,1918,both,65,13.83,78.83,50.32,60.97,0.4185999999999999,Norway
NOR,1919,both,65,13.89,78.89,56.79,54.34,0.5264,Norway
NOR,1920,both,65,14.08,79.08,58.85,55.8,0.562,Norway
NOR,1921,both,65,14.5,79.5,61.57,46.98,0.5961,Norway
NOR,1922,both,65,13.9,78.9,60.78,48.64,0.5859000000000001,Norway
NOR,1923,both,65,13.99,78.99,61.8,44.26,0.6019,Norway
NOR,1924,both,65,14.37,79.37,62.11,44.15,0.6009,Norway
NOR,1925,both,65,14.36,79.36,62.51,43.93,0.6115999999999999,Norway
NOR,1926,both,65,14.44,79.44,63.25,44.12,0.6191,Norway
NOR,1927,both,65,14.09,79.09,62.85,43.86,0.6167,Norway
NOR,1928,both,65,14.27,79.27,63.4,44.6,0.625,Norway
NOR,1929,both,65,14.09,79.09,62.45,48.97,0.6096,Norway
NOR,1930,both,65,14.54,79.53999999999999,64.1,41.72,0.637,Norway
NOR,1931,both,65,14.07,79.07,64.18,40.52,0.6411,Norway
NOR,1932,both,65,14.23,79.23,64.59,43.35,0.6479,Norway
NOR,1933,both,65,14.51,79.51,65.48,41.66,0.6644,Norway
NOR,1934,both,65,14.65,79.65,66.21,36.57,0.6698999999999999,Norway
NOR,1935,both,65,14.19,79.19,65.84,38.94,0.6695,Norway
NOR,1936,both,65,14.25,79.25,65.82,39.99,0.6701,Norway
NOR,1937,both,65,14.29,79.28999999999999,66.02,39.7,0.6714,Norway
NOR,1938,both,65,14.49,79.49,67.09,35.21,0.6886,Norway
NOR,1939,both,65,14.26,79.26,67.35,34.62,0.6954,Norway
NOR,1940,both,65,14.24,79.24,65.88,35.29,0.6681,Norway
NOR,1941,both,65,14.47,79.47,65.74,37.96,0.6709,Norway
NOR,1942,both,65,14.96,79.96000000000001,65.7,35.51,0.6639,Norway
NOR,1943,both,65,15.23,80.23,66.09,34.25,0.6751999999999999,Norway
NOR,1944,both,65,15.23,80.23,65.84,34.3,0.6681,Norway
NOR,1945,both,65,15.56,80.56,68.19,33.62,0.7106999999999999,Norway
NOR,1946,both,65,15.44,80.44,69.54,32.64,0.7369,Norway
NOR,1947,both,65,15.1,80.1,70.01,29.93,0.7459,Norway
NOR,1948,both,65,15.45,80.45,71.13,26.87,0.7611,Norway
NOR,1949,both,65,15.1,80.1,71.52,25.11,0.7705,Norway
NOR,1950,both,65,14.95,79.95,71.59,25.32,0.7736,Norway
NOR,1951,both,65,15.63,80.63,72.53,23.27,0.7852,Norway
NOR,1952,both,65,15.47,80.47,72.65,23.06,0.7875,Norway
NOR,1953,both,65,15.51,80.51,73.15,20.14,0.7959,Norway
NOR,1954,both,65,15.39,80.39,73.21,19.8,0.7976000000000001,Norway
NOR,1955,both,65,15.62,80.62,73.43,19.23,0.7983,Norway
NOR,1956,both,65,15.46,80.46000000000001,73.49,19.86,0.8024,Norway
NOR,1957,both,65,15.46,80.46000000000001,73.43,18.97,0.8001999999999999,Norway
NOR,1958,both,65,15.35,80.35,73.43,18.67,0.8,Norway
NOR,1959,both,65,15.42,80.42,73.55,17.69,0.8004000000000001,Norway
NOR,1960,both,65,15.31,80.31,73.56,17.67,0.8036,Norway
NOR,1961,both,65,15.33,80.33,73.56,17.25,0.8001,Norway
NOR,1962,both,65,15.2,80.2,73.46,16.92,0.7995,Norway
NOR,1963,both,65,14.67,79.67,73.1,16.12,0.7987000000000001,Norway
NOR,1964,both,65,15.18,80.18,73.61,16.29,0.8025,Norway
NOR,1965,both,65,15.37,80.37,73.73,15.98,0.8011,Norway
NOR,1966,both,65,15.29,80.28999999999999,74.01,13.5,0.8069,Norway
NOR,1967,both,65,15.41,80.41,74.07,13.9,0.8067,Norway
NOR,1968,both,65,15.24,80.24,73.95,13.07,0.8049,Norway
NOR,1969,both,65,15.17,80.17,73.67,13.1,0.7979,Norway
NOR,1970,both,65,15.33,80.33,74.07,12.02,0.8051999999999999,Norway
NOR,1971,both,65,15.43,80.43,74.17,12.31,0.8077,Norway
NOR,1972,both,65,15.46,80.46000000000001,74.35,11.18,0.8098000000000001,Norway
NOR,1973,both,65,15.51,80.51,74.44,11.01,0.8109000000000001,Norway
NOR,1974,both,65,15.77,80.77,74.76,9.83,0.8127,Norway
NOR,1975,both,65,15.79,80.78999999999999,74.82,10.17,0.8137000000000001,Norway
NOR,1976,both,65,15.92,80.92,75.05,9.62,0.8149,Norway
NOR,1977,both,65,16.1,81.1,75.4,8.56,0.8205,Norway
NOR,1978,both,65,16.08,81.08,75.43,8.42,0.8208,Norway
NOR,1979,both,65,16.07,81.07,75.42,8.25,0.8198000000000001,Norway
NOR,1980,both,65,16.26,81.26,75.67,8.03,0.8229000000000001,Norway
NOR,1981,both,65,16.29,81.28999999999999,75.88,7.47,0.8266,Norway
NOR,1982,both,65,16.54,81.53999999999999,76.02,8.08,0.8268000000000001,Norway
NOR,1983,both,65,16.55,81.55,76.08,7.82,0.8276,Norway
NOR,1984,both,65,16.62,81.62,76.25,8.33,0.8311,Norway
NOR,1985,both,65,16.46,81.46000000000001,75.93,8.52,0.8273,Norway
NOR,1986,both,65,16.73,81.73,76.25,7.85,0.8291,Norway
NOR,1987,both,65,16.6,81.6,76.1,8.5,0.8278,Norway
NOR,1988,both,65,16.68,81.68,76.27,8.21,0.8305,Norway
NOR,1989,both,65,16.82,81.82,76.54,7.94,0.8345999999999999,Norway
NOR,1990,both,65,16.7,81.7,76.59,6.9,0.8395,Norway
NOR,1991,both,65,16.96,81.96000000000001,77.04,6.17,0.845,Norway
NOR,1992,both,65,17.12,82.12,77.24,5.72,0.8462999999999999,Norway
NOR,1993,both,65,16.88,81.88,77.22,5.02,0.8502,Norway
NOR,1994,both,65,17.35,82.35,77.78,5.2,0.8558,Norway
NOR,1995,both,65,17.24,82.24,77.8,4.03,0.8586,Norway
NOR,1996,both,65,17.6,82.6,78.23,4.07,0.8623999999999999,Norway
NOR,1997,both,65,17.6,82.6,78.24,4.05,0.8634000000000001,Norway
NOR,1998,both,65,17.8,82.8,78.41,3.94,0.8641,Norway
NOR,1999,both,65,17.7,82.7,78.39,3.94,0.8667,Norway
NOR,2000,both,65,18.03,83.03,78.69,3.77,0.8689,Norway
NOR,2001,both,65,18.12,83.12,78.89,3.83,0.8715999999999999,Norway
NOR,2002,both,65,18.1,83.1,78.96,3.43,0.8737,Norway
NOR,2003,both,65,18.54,83.53999999999999,79.53,3.39,0.8795999999999999,Norway
NOR,2004,both,65,18.89,83.89,79.97,3.23,0.8832,Norway
NOR,2005,both,65,19.02,84.02,80.17,3.06,0.8851,Norway
NOR,2006,both,65,19.21,84.21000000000001,80.44,3.19,0.8870999999999999,Norway
NOR,2007,both,65,19.11,84.11,80.5,3.06,0.8909999999999999,Norway
NOR,2008,both,65,19.26,84.26,80.68,2.73,0.8924,Norway
NOR,2009,both,65,19.47,84.47,80.86,3.12,0.8931999999999999,Norway
NOR,2010,both,65,19.54,84.53999999999999,81.04,2.76,0.8954000000000001,Norway
NOR,2011,both,65,19.71,84.71000000000001,81.24,2.32,0.8975,Norway
NOR,2012,both,65,19.7,84.7,81.45,2.47,0.9022,Norway
NOR,2013,both,65,19.91,84.91,81.66,2.44,0.9027,Norway
NOR,2014,both,65,20.19,85.19,82.09,2.41,0.9084,Norway
NOR,2015,both,65,20.25,85.25,82.28,2.34,0.9119,Norway
NOR,2016,both,65,20.4,85.4,82.42,2.14,0.912,Norway
NOR,2017,both,65,20.46,85.46000000000001,82.63,2.24,0.9171,Norway
NOR,2018,both,65,20.61,85.61,82.77,2.29,0.917,Norway
NOR,2019,both,65,20.77,85.77,82.96,2.06,0.9188,Norway
NOR,2020,both,65,20.93,85.93,83.2,1.7,0.9218,Norway
NOR,2021,both,65,20.83,85.83,83.17,1.9,0.9228,Norway
NOR,2022,both,65,20.39,85.39,82.64,1.78,0.9191,Norway
NOR,2023,both,65,20.84,85.84,83.02,2.04,0.9206,Norway
POL,1958,both,65,13.66,78.66,65.92,71.16,0.6854,POL
POL,1959,both,65,13.25,78.25,65.56,70.81,0.682,POL
POL,1960,both,65,14.0,79.0,67.83,55.29,0.7109000000000001,POL
POL,1961,both,65,13.96,78.96000000000001,67.94,52.91,0.7123,POL
POL,1962,both,65,13.59,78.59,67.63,53.42,0.7101999999999999,POL
POL,1963,both,65,14.1,79.1,68.56,48.17,0.7203,POL
POL,1964,both,65,13.85,78.85,68.78,46.39,0.727,POL
POL,1965,both,65,14.08,79.08,69.48,40.85,0.7358,POL
POL,1966,both,65,14.29,79.28999999999999,69.89,38.01,0.7393000000000001,POL
POL,1967,both,65,13.92,78.92,69.59,37.31,0.7364,POL
POL,1968,both,65,14.27,79.27,70.23,33.14,0.7425,POL
POL,1969,both,65,13.88,78.88,69.71,34.25,0.7345999999999999,POL
POL,1970,both,65,13.94,78.94,69.59,38.21,0.7358,POL
POL,1971,both,65,13.6,78.6,69.37,34.6,0.7314,POL
POL,1972,both,65,14.43,79.43,70.55,32.3,0.748,POL
POL,1973,both,65,14.28,79.28,70.53,29.97,0.7464,POL
POL,1974,both,65,14.46,79.46000000000001,71.02,27.94,0.7526999999999999,POL
POL,1975,both,65,14.24,79.24,70.44,29.13,0.7431,POL
POL,1976,both,65,14.29,79.28999999999999,70.44,28.18,0.7386,POL
POL,1977,both,65,14.37,79.37,70.33,28.36,0.7347,POL
POL,1978,both,65,14.23,79.23,70.22,27.14,0.7325,POL
POL,1979,both,65,14.49,79.49,70.59,25.76,0.735,POL
POL,1980,both,65,14.06,79.06,69.95,25.47,0.7231000000000001,POL
POL,1981,both,65,14.7,79.7,70.92,24.58,0.7363,POL
POL,1982,both,65,14.74,79.74,70.98,24.74,0.7372,POL
POL,1983,both,65,14.59,79.59,70.84,23.32,0.7328,POL
POL,1984,both,65,14.4,79.4,70.61,22.57,0.7263,POL
POL,1985,both,65,14.1,79.1,70.37,21.36,0.7217,POL
POL,1986,both,65,14.27,79.27,70.62,20.6,0.7236,POL
POL,1987,both,65,14.31,79.31,70.68,20.81,0.7238,POL
POL,1988,both,65,14.58,79.58,71.01,20.26,0.7276,POL
POL,1989,both,65,14.55,79.55,70.77,19.68,0.7216,POL
POL,1990,both,65,14.52,79.52,70.68,19.06,0.7186,POL
POL,1991,both,65,14.35,79.35,70.38,18.04,0.7103,POL
POL,1992,both,65,14.61,79.61,70.91,17.03,0.7195999999999999,POL
POL,1993,both,65,14.59,79.59,71.42,15.83,0.7334,POL
POL,1994,both,65,14.8,79.8,71.71,14.82,0.738,POL
POL,1995,both,65,14.9,79.9,71.92,12.98,0.7387999999999999,POL
POL,1996,both,65,14.91,79.91,72.25,12.13,0.7472,POL
POL,1997,both,65,15.13,80.13,72.6,9.94,0.7505,POL
POL,1998,both,65,15.33,80.33,72.95,9.37,0.7556,POL
POL,1999,both,65,15.33,80.33,72.99,8.69,0.7559999999999999,POL
POL,2000,both,65,15.69,80.69,73.73,8.01,0.7692,POL
POL,2001,both,65,15.96,80.96000000000001,74.22,7.46,0.7773,POL
POL,2002,both,65,16.22,81.22,74.58,7.29,0.7828,POL
POL,2003,both,65,16.23,81.23,74.74,6.92,0.7857999999999999,POL
POL,2004,both,65,16.54,81.53999999999999,74.97,6.73,0.7853,POL
POL,2005,both,65,16.64,81.64,75.09,6.34,0.7863,POL
POL,2006,both,65,16.85,81.85,75.28,5.93,0.7859999999999999,POL
POL,2007,both,65,16.9,81.9,75.33,5.85,0.7857999999999999,POL
POL,2008,both,65,17.04,82.03999999999999,75.57,5.58,0.7897,POL
POL,2009,both,65,17.07,82.07,75.76,5.33,0.7942,POL
POL,2010,both,65,17.34,82.34,76.29,4.85,0.8029000000000001,POL
POL,2011,both,65,17.61,82.61,76.62,4.58,0.8067,POL
POL,2012,both,65,17.6,82.6,76.69,4.6,0.8078,POL
POL,2013,both,65,17.68,82.68,76.94,4.45,0.8131999999999999,POL
POL,2014,both,65,18.07,83.07,77.53,4.24,0.8223999999999999,POL
POL,2015,both,65,17.87,82.87,77.37,3.95,0.8209000000000001,POL
POL,2016,both,65,18.19,83.19,77.75,4.06,0.8249,POL
POL,2017,both,65,18.04,83.03999999999999,77.66,4.03,0.8262,POL
POL,2018,both,65,17.96,82.96000000000001,77.55,3.76,0.8247,POL
POL,2019,both,65,18.18,83.18,77.84,3.7,0.8281000000000001,POL
POL,2020,both,65,16.98,81.98,76.48,3.5,0.8145,POL
POL,2021,both,65,16.31,81.31,75.54,3.89,0.8011,POL
POL,2022,both,65,17.62,82.62,77.25,3.71,0.8256999999999999,POL
POL,2023,both,65,18.42,83.42,78.39,3.68,0.8417,POL
PRT,1940,both,65,12.1,77.1,51.38,131.77,0.4829,PRT
PRT,1941,both,65,11.55,76.55,47.99,151.39,0.4429,PRT
PRT,1942,both,65,11.95,76.95,49.78,133.37,0.4638,PRT
PRT,1943,both,65,12.53,77.53,51.13,132.65,0.486,PRT
PRT,1944,both,65,12.53,77.53,52.38,123.16,0.4988,PRT
PRT,1945,both,65,12.94,77.94,53.78,116.61,0.5131,PRT
PRT,1946,both,65,12.31,77.31,53.75,115.99,0.5126,PRT
PRT,1947,both,65,12.8,77.8,55.93,106.86,0.547,PRT
PRT,1948,both,65,13.48,78.48,56.72,104.47,0.5559000000000001,PRT
PRT,1949,both,65,12.78,77.78,55.41,111.58,0.5416,PRT
PRT,1950,both,65,13.48,78.48,58.47,97.9,0.583,PRT
PRT,1951,both,65,12.98,77.98,58.75,92.33,0.5858,PRT
PRT,1952,both,65,13.6,78.6,59.76,95.27,0.6091,PRT
PRT,1953,both,65,13.64,78.64,61.07,93.0,0.63,PRT
PRT,1954,both,65,13.47,78.47,62.2,84.6,0.6431,PRT
PRT,1955,both,65,13.42,78.42,61.4,92.15,0.6329,PRT
PRT,1956,both,65,12.59,77.59,61.17,86.7,0.6245,PRT
PRT,1957,both,65,13.27,78.27,61.39,90.44,0.6336999999999999,PRT
PRT,1958,both,65,14.13,79.13,63.72,84.43,0.6676000000000001,PRT
PRT,1959,both,65,13.79,78.78999999999999,62.92,89.55,0.6617000000000001,PRT
PRT,1960,both,65,13.68,78.68,64.15,81.71,0.6755,PRT
PRT,1961,both,65,13.87,78.87,62.8,91.82,0.6587000000000001,PRT
PRT,1962,both,65,13.91,78.91,64.32,79.24,0.6748999999999999,PRT
PRT,1963,both,65,13.58,78.58,64.92,72.27,0.685,PRT
PRT,1964,both,65,13.8,78.8,65.12,70.66,0.685,PRT
PRT,1965,both,65,13.76,78.76,66.09,64.24,0.6978,PRT
PRT,1966,both,65,13.43,78.43,65.6,64.41,0.6846,PRT
PRT,1967,both,65,13.73,78.73,66.46,59.63,0.6970000000000001,PRT
PRT,1968,both,65,13.81,78.81,66.81,60.59,0.7065,PRT
PRT,1969,both,65,13.12,78.12,66.39,57.16,0.698,PRT
PRT,1970,both,65,13.83,78.83,67.06,60.61,0.7129000000000001,PRT
PRT,1971,both,65,13.44,78.44,66.85,55.1,0.7047,PRT
PRT,1972,both,65,14.09,79.09,69.16,39.96,0.7356,PRT
PRT,1973,both,65,13.87,78.87,68.6,43.79,0.7315,PRT
PRT,1974,both,65,13.78,78.78,69.12,37.78,0.7371,PRT
PRT,1975,both,65,14.09,79.09,68.84,39.66,0.7249,PRT
PRT,1976,both,65,13.83,78.83,69.1,33.79,0.7284,PRT
PRT,1977,both,65,14.37,79.37,70.34,29.8,0.7474,PRT
PRT,1978,both,65,14.45,79.45,70.79,28.16,0.7592,PRT
PRT,1979,both,65,14.91,79.91,71.6,25.37,0.7704000000000001,PRT
PRT,1980,both,65,14.97,79.97,71.66,24.43,0.7684000000000001,PRT
PRT,1981,both,65,15.09,80.09,71.89,21.79,0.7684000000000001,PRT
PRT,1982,both,65,15.51,80.51,72.7,19.84,0.7807999999999999,PRT
PRT,1983,both,65,15.34,80.34,72.65,18.75,0.7809999999999999,PRT
PRT,1984,both,65,15.43,80.43,72.93,16.64,0.7831,PRT
PRT,1985,both,65,15.55,80.55,73.21,16.99,0.7886,PRT
PRT,1986,both,65,15.86,80.86,73.64,15.77,0.792,PRT
PRT,1987,both,65,16.09,81.09,74.06,14.0,0.7984,PRT
PRT,1988,both,65,16.03,81.03,74.08,13.17,0.7997,PRT
PRT,1989,both,65,16.36,81.36,74.66,12.08,0.8087000000000001,PRT
PRT,1990,both,65,15.96,80.96000000000001,74.3,10.9,0.8045,PRT
PRT,1991,both,65,16.07,81.07,74.24,10.93,0.8011,PRT
PRT,1992,both,65,16.47,81.47,74.87,9.18,0.8089,PRT
PRT,1993,both,65,16.23,81.23,74.76,8.61,0.8078,PRT
PRT,1994,both,65,16.87,81.87,75.73,7.8,0.8216,PRT
PRT,1995,both,65,16.76,81.76,75.55,7.38,0.8195,PRT
PRT,1996,both,65,16.7,81.7,75.48,6.94,0.8181,PRT
PRT,1997,both,65,17.0,82.0,75.92,6.51,0.8234999999999999,PRT
PRT,1998,both,65,17.04,82.03999999999999,76.12,6.08,0.8281000000000001,PRT
PRT,1999,both,65,17.06,82.06,76.32,5.76,0.8320000000000001,PRT
PRT,2000,both,65,17.39,82.39,76.83,5.75,0.8381000000000001,PRT
PRT,2001,both,65,17.62,82.62,77.15,4.92,0.8404,PRT
PRT,2002,both,65,17.71,82.71000000000001,77.37,5.12,0.8434999999999999,PRT
PRT,2003,both,65,17.68,82.68,77.59,4.07,0.848,PRT
PRT,2004,both,65,18.35,83.35,78.43,3.78,0.8556999999999999,PRT
PRT,2005,both,65,18.15,83.15,78.32,3.5,0.8563,PRT
PRT,2006,both,65,18.77,83.77,79.09,3.25,0.8619,PRT
PRT,2007,both,65,18.86,83.86,79.31,3.41,0.8656,PRT
PRT,2008,both,65,19.02,84.02,79.61,3.3,0.8694,PRT
PRT,2009,both,65,19.25,84.25,79.84,3.56,0.8701000000000001,PRT
PRT,2010,both,65,19.35,84.35,80.12,2.58,0.8741,PRT
PRT,2011,both,65,19.77,84.77,80.58,3.01,0.8763,PRT
PRT,2012,both,65,19.6,84.6,80.56,3.26,0.8801000000000001,PRT
PRT,2013,both,65,19.87,84.87,80.9,2.81,0.8813,PRT
PRT,2014,both,65,20.18,85.18,81.32,2.88,0.8859999999999999,PRT
PRT,2015,both,65,20.09,85.09,81.33,2.98,0.8881,PRT
PRT,2016,both,65,20.14,85.14,81.37,3.25,0.8872,PRT
PRT,2017,both,65,20.42,85.42,81.67,2.61,0.8886,PRT
PRT,2018,both,65,20.37,85.37,81.6,3.31,0.8889,PRT
PRT,2019,both,65,20.64,85.64,81.96,2.85,0.8915000000000001,PRT
PRT,2020,both,65,20.1,85.1,81.37,2.38,0.8872,PRT
PRT,2021,both,65,20.13,85.13,81.4,2.37,0.887,PRT
PRT,2022,both,65,20.37,85.37,81.68,2.69,0.8902,PRT
PRT,2023,both,65,20.87,85.87,82.26,2.49,0.8945000000000001,PRT
RUS,1959,both,65,14.81,79.81,67.69,40.6,0.6887000000000001,RUS
RUS,1960,both,65,15.35,80.35,68.7,36.43,0.7011,RUS
RUS,1961,both,65,15.14,80.14,68.96,32.55,0.7048000000000001,RUS
RUS,1962,both,65,14.55,79.55,68.64,31.37,0.7028,RUS
RUS,1963,both,65,14.88,79.88,69.13,30.41,0.7089,RUS
RUS,1964,both,65,15.33,80.33,69.92,28.02,0.7186,RUS
RUS,1965,both,65,14.76,79.76,69.5,26.25,0.7152,RUS
RUS,1966,both,65,14.88,79.88,69.57,25.28,0.7141,RUS
RUS,1967,both,65,14.7,79.7,69.35,24.78,0.71,RUS
RUS,1968,both,65,14.79,79.78999999999999,69.25,25.19,0.7056999999999999,RUS
RUS,1969,both,65,14.45,79.45,68.76,24.48,0.6958,RUS
RUS,1970,both,65,14.45,79.45,68.83,22.4,0.6959000000000001,RUS
RUS,1971,both,65,14.58,79.58,69.07,20.44,0.6970999999999999,RUS
RUS,1972,both,65,14.45,79.45,68.98,20.67,0.6979000000000001,RUS
RUS,1973,both,65,14.36,79.36,68.96,20.85,0.6979000000000001,RUS
RUS,1974,both,65,14.68,79.68,68.96,21.76,0.6939,RUS
RUS,1975,both,65,14.33,79.33,68.32,22.69,0.6823,RUS
RUS,1976,both,65,14.33,79.33,68.06,23.97,0.6762999999999999,RUS
RUS,1977,both,65,14.41,79.41,67.9,23.55,0.6703,RUS
RUS,1978,both,65,14.48,79.48,67.91,23.21,0.6667000000000001,RUS
RUS,1979,both,65,14.24,79.24,67.58,22.36,0.6601,RUS
RUS,1980,both,65,14.22,79.22,67.48,21.88,0.6561,RUS
RUS,1981,both,65,14.37,79.37,67.69,21.38,0.66,RUS
RUS,1982,both,65,14.58,79.58,68.24,20.45,0.667,RUS
RUS,1983,both,65,14.37,79.37,68.07,20.05,0.6629999999999999,RUS
RUS,1984,both,65,14.06,79.06,67.56,20.53,0.6539,RUS
RUS,1985,both,65,14.06,79.06,68.26,20.34,0.6709999999999999,RUS
RUS,1986,both,65,14.52,79.52,69.85,19.51,0.7065,RUS
RUS,1987,both,65,14.45,79.45,69.9,19.16,0.7067,RUS
RUS,1988,both,65,14.45,79.45,69.73,18.42,0.7023,RUS
RUS,1989,both,65,14.67,79.67,69.59,17.28,0.6933,RUS
RUS,1990,both,65,14.5,79.5,69.22,16.87,0.6833,RUS
RUS,1991,both,65,14.53,79.53,68.96,17.03,0.6770999999999999,RUS
RUS,1992,both,65,14.38,79.38,67.84,17.15,0.6481,RUS
RUS,1993,both,65,13.48,78.48,65.06,19.09,0.5821999999999999,RUS
RUS,1994,both,65,13.12,78.12,63.81,18.71,0.546,RUS
RUS,1995,both,65,13.43,78.43,64.51,17.81,0.5663,RUS
RUS,1996,both,65,13.67,78.67,65.78,17.24,0.5984,RUS
RUS,1997,both,65,13.71,78.71000000000001,66.72,16.87,0.6247,RUS
RUS,1998,both,65,13.84,78.84,67.04,16.6,0.6339,RUS
RUS,1999,both,65,13.49,78.49,65.92,16.54,0.6063000000000001,RUS
RUS,2000,both,65,13.4,78.4,65.29,15.7,0.5882000000000001,RUS
RUS,2001,both,65,13.41,78.41,65.19,15.03,0.5803,RUS
RUS,2002,both,65,13.22,78.22,64.91,13.98,0.5696,RUS
RUS,2003,both,65,13.25,78.25,64.85,12.57,0.565,RUS
RUS,2004,both,65,13.58,78.58,65.27,11.74,0.5749,RUS
RUS,2005,both,65,13.65,78.65,65.34,10.92,0.5765,RUS
RUS,2006,both,65,14.02,79.02,66.64,10.39,0.6098,RUS
RUS,2007,both,65,14.31,79.31,67.55,9.78,0.6323,RUS
RUS,2008,both,65,14.44,79.44,67.96,8.7,0.6369,RUS
RUS,2009,both,65,14.71,79.71000000000001,68.76,8.28,0.6539,RUS
RUS,2010,both,65,14.73,79.73,68.92,7.89,0.6574,RUS
RUS,2011,both,65,15.27,80.27,69.81,7.67,0.6733,RUS
RUS,2012,both,65,15.4,80.4,70.22,8.81,0.6857,RUS
RUS,2013,both,65,15.68,80.68,70.75,8.15,0.695,RUS
RUS,2014,both,65,15.82,80.82,70.92,7.42,0.6969,RUS
SVK,1950,both,65,13.39,78.39,60.77,111.6,0.6141,SVK
SVK,1951,both,65,13.26,78.26,61.14,107.51,0.6219,SVK
SVK,1952,both,65,13.15,78.15,64.29,75.31,0.6629,SVK
SVK,1953,both,65,13.09,78.09,65.64,61.91,0.6818000000000001,SVK
SVK,1954,both,65,12.92,77.92,66.68,50.26,0.6953,SVK
SVK,1955,both,65,13.52,78.52,67.84,44.35,0.7086,SVK
SVK,1956,both,65,13.48,78.48,68.37,40.59,0.7186,SVK
SVK,1957,both,65,13.03,78.03,67.46,45.64,0.7066,SVK
SVK,1958,both,65,13.79,78.78999999999999,69.36,36.07,0.7343000000000001,SVK
SVK,1959,both,65,13.28,78.28,69.01,31.74,0.7273000000000001,SVK
SVK,1960,both,65,13.89,78.89,70.34,28.59,0.7514,SVK
SVK,1961,both,65,14.08,79.08,70.79,27.4,0.7583,SVK
SVK,1962,both,65,13.4,78.4,70.33,24.87,0.7518,SVK
SVK,1963,both,65,14.06,79.06,70.69,26.79,0.7556999999999999,SVK
SVK,1964,both,65,14.26,79.26,71.08,25.42,0.7608,SVK
SVK,1965,both,65,13.72,78.72,70.28,27.97,0.7533,SVK
SVK,1966,both,65,13.77,78.77,70.42,26.57,0.7539,SVK
SVK,1967,both,65,14.18,79.18,70.97,24.66,0.7570999999999999,SVK
SVK,1968,both,65,13.82,78.82,70.46,23.02,0.7464,SVK
SVK,1969,both,65,13.55,78.55,69.81,25.89,0.7342,SVK
SVK,1970,both,65,13.41,78.41,69.72,25.04,0.7323000000000001,SVK
SVK,1971,both,65,13.44,78.44,69.86,23.96,0.7339,SVK
SVK,1972,both,65,13.98,78.98,70.3,26.22,0.7404000000000001,SVK
SVK,1973,both,65,13.74,78.74,70.03,25.34,0.7347,SVK
SVK,1974,both,65,13.68,78.68,70.18,23.28,0.735,SVK
SVK,1975,both,65,13.83,78.83,70.3,23.63,0.7373000000000001,SVK
SVK,1976,both,65,13.99,78.99,70.47,24.63,0.7381,SVK
SVK,1977,both,65,13.83,78.83,70.41,21.46,0.7340000000000001,SVK
SVK,1978,both,65,13.92,78.92,70.42,21.81,0.7317,SVK
SVK,1979,both,65,14.0,79.0,70.74,20.95,0.7376,SVK
SVK,1980,both,65,13.65,78.65,70.38,20.3,0.7311,SVK
SVK,1981,both,65,14.01,79.01,70.62,19.13,0.7284,SVK
SVK,1982,both,65,13.91,78.91,70.76,17.9,0.7306999999999999,SVK
SVK,1983,both,65,13.76,78.76,70.48,17.43,0.7221,SVK
SVK,1984,both,65,14.01,79.01,70.71,16.97,0.7219,SVK
SVK,1985,both,65,13.91,78.91,70.72,16.26,0.725,SVK
SVK,1986,both,65,13.84,78.84,70.89,14.81,0.7276,SVK
SVK,1987,both,65,14.09,79.09,71.07,13.83,0.7256,SVK
SVK,1988,both,65,14.08,79.08,71.13,13.36,0.727,SVK
SVK,1989,both,65,14.05,79.05,70.94,13.21,0.7203,SVK
SVK,1990,both,65,14.04,79.03999999999999,70.82,12.22,0.7166,SVK
SVK,1991,both,65,14.1,79.1,70.92,13.09,0.7195999999999999,SVK
SVK,1992,both,65,14.29,79.28999999999999,71.37,12.33,0.7289,SVK
SVK,1993,both,65,14.36,79.36,71.88,10.48,0.7406,SVK
SVK,1994,both,65,14.61,79.61,72.33,10.58,0.75,SVK
SVK,1995,both,65,14.48,79.48,72.25,10.62,0.7495999999999999,SVK
SVK,1996,both,65,14.72,79.72,72.74,10.1,0.759,SVK
SVK,1997,both,65,14.7,79.7,72.69,8.62,0.7584000000000001,SVK
SVK,1998,both,65,14.69,79.69,72.57,8.75,0.7554000000000001,SVK
SVK,1999,both,65,14.9,79.9,72.97,8.2,0.76,SVK
SVK,2000,both,65,14.86,79.86,73.14,8.5,0.767,SVK
SVK,2001,both,65,15.1,80.1,73.57,6.05,0.7713,SVK
SVK,2002,both,65,15.32,80.32,73.76,7.67,0.7755,SVK
SVK,2003,both,65,15.32,80.32,73.81,7.9,0.7783,SVK
SVK,2004,both,65,15.48,80.48,74.2,6.87,0.7855,SVK
SVK,2005,both,65,15.44,80.44,74.14,7.23,0.7834,SVK
SVK,2006,both,65,15.53,80.53,74.39,6.57,0.7895,SVK
SVK,2007,both,65,15.69,80.69,74.46,6.14,0.787,SVK
SVK,2008,both,65,15.91,80.91,74.82,6.01,0.7934,SVK
SVK,2009,both,65,16.12,81.12,75.16,5.82,0.7970999999999999,SVK
SVK,2010,both,65,16.11,81.11,75.44,5.63,0.8059999999999999,SVK
SVK,2011,both,65,16.52,81.52,75.95,4.93,0.8122,SVK
SVK,2012,both,65,16.58,81.58,76.1,5.64,0.8161,SVK
SVK,2013,both,65,16.77,81.77,76.43,5.41,0.8209000000000001,SVK
SVK,2014,both,65,17.06,82.06,76.76,5.78,0.8251999999999999,SVK
SVK,2015,both,65,16.93,81.93,76.56,5.13,0.8208,SVK
SVK,2016,both,65,17.22,82.22,77.11,5.48,0.8317,SVK
SVK,2017,both,65,17.19,82.19,77.11,4.5,0.8311,SVK
SVK,2018,both,65,17.29,82.28999999999999,77.14,4.95,0.8311,SVK
SVK,2019,both,65,17.6,82.6,77.54,5.06,0.836,SVK
SVK,2020,both,65,16.85,81.85,76.84,5.02,0.8326,SVK
SVK,2021,both,65,15.29,80.28999999999999,74.59,4.85,0.7934,SVK
SVK,2022,both,65,17.04,82.03999999999999,76.95,5.14,0.8321,SVK
SVK,2023,both,65,17.92,82.92,78.03,5.26,0.8453,SVK
SVN,1983,both,65,13.91,78.91,70.86,13.34,0.732,SVN
SVN,1984,both,65,14.23,79.23,71.31,13.58,0.7399,SVN
SVN,1985,both,65,14.38,79.38,71.74,12.81,0.7478,SVN
SVN,1986,both,65,14.62,79.62,72.27,12.11,0.7592,SVN
SVN,1987,both,65,14.86,79.86,72.21,11.09,0.7469,SVN
SVN,1988,both,65,15.1,80.1,72.89,9.73,0.7625,SVN
SVN,1989,both,65,15.46,80.46000000000001,73.34,7.88,0.7664,SVN
SVN,1990,both,65,15.45,80.45,73.83,8.19,0.7804000000000001,SVN
SVN,1991,both,65,15.36,80.36,73.49,8.02,0.7725,SVN
SVN,1992,both,65,15.55,80.55,73.61,8.69,0.7717,SVN
SVN,1993,both,65,15.45,80.45,73.5,6.73,0.7679,SVN
SVN,1994,both,65,15.71,80.71000000000001,73.94,6.45,0.7787999999999999,SVN
SVN,1995,both,65,15.91,80.91,74.63,5.48,0.7906,SVN
SVN,1996,both,65,16.19,81.19,75.07,4.71,0.7975,SVN
SVN,1997,both,65,16.23,81.23,75.1,5.02,0.7967,SVN
SVN,1998,both,65,16.25,81.25,75.21,5.17,0.8024,SVN
SVN,1999,both,65,16.44,81.44,75.58,4.47,0.8064,SVN
SVN,2000,both,65,16.72,81.72,76.04,4.96,0.8140000000000001,SVN
SVN,2001,both,65,17.01,82.01,76.31,4.12,0.8145,SVN
SVN,2002,both,65,17.07,82.07,76.56,3.81,0.8207,SVN
SVN,2003,both,65,16.9,81.9,76.45,3.96,0.8220000000000001,SVN
SVN,2004,both,65,17.48,82.48,77.19,3.74,0.8303,SVN
SVN,2005,both,65,17.53,82.53,77.5,4.13,0.8401000000000001,SVN
SVN,2006,both,65,18.1,83.1,78.12,3.44,0.8420000000000001,SVN
SVN,2007,both,65,18.12,83.12,78.23,2.83,0.8458,SVN
SVN,2008,both,65,18.47,83.47,78.88,2.51,0.8539,SVN
SVN,2009,both,65,18.41,83.41,79.06,2.36,0.8606,SVN
SVN,2010,both,65,18.75,83.75,79.5,2.52,0.8645999999999999,SVN
SVN,2011,both,65,18.92,83.92,79.8,2.87,0.8698999999999999,SVN
SVN,2012,both,65,18.98,83.98,79.99,1.64,0.8703,SVN
SVN,2013,both,65,19.14,84.14,80.12,2.87,0.8731,SVN
SVN,2014,both,65,19.49,84.49,80.86,1.83,0.8839,SVN
SVN,2015,both,65,19.36,84.36,80.58,1.58,0.8798999999999999,SVN
SVN,2016,both,65,19.65,84.65,80.92,2.0,0.8842,SVN
SVN,2017,both,65,19.51,84.51,80.92,2.07,0.8854000000000001,SVN
SVN,2018,both,65,19.64,84.64,81.17,1.65,0.8902,SVN
SVN,2019,both,65,19.78,84.78,81.34,2.06,0.8926999999999999,SVN
SWE,1751,both,65,11.01,76.01,38.43,195.94,0.2830999999999999,Sweden
SWE,1752,both,65,12.55,77.55,35.41,220.68,0.2787,Sweden
SWE,1753,both,65,12.47,77.47,39.74,195.63,0.3177,Sweden
SWE,1754,both,65,11.68,76.68,37.5,213.87,0.2858,Sweden
SWE,1755,both,65,11.44,76.44,36.58,229.99,0.2789,Sweden
SWE,1756,both,65,11.18,76.18,36.25,220.99,0.2683,Sweden
SWE,1757,both,65,10.7,75.7,33.81,211.11,0.233,Sweden
SWE,1758,both,65,9.25,74.25,32.92,210.45,0.1907999999999999,Sweden
SWE,1759,both,65,10.7,75.7,38.21,194.57,0.264,Sweden
SWE,1760,both,65,11.41,76.41,39.71,192.0,0.2805,Sweden
SWE,1761,both,65,11.66,76.66,37.83,213.41,0.2866,Sweden
SWE,1762,both,65,10.36,75.36,32.49,242.07,0.221,Sweden
SWE,1763,both,65,10.09,75.09,30.46,244.35,0.1939999999999999,Sweden
SWE,1764,both,65,10.65,75.65,36.3,217.37,0.2463,Sweden
SWE,1765,both,65,10.13,75.13,35.99,219.12,0.2412,Sweden
SWE,1766,both,65,11.05,76.05,38.11,219.33,0.2836,Sweden
SWE,1767,both,65,10.38,75.38,38.23,215.82,0.273,Sweden
SWE,1768,both,65,10.87,75.87,35.05,223.64,0.2686,Sweden
SWE,1769,both,65,11.14,76.14,34.71,219.14,0.2673999999999999,Sweden
SWE,1770,both,65,10.74,75.74,36.66,212.06,0.273,Sweden
SWE,1771,both,65,9.85,74.85,35.43,210.82,0.2386,Sweden
SWE,1772,both,65,8.22,73.22,27.73,222.02,0.1253999999999999,Sweden
SWE,1773,both,65,7.14,72.14,17.99,238.56,0.0533,Sweden
SWE,1774,both,65,11.17,76.17,40.58,184.67,0.316,Sweden
SWE,1775,both,65,10.74,75.74,38.15,193.94,0.2859,Sweden
SWE,1776,both,65,11.1,76.1,41.51,169.84,0.3024,Sweden
SWE,1777,both,65,10.4,75.4,38.13,190.51,0.2869,Sweden
SWE,1778,both,65,10.63,75.63,35.56,209.14,0.2804,Sweden
SWE,1779,both,65,11.09,76.09,32.82,214.28,0.2683,Sweden
SWE,1780,both,65,10.5,75.5,42.68,164.75,0.359,Sweden
SWE,1781,both,65,9.81,74.81,37.81,184.69,0.289,Sweden
SWE,1782,both,65,8.94,73.94,36.66,182.43,0.2557,Sweden
SWE,1783,both,65,9.95,74.95,33.72,193.32,0.2466,Sweden
SWE,1784,both,65,10.2,75.2,31.44,196.97,0.2271999999999999,Sweden
SWE,1785,both,65,9.8,74.8,33.48,193.45,0.2453,Sweden
SWE,1786,both,65,9.66,74.66,37.9,207.61,0.2595,Sweden
SWE,1787,both,65,9.92,74.92,40.27,185.93,0.2875,Sweden
SWE,1788,both,65,10.1,75.1,36.82,214.45,0.2672,Sweden
SWE,1789,both,65,9.93,74.93,31.23,218.99,0.1816,Sweden
SWE,1790,both,65,9.93,74.93,33.6,201.33,0.2133,Sweden
SWE,1791,both,65,9.67,74.67,38.45,191.87,0.2658,Sweden
SWE,1792,both,65,10.53,75.53,39.84,207.56,0.3128,Sweden
SWE,1793,both,65,10.52,75.52,39.64,199.79,0.3063,Sweden
SWE,1794,both,65,10.6,75.6,40.41,183.9,0.3117,Sweden
SWE,1795,both,65,9.07,74.07,36.55,198.04,0.2506,Sweden
SWE,1796,both,65,10.42,75.42,38.88,202.17,0.3079,Sweden
SWE,1797,both,65,10.59,75.59,40.37,202.69,0.3131,Sweden
SWE,1798,both,65,10.46,75.46000000000001,41.34,188.94,0.3243999999999999,Sweden
SWE,1799,both,65,9.51,74.51,39.34,194.81,0.2884,Sweden
SWE,1800,both,65,8.73,73.73,32.19,227.06,0.2092,Sweden
SWE,1801,both,65,9.98,74.98,36.91,209.21,0.267,Sweden
SWE,1802,both,65,10.1,75.1,40.18,194.28,0.2985,Sweden
SWE,1803,both,65,10.22,75.22,40.24,189.32,0.2977,Sweden
SWE,1804,both,65,9.69,74.69,39.7,190.35,0.2811,Sweden
SWE,1805,both,65,10.09,75.09,41.05,179.79,0.3034,Sweden
SWE,1806,both,65,10.04,75.03999999999999,36.2,221.47,0.2559,Sweden
SWE,1807,both,65,9.54,74.53999999999999,38.77,190.21,0.2633,Sweden
SWE,1808,both,65,8.63,73.63,30.19,217.42,0.1625,Sweden
SWE,1809,both,65,8.08,73.08,26.91,208.31,0.1106,Sweden
SWE,1810,both,65,8.84,73.84,31.99,204.88,0.1851,Sweden
SWE,1811,both,65,9.66,74.66,34.59,204.37,0.2176,Sweden
SWE,1812,both,65,8.43,73.43,35.11,201.43,0.201,Sweden
SWE,1813,both,65,9.41,74.41,36.5,179.53,0.238,Sweden
SWE,1814,both,65,10.01,75.01,38.6,181.99,0.2813,Sweden
SWE,1815,both,65,10.35,75.35,40.45,176.44,0.3024,Sweden
SWE,1816,both,65,10.63,75.63,41.78,190.45,0.326,Sweden
SWE,1817,both,65,9.92,74.92,40.31,177.46,0.2948,Sweden
SWE,1818,both,65,10.02,75.02,40.02,172.64,0.2854,Sweden
SWE,1819,both,65,9.28,74.28,36.97,182.87,0.2442,Sweden
SWE,1820,both,65,9.84,74.84,40.24,164.66,0.2808,Sweden
SWE,1821,both,65,10.38,75.38,38.17,181.58,0.2784,Sweden
SWE,1822,both,65,10.46,75.46000000000001,42.77,165.82,0.3198999999999999,Sweden
SWE,1823,both,65,10.63,75.63,45.2,153.88,0.3424,Sweden
SWE,1824,both,65,11.1,76.1,44.98,153.76,0.3503,Sweden
SWE,1825,both,65,11.29,76.28999999999999,45.26,160.52,0.3592,Sweden
SWE,1826,both,65,10.23,75.23,43.11,172.66,0.3225,Sweden
SWE,1827,both,65,9.87,74.87,42.66,154.01,0.2964,Sweden
SWE,1828,both,65,9.65,74.65,37.76,174.92,0.2429,Sweden
SWE,1829,both,65,8.87,73.87,36.21,198.97,0.2205,Sweden
SWE,1830,both,65,9.62,74.62,40.98,179.87,0.2868,Sweden
SWE,1831,both,65,8.93,73.93,39.0,189.81,0.2557,Sweden
SWE,1832,both,65,9.94,74.94,40.85,166.26,0.2859,Sweden
SWE,1833,both,65,10.69,75.69,42.52,169.69,0.3155,Sweden
SWE,1834,both,65,10.09,75.09,38.55,175.95,0.238,Sweden
SWE,1835,both,65,11.06,76.06,47.15,144.25,0.3797,Sweden
SWE,1836,both,65,10.45,75.45,45.15,153.35,0.3577,Sweden
SWE,1837,both,65,9.29,74.28999999999999,39.6,189.65,0.2751,Sweden
SWE,1838,both,65,9.42,74.42,40.0,170.71,0.2658,Sweden
SWE,1839,both,65,9.98,74.98,39.87,162.69,0.2676,Sweden
SWE,1840,both,65,10.27,75.27,43.98,152.57,0.33,Sweden
SWE,1841,both,65,10.53,75.53,45.14,157.72,0.3567,Sweden
SWE,1842,both,65,10.49,75.49,42.8,164.85,0.3243999999999999,Sweden
SWE,1843,both,65,9.95,74.95,42.83,158.14,0.3182,Sweden
SWE,1844,both,65,10.44,75.44,44.01,146.41,0.3406,Sweden
SWE,1845,both,65,10.86,75.86,45.99,151.47,0.3682999999999999,Sweden
SWE,1846,both,65,9.98,74.98,42.04,160.91,0.3176,Sweden
SWE,1847,both,65,9.17,74.17,40.14,170.78,0.2857,Sweden
SWE,1848,both,65,10.07,75.07,45.13,144.03,0.3457,Sweden
SWE,1849,both,65,10.46,75.46000000000001,44.5,150.63,0.351,Sweden
SWE,1850,both,65,10.62,75.62,44.69,148.12,0.3503,Sweden
SWE,1851,both,65,10.26,75.26,43.62,153.24,0.3349,Sweden
SWE,1852,both,65,9.63,74.63,41.35,159.36,0.3,Sweden
SWE,1853,both,65,9.9,74.9,39.99,160.0,0.272,Sweden
SWE,1854,both,65,10.81,75.81,44.53,133.69,0.3508,Sweden
SWE,1855,both,65,9.99,74.99,43.06,143.63,0.3202,Sweden
SWE,1856,both,65,10.21,75.21000000000001,42.12,143.57,0.324,Sweden
SWE,1857,both,65,9.99,74.99,34.62,163.93,0.2391,Sweden
SWE,1858,both,65,10.96,75.96000000000001,41.99,147.7,0.3265,Sweden
SWE,1859,both,65,11.59,76.59,44.26,145.04,0.3574,Sweden
SWE,1860,both,65,11.47,76.47,48.46,125.84,0.4122999999999999,Sweden
SWE,1861,both,65,11.46,76.46000000000001,47.19,132.26,0.3962,Sweden
SWE,1862,both,65,11.09,76.09,42.7,137.04,0.3481,Sweden
SWE,1863,both,65,11.59,76.59,45.5,131.9,0.3856,Sweden
SWE,1864,both,65,10.85,75.85,44.81,137.56,0.369,Sweden
SWE,1865,both,65,11.65,76.65,45.45,134.41,0.3856,Sweden
SWE,1866,both,65,11.34,76.34,44.84,128.69,0.3651,Sweden
SWE,1867,both,65,10.36,75.36,46.27,135.85,0.3761,Sweden
SWE,1868,both,65,10.54,75.53999999999999,43.32,158.53,0.3436,Sweden
SWE,1869,both,65,10.45,75.45,41.01,148.97,0.321,Sweden
SWE,1870,both,65,10.54,75.53999999999999,45.02,134.55,0.3561999999999999,Sweden
SWE,1871,both,65,11.12,76.12,48.91,118.31,0.4160999999999999,Sweden
SWE,1872,both,65,12.17,77.17,49.94,127.59,0.4414,Sweden
SWE,1873,both,65,12.03,77.03,48.56,131.0,0.4208,Sweden
SWE,1874,both,65,11.29,76.28999999999999,44.15,146.82,0.3589,Sweden
SWE,1875,both,65,11.16,76.16,44.47,150.37,0.3638,Sweden
SWE,1876,both,65,11.81,76.81,44.77,140.73,0.3822,Sweden
SWE,1877,both,65,12.1,77.1,46.06,127.25,0.4052,Sweden
SWE,1878,both,65,12.55,77.55,46.8,132.03,0.4224,Sweden
SWE,1879,both,65,12.38,77.38,49.02,113.9,0.4428,Sweden
SWE,1880,both,65,11.84,76.84,47.67,119.01,0.4185999999999999,Sweden
SWE,1881,both,65,11.93,76.93,48.42,113.22,0.4267,Sweden
SWE,1882,both,65,12.7,77.7,48.41,124.95,0.4364,Sweden
SWE,1883,both,65,12.5,77.5,48.82,115.67,0.4404999999999999,Sweden
SWE,1884,both,65,12.25,77.25,49.0,115.52,0.4386,Sweden
SWE,1885,both,65,12.18,77.18,48.83,113.7,0.435,Sweden
SWE,1886,both,65,12.7,77.7,50.52,112.29,0.4615999999999999,Sweden
SWE,1887,both,65,13.0,78.0,51.39,103.59,0.4729,Sweden
SWE,1888,both,65,12.63,77.63,52.25,99.3,0.4797,Sweden
SWE,1889,both,65,12.74,77.74,52.23,105.48,0.4785999999999999,Sweden
SWE,1890,both,65,12.49,77.49,50.44,104.35,0.4535,Sweden
SWE,1891,both,65,12.57,77.57,51.02,109.05,0.4708,Sweden
SWE,1892,both,65,11.69,76.69,50.47,106.69,0.4515,Sweden
SWE,1893,both,65,12.61,77.61,51.16,101.73,0.4646,Sweden
SWE,1894,both,65,12.82,77.82,51.89,100.28,0.4756,Sweden
SWE,1895,both,65,13.22,78.22,54.01,95.29,0.506,Sweden
SWE,1896,both,65,13.15,78.15,53.34,102.24,0.4995,Sweden
SWE,1897,both,65,13.19,78.19,54.0,97.59,0.5063,Sweden
SWE,1898,both,65,13.34,78.34,54.59,91.45,0.5096,Sweden
SWE,1899,both,65,12.34,77.34,50.9,108.91,0.4628,Sweden
SWE,1900,both,65,12.56,77.56,52.23,99.99,0.4788,Sweden
SWE,1901,both,65,13.25,78.25,52.88,103.02,0.4919,Sweden
SWE,1902,both,65,13.16,78.16,54.7,85.74,0.5095000000000001,Sweden
SWE,1903,both,65,13.42,78.42,54.98,90.94,0.5184000000000001,Sweden
SWE,1904,both,65,13.05,78.05,55.27,84.35,0.5172,Sweden
SWE,1905,both,65,13.16,78.16,54.42,87.79,0.5025999999999999,Sweden
SWE,1906,both,65,13.64,78.64,56.56,81.08,0.5322,Sweden
SWE,1907,both,65,13.23,78.23,56.87,76.58,0.5372,Sweden
SWE,1908,both,65,13.1,78.1,56.33,85.25,0.5329999999999999,Sweden
SWE,1909,both,65,13.57,78.57,58.34,72.32,0.5571,Sweden
SWE,1910,both,65,13.44,78.44,57.74,74.2,0.5504,Sweden
SWE,1911,both,65,13.61,78.61,57.99,71.35,0.551,Sweden
SWE,1912,both,65,13.17,78.17,57.73,70.26,0.5488000000000001,Sweden
SWE,1913,both,65,13.38,78.38,58.59,68.71,0.5600999999999999,Sweden
SWE,1914,both,65,13.39,78.39,58.15,72.32,0.5549000000000001,Sweden
SWE,1915,both,65,12.8,77.8,57.1,73.15,0.5401,Sweden
SWE,1916,both,65,13.52,78.52,58.12,69.03,0.5562,Sweden
SWE,1917,both,65,13.38,78.38,58.8,63.87,0.5667,Sweden
SWE,1918,both,65,13.22,78.22,49.72,63.85,0.4132,Sweden
SWE,1919,both,65,13.23,78.23,56.42,69.94,0.5303,Sweden
SWE,1920,both,65,13.64,78.64,58.91,66.44,0.5686,Sweden
SWE,1921,both,65,13.77,78.77,60.98,62.09,0.6008,Sweden
SWE,1922,both,65,13.21,78.21000000000001,61.07,58.9,0.5965,Sweden
SWE,1923,both,65,13.96,78.96000000000001,62.91,55.76,0.6272,Sweden
SWE,1924,both,65,13.71,78.71000000000001,61.94,58.59,0.6149,Sweden
SWE,1925,both,65,13.81,78.81,62.51,54.84,0.6191,Sweden
SWE,1926,both,65,13.68,78.68,62.74,54.54,0.6225999999999999,Sweden
SWE,1927,both,65,13.15,78.15,61.56,57.63,0.6058,Sweden
SWE,1928,both,65,13.51,78.51,62.2,58.92,0.6186,Sweden
SWE,1929,both,65,13.45,78.45,62.29,56.67,0.6144,Sweden
SWE,1930,both,65,13.7,78.7,63.17,55.11,0.6282,Sweden
SWE,1931,both,65,13.02,78.02,62.71,54.84,0.6247,Sweden
SWE,1932,both,65,13.58,78.58,63.93,50.3,0.6422,Sweden
SWE,1933,both,65,13.69,78.69,64.8,48.15,0.6561,Sweden
SWE,1934,both,65,13.73,78.73,64.96,46.94,0.6574,Sweden
SWE,1935,both,65,13.38,78.38,64.86,45.96,0.6583,Sweden
SWE,1936,both,65,13.22,78.22,64.6,43.95,0.6518,Sweden
SWE,1937,both,65,13.22,78.22,64.61,45.35,0.6509999999999999,Sweden
SWE,1938,both,65,13.45,78.45,65.54,43.15,0.6665000000000001,Sweden
SWE,1939,both,65,13.33,78.33,66.38,39.93,0.6816,Sweden
SWE,1940,both,65,13.31,78.31,66.74,38.46,0.6864,Sweden
SWE,1941,both,65,13.43,78.43,66.97,38.44,0.6953,Sweden
SWE,1942,both,65,14.45,79.45,68.96,30.85,0.7214,Sweden
SWE,1943,both,65,14.46,79.46000000000001,68.7,30.02,0.7158,Sweden
SWE,1944,both,65,13.91,78.91,67.72,31.99,0.7049,Sweden
SWE,1945,both,65,13.94,78.94,68.33,29.99,0.7165,Sweden
SWE,1946,both,65,13.93,78.93,69.51,26.23,0.7332,Sweden
SWE,1947,both,65,13.57,78.57,69.48,24.78,0.7353000000000001,Sweden
SWE,1948,both,65,14.18,79.18,70.73,23.01,0.7529,Sweden
SWE,1949,both,65,14.04,79.03999999999999,70.81,22.67,0.7554000000000001,Sweden
SWE,1950,both,65,13.93,78.93,71.14,20.43,0.7639,Sweden
SWE,1951,both,65,14.08,79.08,71.36,21.05,0.7684000000000001,Sweden
SWE,1952,both,65,14.29,79.28999999999999,71.84,20.12,0.7751,Sweden
SWE,1953,both,65,14.23,79.23,71.91,18.61,0.7768999999999999,Sweden
SWE,1954,both,65,14.35,79.35,72.35,18.2,0.7859,Sweden
SWE,1955,both,65,14.58,79.58,72.59,17.63,0.7868,Sweden
SWE,1956,both,65,14.52,79.52,72.66,17.34,0.7902,Sweden
SWE,1957,both,65,14.39,79.39,72.49,17.63,0.7870999999999999,Sweden
SWE,1958,both,65,14.65,79.65,73.15,15.73,0.7993000000000001,Sweden
SWE,1959,both,65,14.81,79.81,73.37,16.48,0.805,Sweden
SWE,1960,both,65,14.54,79.53999999999999,73.04,16.4,0.7984,Sweden
SWE,1961,both,65,14.82,79.82,73.49,15.9,0.805,Sweden
SWE,1962,both,65,14.63,79.63,73.35,15.57,0.8044,Sweden
SWE,1963,both,65,14.86,79.86,73.53,15.75,0.8051,Sweden
SWE,1964,both,65,15.02,80.02,73.7,14.8,0.8055,Sweden
SWE,1965,both,65,15.01,80.01,73.87,13.2,0.809,Sweden
SWE,1966,both,65,15.13,80.13,74.1,12.65,0.8122,Sweden
SWE,1967,both,65,15.17,80.17,74.15,12.6,0.8118000000000001,Sweden
SWE,1968,both,65,15.08,80.08,74.0,12.7,0.8112,Sweden
SWE,1969,both,65,15.15,80.15,74.11,11.53,0.8090999999999999,Sweden
SWE,1970,both,65,15.67,80.67,74.66,11.28,0.8146,Sweden
SWE,1971,both,65,15.61,80.61,74.6,11.35,0.8134999999999999,Sweden
SWE,1972,both,65,15.64,80.64,74.71,10.73,0.8156,Sweden
SWE,1973,both,65,15.62,80.62,74.86,9.66,0.8184999999999999,Sweden
SWE,1974,both,65,15.74,80.74,74.97,9.54,0.8181,Sweden
SWE,1975,both,65,15.74,80.74,74.98,8.3,0.8178,Sweden
SWE,1976,both,65,15.68,80.68,74.97,8.1,0.8173,Sweden
SWE,1977,both,65,16.05,81.05,75.39,7.9,0.8205,Sweden
SWE,1978,both,65,16.04,81.03999999999999,75.48,7.65,0.8238,Sweden
SWE,1979,both,65,16.11,81.11,75.52,7.56,0.8228,Sweden
SWE,1980,both,65,16.2,81.2,75.74,6.89,0.8247,Sweden
SWE,1981,both,65,16.26,81.26,76.04,6.82,0.8312999999999999,Sweden
SWE,1982,both,65,16.52,81.52,76.35,6.76,0.8343,Sweden
SWE,1983,both,65,16.65,81.65,76.58,6.97,0.8390000000000001,Sweden
SWE,1984,both,65,16.84,81.84,76.84,6.46,0.8414,Sweden
SWE,1985,both,65,16.67,81.67,76.69,6.88,0.8417,Sweden
SWE,1986,both,65,16.85,81.85,76.95,6.01,0.8454999999999999,Sweden
SWE,1987,both,65,17.03,82.03,77.11,6.19,0.8456,Sweden
SWE,1988,both,65,16.9,81.9,77.0,5.99,0.8456,Sweden
SWE,1989,both,65,17.38,82.38,77.65,5.86,0.8542000000000001,Sweden
SWE,1990,both,65,17.27,82.27,77.59,6.1,0.8543999999999999,Sweden
SWE,1991,both,65,17.4,82.4,77.73,6.09,0.8542000000000001,Sweden
SWE,1992,both,65,17.51,82.51,78.07,5.3,0.86,Sweden
SWE,1993,both,65,17.46,82.46000000000001,78.14,4.75,0.8639,Sweden
SWE,1994,both,65,17.99,82.99,78.75,4.34,0.8672,Sweden
SWE,1995,both,65,17.92,82.92,78.82,3.98,0.8704999999999999,Sweden
SWE,1996,both,65,18.01,83.01,79.04,3.82,0.8744,Sweden
SWE,1997,both,65,18.17,83.17,79.27,3.52,0.8774,Sweden
SWE,1998,both,65,18.27,83.27,79.42,3.53,0.8793000000000001,Sweden
SWE,1999,both,65,18.28,83.28,79.51,3.34,0.8817,Sweden
SWE,2000,both,65,18.49,83.49,79.74,3.45,0.8831,Sweden
SWE,2001,both,65,18.57,83.57,79.84,3.63,0.885,Sweden
SWE,2002,both,65,18.54,83.53999999999999,79.94,3.34,0.8881,Sweden
SWE,2003,both,65,18.76,83.76,80.19,3.15,0.8902,Sweden
SWE,2004,both,65,19.07,84.07,80.55,3.11,0.8923000000000001,Sweden
SWE,2005,both,65,19.07,84.07,80.62,2.43,0.8936,Sweden
SWE,2006,both,65,19.25,84.25,80.83,2.84,0.8957999999999999,Sweden
SWE,2007,both,65,19.32,84.32,80.97,2.5,0.898,Sweden
SWE,2008,both,65,19.45,84.45,81.14,2.49,0.8993000000000001,Sweden
SWE,2009,both,65,19.65,84.65,81.37,2.51,0.9014,Sweden
SWE,2010,both,65,19.69,84.69,81.52,2.56,0.9042,Sweden
SWE,2011,both,65,19.84,84.84,81.76,2.06,0.9073,Sweden
SWE,2012,both,65,19.79,84.78999999999999,81.73,2.59,0.9085,Sweden
SWE,2013,both,65,20.01,85.01,81.94,2.68,0.9089,Sweden
SWE,2014,both,65,20.23,85.23,82.22,2.18,0.9111,Sweden
SWE,2015,both,65,20.19,85.19,82.19,2.44,0.9119,Sweden
SWE,2016,both,65,20.3,85.3,82.34,2.47,0.9132,Sweden
SWE,2017,both,65,20.35,85.35,82.44,2.35,0.915,Sweden
SWE,2018,both,65,20.4,85.4,82.53,2.01,0.9165,Sweden
SWE,2019,both,65,20.81,85.81,83.05,2.03,0.9207,Sweden
SWE,2020,both,65,20.2,85.2,82.43,2.33,0.9188,Sweden
SWE,2021,both,65,20.76,85.76,83.02,1.85,0.9205,Sweden
SWE,2022,both,65,20.72,85.72,83.05,2.07,0.9232,Sweden
SWE,2023,both,65,20.92,85.92,83.25,2.04,0.924,Sweden
TWN,1970,both,65,13.01,78.01,68.66,16.38,0.6995999999999999,TWN
TWN,1971,both,65,13.2,78.2,69.16,14.99,0.7084999999999999,TWN
TWN,1972,both,65,13.34,78.34,69.61,14.53,0.7193,TWN
TWN,1973,both,65,13.39,78.39,69.78,14.4,0.7243999999999999,TWN
TWN,1974,both,65,13.53,78.53,70.22,13.13,0.7351000000000001,TWN
TWN,1975,both,65,13.96,78.96000000000001,70.6,13.74,0.7342,TWN
TWN,1976,both,65,13.98,78.98,70.97,12.32,0.743,TWN
TWN,1977,both,65,14.06,79.06,71.04,12.11,0.7419,TWN
TWN,1978,both,65,14.47,79.47,71.53,10.95,0.7468,TWN
TWN,1979,both,65,14.45,79.45,71.58,10.86,0.7503,TWN
TWN,1980,both,65,14.61,79.61,71.76,10.91,0.7514,TWN
TWN,1981,both,65,14.5,79.5,71.83,9.96,0.7544,TWN
TWN,1982,both,65,14.76,79.76,72.32,8.92,0.7623000000000001,TWN
TWN,1983,both,65,14.52,79.52,72.29,8.27,0.7646999999999999,TWN
TWN,1984,both,65,15.0,80.0,72.94,7.48,0.773,TWN
TWN,1985,both,65,14.95,79.95,73.11,7.32,0.7803,TWN
TWN,1986,both,65,14.95,79.95,73.23,6.6,0.7833,TWN
TWN,1987,both,65,15.15,80.15,73.5,5.59,0.7868,TWN
TWN,1988,both,65,15.02,80.02,73.28,6.2,0.7847,TWN
TWN,1989,both,65,15.28,80.28,73.54,6.05,0.7881,TWN
TWN,1990,both,65,15.42,80.42,73.79,5.87,0.7901,TWN
TWN,1991,both,65,15.75,80.75,74.26,5.36,0.7958,TWN
TWN,1992,both,65,15.66,80.66,74.24,5.6,0.7968999999999999,TWN
TWN,1993,both,65,16.04,81.03999999999999,74.56,5.3,0.7984,TWN
TWN,1994,both,65,16.17,81.17,74.71,5.63,0.7998999999999999,TWN
TWN,1995,both,65,16.04,81.03999999999999,74.51,7.35,0.7986,TWN
TWN,1996,both,65,16.21,81.21000000000001,74.69,7.44,0.7993000000000001,TWN
TWN,1997,both,65,16.55,81.55,75.23,7.07,0.8072,TWN
TWN,1998,both,65,16.66,81.66,75.43,7.02,0.8103,TWN
TWN,1999,both,65,16.78,81.78,75.54,7.18,0.8112,TWN
TWN,2000,both,65,17.1,82.1,76.1,6.94,0.8190000000000001,TWN
TWN,2001,both,65,17.25,82.25,76.41,6.29,0.8225,TWN
TWN,2002,both,65,17.47,82.47,76.84,5.91,0.8294,TWN
TWN,2003,both,65,17.6,82.6,77.04,5.3,0.8312,TWN
TWN,2004,both,65,17.75,82.75,77.13,5.88,0.8317,TWN
TWN,2005,both,65,17.83,82.83,77.13,5.48,0.8304,TWN
TWN,2006,both,65,18.43,83.43,77.84,5.43,0.8366,TWN
TWN,2007,both,65,18.4,83.4,78.03,5.45,0.8415,TWN
TWN,2008,both,65,18.53,83.53,78.25,4.98,0.8445999999999999,TWN
TWN,2009,both,65,18.87,83.87,78.71,4.42,0.8490000000000001,TWN
TWN,2010,both,65,19.02,84.02,79.05,4.4,0.8543999999999999,TWN
TWN,2011,both,65,18.93,83.93,78.87,5.03,0.8525,TWN
TWN,2012,both,65,19.1,84.1,79.19,4.41,0.8569,TWN
TWN,2013,both,65,19.38,84.38,79.64,3.89,0.8608,TWN
TWN,2014,both,65,19.27,84.27,79.51,3.99,0.8603000000000001,TWN
TWN,2015,both,65,19.55,84.55,79.84,4.42,0.8633,TWN
TWN,2016,both,65,19.41,84.41,79.67,4.11,0.8614,TWN
TWN,2017,both,65,19.66,84.66,80.09,4.07,0.867,TWN
TWN,2018,both,65,19.93,84.93,80.37,4.24,0.8683,TWN
TWN,2019,both,65,20.09,85.09,80.56,3.97,0.8694,TWN
TWN,2020,both,65,20.45,85.45,81.07,3.6,0.8742,TWN
TWN,2021,both,65,20.17,85.17,80.67,4.25,0.8712000000000001,TWN
TWN,2022,both,65,19.38,84.38,79.81,4.38,0.8651000000000001,TWN
TWN,2023,both,65,19.74,84.74,80.12,4.42,0.8653,TWN
UK:_ENGLAND_&_WALES_TOTAL_POPULATION,1841,both,65,11.37,76.37,41.62,138.13,0.3233,England & Wales
UK:_ENGLAND_&_WALES_TOTAL_POPULATION,1842,both,65,11.27,76.27,41.3,149.23,0.3232,England & Wales
UK:_ENGLAND_&_WALES_TOTAL_POPULATION,1843,both,65,11.47,76.47,41.81,149.07,0.3281,England & Wales
UK:_ENGLAND_&_WALES_TOTAL_POPULATION,1844,both,65,11.33,76.33,41.49,147.4,0.3215999999999999,England & Wales
UK:_ENGLAND_&_WALES_TOTAL_POPULATION,1845,both,65,11.61,76.61,42.49,140.64,0.3326,England & Wales
UK:_ENGLAND_&_WALES_TOTAL_POPULATION,1846,both,65,11.28,76.28,39.91,163.25,0.3034,England & Wales
UK:_ENGLAND_&_WALES_TOTAL_POPULATION,1847,both,65,10.31,75.31,38.29,158.07,0.2691,England & Wales
UK:_ENGLAND_&_WALES_TOTAL_POPULATION,1848,both,65,11.1,76.1,39.46,154.72,0.2958,England & Wales
UK:_ENGLAND_&_WALES_TOTAL_POPULATION,1849,both,65,10.65,75.65,37.34,158.81,0.2521,England & Wales
UK:_ENGLAND_&_WALES_TOTAL_POPULATION,1850,both,65,11.45,76.45,42.75,143.53,0.3392,England & Wales
UK:_ENGLAND_&_WALES_TOTAL_POPULATION,1851,both,65,11.36,76.36,41.36,152.25,0.3231,England & Wales
UK:_ENGLAND_&_WALES_TOTAL_POPULATION,1852,both,65,11.46,76.46000000000001,40.87,157.33,0.3175,England & Wales
UK:_ENGLAND_&_WALES_TOTAL_POPULATION,1853,both,65,10.92,75.92,40.51,156.02,0.3057,England & Wales
UK:_ENGLAND_&_WALES_TOTAL_POPULATION,1854,both,65,11.22,76.22,39.3,156.5,0.2930999999999999,England & Wales
UK:_ENGLAND_&_WALES_TOTAL_POPULATION,1855,both,65,10.7,75.7,40.99,151.37,0.3097,England & Wales
UK:_ENGLAND_&_WALES_TOTAL_POPULATION,1856,both,65,11.91,76.91,43.21,144.24,0.3443,England & Wales
UK:_ENGLAND_&_WALES_TOTAL_POPULATION,1857,both,65,11.38,76.38,41.84,153.75,0.3284,England & Wales
UK:_ENGLAND_&_WALES_TOTAL_POPULATION,1858,both,65,11.08,76.08,39.99,155.48,0.31,England & Wales
UK:_ENGLAND_&_WALES_TOTAL_POPULATION,1859,both,65,11.38,76.38,40.77,155.4,0.3182,England & Wales
UK:_ENGLAND_&_WALES_TOTAL_POPULATION,1860,both,65,10.98,75.98,42.94,143.79,0.3359,England & Wales
UK:_ENGLAND_&_WALES_TOTAL_POPULATION,1861,both,65,11.28,76.28,42.31,149.64,0.3336,England & Wales
UK:_ENGLAND_&_WALES_TOTAL_POPULATION,1862,both,65,11.46,76.46000000000001,42.47,142.56,0.3325,England & Wales
UK:_ENGLAND_&_WALES_TOTAL_POPULATION,1863,both,65,11.51,76.51,40.36,147.6,0.312,England & Wales
UK:_ENGLAND_&_WALES_TOTAL_POPULATION,1864,both,65,10.88,75.88,39.93,151.4,0.2934,England & Wales
UK:_ENGLAND_&_WALES_TOTAL_POPULATION,1865,both,65,11.08,76.08,40.62,158.12,0.3002,England & Wales
UK:_ENGLAND_&_WALES_TOTAL_POPULATION,1866,both,65,11.01,76.01,40.38,157.81,0.2951,England & Wales
UK:_ENGLAND_&_WALES_TOTAL_POPULATION,1867,both,65,11.04,76.03999999999999,42.58,152.51,0.325,England & Wales
UK:_ENGLAND_&_WALES_TOTAL_POPULATION,1868,both,65,11.56,76.56,41.97,155.64,0.3252,England & Wales
UK:_ENGLAND_&_WALES_TOTAL_POPULATION,1869,both,65,11.08,76.08,41.62,153.2,0.3187,England & Wales
UK:_ENGLAND_&_WALES_TOTAL_POPULATION,1870,both,65,10.87,75.87,40.91,156.77,0.3098,England & Wales
UK:_ENGLAND_&_WALES_TOTAL_POPULATION,1871,both,65,11.03,76.03,41.28,154.08,0.31,England & Wales
UK:_ENGLAND_&_WALES_TOTAL_POPULATION,1872,both,65,11.39,76.39,42.87,150.65,0.3302,England & Wales
UK:_ENGLAND_&_WALES_TOTAL_POPULATION,1873,both,65,10.88,75.88,43.74,147.53,0.3359,England & Wales
UK:_ENGLAND_&_WALES_TOTAL_POPULATION,1874,both,65,10.92,75.92,42.07,150.63,0.3142,England & Wales
UK:_ENGLAND_&_WALES_TOTAL_POPULATION,1875,both,65,10.42,75.42,41.81,155.34,0.3045,England & Wales
UK:_ENGLAND_&_WALES_TOTAL_POPULATION,1876,both,65,11.17,76.17,43.65,148.02,0.3333,England & Wales
UK:_ENGLAND_&_WALES_TOTAL_POPULATION,1877,both,65,11.11,76.11,44.67,135.69,0.3436999999999999,England & Wales
UK:_ENGLAND_&_WALES_TOTAL_POPULATION,1878,both,65,10.78,75.78,42.98,151.09,0.3286,England & Wales
UK:_ENGLAND_&_WALES_TOTAL_POPULATION,1879,both,65,10.28,75.28,44.22,134.87,0.3347,England & Wales
UK:_ENGLAND_&_WALES_TOTAL_POPULATION,1880,both,65,11.02,76.02,43.73,148.48,0.3445,England & Wales
UK:_ENGLAND_&_WALES_TOTAL_POPULATION,1881,both,65,11.12,76.12,46.08,128.46,0.3608,England & Wales
UK:_ENGLAND_&_WALES_TOTAL_POPULATION,1882,both,65,11.34,76.34,44.83,139.47,0.3515,England & Wales
UK:_ENGLAND_&_WALES_TOTAL_POPULATION,1883,both,65,10.97,75.97,45.05,135.96,0.3472,England & Wales
UK:_ENGLAND_&_WALES_TOTAL_POPULATION,1884,both,65,11.26,76.26,44.74,145.87,0.3495,England & Wales
UK:_ENGLAND_&_WALES_TOTAL_POPULATION,1885,both,65,10.91,75.91,45.72,135.83,0.3559,England & Wales
UK:_ENGLAND_&_WALES_TOTAL_POPULATION,1886,both,65,10.75,75.75,45.29,147.79,0.3540999999999999,England & Wales
UK:_ENGLAND_&_WALES_TOTAL_POPULATION,1887,both,65,10.85,75.85,45.62,142.5,0.3579,England & Wales
UK:_ENGLAND_&_WALES_TOTAL_POPULATION,1888,both,65,10.94,75.94,46.78,135.66,0.3716,England & Wales
UK:_ENGLAND_&_WALES_TOTAL_POPULATION,1889,both,65,11.17,76.17,46.31,143.07,0.3732,England & Wales
UK:_ENGLAND_&_WALES_TOTAL_POPULATION,1890,both,65,10.55,75.55,44.72,145.43,0.3375,England & Wales
UK:_ENGLAND_&_WALES_TOTAL_POPULATION,1891,both,65,9.94,74.94,44.24,148.99,0.3243,England & Wales
UK:_ENGLAND_&_WALES_TOTAL_POPULATION,1892,both,65,10.31,75.31,45.46,145.83,0.3513,England & Wales
UK:_ENGLAND_&_WALES_TOTAL_POPULATION,1893,both,65,10.74,75.74,44.83,157.16,0.3469,England & Wales
UK:_ENGLAND_&_WALES_TOTAL_POPULATION,1894,both,65,11.69,76.69,48.3,134.46,0.3982,England & Wales
UK:_ENGLAND_&_WALES_TOTAL_POPULATION,1895,both,65,10.63,75.63,45.69,159.53,0.3616,England & Wales
UK:_ENGLAND_&_WALES_TOTAL_POPULATION,1896,both,65,11.7,76.7,47.37,145.85,0.3897,England & Wales
UK:_ENGLAND_&_WALES_TOTAL_POPULATION,1897,both,65,11.37,76.37,47.19,154.11,0.3865999999999999,England & Wales
UK:_ENGLAND_&_WALES_TOTAL_POPULATION,1898,both,65,11.24,76.24,46.96,158.66,0.3848,England & Wales
UK:_ENGLAND_&_WALES_TOTAL_POPULATION,1899,both,65,10.72,75.72,46.12,161.48,0.3666,England & Wales
UK:_ENGLAND_&_WALES_TOTAL_POPULATION,1900,both,65,10.57,75.57,46.3,151.09,0.363,England & Wales
UK:_ENGLAND_&_WALES_TOTAL_POPULATION,1901,both,65,11.23,76.23,47.89,148.63,0.3932,England & Wales
UK:_ENGLAND_&_WALES_TOTAL_POPULATION,1902,both,65,11.29,76.28999999999999,49.05,133.63,0.4058,England & Wales
UK:_ENGLAND_&_WALES_TOTAL_POPULATION,1903,both,65,11.65,76.65,50.39,130.83,0.4278,England & Wales
UK:_ENGLAND_&_WALES_TOTAL_POPULATION,1904,both,65,11.29,76.28999999999999,49.09,142.91,0.4140999999999999,England & Wales
UK:_ENGLAND_&_WALES_TOTAL_POPULATION,1905,both,65,11.49,76.49,50.83,126.62,0.4338,England & Wales
UK:_ENGLAND_&_WALES_TOTAL_POPULATION,1906,both,65,11.49,76.49,50.56,131.39,0.4306,England & Wales
UK:_ENGLAND_&_WALES_TOTAL_POPULATION,1907,both,65,11.32,76.32,51.41,116.15,0.4364,England & Wales
UK:_ENGLAND_&_WALES_TOTAL_POPULATION,1908,both,65,11.47,76.47,51.81,120.63,0.4459,England & Wales
UK:_ENGLAND_&_WALES_TOTAL_POPULATION,1909,both,65,11.21,76.21000000000001,52.48,107.74,0.4524,England & Wales
UK:_ENGLAND_&_WALES_TOTAL_POPULATION,1910,both,65,11.84,76.84,53.95,106.18,0.4785999999999999,England & Wales
UK:_ENGLAND_&_WALES_TOTAL_POPULATION,1911,both,65,11.73,76.73,51.51,129.28,0.4538,England & Wales
UK:_ENGLAND_&_WALES_TOTAL_POPULATION,1912,both,65,11.7,76.7,54.51,94.95,0.4835,England & Wales
UK:_ENGLAND_&_WALES_TOTAL_POPULATION,1913,both,65,11.78,76.78,53.79,107.14,0.4763,England & Wales
UK:_ENGLAND_&_WALES_TOTAL_POPULATION,1914,both,65,11.71,76.71000000000001,52.0,103.48,0.4496,England & Wales
UK:_ENGLAND_&_WALES_TOTAL_POPULATION,1915,both,65,11.02,76.02,48.3,103.63,0.397,England & Wales
UK:_ENGLAND_&_WALES_TOTAL_POPULATION,1916,both,65,11.29,76.28999999999999,48.0,89.29,0.3889,England & Wales
UK:_ENGLAND_&_WALES_TOTAL_POPULATION,1917,both,65,11.48,76.48,46.0,87.87,0.3616,England & Wales
UK:_ENGLAND_&_WALES_TOTAL_POPULATION,1918,both,65,11.89,76.89,40.9,95.8,0.2918,England & Wales
UK:_ENGLAND_&_WALES_TOTAL_POPULATION,1919,both,65,11.64,76.64,54.08,90.54,0.485,England & Wales
UK:_ENGLAND_&_WALES_TOTAL_POPULATION,1920,both,65,12.57,77.57,56.52,92.5,0.5297999999999999,England & Wales
UK:_ENGLAND_&_WALES_TOTAL_POPULATION,1921,both,65,12.43,77.43,58.24,80.05,0.552,England & Wales
UK:_ENGLAND_&_WALES_TOTAL_POPULATION,1922,both,65,11.81,76.81,57.59,74.4,0.5377000000000001,England & Wales
UK:_ENGLAND_&_WALES_TOTAL_POPULATION,1923,both,65,12.43,77.43,59.69,68.3,0.5698,England & Wales
UK:_ENGLAND_&_WALES_TOTAL_POPULATION,1924,both,65,12.03,77.03,58.7,73.35,0.557,England & Wales
UK:_ENGLAND_&_WALES_TOTAL_POPULATION,1925,both,65,12.11,77.11,58.85,73.81,0.5631,England & Wales
UK:_ENGLAND_&_WALES_TOTAL_POPULATION,1926,both,65,12.42,77.42,60.03,69.32,0.5803,England & Wales
UK:_ENGLAND_&_WALES_TOTAL_POPULATION,1927,both,65,11.94,76.94,59.32,67.44,0.5657,England & Wales
UK:_ENGLAND_&_WALES_TOTAL_POPULATION,1928,both,65,12.42,77.42,60.44,65.17,0.5839,England & Wales
UK:_ENGLAND_&_WALES_TOTAL_POPULATION,1929,both,65,11.46,76.46000000000001,57.94,73.06,0.5454,England & Wales
UK:_ENGLAND_&_WALES_TOTAL_POPULATION,1930,both,65,12.66,77.66,61.29,60.59,0.5951,England & Wales
UK:_ENGLAND_&_WALES_TOTAL_POPULATION,1931,both,65,12.12,77.12,60.34,65.6,0.5828,England & Wales
UK:_ENGLAND_&_WALES_TOTAL_POPULATION,1932,both,65,12.24,77.24,61.02,63.54,0.5948,England & Wales
UK:_ENGLAND_&_WALES_TOTAL_POPULATION,1933,both,65,12.22,77.22,60.97,60.64,0.5888,England & Wales
UK:_ENGLAND_&_WALES_TOTAL_POPULATION,1934,both,65,12.61,77.61,61.74,58.99,0.6033,England & Wales
UK:_ENGLAND_&_WALES_TOTAL_POPULATION,1935,both,65,12.59,77.59,62.51,57.5,0.614,England & Wales
UK:_ENGLAND_&_WALES_TOTAL_POPULATION,1936,both,65,12.4,77.4,62.28,59.14,0.6107,England & Wales
UK:_ENGLAND_&_WALES_TOTAL_POPULATION,1937,both,65,12.32,77.32,62.33,57.98,0.6077,England & Wales
UK:_ENGLAND_&_WALES_TOTAL_POPULATION,1938,both,65,12.85,77.85,63.72,52.7,0.6329,England & Wales
UK:_ENGLAND_&_WALES_TOTAL_POPULATION,1939,both,65,12.49,77.49,64.06,50.11,0.6355,England & Wales
UK:_ENGLAND_&_WALES_TOTAL_POPULATION,1940,both,65,11.88,76.88,60.59,55.19,0.5722999999999999,England & Wales
UK:_ENGLAND_&_WALES_TOTAL_POPULATION,1941,both,65,12.68,77.68,61.66,58.63,0.6004,England & Wales
UK:_ENGLAND_&_WALES_TOTAL_POPULATION,1942,both,65,13.36,78.36,63.21,52.0,0.6259,England & Wales
UK:_ENGLAND_&_WALES_TOTAL_POPULATION,1943,both,65,13.15,78.15,62.53,49.4,0.6146,England & Wales
UK:_ENGLAND_&_WALES_TOTAL_POPULATION,1944,both,65,13.51,78.51,62.74,47.13,0.6164999999999999,England & Wales
UK:_ENGLAND_&_WALES_TOTAL_POPULATION,1945,both,65,13.52,78.52,61.86,44.21,0.6022,England & Wales
UK:_ENGLAND_&_WALES_TOTAL_POPULATION,1946,both,65,13.49,78.49,66.93,45.7,0.6846,England & Wales
UK:_ENGLAND_&_WALES_TOTAL_POPULATION,1947,both,65,13.2,78.2,66.97,42.25,0.6861,England & Wales
UK:_ENGLAND_&_WALES_TOTAL_POPULATION,1948,both,65,13.96,78.96000000000001,68.83,32.84,0.7103,England & Wales
UK:_ENGLAND_&_WALES_TOTAL_POPULATION,1949,both,65,13.26,78.26,68.47,31.27,0.7068000000000001,England & Wales
UK:_ENGLAND_&_WALES_TOTAL_POPULATION,1950,both,65,13.28,78.28,68.96,29.09,0.7152,England & Wales
UK:_ENGLAND_&_WALES_TOTAL_POPULATION,1951,both,65,12.73,77.73,68.51,29.48,0.7081000000000001,England & Wales
UK:_ENGLAND_&_WALES_TOTAL_POPULATION,1952,both,65,13.56,78.56,69.83,27.57,0.7293000000000001,England & Wales
UK:_ENGLAND_&_WALES_TOTAL_POPULATION,1953,both,65,13.56,78.56,70.04,26.86,0.7334,England & Wales
UK:_ENGLAND_&_WALES_TOTAL_POPULATION,1954,both,65,13.68,78.68,70.46,25.15,0.7394,England & Wales
UK:_ENGLAND_&_WALES_TOTAL_POPULATION,1955,both,65,13.5,78.5,70.39,24.79,0.7409,England & Wales
UK:_ENGLAND_&_WALES_TOTAL_POPULATION,1956,both,65,13.55,78.55,70.63,24.04,0.7445,England & Wales
UK:_ENGLAND_&_WALES_TOTAL_POPULATION,1957,both,65,13.83,78.83,70.77,23.44,0.7422,England & Wales
UK:_ENGLAND_&_WALES_TOTAL_POPULATION,1958,both,65,13.72,78.72,70.94,22.69,0.7478,England & Wales
UK:_ENGLAND_&_WALES_TOTAL_POPULATION,1959,both,65,13.84,78.84,71.09,22.09,0.7493000000000001,England & Wales
UK:_ENGLAND_&_WALES_TOTAL_POPULATION,1960,both,65,14.0,79.0,71.27,22.35,0.7521,England & Wales
UK:_ENGLAND_&_WALES_TOTAL_POPULATION,1961,both,65,13.74,78.74,71.01,21.73,0.7484999999999999,England & Wales
UK:_ENGLAND_&_WALES_TOTAL_POPULATION,1962,both,65,13.78,78.78,71.06,21.95,0.7484999999999999,England & Wales
UK:_ENGLAND_&_WALES_TOTAL_POPULATION,1963,both,65,13.68,78.68,70.99,21.27,0.7472,England & Wales
UK:_ENGLAND_&_WALES_TOTAL_POPULATION,1964,both,65,14.39,79.39,71.76,20.38,0.7556999999999999,England & Wales
UK:_ENGLAND_&_WALES_TOTAL_POPULATION,1965,both,65,14.27,79.27,71.74,19.07,0.7559999999999999,England & Wales
UK:_ENGLAND_&_WALES_TOTAL_POPULATION,1966,both,65,14.14,79.14,71.66,18.96,0.7564,England & Wales
UK:_ENGLAND_&_WALES_TOTAL_POPULATION,1967,both,65,14.53,79.53,72.25,18.14,0.7648,England & Wales
UK:_ENGLAND_&_WALES_TOTAL_POPULATION,1968,both,65,14.12,79.12,71.88,18.23,0.7614,England & Wales
UK:_ENGLAND_&_WALES_TOTAL_POPULATION,1969,both,65,14.18,79.18,71.86,17.7,0.7574,England & Wales
UK:_ENGLAND_&_WALES_TOTAL_POPULATION,1970,both,65,14.34,79.34,72.09,18.2,0.7625,England & Wales
UK:_ENGLAND_&_WALES_TOTAL_POPULATION,1971,both,65,14.59,79.59,72.42,17.42,0.7674,England & Wales
UK:_ENGLAND_&_WALES_TOTAL_POPULATION,1972,both,65,14.32,79.32,72.19,16.8,0.7646,England & Wales
UK:_ENGLAND_&_WALES_TOTAL_POPULATION,1973,both,65,14.45,79.45,72.42,16.31,0.7689,England & Wales
UK:_ENGLAND_&_WALES_TOTAL_POPULATION,1974,both,65,14.56,79.56,72.62,16.02,0.7716,England & Wales
UK:_ENGLAND_&_WALES_TOTAL_POPULATION,1975,both,65,14.66,79.66,72.86,15.24,0.7755,England & Wales
UK:_ENGLAND_&_WALES_TOTAL_POPULATION,1976,both,65,14.53,79.53,72.85,14.06,0.7754000000000001,England & Wales
UK:_ENGLAND_&_WALES_TOTAL_POPULATION,1977,both,65,14.9,79.9,73.33,13.74,0.782,England & Wales
UK:_ENGLAND_&_WALES_TOTAL_POPULATION,1978,both,65,14.88,79.88,73.26,13.56,0.7804000000000001,England & Wales
UK:_ENGLAND_&_WALES_TOTAL_POPULATION,1979,both,65,14.89,79.89,73.38,13.12,0.7822,England & Wales
UK:_ENGLAND_&_WALES_TOTAL_POPULATION,1980,both,65,15.12,80.12,73.8,12.32,0.7886,England & Wales
UK:_ENGLAND_&_WALES_TOTAL_POPULATION,1981,both,65,15.25,80.25,74.13,11.0,0.7944,England & Wales
UK:_ENGLAND_&_WALES_TOTAL_POPULATION,1982,both,65,15.26,80.26,74.26,10.77,0.7978000000000001,England & Wales
UK:_ENGLAND_&_WALES_TOTAL_POPULATION,1983,both,65,15.38,80.38,74.49,10.15,0.8009000000000001,England & Wales
UK:_ENGLAND_&_WALES_TOTAL_POPULATION,1984,both,65,15.68,80.68,74.89,9.56,0.8049,England & Wales
UK:_ENGLAND_&_WALES_TOTAL_POPULATION,1985,both,65,15.42,80.42,74.72,9.4,0.8061,England & Wales
UK:_ENGLAND_&_WALES_TOTAL_POPULATION,1986,both,65,15.62,80.62,74.99,9.56,0.8106,England & Wales
UK:_ENGLAND_&_WALES_TOTAL_POPULATION,1987,both,65,15.92,80.92,75.33,9.34,0.8144,England & Wales
UK:_ENGLAND_&_WALES_TOTAL_POPULATION,1988,both,65,15.96,80.96000000000001,75.46,9.11,0.8178,England & Wales
UK:_ENGLAND_&_WALES_TOTAL_POPULATION,1989,both,65,15.96,80.96000000000001,75.62,8.48,0.8228,England & Wales
UK:_ENGLAND_&_WALES_TOTAL_POPULATION,1990,both,65,16.22,81.22,75.93,8.07,0.8262,England & Wales
UK:_ENGLAND_&_WALES_TOTAL_POPULATION,1991,both,65,16.22,81.22,76.09,7.36,0.8312999999999999,England & Wales
UK:_ENGLAND_&_WALES_TOTAL_POPULATION,1992,both,65,16.46,81.46000000000001,76.5,6.53,0.8366,England & Wales
UK:_ENGLAND_&_WALES_TOTAL_POPULATION,1993,both,65,16.27,81.27,76.38,6.3,0.8376,England & Wales
UK:_ENGLAND_&_WALES_TOTAL_POPULATION,1994,both,65,16.7,81.7,76.92,6.14,0.8447,England & Wales
UK:_ENGLAND_&_WALES_TOTAL_POPULATION,1995,both,65,16.58,81.58,76.81,6.1,0.8449,England & Wales
UK:_ENGLAND_&_WALES_TOTAL_POPULATION,1996,both,65,16.8,81.8,77.08,6.17,0.8482999999999999,England & Wales
UK:_ENGLAND_&_WALES_TOTAL_POPULATION,1997,both,65,16.95,81.95,77.33,5.84,0.8522,England & Wales
UK:_ENGLAND_&_WALES_TOTAL_POPULATION,1998,both,65,17.05,82.05,77.47,5.69,0.8538,England & Wales
UK:_ENGLAND_&_WALES_TOTAL_POPULATION,1999,both,65,17.12,82.12,77.59,5.79,0.8561,England & Wales
UK:_ENGLAND_&_WALES_TOTAL_POPULATION,2000,both,65,17.52,82.52,78.06,5.54,0.8604999999999999,England & Wales
UK:_ENGLAND_&_WALES_TOTAL_POPULATION,2001,both,65,17.73,82.73,78.33,5.42,0.8636,England & Wales
UK:_ENGLAND_&_WALES_TOTAL_POPULATION,2002,both,65,17.79,82.78999999999999,78.46,5.26,0.8658,England & Wales
UK:_ENGLAND_&_WALES_TOTAL_POPULATION,2003,both,65,17.84,82.84,78.54,5.41,0.8667,England & Wales
UK:_ENGLAND_&_WALES_TOTAL_POPULATION,2004,both,65,18.29,83.28999999999999,79.12,5.12,0.8728,England & Wales
UK:_ENGLAND_&_WALES_TOTAL_POPULATION,2005,both,65,18.43,83.43,79.32,5.06,0.8748999999999999,England & Wales
UK:_ENGLAND_&_WALES_TOTAL_POPULATION,2006,both,65,18.74,83.74,79.57,5.11,0.8754000000000001,England & Wales
UK:_ENGLAND_&_WALES_TOTAL_POPULATION,2007,both,65,18.86,83.86,79.77,4.91,0.8779,England & Wales
UK:_ENGLAND_&_WALES_TOTAL_POPULATION,2008,both,65,18.94,83.94,79.88,4.8,0.8792,England & Wales
UK:_ENGLAND_&_WALES_TOTAL_POPULATION,2009,both,65,19.35,84.35,80.37,4.72,0.8831,England & Wales
UK:_ENGLAND_&_WALES_TOTAL_POPULATION,2010,both,65,19.47,84.47,80.6,4.42,0.8859,England & Wales
UK:_ENGLAND_&_WALES_TOTAL_POPULATION,2011,both,65,19.77,84.77,81.01,4.37,0.8896999999999999,England & Wales
UK:_ENGLAND_&_WALES_TOTAL_POPULATION,2012,both,65,19.7,84.7,81.06,4.2,0.8925,England & Wales
UK:_ENGLAND_&_WALES_TOTAL_POPULATION,2013,both,65,19.75,84.75,81.1,3.89,0.8922,England & Wales
UK:_ENGLAND_&_WALES_TOTAL_POPULATION,2014,both,65,19.97,84.97,81.32,3.84,0.8931,England & Wales
UK:_ENGLAND_&_WALES_TOTAL_POPULATION,2015,both,65,19.73,84.73,81.09,3.91,0.8925,England & Wales
UK:_ENGLAND_&_WALES_TOTAL_POPULATION,2016,both,65,19.91,84.91,81.23,3.89,0.8919,England & Wales
UK:_ENGLAND_&_WALES_TOTAL_POPULATION,2017,both,65,19.93,84.93,81.32,3.97,0.894,England & Wales
UK:_ENGLAND_&_WALES_TOTAL_POPULATION,2018,both,65,19.95,84.95,81.27,3.86,0.8926000000000001,England & Wales
UK:_ENGLAND_&_WALES_TOTAL_POPULATION,2019,both,65,20.23,85.23,81.59,3.94,0.8948999999999999,England & Wales
UK:_ENGLAND_&_WALES_TOTAL_POPULATION,2020,both,65,19.33,84.33,80.52,3.77,0.8847,England & Wales
UK:_ENGLAND_&_WALES_TOTAL_POPULATION,2021,both,65,19.73,84.73,80.72,4.07,0.8812000000000001,England & Wales
UK:_ENGLAND_&_WALES_TOTAL_POPULATION,2022,both,65,19.96,84.96000000000001,81.16,3.88,0.8891,England & Wales
UK:_NORTHERN_IRELAND,1922,both,65,11.8,76.8,54.43,76.48,0.4659,UK: NORTHERN IRELAND
UK:_NORTHERN_IRELAND,1923,both,65,12.18,77.18,55.55,78.36,0.4874,UK: NORTHERN IRELAND
UK:_NORTHERN_IRELAND,1924,both,65,11.53,76.53,54.19,84.17,0.4652,UK: NORTHERN IRELAND
UK:_NORTHERN_IRELAND,1925,both,65,11.77,76.77,54.4,86.78,0.4758,UK: NORTHERN IRELAND
UK:_NORTHERN_IRELAND,1926,both,65,12.32,77.32,55.24,87.45,0.4836999999999999,UK: NORTHERN IRELAND
UK:_NORTHERN_IRELAND,1927,both,65,12.23,77.23,56.72,76.74,0.5023,UK: NORTHERN IRELAND
UK:_NORTHERN_IRELAND,1928,both,65,12.21,77.21000000000001,56.89,76.57,0.514,UK: NORTHERN IRELAND
UK:_NORTHERN_IRELAND,1929,both,65,11.26,76.26,55.14,84.05,0.4921999999999999,UK: NORTHERN IRELAND
UK:_NORTHERN_IRELAND,1930,both,65,12.08,77.08,58.6,68.46,0.5395,UK: NORTHERN IRELAND
UK:_NORTHERN_IRELAND,1931,both,65,11.79,76.78999999999999,57.63,72.75,0.5265,UK: NORTHERN IRELAND
UK:_NORTHERN_IRELAND,1932,both,65,11.84,76.84,57.76,81.55,0.5365,UK: NORTHERN IRELAND
UK:_NORTHERN_IRELAND,1933,both,65,11.97,76.97,57.12,78.66,0.5244,UK: NORTHERN IRELAND
UK:_NORTHERN_IRELAND,1934,both,65,12.18,77.18,58.55,70.77,0.5404,UK: NORTHERN IRELAND
UK:_NORTHERN_IRELAND,1935,both,65,12.09,77.09,56.73,84.77,0.5229,UK: NORTHERN IRELAND
UK:_NORTHERN_IRELAND,1936,both,65,11.88,76.88,58.15,80.08,0.5374,UK: NORTHERN IRELAND
UK:_NORTHERN_IRELAND,1937,both,65,11.41,76.41,58.06,78.46,0.534,UK: NORTHERN IRELAND
UK:_NORTHERN_IRELAND,1938,both,65,12.42,77.42,59.11,75.84,0.5521,UK: NORTHERN IRELAND
UK:_NORTHERN_IRELAND,1939,both,65,11.94,76.94,60.63,69.69,0.5788,UK: NORTHERN IRELAND
UK:_NORTHERN_IRELAND,1940,both,65,11.89,76.89,58.07,85.33,0.5448,UK: NORTHERN IRELAND
UK:_NORTHERN_IRELAND,1941,both,65,11.68,76.68,57.76,78.77,0.5331,UK: NORTHERN IRELAND
UK:_NORTHERN_IRELAND,1942,both,65,12.74,77.74,60.47,79.82,0.5858,UK: NORTHERN IRELAND
UK:_NORTHERN_IRELAND,1943,both,65,12.73,77.73,60.93,80.36,0.5927,UK: NORTHERN IRELAND
UK:_NORTHERN_IRELAND,1944,both,65,12.88,77.88,62.51,67.04,0.6125,UK: NORTHERN IRELAND
UK:_NORTHERN_IRELAND,1945,both,65,13.1,78.1,63.39,65.98,0.6292,UK: NORTHERN IRELAND
UK:_NORTHERN_IRELAND,1946,both,65,12.69,77.69,63.93,54.99,0.6322,UK: NORTHERN IRELAND
UK:_NORTHERN_IRELAND,1947,both,65,12.68,77.68,64.08,53.9,0.6372,UK: NORTHERN IRELAND
UK:_NORTHERN_IRELAND,1948,both,65,13.49,78.49,66.3,44.41,0.6715000000000001,UK: NORTHERN IRELAND
UK:_NORTHERN_IRELAND,1949,both,65,13.19,78.19,66.54,44.86,0.6748999999999999,UK: NORTHERN IRELAND
UK:_NORTHERN_IRELAND,1950,both,65,13.06,78.06,67.02,40.69,0.6789000000000001,UK: NORTHERN IRELAND
UK:_NORTHERN_IRELAND,1951,both,65,12.2,77.2,66.1,41.54,0.6648999999999999,UK: NORTHERN IRELAND
UK:_NORTHERN_IRELAND,1952,both,65,13.5,78.5,68.33,39.23,0.7047,UK: NORTHERN IRELAND
UK:_NORTHERN_IRELAND,1953,both,65,13.53,78.53,68.59,37.67,0.7101999999999999,UK: NORTHERN IRELAND
UK:_NORTHERN_IRELAND,1954,both,65,13.27,78.27,69.1,32.9,0.7189,UK: NORTHERN IRELAND
UK:_NORTHERN_IRELAND,1955,both,65,13.14,78.14,69.08,32.26,0.7214,UK: NORTHERN IRELAND
UK:_NORTHERN_IRELAND,1956,both,65,13.45,78.45,69.95,28.94,0.7295999999999999,UK: NORTHERN IRELAND
UK:_NORTHERN_IRELAND,1957,both,65,13.38,78.38,69.64,29.08,0.7243999999999999,UK: NORTHERN IRELAND
UK:_NORTHERN_IRELAND,1958,both,65,13.41,78.41,70.07,27.96,0.7334999999999999,UK: NORTHERN IRELAND
UK:_NORTHERN_IRELAND,1959,both,65,13.36,78.36,69.94,28.61,0.7326,UK: NORTHERN IRELAND
UK:_NORTHERN_IRELAND,1960,both,65,13.62,78.62,70.03,28.05,0.7303000000000001,UK: NORTHERN IRELAND
UK:_NORTHERN_IRELAND,1961,both,65,13.2,78.2,69.84,27.34,0.7325,UK: NORTHERN IRELAND
UK:_NORTHERN_IRELAND,1962,both,65,13.68,78.68,70.57,26.87,0.7426999999999999,UK: NORTHERN IRELAND
UK:_NORTHERN_IRELAND,1963,both,65,13.59,78.59,70.08,27.25,0.7265999999999999,UK: NORTHERN IRELAND
UK:_NORTHERN_IRELAND,1964,both,65,13.85,78.85,70.72,26.76,0.7415,UK: NORTHERN IRELAND
UK:_NORTHERN_IRELAND,1965,both,65,13.85,78.85,70.77,24.85,0.7398,UK: NORTHERN IRELAND
UK:_NORTHERN_IRELAND,1966,both,65,13.46,78.46000000000001,70.26,25.35,0.7365999999999999,UK: NORTHERN IRELAND
UK:_NORTHERN_IRELAND,1967,both,65,14.44,79.44,71.69,23.5,0.757,UK: NORTHERN IRELAND
UK:_NORTHERN_IRELAND,1968,both,65,13.83,78.83,71.03,23.86,0.7481,UK: NORTHERN IRELAND
UK:_NORTHERN_IRELAND,1969,both,65,13.79,78.78999999999999,70.68,24.15,0.7367,UK: NORTHERN IRELAND
UK:_NORTHERN_IRELAND,1970,both,65,13.72,78.72,70.7,22.94,0.7349,UK: NORTHERN IRELAND
UK:_NORTHERN_IRELAND,1971,both,65,14.0,79.0,71.18,22.55,0.7494,UK: NORTHERN IRELAND
UK:_NORTHERN_IRELAND,1972,both,65,13.75,78.75,70.47,20.12,0.732,UK: NORTHERN IRELAND
UK:_NORTHERN_IRELAND,1973,both,65,13.65,78.65,69.93,20.45,0.7232999999999999,UK: NORTHERN IRELAND
UK:_NORTHERN_IRELAND,1974,both,65,13.8,78.8,70.38,20.06,0.7287,UK: NORTHERN IRELAND
UK:_NORTHERN_IRELAND,1975,both,65,14.19,79.19,70.98,20.14,0.7390000000000001,UK: NORTHERN IRELAND
UK:_NORTHERN_IRELAND,1976,both,65,13.99,78.99,70.85,18.29,0.7373000000000001,UK: NORTHERN IRELAND
UK:_NORTHERN_IRELAND,1977,both,65,14.11,79.11,71.16,17.01,0.7386,UK: NORTHERN IRELAND
UK:_NORTHERN_IRELAND,1978,both,65,14.53,79.53,71.86,16.16,0.7486,UK: NORTHERN IRELAND
UK:_NORTHERN_IRELAND,1979,both,65,14.21,79.21000000000001,71.65,15.15,0.7464,UK: NORTHERN IRELAND
UK:_NORTHERN_IRELAND,1980,both,65,14.23,79.23,71.81,13.58,0.75,UK: NORTHERN IRELAND
UK:_NORTHERN_IRELAND,1981,both,65,14.5,79.5,72.51,13.0,0.7631999999999999,UK: NORTHERN IRELAND
UK:_NORTHERN_IRELAND,1982,both,65,14.81,79.81,72.82,13.52,0.7659999999999999,UK: NORTHERN IRELAND
UK:_NORTHERN_IRELAND,1983,both,65,14.73,79.73,73.1,12.12,0.7746,UK: NORTHERN IRELAND
UK:_NORTHERN_IRELAND,1984,both,65,15.03,80.03,73.59,10.71,0.7811,UK: NORTHERN IRELAND
UK:_NORTHERN_IRELAND,1985,both,65,14.91,79.91,73.62,9.54,0.7839,UK: NORTHERN IRELAND
UK:_NORTHERN_IRELAND,1986,both,65,15.05,80.05,73.81,10.28,0.7837000000000001,UK: NORTHERN IRELAND
UK:_NORTHERN_IRELAND,1987,both,65,15.42,80.42,74.46,8.66,0.8006,UK: NORTHERN IRELAND
UK:_NORTHERN_IRELAND,1988,both,65,15.42,80.42,74.22,9.02,0.7911,UK: NORTHERN IRELAND
UK:_NORTHERN_IRELAND,1989,both,65,15.32,80.32,74.7,6.77,0.8072,UK: NORTHERN IRELAND
UK:_NORTHERN_IRELAND,1990,both,65,15.66,80.66,75.02,7.54,0.809,UK: NORTHERN IRELAND
UK:_NORTHERN_IRELAND,1991,both,65,15.96,80.96000000000001,75.4,7.45,0.8157,UK: NORTHERN IRELAND
UK:_NORTHERN_IRELAND,1992,both,65,16.01,81.01,75.87,5.97,0.8256999999999999,UK: NORTHERN IRELAND
UK:_NORTHERN_IRELAND,1993,both,65,15.87,80.87,75.49,7.11,0.8209000000000001,UK: NORTHERN IRELAND
UK:_NORTHERN_IRELAND,1994,both,65,16.3,81.3,76.02,6.01,0.8245,UK: NORTHERN IRELAND
UK:_NORTHERN_IRELAND,1995,both,65,16.27,81.27,76.04,6.99,0.8303,UK: NORTHERN IRELAND
UK:_NORTHERN_IRELAND,1996,both,65,16.35,81.35,76.57,5.95,0.8412000000000001,UK: NORTHERN IRELAND
UK:_NORTHERN_IRELAND,1997,both,65,16.61,81.61,76.86,5.64,0.8432,UK: NORTHERN IRELAND
UK:_NORTHERN_IRELAND,1998,both,65,16.77,81.77,77.03,5.63,0.8469,UK: NORTHERN IRELAND
UK:_NORTHERN_IRELAND,1999,both,65,16.58,81.58,76.74,6.36,0.8461,UK: NORTHERN IRELAND
UK:_NORTHERN_IRELAND,2000,both,65,17.06,82.06,77.39,4.85,0.851,UK: NORTHERN IRELAND
UK:_NORTHERN_IRELAND,2001,both,65,17.35,82.35,77.85,6.17,0.8608,UK: NORTHERN IRELAND
UK:_NORTHERN_IRELAND,2002,both,65,17.55,82.55,77.91,4.7,0.8545999999999999,UK: NORTHERN IRELAND
UK:_NORTHERN_IRELAND,2003,both,65,17.61,82.61,78.33,5.34,0.8674,UK: NORTHERN IRELAND
UK:_NORTHERN_IRELAND,2004,both,65,17.97,82.97,78.44,5.54,0.8593999999999999,UK: NORTHERN IRELAND
UK:_NORTHERN_IRELAND,2005,both,65,18.27,83.27,78.62,6.18,0.8623999999999999,UK: NORTHERN IRELAND
UK:_NORTHERN_IRELAND,2006,both,65,18.34,83.34,78.66,5.34,0.8604999999999999,UK: NORTHERN IRELAND
UK:_NORTHERN_IRELAND,2007,both,65,18.45,83.45,78.86,5.12,0.8626,UK: NORTHERN IRELAND
UK:_NORTHERN_IRELAND,2008,both,65,18.43,83.43,78.9,4.9,0.867,UK: NORTHERN IRELAND
UK:_NORTHERN_IRELAND,2009,both,65,18.85,83.85,79.37,5.13,0.8695,UK: NORTHERN IRELAND
UK:_NORTHERN_IRELAND,2010,both,65,19.04,84.03999999999999,79.46,5.8,0.8690000000000001,UK: NORTHERN IRELAND
UK:_NORTHERN_IRELAND,2011,both,65,19.35,84.35,80.16,4.32,0.8768,UK: NORTHERN IRELAND
UK:_NORTHERN_IRELAND,2012,both,65,19.2,84.2,80.19,3.57,0.8823000000000001,UK: NORTHERN IRELAND
UK:_NORTHERN_IRELAND,2013,both,65,19.27,84.27,80.22,4.52,0.8806,UK: NORTHERN IRELAND
UK:_NORTHERN_IRELAND,2014,both,65,19.58,84.58,80.56,4.85,0.8842,UK: NORTHERN IRELAND
UK:_NORTHERN_IRELAND,2015,both,65,19.4,84.4,80.25,5.11,0.8798999999999999,UK: NORTHERN IRELAND
UK:_NORTHERN_IRELAND,2016,both,65,19.53,84.53,80.56,4.61,0.8851,UK: NORTHERN IRELAND
UK:_NORTHERN_IRELAND,2017,both,65,19.45,84.45,80.47,3.7,0.8842,UK: NORTHERN IRELAND
UK:_NORTHERN_IRELAND,2018,both,65,19.71,84.71000000000001,80.73,4.19,0.8845000000000001,UK: NORTHERN IRELAND
UK:_NORTHERN_IRELAND,2019,both,65,20.0,85.0,80.94,4.93,0.8858,UK: NORTHERN IRELAND
UK:_NORTHERN_IRELAND,2020,both,65,19.27,84.27,80.16,4.22,0.8789,UK: NORTHERN IRELAND
UK:_NORTHERN_IRELAND,2021,both,65,19.44,84.44,80.14,4.66,0.8762000000000001,UK: NORTHERN IRELAND
UK:_NORTHERN_IRELAND,2022,both,65,19.71,84.71000000000001,80.82,4.17,0.8862000000000001,UK: NORTHERN IRELAND
UK:_SCOTLAND,1855,both,65,11.49,76.49,42.98,116.24,0.3288,UK: SCOTLAND
UK:_SCOTLAND,1856,both,65,12.73,77.73,44.32,117.37,0.3591,UK: SCOTLAND
UK:_SCOTLAND,1857,both,65,11.9,76.9,43.51,117.4,0.3468,UK: SCOTLAND
UK:_SCOTLAND,1858,both,65,11.88,76.88,43.05,121.26,0.3444,UK: SCOTLAND
UK:_SCOTLAND,1859,both,65,12.09,77.09,43.87,112.76,0.3565,UK: SCOTLAND
UK:_SCOTLAND,1860,both,65,11.32,76.32,41.49,131.77,0.3256,UK: SCOTLAND
UK:_SCOTLAND,1861,both,65,11.92,76.92,44.03,116.4,0.3568,UK: SCOTLAND
UK:_SCOTLAND,1862,both,65,11.43,76.43,42.58,118.2,0.3362,UK: SCOTLAND
UK:_SCOTLAND,1863,both,65,11.92,76.92,40.67,120.22,0.3203,UK: SCOTLAND
UK:_SCOTLAND,1864,both,65,11.7,76.7,40.18,126.61,0.2956,UK: SCOTLAND
UK:_SCOTLAND,1865,both,65,11.98,76.98,41.96,124.28,0.3119,UK: SCOTLAND
UK:_SCOTLAND,1866,both,65,11.68,76.68,42.29,121.94,0.3164,UK: SCOTLAND
UK:_SCOTLAND,1867,both,65,11.64,76.64,43.57,118.09,0.3338,UK: SCOTLAND
UK:_SCOTLAND,1868,both,65,12.03,77.03,43.41,117.8,0.3388,UK: SCOTLAND
UK:_SCOTLAND,1869,both,65,11.46,76.46000000000001,41.18,127.78,0.3094,UK: SCOTLAND
UK:_SCOTLAND,1870,both,65,11.5,76.5,41.84,125.99,0.3159,UK: SCOTLAND
UK:_SCOTLAND,1871,both,65,11.94,76.94,41.47,133.1,0.3142,UK: SCOTLAND
UK:_SCOTLAND,1872,both,65,11.5,76.5,41.75,126.02,0.3109,UK: SCOTLAND
UK:_SCOTLAND,1873,both,65,11.11,76.11,42.11,124.31,0.3102,UK: SCOTLAND
UK:_SCOTLAND,1874,both,65,11.43,76.43,40.59,125.77,0.2958,UK: SCOTLAND
UK:_SCOTLAND,1875,both,65,11.05,76.05,40.93,130.56,0.2981,UK: SCOTLAND
UK:_SCOTLAND,1876,both,65,11.84,76.84,43.74,122.0,0.3340999999999999,UK: SCOTLAND
UK:_SCOTLAND,1877,both,65,11.33,76.33,44.52,114.53,0.3361,UK: SCOTLAND
UK:_SCOTLAND,1878,both,65,11.4,76.4,43.57,121.8,0.3333,UK: SCOTLAND
UK:_SCOTLAND,1879,both,65,11.07,76.07,45.28,108.24,0.3465,UK: SCOTLAND
UK:_SCOTLAND,1880,both,65,11.59,76.59,43.89,125.0,0.3433,UK: SCOTLAND
UK:_SCOTLAND,1881,both,65,11.6,76.6,45.46,115.96,0.3490999999999999,UK: SCOTLAND
UK:_SCOTLAND,1882,both,65,12.08,77.08,45.23,118.59,0.3544,UK: SCOTLAND
UK:_SCOTLAND,1883,both,65,11.49,76.49,44.42,117.43,0.3343,UK: SCOTLAND
UK:_SCOTLAND,1884,both,65,11.9,76.9,45.06,119.17,0.3461,UK: SCOTLAND
UK:_SCOTLAND,1885,both,65,11.73,76.73,45.66,118.41,0.3545,UK: SCOTLAND
UK:_SCOTLAND,1886,both,65,11.64,76.64,46.33,115.95,0.3589,UK: SCOTLAND
UK:_SCOTLAND,1887,both,65,11.82,76.82,45.89,119.64,0.361,UK: SCOTLAND
UK:_SCOTLAND,1888,both,65,11.61,76.61,47.43,112.18,0.3774,UK: SCOTLAND
UK:_SCOTLAND,1889,both,65,11.77,76.77,46.52,120.56,0.3705,UK: SCOTLAND
UK:_SCOTLAND,1890,both,65,11.37,76.37,44.48,130.53,0.341,UK: SCOTLAND
UK:_SCOTLAND,1891,both,65,10.21,75.21000000000001,43.95,132.15,0.3178,UK: SCOTLAND
UK:_SCOTLAND,1892,both,65,11.08,76.08,46.31,118.4,0.3586999999999999,UK: SCOTLAND
UK:_SCOTLAND,1893,both,65,11.32,76.32,44.83,134.95,0.3496,UK: SCOTLAND
UK:_SCOTLAND,1894,both,65,11.95,76.95,48.08,115.28,0.3839,UK: SCOTLAND
UK:_SCOTLAND,1895,both,65,10.81,75.81,45.1,132.2,0.3394,UK: SCOTLAND
UK:_SCOTLAND,1896,both,65,12.2,77.2,48.7,116.27,0.3929999999999999,UK: SCOTLAND
UK:_SCOTLAND,1897,both,65,11.39,76.39,46.33,135.28,0.362,UK: SCOTLAND
UK:_SCOTLAND,1898,both,65,11.68,76.68,46.66,133.88,0.3659,UK: SCOTLAND
UK:_SCOTLAND,1899,both,65,11.14,76.14,46.86,130.55,0.3621,UK: SCOTLAND
UK:_SCOTLAND,1900,both,65,10.68,75.68,46.43,130.04,0.3532,UK: SCOTLAND
UK:_SCOTLAND,1901,both,65,11.27,76.27,46.73,131.89,0.3628,UK: SCOTLAND
UK:_SCOTLAND,1902,both,65,11.06,76.06,48.23,114.73,0.3702,UK: SCOTLAND
UK:_SCOTLAND,1903,both,65,11.44,76.44,48.99,117.21,0.3878,UK: SCOTLAND
UK:_SCOTLAND,1904,both,65,11.37,76.37,48.48,121.79,0.3863,UK: SCOTLAND
UK:_SCOTLAND,1905,both,65,11.75,76.75,49.71,115.32,0.4025,UK: SCOTLAND
UK:_SCOTLAND,1906,both,65,11.55,76.55,49.75,114.6,0.3997,UK: SCOTLAND
UK:_SCOTLAND,1907,both,65,11.36,76.36,49.46,108.08,0.3934,UK: SCOTLAND
UK:_SCOTLAND,1908,both,65,11.55,76.55,49.18,120.75,0.3978,UK: SCOTLAND
UK:_SCOTLAND,1909,both,65,11.42,76.42,50.69,107.24,0.4165,UK: SCOTLAND
UK:_SCOTLAND,1910,both,65,11.7,76.7,51.29,108.1,0.4343,UK: SCOTLAND
UK:_SCOTLAND,1911,both,65,11.76,76.76,51.5,112.42,0.4409,UK: SCOTLAND
UK:_SCOTLAND,1912,both,65,11.55,76.55,51.65,107.1,0.4389,UK: SCOTLAND
UK:_SCOTLAND,1913,both,65,11.45,76.45,51.5,110.05,0.4384,UK: SCOTLAND
UK:_SCOTLAND,1914,both,65,11.52,76.52,51.35,113.54,0.4406,UK: SCOTLAND
UK:_SCOTLAND,1915,both,65,10.85,75.85,48.92,121.74,0.4074,UK: SCOTLAND
UK:_SCOTLAND,1916,both,65,11.31,76.31,52.73,96.45,0.4593,UK: SCOTLAND
UK:_SCOTLAND,1917,both,65,11.57,76.57,52.62,100.57,0.4644,UK: SCOTLAND
UK:_SCOTLAND,1918,both,65,11.86,76.86,48.87,100.47,0.4054999999999999,UK: SCOTLAND
UK:_SCOTLAND,1919,both,65,11.23,76.23,50.8,108.21,0.4368,UK: SCOTLAND
UK:_SCOTLAND,1920,both,65,12.07,77.07,53.96,109.06,0.4808,UK: SCOTLAND
UK:_SCOTLAND,1921,both,65,11.93,76.93,55.92,89.21,0.5104,UK: SCOTLAND
UK:_SCOTLAND,1922,both,65,11.5,76.5,53.66,95.21,0.4827,UK: SCOTLAND
UK:_SCOTLAND,1923,both,65,12.0,77.0,57.33,76.83,0.5305,UK: SCOTLAND
UK:_SCOTLAND,1924,both,65,11.45,76.45,54.66,94.22,0.5007,UK: SCOTLAND
UK:_SCOTLAND,1925,both,65,11.83,76.83,56.32,89.4,0.5215,UK: SCOTLAND
UK:_SCOTLAND,1926,both,65,11.95,76.95,57.19,82.95,0.5324,UK: SCOTLAND
UK:_SCOTLAND,1927,both,65,11.71,76.71000000000001,56.78,85.29,0.5257999999999999,UK: SCOTLAND
UK:_SCOTLAND,1928,both,65,11.83,76.83,56.86,85.26,0.5321,UK: SCOTLAND
UK:_SCOTLAND,1929,both,65,11.13,76.13,55.84,85.09,0.5083,UK: SCOTLAND
UK:_SCOTLAND,1930,both,65,11.96,76.96000000000001,57.54,84.37,0.5401,UK: SCOTLAND
UK:_SCOTLAND,1931,both,65,11.92,76.92,58.04,81.53,0.5503,UK: SCOTLAND
UK:_SCOTLAND,1932,both,65,11.88,76.88,57.56,85.12,0.5437,UK: SCOTLAND
UK:_SCOTLAND,1933,both,65,11.91,76.91,58.61,78.48,0.5539000000000001,UK: SCOTLAND
UK:_SCOTLAND,1934,both,65,12.24,77.24,58.78,78.1,0.5589,UK: SCOTLAND
UK:_SCOTLAND,1935,both,65,11.81,76.81,59.34,76.25,0.5668,UK: SCOTLAND
UK:_SCOTLAND,1936,both,65,11.8,76.8,58.84,82.07,0.5611999999999999,UK: SCOTLAND
UK:_SCOTLAND,1937,both,65,11.56,76.56,58.82,79.51,0.5562,UK: SCOTLAND
UK:_SCOTLAND,1938,both,65,12.23,77.23,60.69,70.01,0.5867,UK: SCOTLAND
UK:_SCOTLAND,1939,both,65,12.02,77.02,61.17,67.64,0.5902000000000001,UK: SCOTLAND
UK:_SCOTLAND,1940,both,65,11.54,76.53999999999999,58.52,76.4,0.5471,UK: SCOTLAND
UK:_SCOTLAND,1941,both,65,12.06,77.06,57.64,83.12,0.5377000000000001,UK: SCOTLAND
UK:_SCOTLAND,1942,both,65,12.71,77.71000000000001,60.37,70.18,0.5805,UK: SCOTLAND
UK:_SCOTLAND,1943,both,65,12.64,77.64,60.25,67.14,0.5766,UK: SCOTLAND
UK:_SCOTLAND,1944,both,65,12.91,77.91,61.2,66.62,0.593,UK: SCOTLAND
UK:_SCOTLAND,1945,both,65,12.94,77.94,63.03,53.61,0.6165999999999999,UK: SCOTLAND
UK:_SCOTLAND,1946,both,65,12.74,77.74,63.11,59.39,0.6206,UK: SCOTLAND
UK:_SCOTLAND,1947,both,65,12.61,77.61,63.39,60.02,0.6258,UK: SCOTLAND
UK:_SCOTLAND,1948,both,65,13.1,78.1,65.55,42.76,0.6524,UK: SCOTLAND
UK:_SCOTLAND,1949,both,65,12.63,77.63,65.66,40.47,0.6537999999999999,UK: SCOTLAND
UK:_SCOTLAND,1950,both,65,12.5,77.5,66.21,37.91,0.6598,UK: SCOTLAND
UK:_SCOTLAND,1951,both,65,12.19,77.19,66.33,37.07,0.6642,UK: SCOTLAND
UK:_SCOTLAND,1952,both,65,12.67,77.67,67.36,35.59,0.6818000000000001,UK: SCOTLAND
UK:_SCOTLAND,1953,both,65,13.06,78.06,68.19,31.43,0.6948000000000001,UK: SCOTLAND
UK:_SCOTLAND,1954,both,65,12.85,77.85,68.1,31.38,0.6890000000000001,UK: SCOTLAND
UK:_SCOTLAND,1955,both,65,12.78,77.78,68.26,30.92,0.696,UK: SCOTLAND
UK:_SCOTLAND,1956,both,65,12.75,77.75,68.65,29.17,0.7025,UK: SCOTLAND
UK:_SCOTLAND,1957,both,65,13.01,78.01,68.68,29.56,0.6994,UK: SCOTLAND
UK:_SCOTLAND,1958,both,65,12.89,77.89,68.84,28.48,0.7043,UK: SCOTLAND
UK:_SCOTLAND,1959,both,65,12.85,77.85,68.83,28.41,0.7039,UK: SCOTLAND
UK:_SCOTLAND,1960,both,65,13.07,78.07,69.19,27.3,0.71,UK: SCOTLAND
UK:_SCOTLAND,1961,both,65,12.89,77.89,69.08,25.99,0.705,UK: SCOTLAND
UK:_SCOTLAND,1962,both,65,13.07,78.07,69.15,27.09,0.7076,UK: SCOTLAND
UK:_SCOTLAND,1963,both,65,12.87,77.87,68.96,25.64,0.7006,UK: SCOTLAND
UK:_SCOTLAND,1964,both,65,13.52,78.52,69.83,24.73,0.7132999999999999,UK: SCOTLAND
UK:_SCOTLAND,1965,both,65,13.3,78.3,69.72,23.24,0.7143999999999999,UK: SCOTLAND
UK:_SCOTLAND,1966,both,65,13.28,78.28,69.73,23.17,0.7162000000000001,UK: SCOTLAND
UK:_SCOTLAND,1967,both,65,13.87,78.87,70.65,21.1,0.7304,UK: SCOTLAND
UK:_SCOTLAND,1968,both,65,13.45,78.45,70.18,21.19,0.7241,UK: SCOTLAND
UK:_SCOTLAND,1969,both,65,13.48,78.48,70.17,20.87,0.721,UK: SCOTLAND
UK:_SCOTLAND,1970,both,65,13.6,78.6,70.34,19.51,0.7219,UK: SCOTLAND
UK:_SCOTLAND,1971,both,65,13.91,78.91,70.82,19.87,0.7318000000000001,UK: SCOTLAND
UK:_SCOTLAND,1972,both,65,13.56,78.56,70.55,17.97,0.7273000000000001,UK: SCOTLAND
UK:_SCOTLAND,1973,both,65,13.74,78.74,70.65,18.41,0.7277,UK: SCOTLAND
UK:_SCOTLAND,1974,both,65,13.82,78.82,70.74,18.58,0.7279000000000001,UK: SCOTLAND
UK:_SCOTLAND,1975,both,65,14.04,79.03999999999999,71.22,16.87,0.7369,UK: SCOTLAND
UK:_SCOTLAND,1976,both,65,13.87,78.87,71.21,14.29,0.7339,UK: SCOTLAND
UK:_SCOTLAND,1977,both,65,14.34,79.34,71.65,15.97,0.7417,UK: SCOTLAND
UK:_SCOTLAND,1978,both,65,14.04,79.03999999999999,71.45,13.09,0.7363,UK: SCOTLAND
UK:_SCOTLAND,1979,both,65,14.07,79.07,71.52,13.23,0.737,UK: SCOTLAND
UK:_SCOTLAND,1980,both,65,14.43,79.43,72.15,12.25,0.7484999999999999,UK: SCOTLAND
UK:_SCOTLAND,1981,both,65,14.4,79.4,72.34,11.31,0.7537,UK: SCOTLAND
UK:_SCOTLAND,1982,both,65,14.3,79.3,72.34,11.2,0.7551000000000001,UK: SCOTLAND
UK:_SCOTLAND,1983,both,65,14.56,79.56,72.77,9.81,0.7597,UK: SCOTLAND
UK:_SCOTLAND,1984,both,65,14.78,79.78,72.99,10.39,0.7641,UK: SCOTLAND
UK:_SCOTLAND,1985,both,65,14.56,79.56,73.03,9.45,0.7684000000000001,UK: SCOTLAND
UK:_SCOTLAND,1986,both,65,14.71,79.71000000000001,73.26,8.74,0.7715000000000001,UK: SCOTLAND
UK:_SCOTLAND,1987,both,65,14.93,79.93,73.6,8.46,0.7764,UK: SCOTLAND
UK:_SCOTLAND,1988,both,65,15.07,80.07,73.69,8.18,0.7773,UK: SCOTLAND
UK:_SCOTLAND,1989,both,65,14.72,79.72,73.5,8.52,0.7811,UK: SCOTLAND
UK:_SCOTLAND,1990,both,65,15.18,80.18,74.12,7.89,0.79,UK: SCOTLAND
UK:_SCOTLAND,1991,both,65,15.31,80.31,74.35,7.17,0.7948000000000001,UK: SCOTLAND
UK:_SCOTLAND,1992,both,65,15.38,80.38,74.54,6.78,0.7989,UK: SCOTLAND
UK:_SCOTLAND,1993,both,65,15.05,80.05,74.26,6.37,0.7979,UK: SCOTLAND
UK:_SCOTLAND,1994,both,65,15.73,80.73,75.02,6.06,0.8053,UK: SCOTLAND
UK:_SCOTLAND,1995,both,65,15.65,80.65,74.98,6.18,0.8068000000000001,UK: SCOTLAND
UK:_SCOTLAND,1996,both,65,15.76,80.76,74.99,6.17,0.8054000000000001,UK: SCOTLAND
UK:_SCOTLAND,1997,both,65,15.96,80.96000000000001,75.42,5.31,0.8131,UK: SCOTLAND
UK:_SCOTLAND,1998,both,65,16.09,81.09,75.5,5.52,0.8148000000000001,UK: SCOTLAND
UK:_SCOTLAND,1999,both,65,16.03,81.03,75.54,4.9,0.8173999999999999,UK: SCOTLAND
UK:_SCOTLAND,2000,both,65,16.44,81.44,75.98,5.63,0.8215,UK: SCOTLAND
UK:_SCOTLAND,2001,both,65,16.69,81.69,76.17,5.52,0.8214,UK: SCOTLAND
UK:_SCOTLAND,2002,both,65,16.68,81.68,76.16,5.26,0.8219,UK: SCOTLAND
UK:_SCOTLAND,2003,both,65,16.7,81.7,76.36,5.06,0.8266,UK: SCOTLAND
UK:_SCOTLAND,2004,both,65,17.1,82.1,76.88,4.95,0.8339,UK: SCOTLAND
UK:_SCOTLAND,2005,both,65,17.23,82.23,77.14,5.19,0.8391,UK: SCOTLAND
UK:_SCOTLAND,2006,both,65,17.54,82.53999999999999,77.36,4.46,0.8376,UK: SCOTLAND
UK:_SCOTLAND,2007,both,65,17.52,82.52,77.38,4.73,0.8401000000000001,UK: SCOTLAND
UK:_SCOTLAND,2008,both,65,17.68,82.68,77.65,4.26,0.8443,UK: SCOTLAND
UK:_SCOTLAND,2009,both,65,18.08,83.08,78.21,3.94,0.8509,UK: SCOTLAND
UK:_SCOTLAND,2010,both,65,18.21,83.21000000000001,78.47,3.66,0.8540000000000001,UK: SCOTLAND
UK:_SCOTLAND,2011,both,65,18.39,83.39,78.7,4.03,0.8581,UK: SCOTLAND
UK:_SCOTLAND,2012,both,65,18.34,83.34,78.84,3.73,0.8623000000000001,UK: SCOTLAND
UK:_SCOTLAND,2013,both,65,18.49,83.49,79.08,3.28,0.8647,UK: SCOTLAND
UK:_SCOTLAND,2014,both,65,18.72,83.72,79.36,3.72,0.8674,UK: SCOTLAND
UK:_SCOTLAND,2015,both,65,18.41,83.41,79.03,3.17,0.8652,UK: SCOTLAND
UK:_SCOTLAND,2016,both,65,18.73,83.73,79.05,3.32,0.8593999999999999,UK: SCOTLAND
UK:_SCOTLAND,2017,both,65,18.68,83.68,79.17,3.32,0.8636,UK: SCOTLAND
UK:_SCOTLAND,2018,both,65,18.75,83.75,79.07,3.15,0.8599,UK: SCOTLAND
UK:_SCOTLAND,2019,both,65,18.99,83.99,79.23,3.26,0.8595999999999999,UK: SCOTLAND
UK:_SCOTLAND,2020,both,65,18.35,83.35,78.45,3.03,0.8514,UK: SCOTLAND
UK:_SCOTLAND,2021,both,65,18.54,83.53999999999999,78.47,3.95,0.8468000000000001,UK: SCOTLAND
UK:_SCOTLAND,2022,both,65,18.68,83.68,79.01,3.47,0.8576,UK: SCOTLAND
UK:_UNITED_KINGDOM_TOTAL_POPULATION,1922,both,65,11.77,76.77,57.02,77.13,0.5293,UK: UNITED KINGDOM TOTAL POPULATION
UK:_UNITED_KINGDOM_TOTAL_POPULATION,1923,both,65,12.38,77.38,59.3,69.71,0.563,UK: UNITED KINGDOM TOTAL POPULATION
UK:_UNITED_KINGDOM_TOTAL_POPULATION,1924,both,65,11.95,76.95,58.07,76.33,0.5478000000000001,UK: UNITED KINGDOM TOTAL POPULATION
UK:_UNITED_KINGDOM_TOTAL_POPULATION,1925,both,65,12.07,77.07,58.42,76.16,0.5559000000000001,UK: UNITED KINGDOM TOTAL POPULATION
UK:_UNITED_KINGDOM_TOTAL_POPULATION,1926,both,65,12.36,77.36,59.56,71.61,0.5722,UK: UNITED KINGDOM TOTAL POPULATION
UK:_UNITED_KINGDOM_TOTAL_POPULATION,1927,both,65,11.92,76.92,58.95,70.01,0.5594,UK: UNITED KINGDOM TOTAL POPULATION
UK:_UNITED_KINGDOM_TOTAL_POPULATION,1928,both,65,12.35,77.35,59.91,68.08,0.5760000000000001,UK: UNITED KINGDOM TOTAL POPULATION
UK:_UNITED_KINGDOM_TOTAL_POPULATION,1929,both,65,11.42,76.42,57.62,74.9,0.5399,UK: UNITED KINGDOM TOTAL POPULATION
UK:_UNITED_KINGDOM_TOTAL_POPULATION,1930,both,65,12.57,77.57,60.77,63.78,0.5874,UK: UNITED KINGDOM TOTAL POPULATION
UK:_UNITED_KINGDOM_TOTAL_POPULATION,1931,both,65,12.09,77.09,60.0,67.81,0.5776,UK: UNITED KINGDOM TOTAL POPULATION
UK:_UNITED_KINGDOM_TOTAL_POPULATION,1932,both,65,12.19,77.19,60.52,66.85,0.5874,UK: UNITED KINGDOM TOTAL POPULATION
UK:_UNITED_KINGDOM_TOTAL_POPULATION,1933,both,65,12.19,77.19,60.58,63.48,0.5831000000000001,UK: UNITED KINGDOM TOTAL POPULATION
UK:_UNITED_KINGDOM_TOTAL_POPULATION,1934,both,65,12.56,77.56,61.3,61.8,0.5966,UK: UNITED KINGDOM TOTAL POPULATION
UK:_UNITED_KINGDOM_TOTAL_POPULATION,1935,both,65,12.49,77.49,61.96,60.83,0.606,UK: UNITED KINGDOM TOTAL POPULATION
UK:_UNITED_KINGDOM_TOTAL_POPULATION,1936,both,65,12.33,77.33,61.75,62.75,0.603,UK: UNITED KINGDOM TOTAL POPULATION
UK:_UNITED_KINGDOM_TOTAL_POPULATION,1937,both,65,12.22,77.22,61.79,61.35,0.5999,UK: UNITED KINGDOM TOTAL POPULATION
UK:_UNITED_KINGDOM_TOTAL_POPULATION,1938,both,65,12.77,77.77,63.23,55.5,0.6256,UK: UNITED KINGDOM TOTAL POPULATION
UK:_UNITED_KINGDOM_TOTAL_POPULATION,1939,both,65,12.42,77.42,63.61,52.86,0.6288,UK: UNITED KINGDOM TOTAL POPULATION
UK:_UNITED_KINGDOM_TOTAL_POPULATION,1940,both,65,11.85,76.85,60.9,58.78,0.5786,UK: UNITED KINGDOM TOTAL POPULATION
UK:_UNITED_KINGDOM_TOTAL_POPULATION,1941,both,65,12.59,77.59,61.29,62.64,0.5949,UK: UNITED KINGDOM TOTAL POPULATION
UK:_UNITED_KINGDOM_TOTAL_POPULATION,1942,both,65,13.28,78.28,63.98,55.27,0.639,UK: UNITED KINGDOM TOTAL POPULATION
UK:_UNITED_KINGDOM_TOTAL_POPULATION,1943,both,65,13.09,78.09,64.04,52.55,0.6386999999999999,UK: UNITED KINGDOM TOTAL POPULATION
UK:_UNITED_KINGDOM_TOTAL_POPULATION,1944,both,65,13.43,78.43,64.8,50.09,0.6487999999999999,UK: UNITED KINGDOM TOTAL POPULATION
UK:_UNITED_KINGDOM_TOTAL_POPULATION,1945,both,65,13.45,78.45,65.76,45.97,0.6644,UK: UNITED KINGDOM TOTAL POPULATION
UK:_UNITED_KINGDOM_TOTAL_POPULATION,1946,both,65,13.39,78.39,66.24,47.72,0.6731,UK: UNITED KINGDOM TOTAL POPULATION
UK:_UNITED_KINGDOM_TOTAL_POPULATION,1947,both,65,13.13,78.13,66.44,44.18,0.6770999999999999,UK: UNITED KINGDOM TOTAL POPULATION
UK:_UNITED_KINGDOM_TOTAL_POPULATION,1948,both,65,13.86,78.86,68.37,34.36,0.7025,UK: UNITED KINGDOM TOTAL POPULATION
UK:_UNITED_KINGDOM_TOTAL_POPULATION,1949,both,65,13.2,78.2,68.11,32.73,0.7003,UK: UNITED KINGDOM TOTAL POPULATION
UK:_UNITED_KINGDOM_TOTAL_POPULATION,1950,both,65,13.19,78.19,68.63,30.11,0.7084,UK: UNITED KINGDOM TOTAL POPULATION
UK:_UNITED_KINGDOM_TOTAL_POPULATION,1951,both,65,12.66,77.66,68.24,30.4,0.7027,UK: UNITED KINGDOM TOTAL POPULATION
UK:_UNITED_KINGDOM_TOTAL_POPULATION,1952,both,65,13.47,78.47,69.53,28.92,0.7238,UK: UNITED KINGDOM TOTAL POPULATION
UK:_UNITED_KINGDOM_TOTAL_POPULATION,1953,both,65,13.51,78.51,69.8,27.75,0.7289,UK: UNITED KINGDOM TOTAL POPULATION
UK:_UNITED_KINGDOM_TOTAL_POPULATION,1954,both,65,13.59,78.59,70.17,26.16,0.7337,UK: UNITED KINGDOM TOTAL POPULATION
UK:_UNITED_KINGDOM_TOTAL_POPULATION,1955,both,65,13.42,78.42,70.13,25.78,0.7359,UK: UNITED KINGDOM TOTAL POPULATION
UK:_UNITED_KINGDOM_TOTAL_POPULATION,1956,both,65,13.47,78.47,70.4,24.81,0.7399,UK: UNITED KINGDOM TOTAL POPULATION
UK:_UNITED_KINGDOM_TOTAL_POPULATION,1957,both,65,13.74,78.74,70.52,24.33,0.7373999999999999,UK: UNITED KINGDOM TOTAL POPULATION
UK:_UNITED_KINGDOM_TOTAL_POPULATION,1958,both,65,13.64,78.64,70.7,23.52,0.7431,UK: UNITED KINGDOM TOTAL POPULATION
UK:_UNITED_KINGDOM_TOTAL_POPULATION,1959,both,65,13.74,78.74,70.83,23.02,0.7443000000000001,UK: UNITED KINGDOM TOTAL POPULATION
UK:_UNITED_KINGDOM_TOTAL_POPULATION,1960,both,65,13.91,78.91,71.02,23.09,0.7474,UK: UNITED KINGDOM TOTAL POPULATION
UK:_UNITED_KINGDOM_TOTAL_POPULATION,1961,both,65,13.65,78.65,70.79,22.38,0.7437999999999999,UK: UNITED KINGDOM TOTAL POPULATION
UK:_UNITED_KINGDOM_TOTAL_POPULATION,1962,both,65,13.71,78.71000000000001,70.86,22.66,0.7443000000000001,UK: UNITED KINGDOM TOTAL POPULATION
UK:_UNITED_KINGDOM_TOTAL_POPULATION,1963,both,65,13.6,78.6,70.76,21.93,0.7421,UK: UNITED KINGDOM TOTAL POPULATION
UK:_UNITED_KINGDOM_TOTAL_POPULATION,1964,both,65,14.3,79.3,71.54,21.04,0.7513,UK: UNITED KINGDOM TOTAL POPULATION
UK:_UNITED_KINGDOM_TOTAL_POPULATION,1965,both,65,14.17,79.17,71.52,19.69,0.7515999999999999,UK: UNITED KINGDOM TOTAL POPULATION
UK:_UNITED_KINGDOM_TOTAL_POPULATION,1966,both,65,14.04,79.03999999999999,71.44,19.59,0.752,UK: UNITED KINGDOM TOTAL POPULATION
UK:_UNITED_KINGDOM_TOTAL_POPULATION,1967,both,65,14.47,79.47,72.08,18.62,0.7613,UK: UNITED KINGDOM TOTAL POPULATION
UK:_UNITED_KINGDOM_TOTAL_POPULATION,1968,both,65,14.05,79.05,71.69,18.72,0.7575,UK: UNITED KINGDOM TOTAL POPULATION
UK:_UNITED_KINGDOM_TOTAL_POPULATION,1969,both,65,14.1,79.1,71.67,18.23,0.7535,UK: UNITED KINGDOM TOTAL POPULATION
UK:_UNITED_KINGDOM_TOTAL_POPULATION,1970,both,65,14.26,79.26,71.88,18.49,0.758,UK: UNITED KINGDOM TOTAL POPULATION
UK:_UNITED_KINGDOM_TOTAL_POPULATION,1971,both,65,14.52,79.52,72.24,17.83,0.7636,UK: UNITED KINGDOM TOTAL POPULATION
UK:_UNITED_KINGDOM_TOTAL_POPULATION,1972,both,65,14.23,79.23,71.99,17.03,0.7603,UK: UNITED KINGDOM TOTAL POPULATION
UK:_UNITED_KINGDOM_TOTAL_POPULATION,1973,both,65,14.37,79.37,72.19,16.67,0.7637999999999999,UK: UNITED KINGDOM TOTAL POPULATION
UK:_UNITED_KINGDOM_TOTAL_POPULATION,1974,both,65,14.47,79.47,72.38,16.41,0.7663,UK: UNITED KINGDOM TOTAL POPULATION
UK:_UNITED_KINGDOM_TOTAL_POPULATION,1975,both,65,14.6,79.6,72.65,15.58,0.7709,UK: UNITED KINGDOM TOTAL POPULATION
UK:_UNITED_KINGDOM_TOTAL_POPULATION,1976,both,65,14.46,79.46000000000001,72.64,14.25,0.7705,UK: UNITED KINGDOM TOTAL POPULATION
UK:_UNITED_KINGDOM_TOTAL_POPULATION,1977,both,65,14.83,79.83,73.11,14.08,0.7770999999999999,UK: UNITED KINGDOM TOTAL POPULATION
UK:_UNITED_KINGDOM_TOTAL_POPULATION,1978,both,65,14.79,79.78999999999999,73.05,13.62,0.7755,UK: UNITED KINGDOM TOTAL POPULATION
UK:_UNITED_KINGDOM_TOTAL_POPULATION,1979,both,65,14.8,79.8,73.16,13.2,0.7770999999999999,UK: UNITED KINGDOM TOTAL POPULATION
UK:_UNITED_KINGDOM_TOTAL_POPULATION,1980,both,65,15.04,80.03999999999999,73.59,12.36,0.7839,UK: UNITED KINGDOM TOTAL POPULATION
UK:_UNITED_KINGDOM_TOTAL_POPULATION,1981,both,65,15.16,80.16,73.92,11.11,0.7898000000000001,UK: UNITED KINGDOM TOTAL POPULATION
UK:_UNITED_KINGDOM_TOTAL_POPULATION,1982,both,65,15.16,80.16,74.04,10.91,0.7929999999999999,UK: UNITED KINGDOM TOTAL POPULATION
UK:_UNITED_KINGDOM_TOTAL_POPULATION,1983,both,65,15.29,80.28999999999999,74.3,10.19,0.7964,UK: UNITED KINGDOM TOTAL POPULATION
UK:_UNITED_KINGDOM_TOTAL_POPULATION,1984,both,65,15.58,80.58,74.68,9.68,0.8006,UK: UNITED KINGDOM TOTAL POPULATION
UK:_UNITED_KINGDOM_TOTAL_POPULATION,1985,both,65,15.33,80.33,74.54,9.41,0.8020999999999999,UK: UNITED KINGDOM TOTAL POPULATION
UK:_UNITED_KINGDOM_TOTAL_POPULATION,1986,both,65,15.52,80.52,74.8,9.51,0.8062999999999999,UK: UNITED KINGDOM TOTAL POPULATION
UK:_UNITED_KINGDOM_TOTAL_POPULATION,1987,both,65,15.82,80.82,75.15,9.24,0.8106,UK: UNITED KINGDOM TOTAL POPULATION
UK:_UNITED_KINGDOM_TOTAL_POPULATION,1988,both,65,15.87,80.87,75.26,9.03,0.8133,UK: UNITED KINGDOM TOTAL POPULATION
UK:_UNITED_KINGDOM_TOTAL_POPULATION,1989,both,65,15.83,80.83,75.4,8.43,0.8184999999999999,UK: UNITED KINGDOM TOTAL POPULATION
UK:_UNITED_KINGDOM_TOTAL_POPULATION,1990,both,65,16.12,81.12,75.74,8.04,0.8223999999999999,UK: UNITED KINGDOM TOTAL POPULATION
UK:_UNITED_KINGDOM_TOTAL_POPULATION,1991,both,65,16.13,81.13,75.91,7.34,0.8275,UK: UNITED KINGDOM TOTAL POPULATION
UK:_UNITED_KINGDOM_TOTAL_POPULATION,1992,both,65,16.35,81.35,76.31,6.53,0.8329000000000001,UK: UNITED KINGDOM TOTAL POPULATION
UK:_UNITED_KINGDOM_TOTAL_POPULATION,1993,both,65,16.15,81.15,76.16,6.33,0.8334999999999999,UK: UNITED KINGDOM TOTAL POPULATION
UK:_UNITED_KINGDOM_TOTAL_POPULATION,1994,both,65,16.6,81.6,76.72,6.13,0.8405,UK: UNITED KINGDOM TOTAL POPULATION
UK:_UNITED_KINGDOM_TOTAL_POPULATION,1995,both,65,16.48,81.48,76.62,6.14,0.8409,UK: UNITED KINGDOM TOTAL POPULATION
UK:_UNITED_KINGDOM_TOTAL_POPULATION,1996,both,65,16.69,81.69,76.88,6.16,0.8442000000000001,UK: UNITED KINGDOM TOTAL POPULATION
UK:_UNITED_KINGDOM_TOTAL_POPULATION,1997,both,65,16.86,81.86,77.14,5.79,0.8484,UK: UNITED KINGDOM TOTAL POPULATION
UK:_UNITED_KINGDOM_TOTAL_POPULATION,1998,both,65,16.96,81.96000000000001,77.28,5.68,0.85,UK: UNITED KINGDOM TOTAL POPULATION
UK:_UNITED_KINGDOM_TOTAL_POPULATION,1999,both,65,17.01,82.01,77.38,5.74,0.8523000000000001,UK: UNITED KINGDOM TOTAL POPULATION
UK:_UNITED_KINGDOM_TOTAL_POPULATION,2000,both,65,17.41,82.41,77.85,5.53,0.8567,UK: UNITED KINGDOM TOTAL POPULATION
UK:_UNITED_KINGDOM_TOTAL_POPULATION,2001,both,65,17.62,82.62,78.12,5.46,0.8597,UK: UNITED KINGDOM TOTAL POPULATION
UK:_UNITED_KINGDOM_TOTAL_POPULATION,2002,both,65,17.68,82.68,78.24,5.25,0.8615,UK: UNITED KINGDOM TOTAL POPULATION
UK:_UNITED_KINGDOM_TOTAL_POPULATION,2003,both,65,17.73,82.73,78.33,5.38,0.8631,UK: UNITED KINGDOM TOTAL POPULATION
UK:_UNITED_KINGDOM_TOTAL_POPULATION,2004,both,65,18.17,83.17,78.9,5.12,0.8689,UK: UNITED KINGDOM TOTAL POPULATION
UK:_UNITED_KINGDOM_TOTAL_POPULATION,2005,both,65,18.31,83.31,79.1,5.11,0.8713,UK: UNITED KINGDOM TOTAL POPULATION
UK:_UNITED_KINGDOM_TOTAL_POPULATION,2006,both,65,18.62,83.62,79.34,5.06,0.8715999999999999,UK: UNITED KINGDOM TOTAL POPULATION
UK:_UNITED_KINGDOM_TOTAL_POPULATION,2007,both,65,18.73,83.73,79.53,4.91,0.8742,UK: UNITED KINGDOM TOTAL POPULATION
UK:_UNITED_KINGDOM_TOTAL_POPULATION,2008,both,65,18.81,83.81,79.65,4.76,0.8756999999999999,UK: UNITED KINGDOM TOTAL POPULATION
UK:_UNITED_KINGDOM_TOTAL_POPULATION,2009,both,65,19.22,84.22,80.15,4.68,0.8798999999999999,UK: UNITED KINGDOM TOTAL POPULATION
UK:_UNITED_KINGDOM_TOTAL_POPULATION,2010,both,65,19.35,84.35,80.38,4.41,0.8826,UK: UNITED KINGDOM TOTAL POPULATION
UK:_UNITED_KINGDOM_TOTAL_POPULATION,2011,both,65,19.64,84.64,80.77,4.35,0.8865999999999999,UK: UNITED KINGDOM TOTAL POPULATION
UK:_UNITED_KINGDOM_TOTAL_POPULATION,2012,both,65,19.56,84.56,80.83,4.15,0.8895000000000001,UK: UNITED KINGDOM TOTAL POPULATION
UK:_UNITED_KINGDOM_TOTAL_POPULATION,2013,both,65,19.63,84.63,80.89,3.86,0.8894,UK: UNITED KINGDOM TOTAL POPULATION
UK:_UNITED_KINGDOM_TOTAL_POPULATION,2014,both,65,19.85,84.85,81.12,3.87,0.8905,UK: UNITED KINGDOM TOTAL POPULATION
UK:_UNITED_KINGDOM_TOTAL_POPULATION,2015,both,65,19.6,84.6,80.88,3.9,0.8896999999999999,UK: UNITED KINGDOM TOTAL POPULATION
UK:_UNITED_KINGDOM_TOTAL_POPULATION,2016,both,65,19.8,84.8,81.02,3.87,0.8889,UK: UNITED KINGDOM TOTAL POPULATION
UK:_UNITED_KINGDOM_TOTAL_POPULATION,2017,both,65,19.81,84.81,81.11,3.92,0.8911,UK: UNITED KINGDOM TOTAL POPULATION
UK:_UNITED_KINGDOM_TOTAL_POPULATION,2018,both,65,19.84,84.84,81.06,3.83,0.8895000000000001,UK: UNITED KINGDOM TOTAL POPULATION
UK:_UNITED_KINGDOM_TOTAL_POPULATION,2019,both,65,20.11,85.11,81.36,3.92,0.8916,UK: UNITED KINGDOM TOTAL POPULATION
UK:_UNITED_KINGDOM_TOTAL_POPULATION,2020,both,65,19.24,84.24,80.33,3.74,0.8817,UK: UNITED KINGDOM TOTAL POPULATION
UK:_UNITED_KINGDOM_TOTAL_POPULATION,2021,both,65,19.61,84.61,80.51,4.07,0.8781,UK: UNITED KINGDOM TOTAL POPULATION
UK:_UNITED_KINGDOM_TOTAL_POPULATION,2022,both,65,19.83,84.83,80.96,3.86,0.8864,UK: UNITED KINGDOM TOTAL POPULATION
UKR,1959,both,65,15.16,80.16,69.45,37.04,0.7217,UKR
UKR,1960,both,65,15.91,80.91,71.08,29.57,0.7448999999999999,UKR
UKR,1961,both,65,15.79,80.78999999999999,71.37,24.84,0.7458,UKR
UKR,1962,both,65,14.99,79.99,70.78,24.87,0.7431,UKR
UKR,1963,both,65,15.46,80.46000000000001,71.42,23.76,0.7515999999999999,UKR
UKR,1964,both,65,15.88,80.88,72.22,21.54,0.7609,UKR
UKR,1965,both,65,15.24,80.24,71.69,19.7,0.7556999999999999,UKR
UKR,1966,both,65,15.52,80.52,71.95,19.01,0.7569,UKR
UKR,1967,both,65,15.19,80.19,71.55,18.2,0.7521,UKR
UKR,1968,both,65,15.39,80.39,71.66,18.13,0.7509,UKR
UKR,1969,both,65,14.9,79.9,71.04,18.84,0.7431,UKR
UKR,1970,both,65,14.8,79.8,70.94,17.27,0.7402,UKR
UKR,1971,both,65,14.9,79.9,71.18,15.57,0.7414000000000001,UKR
UKR,1972,both,65,14.73,79.73,70.95,16.65,0.741,UKR
UKR,1973,both,65,14.78,79.78,71.11,16.35,0.7429000000000001,UKR
UKR,1974,both,65,15.0,80.0,71.0,18.4,0.7378,UKR
UKR,1975,both,65,14.64,79.64,70.34,18.82,0.7269,UKR
UKR,1976,both,65,14.62,79.62,70.38,19.37,0.7278,UKR
UKR,1977,both,65,14.61,79.61,70.07,18.52,0.7176,UKR
UKR,1978,both,65,14.64,79.64,69.99,18.13,0.7136,UKR
UKR,1979,both,65,14.46,79.46000000000001,69.72,17.26,0.708,UKR
UKR,1980,both,65,14.37,79.37,69.68,16.53,0.7048000000000001,UKR
UKR,1981,both,65,14.55,79.55,69.74,15.97,0.7034999999999999,UKR
UKR,1982,both,65,14.69,79.69,69.94,16.12,0.7037,UKR
UKR,1983,both,65,14.55,79.55,69.94,15.82,0.7054,UKR
UKR,1984,both,65,14.32,79.32,69.64,15.65,0.6995999999999999,UKR
UKR,1985,both,65,14.17,79.17,69.94,15.31,0.7094,UKR
UKR,1986,both,65,14.82,79.82,71.3,14.75,0.7358,UKR
UKR,1987,both,65,14.67,79.67,71.09,14.28,0.7306,UKR
UKR,1988,both,65,14.62,79.62,70.98,14.23,0.7293999999999999,UKR
UKR,1989,both,65,14.84,79.84,70.92,12.62,0.7216,UKR
UKR,1990,both,65,14.61,79.61,70.46,12.57,0.7103,UKR
UKR,1991,both,65,14.32,79.32,69.62,13.63,0.6918000000000001,UKR
UKR,1992,both,65,14.18,79.18,69.01,13.69,0.6761,UKR
UKR,1993,both,65,13.72,78.72,68.31,14.4,0.6628000000000001,UKR
UKR,1994,both,65,13.53,78.53,67.67,14.15,0.6473,UKR
UKR,1995,both,65,13.43,78.43,66.76,14.66,0.622,UKR
UKR,1996,both,65,13.55,78.55,67.06,14.19,0.6271,UKR
UKR,1997,both,65,13.67,78.67,67.65,13.76,0.6406000000000001,UKR
UKR,1998,both,65,13.92,78.92,68.49,12.61,0.662,UKR
UKR,1999,both,65,13.81,78.81,68.07,12.59,0.6509,UKR
UKR,2000,both,65,13.67,78.67,67.71,11.95,0.6425,UKR
UKR,2001,both,65,13.82,78.82,67.86,11.79,0.6448,UKR
UKR,2002,both,65,13.79,78.78999999999999,67.74,11.05,0.6386999999999999,UKR
UKR,2003,both,65,13.69,78.69,67.79,9.7,0.6396000000000001,UKR
UKR,2004,both,65,13.88,78.88,67.68,9.57,0.6324000000000001,UKR
UKR,2005,both,65,13.76,78.76,67.27,10.04,0.6224000000000001,UKR
UKR,2006,both,65,13.94,78.94,67.93,10.03,0.64,UKR
UKR,2007,both,65,14.06,79.06,67.59,11.04,0.6324000000000001,UKR
UKR,2008,both,65,14.21,79.21000000000001,67.97,10.36,0.6383,UKR
UKR,2009,both,65,14.45,79.45,69.63,9.23,0.6806,UKR
UKR,2010,both,65,14.45,79.45,70.27,9.06,0.6989,UKR
UKR,2011,both,65,14.92,79.92,70.99,9.07,0.71,UKR
UKR,2012,both,65,15.01,80.01,71.13,8.47,0.7119,UKR
UKR,2013,both,65,15.14,80.14,71.35,7.89,0.7134,UKR
USA,1933,both,65,12.72,77.72,60.9,58.61,0.5615,United States
USA,1934,both,65,12.62,77.62,60.19,65.26,0.5525,United States
USA,1935,both,65,12.68,77.68,60.91,58.81,0.5622,United States
USA,1936,both,65,12.28,77.28,60.35,59.98,0.5516,United States
USA,1937,both,65,12.54,77.53999999999999,61.03,58.59,0.5625,United States
USA,1938,both,65,12.87,77.87,62.39,55.41,0.5882000000000001,United States
USA,1939,both,65,12.8,77.8,63.07,51.27,0.5968,United States
USA,1940,both,65,12.7,77.7,63.22,51.59,0.5992999999999999,United States
USA,1941,both,65,13.03,78.03,63.79,50.31,0.6086,United States
USA,1942,both,65,13.26,78.26,64.54,46.55,0.6184000000000001,United States
USA,1943,both,65,12.95,77.95,64.36,43.52,0.6153,United States
USA,1944,both,65,13.34,78.34,65.06,42.5,0.6273,United States
USA,1945,both,65,13.55,78.55,65.59,40.8,0.6343,United States
USA,1946,both,65,13.78,78.78,66.13,42.2,0.6454000000000001,United States
USA,1947,both,65,13.61,78.61,66.8,35.03,0.6528,United States
USA,1948,both,65,13.73,78.73,67.22,34.32,0.6607,United States
USA,1949,both,65,13.87,78.87,67.63,34.16,0.6687000000000001,United States
USA,1950,both,65,13.92,78.92,68.06,31.7,0.6759999999999999,United States
USA,1951,both,65,13.98,78.98,68.17,31.44,0.6781999999999999,United States
USA,1952,both,65,14.14,79.14,68.38,31.23,0.6815000000000001,United States
USA,1953,both,65,14.15,79.15,68.72,29.89,0.6878,United States
USA,1954,both,65,14.51,79.51,69.5,28.5,0.7025,United States
USA,1955,both,65,14.39,79.39,69.56,27.76,0.7055,United States
USA,1956,both,65,14.41,79.41,69.64,27.34,0.7062,United States
USA,1957,both,65,14.28,79.28,69.41,27.39,0.7014,United States
USA,1958,both,65,14.37,79.37,69.67,27.37,0.7071,United States
USA,1959,both,65,14.52,79.52,69.9,26.72,0.7103,United States
USA,1960,both,65,14.45,79.45,69.82,26.36,0.7081000000000001,United States
USA,1961,both,65,14.65,79.65,70.24,25.35,0.7156999999999999,United States
USA,1962,both,65,14.55,79.55,70.11,25.18,0.7129000000000001,United States
USA,1963,both,65,14.45,79.45,69.94,25.1,0.7092,United States
USA,1964,both,65,14.73,79.73,70.19,24.82,0.7115,United States
USA,1965,both,65,14.72,79.72,70.25,24.08,0.7126,United States
USA,1966,both,65,14.68,79.68,70.21,23.38,0.7123,United States
USA,1967,both,65,14.88,79.88,70.52,22.32,0.7166,United States
USA,1968,both,65,14.69,79.69,70.21,22.1,0.7108,United States
USA,1969,both,65,14.89,79.89,70.48,21.4,0.7156999999999999,United States
USA,1970,both,65,15.07,80.07,70.74,20.88,0.7184999999999999,United States
USA,1971,both,65,15.18,80.18,71.1,18.79,0.7249,United States
USA,1972,both,65,15.14,80.14,71.18,17.82,0.7263,United States
USA,1973,both,65,15.26,80.26,71.4,17.28,0.7303000000000001,United States
USA,1974,both,65,15.56,80.56,71.96,16.84,0.7398,United States
USA,1975,both,65,15.92,80.92,72.54,15.86,0.7482,United States
USA,1976,both,65,16.0,81.0,72.85,15.12,0.7535,United States
USA,1977,both,65,16.26,81.26,73.23,14.16,0.759,United States
USA,1978,both,65,16.32,81.32,73.41,13.64,0.7625,United States
USA,1979,both,65,16.58,81.58,73.83,13.12,0.7693000000000001,United States
USA,1980,both,65,16.4,81.4,73.74,12.7,0.7698,United States
USA,1981,both,65,16.6,81.6,74.12,11.87,0.7748999999999999,United States
USA,1982,both,65,16.74,81.74,74.47,11.52,0.7807999999999999,United States
USA,1983,both,65,16.67,81.67,74.56,11.05,0.7831999999999999,United States
USA,1984,both,65,16.75,81.75,74.68,10.89,0.785,United States
USA,1985,both,65,16.72,81.72,74.66,10.8,0.7855,United States
USA,1986,both,65,16.81,81.81,74.74,10.41,0.7870999999999999,United States
USA,1987,both,65,16.9,81.9,74.88,10.25,0.789,United States
USA,1988,both,65,16.89,81.89,74.85,10.23,0.7890999999999999,United States
USA,1989,both,65,17.14,82.14,75.13,10.27,0.7925,United States
USA,1990,both,65,17.3,82.3,75.4,9.68,0.7962,United States
USA,1991,both,65,17.4,82.4,75.55,9.21,0.7983,United States
USA,1992,both,65,17.53,82.53,75.81,8.71,0.802,United States
USA,1993,both,65,17.35,82.35,75.6,8.53,0.8003,United States
USA,1994,both,65,17.48,82.48,75.77,8.21,0.8023,United States
USA,1995,both,65,17.5,82.5,75.88,7.77,0.8044,United States
USA,1996,both,65,17.56,82.56,76.2,7.55,0.8107,United States
USA,1997,both,65,17.63,82.63,76.53,7.42,0.8173999999999999,United States
USA,1998,both,65,17.66,82.66,76.69,7.48,0.8215,United States
USA,1999,both,65,17.61,82.61,76.7,7.3,0.8227,United States
USA,2000,both,65,17.71,82.71000000000001,76.84,7.18,0.8244,United States
USA,2001,both,65,17.84,82.84,76.95,6.9,0.8251999999999999,United States
USA,2002,both,65,17.91,82.91,77.02,7.02,0.8258,United States
USA,2003,both,65,18.06,83.06,77.17,7.0,0.8267,United States
USA,2004,both,65,18.38,83.38,77.57,6.94,0.8312,United States
USA,2005,both,65,18.4,83.4,77.56,7.04,0.8309000000000001,United States
USA,2006,both,65,18.66,83.66,77.83,7.0,0.8331999999999999,United States
USA,2007,both,65,18.83,83.83,78.08,7.01,0.8364,United States
USA,2008,both,65,18.82,83.82,78.16,6.77,0.8379000000000001,United States
USA,2009,both,65,19.13,84.13,78.51,6.53,0.8401000000000001,United States
USA,2010,both,65,19.18,84.18,78.71,6.2,0.8439,United States
USA,2011,both,65,19.24,84.24,78.76,6.09,0.8439,United States
USA,2012,both,65,19.36,84.36,78.88,6.08,0.8443999999999999,United States
USA,2013,both,65,19.37,84.37,78.9,6.06,0.8441,United States
USA,2014,both,65,19.51,84.51,78.97,6.01,0.843,United States
USA,2015,both,65,19.46,84.46000000000001,78.83,6.09,0.8409,United States
USA,2016,both,65,19.61,84.61,78.8,6.1,0.8379000000000001,United States
USA,2017,both,65,19.6,84.6,78.77,6.03,0.8378,United States
USA,2018,both,65,19.69,84.69,78.93,5.93,0.8395,United States
USA,2019,both,65,19.84,84.84,79.08,5.82,0.8403,United States
USA,2020,both,65,18.69,83.69,77.22,5.37,0.8136,United States
USA,2021,both,65,18.79,83.78999999999999,76.63,5.52,0.7948999999999999,United States
USA,2022,both,65,19.28,84.28,77.75,5.59,0.8168000000000001,United States
USA,2023,both,65,19.92,84.92,78.76,5.47,0.8309000000000001,United States
AUS,1921,both,80,6.18,86.18,60.97,65.22,0.5827,Australia
AUS,1922,both,80,5.96,85.96,62.83,52.69,0.6097,Australia
AUS,1923,both,80,5.51,85.51,61.68,59.87,0.5936,Australia
AUS,1924,both,80,5.82,85.82,62.48,56.88,0.6045,Australia
AUS,1925,both,80,5.91,85.91,63.17,53.55,0.6156,Australia
AUS,1926,both,80,5.8,85.8,62.88,53.36,0.612,Australia
AUS,1927,both,80,5.75,85.75,62.84,54.47,0.6112,Australia
AUS,1928,both,80,5.92,85.92,62.91,53.25,0.6126,Australia
AUS,1929,both,80,5.67,85.67,63.08,50.39,0.6169,Australia
AUS,1930,both,80,6.34,86.34,64.9,47.44,0.6479,Australia
AUS,1931,both,80,6.06,86.06,65.32,40.84,0.6539,Australia
AUS,1932,both,80,6.08,86.08,65.6,39.75,0.6559,Australia
AUS,1933,both,80,5.93,85.93,65.43,39.61,0.6526000000000001,Australia
AUS,1934,both,80,5.8,85.8,64.79,43.32,0.6426999999999999,Australia
AUS,1935,both,80,5.8,85.8,65.05,40.03,0.6448,Australia
AUS,1936,both,80,6.1,86.1,65.19,41.87,0.647,Australia
AUS,1937,both,80,5.97,85.97,65.74,38.49,0.6548,Australia
AUS,1938,both,80,5.85,85.85,65.76,38.23,0.6578,Australia
AUS,1939,both,80,5.65,85.65,65.73,38.4,0.6581,Australia
AUS,1940,both,80,5.98,85.98,66.16,38.91,0.6617000000000001,Australia
AUS,1941,both,80,5.8,85.8,66.04,40.81,0.6640999999999999,Australia
AUS,1942,both,80,5.61,85.61,65.79,39.46,0.6587000000000001,Australia
AUS,1943,both,80,5.66,85.66,66.33,38.0,0.6685,Australia
AUS,1944,both,80,6.09,86.09,67.96,31.7,0.6929000000000001,Australia
AUS,1945,both,80,5.99,85.99,68.38,29.97,0.7011,Australia
AUS,1946,both,80,5.87,85.87,67.92,30.79,0.6914,Australia
AUS,1947,both,80,6.11,86.11,68.52,28.94,0.6984,Australia
AUS,1948,both,80,5.88,85.88,68.47,27.29,0.6973999999999999,Australia
AUS,1949,both,80,6.11,86.11,69.09,25.44,0.708,Australia
AUS,1950,both,80,5.97,85.97,69.0,24.87,0.7087,Australia
AUS,1951,both,80,5.91,85.91,68.7,25.14,0.7019,Australia
AUS,1952,both,80,6.02,86.02,69.11,24.15,0.7071999999999999,Australia
AUS,1953,both,80,6.17,86.17,69.69,23.31,0.7192000000000001,Australia
AUS,1954,both,80,6.14,86.14,69.86,22.32,0.7245999999999999,Australia
AUS,1955,both,80,6.22,86.22,70.15,22.14,0.731,Australia
AUS,1956,both,80,5.92,85.92,70.04,21.8,0.7298,Australia
AUS,1957,both,80,6.3,86.3,70.32,21.8,0.7326999999999999,Australia
AUS,1958,both,80,6.47,86.47,70.86,20.58,0.7392,Australia
AUS,1959,both,80,6.29,86.29,70.45,21.58,0.7343999999999999,Australia
AUS,1960,both,80,6.42,86.42,70.87,20.09,0.7387999999999999,Australia
AUS,1961,both,80,6.54,86.54,71.13,19.83,0.7443000000000001,Australia
AUS,1962,both,80,6.41,86.41,70.91,20.27,0.7387,Australia
AUS,1963,both,80,6.5,86.5,70.96,19.52,0.7358,Australia
AUS,1964,both,80,6.26,86.26,70.57,18.67,0.7276,Australia
AUS,1965,both,80,6.45,86.45,70.8,18.54,0.7336,Australia
AUS,1966,both,80,6.28,86.28,70.68,18.18,0.733,Australia
AUS,1967,both,80,6.57,86.57,71.05,18.04,0.7358,Australia
AUS,1968,both,80,6.22,86.22,70.68,18.04,0.7314,Australia
AUS,1969,both,80,6.68,86.68,71.07,18.45,0.7376,Australia
AUS,1970,both,80,6.42,86.42,70.65,18.55,0.7325,Australia
AUS,1971,both,80,6.58,86.58,71.45,17.75,0.7482,Australia
AUS,1972,both,80,6.67,86.67,71.77,16.58,0.7505,Australia
AUS,1973,both,80,6.74,86.74,72.06,15.72,0.7559999999999999,Australia
AUS,1974,both,80,6.53,86.53,71.85,15.77,0.752,Australia
AUS,1975,both,80,7.04,87.04,72.78,13.84,0.7653,Australia
AUS,1976,both,80,6.82,86.82,72.79,13.56,0.7696,Australia
AUS,1977,both,80,7.2,87.2,73.47,12.37,0.7781,Australia
AUS,1978,both,80,7.31,87.31,73.74,12.17,0.7826000000000001,Australia
AUS,1979,both,80,7.45,87.45,74.33,11.09,0.7931,Australia
AUS,1980,both,80,7.43,87.43,74.57,10.6,0.7986,Australia
AUS,1981,both,80,7.5,87.5,74.78,10.39,0.8027,Australia
AUS,1982,both,80,7.32,87.32,74.72,10.11,0.8038,Australia
AUS,1983,both,80,7.72,87.72,75.44,9.67,0.8118000000000001,Australia
AUS,1984,both,80,7.61,87.61,75.51,9.43,0.8149,Australia
AUS,1985,both,80,7.38,87.38,75.43,9.84,0.8172,Australia
AUS,1986,both,80,7.79,87.79,76.07,8.83,0.8255,Australia
AUS,1987,both,80,7.66,87.66,76.09,8.96,0.8273,Australia
AUS,1988,both,80,7.78,87.78,76.35,8.2,0.8308,Australia
AUS,1989,both,80,7.5,87.5,76.2,8.48,0.8327,Australia
AUS,1990,both,80,7.99,87.99,77.04,7.92,0.8420000000000001,Australia
AUS,1991,both,80,8.14,88.14,77.48,6.86,0.8475,Australia
AUS,1992,both,80,8.03,88.03,77.47,6.91,0.8493,Australia
AUS,1993,both,80,8.23,88.23,78.01,6.03,0.8565,Australia
AUS,1994,both,80,8.01,88.01,77.86,5.95,0.857,Australia
AUS,1995,both,80,8.21,88.21000000000001,78.26,5.66,0.8615999999999999,Australia
AUS,1996,both,80,8.17,88.17,78.35,5.72,0.8628,Australia
AUS,1997,both,80,8.25,88.25,78.63,5.51,0.8665999999999999,Australia
AUS,1998,both,80,8.49,88.49,79.03,5.02,0.8706,Australia
AUS,1999,both,80,8.56,88.56,79.28,5.68,0.875,Australia
AUS,2000,both,80,8.61,88.61,79.62,5.08,0.8787999999999999,Australia
AUS,2001,both,80,8.75,88.75,80.01,5.12,0.8825,Australia
AUS,2002,both,80,8.63,88.63,80.06,5.0,0.8843000000000001,Australia
AUS,2003,both,80,8.84,88.84,80.45,4.83,0.888,Australia
AUS,2004,both,80,8.96,88.96000000000001,80.74,4.7,0.8912,Australia
AUS,2005,both,80,9.14,89.14,81.1,5.08,0.8937,Australia
AUS,2006,both,80,9.13,89.13,81.27,4.8,0.8959999999999999,Australia
AUS,2007,both,80,9.11,89.11,81.24,4.28,0.8948,Australia
AUS,2008,both,80,9.06,89.06,81.43,4.25,0.899,Australia
AUS,2009,both,80,9.32,89.32,81.73,4.13,0.8992,Australia
AUS,2010,both,80,9.37,89.37,82.02,4.09,0.9032,Australia
AUS,2011,both,80,9.38,89.38,82.09,3.78,0.903,Australia
AUS,2012,both,80,9.4,89.4,82.29,3.34,0.9064,Australia
AUS,2013,both,80,9.65,89.65,82.54,3.66,0.9062,Australia
AUS,2014,both,80,9.62,89.62,82.51,3.4,0.9057,Australia
AUS,2015,both,80,9.63,89.63,82.6,3.13,0.9055,Australia
AUS,2016,both,80,9.74,89.74,82.8,3.05,0.9077,Australia
AUS,2017,both,80,9.73,89.73,82.71,3.35,0.9069,Australia
AUS,2018,both,80,10.08,90.08,83.25,3.14,0.9092,Australia
AUS,2019,both,80,10.07,90.07,83.24,3.23,0.909,Australia
AUS,2020,both,80,10.35,90.35,83.66,3.08,0.912,Australia
AUS,2021,both,80,10.17,90.17,83.47,3.28,0.912,Australia
AUT,1947,both,80,5.21,85.21,61.54,84.61,0.6164999999999999,AUT
AUT,1948,both,80,5.59,85.59,63.21,79.39,0.6386,AUT
AUT,1949,both,80,5.24,85.24,63.47,72.87,0.6419,AUT
AUT,1950,both,80,5.45,85.45,64.81,65.41,0.6605,AUT
AUT,1951,both,80,5.15,85.15,65.22,60.05,0.6684,AUT
AUT,1952,both,80,5.35,85.35,66.74,52.29,0.6919,AUT
AUT,1953,both,80,5.39,85.39,67.25,49.79,0.7008,AUT
AUT,1954,both,80,5.33,85.33,67.28,48.48,0.6995999999999999,AUT
AUT,1955,both,80,5.46,85.46,67.55,46.51,0.7045999999999999,AUT
AUT,1956,both,80,5.41,85.41,67.68,44.42,0.7044,AUT
AUT,1957,both,80,5.53,85.53,67.44,44.48,0.6998000000000001,AUT
AUT,1958,both,80,5.64,85.64,68.45,40.76,0.7159,AUT
AUT,1959,both,80,5.65,85.65,68.39,40.29,0.713,AUT
AUT,1960,both,80,5.58,85.58,68.74,37.57,0.7189,AUT
AUT,1961,both,80,5.87,85.87,69.71,33.39,0.7315,AUT
AUT,1962,both,80,5.59,85.59,69.5,32.91,0.7298,AUT
AUT,1963,both,80,5.63,85.63,69.65,31.11,0.7337,AUT
AUT,1964,both,80,5.89,85.89,70.12,29.15,0.7392,AUT
AUT,1965,both,80,5.64,85.64,69.93,27.65,0.7373999999999999,AUT
AUT,1966,both,80,5.86,85.86,70.22,28.02,0.7415999999999999,AUT
AUT,1967,both,80,5.7,85.7,70.12,26.17,0.7419,AUT
AUT,1968,both,80,5.72,85.72,70.27,25.25,0.7437,AUT
AUT,1969,both,80,5.8,85.8,70.04,24.84,0.741,AUT
AUT,1970,both,80,5.76,85.76,70.09,24.94,0.7413,AUT
AUT,1971,both,80,5.72,85.72,70.29,25.59,0.748,AUT
AUT,1972,both,80,5.94,85.94,70.62,24.6,0.7517,AUT
AUT,1973,both,80,6.02,86.02,71.2,23.02,0.7609,AUT
AUT,1974,both,80,6.0,86.0,71.18,23.38,0.7608,AUT
AUT,1975,both,80,5.88,85.88,71.33,20.06,0.7624,AUT
AUT,1976,both,80,5.9,85.9,71.79,17.66,0.7701,AUT
AUT,1977,both,80,6.14,86.14,72.14,16.66,0.7723,AUT
AUT,1978,both,80,5.97,85.97,72.2,14.98,0.7745000000000001,AUT
AUT,1979,both,80,6.2,86.2,72.55,14.77,0.7762,AUT
AUT,1980,both,80,6.19,86.19,72.67,14.64,0.778,AUT
AUT,1981,both,80,6.17,86.17,72.99,12.59,0.7828,AUT
AUT,1982,both,80,6.31,86.31,73.15,12.75,0.7828,AUT
AUT,1983,both,80,6.23,86.23,73.22,11.54,0.7829,AUT
AUT,1984,both,80,6.53,86.53,73.77,11.32,0.7894,AUT
AUT,1985,both,80,6.41,86.41,73.99,10.96,0.7959,AUT
AUT,1986,both,80,6.59,86.59,74.46,10.2,0.8028,AUT
AUT,1987,both,80,6.76,86.76,74.9,9.79,0.809,AUT
AUT,1988,both,80,6.87,86.87,75.37,8.14,0.8145,AUT
AUT,1989,both,80,6.94,86.94,75.46,8.28,0.8158,AUT
AUT,1990,both,80,7.02,87.02,75.74,7.87,0.8189,AUT
AUT,1991,both,80,7.09,87.09,75.79,7.6,0.8198000000000001,AUT
AUT,1992,both,80,7.15,87.15,75.99,7.55,0.8219,AUT
AUT,1993,both,80,7.28,87.28,76.22,6.45,0.8240000000000001,AUT
AUT,1994,both,80,7.48,87.48,76.54,6.17,0.8291,AUT
AUT,1995,both,80,7.45,87.45,76.78,5.32,0.8321999999999999,AUT
AUT,1996,both,80,7.51,87.51,77.03,5.09,0.8367,AUT
AUT,1997,both,80,7.62,87.62,77.43,4.53,0.8442000000000001,AUT
AUT,1998,both,80,7.7,87.7,77.78,4.83,0.8504,AUT
AUT,1999,both,80,7.74,87.74,77.96,4.24,0.8518000000000001,AUT
AUT,2000,both,80,7.91,87.91,78.24,4.77,0.8547,AUT
AUT,2001,both,80,8.11,88.11,78.72,4.76,0.8604999999999999,AUT
AUT,2002,both,80,8.08,88.08,78.85,4.19,0.8642,AUT
AUT,2003,both,80,8.04,88.03999999999999,78.85,4.43,0.863,AUT
AUT,2004,both,80,8.33,88.33,79.36,4.55,0.8671,AUT
AUT,2005,both,80,8.36,88.36,79.52,4.15,0.8694,AUT
AUT,2006,both,80,8.49,88.49,79.96,3.61,0.8756,AUT
AUT,2007,both,80,8.61,88.61,80.16,3.64,0.8765000000000001,AUT
AUT,2008,both,80,8.6,88.6,80.37,3.74,0.8793000000000001,AUT
AUT,2009,both,80,8.65,88.65,80.21,3.78,0.8754000000000001,AUT
AUT,2010,both,80,8.76,88.76,80.47,3.98,0.8776,AUT
AUT,2011,both,80,8.93,88.93,80.83,3.58,0.8825,AUT
AUT,2012,both,80,8.82,88.82,80.84,3.24,0.8856,AUT
AUT,2013,both,80,8.92,88.92,81.08,3.13,0.8884000000000001,AUT
AUT,2014,both,80,9.15,89.15,81.39,3.12,0.8909,AUT
AUT,2015,both,80,8.9,88.9,81.16,3.15,0.8922,AUT
AUT,2016,both,80,9.23,89.23,81.59,3.17,0.8963,AUT
AUT,2017,both,80,9.08,89.08,81.63,2.93,0.8992,AUT
AUT,2018,both,80,9.17,89.17,81.69,2.69,0.8991,AUT
AUT,2019,both,80,9.31,89.31,81.91,2.99,0.9031,AUT
AUT,2020,both,80,8.89,88.89,81.35,3.16,0.9008,AUT
AUT,2021,both,80,9.04,89.03999999999999,81.28,2.82,0.8972,AUT
AUT,2022,both,80,8.96,88.96000000000001,81.43,2.43,0.9007,AUT
AUT,2023,both,80,9.23,89.23,81.86,2.78,0.9044,AUT
BEL,1841,both,80,5.14,85.14,40.34,151.52,0.3176,Belgium
BEL,1842,both,80,4.91,84.91,38.67,157.01,0.298,Belgium
BEL,1843,both,80,5.2,85.2,40.38,148.18,0.3194,Belgium
BEL,1844,both,80,4.92,84.92,41.91,139.61,0.3311,Belgium
BEL,1845,both,80,4.81,84.81,41.05,149.6,0.3215,Belgium
BEL,1846,both,80,4.62,84.62,37.86,173.09,0.2749,Belgium
BEL,1847,both,80,4.25,84.25,35.13,160.72,0.2165,Belgium
BEL,1848,both,80,4.27,84.27,38.05,141.55,0.2597,Belgium
BEL,1849,both,80,4.69,84.69,34.51,152.04,0.2141,Belgium
BEL,1850,both,80,4.84,84.84,42.3,139.06,0.3383,Belgium
BEL,1851,both,80,4.97,84.97,41.91,147.22,0.3384,Belgium
BEL,1852,both,80,4.83,84.83,41.81,147.22,0.3349,Belgium
BEL,1853,both,80,4.37,84.37,41.35,140.98,0.3215,Belgium
BEL,1854,both,80,4.6,84.6,39.78,153.4,0.3098,Belgium
BEL,1855,both,80,4.01,84.01,37.46,167.14,0.2832,Belgium
BEL,1856,both,80,4.84,84.84,40.92,145.26,0.3345,Belgium
BEL,1857,both,80,4.93,84.93,40.48,161.53,0.3228,Belgium
BEL,1858,both,80,4.53,84.53,40.17,162.82,0.3126,Belgium
BEL,1859,both,80,5.22,85.22,38.97,171.18,0.2978,Belgium
BEL,1860,both,80,5.38,85.38,45.1,136.35,0.3718999999999999,Belgium
BEL,1861,both,80,4.81,84.81,41.25,161.31,0.3324,Belgium
BEL,1862,both,80,4.99,84.99,43.1,148.4,0.3599,Belgium
BEL,1863,both,80,4.89,84.89,41.29,159.56,0.3414999999999999,Belgium
BEL,1864,both,80,4.6,84.6,39.8,163.21,0.32,Belgium
BEL,1865,both,80,4.89,84.89,37.73,185.64,0.2992,Belgium
BEL,1866,both,80,4.63,84.63,32.47,168.02,0.1924,Belgium
BEL,1867,both,80,4.96,84.96,43.05,146.33,0.3521,Belgium
BEL,1868,both,80,5.1,85.1,42.55,140.33,0.3505,Belgium
BEL,1869,both,80,4.9,84.9,42.59,130.51,0.3489,Belgium
BEL,1870,both,80,4.83,84.83,40.92,145.38,0.3243,Belgium
BEL,1871,both,80,4.53,84.53,34.36,166.69,0.2487,Belgium
BEL,1872,both,80,5.08,85.08,40.04,147.9,0.3223,Belgium
BEL,1873,both,80,4.84,84.84,43.49,141.99,0.3554,Belgium
BEL,1874,both,80,5.2,85.2,44.68,136.79,0.372,Belgium
BEL,1875,both,80,4.79,84.79,42.17,155.92,0.3393,Belgium
BEL,1876,both,80,4.61,84.61,43.67,113.79,0.358,Belgium
BEL,1877,both,80,4.82,84.82,44.48,128.71,0.3674,Belgium
BEL,1878,both,80,4.67,84.67,44.23,156.73,0.3618,Belgium
BEL,1879,both,80,4.47,84.47,43.83,158.84,0.3539,Belgium
BEL,1880,both,80,4.94,84.94,42.49,183.12,0.3485,Belgium
BEL,1881,both,80,4.86,84.86,44.42,156.93,0.3638,Belgium
BEL,1882,both,80,5.0,85.0,45.55,149.94,0.3786,Belgium
BEL,1883,both,80,4.72,84.72,44.9,151.58,0.3655,Belgium
BEL,1884,both,80,4.93,84.93,44.23,166.09,0.3636,Belgium
BEL,1885,both,80,4.86,84.86,45.47,148.03,0.3747,Belgium
BEL,1886,both,80,4.79,84.79,43.35,181.56,0.3581,Belgium
BEL,1887,both,80,4.82,84.82,46.05,153.1,0.3861,Belgium
BEL,1888,both,80,4.72,84.72,44.92,169.54,0.3742,Belgium
BEL,1889,both,80,4.89,84.89,45.07,166.05,0.3779999999999999,Belgium
BEL,1890,both,80,4.64,84.64,44.14,171.29,0.3606,Belgium
BEL,1891,both,80,4.45,84.45,44.04,170.37,0.3595,Belgium
BEL,1892,both,80,4.37,84.37,43.16,171.84,0.3461999999999999,Belgium
BEL,1893,both,80,4.79,84.79,44.44,172.08,0.3677,Belgium
BEL,1894,both,80,4.88,84.88,46.63,157.02,0.3914999999999999,Belgium
BEL,1895,both,80,4.64,84.64,45.48,175.46,0.3829999999999999,Belgium
BEL,1896,both,80,5.07,85.07,48.07,150.03,0.4131,Belgium
BEL,1897,both,80,4.93,84.93,48.84,153.83,0.4265,Belgium
BEL,1898,both,80,5.06,85.06,48.12,163.28,0.4216,Belgium
BEL,1899,both,80,4.67,84.67,46.5,171.43,0.3994,Belgium
BEL,1900,both,80,4.56,84.56,46.69,174.0,0.3957,Belgium
BEL,1901,both,80,5.01,85.01,49.44,151.07,0.4324,Belgium
BEL,1902,both,80,4.87,84.87,49.14,147.23,0.4289,Belgium
BEL,1903,both,80,4.89,84.89,49.23,156.67,0.4355,Belgium
BEL,1904,both,80,4.87,84.87,49.27,156.42,0.4356,Belgium
BEL,1905,both,80,4.74,84.74,50.03,147.83,0.4437,Belgium
BEL,1906,both,80,4.74,84.74,49.67,157.24,0.4442,Belgium
BEL,1907,both,80,4.69,84.69,51.07,137.97,0.4563,Belgium
BEL,1908,both,80,4.52,84.52,49.72,150.2,0.4412,Belgium
BEL,1909,both,80,4.54,84.54,50.66,140.97,0.4528999999999999,Belgium
BEL,1910,both,80,4.86,84.86,51.31,140.74,0.4654,Belgium
BEL,1911,both,80,4.5,84.5,49.28,166.96,0.4397999999999999,Belgium
BEL,1912,both,80,4.56,84.56,52.25,126.88,0.4724,Belgium
BEL,1913,both,80,4.7,84.7,52.45,134.55,0.4772999999999999,Belgium
BEL,1919,both,80,4.65,84.65,49.26,128.93,0.4371,Belgium
BEL,1920,both,80,5.14,85.14,54.01,113.51,0.5033,Belgium
BEL,1921,both,80,5.21,85.21,54.66,122.34,0.5143,Belgium
BEL,1922,both,80,4.84,84.84,55.19,108.67,0.5184000000000001,Belgium
BEL,1923,both,80,5.12,85.12,56.7,99.94,0.5390999999999999,Belgium
BEL,1924,both,80,5.21,85.21,57.4,93.96,0.5468999999999999,Belgium
BEL,1925,both,80,5.16,85.16,57.12,98.27,0.547,Belgium
BEL,1926,both,80,4.99,84.99,56.88,101.84,0.5429999999999999,Belgium
BEL,1927,both,80,4.91,84.91,57.11,96.36,0.5442,Belgium
BEL,1928,both,80,5.23,85.23,57.47,93.72,0.5440999999999999,Belgium
BEL,1929,both,80,4.6,84.6,55.02,108.68,0.5099,Belgium
BEL,1930,both,80,5.41,85.41,57.1,100.67,0.5418,Belgium
BEL,1931,both,80,5.1,85.1,58.42,88.22,0.5563,Belgium
BEL,1932,both,80,5.05,85.05,58.54,91.21,0.5643,Belgium
BEL,1933,both,80,5.07,85.07,58.68,88.9,0.5632,Belgium
BEL,1934,both,80,5.64,85.64,60.31,81.58,0.5866,Belgium
BEL,1935,both,80,5.21,85.21,59.94,82.29,0.581,Belgium
BEL,1936,both,80,5.38,85.38,59.91,85.88,0.5820000000000001,Belgium
BEL,1937,both,80,5.2,85.2,59.95,83.02,0.5803,Belgium
BEL,1938,both,80,5.31,85.31,60.11,82.51,0.5831000000000001,Belgium
BEL,1939,both,80,4.92,84.92,60.06,79.88,0.5785,Belgium
BEL,1940,both,80,4.66,84.66,55.96,85.92,0.5096,Belgium
BEL,1941,both,80,4.67,84.67,58.74,88.36,0.5583,Belgium
BEL,1942,both,80,4.7,84.7,59.09,86.47,0.5633,Belgium
BEL,1943,both,80,5.42,85.42,60.29,78.99,0.5866,Belgium
BEL,1944,both,80,5.11,85.11,56.94,82.03,0.5223,Belgium
BEL,1945,both,80,5.28,85.28,58.32,99.79,0.5592,Belgium
BEL,1946,both,80,5.48,85.48,61.89,79.93,0.6114999999999999,Belgium
BEL,1947,both,80,5.44,85.44,63.42,67.81,0.6302,Belgium
BEL,1948,both,80,5.73,85.73,64.92,59.51,0.6505,Belgium
BEL,1949,both,80,5.37,85.37,65.43,56.33,0.6601,Belgium
BEL,1950,both,80,5.53,85.53,66.3,52.74,0.6759999999999999,Belgium
BEL,1951,both,80,5.39,85.39,66.75,49.42,0.6846,Belgium
BEL,1952,both,80,5.6,85.6,67.96,45.23,0.7033,Belgium
BEL,1953,both,80,5.55,85.55,68.35,41.51,0.7104,Belgium
BEL,1954,both,80,5.67,85.67,68.59,41.5,0.7148,Belgium
BEL,1955,both,80,5.47,85.47,68.54,40.46,0.7161,Belgium
BEL,1956,both,80,5.54,85.54,68.84,39.26,0.7199,Belgium
BEL,1957,both,80,5.74,85.74,69.2,36.1,0.7228,Belgium
BEL,1958,both,80,5.77,85.77,69.91,31.41,0.735,Belgium
BEL,1959,both,80,5.94,85.94,70.31,30.33,0.7393000000000001,Belgium
BEL,1960,both,80,5.62,85.62,69.62,30.65,0.7277,Belgium
BEL,1961,both,80,6.0,86.0,70.5,28.2,0.7404999999999999,Belgium
BEL,1962,both,80,5.76,85.76,70.23,27.11,0.7362000000000001,Belgium
BEL,1963,both,80,5.57,85.57,70.04,27.29,0.7343000000000001,Belgium
BEL,1964,both,80,6.08,86.08,70.7,25.36,0.7432,Belgium
BEL,1965,both,80,5.91,85.91,70.55,23.16,0.7387999999999999,Belgium
BEL,1966,both,80,5.89,85.89,70.63,24.26,0.7418,Belgium
BEL,1967,both,80,5.99,85.99,70.91,22.51,0.7458,Belgium
BEL,1968,both,80,5.67,85.67,70.61,21.33,0.7431,Belgium
BEL,1969,both,80,5.87,85.87,70.67,21.18,0.7431,Belgium
BEL,1970,both,80,6.03,86.03,70.94,21.13,0.7468,Belgium
BEL,1971,both,80,5.95,85.95,71.09,20.16,0.75,Belgium
BEL,1972,both,80,6.11,86.11,71.41,18.48,0.7543000000000001,Belgium
BEL,1973,both,80,6.03,86.03,71.63,17.1,0.7602,Belgium
BEL,1974,both,80,6.14,86.14,71.97,16.99,0.7659,Belgium
BEL,1975,both,80,6.0,86.0,71.96,15.81,0.7674,Belgium
BEL,1976,both,80,6.08,86.08,72.1,15.35,0.7685,Belgium
BEL,1977,both,80,6.5,86.5,72.76,13.63,0.7759,Belgium
BEL,1978,both,80,6.35,86.35,72.7,13.22,0.7748999999999999,Belgium
BEL,1979,both,80,6.57,86.57,73.2,12.32,0.7823,Belgium
BEL,1980,both,80,6.54,86.54,73.24,12.15,0.7829,Belgium
BEL,1981,both,80,6.64,86.64,73.65,11.41,0.7912,Belgium
BEL,1982,both,80,6.69,86.69,73.88,11.02,0.7933,Belgium
BEL,1983,both,80,6.53,86.53,73.88,10.4,0.7955,Belgium
BEL,1984,both,80,6.79,86.79,74.37,9.93,0.8024,Belgium
BEL,1985,both,80,6.8,86.8,74.47,9.72,0.8044,Belgium
BEL,1986,both,80,6.76,86.76,74.67,9.7,0.8093,Belgium
BEL,1987,both,80,7.2,87.2,75.29,9.59,0.8159000000000001,Belgium
BEL,1988,both,80,7.33,87.33,75.59,9.05,0.8208,Belgium
BEL,1989,both,80,7.14,87.14,75.65,8.56,0.8245,Belgium
BEL,1990,both,80,7.36,87.36,76.06,8.02,0.8287,Belgium
BEL,1991,both,80,7.45,87.45,76.2,8.35,0.8306,Belgium
BEL,1992,both,80,7.53,87.53,76.36,8.09,0.8317,Belgium
BEL,1993,both,80,7.39,87.39,76.36,7.9,0.8354,Belgium
BEL,1994,both,80,7.65,87.65,76.71,7.43,0.8364,Belgium
BEL,1995,both,80,7.73,87.73,76.84,6.02,0.8370000000000001,Belgium
BEL,1996,both,80,7.67,87.67,77.19,5.33,0.8436,Belgium
BEL,1997,both,80,7.72,87.72,77.4,5.55,0.8456,Belgium
BEL,1998,both,80,7.81,87.81,77.47,5.15,0.8461,Belgium
BEL,1999,both,80,7.79,87.79,77.65,4.88,0.8469,Belgium
BEL,2000,both,80,7.84,87.84,77.77,4.85,0.8488,Belgium
BEL,2001,both,80,7.98,87.98,78.08,4.52,0.8511,Belgium
BEL,2002,both,80,7.91,87.91,78.17,4.37,0.8529000000000001,Belgium
BEL,2003,both,80,7.84,87.84,78.32,4.13,0.8556,Belgium
BEL,2004,both,80,8.2,88.2,78.96,3.83,0.8618000000000001,Belgium
BEL,2005,both,80,8.2,88.2,79.05,3.74,0.8619,Belgium
BEL,2006,both,80,8.41,88.41,79.38,4.06,0.8652,Belgium
BEL,2007,both,80,8.53,88.53,79.52,4.06,0.8658,Belgium
BEL,2008,both,80,8.49,88.49,79.57,3.8,0.8648,Belgium
BEL,2009,both,80,8.61,88.61,79.84,3.46,0.8687999999999999,Belgium
BEL,2010,both,80,8.69,88.69,80.03,3.62,0.872,Belgium
BEL,2011,both,80,8.89,88.89,80.35,3.33,0.8734999999999999,Belgium
BEL,2012,both,80,8.7,88.7,80.24,3.75,0.8752,Belgium
BEL,2013,both,80,8.81,88.81,80.44,3.44,0.8785,Belgium
BEL,2014,both,80,9.16,89.16,81.05,3.37,0.8845999999999999,Belgium
BEL,2015,both,80,8.95,88.95,80.86,3.24,0.8829,Belgium
BEL,2016,both,80,9.21,89.21000000000001,81.23,3.15,0.8875,Belgium
BEL,2017,both,80,9.21,89.21000000000001,81.32,3.55,0.8906999999999999,Belgium
BEL,2018,both,80,9.26,89.26,81.45,3.72,0.8920999999999999,Belgium
BEL,2019,both,80,9.46,89.46000000000001,81.8,3.62,0.8966,Belgium
BEL,2020,both,80,8.61,88.61,80.77,3.18,0.8925,Belgium
BEL,2021,both,80,9.5,89.5,81.62,2.97,0.8957999999999999,Belgium
BEL,2022,both,80,9.32,89.32,81.68,2.84,0.8986,Belgium
BEL,2023,both,80,9.65,89.65,82.05,3.02,0.8996999999999999,Belgium
BGR,1947,both,80,6.01,86.01,54.14,132.74,0.5242,BGR
BGR,1948,both,80,6.03,86.03,55.83,120.32,0.5490999999999999,BGR
BGR,1949,both,80,6.22,86.22,57.99,115.76,0.5782,BGR
BGR,1950,both,80,6.95,86.95,61.47,96.12,0.625,BGR
BGR,1951,both,80,6.63,86.63,60.68,97.38,0.6157,BGR
BGR,1952,both,80,5.62,85.62,59.57,98.58,0.6025,BGR
BGR,1953,both,80,6.43,86.43,64.18,79.94,0.6694,BGR
BGR,1954,both,80,6.41,86.41,64.39,85.54,0.6764,BGR
BGR,1955,both,80,6.49,86.49,64.82,83.12,0.6849,BGR
BGR,1956,both,80,5.77,85.77,65.21,71.91,0.6886,BGR
BGR,1957,both,80,6.62,86.62,66.59,65.08,0.7034,BGR
BGR,1958,both,80,7.02,87.02,68.71,51.61,0.7281,BGR
BGR,1959,both,80,5.82,85.82,66.63,54.5,0.6983,BGR
BGR,1960,both,80,6.6,86.6,69.17,45.63,0.7384000000000001,BGR
BGR,1961,both,80,6.79,86.79,70.22,37.36,0.7491,BGR
BGR,1962,both,80,5.95,85.95,69.53,36.38,0.7456,BGR
BGR,1963,both,80,6.44,86.44,70.33,35.25,0.7545000000000001,BGR
BGR,1964,both,80,6.7,86.7,71.13,32.78,0.7676999999999999,BGR
BGR,1965,both,80,6.51,86.51,71.3,29.28,0.7717,BGR
BGR,1966,both,80,6.56,86.56,71.22,30.94,0.7695000000000001,BGR
BGR,1967,both,80,6.08,86.08,70.41,33.22,0.7589,BGR
BGR,1968,both,80,6.46,86.46,71.2,30.52,0.7673000000000001,BGR
BGR,1969,both,80,6.01,86.01,70.47,29.72,0.7569,BGR
BGR,1970,both,80,6.27,86.27,71.25,26.97,0.7694,BGR
BGR,1971,both,80,6.05,86.05,70.85,24.35,0.7624,BGR
BGR,1972,both,80,5.86,85.86,70.86,25.72,0.7629,BGR
BGR,1973,both,80,6.16,86.16,71.3,27.11,0.7711,BGR
BGR,1974,both,80,6.01,86.01,71.21,25.67,0.769,BGR
BGR,1975,both,80,5.8,85.8,71.0,22.12,0.7648999999999999,BGR
BGR,1976,both,80,6.01,86.01,71.36,22.6,0.7698,BGR
BGR,1977,both,80,5.71,85.71,70.77,23.65,0.7587,BGR
BGR,1978,both,80,5.96,85.96,71.13,21.95,0.7615000000000001,BGR
BGR,1979,both,80,5.87,85.87,71.22,20.08,0.7606,BGR
BGR,1980,both,80,5.69,85.69,71.08,19.61,0.7608,BGR
BGR,1981,both,80,5.96,85.96,71.48,18.57,0.7637,BGR
BGR,1982,both,80,5.77,85.77,71.08,18.23,0.7561,BGR
BGR,1983,both,80,5.67,85.67,71.24,16.51,0.7582,BGR
BGR,1984,both,80,5.85,85.85,71.35,15.93,0.7539,BGR
BGR,1985,both,80,5.61,85.61,71.05,14.97,0.7486,BGR
BGR,1986,both,80,5.88,85.88,71.55,14.18,0.7539,BGR
BGR,1987,both,80,5.65,85.65,71.35,14.58,0.7543000000000001,BGR
BGR,1988,both,80,5.77,85.77,71.41,13.61,0.7519,BGR
BGR,1989,both,80,5.85,85.85,71.48,14.05,0.7521,BGR
BGR,1990,both,80,5.81,85.81,71.32,14.39,0.7489,BGR
BGR,1991,both,80,5.72,85.72,71.19,16.26,0.7493000000000001,BGR
BGR,1992,both,80,6.0,86.0,71.18,15.62,0.7425,BGR
BGR,1993,both,80,5.95,85.95,71.18,15.06,0.7409,BGR
BGR,1994,both,80,6.02,86.02,70.86,15.85,0.7325,BGR
BGR,1995,both,80,5.84,85.84,70.96,14.2,0.7329000000000001,BGR
BGR,1996,both,80,5.69,85.69,70.84,15.63,0.7361,BGR
BGR,1997,both,80,5.55,85.55,70.31,16.31,0.725,BGR
BGR,1998,both,80,5.71,85.71,70.87,15.07,0.7340000000000001,BGR
BGR,1999,both,80,6.06,86.06,71.56,15.25,0.7476,BGR
BGR,2000,both,80,5.89,85.89,71.58,13.61,0.7476,BGR
BGR,2001,both,80,6.05,86.05,71.88,14.1,0.7504000000000001,BGR
BGR,2002,both,80,6.03,86.03,72.13,13.43,0.7559999999999999,BGR
BGR,2003,both,80,6.13,86.13,72.37,12.36,0.7595999999999999,BGR
BGR,2004,both,80,6.27,86.27,72.58,11.89,0.7594,BGR
BGR,2005,both,80,6.27,86.27,72.56,10.51,0.7581,BGR
BGR,2006,both,80,6.29,86.29,72.69,10.0,0.7595000000000001,BGR
BGR,2007,both,80,6.29,86.29,73.01,9.33,0.7659999999999999,BGR
BGR,2008,both,80,6.42,86.42,73.34,8.8,0.7706999999999999,BGR
BGR,2009,both,80,6.64,86.64,73.68,9.27,0.774,BGR
BGR,2010,both,80,6.52,86.52,73.81,9.13,0.7789,BGR
BGR,2011,both,80,6.66,86.66,74.16,8.29,0.7818,BGR
BGR,2012,both,80,6.64,86.64,74.33,7.85,0.7864,BGR
BGR,2013,both,80,6.97,86.97,74.82,7.47,0.7920999999999999,BGR
BGR,2014,both,80,6.84,86.84,74.47,7.68,0.7825,BGR
BGR,2015,both,80,6.78,86.78,74.62,6.49,0.7866,BGR
BGR,2016,both,80,7.04,87.04,74.83,6.49,0.7848999999999999,BGR
BGR,2017,both,80,6.94,86.94,74.8,6.3,0.7878000000000001,BGR
BGR,2018,both,80,7.1,87.1,74.93,5.65,0.7876000000000001,BGR
BGR,2019,both,80,7.16,87.16,75.09,5.52,0.7908,BGR
BGR,2020,both,80,6.74,86.74,73.6,4.96,0.7626000000000001,BGR
BGR,2021,both,80,6.02,86.02,71.41,5.55,0.7234999999999999,BGR
BLR,1959,both,80,7.15,87.15,69.06,47.24,0.7195999999999999,BLR
BLR,1960,both,80,8.2,88.2,71.85,34.77,0.7534000000000001,BLR
BLR,1961,both,80,8.12,88.12,72.58,29.89,0.7626999999999999,BLR
BLR,1962,both,80,7.04,87.04,71.32,30.57,0.7498999999999999,BLR
BLR,1963,both,80,7.74,87.74,71.99,31.34,0.7578,BLR
BLR,1964,both,80,8.31,88.31,73.53,24.76,0.7746,BLR
BLR,1965,both,80,7.95,87.95,73.04,22.71,0.7719,BLR
BLR,1966,both,80,8.22,88.22,73.38,22.1,0.7745000000000001,BLR
BLR,1967,both,80,8.01,88.01,73.16,20.43,0.7706999999999999,BLR
BLR,1968,both,80,8.04,88.03999999999999,73.26,19.73,0.7712,BLR
BLR,1969,both,80,7.82,87.82,72.9,18.76,0.7676000000000001,BLR
BLR,1970,both,80,7.88,87.88,72.36,19.21,0.7570999999999999,BLR
BLR,1971,both,80,8.12,88.12,73.02,16.49,0.7648999999999999,BLR
BLR,1972,both,80,7.95,87.95,72.73,16.22,0.7605,BLR
BLR,1973,both,80,7.79,87.79,72.75,16.52,0.7628,BLR
BLR,1974,both,80,8.25,88.25,73.07,16.66,0.7612000000000001,BLR
BLR,1975,both,80,7.79,87.79,72.11,18.61,0.7487999999999999,BLR
BLR,1976,both,80,7.72,87.72,71.97,17.97,0.7436,BLR
BLR,1977,both,80,7.7,87.7,71.91,17.21,0.7412000000000001,BLR
BLR,1978,both,80,7.7,87.7,71.75,17.6,0.7354,BLR
BLR,1979,both,80,7.55,87.55,71.35,16.65,0.7306999999999999,BLR
BLR,1980,both,80,7.09,87.09,71.1,16.2,0.7269,BLR
BLR,1981,both,80,7.49,87.49,71.38,16.48,0.7273999999999999,BLR
BLR,1982,both,80,7.67,87.67,71.51,15.72,0.7268000000000001,BLR
BLR,1983,both,80,7.39,87.39,71.33,15.06,0.7240000000000001,BLR
BLR,1984,both,80,7.04,87.04,70.72,15.01,0.711,BLR
BLR,1985,both,80,6.77,86.77,70.97,14.16,0.7238,BLR
BLR,1986,both,80,7.24,87.24,72.31,13.65,0.7484999999999999,BLR
BLR,1987,both,80,7.17,87.17,72.19,13.28,0.7448999999999999,BLR
BLR,1988,both,80,7.02,87.02,71.97,12.72,0.741,BLR
BLR,1989,both,80,7.27,87.27,71.76,11.41,0.728,BLR
BLR,1990,both,80,6.92,86.92,71.21,11.54,0.7193,BLR
BLR,1991,both,80,6.79,86.79,70.62,11.96,0.708,BLR
BLR,1992,both,80,6.94,86.94,70.21,12.17,0.6945,BLR
BLR,1993,both,80,6.45,86.45,69.11,12.13,0.6693000000000001,BLR
BLR,1994,both,80,6.38,86.38,68.87,12.98,0.6654000000000001,BLR
BLR,1995,both,80,6.3,86.3,68.43,12.96,0.6517000000000001,BLR
BLR,1996,both,80,6.35,86.35,68.6,12.38,0.6548999999999999,BLR
BLR,1997,both,80,6.32,86.32,68.41,12.0,0.6513,BLR
BLR,1998,both,80,6.38,86.38,68.3,11.5,0.647,BLR
BLR,1999,both,80,6.11,86.11,67.91,11.4,0.6406999999999999,BLR
BLR,2000,both,80,6.49,86.49,68.89,9.42,0.6609,BLR
BLR,2001,both,80,6.42,86.42,68.46,9.01,0.6475,BLR
BLR,2002,both,80,6.26,86.26,67.95,7.75,0.6329,BLR
BLR,2003,both,80,6.38,86.38,68.47,7.71,0.6437,BLR
BLR,2004,both,80,6.47,86.47,68.89,6.95,0.6515000000000001,BLR
BLR,2005,both,80,6.51,86.51,68.7,7.17,0.6462,BLR
BLR,2006,both,80,6.62,86.62,69.32,6.35,0.6612,BLR
BLR,2007,both,80,6.76,86.76,70.22,5.36,0.6819,BLR
BLR,2008,both,80,6.77,86.77,70.4,4.62,0.6816,BLR
BLR,2009,both,80,6.8,86.8,70.45,4.7,0.6842,BLR
BLR,2010,both,80,6.74,86.74,70.45,3.96,0.6831,BLR
BLR,2011,both,80,6.99,86.99,70.65,3.91,0.6801,BLR
BLR,2012,both,80,7.02,87.02,72.19,3.42,0.7234999999999999,BLR
BLR,2013,both,80,7.03,87.03,72.65,3.45,0.7341,BLR
BLR,2014,both,80,7.24,87.24,73.24,3.43,0.7456,BLR
BLR,2015,both,80,7.23,87.23,73.88,2.97,0.7595000000000001,BLR
BLR,2016,both,80,7.25,87.25,74.15,3.1,0.767,BLR
BLR,2017,both,80,7.3,87.3,74.42,3.01,0.7720999999999999,BLR
BLR,2018,both,80,7.39,87.39,74.48,2.41,0.7698,BLR
CAN,1921,both,80,6.37,86.37,57.1,112.69,0.5529,Canada
CAN,1922,both,80,6.14,86.14,57.08,112.98,0.5543,Canada
CAN,1923,both,80,5.88,85.88,56.96,109.8,0.551,Canada
CAN,1924,both,80,6.25,86.25,58.75,100.48,0.5767,Canada
CAN,1925,both,80,6.2,86.2,59.26,97.65,0.5849,Canada
CAN,1926,both,80,5.84,85.84,57.95,103.13,0.5685,Canada
CAN,1927,both,80,6.16,86.16,58.61,97.59,0.5729,Canada
CAN,1928,both,80,5.85,85.85,58.55,94.73,0.5684,Canada
CAN,1929,both,80,5.74,85.74,57.94,98.15,0.562,Canada
CAN,1930,both,80,6.06,86.06,58.96,98.97,0.5774,Canada
CAN,1931,both,80,6.33,86.33,60.27,94.27,0.5934,Canada
CAN,1932,both,80,5.91,85.91,61.34,80.2,0.6072,Canada
CAN,1933,both,80,6.08,86.08,62.28,75.39,0.6187,Canada
CAN,1934,both,80,6.3,86.3,62.62,74.13,0.6207,Canada
CAN,1935,both,80,6.16,86.16,62.4,72.5,0.6184000000000001,Canada
CAN,1936,both,80,6.13,86.13,62.65,68.36,0.6197,Canada
CAN,1937,both,80,6.02,86.02,61.27,80.22,0.6032,Canada
CAN,1938,both,80,6.29,86.29,63.24,69.98,0.6322,Canada
CAN,1939,both,80,6.02,86.02,63.7,65.53,0.6386999999999999,Canada
CAN,1940,both,80,5.98,85.98,63.91,64.04,0.6409,Canada
CAN,1941,both,80,5.98,85.98,63.74,65.35,0.6391,Canada
CAN,1942,both,80,6.2,86.2,64.61,59.39,0.6493000000000001,Canada
CAN,1943,both,80,5.85,85.85,64.57,57.4,0.6498999999999999,Canada
CAN,1944,both,80,6.18,86.18,65.28,56.2,0.6611,Canada
CAN,1945,both,80,6.39,86.39,66.26,51.36,0.6729,Canada
CAN,1946,both,80,6.4,86.4,66.41,51.88,0.6766,Canada
CAN,1947,both,80,6.36,86.36,66.79,50.22,0.6801,Canada
CAN,1948,both,80,6.28,86.28,67.25,45.61,0.6848000000000001,Canada
CAN,1949,both,80,6.27,86.27,67.59,43.93,0.6912,Canada
CAN,1950,both,80,6.31,86.31,68.21,41.58,0.701,Canada
CAN,1951,both,80,6.29,86.29,68.51,38.39,0.7047,Canada
CAN,1952,both,80,6.55,86.55,68.68,39.87,0.7056,Canada
CAN,1953,both,80,6.53,86.53,69.07,37.94,0.713,Canada
CAN,1954,both,80,6.72,86.72,69.94,34.98,0.7264,Canada
CAN,1955,both,80,6.61,86.61,70.0,34.43,0.7306,Canada
CAN,1956,both,80,6.59,86.59,69.97,35.08,0.7295,Canada
CAN,1957,both,80,6.64,86.64,69.92,33.48,0.7248,Canada
CAN,1958,both,80,6.74,86.74,70.57,31.3,0.7358,Canada
CAN,1959,both,80,6.62,86.62,70.61,29.14,0.7384000000000001,Canada
CAN,1960,both,80,6.77,86.77,70.98,27.74,0.7419,Canada
CAN,1961,both,80,6.83,86.83,71.22,27.13,0.7467,Canada
CAN,1962,both,80,6.83,86.83,71.24,27.31,0.7461,Canada
CAN,1963,both,80,6.73,86.73,71.27,25.98,0.7464,Canada
CAN,1964,both,80,7.0,87.0,71.64,24.39,0.7484999999999999,Canada
CAN,1965,both,80,6.89,86.89,71.75,22.5,0.7515000000000001,Canada
CAN,1966,both,80,6.97,86.97,71.87,22.13,0.7523000000000001,Canada
CAN,1967,both,80,7.13,87.13,72.09,21.33,0.7537999999999999,Canada
CAN,1968,both,80,7.05,87.05,72.24,20.52,0.7587,Canada
CAN,1969,both,80,7.19,87.19,72.4,19.58,0.7598999999999999,Canada
CAN,1970,both,80,7.32,87.32,72.61,19.12,0.7620999999999999,Canada
CAN,1971,both,80,7.28,87.28,72.95,17.33,0.7679,Canada
CAN,1972,both,80,7.29,87.29,72.83,16.89,0.7661,Canada
CAN,1973,both,80,7.32,87.32,73.07,15.36,0.7676000000000001,Canada
CAN,1974,both,80,7.33,87.33,73.15,15.07,0.7702,Canada
CAN,1975,both,80,7.5,87.5,73.45,14.39,0.7742,Canada
CAN,1976,both,80,7.54,87.54,73.87,13.04,0.7809,Canada
CAN,1977,both,80,7.79,87.79,74.16,12.6,0.7829,Canada
CAN,1978,both,80,7.87,87.87,74.48,12.0,0.7879,Canada
CAN,1979,both,80,8.04,88.03999999999999,74.84,11.04,0.7931,Canada
CAN,1980,both,80,7.99,87.99,75.07,10.58,0.7998000000000001,Canada
CAN,1981,both,80,8.1,88.1,75.48,9.63,0.8049,Canada
CAN,1982,both,80,8.05,88.05,75.69,9.24,0.8108,Canada
CAN,1983,both,80,8.19,88.19,76.07,8.57,0.8173999999999999,Canada
CAN,1984,both,80,8.24,88.24,76.36,8.21,0.8209000000000001,Canada
CAN,1985,both,80,8.13,88.13,76.35,7.98,0.8226,Canada
CAN,1986,both,80,8.13,88.13,76.49,7.88,0.8254,Canada
CAN,1987,both,80,8.26,88.26,76.8,7.27,0.8289,Canada
CAN,1988,both,80,8.15,88.15,76.86,7.24,0.8318000000000001,Canada
CAN,1989,both,80,8.27,88.27,77.12,7.22,0.8349,Canada
CAN,1990,both,80,8.35,88.35,77.43,6.85,0.8392000000000001,Canada
CAN,1991,both,80,8.37,88.37,77.59,6.33,0.8423999999999999,Canada
CAN,1992,both,80,8.48,88.48,77.85,6.01,0.8443,Canada
CAN,1993,both,80,8.34,88.34,77.72,6.2,0.8456999999999999,Canada
CAN,1994,both,80,8.38,88.38,77.9,6.23,0.8479000000000001,Canada
CAN,1995,both,80,8.37,88.37,78.02,6.04,0.851,Canada
CAN,1996,both,80,8.41,88.41,78.27,5.47,0.8553000000000001,Canada
CAN,1997,both,80,8.37,88.37,78.47,5.35,0.8593999999999999,Canada
CAN,1998,both,80,8.4,88.4,78.68,5.21,0.8637,Canada
CAN,1999,both,80,8.46,88.46000000000001,78.88,5.21,0.8659,Canada
CAN,2000,both,80,8.64,88.64,79.23,5.11,0.8684999999999999,Canada
CAN,2001,both,80,8.72,88.72,79.45,5.26,0.8714,Canada
CAN,2002,both,80,8.76,88.76,79.57,5.35,0.8724,Canada
CAN,2003,both,80,8.84,88.84,79.74,5.31,0.8737999999999999,Canada
CAN,2004,both,80,8.96,88.96000000000001,80.03,5.24,0.8768,Canada
CAN,2005,both,80,9.01,89.01,80.13,5.44,0.878,Canada
CAN,2006,both,80,9.23,89.23,80.54,5.09,0.8815999999999999,Canada
CAN,2007,both,80,9.2,89.2,80.54,5.21,0.8822,Canada
CAN,2008,both,80,9.26,89.26,80.73,5.12,0.8835999999999999,Canada
CAN,2009,both,80,9.42,89.42,81.06,4.94,0.8867,Canada
CAN,2010,both,80,9.52,89.52,81.33,5.02,0.8896999999999999,Canada
CAN,2011,both,80,9.6,89.6,81.5,4.88,0.8917,Canada
CAN,2012,both,80,9.7,89.7,81.69,4.79,0.8924,Canada
CAN,2013,both,80,9.75,89.75,81.77,4.92,0.8935,Canada
CAN,2014,both,80,9.78,89.78,81.82,4.68,0.8933,Canada
CAN,2015,both,80,9.82,89.82,81.89,4.53,0.8939,Canada
CAN,2016,both,80,10.03,90.03,82.01,4.53,0.8931999999999999,Canada
CAN,2017,both,80,9.92,89.92,81.88,4.54,0.8919,Canada
CAN,2018,both,80,9.92,89.92,81.89,4.76,0.8919,Canada
CAN,2019,both,80,10.09,90.09,82.25,4.43,0.8959,Canada
CAN,2020,both,80,9.85,89.85,81.61,4.45,0.8862000000000001,Canada
CAN,2021,both,80,10.1,90.1,81.53,4.47,0.8815999999999999,Canada
CAN,2022,both,80,9.72,89.72,81.19,4.7,0.8818,Canada
CAN,2023,both,80,10.09,90.09,81.75,4.58,0.8856,Canada
CHE,1876,both,80,4.1,84.1,40.19,215.9,0.2846,Switzerland
CHE,1877,both,80,4.46,84.46,39.99,209.78,0.3006,Switzerland
CHE,1878,both,80,4.0,84.0,40.57,205.93,0.3046999999999999,Switzerland
CHE,1879,both,80,4.05,84.05,41.83,198.15,0.31,Switzerland
CHE,1880,both,80,4.09,84.09,42.47,187.04,0.3234,Switzerland
CHE,1881,both,80,4.3,84.3,41.94,187.21,0.3197,Switzerland
CHE,1882,both,80,4.07,84.07,43.02,170.79,0.3228,Switzerland
CHE,1883,both,80,4.23,84.23,45.02,164.46,0.3457,Switzerland
CHE,1884,both,80,4.49,84.49,45.07,161.08,0.3497999999999999,Switzerland
CHE,1885,both,80,4.23,84.23,43.92,169.23,0.3324,Switzerland
CHE,1886,both,80,4.26,84.26,44.75,164.35,0.3414999999999999,Switzerland
CHE,1887,both,80,4.18,84.18,45.46,165.04,0.3519,Switzerland
CHE,1888,both,80,4.19,84.19,46.0,154.49,0.3553,Switzerland
CHE,1889,both,80,4.19,84.19,45.18,157.72,0.3522,Switzerland
CHE,1890,both,80,3.99,83.99,45.01,153.13,0.3363,Switzerland
CHE,1891,both,80,4.11,84.11,44.81,164.57,0.352,Switzerland
CHE,1892,both,80,4.36,84.36,47.2,149.65,0.3759,Switzerland
CHE,1893,both,80,4.0,84.0,46.08,151.9,0.3572999999999999,Switzerland
CHE,1894,both,80,4.0,84.0,45.85,150.34,0.3566,Switzerland
CHE,1895,both,80,4.17,84.17,46.93,158.08,0.3704,Switzerland
CHE,1896,both,80,4.44,84.44,48.87,136.17,0.3947,Switzerland
CHE,1897,both,80,4.5,84.5,49.1,141.62,0.4035,Switzerland
CHE,1898,both,80,4.51,84.51,48.26,153.36,0.3962,Switzerland
CHE,1899,both,80,4.56,84.56,49.31,139.93,0.4058,Switzerland
CHE,1900,both,80,4.19,84.19,47.59,148.23,0.3785,Switzerland
CHE,1901,both,80,4.57,84.57,48.97,139.19,0.3992,Switzerland
CHE,1902,both,80,4.47,84.47,50.44,131.01,0.4201,Switzerland
CHE,1903,both,80,4.46,84.46,50.08,130.93,0.4093,Switzerland
CHE,1904,both,80,4.53,84.53,49.23,138.84,0.406,Switzerland
CHE,1905,both,80,4.25,84.25,49.69,128.9,0.4027,Switzerland
CHE,1906,both,80,4.48,84.48,50.75,126.54,0.4235,Switzerland
CHE,1907,both,80,4.44,84.44,51.19,119.94,0.4261999999999999,Switzerland
CHE,1908,both,80,4.43,84.43,52.29,109.24,0.4359,Switzerland
CHE,1909,both,80,4.38,84.38,51.65,114.78,0.4313,Switzerland
CHE,1910,both,80,4.53,84.53,52.93,106.08,0.4522,Switzerland
CHE,1911,both,80,4.35,84.35,51.77,120.51,0.439,Switzerland
CHE,1912,both,80,4.74,84.74,54.4,95.69,0.4724,Switzerland
CHE,1913,both,80,4.57,84.57,54.23,94.81,0.4688,Switzerland
CHE,1914,both,80,4.62,84.62,55.11,91.35,0.4836,Switzerland
CHE,1915,both,80,4.66,84.66,55.91,85.33,0.4966,Switzerland
CHE,1916,both,80,4.67,84.67,56.52,79.18,0.5043,Switzerland
CHE,1917,both,80,4.47,84.47,55.77,78.06,0.4877,Switzerland
CHE,1918,both,80,4.55,84.55,46.3,88.92,0.3390999999999999,Switzerland
CHE,1919,both,80,4.45,84.45,54.83,84.09,0.4818,Switzerland
CHE,1920,both,80,4.49,84.49,54.5,85.24,0.4750999999999999,Switzerland
CHE,1921,both,80,4.81,84.81,57.77,74.41,0.5278,Switzerland
CHE,1922,both,80,4.44,84.44,58.48,67.27,0.5356000000000001,Switzerland
CHE,1923,both,80,5.06,85.06,59.98,60.49,0.5568,Switzerland
CHE,1924,both,80,4.7,84.7,59.47,60.81,0.5418999999999999,Switzerland
CHE,1925,both,80,4.79,84.79,59.91,58.0,0.5561,Switzerland
CHE,1926,both,80,5.01,85.01,60.59,56.08,0.568,Switzerland
CHE,1927,both,80,4.65,84.65,60.09,54.79,0.5585,Switzerland
CHE,1928,both,80,4.93,84.93,60.43,53.33,0.5685,Switzerland
CHE,1929,both,80,4.64,84.64,60.14,51.85,0.5566,Switzerland
CHE,1930,both,80,5.11,85.11,61.4,51.03,0.5801,Switzerland
CHE,1931,both,80,4.71,84.71,61.23,48.23,0.5769,Switzerland
CHE,1932,both,80,4.72,84.72,61.2,50.68,0.5791,Switzerland
CHE,1933,both,80,5.06,85.06,62.37,47.32,0.5986,Switzerland
CHE,1934,both,80,5.13,85.13,62.83,45.66,0.6074,Switzerland
CHE,1935,both,80,4.77,84.77,62.13,46.81,0.5982,Switzerland
CHE,1936,both,80,5.2,85.2,63.14,46.06,0.6144,Switzerland
CHE,1937,both,80,5.2,85.2,63.48,45.74,0.6259,Switzerland
CHE,1938,both,80,4.97,84.97,63.83,42.73,0.6297999999999999,Switzerland
CHE,1939,both,80,4.86,84.86,63.98,42.34,0.6297999999999999,Switzerland
CHE,1940,both,80,4.85,84.85,63.54,46.03,0.6318,Switzerland
CHE,1941,both,80,5.28,85.28,64.91,43.96,0.6507999999999999,Switzerland
CHE,1942,both,80,5.3,85.3,65.63,39.58,0.6648999999999999,Switzerland
CHE,1943,both,80,5.38,85.38,65.82,40.24,0.6689,Switzerland
CHE,1944,both,80,4.89,84.89,64.86,42.27,0.6527,Switzerland
CHE,1945,both,80,5.15,85.15,65.38,41.22,0.6628000000000001,Switzerland
CHE,1946,both,80,5.33,85.33,66.06,39.01,0.6740999999999999,Switzerland
CHE,1947,both,80,5.13,85.13,66.23,38.87,0.6790999999999999,Switzerland
CHE,1948,both,80,5.53,85.53,67.31,35.79,0.6933,Switzerland
CHE,1949,both,80,5.39,85.39,67.95,33.73,0.7071,Switzerland
CHE,1950,both,80,5.66,85.66,68.91,31.05,0.7188,Switzerland
CHE,1951,both,80,5.42,85.42,68.69,29.3,0.7181000000000001,Switzerland
CHE,1952,both,80,5.69,85.69,69.59,29.1,0.7336,Switzerland
CHE,1953,both,80,5.48,85.48,69.52,28.99,0.7340000000000001,Switzerland
CHE,1954,both,80,5.67,85.67,69.98,26.77,0.7402,Switzerland
CHE,1955,both,80,5.6,85.6,70.07,26.0,0.7424,Switzerland
CHE,1956,both,80,5.49,85.49,70.2,25.42,0.746,Switzerland
CHE,1957,both,80,5.79,85.79,70.54,22.74,0.7484999999999999,Switzerland
CHE,1958,both,80,5.99,85.99,71.29,21.78,0.7606,Switzerland
CHE,1959,both,80,5.9,85.9,71.45,21.88,0.763,Switzerland
CHE,1960,both,80,5.78,85.78,71.41,21.19,0.7642,Switzerland
CHE,1961,both,80,6.2,86.2,71.74,21.52,0.7652,Switzerland
CHE,1962,both,80,5.78,85.78,71.3,21.72,0.7620999999999999,Switzerland
CHE,1963,both,80,5.68,85.68,71.29,20.91,0.7631,Switzerland
CHE,1964,both,80,6.17,86.17,72.18,19.42,0.7741,Switzerland
CHE,1965,both,80,6.02,86.02,72.32,17.7,0.7792,Switzerland
CHE,1966,both,80,6.06,86.06,72.45,16.96,0.7817000000000001,Switzerland
CHE,1967,both,80,6.25,86.25,72.74,17.49,0.7855,Switzerland
CHE,1968,both,80,6.04,86.04,72.7,16.14,0.7851,Switzerland
CHE,1969,both,80,6.27,86.27,72.72,15.58,0.7844,Switzerland
CHE,1970,both,80,6.32,86.32,73.12,15.33,0.7907,Switzerland
CHE,1971,both,80,6.32,86.32,73.24,14.22,0.7922,Switzerland
CHE,1972,both,80,6.58,86.58,73.76,13.03,0.7996,Switzerland
CHE,1973,both,80,6.58,86.58,74.06,13.11,0.8049,Switzerland
CHE,1974,both,80,6.69,86.69,74.4,12.54,0.8107,Switzerland
CHE,1975,both,80,6.89,86.89,74.79,10.61,0.8146,Switzerland
CHE,1976,both,80,6.79,86.79,74.91,10.81,0.8162999999999999,Switzerland
CHE,1977,both,80,7.16,87.16,75.36,9.79,0.8210999999999999,Switzerland
CHE,1978,both,80,7.01,87.01,75.31,8.58,0.8194,Switzerland
CHE,1979,both,80,7.19,87.19,75.61,8.59,0.8218000000000001,Switzerland
CHE,1980,both,80,7.14,87.14,75.59,9.21,0.8231999999999999,Switzerland
CHE,1981,both,80,7.14,87.14,75.82,7.54,0.8255,Switzerland
CHE,1982,both,80,7.29,87.29,76.16,7.69,0.8303,Switzerland
CHE,1983,both,80,7.22,87.22,76.16,7.48,0.8319,Switzerland
CHE,1984,both,80,7.58,87.58,76.75,7.2,0.8365,Switzerland
CHE,1985,both,80,7.6,87.6,76.88,6.88,0.8406999999999999,Switzerland
CHE,1986,both,80,7.61,87.61,77.04,6.93,0.8437,Switzerland
CHE,1987,both,80,7.85,87.85,77.34,6.91,0.8467,Switzerland
CHE,1988,both,80,7.83,87.83,77.37,7.02,0.8467,Switzerland
CHE,1989,both,80,7.87,87.87,77.56,7.39,0.8495,Switzerland
CHE,1990,both,80,7.7,87.7,77.38,6.95,0.8488,Switzerland
CHE,1991,both,80,7.94,87.94,77.65,6.34,0.85,Switzerland
CHE,1992,both,80,8.06,88.06,77.95,6.43,0.8532,Switzerland
CHE,1993,both,80,8.12,88.12,78.24,5.48,0.8587,Switzerland
CHE,1994,both,80,8.23,88.23,78.5,5.16,0.8611,Switzerland
CHE,1995,both,80,8.19,88.19,78.57,5.06,0.8613,Switzerland
CHE,1996,both,80,8.22,88.22,79.05,4.73,0.8703,Switzerland
CHE,1997,both,80,8.26,88.26,79.23,4.73,0.8718,Switzerland
CHE,1998,both,80,8.34,88.34,79.48,4.76,0.8740000000000001,Switzerland
CHE,1999,both,80,8.36,88.36,79.73,4.61,0.8787,Switzerland
CHE,2000,both,80,8.43,88.43,79.84,4.93,0.8781,Switzerland
CHE,2001,both,80,8.62,88.62,80.25,4.86,0.8837,Switzerland
CHE,2002,both,80,8.63,88.63,80.44,4.54,0.8854000000000001,Switzerland
CHE,2003,both,80,8.53,88.53,80.53,4.28,0.8883,Switzerland
CHE,2004,both,80,8.9,88.9,81.05,4.31,0.8926000000000001,Switzerland
CHE,2005,both,80,8.85,88.85,81.23,4.24,0.895,Switzerland
CHE,2006,both,80,9.07,89.07,81.55,4.43,0.898,Switzerland
CHE,2007,both,80,9.08,89.08,81.7,4.01,0.8989,Switzerland
CHE,2008,both,80,9.15,89.15,81.97,4.05,0.9025,Switzerland
CHE,2009,both,80,9.16,89.16,81.99,4.38,0.9039,Switzerland
CHE,2010,both,80,9.25,89.25,82.29,3.91,0.9066,Switzerland
CHE,2011,both,80,9.44,89.44,82.57,3.85,0.9104,Switzerland
CHE,2012,both,80,9.35,89.35,82.62,3.79,0.9105,Switzerland
CHE,2013,both,80,9.35,89.35,82.69,3.95,0.912,Switzerland
CHE,2014,both,80,9.59,89.59,83.08,4.05,0.9165,Switzerland
CHE,2015,both,80,9.41,89.41,82.84,4.0,0.9156,Switzerland
CHE,2016,both,80,9.73,89.73,83.45,3.56,0.9204,Switzerland
CHE,2017,both,80,9.69,89.69,83.41,3.6,0.9211,Switzerland
CHE,2018,both,80,9.82,89.82,83.57,3.33,0.9213,Switzerland
CHE,2019,both,80,9.91,89.91,83.78,3.3,0.9255,Switzerland
CHE,2020,both,80,9.29,89.28999999999999,83.06,3.69,0.9231,Switzerland
CHE,2021,both,80,9.92,89.92,83.65,3.24,0.9232,Switzerland
CHE,2022,both,80,9.69,89.69,83.53,3.67,0.9245,Switzerland
CHE,2023,both,80,9.99,89.99,84.06,3.32,0.9296,Switzerland
CHL,1992,both,80,7.75,87.75,74.5,14.87,0.7981999999999999,CHL
CHL,1993,both,80,7.68,87.68,74.56,13.6,0.799,CHL
CHL,1994,both,80,7.99,87.99,75.03,12.6,0.8003,CHL
CHL,1995,both,80,7.97,87.97,74.95,11.46,0.7968999999999999,CHL
CHL,1996,both,80,8.05,88.05,75.24,11.71,0.8038,CHL
CHL,1997,both,80,8.02,88.02,75.82,10.38,0.8144,CHL
CHL,1998,both,80,7.96,87.96,75.94,10.88,0.8181999999999999,CHL
CHL,1999,both,80,7.82,87.82,76.13,10.5,0.8254,CHL
CHL,2000,both,80,8.35,88.35,76.86,9.6,0.8315,CHL
CHL,2001,both,80,8.37,88.37,76.74,9.07,0.8269,CHL
CHL,2002,both,80,8.67,88.67,77.28,8.56,0.8348,CHL
CHL,2003,both,80,8.58,88.58,77.36,8.26,0.8343,CHL
CHL,2004,both,80,8.5,88.5,77.42,8.78,0.8390000000000001,CHL
CHL,2005,both,80,8.67,88.67,77.83,8.3,0.8445999999999999,CHL
CHL,2006,both,80,8.95,88.95,78.26,7.93,0.8482,CHL
CHL,2007,both,80,8.54,88.53999999999999,77.75,8.51,0.8434,CHL
CHL,2008,both,80,9.06,89.06,78.39,8.0,0.8473,CHL
CHL,2009,both,80,9.11,89.11,78.6,8.01,0.8499,CHL
CHL,2010,both,80,8.81,88.81,78.41,7.41,0.8513,CHL
CHL,2011,both,80,9.23,89.23,79.09,7.66,0.857,CHL
CHL,2012,both,80,9.12,89.12,79.13,7.33,0.862,CHL
CHL,2013,both,80,9.32,89.32,79.36,7.01,0.8611,CHL
CHL,2014,both,80,9.37,89.37,79.5,7.43,0.8641,CHL
CHL,2015,both,80,9.5,89.5,79.74,6.78,0.8647,CHL
CHL,2016,both,80,9.63,89.63,80.04,6.94,0.8687999999999999,CHL
CHL,2017,both,80,9.57,89.57,80.23,7.04,0.8723000000000001,CHL
CHL,2018,both,80,9.8,89.8,80.53,6.73,0.8742,CHL
CHL,2019,both,80,9.93,89.93,80.61,6.3,0.8739,CHL
CHL,2020,both,80,9.45,89.45,79.47,5.43,0.8595999999999999,CHL
CHL,2021,both,80,9.18,89.18,78.72,5.68,0.8469,CHL
CHL,2022,both,80,8.93,88.93,79.25,6.09,0.8622,CHL
CHL,2023,both,80,9.87,89.87,80.59,6.33,0.8729,CHL
CZE,1950,both,80,5.21,85.21,64.4,64.87,0.6527,CZE
CZE,1951,both,80,5.12,85.12,65.26,56.51,0.6637000000000001,CZE
CZE,1952,both,80,5.19,85.19,66.86,44.11,0.6881,CZE
CZE,1953,both,80,4.95,84.95,67.55,34.24,0.6981,CZE
CZE,1954,both,80,4.9,84.9,68.05,29.76,0.7053,CZE
CZE,1955,both,80,5.41,85.41,68.98,27.47,0.7170000000000001,CZE
CZE,1956,both,80,5.33,85.33,69.37,25.41,0.7240000000000001,CZE
CZE,1957,both,80,5.17,85.17,69.03,24.58,0.7204,CZE
CZE,1958,both,80,5.4,85.4,69.98,22.72,0.7384000000000001,CZE
CZE,1959,both,80,5.29,85.29,69.9,20.42,0.7343000000000001,CZE
CZE,1960,both,80,5.54,85.54,70.45,19.86,0.7414000000000001,CZE
CZE,1961,both,80,5.55,85.55,70.62,19.49,0.7465999999999999,CZE
CZE,1962,both,80,5.14,85.14,69.89,21.16,0.7362000000000001,CZE
CZE,1963,both,80,5.53,85.53,70.39,20.89,0.7417,CZE
CZE,1964,both,80,5.6,85.6,70.59,19.07,0.7441,CZE
CZE,1965,both,80,5.58,85.58,70.26,23.02,0.7414000000000001,CZE
CZE,1966,both,80,5.67,85.67,70.46,21.63,0.7440000000000001,CZE
CZE,1967,both,80,5.59,85.59,70.35,21.2,0.7406999999999999,CZE
CZE,1968,both,80,5.39,85.39,69.91,21.49,0.7328,CZE
CZE,1969,both,80,5.52,85.52,69.42,22.03,0.7219,CZE
CZE,1970,both,80,5.38,85.38,69.49,20.66,0.7229000000000001,CZE
CZE,1971,both,80,5.51,85.51,69.74,20.53,0.7276,CZE
CZE,1972,both,80,5.61,85.61,70.23,20.32,0.7351000000000001,CZE
CZE,1973,both,80,5.43,85.43,70.09,20.33,0.7352,CZE
CZE,1974,both,80,5.41,85.41,70.18,19.56,0.7363,CZE
CZE,1975,both,80,5.5,85.5,70.49,19.25,0.7419,CZE
CZE,1976,both,80,5.5,85.5,70.6,18.83,0.7434999999999999,CZE
CZE,1977,both,80,5.52,85.52,70.64,18.44,0.743,CZE
CZE,1978,both,80,5.59,85.59,70.71,16.93,0.7406999999999999,CZE
CZE,1979,both,80,5.59,85.59,70.82,15.51,0.7395999999999999,CZE
CZE,1980,both,80,5.31,85.31,70.34,15.79,0.7329000000000001,CZE
CZE,1981,both,80,5.53,85.53,70.77,14.96,0.737,CZE
CZE,1982,both,80,5.53,85.53,70.88,14.85,0.74,CZE
CZE,1983,both,80,5.44,85.44,70.64,14.32,0.7339,CZE
CZE,1984,both,80,5.53,85.53,70.9,14.02,0.7354,CZE
CZE,1985,both,80,5.56,85.56,71.1,12.43,0.7395999999999999,CZE
CZE,1986,both,80,5.54,85.54,71.05,12.19,0.7397,CZE
CZE,1987,both,80,5.75,85.75,71.51,11.88,0.7468,CZE
CZE,1988,both,80,5.88,85.88,71.71,11.16,0.7492,CZE
CZE,1989,both,80,5.76,85.76,71.76,9.79,0.7508,CZE
CZE,1990,both,80,5.86,85.86,71.41,11.02,0.7406,CZE
CZE,1991,both,80,5.96,85.96,71.97,10.19,0.7526999999999999,CZE
CZE,1992,both,80,6.19,86.19,72.33,9.7,0.7567,CZE
CZE,1993,both,80,6.21,86.21,72.85,8.45,0.769,CZE
CZE,1994,both,80,6.23,86.23,73.08,7.37,0.7731999999999999,CZE
CZE,1995,both,80,6.22,86.22,73.18,7.4,0.7759,CZE
CZE,1996,both,80,6.51,86.51,73.84,5.87,0.7847,CZE
CZE,1997,both,80,6.56,86.56,73.95,5.86,0.7862,CZE
CZE,1998,both,80,6.7,86.7,74.55,5.24,0.7979999999999999,CZE
CZE,1999,both,80,6.66,86.66,74.74,4.59,0.8001999999999999,CZE
CZE,2000,both,80,6.72,86.72,74.98,4.17,0.8045,CZE
CZE,2001,both,80,6.84,86.84,75.31,4.01,0.8105,CZE
CZE,2002,both,80,6.84,86.84,75.44,4.2,0.8128,CZE
CZE,2003,both,80,6.73,86.73,75.4,3.92,0.8115000000000001,CZE
CZE,2004,both,80,6.98,86.98,75.94,3.83,0.8193,CZE
CZE,2005,both,80,7.01,87.01,76.16,3.46,0.8227,CZE
CZE,2006,both,80,7.24,87.24,76.71,3.39,0.8286,CZE
CZE,2007,both,80,7.38,87.38,76.92,3.26,0.8311,CZE
CZE,2008,both,80,7.46,87.46,77.17,2.85,0.8331999999999999,CZE
CZE,2009,both,80,7.4,87.4,77.26,2.85,0.8377,CZE
CZE,2010,both,80,7.54,87.54,77.56,2.61,0.8414,CZE
CZE,2011,both,80,7.67,87.67,77.81,2.6,0.8454,CZE
CZE,2012,both,80,7.69,87.69,78.0,2.64,0.8493999999999999,CZE
CZE,2013,both,80,7.75,87.75,78.17,2.46,0.8536,CZE
CZE,2014,both,80,8.03,88.03,78.74,2.42,0.8613,CZE
CZE,2015,both,80,7.81,87.81,78.56,2.45,0.8619,CZE
CZE,2016,both,80,8.16,88.16,78.97,2.84,0.8659,CZE
CZE,2017,both,80,8.05,88.05,78.93,2.68,0.8654999999999999,CZE
CZE,2018,both,80,8.13,88.13,78.96,2.55,0.8658,CZE
CZE,2019,both,80,8.26,88.26,79.19,2.55,0.8678,CZE
CZE,2020,both,80,7.54,87.54,78.24,2.25,0.8621,CZE
CZE,2021,both,80,7.51,87.51,77.24,2.22,0.843,CZE
DNK,1835,both,80,5.42,85.42,38.42,184.85,0.2852,Denmark
DNK,1836,both,80,5.06,85.06,40.03,187.08,0.2959,Denmark
DNK,1837,both,80,4.65,84.65,41.53,173.79,0.3006,Denmark
DNK,1838,both,80,5.08,85.08,43.14,163.33,0.3215999999999999,Denmark
DNK,1839,both,80,5.13,85.13,41.91,176.6,0.322,Denmark
DNK,1840,both,80,5.05,85.05,41.1,182.64,0.3172,Denmark
DNK,1841,both,80,5.0,85.0,42.67,182.98,0.3328,Denmark
DNK,1842,both,80,4.94,84.94,42.54,182.35,0.3258,Denmark
DNK,1843,both,80,5.33,85.33,43.91,171.33,0.3364,Denmark
DNK,1844,both,80,5.0,85.0,44.08,171.31,0.3419,Denmark
DNK,1845,both,80,5.2,85.2,43.4,177.76,0.3447,Denmark
DNK,1846,both,80,5.04,85.04,40.44,205.75,0.3167,Denmark
DNK,1847,both,80,4.83,84.83,40.47,194.62,0.3122,Denmark
DNK,1848,both,80,5.08,85.08,40.82,185.97,0.3201,Denmark
DNK,1849,both,80,4.87,84.87,39.57,185.09,0.2923,Denmark
DNK,1850,both,80,5.34,85.34,43.52,172.45,0.3486999999999999,Denmark
DNK,1851,both,80,5.26,85.26,44.53,175.33,0.361,Denmark
DNK,1852,both,80,5.01,85.01,43.05,187.42,0.3475999999999999,Denmark
DNK,1853,both,80,4.58,84.58,38.57,191.84,0.2594,Denmark
DNK,1854,both,80,5.17,85.17,44.71,167.12,0.3681,Denmark
DNK,1855,both,80,4.29,84.29,46.15,124.96,0.3652,Denmark
DNK,1856,both,80,5.12,85.12,46.76,123.44,0.386,Denmark
DNK,1857,both,80,4.9,84.9,42.48,147.09,0.3379,Denmark
DNK,1858,both,80,5.11,85.11,40.02,141.81,0.3145,Denmark
DNK,1859,both,80,5.23,85.23,44.4,133.09,0.3624,Denmark
DNK,1860,both,80,4.76,84.76,45.08,133.25,0.3638,Denmark
DNK,1861,both,80,4.9,84.9,47.62,124.86,0.3959,Denmark
DNK,1862,both,80,4.92,84.92,47.59,128.74,0.3947,Denmark
DNK,1863,both,80,5.13,85.13,47.55,125.19,0.3989999999999999,Denmark
DNK,1864,both,80,4.86,84.86,40.2,150.2,0.307,Denmark
DNK,1865,both,80,5.0,85.0,39.8,146.35,0.3145,Denmark
DNK,1866,both,80,5.48,85.48,42.9,127.58,0.3558,Denmark
DNK,1867,both,80,4.7,84.7,44.92,129.69,0.3779999999999999,Denmark
DNK,1868,both,80,5.37,85.37,45.64,144.39,0.3829999999999999,Denmark
DNK,1869,both,80,5.16,85.16,46.1,124.32,0.3858,Denmark
DNK,1870,both,80,5.24,85.24,46.0,135.09,0.3824,Denmark
DNK,1871,both,80,5.07,85.07,46.08,128.82,0.3768999999999999,Denmark
DNK,1872,both,80,5.4,85.4,47.44,130.61,0.3917,Denmark
DNK,1873,both,80,5.23,85.23,47.5,126.45,0.3926,Denmark
DNK,1874,both,80,4.89,84.89,46.04,143.29,0.3751,Denmark
DNK,1875,both,80,4.68,84.68,44.48,154.62,0.3606,Denmark
DNK,1876,both,80,5.05,85.05,45.85,144.57,0.3851,Denmark
DNK,1877,both,80,5.31,85.31,47.36,129.27,0.405,Denmark
DNK,1878,both,80,5.41,85.41,47.57,135.67,0.4159,Denmark
DNK,1879,both,80,5.01,85.01,46.25,133.95,0.3878,Denmark
DNK,1880,both,80,5.1,85.1,44.79,152.91,0.38,Denmark
DNK,1881,both,80,5.11,85.11,48.28,123.02,0.4145,Denmark
DNK,1882,both,80,5.31,85.31,46.7,148.81,0.4086999999999999,Denmark
DNK,1883,both,80,5.1,85.1,48.51,136.65,0.4165999999999999,Denmark
DNK,1884,both,80,5.46,85.46,48.52,139.04,0.4196999999999999,Denmark
DNK,1885,both,80,5.19,85.19,49.62,120.65,0.4336,Denmark
DNK,1886,both,80,5.38,85.38,48.97,134.26,0.4253,Denmark
DNK,1887,both,80,5.4,85.4,48.67,129.7,0.4299,Denmark
DNK,1888,both,80,4.91,84.91,46.69,137.26,0.4073,Denmark
DNK,1889,both,80,5.4,85.4,47.81,142.27,0.4160999999999999,Denmark
DNK,1890,both,80,5.12,85.12,47.27,134.67,0.4086,Denmark
DNK,1891,both,80,4.47,84.47,46.78,134.93,0.3987,Denmark
DNK,1892,both,80,4.58,84.58,47.4,135.83,0.4122,Denmark
DNK,1893,both,80,5.19,85.19,47.08,150.22,0.4128,Denmark
DNK,1894,both,80,5.33,85.33,49.38,133.36,0.4448,Denmark
DNK,1895,both,80,5.25,85.25,50.86,135.5,0.4602,Denmark
DNK,1896,both,80,5.35,85.35,52.92,125.97,0.4869,Denmark
DNK,1897,both,80,5.16,85.16,51.8,127.32,0.4685,Denmark
DNK,1898,both,80,5.58,85.58,53.11,123.6,0.4891,Denmark
DNK,1899,both,80,4.95,84.95,50.67,150.53,0.4594,Denmark
DNK,1900,both,80,4.68,84.68,51.9,128.21,0.4667,Denmark
DNK,1901,both,80,5.27,85.27,52.66,133.26,0.4845,Denmark
DNK,1902,both,80,5.37,85.37,54.68,114.19,0.5075999999999999,Denmark
DNK,1903,both,80,5.28,85.28,54.83,113.75,0.5081,Denmark
DNK,1904,both,80,5.45,85.45,55.7,112.55,0.521,Denmark
DNK,1905,both,80,5.18,85.18,54.37,119.58,0.5012,Denmark
DNK,1906,both,80,5.55,85.55,56.47,110.81,0.5338,Denmark
DNK,1907,both,80,5.05,85.05,56.1,107.6,0.5277000000000001,Denmark
DNK,1908,both,80,5.11,85.11,54.96,122.51,0.5169,Denmark
DNK,1909,both,80,5.38,85.38,57.36,98.1,0.5432,Denmark
DNK,1910,both,80,5.49,85.49,58.04,99.74,0.5538000000000001,Denmark
DNK,1911,both,80,5.43,85.43,56.96,103.11,0.5382,Denmark
DNK,1912,both,80,5.23,85.23,58.01,93.27,0.5547,Denmark
DNK,1913,both,80,5.24,85.24,58.88,91.3,0.5694,Denmark
DNK,1914,both,80,5.44,85.44,58.46,97.73,0.56,Denmark
DNK,1915,both,80,4.98,84.98,58.4,92.1,0.5583,Denmark
DNK,1916,both,80,4.94,84.94,56.91,99.96,0.5414,Denmark
DNK,1917,both,80,4.88,84.88,57.25,97.83,0.5489,Denmark
DNK,1918,both,80,6.21,86.21,56.22,75.62,0.5182,Denmark
DNK,1919,both,80,5.42,85.42,56.88,89.64,0.5374,Denmark
DNK,1920,both,80,5.2,85.2,57.71,91.31,0.5553,Denmark
DNK,1921,both,80,5.44,85.44,61.66,76.05,0.6131,Denmark
DNK,1922,both,80,4.95,84.95,60.64,81.61,0.5957,Denmark
DNK,1923,both,80,5.16,85.16,61.15,83.49,0.6102000000000001,Denmark
DNK,1924,both,80,5.32,85.32,61.09,83.81,0.6088,Denmark
DNK,1925,both,80,5.49,85.49,61.91,78.19,0.62,Denmark
DNK,1926,both,80,5.37,85.37,61.67,82.81,0.6145,Denmark
DNK,1927,both,80,4.95,84.95,61.19,80.91,0.611,Denmark
DNK,1928,both,80,5.3,85.3,61.84,81.01,0.6192,Denmark
DNK,1929,both,80,5.06,85.06,61.96,80.06,0.6234000000000001,Denmark
DNK,1930,both,80,5.5,85.5,62.22,80.96,0.6236,Denmark
DNK,1931,both,80,5.07,85.07,61.87,79.08,0.6204999999999999,Denmark
DNK,1932,both,80,5.1,85.1,62.69,72.04,0.6329,Denmark
DNK,1933,both,80,5.44,85.44,63.58,66.65,0.6386,Denmark
DNK,1934,both,80,5.49,85.49,64.09,65.15,0.6476000000000001,Denmark
DNK,1935,both,80,5.19,85.19,62.88,70.27,0.6365999999999999,Denmark
DNK,1936,both,80,5.18,85.18,63.44,67.89,0.6431,Denmark
DNK,1937,both,80,5.27,85.27,63.94,66.15,0.6492,Denmark
DNK,1938,both,80,5.44,85.44,64.99,58.71,0.6638,Denmark
DNK,1939,both,80,5.35,85.35,65.8,57.61,0.6778,Denmark
DNK,1940,both,80,4.99,84.99,66.27,50.34,0.6879000000000001,Denmark
DNK,1941,both,80,5.14,85.14,65.95,55.42,0.6838,Denmark
DNK,1942,both,80,5.64,85.64,67.12,49.3,0.7006,Denmark
DNK,1943,both,80,5.75,85.75,67.43,45.81,0.7056999999999999,Denmark
DNK,1944,both,80,5.51,85.51,66.39,48.76,0.6893,Denmark
DNK,1945,both,80,5.7,85.7,66.08,48.63,0.6809000000000001,Denmark
DNK,1946,both,80,5.5,85.5,67.24,45.13,0.6999,Denmark
DNK,1947,both,80,5.53,85.53,68.54,39.22,0.7212000000000001,Denmark
DNK,1948,both,80,6.3,86.3,70.09,34.02,0.7441,Denmark
DNK,1949,both,80,5.9,85.9,70.12,33.31,0.7481,Denmark
DNK,1950,both,80,5.56,85.56,70.31,30.43,0.7524,Denmark
DNK,1951,both,80,5.92,85.92,70.92,28.24,0.7595999999999999,Denmark
DNK,1952,both,80,5.8,85.8,70.76,29.07,0.7598,Denmark
DNK,1953,both,80,5.78,85.78,71.17,27.08,0.7665000000000001,Denmark
DNK,1954,both,80,5.8,85.8,71.34,26.54,0.7681,Denmark
DNK,1955,both,80,6.13,86.13,71.92,25.23,0.7746999999999999,Denmark
DNK,1956,both,80,6.11,86.11,72.04,24.89,0.7755,Denmark
DNK,1957,both,80,5.91,85.91,71.81,23.1,0.7741,Denmark
DNK,1958,both,80,5.93,85.93,72.24,22.3,0.7809,Denmark
DNK,1959,both,80,6.01,86.01,72.22,22.27,0.7806000000000001,Denmark
DNK,1960,both,80,5.89,85.89,72.2,21.96,0.7807999999999999,Denmark
DNK,1961,both,80,6.09,86.09,72.45,21.94,0.7842,Denmark
DNK,1962,both,80,5.97,85.97,72.35,20.05,0.7809,Denmark
DNK,1963,both,80,6.03,86.03,72.42,19.72,0.7806000000000001,Denmark
DNK,1964,both,80,6.04,86.04,72.51,18.75,0.7812,Denmark
DNK,1965,both,80,6.07,86.07,72.39,18.97,0.7778,Denmark
DNK,1966,both,80,5.94,85.94,72.47,17.15,0.7817000000000001,Denmark
DNK,1967,both,80,6.34,86.34,72.95,15.0,0.7818,Denmark
DNK,1968,both,80,6.47,86.47,73.15,15.67,0.7861,Denmark
DNK,1969,both,80,6.62,86.62,73.25,14.53,0.7859999999999999,Denmark
DNK,1970,both,80,6.75,86.75,73.36,14.22,0.7837999999999999,Denmark
DNK,1971,both,80,6.77,86.77,73.43,13.94,0.7831999999999999,Denmark
DNK,1972,both,80,6.84,86.84,73.47,12.07,0.7837000000000001,Denmark
DNK,1973,both,80,6.86,86.86,73.7,11.24,0.7864,Denmark
DNK,1974,both,80,6.85,86.85,73.82,10.77,0.7874,Denmark
DNK,1975,both,80,7.08,87.08,74.1,10.41,0.7909,Denmark
DNK,1976,both,80,6.81,86.81,73.77,9.6,0.7844,Denmark
DNK,1977,both,80,7.37,87.37,74.66,8.48,0.7961,Denmark
DNK,1978,both,80,7.2,87.2,74.43,8.72,0.7938,Denmark
DNK,1979,both,80,7.1,87.1,74.24,8.54,0.7887000000000001,Denmark
DNK,1980,both,80,7.12,87.12,74.13,8.24,0.7852,Denmark
DNK,1981,both,80,7.13,87.13,74.25,7.61,0.7868,Denmark
DNK,1982,both,80,7.36,87.36,74.6,8.12,0.7904000000000001,Denmark
DNK,1983,both,80,7.26,87.26,74.46,7.58,0.7876000000000001,Denmark
DNK,1984,both,80,7.37,87.37,74.62,7.72,0.7904000000000001,Denmark
DNK,1985,both,80,7.29,87.29,74.48,8.03,0.7881999999999999,Denmark
DNK,1986,both,80,7.49,87.49,74.64,8.23,0.7889,Denmark
DNK,1987,both,80,7.52,87.52,74.75,8.29,0.7887000000000001,Denmark
DNK,1988,both,80,7.51,87.51,74.84,7.77,0.794,Denmark
DNK,1989,both,80,7.57,87.57,74.86,8.12,0.7933,Denmark
DNK,1990,both,80,7.44,87.44,74.87,7.53,0.7957,Denmark
DNK,1991,both,80,7.58,87.58,75.23,7.31,0.8022,Denmark
DNK,1992,both,80,7.49,87.49,75.27,6.7,0.8034,Denmark
DNK,1993,both,80,7.33,87.33,75.19,5.38,0.8058,Denmark
DNK,1994,both,80,7.52,87.52,75.44,5.56,0.8078,Denmark
DNK,1995,both,80,7.37,87.37,75.29,4.99,0.8076000000000001,Denmark
DNK,1996,both,80,7.58,87.58,75.67,5.46,0.8136,Denmark
DNK,1997,both,80,7.66,87.66,76.04,5.19,0.8209000000000001,Denmark
DNK,1998,both,80,7.86,87.86,76.44,4.63,0.8265,Denmark
DNK,1999,both,80,7.72,87.72,76.58,4.21,0.8312999999999999,Denmark
DNK,2000,both,80,7.9,87.9,76.82,5.36,0.8353,Denmark
DNK,2001,both,80,7.83,87.83,76.98,4.78,0.8395999999999999,Denmark
DNK,2002,both,80,7.78,87.78,77.1,4.37,0.8417,Denmark
DNK,2003,both,80,7.86,87.86,77.4,4.43,0.8448,Denmark
DNK,2004,both,80,8.09,88.09,77.79,4.34,0.8478,Denmark
DNK,2005,both,80,8.15,88.15,78.23,4.31,0.8556999999999999,Denmark
DNK,2006,both,80,8.21,88.21000000000001,78.22,3.86,0.853,Denmark
DNK,2007,both,80,8.17,88.17,78.35,3.95,0.8537,Denmark
DNK,2008,both,80,8.33,88.33,78.72,4.01,0.8604999999999999,Denmark
DNK,2009,both,80,8.29,88.28999999999999,78.96,2.99,0.863,Denmark
DNK,2010,both,80,8.39,88.39,79.24,3.39,0.867,Denmark
DNK,2011,both,80,8.63,88.63,79.79,3.37,0.8747,Denmark
DNK,2012,both,80,8.68,88.68,80.09,3.35,0.8789,Denmark
DNK,2013,both,80,8.64,88.64,80.31,3.37,0.8809,Denmark
DNK,2014,both,80,8.95,88.95,80.64,4.05,0.8831,Denmark
DNK,2015,both,80,8.83,88.83,80.75,3.75,0.8859,Denmark
DNK,2016,both,80,8.93,88.93,80.88,3.19,0.8868,Denmark
DNK,2017,both,80,8.9,88.9,81.11,3.72,0.8933,Denmark
DNK,2018,both,80,8.81,88.81,80.99,3.63,0.8931,Denmark
DNK,2019,both,80,9.07,89.07,81.43,2.94,0.8976000000000001,Denmark
DNK,2020,both,80,9.09,89.09,81.55,3.14,0.9009,Denmark
DNK,2021,both,80,8.96,88.96000000000001,81.44,3.17,0.9014,Denmark
DNK,2022,both,80,8.85,88.85,81.3,3.15,0.903,Denmark
DNK,2023,both,80,9.08,89.08,81.66,3.41,0.9054,Denmark
ESP,1908,both,80,5.3,85.3,41.41,155.92,0.3352,ESP
ESP,1909,both,80,5.05,85.05,41.0,160.39,0.3236,ESP
ESP,1910,both,80,5.08,85.08,40.84,175.86,0.3334,ESP
ESP,1911,both,80,5.04,85.04,39.79,175.48,0.3283,ESP
ESP,1912,both,80,5.33,85.33,43.43,138.71,0.3596,ESP
ESP,1913,both,80,5.21,85.21,42.61,148.06,0.3535,ESP
ESP,1914,both,80,5.11,85.11,42.78,149.57,0.3556,ESP
ESP,1915,both,80,5.09,85.09,43.09,150.5,0.3596999999999999,ESP
ESP,1916,both,80,5.16,85.16,43.91,143.0,0.3642,ESP
ESP,1917,both,80,4.84,84.84,42.6,152.29,0.3452,ESP
ESP,1918,both,80,4.65,84.65,30.36,178.11,0.179,ESP
ESP,1919,both,80,4.86,84.86,40.95,158.43,0.3213,ESP
ESP,1920,both,80,5.08,85.08,39.38,180.87,0.3189,ESP
ESP,1921,both,80,5.29,85.29,41.99,164.63,0.3528,ESP
ESP,1922,both,80,5.35,85.35,44.2,140.3,0.3725,ESP
ESP,1923,both,80,5.28,85.28,44.75,146.12,0.3788,ESP
ESP,1924,both,80,5.48,85.48,46.3,137.18,0.3989999999999999,ESP
ESP,1925,both,80,5.22,85.22,46.98,133.21,0.4057,ESP
ESP,1926,both,80,5.55,85.55,47.7,129.44,0.4104,ESP
ESP,1927,both,80,5.25,85.25,48.48,121.84,0.4193,ESP
ESP,1928,both,80,5.74,85.74,48.62,127.59,0.4297999999999999,ESP
ESP,1929,both,80,5.75,85.75,49.49,122.77,0.4379999999999999,ESP
ESP,1930,both,80,5.9,85.9,49.25,138.31,0.4449,ESP
ESP,1931,both,80,5.37,85.37,49.28,129.34,0.4377,ESP
ESP,1932,both,80,5.74,85.74,51.14,119.03,0.4645,ESP
ESP,1933,both,80,5.66,85.66,51.6,116.13,0.4671,ESP
ESP,1934,both,80,5.76,85.76,52.22,114.81,0.4802,ESP
ESP,1935,both,80,5.86,85.86,52.65,114.21,0.4816,ESP
ESP,1936,both,80,5.8,85.8,51.01,114.22,0.4434,ESP
ESP,1937,both,80,5.14,85.14,47.32,131.37,0.3992,ESP
ESP,1938,both,80,4.59,84.59,47.6,121.81,0.3939,ESP
ESP,1939,both,80,4.9,84.9,47.23,127.39,0.385,ESP
ESP,1940,both,80,5.31,85.31,48.63,149.4,0.4247999999999999,ESP
ESP,1941,both,80,4.44,84.44,47.25,149.71,0.3782999999999999,ESP
ESP,1942,both,80,5.32,85.32,52.26,115.55,0.4681,ESP
ESP,1943,both,80,5.98,85.98,54.89,109.53,0.5172,ESP
ESP,1944,both,80,5.8,85.8,56.27,97.65,0.534,ESP
ESP,1945,both,80,6.2,86.2,57.79,92.04,0.5583,ESP
ESP,1946,both,80,5.72,85.72,57.59,88.13,0.5432,ESP
ESP,1947,both,80,5.83,85.83,59.13,78.54,0.5737,ESP
ESP,1948,both,80,6.45,86.45,61.31,70.74,0.607,ESP
ESP,1949,both,80,5.96,85.96,60.94,73.11,0.6022,ESP
ESP,1950,both,80,6.03,86.03,61.78,74.66,0.6204,ESP
ESP,1951,both,80,5.52,85.52,61.5,72.55,0.6147,ESP
ESP,1952,both,80,6.34,86.34,64.85,62.31,0.6653,ESP
ESP,1953,both,80,6.06,86.06,65.76,58.18,0.6819,ESP
ESP,1954,both,80,6.28,86.28,66.93,54.83,0.7006,ESP
ESP,1955,both,80,6.08,86.08,66.73,57.35,0.7006,ESP
ESP,1956,both,80,5.62,85.62,66.76,52.59,0.6992,ESP
ESP,1957,both,80,5.77,85.77,66.58,54.62,0.6956,ESP
ESP,1958,both,80,6.29,86.29,68.81,48.22,0.7321,ESP
ESP,1959,both,80,6.24,86.24,68.72,47.96,0.7311,ESP
ESP,1960,both,80,6.15,86.15,69.23,45.53,0.7392,ESP
ESP,1961,both,80,6.43,86.43,69.59,47.68,0.7434999999999999,ESP
ESP,1962,both,80,6.1,86.1,69.63,41.57,0.7432,ESP
ESP,1963,both,80,6.16,86.16,69.79,40.63,0.7445,ESP
ESP,1964,both,80,6.34,86.34,70.51,39.67,0.755,ESP
ESP,1965,both,80,6.42,86.42,70.93,37.13,0.7626000000000001,ESP
ESP,1966,both,80,6.44,86.44,71.18,35.72,0.7661,ESP
ESP,1967,both,80,6.45,86.45,71.37,34.19,0.7672,ESP
ESP,1968,both,80,6.39,86.39,71.67,31.84,0.7745000000000001,ESP
ESP,1969,both,80,6.28,86.28,71.15,30.48,0.7651,ESP
ESP,1970,both,80,6.47,86.47,72.15,28.15,0.7804000000000001,ESP
ESP,1971,both,80,6.2,86.2,71.74,25.86,0.7737999999999999,ESP
ESP,1972,both,80,6.55,86.55,72.95,22.79,0.7914,ESP
ESP,1973,both,80,6.31,86.31,72.73,21.41,0.7888,ESP
ESP,1974,both,80,6.42,86.42,73.09,20.2,0.7939,ESP
ESP,1975,both,80,6.53,86.53,73.49,18.5,0.7981999999999999,ESP
ESP,1976,both,80,6.59,86.59,73.81,17.17,0.8028,ESP
ESP,1977,both,80,6.73,86.73,74.31,15.7,0.8095,ESP
ESP,1978,both,80,6.82,86.82,74.5,15.0,0.8118000000000001,ESP
ESP,1979,both,80,7.04,87.04,74.99,13.88,0.8166,ESP
ESP,1980,both,80,7.12,87.12,75.53,11.9,0.8245999999999999,ESP
ESP,1981,both,80,7.12,87.12,75.7,11.71,0.8268000000000001,ESP
ESP,1982,both,80,7.43,87.43,76.32,11.01,0.8341,ESP
ESP,1983,both,80,7.21,87.21,76.1,10.53,0.8329000000000001,ESP
ESP,1984,both,80,7.46,87.46,76.48,9.72,0.8351999999999999,ESP
ESP,1985,both,80,7.29,87.29,76.41,8.73,0.8359000000000001,ESP
ESP,1986,both,80,7.51,87.51,76.71,9.05,0.8388,ESP
ESP,1987,both,80,7.72,87.72,76.96,8.68,0.8402,ESP
ESP,1988,both,80,7.67,87.67,76.95,7.98,0.8395,ESP
ESP,1989,both,80,7.73,87.73,77.0,7.72,0.84,ESP
ESP,1990,both,80,7.71,87.71,77.0,7.61,0.8406999999999999,ESP
ESP,1991,both,80,7.77,87.77,77.13,7.18,0.841,ESP
ESP,1992,both,80,8.05,88.05,77.59,7.05,0.8449,ESP
ESP,1993,both,80,8.03,88.03,77.73,6.53,0.8486,ESP
ESP,1994,both,80,8.2,88.2,78.11,5.88,0.8523999999999999,ESP
ESP,1995,both,80,8.21,88.21000000000001,78.2,5.43,0.8534,ESP
ESP,1996,both,80,8.25,88.25,78.34,5.49,0.8556999999999999,ESP
ESP,1997,both,80,8.34,88.34,78.85,5.01,0.8637,ESP
ESP,1998,both,80,8.26,88.26,78.94,4.79,0.8673000000000001,ESP
ESP,1999,both,80,8.16,88.16,78.95,4.51,0.8676,ESP
ESP,2000,both,80,8.47,88.47,79.42,4.41,0.8712000000000001,ESP
ESP,2001,both,80,8.62,88.62,79.74,4.03,0.8734999999999999,ESP
ESP,2002,both,80,8.59,88.59,79.82,4.11,0.8751000000000001,ESP
ESP,2003,both,80,8.42,88.42,79.75,3.94,0.8756,ESP
ESP,2004,both,80,8.75,88.75,80.33,3.99,0.8811,ESP
ESP,2005,both,80,8.6,88.6,80.32,3.73,0.8828,ESP
ESP,2006,both,80,9.01,89.01,80.96,3.52,0.8865000000000001,ESP
ESP,2007,both,80,8.92,88.92,80.97,3.44,0.8879,ESP
ESP,2008,both,80,9.03,89.03,81.28,3.37,0.8911,ESP
ESP,2009,both,80,9.18,89.18,81.63,3.1,0.8948999999999999,ESP
ESP,2010,both,80,9.36,89.36,82.01,3.15,0.898,ESP
ESP,2011,both,80,9.43,89.43,82.19,3.05,0.8996,ESP
ESP,2012,both,80,9.29,89.28999999999999,82.2,2.98,0.9018,ESP
ESP,2013,both,80,9.66,89.66,82.7,2.62,0.9044,ESP
ESP,2014,both,80,9.74,89.74,82.83,2.83,0.9062,ESP
ESP,2015,both,80,9.45,89.45,82.61,2.64,0.9064,ESP
ESP,2016,both,80,9.79,89.78999999999999,83.0,2.65,0.9083,ESP
ESP,2017,both,80,9.7,89.7,82.99,2.66,0.9096,ESP
ESP,2018,both,80,9.79,89.78999999999999,83.1,2.61,0.9097,ESP
ESP,2019,both,80,10.06,90.06,83.49,2.59,0.9124,ESP
ESP,2020,both,80,9.22,89.22,82.25,2.49,0.9059,ESP
ESP,2021,both,80,9.9,89.9,83.0,2.57,0.9086,ESP
ESP,2022,both,80,9.81,89.81,83.05,2.53,0.9109,ESP
ESP,2023,both,80,10.29,90.28999999999999,83.75,2.57,0.916,ESP
EST,1959,both,80,5.92,85.92,68.67,31.15,0.7158,EST
EST,1960,both,80,6.1,86.1,69.33,31.07,0.726,EST
EST,1961,both,80,5.92,85.92,69.64,27.99,0.7328,EST
EST,1962,both,80,5.8,85.8,69.84,24.6,0.7358,EST
EST,1963,both,80,6.21,86.21,69.88,25.5,0.7302,EST
EST,1964,both,80,6.52,86.52,70.64,25.39,0.7425,EST
EST,1965,both,80,6.14,86.14,70.71,19.74,0.7448,EST
EST,1966,both,80,6.16,86.16,70.66,19.89,0.7434999999999999,EST
EST,1967,both,80,6.27,86.27,70.98,19.07,0.746,EST
EST,1968,both,80,6.28,86.28,70.61,18.38,0.7389,EST
EST,1969,both,80,6.04,86.04,70.27,17.38,0.7322,EST
EST,1970,both,80,6.13,86.13,70.4,18.16,0.7342,EST
EST,1971,both,80,6.35,86.35,70.6,17.76,0.7368000000000001,EST
EST,1972,both,80,6.24,86.24,70.38,15.6,0.7304999999999999,EST
EST,1973,both,80,6.32,86.32,70.69,15.65,0.7340000000000001,EST
EST,1974,both,80,6.44,86.44,70.81,17.59,0.7356999999999999,EST
EST,1975,both,80,6.34,86.34,70.12,18.0,0.7254999999999999,EST
EST,1976,both,80,6.08,86.08,69.74,17.52,0.7143999999999999,EST
EST,1977,both,80,6.44,86.44,69.83,17.45,0.7128,EST
EST,1978,both,80,6.11,86.11,69.66,16.46,0.7088,EST
EST,1979,both,80,6.12,86.12,69.41,18.32,0.7005,EST
EST,1980,both,80,6.25,86.25,69.47,17.2,0.7064,EST
EST,1981,both,80,6.27,86.27,69.34,17.11,0.6959000000000001,EST
EST,1982,both,80,6.42,86.42,69.86,17.19,0.7048000000000001,EST
EST,1983,both,80,6.44,86.44,69.79,16.35,0.7017,EST
EST,1984,both,80,6.2,86.2,69.64,13.64,0.6983,EST
EST,1985,both,80,6.15,86.15,69.78,13.81,0.6999,EST
EST,1986,both,80,6.47,86.47,70.91,16.07,0.7287,EST
EST,1987,both,80,6.3,86.3,70.92,16.2,0.7306999999999999,EST
EST,1988,both,80,6.27,86.27,70.97,12.44,0.7262000000000001,EST
EST,1989,both,80,6.56,86.56,70.5,14.68,0.713,EST
EST,1990,both,80,6.42,86.42,69.92,11.65,0.7001000000000001,EST
EST,1991,both,80,6.43,86.43,69.79,12.45,0.6864,EST
EST,1992,both,80,6.41,86.41,69.16,15.35,0.6816,EST
EST,1993,both,80,6.21,86.21,68.22,14.32,0.6507,EST
EST,1994,both,80,6.41,86.41,66.74,14.24,0.6113000000000001,EST
EST,1995,both,80,6.54,86.54,67.82,14.62,0.6367,EST
EST,1996,both,80,6.83,86.83,70.03,10.4,0.6838,EST
EST,1997,both,80,7.01,87.01,70.25,9.75,0.6854,EST
EST,1998,both,80,6.8,86.8,69.84,9.29,0.6765000000000001,EST
EST,1999,both,80,7.04,87.04,70.68,9.72,0.6938,EST
EST,2000,both,80,7.15,87.15,71.02,8.65,0.7021999999999999,EST
EST,2001,both,80,7.12,87.12,70.84,8.62,0.6939,EST
EST,2002,both,80,7.09,87.09,71.37,5.72,0.7071,EST
EST,2003,both,80,7.1,87.1,71.92,6.94,0.7182,EST
EST,2004,both,80,7.25,87.25,72.38,6.6,0.7248,EST
EST,2005,both,80,7.38,87.38,73.03,5.49,0.7384999999999999,EST
EST,2006,both,80,7.44,87.44,73.19,4.52,0.7365,EST
EST,2007,both,80,7.56,87.56,73.15,5.18,0.7404000000000001,EST
EST,2008,both,80,7.7,87.7,74.28,4.99,0.7613,EST
EST,2009,both,80,7.79,87.79,75.17,3.58,0.7796,EST
EST,2010,both,80,7.91,87.91,75.88,3.33,0.797,EST
EST,2011,both,80,8.2,88.2,76.35,2.36,0.8012,EST
EST,2012,both,80,8.25,88.25,76.43,3.48,0.8023,EST
EST,2013,both,80,8.33,88.33,77.26,2.02,0.818,EST
EST,2014,both,80,8.37,88.37,77.1,2.65,0.8144,EST
EST,2015,both,80,8.57,88.57,77.66,2.53,0.8245,EST
EST,2016,both,80,8.6,88.6,77.75,2.32,0.8240999999999999,EST
EST,2017,both,80,8.58,88.58,78.19,2.32,0.8345,EST
EST,2018,both,80,8.72,88.72,78.34,1.61,0.8369,EST
EST,2019,both,80,8.95,88.95,78.79,1.55,0.8442000000000001,EST
EST,2020,both,80,8.94,88.94,78.74,1.38,0.8379000000000001,EST
EST,2021,both,80,8.18,88.18,77.15,2.18,0.8234,EST
EST,2022,both,80,8.51,88.51,78.06,2.06,0.8348,EST
EST,2023,both,80,9.11,89.11,78.96,1.67,0.8436,EST
FIN,1878,both,80,4.36,84.36,39.34,173.34,0.3104,Finland
FIN,1879,both,80,4.81,84.81,44.91,141.34,0.3764,Finland
FIN,1880,both,80,4.22,84.22,39.7,163.0,0.3065,Finland
FIN,1881,both,80,4.18,84.18,37.7,179.74,0.3005,Finland
FIN,1882,both,80,4.77,84.77,40.31,171.9,0.3374,Finland
FIN,1883,both,80,4.74,84.74,42.75,152.09,0.3595,Finland
FIN,1884,both,80,4.4,84.4,42.88,154.63,0.3599,Finland
FIN,1885,both,80,4.29,84.29,41.28,163.79,0.3443,Finland
FIN,1886,both,80,4.67,84.67,40.87,161.33,0.3402,Finland
FIN,1887,both,80,4.98,84.98,45.54,138.9,0.3821,Finland
FIN,1888,both,80,4.23,84.23,45.19,145.63,0.3746,Finland
FIN,1889,both,80,4.55,84.55,44.92,138.49,0.3762,Finland
FIN,1890,both,80,4.76,84.76,44.61,134.61,0.3767,Finland
FIN,1891,both,80,4.49,84.49,42.61,139.73,0.3636999999999999,Finland
FIN,1892,both,80,3.97,83.97,39.77,152.87,0.3229999999999999,Finland
FIN,1893,both,80,4.08,84.08,43.35,127.57,0.3609,Finland
FIN,1894,both,80,4.5,84.5,45.18,128.59,0.3885,Finland
FIN,1895,both,80,4.82,84.82,47.61,123.21,0.4138,Finland
FIN,1896,both,80,4.65,84.65,46.52,134.64,0.4054,Finland
FIN,1897,both,80,4.61,84.61,48.11,127.13,0.4211,Finland
FIN,1898,both,80,4.66,84.66,48.07,128.68,0.4282999999999999,Finland
FIN,1899,both,80,4.33,84.33,44.35,136.12,0.3813,Finland
FIN,1900,both,80,4.43,84.43,41.81,148.94,0.3557,Finland
FIN,1901,both,80,4.6,84.6,42.84,145.37,0.3665,Finland
FIN,1902,both,80,4.52,84.52,46.21,128.04,0.3961,Finland
FIN,1903,both,80,4.97,84.97,46.56,125.96,0.4056,Finland
FIN,1904,both,80,4.8,84.8,47.19,122.86,0.408,Finland
FIN,1905,both,80,4.73,84.73,46.05,131.79,0.3947,Finland
FIN,1906,both,80,5.08,85.08,47.03,121.36,0.4075999999999999,Finland
FIN,1907,both,80,4.42,84.42,46.96,112.39,0.401,Finland
FIN,1908,both,80,4.52,84.52,46.09,123.54,0.3885,Finland
FIN,1909,both,80,4.81,84.81,48.69,112.69,0.4233,Finland
FIN,1910,both,80,4.99,84.99,48.49,117.81,0.423,Finland
FIN,1911,both,80,4.64,84.64,48.72,112.13,0.4215,Finland
FIN,1912,both,80,4.54,84.54,49.12,108.78,0.4211999999999999,Finland
FIN,1913,both,80,4.65,84.65,49.04,109.3,0.4196,Finland
FIN,1914,both,80,4.85,84.85,49.73,103.11,0.4288,Finland
FIN,1915,both,80,4.44,84.44,49.56,105.04,0.426,Finland
FIN,1916,both,80,4.57,84.57,47.98,106.51,0.4018,Finland
FIN,1917,both,80,4.09,84.09,46.54,115.79,0.3807999999999999,Finland
FIN,1918,both,80,4.22,84.22,32.85,113.62,0.166,Finland
FIN,1919,both,80,4.4,84.4,42.81,123.56,0.3394,Finland
FIN,1920,both,80,5.16,85.16,47.68,103.35,0.3964999999999999,Finland
FIN,1921,both,80,4.81,84.81,52.4,94.64,0.4597,Finland
FIN,1922,both,80,4.7,84.7,51.93,98.27,0.4534,Finland
FIN,1923,both,80,5.09,85.09,52.48,95.54,0.4613,Finland
FIN,1924,both,80,4.53,84.53,50.26,103.46,0.4266,Finland
FIN,1925,both,80,5.11,85.11,53.36,85.53,0.4622,Finland
FIN,1926,both,80,5.06,85.06,53.79,84.71,0.469,Finland
FIN,1927,both,80,4.84,84.84,51.83,96.27,0.4442,Finland
FIN,1928,both,80,5.09,85.09,53.69,85.41,0.4654,Finland
FIN,1929,both,80,4.75,84.75,51.32,95.42,0.4296,Finland
FIN,1930,both,80,5.34,85.34,54.45,75.18,0.4715,Finland
FIN,1931,both,80,4.9,84.9,54.86,73.17,0.4750999999999999,Finland
FIN,1932,both,80,5.46,85.46,55.75,70.01,0.4879,Finland
FIN,1933,both,80,5.14,85.14,55.39,73.47,0.4872999999999999,Finland
FIN,1934,both,80,5.57,85.57,56.0,74.12,0.5002,Finland
FIN,1935,both,80,5.38,85.38,57.36,67.08,0.5176,Finland
FIN,1936,both,80,4.9,84.9,56.17,64.03,0.492,Finland
FIN,1937,both,80,5.53,85.53,57.04,69.64,0.511,Finland
FIN,1938,both,80,5.43,85.43,57.2,68.53,0.5114,Finland
FIN,1939,both,80,5.07,85.07,54.62,70.12,0.4744,Finland
FIN,1940,both,80,4.67,84.67,46.8,75.67,0.3509,Finland
FIN,1941,both,80,4.88,84.88,46.42,69.84,0.3442,Finland
FIN,1942,both,80,5.02,85.02,53.93,55.26,0.4579,Finland
FIN,1943,both,80,5.37,85.37,56.28,54.26,0.5022,Finland
FIN,1944,both,80,5.14,85.14,48.06,68.72,0.3851,Finland
FIN,1945,both,80,5.15,85.15,56.81,74.08,0.518,Finland
FIN,1946,both,80,5.57,85.57,60.45,54.5,0.5607,Finland
FIN,1947,both,80,5.26,85.26,60.51,58.41,0.5687,Finland
FIN,1948,both,80,5.35,85.35,61.96,51.57,0.5882000000000001,Finland
FIN,1949,both,80,4.93,84.93,61.89,46.53,0.5849,Finland
FIN,1950,both,80,5.19,85.19,64.2,41.86,0.6249,Finland
FIN,1951,both,80,5.14,85.14,65.63,34.25,0.6478,Finland
FIN,1952,both,80,5.21,85.21,66.52,32.0,0.665,Finland
FIN,1953,both,80,5.1,85.1,66.6,33.3,0.6709,Finland
FIN,1954,both,80,5.33,85.33,67.55,30.35,0.6851999999999999,Finland
FIN,1955,both,80,5.1,85.1,67.34,29.71,0.6819,Finland
FIN,1956,both,80,5.31,85.31,67.98,25.4,0.6927,Finland
FIN,1957,both,80,5.28,85.28,67.45,27.59,0.6833,Finland
FIN,1958,both,80,5.33,85.33,68.61,23.6,0.7014,Finland
FIN,1959,both,80,5.51,85.51,68.79,23.9,0.7056,Finland
FIN,1960,both,80,5.44,85.44,68.99,21.02,0.7075,Finland
FIN,1961,both,80,5.37,85.37,69.01,21.01,0.7064,Finland
FIN,1962,both,80,5.13,85.13,68.74,20.37,0.7029000000000001,Finland
FIN,1963,both,80,5.4,85.4,69.18,18.26,0.7078,Finland
FIN,1964,both,80,5.38,85.38,69.38,16.89,0.7101000000000001,Finland
FIN,1965,both,80,5.08,85.08,69.13,17.39,0.7095,Finland
FIN,1966,both,80,5.36,85.36,69.64,15.19,0.7165,Finland
FIN,1967,both,80,5.44,85.44,69.82,14.99,0.7182999999999999,Finland
FIN,1968,both,80,5.3,85.3,69.78,13.59,0.7190000000000001,Finland
FIN,1969,both,80,5.34,85.34,69.65,13.91,0.7131000000000001,Finland
FIN,1970,both,80,5.61,85.61,70.32,13.48,0.7262000000000001,Finland
FIN,1971,both,80,5.59,85.59,70.15,12.62,0.7223,Finland
FIN,1972,both,80,5.75,85.75,70.87,11.73,0.736,Finland
FIN,1973,both,80,6.04,86.04,71.36,10.51,0.7439,Finland
FIN,1974,both,80,5.9,85.9,71.29,11.41,0.7417,Finland
FIN,1975,both,80,6.2,86.2,71.84,9.74,0.7509999999999999,Finland
FIN,1976,both,80,6.25,86.25,71.99,9.96,0.7537,Finland
FIN,1977,both,80,6.48,86.48,72.51,8.94,0.7583,Finland
FIN,1978,both,80,6.61,86.61,73.08,7.53,0.7706000000000001,Finland
FIN,1979,both,80,6.8,86.8,73.36,7.6,0.7757,Finland
FIN,1980,both,80,6.6,86.6,73.65,7.56,0.7839,Finland
FIN,1981,both,80,6.77,86.77,73.96,6.5,0.7859999999999999,Finland
FIN,1982,both,80,7.12,87.12,74.53,6.02,0.7937000000000001,Finland
FIN,1983,both,80,6.95,86.95,74.44,6.11,0.7957,Finland
FIN,1984,both,80,7.13,87.13,74.74,6.38,0.799,Finland
FIN,1985,both,80,6.74,86.74,74.42,6.15,0.7965000000000001,Finland
FIN,1986,both,80,7.07,87.07,74.77,5.71,0.7985,Finland
FIN,1987,both,80,7.08,87.08,74.8,6.12,0.8008,Finland
FIN,1988,both,80,7.05,87.05,74.77,6.15,0.8003,Finland
FIN,1989,both,80,7.09,87.09,74.97,6.0,0.8015000000000001,Finland
FIN,1990,both,80,7.04,87.04,74.99,5.63,0.8051999999999999,Finland
FIN,1991,both,80,7.25,87.25,75.4,5.77,0.8109000000000001,Finland
FIN,1992,both,80,7.27,87.27,75.65,5.14,0.8166,Finland
FIN,1993,both,80,7.03,87.03,75.88,4.28,0.8234,Finland
FIN,1994,both,80,7.47,87.47,76.57,4.71,0.8309000000000001,Finland
FIN,1995,both,80,7.44,87.44,76.6,3.85,0.8317,Finland
FIN,1996,both,80,7.5,87.5,76.87,3.88,0.8375,Finland
FIN,1997,both,80,7.59,87.59,77.06,3.85,0.8384,Finland
FIN,1998,both,80,7.71,87.71,77.26,4.09,0.8406,Finland
FIN,1999,both,80,7.69,87.69,77.45,3.63,0.8419,Finland
FIN,2000,both,80,7.73,87.73,77.67,3.69,0.8449,Finland
FIN,2001,both,80,7.93,87.93,78.14,3.21,0.8515,Finland
FIN,2002,both,80,7.88,87.88,78.27,3.05,0.8545999999999999,Finland
FIN,2003,both,80,8.04,88.03999999999999,78.53,3.11,0.8545999999999999,Finland
FIN,2004,both,80,8.44,88.44,78.85,3.34,0.8523000000000001,Finland
FIN,2005,both,80,8.58,88.58,78.97,3.02,0.8491,Finland
FIN,2006,both,80,8.62,88.62,79.37,2.86,0.8583,Finland
FIN,2007,both,80,8.66,88.66,79.39,2.73,0.8568000000000001,Finland
FIN,2008,both,80,8.79,88.78999999999999,79.7,2.63,0.8593999999999999,Finland
FIN,2009,both,80,8.82,88.82,79.83,2.72,0.8637999999999999,Finland
FIN,2010,both,80,8.79,88.78999999999999,80.01,2.28,0.8678,Finland
FIN,2011,both,80,8.93,88.93,80.4,2.34,0.8726,Finland
FIN,2012,both,80,8.91,88.91,80.5,2.35,0.8768,Finland
FIN,2013,both,80,9.08,89.08,80.87,1.72,0.8809,Finland
FIN,2014,both,80,9.06,89.06,81.06,2.13,0.8859,Finland
FIN,2015,both,80,9.13,89.13,81.37,1.72,0.8906999999999999,Finland
FIN,2016,both,80,9.1,89.1,81.3,1.83,0.8903,Finland
FIN,2017,both,80,9.25,89.25,81.5,1.95,0.8924,Finland
FIN,2018,both,80,9.26,89.26,81.63,2.02,0.8933,Finland
FIN,2019,both,80,9.47,89.47,81.87,2.05,0.8983,Finland
FIN,2020,both,80,9.45,89.45,81.82,1.88,0.8951,Finland
FIN,2021,both,80,9.37,89.37,81.82,1.83,0.8968,Finland
FIN,2022,both,80,8.91,88.91,81.21,1.92,0.8953,Finland
FIN,2023,both,80,9.18,89.18,81.57,1.77,0.8978,Finland
FRANCE:_TOTAL_POPULATION,1816,both,80,4.86,84.86,40.1,179.72,0.3007,France
FRANCE:_TOTAL_POPULATION,1817,both,80,4.97,84.97,39.23,175.82,0.2874,France
FRANCE:_TOTAL_POPULATION,1818,both,80,5.22,85.22,38.6,176.79,0.2858,France
FRANCE:_TOTAL_POPULATION,1819,both,80,5.18,85.18,37.32,187.85,0.2772,France
FRANCE:_TOTAL_POPULATION,1820,both,80,4.72,84.72,39.28,173.56,0.2941,France
FRANCE:_TOTAL_POPULATION,1821,both,80,5.32,85.32,39.88,174.26,0.3115,France
FRANCE:_TOTAL_POPULATION,1822,both,80,5.07,85.07,38.37,194.3,0.299,France
FRANCE:_TOTAL_POPULATION,1823,both,80,5.11,85.11,40.04,181.23,0.3173,France
FRANCE:_TOTAL_POPULATION,1824,both,80,5.27,85.27,39.21,188.53,0.3112,France
FRANCE:_TOTAL_POPULATION,1825,both,80,5.11,85.11,38.58,182.87,0.2982,France
FRANCE:_TOTAL_POPULATION,1826,both,80,4.78,84.78,37.8,182.12,0.2863,France
FRANCE:_TOTAL_POPULATION,1827,both,80,5.17,85.17,39.41,178.36,0.3,France
FRANCE:_TOTAL_POPULATION,1828,both,80,4.98,84.98,37.6,184.81,0.2829,France
FRANCE:_TOTAL_POPULATION,1829,both,80,4.8,84.8,39.44,172.75,0.2999,France
FRANCE:_TOTAL_POPULATION,1830,both,80,4.79,84.79,39.63,169.62,0.3026,France
FRANCE:_TOTAL_POPULATION,1831,both,80,4.81,84.81,39.73,165.35,0.3107,France
FRANCE:_TOTAL_POPULATION,1832,both,80,4.62,84.62,35.87,177.1,0.2362999999999999,France
FRANCE:_TOTAL_POPULATION,1833,both,80,5.15,85.15,38.88,172.55,0.2955,France
FRANCE:_TOTAL_POPULATION,1834,both,80,4.86,84.86,35.09,202.94,0.2567,France
FRANCE:_TOTAL_POPULATION,1835,both,80,4.95,84.95,39.52,168.74,0.2996999999999999,France
FRANCE:_TOTAL_POPULATION,1836,both,80,4.97,84.97,42.0,160.59,0.3354,France
FRANCE:_TOTAL_POPULATION,1837,both,80,4.34,84.34,39.42,164.78,0.2907,France
FRANCE:_TOTAL_POPULATION,1838,both,80,4.86,84.86,39.37,167.14,0.3028,France
FRANCE:_TOTAL_POPULATION,1839,both,80,5.17,85.17,40.95,157.26,0.3228,France
FRANCE:_TOTAL_POPULATION,1840,both,80,4.76,84.76,40.41,152.04,0.3093,France
FRANCE:_TOTAL_POPULATION,1841,both,80,4.97,84.97,40.71,149.52,0.3204999999999999,France
FRANCE:_TOTAL_POPULATION,1842,both,80,4.69,84.69,40.03,163.88,0.3096,France
FRANCE:_TOTAL_POPULATION,1843,both,80,4.77,84.77,40.79,154.95,0.3243,France
FRANCE:_TOTAL_POPULATION,1844,both,80,4.76,84.76,42.33,151.12,0.3400999999999999,France
FRANCE:_TOTAL_POPULATION,1845,both,80,4.95,84.95,43.61,138.82,0.3567,France
FRANCE:_TOTAL_POPULATION,1846,both,80,4.76,84.76,40.7,161.18,0.3232,France
FRANCE:_TOTAL_POPULATION,1847,both,80,4.34,84.34,40.45,154.85,0.3039,France
FRANCE:_TOTAL_POPULATION,1848,both,80,4.54,84.54,40.33,157.71,0.3073,France
FRANCE:_TOTAL_POPULATION,1849,both,80,4.46,84.46,35.95,171.4,0.2433,France
FRANCE:_TOTAL_POPULATION,1850,both,80,4.79,84.79,43.31,142.21,0.3474,France
FRANCE:_TOTAL_POPULATION,1851,both,80,4.61,84.61,41.8,157.19,0.3358,France
FRANCE:_TOTAL_POPULATION,1852,both,80,4.68,84.68,41.35,160.23,0.3292,France
FRANCE:_TOTAL_POPULATION,1853,both,80,4.47,84.47,42.55,147.12,0.3413,France
FRANCE:_TOTAL_POPULATION,1854,both,80,4.31,84.31,36.16,173.67,0.2445,France
FRANCE:_TOTAL_POPULATION,1855,both,80,4.2,84.2,37.56,162.78,0.2738,France
FRANCE:_TOTAL_POPULATION,1856,both,80,4.74,84.74,40.19,161.27,0.3167999999999999,France
FRANCE:_TOTAL_POPULATION,1857,both,80,4.59,84.59,39.6,180.17,0.3095,France
FRANCE:_TOTAL_POPULATION,1858,both,80,4.38,84.38,39.71,174.85,0.3064,France
FRANCE:_TOTAL_POPULATION,1859,both,80,4.4,84.4,35.33,210.03,0.2664,France
FRANCE:_TOTAL_POPULATION,1860,both,80,4.74,84.74,43.34,143.94,0.3507,France
FRANCE:_TOTAL_POPULATION,1861,both,80,4.72,84.72,40.58,177.01,0.3256,France
FRANCE:_TOTAL_POPULATION,1862,both,80,4.85,84.85,42.7,162.03,0.3475,France
FRANCE:_TOTAL_POPULATION,1863,both,80,4.81,84.81,41.82,175.82,0.3372,France
FRANCE:_TOTAL_POPULATION,1864,both,80,4.61,84.61,42.06,170.34,0.3354,France
FRANCE:_TOTAL_POPULATION,1865,both,80,4.59,84.59,40.2,177.14,0.3124,France
FRANCE:_TOTAL_POPULATION,1866,both,80,4.7,84.7,41.82,154.02,0.3254999999999999,France
FRANCE:_TOTAL_POPULATION,1867,both,80,4.58,84.58,42.41,167.31,0.3419,France
FRANCE:_TOTAL_POPULATION,1868,both,80,4.49,84.49,40.29,184.86,0.3179,France
FRANCE:_TOTAL_POPULATION,1869,both,80,4.56,84.56,41.12,174.71,0.3258,France
FRANCE:_TOTAL_POPULATION,1870,both,80,4.02,84.02,36.52,186.2,0.2571,France
FRANCE:_TOTAL_POPULATION,1871,both,80,3.98,83.98,29.74,200.37,0.1684,France
FRANCE:_TOTAL_POPULATION,1872,both,80,5.03,85.03,42.5,167.89,0.3436,France
FRANCE:_TOTAL_POPULATION,1873,both,80,4.67,84.67,41.87,172.99,0.3354,France
FRANCE:_TOTAL_POPULATION,1874,both,80,4.93,84.93,44.29,158.77,0.366,France
FRANCE:_TOTAL_POPULATION,1875,both,80,4.6,84.6,43.19,156.98,0.3444,France
FRANCE:_TOTAL_POPULATION,1876,both,80,4.68,84.68,43.59,155.2,0.3502,France
FRANCE:_TOTAL_POPULATION,1877,both,80,4.8,84.8,44.29,155.94,0.3632999999999999,France
FRANCE:_TOTAL_POPULATION,1878,both,80,4.51,84.51,43.37,165.82,0.3529,France
FRANCE:_TOTAL_POPULATION,1879,both,80,4.31,84.31,43.98,156.5,0.3542,France
FRANCE:_TOTAL_POPULATION,1880,both,80,4.47,84.47,42.79,165.95,0.3461999999999999,France
FRANCE:_TOTAL_POPULATION,1881,both,80,4.77,84.77,43.48,158.7,0.3535,France
FRANCE:_TOTAL_POPULATION,1882,both,80,4.73,84.73,43.14,162.56,0.3478,France
FRANCE:_TOTAL_POPULATION,1883,both,80,4.68,84.68,43.27,162.85,0.3492,France
FRANCE:_TOTAL_POPULATION,1884,both,80,4.74,84.74,42.46,173.46,0.3418,France
FRANCE:_TOTAL_POPULATION,1885,both,80,4.79,84.79,43.94,151.02,0.3558,France
FRANCE:_TOTAL_POPULATION,1886,both,80,4.81,84.81,43.17,160.69,0.3465999999999999,France
FRANCE:_TOTAL_POPULATION,1887,both,80,4.89,84.89,43.72,158.76,0.351,France
FRANCE:_TOTAL_POPULATION,1888,both,80,4.66,84.66,44.15,160.92,0.3638,France
FRANCE:_TOTAL_POPULATION,1889,both,80,4.88,84.88,45.54,153.99,0.3824,France
FRANCE:_TOTAL_POPULATION,1890,both,80,4.51,84.51,43.43,159.93,0.3483,France
FRANCE:_TOTAL_POPULATION,1891,both,80,4.37,84.37,44.11,154.42,0.3558,France
FRANCE:_TOTAL_POPULATION,1892,both,80,4.36,84.36,43.56,176.91,0.3555,France
FRANCE:_TOTAL_POPULATION,1893,both,80,4.43,84.43,43.55,173.06,0.3557,France
FRANCE:_TOTAL_POPULATION,1894,both,80,4.6,84.6,45.49,154.84,0.3786,France
FRANCE:_TOTAL_POPULATION,1895,both,80,4.29,84.29,45.26,160.66,0.374,France
FRANCE:_TOTAL_POPULATION,1896,both,80,4.79,84.79,47.49,141.88,0.4025999999999999,France
FRANCE:_TOTAL_POPULATION,1897,both,80,4.83,84.83,47.88,150.04,0.4138,France
FRANCE:_TOTAL_POPULATION,1898,both,80,4.51,84.51,46.01,166.5,0.3876,France
FRANCE:_TOTAL_POPULATION,1899,both,80,4.53,84.53,45.17,172.51,0.3768,France
FRANCE:_TOTAL_POPULATION,1900,both,80,4.24,84.24,45.1,164.49,0.3628,France
FRANCE:_TOTAL_POPULATION,1901,both,80,4.57,84.57,47.0,150.56,0.391,France
FRANCE:_TOTAL_POPULATION,1902,both,80,4.7,84.7,47.98,140.77,0.4044,France
FRANCE:_TOTAL_POPULATION,1903,both,80,4.61,84.61,48.4,141.33,0.4133,France
FRANCE:_TOTAL_POPULATION,1904,both,80,4.55,84.55,48.07,149.31,0.4107,France
FRANCE:_TOTAL_POPULATION,1905,both,80,4.5,84.5,48.38,139.51,0.4043,France
FRANCE:_TOTAL_POPULATION,1906,both,80,4.51,84.51,47.73,147.12,0.3981,France
FRANCE:_TOTAL_POPULATION,1907,both,80,4.38,84.38,48.3,133.67,0.3948,France
FRANCE:_TOTAL_POPULATION,1908,both,80,4.7,84.7,49.29,134.35,0.4149,France
FRANCE:_TOTAL_POPULATION,1909,both,80,4.45,84.45,50.01,121.62,0.4192,France
FRANCE:_TOTAL_POPULATION,1910,both,80,4.77,84.77,51.35,114.82,0.4432,France
FRANCE:_TOTAL_POPULATION,1911,both,80,4.43,84.43,48.21,152.97,0.4119,France
FRANCE:_TOTAL_POPULATION,1912,both,80,4.95,84.95,51.55,112.97,0.4447,France
FRANCE:_TOTAL_POPULATION,1913,both,80,4.87,84.87,51.36,116.98,0.4454,France
FRANCE:_TOTAL_POPULATION,1914,both,80,4.47,84.47,38.23,114.33,0.2457,France
FRANCE:_TOTAL_POPULATION,1915,both,80,4.59,84.59,36.55,109.93,0.2202,France
FRANCE:_TOTAL_POPULATION,1916,both,80,4.55,84.55,39.75,129.97,0.2737,France
FRANCE:_TOTAL_POPULATION,1917,both,80,4.36,84.36,42.97,136.39,0.3278999999999999,France
FRANCE:_TOTAL_POPULATION,1918,both,80,4.6,84.6,34.84,153.31,0.2103,France
FRANCE:_TOTAL_POPULATION,1919,both,80,4.53,84.53,47.14,138.11,0.3922,France
FRANCE:_TOTAL_POPULATION,1920,both,80,5.01,85.01,51.82,120.98,0.4619,France
FRANCE:_TOTAL_POPULATION,1921,both,80,4.91,84.91,52.69,118.41,0.4693,France
FRANCE:_TOTAL_POPULATION,1922,both,80,4.67,84.67,54.89,89.14,0.4868,France
FRANCE:_TOTAL_POPULATION,1923,both,80,5.0,85.0,54.59,100.76,0.4906,France
FRANCE:_TOTAL_POPULATION,1924,both,80,4.9,84.9,55.19,89.64,0.4911999999999999,France
FRANCE:_TOTAL_POPULATION,1925,both,80,4.71,84.71,54.35,93.12,0.4795,France
FRANCE:_TOTAL_POPULATION,1926,both,80,4.76,84.76,53.96,100.18,0.4772999999999999,France
FRANCE:_TOTAL_POPULATION,1927,both,80,4.77,84.77,55.74,87.01,0.5058,France
FRANCE:_TOTAL_POPULATION,1928,both,80,4.98,84.98,55.41,95.22,0.504,France
FRANCE:_TOTAL_POPULATION,1929,both,80,4.48,84.48,54.24,98.31,0.4813,France
FRANCE:_TOTAL_POPULATION,1930,both,80,5.31,85.31,56.8,83.34,0.5145000000000001,France
FRANCE:_TOTAL_POPULATION,1931,both,80,4.8,84.8,56.9,78.07,0.517,France
FRANCE:_TOTAL_POPULATION,1932,both,80,5.06,85.06,57.22,80.68,0.5225,France
FRANCE:_TOTAL_POPULATION,1933,both,80,4.97,84.97,57.65,77.11,0.5256000000000001,France
FRANCE:_TOTAL_POPULATION,1934,both,80,5.33,85.33,58.3,74.17,0.5352,France
FRANCE:_TOTAL_POPULATION,1935,both,80,5.07,85.07,58.28,70.81,0.5286,France
FRANCE:_TOTAL_POPULATION,1936,both,80,5.17,85.17,58.76,70.93,0.5390999999999999,France
FRANCE:_TOTAL_POPULATION,1937,both,80,5.36,85.36,59.11,69.51,0.5447,France
FRANCE:_TOTAL_POPULATION,1938,both,80,5.18,85.18,58.93,69.89,0.54,France
FRANCE:_TOTAL_POPULATION,1939,both,80,5.06,85.06,59.55,68.29,0.5515,France
FRANCE:_TOTAL_POPULATION,1940,both,80,4.26,84.26,49.6,89.13,0.3979,France
FRANCE:_TOTAL_POPULATION,1941,both,80,4.74,84.74,57.42,79.22,0.5161,France
FRANCE:_TOTAL_POPULATION,1942,both,80,4.71,84.71,57.44,76.8,0.5266,France
FRANCE:_TOTAL_POPULATION,1943,both,80,4.96,84.96,53.3,81.78,0.4674,France
FRANCE:_TOTAL_POPULATION,1944,both,80,4.58,84.58,47.17,82.6,0.3595,France
FRANCE:_TOTAL_POPULATION,1945,both,80,5.0,85.0,54.93,112.73,0.5131,France
FRANCE:_TOTAL_POPULATION,1946,both,80,5.6,85.6,62.36,80.69,0.6275999999999999,France
FRANCE:_TOTAL_POPULATION,1947,both,80,5.71,85.71,63.95,70.98,0.6483,France
FRANCE:_TOTAL_POPULATION,1948,both,80,6.05,86.05,65.78,55.97,0.6661,France
FRANCE:_TOTAL_POPULATION,1949,both,80,5.31,85.31,64.9,59.58,0.6585,France
FRANCE:_TOTAL_POPULATION,1950,both,80,5.71,85.71,66.38,51.39,0.6756,France
FRANCE:_TOTAL_POPULATION,1951,both,80,5.35,85.35,66.09,49.59,0.67,France
FRANCE:_TOTAL_POPULATION,1952,both,80,5.78,85.78,67.39,44.96,0.6899,France
FRANCE:_TOTAL_POPULATION,1953,both,80,5.41,85.41,67.32,41.26,0.6877,France
FRANCE:_TOTAL_POPULATION,1954,both,80,5.89,85.89,68.19,40.69,0.6992,France
FRANCE:_TOTAL_POPULATION,1955,both,80,5.8,85.8,68.44,38.17,0.7039,France
FRANCE:_TOTAL_POPULATION,1956,both,80,5.6,85.6,68.46,35.87,0.703,France
FRANCE:_TOTAL_POPULATION,1957,both,80,5.88,85.88,68.89,33.53,0.7086,France
FRANCE:_TOTAL_POPULATION,1958,both,80,6.07,86.07,70.11,31.15,0.7315999999999999,France
FRANCE:_TOTAL_POPULATION,1959,both,80,6.12,86.12,70.17,29.34,0.7299,France
FRANCE:_TOTAL_POPULATION,1960,both,80,6.02,86.02,70.36,27.19,0.7317,France
FRANCE:_TOTAL_POPULATION,1961,both,80,6.38,86.38,70.96,25.7,0.7387,France
FRANCE:_TOTAL_POPULATION,1962,both,80,5.98,85.98,70.47,25.45,0.7325,France
FRANCE:_TOTAL_POPULATION,1963,both,80,5.95,85.95,70.32,25.61,0.7292000000000001,France
FRANCE:_TOTAL_POPULATION,1964,both,80,6.43,86.43,71.28,23.27,0.7425,France
FRANCE:_TOTAL_POPULATION,1965,both,80,6.25,86.25,71.11,21.61,0.7393000000000001,France
FRANCE:_TOTAL_POPULATION,1966,both,80,6.54,86.54,71.51,21.58,0.7453,France
FRANCE:_TOTAL_POPULATION,1967,both,80,6.44,86.44,71.5,20.44,0.7458,France
FRANCE:_TOTAL_POPULATION,1968,both,80,6.39,86.39,71.48,20.27,0.7467,France
FRANCE:_TOTAL_POPULATION,1969,both,80,6.46,86.46,71.2,19.62,0.7412000000000001,France
FRANCE:_TOTAL_POPULATION,1970,both,80,6.65,86.65,72.09,18.3,0.757,France
FRANCE:_TOTAL_POPULATION,1971,both,80,6.58,86.58,72.07,17.31,0.7565999999999999,France
FRANCE:_TOTAL_POPULATION,1972,both,80,6.79,86.79,72.31,16.05,0.7587999999999999,France
FRANCE:_TOTAL_POPULATION,1973,both,80,6.66,86.66,72.47,15.22,0.764,France
FRANCE:_TOTAL_POPULATION,1974,both,80,6.8,86.8,72.8,14.38,0.7674,France
FRANCE:_TOTAL_POPULATION,1975,both,80,6.77,86.77,72.9,13.42,0.769,France
FRANCE:_TOTAL_POPULATION,1976,both,80,6.85,86.85,73.12,12.71,0.7711,France
FRANCE:_TOTAL_POPULATION,1977,both,80,7.16,87.16,73.73,11.86,0.7793000000000001,France
FRANCE:_TOTAL_POPULATION,1978,both,80,7.05,87.05,73.85,10.76,0.7809999999999999,France
FRANCE:_TOTAL_POPULATION,1979,both,80,7.19,87.19,74.12,10.4,0.784,France
FRANCE:_TOTAL_POPULATION,1980,both,80,7.18,87.18,74.23,10.48,0.7863,France
FRANCE:_TOTAL_POPULATION,1981,both,80,7.1,87.1,74.4,9.9,0.7901,France
FRANCE:_TOTAL_POPULATION,1982,both,80,7.33,87.33,74.77,9.54,0.7935,France
FRANCE:_TOTAL_POPULATION,1983,both,80,7.17,87.17,74.74,8.97,0.7948999999999999,France
FRANCE:_TOTAL_POPULATION,1984,both,80,7.45,87.45,75.22,8.52,0.7995,France
FRANCE:_TOTAL_POPULATION,1985,both,80,7.36,87.36,75.31,8.43,0.802,France
FRANCE:_TOTAL_POPULATION,1986,both,80,7.5,87.5,75.58,8.17,0.8051,France
FRANCE:_TOTAL_POPULATION,1987,both,80,7.81,87.81,76.15,7.87,0.8119,France
FRANCE:_TOTAL_POPULATION,1988,both,80,7.93,87.93,76.4,7.96,0.8148000000000001,France
FRANCE:_TOTAL_POPULATION,1989,both,80,7.95,87.95,76.54,7.6,0.8164,France
FRANCE:_TOTAL_POPULATION,1990,both,80,8.05,88.05,76.84,7.41,0.8209000000000001,France
FRANCE:_TOTAL_POPULATION,1991,both,80,8.2,88.2,77.01,7.32,0.8223999999999999,France
FRANCE:_TOTAL_POPULATION,1992,both,80,8.35,88.35,77.29,6.81,0.8256999999999999,France
FRANCE:_TOTAL_POPULATION,1993,both,80,8.29,88.28999999999999,77.35,6.42,0.8265,France
FRANCE:_TOTAL_POPULATION,1994,both,80,8.57,88.57,77.77,5.99,0.8309000000000001,France
FRANCE:_TOTAL_POPULATION,1995,both,80,8.52,88.52,77.87,4.99,0.8340000000000001,France
FRANCE:_TOTAL_POPULATION,1996,both,80,8.52,88.52,78.06,4.83,0.8373999999999999,France
FRANCE:_TOTAL_POPULATION,1997,both,80,8.63,88.63,78.42,4.76,0.843,France
FRANCE:_TOTAL_POPULATION,1998,both,80,8.64,88.64,78.59,4.72,0.8456999999999999,France
FRANCE:_TOTAL_POPULATION,1999,both,80,8.65,88.65,78.75,4.43,0.8488,France
FRANCE:_TOTAL_POPULATION,2000,both,80,8.79,88.78999999999999,79.05,4.58,0.8518000000000001,France
FRANCE:_TOTAL_POPULATION,2001,both,80,8.9,88.9,79.23,4.53,0.8527,France
FRANCE:_TOTAL_POPULATION,2002,both,80,8.92,88.92,79.42,4.16,0.8552,France
FRANCE:_TOTAL_POPULATION,2003,both,80,8.78,88.78,79.42,4.09,0.8564,France
FRANCE:_TOTAL_POPULATION,2004,both,80,9.39,89.39,80.34,4.02,0.8634999999999999,France
FRANCE:_TOTAL_POPULATION,2005,both,80,9.26,89.26,80.34,3.68,0.8647,France
FRANCE:_TOTAL_POPULATION,2006,both,80,9.56,89.56,80.75,3.81,0.8671,France
FRANCE:_TOTAL_POPULATION,2007,both,80,9.6,89.6,80.96,3.67,0.8695,France
FRANCE:_TOTAL_POPULATION,2008,both,80,9.61,89.61,81.04,3.72,0.8706999999999999,France
FRANCE:_TOTAL_POPULATION,2009,both,80,9.67,89.67,81.16,3.77,0.8712000000000001,France
FRANCE:_TOTAL_POPULATION,2010,both,80,9.78,89.78,81.41,3.59,0.8737,France
FRANCE:_TOTAL_POPULATION,2011,both,80,10.0,90.0,81.79,3.36,0.8767,France
FRANCE:_TOTAL_POPULATION,2012,both,80,9.83,89.83,81.73,3.47,0.8783,France
FRANCE:_TOTAL_POPULATION,2013,both,80,9.98,89.98,81.97,3.6,0.8808,France
FRANCE:_TOTAL_POPULATION,2014,both,80,10.27,90.27,82.42,3.48,0.8845999999999999,France
FRANCE:_TOTAL_POPULATION,2015,both,80,10.02,90.02,82.14,3.64,0.8835,France
FRANCE:_TOTAL_POPULATION,2016,both,80,10.19,90.19,82.39,3.6,0.8855,France
FRANCE:_TOTAL_POPULATION,2017,both,80,10.18,90.18,82.43,3.76,0.8868,France
FRANCE:_TOTAL_POPULATION,2018,both,80,10.3,90.3,82.55,3.8,0.888,France
FRANCE:_TOTAL_POPULATION,2019,both,80,10.39,90.39,82.72,3.74,0.8905,France
FRANCE:_TOTAL_POPULATION,2020,both,80,9.95,89.95,82.19,3.5,0.8893000000000001,France
FRANCE:_TOTAL_POPULATION,2021,both,80,10.17,90.17,82.32,3.69,0.8893000000000001,France
FRANCE:_TOTAL_POPULATION,2022,both,80,10.12,90.12,82.29,3.83,0.8896,France
FRANCE:_TOTAL_POPULATION,2023,both,80,10.52,90.52,82.88,3.84,0.8944,France
GERMANY:_TOTAL_POPULATION,1990,both,80,6.92,86.92,75.35,7.08,0.8123,GERMANY: TOTAL POPULATION
GERMANY:_TOTAL_POPULATION,1991,both,80,7.07,87.07,75.56,6.47,0.8131999999999999,GERMANY: TOTAL POPULATION
GERMANY:_TOTAL_POPULATION,1992,both,80,7.29,87.29,76.01,6.06,0.8184999999999999,GERMANY: TOTAL POPULATION
GERMANY:_TOTAL_POPULATION,1993,both,80,7.29,87.29,76.09,5.76,0.8206,GERMANY: TOTAL POPULATION
GERMANY:_TOTAL_POPULATION,1994,both,80,7.42,87.42,76.39,5.49,0.825,GERMANY: TOTAL POPULATION
GERMANY:_TOTAL_POPULATION,1995,both,80,7.47,87.47,76.56,5.28,0.8286,GERMANY: TOTAL POPULATION
GERMANY:_TOTAL_POPULATION,1996,both,80,7.53,87.53,76.79,5.08,0.8329000000000001,GERMANY: TOTAL POPULATION
GERMANY:_TOTAL_POPULATION,1997,both,80,7.71,87.71,77.23,4.83,0.8395,GERMANY: TOTAL POPULATION
GERMANY:_TOTAL_POPULATION,1998,both,80,7.8,87.8,77.58,4.59,0.8458,GERMANY: TOTAL POPULATION
GERMANY:_TOTAL_POPULATION,1999,both,80,7.91,87.91,77.81,4.47,0.8493999999999999,GERMANY: TOTAL POPULATION
GERMANY:_TOTAL_POPULATION,2000,both,80,7.99,87.99,78.06,4.35,0.8521,GERMANY: TOTAL POPULATION
GERMANY:_TOTAL_POPULATION,2001,both,80,8.13,88.13,78.41,4.2,0.8561,GERMANY: TOTAL POPULATION
GERMANY:_TOTAL_POPULATION,2002,both,80,8.08,88.08,78.48,4.16,0.858,GERMANY: TOTAL POPULATION
GERMANY:_TOTAL_POPULATION,2003,both,80,8.04,88.03999999999999,78.54,4.18,0.8597,GERMANY: TOTAL POPULATION
GERMANY:_TOTAL_POPULATION,2004,both,80,8.36,88.36,79.13,4.13,0.865,GERMANY: TOTAL POPULATION
GERMANY:_TOTAL_POPULATION,2005,both,80,8.33,88.33,79.26,3.85,0.8667,GERMANY: TOTAL POPULATION
GERMANY:_TOTAL_POPULATION,2006,both,80,8.45,88.45,79.59,3.79,0.8703,GERMANY: TOTAL POPULATION
GERMANY:_TOTAL_POPULATION,2007,both,80,8.5,88.5,79.74,3.91,0.8719,GERMANY: TOTAL POPULATION
GERMANY:_TOTAL_POPULATION,2008,both,80,8.44,88.44,79.82,3.5,0.8728,GERMANY: TOTAL POPULATION
GERMANY:_TOTAL_POPULATION,2009,both,80,8.44,88.44,79.92,3.46,0.8744,GERMANY: TOTAL POPULATION
GERMANY:_TOTAL_POPULATION,2010,both,80,8.53,88.53,80.08,3.47,0.8758,GERMANY: TOTAL POPULATION
GERMANY:_TOTAL_POPULATION,2011,both,80,8.69,88.69,80.35,3.59,0.8779,GERMANY: TOTAL POPULATION
GERMANY:_TOTAL_POPULATION,2012,both,80,8.64,88.64,80.5,3.3,0.8809,GERMANY: TOTAL POPULATION
GERMANY:_TOTAL_POPULATION,2013,both,80,8.6,88.6,80.46,3.31,0.8808,GERMANY: TOTAL POPULATION
GERMANY:_TOTAL_POPULATION,2014,both,80,8.9,88.9,80.92,3.26,0.8845000000000001,GERMANY: TOTAL POPULATION
GERMANY:_TOTAL_POPULATION,2015,both,80,8.66,88.66,80.57,3.29,0.8822,GERMANY: TOTAL POPULATION
GERMANY:_TOTAL_POPULATION,2016,both,80,8.91,88.91,80.84,3.52,0.8841,GERMANY: TOTAL POPULATION
GERMANY:_TOTAL_POPULATION,2017,both,80,8.87,88.87,80.94,3.23,0.8873000000000001,GERMANY: TOTAL POPULATION
GERMANY:_TOTAL_POPULATION,2018,both,80,8.89,88.89,80.88,3.17,0.8861,GERMANY: TOTAL POPULATION
GERMANY:_TOTAL_POPULATION,2019,both,80,9.1,89.1,81.2,3.19,0.89,GERMANY: TOTAL POPULATION
GERMANY:_TOTAL_POPULATION,2020,both,80,8.94,88.94,81.01,3.06,0.8893000000000001,GERMANY: TOTAL POPULATION
GRC,1981,both,80,7.16,87.16,75.73,13.72,0.8345,GRC
GRC,1982,both,80,7.32,87.32,75.85,14.4,0.8373,GRC
GRC,1983,both,80,7.09,87.09,75.67,14.16,0.8370000000000001,GRC
GRC,1984,both,80,7.36,87.36,76.13,14.02,0.8405,GRC
GRC,1985,both,80,7.12,87.12,75.9,13.49,0.8399,GRC
GRC,1986,both,80,7.17,87.17,76.39,11.99,0.8477,GRC
GRC,1987,both,80,7.07,87.07,76.2,11.51,0.8449,GRC
GRC,1988,both,80,7.34,87.34,76.78,10.92,0.8529000000000001,GRC
GRC,1989,both,80,7.43,87.43,77.0,9.43,0.8548,GRC
GRC,1990,both,80,7.37,87.37,77.14,9.46,0.8581,GRC
GRC,1991,both,80,7.44,87.44,77.25,8.84,0.8567,GRC
GRC,1992,both,80,7.38,87.38,77.18,8.36,0.8564,GRC
GRC,1993,both,80,7.52,87.52,77.45,8.34,0.8587,GRC
GRC,1994,both,80,7.56,87.56,77.66,7.97,0.8609,GRC
GRC,1995,both,80,7.53,87.53,77.63,8.02,0.8603000000000001,GRC
GRC,1996,both,80,7.63,87.63,77.76,7.15,0.8611,GRC
GRC,1997,both,80,7.74,87.74,78.1,6.42,0.865,GRC
GRC,1998,both,80,7.64,87.64,78.08,6.6,0.8645999999999999,GRC
GRC,1999,both,80,7.71,87.71,78.18,6.1,0.8640000000000001,GRC
GRC,2000,both,80,7.7,87.7,78.32,5.42,0.8672,GRC
GRC,2001,both,80,7.92,87.92,78.75,4.9,0.87,GRC
GRC,2002,both,80,7.92,87.92,78.93,4.95,0.8737,GRC
GRC,2003,both,80,7.92,87.92,79.09,3.94,0.8748999999999999,GRC
GRC,2004,both,80,8.14,88.14,79.24,4.05,0.8740000000000001,GRC
GRC,2005,both,80,8.24,88.24,79.46,3.84,0.8763,GRC
GRC,2006,both,80,8.31,88.31,79.75,3.87,0.8783,GRC
GRC,2007,both,80,8.23,88.23,79.59,3.64,0.8759999999999999,GRC
GRC,2008,both,80,8.44,88.44,80.14,2.86,0.8798,GRC
GRC,2009,both,80,8.6,88.6,80.3,3.23,0.8802,GRC
GRC,2010,both,80,8.7,88.7,80.57,3.84,0.8820999999999999,GRC
GRC,2011,both,80,8.76,88.76,80.68,3.3,0.8835,GRC
GRC,2012,both,80,8.59,88.59,80.57,2.82,0.8837,GRC
GRC,2013,both,80,9.02,89.02,81.14,3.59,0.8872,GRC
GRC,2014,both,80,9.03,89.03,81.23,3.71,0.8876999999999999,GRC
GRC,2015,both,80,8.78,88.78,80.98,3.94,0.8874,GRC
GRC,2016,both,80,9.06,89.06,81.22,4.16,0.8872,GRC
GRC,2017,both,80,8.88,88.88,81.19,3.3,0.889,GRC
GRC,2018,both,80,9.2,89.2,81.61,3.39,0.8917,GRC
GRC,2019,both,80,9.08,89.08,81.49,3.63,0.8915000000000001,GRC
HKG,1986,both,80,8.0,88.0,76.96,7.19,0.8351999999999999,HKG
HKG,1987,both,80,7.82,87.82,77.01,6.94,0.8395999999999999,HKG
HKG,1988,both,80,7.81,87.81,77.03,7.71,0.8402,HKG
HKG,1989,both,80,7.9,87.9,77.05,6.72,0.8395,HKG
HKG,1990,both,80,7.91,87.91,77.31,5.79,0.8462999999999999,HKG
HKG,1991,both,80,8.38,88.38,77.99,6.12,0.8526,HKG
HKG,1992,both,80,8.07,88.07,77.75,4.63,0.8502,HKG
HKG,1993,both,80,8.39,88.39,78.23,4.43,0.8564,HKG
HKG,1994,both,80,8.88,88.88,78.98,4.33,0.8637999999999999,HKG
HKG,1995,both,80,8.9,88.9,79.14,4.29,0.8664000000000001,HKG
HKG,1996,both,80,8.62,88.62,79.43,3.81,0.8753,HKG
HKG,1997,both,80,8.93,88.93,79.98,3.61,0.8795999999999999,HKG
HKG,1998,both,80,9.01,89.01,80.11,3.01,0.8795999999999999,HKG
HKG,1999,both,80,9.15,89.15,80.42,3.03,0.8856999999999999,HKG
HKG,2000,both,80,9.21,89.21000000000001,80.66,3.34,0.889,HKG
HKG,2001,both,80,9.6,89.6,81.23,2.67,0.8942,HKG
HKG,2002,both,80,9.64,89.64,81.35,2.76,0.8942,HKG
HKG,2003,both,80,9.28,89.28,81.02,2.77,0.8914,HKG
HKG,2004,both,80,9.4,89.4,81.43,3.53,0.8976999999999999,HKG
HKG,2005,both,80,9.23,89.23,81.39,3.24,0.9008,HKG
HKG,2006,both,80,9.75,89.75,82.17,2.86,0.9044,HKG
HKG,2007,both,80,9.64,89.64,82.12,2.93,0.9049,HKG
HKG,2008,both,80,9.39,89.39,81.93,3.22,0.9057,HKG
HKG,2009,both,80,9.86,89.86,82.46,2.9,0.9089,HKG
HKG,2010,both,80,9.82,89.82,82.63,3.07,0.9102,HKG
HKG,2011,both,80,10.02,90.02,83.05,2.42,0.912,HKG
HKG,2012,both,80,10.02,90.02,83.08,2.78,0.9139,HKG
HKG,2013,both,80,10.35,90.35,83.61,2.14,0.9161,HKG
HKG,2014,both,80,10.3,90.3,83.7,2.1,0.9175,HKG
HKG,2015,both,80,10.44,90.44,83.9,1.56,0.9182,HKG
HKG,2016,both,80,10.69,90.69,84.04,2.06,0.9171,HKG
HKG,2017,both,80,10.98,90.98,84.43,1.88,0.9195,HKG
HKG,2018,both,80,11.16,91.16,84.76,1.64,0.9224,HKG
HKG,2019,both,80,11.33,91.33,84.84,1.61,0.9214,HKG
HKG,2020,both,80,11.37,91.37,84.89,1.82,0.9231,HKG
HKG,2021,both,80,11.5,91.5,85.17,1.33,0.9247,HKG
HKG,2022,both,80,10.26,90.26,83.6,1.62,0.9167,HKG
HKG,2023,both,80,11.54,91.53999999999999,85.2,1.46,0.9231,HKG
HRV,2001,both,80,6.85,86.85,74.56,7.57,0.7997,HRV
HRV,2002,both,80,6.8,86.8,74.72,7.04,0.8049,HRV
HRV,2003,both,80,6.57,86.57,74.65,6.38,0.8058,HRV
HRV,2004,both,80,7.0,87.0,75.42,6.23,0.8167,HRV
HRV,2005,both,80,6.76,86.76,75.32,5.78,0.8144,HRV
HRV,2006,both,80,6.97,86.97,75.86,5.18,0.8219,HRV
HRV,2007,both,80,6.84,86.84,75.7,5.76,0.8205,HRV
HRV,2008,both,80,6.99,86.99,75.91,4.59,0.8179000000000001,HRV
HRV,2009,both,80,6.96,86.96,76.18,5.41,0.8273999999999999,HRV
HRV,2010,both,80,7.09,87.09,76.62,4.35,0.8332999999999999,HRV
HRV,2011,both,80,7.21,87.21,77.03,4.56,0.8365,HRV
HRV,2012,both,80,7.18,87.18,77.18,3.62,0.8405,HRV
HRV,2013,both,80,7.42,87.42,77.61,3.98,0.8454,HRV
HRV,2014,both,80,7.41,87.41,77.75,5.02,0.8478,HRV
HRV,2015,both,80,7.17,87.17,77.34,4.01,0.8438,HRV
HRV,2016,both,80,7.46,87.46,78.0,4.36,0.8537,HRV
HRV,2017,both,80,7.36,87.36,77.8,4.01,0.8519,HRV
HRV,2018,both,80,7.49,87.49,77.98,4.3,0.8511,HRV
HRV,2019,both,80,7.65,87.65,78.28,3.95,0.856,HRV
HRV,2020,both,80,7.28,87.28,77.58,4.0,0.8509,HRV
HRV,2021,both,80,6.87,86.87,76.58,3.88,0.8353,HRV
HRV,2022,both,80,7.16,87.16,77.7,3.94,0.8540000000000001,HRV
HRV,2023,both,80,7.83,87.83,78.53,3.84,0.8588,HRV
HUN,1950,both,80,5.5,85.5,62.14,84.97,0.6201,HUN
HUN,1951,both,80,5.08,85.08,62.47,81.95,0.6313,HUN
HUN,1952,both,80,4.96,84.96,63.92,70.04,0.6489,HUN
HUN,1953,both,80,4.62,84.62,63.84,73.62,0.6562,HUN
HUN,1954,both,80,4.91,84.91,65.42,62.6,0.6792,HUN
HUN,1955,both,80,5.43,85.43,66.89,57.47,0.7001000000000001,HUN
HUN,1956,both,80,5.26,85.26,66.0,56.65,0.685,HUN
HUN,1957,both,80,5.3,85.3,66.34,58.88,0.6918000000000001,HUN
HUN,1958,both,80,5.52,85.52,67.43,55.63,0.7116,HUN
HUN,1959,both,80,5.25,85.25,67.32,50.68,0.7053,HUN
HUN,1960,both,80,5.31,85.31,68.08,46.66,0.721,HUN
HUN,1961,both,80,5.62,85.62,69.01,43.04,0.7336,HUN
HUN,1962,both,80,5.0,85.0,67.94,45.99,0.7197,HUN
HUN,1963,both,80,5.66,85.66,68.94,43.39,0.7311,HUN
HUN,1964,both,80,5.63,85.63,69.46,39.83,0.7403,HUN
HUN,1965,both,80,5.28,85.28,69.15,38.91,0.7378,HUN
HUN,1966,both,80,5.8,85.8,69.89,39.14,0.7467,HUN
HUN,1967,both,80,5.56,85.56,69.46,38.48,0.7406,HUN
HUN,1968,both,80,5.37,85.37,69.34,35.79,0.7375,HUN
HUN,1969,both,80,5.57,85.57,69.38,35.65,0.7359,HUN
HUN,1970,both,80,5.47,85.47,69.22,35.39,0.7322,HUN
HUN,1971,both,80,5.61,85.61,69.08,35.26,0.7272,HUN
HUN,1972,both,80,5.73,85.73,69.72,33.66,0.7359,HUN
HUN,1973,both,80,5.64,85.64,69.6,34.01,0.7354999999999999,HUN
HUN,1974,both,80,5.74,85.74,69.27,37.78,0.7279000000000001,HUN
HUN,1975,both,80,5.61,85.61,69.42,32.67,0.7277,HUN
HUN,1976,both,80,5.64,85.64,69.66,29.2,0.7277,HUN
HUN,1977,both,80,5.78,85.78,69.94,25.6,0.7302,HUN
HUN,1978,both,80,5.53,85.53,69.47,23.61,0.7169,HUN
HUN,1979,both,80,5.81,85.81,69.67,23.26,0.7145999999999999,HUN
HUN,1980,both,80,5.56,85.56,69.09,22.03,0.6990000000000001,HUN
HUN,1981,both,80,5.72,85.72,69.15,20.31,0.6973,HUN
HUN,1982,both,80,5.69,85.69,69.35,19.43,0.6988,HUN
HUN,1983,both,80,5.62,85.62,68.93,18.61,0.6864,HUN
HUN,1984,both,80,5.78,85.78,68.96,20.25,0.6831,HUN
HUN,1985,both,80,5.72,85.72,68.9,20.8,0.6846,HUN
HUN,1986,both,80,5.79,85.79,69.11,18.78,0.6859000000000001,HUN
HUN,1987,both,80,5.97,85.97,69.56,17.19,0.6923999999999999,HUN
HUN,1988,both,80,6.11,86.11,69.94,15.69,0.6969,HUN
HUN,1989,both,80,6.05,86.05,69.39,15.66,0.6825,HUN
HUN,1990,both,80,6.07,86.07,69.37,15.04,0.6809999999999999,HUN
HUN,1991,both,80,6.18,86.18,69.44,15.6,0.6806,HUN
HUN,1992,both,80,6.18,86.18,69.17,13.77,0.6709999999999999,HUN
HUN,1993,both,80,6.21,86.21,69.18,12.27,0.6665000000000001,HUN
HUN,1994,both,80,6.36,86.36,69.6,11.38,0.6744,HUN
HUN,1995,both,80,6.34,86.34,69.97,10.65,0.6816,HUN
HUN,1996,both,80,6.33,86.33,70.6,10.43,0.7001999999999999,HUN
HUN,1997,both,80,6.55,86.55,71.0,9.62,0.7055,HUN
HUN,1998,both,80,6.57,86.57,70.92,9.56,0.7021,HUN
HUN,1999,both,80,6.5,86.5,71.04,8.36,0.7058,HUN
HUN,2000,both,80,6.77,86.77,71.76,9.36,0.72,HUN
HUN,2001,both,80,6.88,86.88,72.4,8.08,0.7321,HUN
HUN,2002,both,80,6.88,86.88,72.51,7.28,0.7341,HUN
HUN,2003,both,80,6.78,86.78,72.52,7.26,0.7337,HUN
HUN,2004,both,80,7.0,87.0,72.91,6.73,0.738,HUN
HUN,2005,both,80,6.86,86.86,72.86,6.3,0.7383,HUN
HUN,2006,both,80,7.09,87.09,73.34,5.84,0.7434999999999999,HUN
HUN,2007,both,80,7.1,87.1,73.43,5.89,0.7448,HUN
HUN,2008,both,80,7.24,87.24,73.96,5.68,0.7535,HUN
HUN,2009,both,80,7.3,87.3,74.18,5.11,0.7573000000000001,HUN
HUN,2010,both,80,7.27,87.27,74.52,5.18,0.7655,HUN
HUN,2011,both,80,7.43,87.43,74.91,4.95,0.773,HUN
HUN,2012,both,80,7.39,87.39,75.18,4.91,0.7812,HUN
HUN,2013,both,80,7.53,87.53,75.68,5.1,0.7907,HUN
HUN,2014,both,80,7.65,87.65,75.85,4.61,0.7923,HUN
HUN,2015,both,80,7.45,87.45,75.65,4.11,0.7911,HUN
HUN,2016,both,80,7.79,87.79,76.16,3.96,0.7981,HUN
HUN,2017,both,80,7.62,87.62,76.0,3.48,0.7984,HUN
HUN,2018,both,80,7.72,87.72,76.2,3.24,0.8007,HUN
HUN,2019,both,80,7.83,87.83,76.45,3.63,0.8069,HUN
HUN,2020,both,80,7.48,87.48,75.72,3.4,0.7985,HUN
IRL,1950,both,80,5.57,85.57,65.57,44.35,0.6586,IRL
IRL,1951,both,80,4.9,84.9,64.75,44.49,0.645,IRL
IRL,1952,both,80,5.89,85.89,67.16,41.77,0.6878,IRL
IRL,1953,both,80,5.85,85.85,67.91,38.67,0.6990000000000001,IRL
IRL,1954,both,80,5.68,85.68,68.0,37.68,0.6990999999999999,IRL
IRL,1955,both,80,5.39,85.39,68.0,36.36,0.7015,IRL
IRL,1956,both,80,5.78,85.78,68.96,35.19,0.7172,IRL
IRL,1957,both,80,5.8,85.8,69.0,33.07,0.7149,IRL
IRL,1958,both,80,5.65,85.65,69.27,34.63,0.7228,IRL
IRL,1959,both,80,5.77,85.77,69.42,31.83,0.7282,IRL
IRL,1960,both,80,5.96,85.96,70.17,28.67,0.7356999999999999,IRL
IRL,1961,both,80,5.59,85.59,69.64,29.38,0.731,IRL
IRL,1962,both,80,5.74,85.74,69.95,29.09,0.7328,IRL
IRL,1963,both,80,5.75,85.75,70.19,26.65,0.7361,IRL
IRL,1964,both,80,6.0,86.0,70.45,26.6,0.7334999999999999,IRL
IRL,1965,both,80,5.94,85.94,70.64,24.76,0.7426999999999999,IRL
IRL,1966,both,80,5.64,85.64,70.15,24.25,0.7361,IRL
IRL,1967,both,80,6.31,86.31,71.2,23.96,0.7505,IRL
IRL,1968,both,80,5.98,85.98,70.88,20.76,0.7426,IRL
IRL,1969,both,80,5.96,85.96,70.8,20.64,0.7406,IRL
IRL,1970,both,80,6.09,86.09,70.83,19.44,0.7394,IRL
IRL,1971,both,80,6.33,86.33,71.62,18.29,0.7534000000000001,IRL
IRL,1972,both,80,5.97,85.97,70.96,18.13,0.7442,IRL
IRL,1973,both,80,6.04,86.04,71.17,17.86,0.7486,IRL
IRL,1974,both,80,5.89,85.89,71.11,17.72,0.7495999999999999,IRL
IRL,1975,both,80,6.2,86.2,71.69,17.18,0.7597,IRL
IRL,1976,both,80,5.98,85.98,71.8,15.53,0.7637,IRL
IRL,1977,both,80,6.11,86.11,71.94,15.59,0.764,IRL
IRL,1978,both,80,6.05,86.05,71.93,14.84,0.7605,IRL
IRL,1979,both,80,6.15,86.15,72.18,12.87,0.7642,IRL
IRL,1980,both,80,6.23,86.23,72.54,11.15,0.7679,IRL
IRL,1981,both,80,6.36,86.36,72.89,10.16,0.7781999999999999,IRL
IRL,1982,both,80,6.45,86.45,73.16,10.4,0.7829,IRL
IRL,1983,both,80,6.36,86.36,73.18,9.82,0.7816,IRL
IRL,1984,both,80,6.51,86.51,73.62,9.49,0.7887000000000001,IRL
IRL,1985,both,80,6.39,86.39,73.56,8.74,0.7912,IRL
IRL,1986,both,80,6.3,86.3,73.61,8.88,0.7934,IRL
IRL,1987,both,80,6.71,86.71,74.41,7.78,0.8048000000000001,IRL
IRL,1988,both,80,6.75,86.75,74.43,8.54,0.8062999999999999,IRL
IRL,1989,both,80,6.66,86.66,74.45,7.91,0.8105,IRL
IRL,1990,both,80,6.74,86.74,74.84,8.24,0.8146,IRL
IRL,1991,both,80,6.9,86.9,75.03,7.54,0.8192,IRL
IRL,1992,both,80,6.98,86.98,75.43,6.34,0.8284999999999999,IRL
IRL,1993,both,80,6.72,86.72,75.29,6.04,0.8271999999999999,IRL
IRL,1994,both,80,6.99,86.99,75.8,5.69,0.8331999999999999,IRL
IRL,1995,both,80,6.88,86.88,75.48,6.33,0.8317,IRL
IRL,1996,both,80,6.89,86.89,75.83,6.16,0.8378,IRL
IRL,1997,both,80,7.02,87.02,75.98,6.21,0.8384999999999999,IRL
IRL,1998,both,80,7.05,87.05,76.19,5.98,0.8412999999999999,IRL
IRL,1999,both,80,6.89,86.89,76.1,5.91,0.8438,IRL
IRL,2000,both,80,7.13,87.13,76.54,6.22,0.8471,IRL
IRL,2001,both,80,7.37,87.37,77.11,6.03,0.8539,IRL
IRL,2002,both,80,7.47,87.47,77.61,5.36,0.8603000000000001,IRL
IRL,2003,both,80,7.67,87.67,78.12,5.38,0.8645999999999999,IRL
IRL,2004,both,80,7.85,87.85,78.52,4.67,0.8689,IRL
IRL,2005,both,80,7.99,87.99,78.92,3.85,0.8744,IRL
IRL,2006,both,80,8.02,88.02,79.16,4.06,0.8774,IRL
IRL,2007,both,80,8.22,88.22,79.28,3.7,0.8764,IRL
IRL,2008,both,80,8.32,88.32,79.53,4.17,0.8783,IRL
IRL,2009,both,80,8.49,88.49,79.8,3.61,0.8795000000000001,IRL
IRL,2010,both,80,8.65,88.65,80.34,3.86,0.8878,IRL
IRL,2011,both,80,8.76,88.76,80.5,3.7,0.8872,IRL
IRL,2012,both,80,8.65,88.65,80.57,3.53,0.8887,IRL
IRL,2013,both,80,8.68,88.68,80.78,3.68,0.8926000000000001,IRL
IRL,2014,both,80,8.9,88.9,80.99,3.66,0.8943000000000001,IRL
IRL,2015,both,80,8.79,88.78999999999999,81.07,3.77,0.8973,IRL
IRL,2016,both,80,8.85,88.85,81.22,3.42,0.8989,IRL
IRL,2017,both,80,9.0,89.0,81.61,3.26,0.9031,IRL
IRL,2018,both,80,9.11,89.11,81.64,3.04,0.9018,IRL
IRL,2019,both,80,9.24,89.24,81.91,3.2,0.902,IRL
IRL,2020,both,80,9.13,89.13,81.9,3.36,0.9048,IRL
IRL,2021,both,80,9.06,89.06,81.7,3.61,0.901,IRL
IRL,2022,both,80,9.13,89.13,81.99,3.28,0.9065,IRL
ISL,1838,both,80,4.7,84.7,32.54,308.02,0.2012999999999999,Iceland
ISL,1839,both,80,4.99,84.99,28.07,316.38,0.1572,Iceland
ISL,1840,both,80,5.94,85.94,32.08,300.34,0.2241,Iceland
ISL,1841,both,80,5.11,85.11,40.35,260.8,0.3251,Iceland
ISL,1842,both,80,5.95,85.95,40.23,218.19,0.2703,Iceland
ISL,1843,both,80,2.41,82.41,25.5,356.04,0.0507,Iceland
ISL,1844,both,80,6.73,86.73,42.97,230.31,0.3332,Iceland
ISL,1845,both,80,7.44,87.44,41.47,247.47,0.295,Iceland
ISL,1846,both,80,2.58,82.58,18.68,534.11,0.0527,Iceland
ISL,1847,both,80,10.8,90.8,33.41,364.93,0.2425,Iceland
ISL,1848,both,80,10.8,90.8,41.78,253.18,0.3128,Iceland
ISL,1849,both,80,8.77,88.77,37.34,250.1,0.3162,Iceland
ISL,1850,both,80,8.45,88.45,36.74,253.49,0.3182999999999999,Iceland
ISL,1851,both,80,6.3,86.3,30.14,248.75,0.2203,Iceland
ISL,1852,both,80,7.52,87.52,42.15,219.69,0.335,Iceland
ISL,1853,both,80,7.9,87.9,48.69,202.14,0.4332,Iceland
ISL,1854,both,80,6.0,86.0,43.16,222.11,0.3342,Iceland
ISL,1855,both,80,4.31,84.31,38.24,248.96,0.2364,Iceland
ISL,1856,both,80,6.32,86.32,42.41,236.39,0.3497999999999999,Iceland
ISL,1857,both,80,7.63,87.63,39.52,225.35,0.3309,Iceland
ISL,1858,both,80,6.28,86.28,34.88,225.47,0.2415,Iceland
ISL,1859,both,80,3.92,83.92,29.82,277.18,0.1588,Iceland
ISL,1860,both,80,3.82,83.82,19.84,306.91,0.0907,Iceland
ISL,1861,both,80,5.44,85.44,27.18,268.08,0.1726,Iceland
ISL,1862,both,80,3.44,83.44,27.1,315.55,0.1046,Iceland
ISL,1863,both,80,4.31,84.31,35.22,222.73,0.1812,Iceland
ISL,1864,both,80,6.17,86.17,34.97,235.65,0.2246,Iceland
ISL,1865,both,80,5.41,85.41,34.24,226.21,0.2108,Iceland
ISL,1866,both,80,2.99,82.99,27.28,274.33,0.0838,Iceland
ISL,1867,both,80,5.97,85.97,37.67,248.58,0.2697,Iceland
ISL,1868,both,80,6.31,86.31,34.79,257.2,0.2214999999999999,Iceland
ISL,1869,both,80,5.24,85.24,28.17,309.61,0.1442999999999999,Iceland
ISL,1870,both,80,5.17,85.17,38.44,218.48,0.2515,Iceland
ISL,1871,both,80,5.93,85.93,35.14,246.18,0.2259,Iceland
ISL,1872,both,80,5.62,85.62,25.31,334.27,0.1565,Iceland
ISL,1873,both,80,3.96,83.96,36.69,196.32,0.2084,Iceland
ISL,1874,both,80,6.62,86.62,39.63,165.75,0.3106,Iceland
ISL,1875,both,80,6.43,86.43,36.61,180.41,0.2731,Iceland
ISL,1876,both,80,5.03,85.03,40.34,184.62,0.3252,Iceland
ISL,1877,both,80,5.58,85.58,44.69,143.01,0.3605,Iceland
ISL,1878,both,80,5.18,85.18,41.37,181.92,0.3087999999999999,Iceland
ISL,1879,both,80,5.23,85.23,39.49,139.76,0.2239999999999999,Iceland
ISL,1880,both,80,6.25,86.25,42.41,168.98,0.3373,Iceland
ISL,1881,both,80,5.34,85.34,35.96,224.48,0.2758,Iceland
ISL,1882,both,80,5.85,85.85,17.94,411.1,0.0992,Iceland
ISL,1883,both,80,4.31,84.31,29.78,271.23,0.1846,Iceland
ISL,1884,both,80,5.27,85.27,42.11,151.65,0.314,Iceland
ISL,1885,both,80,5.89,85.89,45.64,148.13,0.3785,Iceland
ISL,1886,both,80,5.52,85.52,45.05,137.05,0.3595,Iceland
ISL,1887,both,80,4.51,84.51,40.69,155.9,0.2692,Iceland
ISL,1888,both,80,6.15,86.15,46.76,129.06,0.3561999999999999,Iceland
ISL,1889,both,80,6.61,86.61,52.51,101.2,0.4224,Iceland
ISL,1890,both,80,4.14,84.14,36.76,228.09,0.2269,Iceland
ISL,1891,both,80,5.93,85.93,47.33,148.99,0.3948,Iceland
ISL,1892,both,80,5.03,85.03,52.79,104.83,0.4403,Iceland
ISL,1893,both,80,5.89,85.89,52.57,91.39,0.4239,Iceland
ISL,1894,both,80,3.42,83.42,44.8,126.68,0.2732,Iceland
ISL,1895,both,80,7.4,87.4,52.37,137.07,0.4487,Iceland
ISL,1896,both,80,5.62,85.62,53.17,104.37,0.4799,Iceland
ISL,1897,both,80,5.66,85.66,48.58,128.39,0.4045,Iceland
ISL,1898,both,80,4.91,84.91,44.35,144.97,0.3261,Iceland
ISL,1899,both,80,5.18,85.18,49.75,92.74,0.381,Iceland
ISL,1900,both,80,4.91,84.91,46.59,126.39,0.3439,Iceland
ISL,1901,both,80,6.15,86.15,52.93,83.3,0.4435,Iceland
ISL,1902,both,80,8.16,88.16,50.93,118.94,0.4608,Iceland
ISL,1903,both,80,5.42,85.42,48.7,122.4,0.434,Iceland
ISL,1904,both,80,4.91,84.91,52.67,77.01,0.4536,Iceland
ISL,1905,both,80,4.94,84.94,49.45,105.98,0.3939,Iceland
ISL,1906,both,80,5.73,85.73,53.51,83.43,0.4639,Iceland
ISL,1907,both,80,5.26,85.26,49.76,115.61,0.4266,Iceland
ISL,1908,both,80,5.11,85.11,45.71,162.19,0.4057,Iceland
ISL,1909,both,80,6.61,86.61,52.46,120.23,0.4897999999999999,Iceland
ISL,1910,both,80,5.82,85.82,52.64,102.11,0.4623,Iceland
ISL,1911,both,80,5.87,85.87,55.39,80.94,0.5062,Iceland
ISL,1912,both,80,5.61,85.61,55.99,66.67,0.5125,Iceland
ISL,1913,both,80,6.3,86.3,58.94,66.04,0.5616,Iceland
ISL,1914,both,80,5.41,85.41,51.91,91.95,0.4415,Iceland
ISL,1915,both,80,5.12,85.12,53.52,69.77,0.4526,Iceland
ISL,1916,both,80,5.21,85.21,54.41,79.7,0.5028,Iceland
ISL,1917,both,80,5.59,85.59,59.0,60.12,0.5672999999999999,Iceland
ISL,1918,both,80,6.31,86.31,51.07,46.6,0.3971,Iceland
ISL,1919,both,80,5.51,85.51,58.46,69.72,0.5649000000000001,Iceland
ISL,1920,both,80,5.28,85.28,54.63,86.17,0.5091,Iceland
ISL,1921,both,80,4.94,84.94,54.13,54.13,0.4717,Iceland
ISL,1922,both,80,6.41,86.41,56.89,54.67,0.5115999999999999,Iceland
ISL,1923,both,80,5.56,85.56,57.68,51.56,0.5284,Iceland
ISL,1924,both,80,5.69,85.69,54.08,55.58,0.4765,Iceland
ISL,1925,both,80,6.28,86.28,58.22,46.63,0.5318,Iceland
ISL,1926,both,80,6.22,86.22,60.72,50.46,0.5721,Iceland
ISL,1927,both,80,6.05,86.05,58.09,79.99,0.5659000000000001,Iceland
ISL,1928,both,80,6.59,86.59,61.71,45.44,0.5887,Iceland
ISL,1929,both,80,6.32,86.32,60.54,43.6,0.5764,Iceland
ISL,1930,both,80,6.41,86.41,60.18,46.99,0.5598,Iceland
ISL,1931,both,80,5.87,85.87,60.84,48.37,0.57,Iceland
ISL,1932,both,80,6.73,86.73,62.08,44.23,0.5934,Iceland
ISL,1933,both,80,7.37,87.37,62.91,41.6,0.6074,Iceland
ISL,1934,both,80,6.24,86.24,63.35,52.3,0.6203,Iceland
ISL,1935,both,80,6.44,86.44,59.49,66.11,0.5803,Iceland
ISL,1936,both,80,6.59,86.59,62.69,47.66,0.6285000000000001,Iceland
ISL,1937,both,80,5.9,85.9,63.47,30.96,0.6282,Iceland
ISL,1938,both,80,6.28,86.28,65.02,28.39,0.6396999999999999,Iceland
ISL,1939,both,80,6.21,86.21,65.98,36.59,0.6725,Iceland
ISL,1940,both,80,5.93,85.93,65.77,36.82,0.6742,Iceland
ISL,1941,both,80,6.12,86.12,63.12,34.74,0.6118,Iceland
ISL,1942,both,80,6.28,86.28,64.12,54.42,0.6347999999999999,Iceland
ISL,1943,both,80,6.82,86.82,65.22,31.07,0.6474,Iceland
ISL,1944,both,80,6.06,86.06,66.72,39.79,0.6833,Iceland
ISL,1945,both,80,6.8,86.8,67.55,34.43,0.688,Iceland
ISL,1946,both,80,7.34,87.34,68.49,28.84,0.6919,Iceland
ISL,1947,both,80,6.44,86.44,69.32,23.32,0.7058,Iceland
ISL,1948,both,80,7.07,87.07,70.2,26.18,0.7351000000000001,Iceland
ISL,1949,both,80,6.48,86.48,71.39,24.15,0.7653,Iceland
ISL,1950,both,80,7.01,87.01,71.03,22.26,0.7426,Iceland
ISL,1951,both,80,6.74,86.74,71.02,26.42,0.7342,Iceland
ISL,1952,both,80,6.99,86.99,72.44,21.01,0.7691,Iceland
ISL,1953,both,80,6.53,86.53,72.29,19.37,0.7815000000000001,Iceland
ISL,1954,both,80,7.15,87.15,73.34,18.21,0.8024,Iceland
ISL,1955,both,80,6.76,86.76,73.29,22.62,0.7918000000000001,Iceland
ISL,1956,both,80,6.89,86.89,72.92,17.7,0.7870999999999999,Iceland
ISL,1957,both,80,6.44,86.44,73.4,17.07,0.7956,Iceland
ISL,1958,both,80,6.71,86.71,73.35,18.48,0.7883,Iceland
ISL,1959,both,80,6.43,86.43,72.64,16.71,0.7684000000000001,Iceland
ISL,1960,both,80,6.53,86.53,74.06,13.21,0.794,Iceland
ISL,1961,both,80,6.64,86.64,73.39,18.44,0.7911,Iceland
ISL,1962,both,80,6.8,86.8,73.63,17.35,0.7956,Iceland
ISL,1963,both,80,6.72,86.72,72.96,17.19,0.7763,Iceland
ISL,1964,both,80,6.6,86.6,73.53,17.54,0.7931,Iceland
ISL,1965,both,80,6.87,86.87,73.81,15.07,0.7848,Iceland
ISL,1966,both,80,6.85,86.85,73.15,13.76,0.7842,Iceland
ISL,1967,both,80,6.66,86.66,73.7,12.97,0.7966,Iceland
ISL,1968,both,80,6.34,86.34,73.89,13.51,0.7943000000000001,Iceland
ISL,1969,both,80,6.5,86.5,73.67,11.6,0.7897,Iceland
ISL,1970,both,80,6.58,86.58,73.79,12.93,0.7867000000000001,Iceland
ISL,1971,both,80,6.78,86.78,73.51,13.64,0.7845,Iceland
ISL,1972,both,80,6.97,86.97,74.42,12.03,0.7868,Iceland
ISL,1973,both,80,7.17,87.17,74.29,9.51,0.7951,Iceland
ISL,1974,both,80,7.27,87.27,74.3,11.4,0.7879999999999999,Iceland
ISL,1975,both,80,7.78,87.78,75.3,12.99,0.7998000000000001,Iceland
ISL,1976,both,80,8.19,88.19,76.68,7.72,0.826,Iceland
ISL,1977,both,80,7.79,87.79,76.08,9.35,0.8240999999999999,Iceland
ISL,1978,both,80,8.37,88.37,76.38,11.81,0.8122,Iceland
ISL,1979,both,80,8.02,88.02,76.58,5.53,0.8136,Iceland
ISL,1980,both,80,8.08,88.08,76.6,7.67,0.8298000000000001,Iceland
ISL,1981,both,80,7.56,87.56,76.3,5.93,0.8288,Iceland
ISL,1982,both,80,8.12,88.12,76.93,7.01,0.8340000000000001,Iceland
ISL,1983,both,80,7.93,87.93,76.56,5.69,0.8312999999999999,Iceland
ISL,1984,both,80,8.62,88.62,77.39,5.61,0.8462999999999999,Iceland
ISL,1985,both,80,8.03,88.03,77.51,5.54,0.8547,Iceland
ISL,1986,both,80,8.31,88.31,78.02,3.1,0.8501000000000001,Iceland
ISL,1987,both,80,8.13,88.13,77.19,7.47,0.8456999999999999,Iceland
ISL,1988,both,80,7.9,87.9,77.04,6.5,0.836,Iceland
ISL,1989,both,80,7.92,87.92,78.11,5.43,0.861,Iceland
ISL,1990,both,80,8.69,88.69,77.91,5.92,0.8481000000000001,Iceland
ISL,1991,both,80,7.93,87.93,77.89,5.32,0.8548,Iceland
ISL,1992,both,80,8.2,88.2,78.73,4.8,0.8686,Iceland
ISL,1993,both,80,8.16,88.16,78.94,4.67,0.8745999999999999,Iceland
ISL,1994,both,80,8.39,88.39,79.19,3.09,0.871,Iceland
ISL,1995,both,80,7.93,87.93,77.99,5.92,0.8628,Iceland
ISL,1996,both,80,7.95,87.95,78.81,3.71,0.8764,Iceland
ISL,1997,both,80,8.37,88.37,78.86,5.34,0.8658,Iceland
ISL,1998,both,80,8.06,88.06,79.62,2.62,0.8881999999999999,Iceland
ISL,1999,both,80,7.68,87.68,79.41,2.38,0.8798,Iceland
ISL,2000,both,80,8.47,88.47,79.7,3.05,0.8772,Iceland
ISL,2001,both,80,8.83,88.83,80.57,2.57,0.8917,Iceland
ISL,2002,both,80,8.4,88.4,80.43,2.17,0.8883,Iceland
ISL,2003,both,80,8.33,88.33,81.0,2.44,0.9024,Iceland
ISL,2004,both,80,8.91,88.91,80.9,2.82,0.8954000000000001,Iceland
ISL,2005,both,80,8.55,88.55,81.37,2.36,0.9016,Iceland
ISL,2006,both,80,8.9,88.9,81.08,1.36,0.8963,Iceland
ISL,2007,both,80,8.84,88.84,81.24,2.0,0.9031,Iceland
ISL,2008,both,80,8.75,88.75,81.42,2.52,0.9111,Iceland
ISL,2009,both,80,8.84,88.84,81.62,1.83,0.909,Iceland
ISL,2010,both,80,8.76,88.76,81.73,2.22,0.9142,Iceland
ISL,2011,both,80,9.13,89.13,82.11,0.85,0.9138,Iceland
ISL,2012,both,80,9.13,89.13,82.55,1.13,0.9121,Iceland
ISL,2013,both,80,8.83,88.83,81.86,1.8,0.9134,Iceland
ISL,2014,both,80,9.34,89.34,82.57,2.08,0.9117,Iceland
ISL,2015,both,80,8.94,88.94,82.3,2.12,0.9165,Iceland
ISL,2016,both,80,8.89,88.89,81.99,0.74,0.9166,Iceland
ISL,2017,both,80,9.06,89.06,82.32,2.72,0.916,Iceland
ISL,2018,both,80,9.19,89.19,82.56,1.7,0.9138,Iceland
ISL,2019,both,80,9.25,89.25,82.9,1.15,0.9134,Iceland
ISL,2020,both,80,9.46,89.46000000000001,82.76,2.87,0.9128,Iceland
ISL,2021,both,80,9.66,89.66,82.89,3.38,0.9145,Iceland
ISL,2022,both,80,8.93,88.93,82.05,1.29,0.9108,Iceland
ISL,2023,both,80,9.17,89.17,82.29,2.3,0.9033,Iceland
ISR,1983,both,80,7.24,87.24,74.82,13.89,0.8172,ISR
ISR,1984,both,80,7.36,87.36,75.12,12.67,0.8190999999999999,ISR
ISR,1985,both,80,7.41,87.41,75.45,11.92,0.825,ISR
ISR,1986,both,80,7.32,87.32,75.27,11.61,0.8217,ISR
ISR,1987,both,80,7.55,87.55,75.66,11.02,0.8255,ISR
ISR,1988,both,80,7.72,87.72,76.02,10.09,0.8321,ISR
ISR,1989,both,80,7.98,87.98,76.61,10.04,0.8392000000000001,ISR
ISR,1990,both,80,8.21,88.21000000000001,77.08,9.94,0.8452,ISR
ISR,1991,both,80,8.03,88.03,76.94,9.19,0.8447,ISR
ISR,1992,both,80,7.8,87.8,76.8,9.52,0.8422,ISR
ISR,1993,both,80,7.97,87.97,77.39,7.8,0.8504,ISR
ISR,1994,both,80,8.05,88.05,77.64,7.58,0.8540000000000001,ISR
ISR,1995,both,80,7.9,87.9,77.62,6.81,0.8564,ISR
ISR,1996,both,80,8.19,88.19,78.23,6.36,0.8618000000000001,ISR
ISR,1997,both,80,8.17,88.17,78.16,6.47,0.8634000000000001,ISR
ISR,1998,both,80,8.1,88.1,78.36,6.02,0.8639,ISR
ISR,1999,both,80,8.13,88.13,78.65,5.89,0.8708,ISR
ISR,2000,both,80,8.27,88.27,78.85,5.5,0.872,ISR
ISR,2001,both,80,8.47,88.47,79.27,5.12,0.8771,ISR
ISR,2002,both,80,8.45,88.45,79.28,5.43,0.8771,ISR
ISR,2003,both,80,8.53,88.53,79.64,5.04,0.8820999999999999,ISR
ISR,2004,both,80,8.73,88.73,80.11,4.65,0.8868,ISR
ISR,2005,both,80,8.67,88.67,80.2,4.35,0.8861,ISR
ISR,2006,both,80,8.86,88.86,80.57,4.06,0.8917,ISR
ISR,2007,both,80,8.8,88.8,80.67,3.95,0.8939,ISR
ISR,2008,both,80,9.0,89.0,81.02,3.91,0.8956999999999999,ISR
ISR,2009,both,80,9.27,89.27,81.53,3.93,0.9004000000000001,ISR
ISR,2010,both,80,9.3,89.3,81.67,3.72,0.9026,ISR
ISR,2011,both,80,9.22,89.22,81.72,3.53,0.9017,ISR
ISR,2012,both,80,9.16,89.16,81.77,3.61,0.9057,ISR
ISR,2013,both,80,9.36,89.36,82.12,3.14,0.9055,ISR
ISR,2014,both,80,9.4,89.4,82.26,3.15,0.9076,ISR
ISR,2015,both,80,9.32,89.32,82.16,3.15,0.9088,ISR
ISR,2016,both,80,9.53,89.53,82.5,3.15,0.9098,ISR
ITA,1872,both,80,4.94,84.94,29.76,233.41,0.2122,Italy
ITA,1873,both,80,4.68,84.68,31.66,207.17,0.2255,Italy
ITA,1874,both,80,4.57,84.57,31.81,214.31,0.2246999999999999,Italy
ITA,1875,both,80,4.96,84.96,31.39,218.2,0.2244,Italy
ITA,1876,both,80,5.32,85.32,33.67,203.88,0.2498999999999999,Italy
ITA,1877,both,80,4.94,84.94,34.96,199.28,0.2603999999999999,Italy
ITA,1878,both,80,4.84,84.84,34.39,199.18,0.2517,Italy
ITA,1879,both,80,4.62,84.62,34.01,207.26,0.2487,Italy
ITA,1880,both,80,4.51,84.51,32.82,213.27,0.2307,Italy
ITA,1881,both,80,5.27,85.27,34.27,219.57,0.2666,Italy
ITA,1882,both,80,5.25,85.25,34.35,214.4,0.2739,Italy
ITA,1883,both,80,4.84,84.84,35.23,196.02,0.2822,Italy
ITA,1884,both,80,4.83,84.83,36.67,187.87,0.2930999999999999,Italy
ITA,1885,both,80,4.75,84.75,36.92,189.75,0.3005,Italy
ITA,1886,both,80,4.57,84.57,35.18,193.04,0.2706,Italy
ITA,1887,both,80,4.61,84.61,36.05,195.5,0.2853,Italy
ITA,1888,both,80,4.48,84.48,37.02,193.5,0.2974,Italy
ITA,1889,both,80,4.71,84.71,39.13,184.28,0.3289,Italy
ITA,1890,both,80,4.54,84.54,38.58,189.03,0.3173999999999999,Italy
ITA,1891,both,80,4.58,84.58,38.55,185.15,0.3254999999999999,Italy
ITA,1892,both,80,4.58,84.58,38.93,181.96,0.3214,Italy
ITA,1893,both,80,4.73,84.73,39.88,178.07,0.3356,Italy
ITA,1894,both,80,4.84,84.84,40.0,178.38,0.3363,Italy
ITA,1895,both,80,4.83,84.83,39.69,184.0,0.3337,Italy
ITA,1896,both,80,4.9,84.9,40.76,175.83,0.345,Italy
ITA,1897,both,80,5.1,85.1,43.35,163.4,0.3799,Italy
ITA,1898,both,80,4.82,84.82,42.38,167.22,0.3642,Italy
ITA,1899,both,80,4.92,84.92,43.71,155.96,0.3797,Italy
ITA,1900,both,80,4.33,84.33,41.85,167.62,0.3550999999999999,Italy
ITA,1901,both,80,4.56,84.56,43.64,163.71,0.3803,Italy
ITA,1902,both,80,4.68,84.68,43.01,172.93,0.3791,Italy
ITA,1903,both,80,4.56,84.56,43.2,165.24,0.3743999999999999,Italy
ITA,1904,both,80,4.87,84.87,44.4,163.34,0.3924,Italy
ITA,1905,both,80,4.53,84.53,43.99,162.72,0.385,Italy
ITA,1906,both,80,4.81,84.81,45.11,158.13,0.4040999999999999,Italy
ITA,1907,both,80,4.64,84.64,45.48,152.98,0.4034,Italy
ITA,1908,both,80,4.4,84.4,43.11,168.51,0.3712,Italy
ITA,1909,both,80,4.48,84.48,44.8,152.2,0.3935,Italy
ITA,1910,both,80,4.74,84.74,46.72,144.92,0.4244,Italy
ITA,1911,both,80,4.32,84.32,44.83,154.08,0.3964,Italy
ITA,1912,both,80,4.93,84.93,48.85,134.14,0.4552,Italy
ITA,1913,both,80,4.85,84.85,48.49,134.0,0.4503999999999999,Italy
ITA,1914,both,80,4.89,84.89,49.86,129.26,0.4632,Italy
ITA,1915,both,80,4.37,84.37,42.63,147.04,0.3636999999999999,Italy
ITA,1916,both,80,4.56,84.56,39.71,145.02,0.3265,Italy
ITA,1917,both,80,4.31,84.31,38.08,142.9,0.2935999999999999,Italy
ITA,1918,both,80,4.0,84.0,25.82,182.83,0.1328,Italy
ITA,1919,both,80,4.37,84.37,41.7,155.89,0.3396,Italy
ITA,1920,both,80,4.72,84.72,45.82,139.59,0.4049,Italy
ITA,1921,both,80,4.69,84.69,49.17,137.38,0.4617,Italy
ITA,1922,both,80,4.41,84.41,50.12,126.12,0.4673,Italy
ITA,1923,both,80,4.83,84.83,51.48,121.64,0.4904,Italy
ITA,1924,both,80,4.71,84.71,51.53,121.4,0.482,Italy
ITA,1925,both,80,4.6,84.6,51.28,118.85,0.4797,Italy
ITA,1926,both,80,4.55,84.55,50.96,123.92,0.479,Italy
ITA,1927,both,80,4.7,84.7,52.57,119.55,0.5021,Italy
ITA,1928,both,80,4.58,84.58,52.66,118.33,0.5038,Italy
ITA,1929,both,80,4.33,84.33,52.27,121.65,0.4952,Italy
ITA,1930,both,80,5.41,85.41,55.17,107.97,0.5366,Italy
ITA,1931,both,80,4.88,84.88,54.8,108.19,0.5297,Italy
ITA,1932,both,80,4.9,84.9,54.74,108.19,0.5278,Italy
ITA,1933,both,80,5.13,85.13,56.25,100.23,0.5477000000000001,Italy
ITA,1934,both,80,5.27,85.27,56.88,97.15,0.5589,Italy
ITA,1935,both,80,4.99,84.99,56.2,100.68,0.5479999999999999,Italy
ITA,1936,both,80,4.96,84.96,56.74,97.53,0.5545,Italy
ITA,1937,both,80,4.92,84.92,55.4,110.14,0.5392,Italy
ITA,1938,both,80,4.89,84.89,56.15,106.81,0.5526,Italy
ITA,1939,both,80,4.91,84.91,57.6,97.18,0.5711999999999999,Italy
ITA,1940,both,80,4.65,84.65,56.95,102.07,0.5631,Italy
ITA,1941,both,80,4.59,84.59,54.77,106.23,0.531,Italy
ITA,1942,both,80,4.52,84.52,52.45,112.83,0.4945,Italy
ITA,1943,both,80,4.58,84.58,49.44,111.89,0.4378,Italy
ITA,1944,both,80,4.5,84.5,52.49,99.78,0.4775999999999999,Italy
ITA,1945,both,80,4.89,84.89,54.86,103.35,0.526,Italy
ITA,1946,both,80,5.3,85.3,58.94,97.22,0.5988,Italy
ITA,1947,both,80,5.35,85.35,61.2,83.55,0.6248,Italy
ITA,1948,both,80,5.59,85.59,63.42,72.58,0.6547,Italy
ITA,1949,both,80,5.49,85.49,64.15,70.65,0.6694,Italy
ITA,1950,both,80,5.72,85.72,65.72,63.75,0.6876000000000001,Italy
ITA,1951,both,80,5.31,85.31,65.31,64.36,0.6836,Italy
ITA,1952,both,80,5.31,85.31,65.91,62.88,0.6934999999999999,Italy
ITA,1953,both,80,5.33,85.33,66.57,57.89,0.7026,Italy
ITA,1954,both,80,5.77,85.77,67.86,54.04,0.7190000000000001,Italy
ITA,1955,both,80,5.85,85.85,68.25,50.55,0.7237,Italy
ITA,1956,both,80,5.19,85.19,67.64,48.61,0.7141,Italy
ITA,1957,both,80,5.66,85.66,67.78,50.38,0.7134999999999999,Italy
ITA,1958,both,80,5.93,85.93,68.85,47.9,0.7311,Italy
ITA,1959,both,80,6.09,86.09,69.3,46.16,0.7356,Italy
ITA,1960,both,80,5.8,85.8,69.21,43.88,0.7345,Italy
ITA,1961,both,80,6.07,86.07,69.82,41.66,0.7409,Italy
ITA,1962,both,80,5.73,85.73,69.22,42.21,0.7326,Italy
ITA,1963,both,80,5.78,85.78,69.31,40.55,0.7333,Italy
ITA,1964,both,80,6.2,86.2,70.38,37.03,0.7474,Italy
ITA,1965,both,80,5.93,85.93,70.26,35.31,0.7471,Italy
ITA,1966,both,80,6.24,86.24,71.0,34.39,0.7579,Italy
ITA,1967,both,80,6.16,86.16,71.03,32.7,0.7589,Italy
ITA,1968,both,80,5.95,85.95,70.87,32.19,0.7578,Italy
ITA,1969,both,80,6.34,86.34,70.86,30.97,0.7531,Italy
ITA,1970,both,80,6.34,86.34,71.63,29.13,0.7668,Italy
ITA,1971,both,80,6.35,86.35,71.88,28.77,0.7705,Italy
ITA,1972,both,80,6.51,86.51,72.14,26.88,0.7728,Italy
ITA,1973,both,80,6.2,86.2,72.11,25.87,0.7757,Italy
ITA,1974,both,80,6.44,86.44,72.8,22.88,0.7837000000000001,Italy
ITA,1975,both,80,6.29,86.29,72.73,20.51,0.7828,Italy
ITA,1976,both,80,6.39,86.39,73.07,18.91,0.787,Italy
ITA,1977,both,80,6.47,86.47,73.44,17.62,0.7926000000000001,Italy
ITA,1978,both,80,6.63,86.63,73.78,16.71,0.7962,Italy
ITA,1979,both,80,6.7,86.7,74.11,15.18,0.8004000000000001,Italy
ITA,1980,both,80,6.66,86.66,74.05,14.31,0.8006,Italy
ITA,1981,both,80,6.73,86.73,74.44,14.01,0.8061,Italy
ITA,1982,both,80,6.96,86.96,74.91,12.97,0.8122,Italy
ITA,1983,both,80,6.69,86.69,74.73,11.86,0.8109999999999999,Italy
ITA,1984,both,80,7.12,87.12,75.49,11.08,0.8199,Italy
ITA,1985,both,80,7.05,87.05,75.6,10.23,0.823,Italy
ITA,1986,both,80,7.16,87.16,75.91,9.87,0.8271,Italy
ITA,1987,both,80,7.44,87.44,76.34,9.66,0.831,Italy
ITA,1988,both,80,7.44,87.44,76.52,9.28,0.8347,Italy
ITA,1989,both,80,7.66,87.66,76.92,8.56,0.8395999999999999,Italy
ITA,1990,both,80,7.63,87.63,76.99,8.13,0.8422,Italy
ITA,1991,both,80,7.67,87.67,76.99,8.4,0.8417,Italy
ITA,1992,both,80,7.88,87.88,77.36,8.22,0.8469,Italy
ITA,1993,both,80,7.92,87.92,77.65,6.94,0.852,Italy
ITA,1994,both,80,8.01,88.01,77.87,6.43,0.8545999999999999,Italy
ITA,1995,both,80,8.14,88.14,78.12,6.16,0.8578,Italy
ITA,1996,both,80,8.28,88.28,78.43,6.12,0.8619,Italy
ITA,1997,both,80,8.27,88.27,78.73,5.47,0.8668,Italy
ITA,1998,both,80,8.22,88.22,78.81,5.38,0.8691,Italy
ITA,1999,both,80,8.31,88.31,79.21,5.13,0.8744,Italy
ITA,2000,both,80,8.48,88.48,79.61,4.53,0.8784000000000001,Italy
ITA,2001,both,80,8.63,88.63,79.89,4.66,0.8809999999999999,Italy
ITA,2002,both,80,8.67,88.67,80.11,4.42,0.8844,Italy
ITA,2003,both,80,8.44,88.44,80.19,3.73,0.8876999999999999,Italy
ITA,2004,both,80,9.04,89.03999999999999,81.02,3.81,0.8936,Italy
ITA,2005,both,80,8.84,88.84,81.02,3.59,0.8959,Italy
ITA,2006,both,80,9.06,89.06,81.41,3.45,0.8984000000000001,Italy
ITA,2007,both,80,9.0,89.0,81.49,3.31,0.9004000000000001,Italy
ITA,2008,both,80,8.99,88.99,81.64,3.34,0.9024,Italy
ITA,2009,both,80,9.05,89.05,81.76,3.43,0.9035,Italy
ITA,2010,both,80,9.18,89.18,82.13,3.18,0.9078,Italy
ITA,2011,both,80,9.22,89.22,82.23,3.08,0.9087,Italy
ITA,2012,both,80,9.14,89.14,82.25,2.98,0.91,Italy
ITA,2013,both,80,9.39,89.39,82.65,2.91,0.9129,Italy
ITA,2014,both,80,9.54,89.53999999999999,82.9,2.74,0.9148,Italy
ITA,2015,both,80,9.2,89.2,82.51,2.85,0.9129,Italy
ITA,2016,both,80,9.58,89.58,83.04,2.81,0.9167,Italy
ITA,2017,both,80,9.36,89.36,82.72,2.87,0.9143,Italy
ITA,2018,both,80,9.66,89.66,83.19,2.84,0.9178,Italy
ITA,2019,both,80,9.68,89.68,83.35,2.48,0.9202,Italy
ITA,2020,both,80,8.97,88.97,82.19,2.46,0.9131,Italy
ITA,2021,both,80,9.37,89.37,82.54,2.58,0.9128,Italy
ITA,2022,both,80,9.24,89.24,82.68,2.49,0.9168,Italy
ITA,2023,both,80,9.73,89.73,83.38,2.54,0.9211,Italy
JPN,1947,both,80,4.74,84.74,51.71,84.45,0.442,Japan
JPN,1948,both,80,5.54,85.54,56.84,61.37,0.5104,Japan
JPN,1949,both,80,5.44,85.44,57.72,62.66,0.5297,Japan
JPN,1950,both,80,5.17,85.17,59.23,56.11,0.5543,Japan
JPN,1951,both,80,5.38,85.38,60.96,53.61,0.5857,Japan
JPN,1952,both,80,5.52,85.52,62.97,47.6,0.6175999999999999,Japan
JPN,1953,both,80,5.12,85.12,63.3,46.83,0.626,Japan
JPN,1954,both,80,5.67,85.67,64.51,43.4,0.6428,Japan
JPN,1955,both,80,5.74,85.74,65.68,38.99,0.6622,Japan
JPN,1956,both,80,5.35,85.35,65.53,39.64,0.6612,Japan
JPN,1957,both,80,5.11,85.11,65.41,38.36,0.6595,Japan
JPN,1958,both,80,5.7,85.7,67.01,35.36,0.6854,Japan
JPN,1959,both,80,5.62,85.62,67.43,32.88,0.6936,Japan
JPN,1960,both,80,5.4,85.4,67.69,30.56,0.6994,Japan
JPN,1961,both,80,5.41,85.41,68.34,28.45,0.7112,Japan
JPN,1962,both,80,5.25,85.25,68.64,26.44,0.7173999999999999,Japan
JPN,1963,both,80,5.66,85.66,69.72,23.29,0.7331,Japan
JPN,1964,both,80,5.69,85.69,70.17,20.87,0.7413,Japan
JPN,1965,both,80,5.41,85.41,70.23,19.35,0.7443000000000001,Japan
JPN,1966,both,80,5.8,85.8,71.03,16.83,0.7552,Japan
JPN,1967,both,80,5.81,85.81,71.38,16.87,0.7628,Japan
JPN,1968,both,80,5.79,85.79,71.65,15.36,0.7678,Japan
JPN,1969,both,80,5.92,85.92,71.9,14.17,0.7722,Japan
JPN,1970,both,80,5.87,85.87,71.99,13.48,0.7754000000000001,Japan
JPN,1971,both,80,6.14,86.14,72.81,12.77,0.7888,Japan
JPN,1972,both,80,6.28,86.28,73.24,11.78,0.7954000000000001,Japan
JPN,1973,both,80,6.1,86.1,73.41,11.37,0.8012,Japan
JPN,1974,both,80,6.15,86.15,73.84,10.65,0.809,Japan
JPN,1975,both,80,6.29,86.29,74.35,9.69,0.8167,Japan
JPN,1976,both,80,6.34,86.34,74.75,9.15,0.8234,Japan
JPN,1977,both,80,6.65,86.65,75.31,8.79,0.83,Japan
JPN,1978,both,80,6.74,86.74,75.65,8.28,0.8354,Japan
JPN,1979,both,80,6.98,86.98,76.16,7.76,0.8405,Japan
JPN,1980,both,80,6.81,86.81,76.13,7.34,0.8419,Japan
JPN,1981,both,80,6.99,86.99,76.55,7.02,0.8464,Japan
JPN,1982,both,80,7.29,87.29,77.07,6.58,0.8508,Japan
JPN,1983,both,80,7.22,87.22,77.1,6.21,0.8506,Japan
JPN,1984,both,80,7.41,87.41,77.5,5.97,0.8543999999999999,Japan
JPN,1985,both,80,7.5,87.5,77.8,5.43,0.858,Japan
JPN,1986,both,80,7.69,87.69,78.21,5.17,0.8615999999999999,Japan
JPN,1987,both,80,7.89,87.89,78.63,4.91,0.8645999999999999,Japan
JPN,1988,both,80,7.72,87.72,78.54,4.75,0.8654000000000001,Japan
JPN,1989,both,80,8.01,88.01,78.98,4.46,0.8687,Japan
JPN,1990,both,80,7.96,87.96,78.99,4.55,0.8694,Japan
JPN,1991,both,80,8.15,88.15,79.26,4.47,0.871,Japan
JPN,1992,both,80,8.22,88.22,79.3,4.51,0.8706,Japan
JPN,1993,both,80,8.31,88.31,79.44,4.31,0.8721,Japan
JPN,1994,both,80,8.54,88.53999999999999,79.83,4.39,0.8759999999999999,Japan
JPN,1995,both,80,8.49,88.49,79.68,4.17,0.8744,Japan
JPN,1996,both,80,8.95,88.95,80.36,3.83,0.8795999999999999,Japan
JPN,1997,both,80,9.04,89.03999999999999,80.58,3.67,0.8823000000000001,Japan
JPN,1998,both,80,9.21,89.21000000000001,80.65,3.67,0.8812000000000001,Japan
JPN,1999,both,80,9.11,89.11,80.62,3.38,0.8819,Japan
JPN,2000,both,80,9.51,89.51,81.19,3.28,0.8859,Japan
JPN,2001,both,80,9.71,89.71000000000001,81.52,3.08,0.8889,Japan
JPN,2002,both,80,9.89,89.89,81.81,3.01,0.8913,Japan
JPN,2003,both,80,9.91,89.91,81.87,2.97,0.8915000000000001,Japan
JPN,2004,both,80,10.07,90.07,82.15,2.82,0.8933,Japan
JPN,2005,both,80,9.92,89.92,82.03,2.75,0.8931999999999999,Japan
JPN,2006,both,80,10.11,90.11,82.4,2.68,0.8966,Japan
JPN,2007,both,80,10.16,90.16,82.58,2.6,0.8984000000000001,Japan
JPN,2008,both,80,10.15,90.15,82.66,2.58,0.8998999999999999,Japan
JPN,2009,both,80,10.35,90.35,83.0,2.39,0.9019,Japan
JPN,2010,both,80,10.22,90.22,82.95,2.33,0.9026,Japan
JPN,2011,both,80,10.16,90.16,82.7,2.35,0.8994,Japan
JPN,2012,both,80,10.21,90.21000000000001,83.21,2.22,0.9076,Japan
JPN,2013,both,80,10.32,90.32,83.44,2.13,0.9095,Japan
JPN,2014,both,80,10.48,90.48,83.68,2.08,0.9118,Japan
JPN,2015,both,80,10.55,90.55,83.92,1.95,0.9148,Japan
JPN,2016,both,80,10.65,90.65,84.09,1.99,0.9163,Japan
JPN,2017,both,80,10.67,90.67,84.22,1.84,0.9188,Japan
JPN,2018,both,80,10.75,90.75,84.32,1.88,0.9194,Japan
JPN,2019,both,80,10.84,90.84,84.46,1.87,0.9203,Japan
JPN,2020,both,80,11.09,91.09,84.71,1.8,0.9211,Japan
JPN,2021,both,80,10.95,90.95,84.58,1.74,0.9211,Japan
JPN,2022,both,80,10.57,90.57,84.1,1.71,0.9191,Japan
JPN,2023,both,80,10.66,90.66,84.15,1.76,0.9189,Japan
KOR,2003,both,80,7.61,87.61,77.34,5.42,0.8462999999999999,KOR
KOR,2004,both,80,7.75,87.75,77.84,4.82,0.8534,KOR
KOR,2005,both,80,7.88,87.88,78.34,4.25,0.8613,KOR
KOR,2006,both,80,8.01,88.01,78.9,4.07,0.8703,KOR
KOR,2007,both,80,8.19,88.19,79.27,3.83,0.8745,KOR
KOR,2008,both,80,8.44,88.44,79.79,3.4,0.8794,KOR
KOR,2009,both,80,8.77,88.77,80.23,3.25,0.8812000000000001,KOR
KOR,2010,both,80,8.77,88.77,80.4,3.49,0.8845000000000001,KOR
KOR,2011,both,80,8.9,88.9,80.84,3.12,0.889,KOR
KOR,2012,both,80,8.81,88.81,81.01,3.08,0.8939,KOR
KOR,2013,both,80,9.13,89.13,81.53,2.92,0.8972,KOR
KOR,2014,both,80,9.33,89.33,81.97,3.1,0.9015,KOR
KOR,2015,both,80,9.33,89.33,82.2,2.8,0.9053,KOR
KOR,2016,both,80,9.46,89.46000000000001,82.51,2.8,0.9079,KOR
KOR,2017,both,80,9.52,89.52,82.86,2.71,0.9126,KOR
KOR,2018,both,80,9.51,89.51,82.89,2.81,0.9125,KOR
KOR,2019,both,80,9.91,89.91,83.43,2.68,0.9151,KOR
KOR,2020,both,80,9.97,89.97,83.62,2.41,0.917,KOR
KOR,2021,both,80,10.03,90.03,83.72,2.4,0.9181,KOR
KOR,2022,both,80,9.2,89.2,82.79,2.27,0.915,KOR
KOR,2023,both,80,9.76,89.76,83.57,2.39,0.9186,KOR
LTU,1959,both,80,6.55,86.55,67.73,51.89,0.7023999999999999,LTU
LTU,1960,both,80,7.62,87.62,70.28,37.95,0.7276,LTU
LTU,1961,both,80,7.39,87.39,70.45,35.34,0.7356,LTU
LTU,1962,both,80,6.51,86.51,69.43,35.0,0.7221,LTU
LTU,1963,both,80,7.32,87.32,70.56,34.14,0.7345,LTU
LTU,1964,both,80,7.97,87.97,71.93,29.45,0.7537999999999999,LTU
LTU,1965,both,80,7.45,87.45,71.69,24.19,0.7509,LTU
LTU,1966,both,80,7.67,87.67,71.87,23.3,0.7534000000000001,LTU
LTU,1967,both,80,7.56,87.56,71.95,20.23,0.7548999999999999,LTU
LTU,1968,both,80,7.48,87.48,71.63,19.86,0.7473000000000001,LTU
LTU,1969,both,80,7.38,87.38,71.23,21.11,0.741,LTU
LTU,1970,both,80,7.19,87.19,71.1,19.82,0.74,LTU
LTU,1971,both,80,7.7,87.7,72.04,14.93,0.7502,LTU
LTU,1972,both,80,7.46,87.46,71.31,17.03,0.7431,LTU
LTU,1973,both,80,7.63,87.63,71.62,17.56,0.7441,LTU
LTU,1974,both,80,7.84,87.84,71.54,19.34,0.7378,LTU
LTU,1975,both,80,7.46,87.46,71.11,19.42,0.7328,LTU
LTU,1976,both,80,7.39,87.39,71.22,18.21,0.7338,LTU
LTU,1977,both,80,7.51,87.51,71.06,17.07,0.7268000000000001,LTU
LTU,1978,both,80,7.21,87.21,70.85,18.36,0.7237,LTU
LTU,1979,both,80,7.28,87.28,70.72,17.09,0.7204,LTU
LTU,1980,both,80,7.2,87.2,70.7,14.41,0.7170000000000001,LTU
LTU,1981,both,80,7.42,87.42,70.69,16.5,0.7139,LTU
LTU,1982,both,80,7.53,87.53,71.07,15.12,0.7167,LTU
LTU,1983,both,80,7.34,87.34,71.01,14.31,0.7164,LTU
LTU,1984,both,80,6.99,86.99,70.54,13.3,0.7082999999999999,LTU
LTU,1985,both,80,6.82,86.82,70.74,14.14,0.7173,LTU
LTU,1986,both,80,7.22,87.22,72.39,11.53,0.7478,LTU
LTU,1987,both,80,7.05,87.05,72.23,12.15,0.7437999999999999,LTU
LTU,1988,both,80,7.0,87.0,72.03,11.17,0.7391,LTU
LTU,1989,both,80,7.23,87.23,71.66,10.61,0.7287,LTU
LTU,1990,both,80,7.1,87.1,71.37,10.46,0.7198,LTU
LTU,1991,both,80,7.16,87.16,70.51,14.25,0.6992,LTU
LTU,1992,both,80,7.17,87.17,70.34,16.17,0.6965,LTU
LTU,1993,both,80,6.6,86.6,68.94,14.62,0.6626000000000001,LTU
LTU,1994,both,80,6.76,86.76,68.5,13.6,0.6481,LTU
LTU,1995,both,80,6.88,86.88,69.02,12.36,0.6561,LTU
LTU,1996,both,80,6.98,86.98,70.2,9.89,0.684,LTU
LTU,1997,both,80,6.95,86.95,71.03,10.17,0.7067,LTU
LTU,1998,both,80,7.17,87.17,71.33,9.19,0.7116,LTU
LTU,1999,both,80,7.15,87.15,71.72,8.56,0.7191,LTU
LTU,2000,both,80,7.39,87.39,72.15,8.39,0.7254999999999999,LTU
LTU,2001,both,80,7.31,87.31,71.71,7.72,0.713,LTU
LTU,2002,both,80,7.29,87.29,71.84,7.91,0.7162000000000001,LTU
LTU,2003,both,80,7.4,87.4,72.09,7.01,0.7175,LTU
LTU,2004,both,80,7.51,87.51,72.01,8.03,0.7121,LTU
LTU,2005,both,80,7.34,87.34,71.25,7.12,0.6931,LTU
LTU,2006,both,80,7.42,87.42,70.97,7.34,0.6820999999999999,LTU
LTU,2007,both,80,7.5,87.5,70.7,6.46,0.6737000000000001,LTU
LTU,2008,both,80,7.57,87.57,71.7,5.67,0.6948000000000001,LTU
LTU,2009,both,80,7.66,87.66,72.86,5.68,0.725,LTU
LTU,2010,both,80,7.6,87.6,73.2,4.83,0.7304999999999999,LTU
LTU,2011,both,80,7.82,87.82,73.61,4.68,0.7387,LTU
LTU,2012,both,80,7.84,87.84,73.98,3.99,0.747,LTU
LTU,2013,both,80,7.77,87.77,74.05,3.7,0.7489,LTU
LTU,2014,both,80,7.96,87.96,74.63,4.07,0.7631999999999999,LTU
LTU,2015,both,80,7.79,87.79,74.53,4.41,0.7645000000000001,LTU
LTU,2016,both,80,7.98,87.98,74.9,4.61,0.769,LTU
LTU,2017,both,80,7.92,87.92,75.79,2.96,0.7924,LTU
LTU,2018,both,80,8.08,88.08,76.0,3.49,0.7964,LTU
LTU,2019,both,80,8.37,88.37,76.52,3.46,0.8022,LTU
LTU,2020,both,80,7.85,87.85,75.23,2.9,0.7815000000000001,LTU
LTU,2021,both,80,7.33,87.33,74.3,3.08,0.7691,LTU
LTU,2022,both,80,7.79,87.79,75.86,2.92,0.7972,LTU
LTU,2023,both,80,8.66,88.66,77.44,2.63,0.8153,LTU
LUX,1960,both,80,5.25,85.25,68.99,31.05,0.727,LUX
LUX,1961,both,80,5.61,85.61,69.53,26.17,0.7212000000000001,LUX
LUX,1962,both,80,5.11,85.11,68.63,30.8,0.7145,LUX
LUX,1963,both,80,5.54,85.54,68.85,28.45,0.71,LUX
LUX,1964,both,80,5.99,85.99,69.06,29.54,0.7034999999999999,LUX
LUX,1965,both,80,5.31,85.31,69.4,23.99,0.7154,LUX
LUX,1966,both,80,5.78,85.78,69.3,26.36,0.7138,LUX
LUX,1967,both,80,5.64,85.64,69.67,20.01,0.7201000000000001,LUX
LUX,1968,both,80,5.65,85.65,70.28,16.48,0.73,LUX
LUX,1969,both,80,5.72,85.72,69.85,16.79,0.718,LUX
LUX,1970,both,80,5.78,85.78,69.56,24.7,0.7186,LUX
LUX,1971,both,80,5.56,85.56,69.46,22.53,0.7206,LUX
LUX,1972,both,80,6.05,86.05,70.69,13.27,0.7331,LUX
LUX,1973,both,80,5.81,85.81,70.48,14.6,0.7292000000000001,LUX
LUX,1974,both,80,5.85,85.85,70.53,13.86,0.7311,LUX
LUX,1975,both,80,5.83,85.83,70.53,14.59,0.7342,LUX
LUX,1976,both,80,5.58,85.58,70.46,17.79,0.7414000000000001,LUX
LUX,1977,both,80,6.12,86.12,71.77,10.91,0.7558,LUX
LUX,1978,both,80,5.97,85.97,71.72,10.23,0.7512000000000001,LUX
LUX,1979,both,80,6.49,86.49,72.39,12.36,0.7676000000000001,LUX
LUX,1980,both,80,5.97,85.97,72.56,11.62,0.7728,LUX
LUX,1981,both,80,6.11,86.11,72.39,13.65,0.7676999999999999,LUX
LUX,1982,both,80,6.43,86.43,72.44,12.02,0.7541,LUX
LUX,1983,both,80,6.23,86.23,73.33,11.03,0.7896,LUX
LUX,1984,both,80,6.54,86.54,73.11,11.54,0.7748,LUX
LUX,1985,both,80,6.6,86.6,73.63,8.8,0.7906,LUX
LUX,1986,both,80,6.43,86.43,74.54,8.12,0.8047,LUX
LUX,1987,both,80,6.52,86.52,74.13,9.2,0.7925,LUX
LUX,1988,both,80,7.17,87.17,74.73,8.99,0.8064,LUX
LUX,1989,both,80,6.75,86.75,74.67,9.77,0.8044,LUX
LUX,1990,both,80,7.09,87.09,75.36,7.44,0.8123,LUX
LUX,1991,both,80,7.19,87.19,75.45,9.13,0.8114,LUX
LUX,1992,both,80,7.0,87.0,75.11,8.63,0.8107,LUX
LUX,1993,both,80,7.11,87.11,75.72,6.03,0.8220000000000001,LUX
LUX,1994,both,80,7.3,87.3,76.37,5.26,0.8331000000000001,LUX
LUX,1995,both,80,7.56,87.56,76.43,5.48,0.8226,LUX
LUX,1996,both,80,7.47,87.47,76.44,5.06,0.8239,LUX
LUX,1997,both,80,7.36,87.36,76.79,4.07,0.8358,LUX
LUX,1998,both,80,7.33,87.33,76.96,4.95,0.835,LUX
LUX,1999,both,80,7.73,87.73,77.59,4.77,0.8515,LUX
LUX,2000,both,80,7.69,87.69,77.74,5.16,0.8454,LUX
LUX,2001,both,80,7.91,87.91,77.85,5.78,0.8484999999999999,LUX
LUX,2002,both,80,8.21,88.21000000000001,77.96,5.0,0.8484,LUX
LUX,2003,both,80,7.58,87.58,77.85,4.87,0.857,LUX
LUX,2004,both,80,8.32,88.32,79.19,3.92,0.8629000000000001,LUX
LUX,2005,both,80,8.42,88.42,79.49,2.57,0.8676999999999999,LUX
LUX,2006,both,80,8.4,88.4,79.31,2.59,0.8609,LUX
LUX,2007,both,80,8.3,88.3,79.43,1.82,0.8734999999999999,LUX
LUX,2008,both,80,8.63,88.63,80.53,1.8,0.8863,LUX
LUX,2009,both,80,8.77,88.77,80.63,2.47,0.8811,LUX
LUX,2010,both,80,8.74,88.74,80.62,3.47,0.8851,LUX
LUX,2011,both,80,8.82,88.82,80.84,4.12,0.8862000000000001,LUX
LUX,2012,both,80,8.77,88.77,81.11,2.52,0.8913,LUX
LUX,2013,both,80,9.1,89.1,81.4,3.93,0.8904000000000001,LUX
LUX,2014,both,80,9.33,89.33,81.78,2.82,0.8994,LUX
LUX,2015,both,80,9.17,89.17,81.97,2.79,0.9074,LUX
LUX,2016,both,80,9.37,89.37,82.29,3.73,0.9063,LUX
LUX,2017,both,80,9.42,89.42,81.74,3.22,0.9083,LUX
LUX,2018,both,80,9.26,89.26,82.01,4.34,0.9053,LUX
LUX,2019,both,80,9.43,89.43,82.38,4.58,0.905,LUX
LUX,2020,both,80,9.16,89.16,82.04,4.47,0.9098,LUX
LUX,2021,both,80,9.46,89.46000000000001,82.48,3.19,0.911,LUX
LUX,2022,both,80,9.53,89.53,82.8,3.48,0.9124,LUX
LUX,2023,both,80,9.75,89.75,83.14,4.16,0.9185,LUX
LVA,1959,both,80,6.21,86.21,69.51,30.37,0.7218000000000001,LVA
LVA,1960,both,80,6.6,86.6,70.33,26.68,0.735,LVA
LVA,1961,both,80,6.46,86.46,70.54,24.17,0.7390000000000001,LVA
LVA,1962,both,80,6.06,86.06,69.9,23.98,0.7318000000000001,LVA
LVA,1963,both,80,6.37,86.37,70.33,24.82,0.7363,LVA
LVA,1964,both,80,6.85,86.85,71.53,21.76,0.7548999999999999,LVA
LVA,1965,both,80,6.53,86.53,71.22,18.15,0.747,LVA
LVA,1966,both,80,6.61,86.61,71.18,17.27,0.7459,LVA
LVA,1967,both,80,6.5,86.5,70.86,17.14,0.7409,LVA
LVA,1968,both,80,6.58,86.58,70.47,18.94,0.7325,LVA
LVA,1969,both,80,6.49,86.49,70.21,17.89,0.7259,LVA
LVA,1970,both,80,6.49,86.49,70.24,17.69,0.7273999999999999,LVA
LVA,1971,both,80,6.75,86.75,70.57,15.36,0.7295,LVA
LVA,1972,both,80,6.67,86.67,70.27,15.02,0.7227,LVA
LVA,1973,both,80,6.5,86.5,70.19,14.76,0.7186,LVA
LVA,1974,both,80,6.73,86.73,70.12,17.54,0.7177,LVA
LVA,1975,both,80,6.47,86.47,69.26,19.18,0.7043,LVA
LVA,1976,both,80,6.47,86.47,69.39,18.95,0.7047,LVA
LVA,1977,both,80,6.46,86.46,69.45,17.66,0.7041,LVA
LVA,1978,both,80,6.41,86.41,69.33,17.81,0.6986,LVA
LVA,1979,both,80,6.44,86.44,68.83,18.17,0.6888,LVA
LVA,1980,both,80,6.45,86.45,69.12,15.39,0.6909000000000001,LVA
LVA,1981,both,80,6.55,86.55,69.08,15.55,0.6861,LVA
LVA,1982,both,80,6.79,86.79,69.63,14.07,0.6992,LVA
LVA,1983,both,80,6.56,86.56,69.4,16.22,0.6920999999999999,LVA
LVA,1984,both,80,6.4,86.4,69.44,13.03,0.6920999999999999,LVA
LVA,1985,both,80,6.11,86.11,69.6,12.66,0.7001000000000001,LVA
LVA,1986,both,80,6.49,86.49,70.96,12.94,0.7299,LVA
LVA,1987,both,80,6.36,86.36,71.01,11.21,0.7295,LVA
LVA,1988,both,80,6.38,86.38,70.91,10.99,0.7261,LVA
LVA,1989,both,80,6.64,86.64,70.41,10.53,0.7056,LVA
LVA,1990,both,80,6.35,86.35,69.46,12.45,0.6905,LVA
LVA,1991,both,80,6.48,86.48,69.17,14.21,0.6797,LVA
LVA,1992,both,80,6.53,86.53,68.45,16.76,0.6583,LVA
LVA,1993,both,80,6.25,86.25,66.63,15.02,0.6112,LVA
LVA,1994,both,80,6.23,86.23,65.18,14.8,0.5682,LVA
LVA,1995,both,80,6.45,86.45,65.99,17.96,0.5920000000000001,LVA
LVA,1996,both,80,6.62,86.62,68.59,15.42,0.6561,LVA
LVA,1997,both,80,6.63,86.63,69.22,14.88,0.6740999999999999,LVA
LVA,1998,both,80,6.62,86.62,68.85,15.04,0.6627,LVA
LVA,1999,both,80,6.79,86.79,69.65,11.54,0.6759999999999999,LVA
LVA,2000,both,80,6.87,86.87,70.18,10.51,0.6859000000000001,LVA
LVA,2001,both,80,6.77,86.77,69.91,10.83,0.6809999999999999,LVA
LVA,2002,both,80,6.84,86.84,70.18,9.96,0.6846,LVA
LVA,2003,both,80,6.77,86.77,70.64,9.65,0.695,LVA
LVA,2004,both,80,6.91,86.91,70.94,9.18,0.6988,LVA
LVA,2005,both,80,6.89,86.89,70.64,7.95,0.6890999999999999,LVA
LVA,2006,both,80,7.05,87.05,70.55,7.72,0.679,LVA
LVA,2007,both,80,6.93,86.93,70.79,8.67,0.6898000000000001,LVA
LVA,2008,both,80,7.2,87.2,72.01,6.68,0.7152,LVA
LVA,2009,both,80,7.42,87.42,72.71,7.29,0.731,LVA
LVA,2010,both,80,7.38,87.38,73.04,5.39,0.7372,LVA
LVA,2011,both,80,7.72,87.72,73.73,6.49,0.7517,LVA
LVA,2012,both,80,7.48,87.48,73.95,6.51,0.7563,LVA
LVA,2013,both,80,7.7,87.7,74.19,4.53,0.7583,LVA
LVA,2014,both,80,7.82,87.82,74.3,3.93,0.7609,LVA
LVA,2015,both,80,7.78,87.78,74.67,4.11,0.7676999999999999,LVA
LVA,2016,both,80,7.84,87.84,74.76,3.67,0.7711,LVA
LVA,2017,both,80,7.89,87.89,74.82,4.04,0.7725,LVA
LVA,2018,both,80,7.93,87.93,74.99,3.04,0.7733,LVA
LVA,2019,both,80,8.14,88.14,75.65,3.37,0.7864,LVA
LVA,2020,both,80,7.98,87.98,75.42,3.33,0.7854000000000001,LVA
LVA,2021,both,80,7.21,87.21,73.16,2.73,0.7404000000000001,LVA
LVA,2022,both,80,7.71,87.71,74.5,2.26,0.7648999999999999,LVA
LVA,2023,both,80,8.29,88.28999999999999,75.59,2.48,0.7829,LVA
NEW_ZEALAND:_TOTAL_POPULATION,1948,both,80,6.33,86.33,68.81,27.5,0.7106,NEW ZEALAND: TOTAL POPULATION
NEW_ZEALAND:_TOTAL_POPULATION,1949,both,80,6.46,86.46,68.95,29.88,0.7153,NEW ZEALAND: TOTAL POPULATION
NEW_ZEALAND:_TOTAL_POPULATION,1950,both,80,6.18,86.18,69.25,27.75,0.7195999999999999,NEW ZEALAND: TOTAL POPULATION
NEW_ZEALAND:_TOTAL_POPULATION,1951,both,80,6.09,86.09,69.13,27.56,0.7127,NEW ZEALAND: TOTAL POPULATION
NEW_ZEALAND:_TOTAL_POPULATION,1952,both,80,6.3,86.3,69.37,28.89,0.7209,NEW ZEALAND: TOTAL POPULATION
NEW_ZEALAND:_TOTAL_POPULATION,1953,both,80,6.65,86.65,70.21,25.63,0.7301000000000001,NEW ZEALAND: TOTAL POPULATION
NEW_ZEALAND:_TOTAL_POPULATION,1954,both,80,6.48,86.48,70.33,24.4,0.7337,NEW ZEALAND: TOTAL POPULATION
NEW_ZEALAND:_TOTAL_POPULATION,1955,both,80,6.65,86.65,70.48,24.87,0.7387,NEW ZEALAND: TOTAL POPULATION
NEW_ZEALAND:_TOTAL_POPULATION,1956,both,80,6.33,86.33,70.72,23.33,0.746,NEW ZEALAND: TOTAL POPULATION
NEW_ZEALAND:_TOTAL_POPULATION,1957,both,80,6.17,86.17,70.25,24.53,0.7376999999999999,NEW ZEALAND: TOTAL POPULATION
NEW_ZEALAND:_TOTAL_POPULATION,1958,both,80,6.51,86.51,70.88,23.75,0.7456999999999999,NEW ZEALAND: TOTAL POPULATION
NEW_ZEALAND:_TOTAL_POPULATION,1959,both,80,6.29,86.29,70.77,24.11,0.7445,NEW ZEALAND: TOTAL POPULATION
NEW_ZEALAND:_TOTAL_POPULATION,1960,both,80,6.44,86.44,71.22,22.72,0.7484999999999999,NEW ZEALAND: TOTAL POPULATION
NEW_ZEALAND:_TOTAL_POPULATION,1961,both,80,6.44,86.44,70.93,23.32,0.7428,NEW ZEALAND: TOTAL POPULATION
NEW_ZEALAND:_TOTAL_POPULATION,1962,both,80,6.28,86.28,71.2,20.56,0.7511,NEW ZEALAND: TOTAL POPULATION
NEW_ZEALAND:_TOTAL_POPULATION,1963,both,80,6.36,86.36,71.27,19.59,0.7506999999999999,NEW ZEALAND: TOTAL POPULATION
NEW_ZEALAND:_TOTAL_POPULATION,1964,both,80,6.27,86.27,71.29,18.78,0.7481,NEW ZEALAND: TOTAL POPULATION
NEW_ZEALAND:_TOTAL_POPULATION,1965,both,80,6.48,86.48,71.21,19.04,0.7423000000000001,NEW ZEALAND: TOTAL POPULATION
NEW_ZEALAND:_TOTAL_POPULATION,1966,both,80,6.31,86.31,71.07,17.56,0.7423000000000001,NEW ZEALAND: TOTAL POPULATION
NEW_ZEALAND:_TOTAL_POPULATION,1967,both,80,6.72,86.72,71.44,18.09,0.7404000000000001,NEW ZEALAND: TOTAL POPULATION
NEW_ZEALAND:_TOTAL_POPULATION,1968,both,80,6.34,86.34,71.09,18.87,0.743,NEW ZEALAND: TOTAL POPULATION
NEW_ZEALAND:_TOTAL_POPULATION,1969,both,80,6.5,86.5,71.48,17.0,0.7484999999999999,NEW ZEALAND: TOTAL POPULATION
NEW_ZEALAND:_TOTAL_POPULATION,1970,both,80,6.52,86.52,71.22,16.63,0.7440000000000001,NEW ZEALAND: TOTAL POPULATION
NEW_ZEALAND:_TOTAL_POPULATION,1971,both,80,6.59,86.59,71.72,16.92,0.7492,NEW ZEALAND: TOTAL POPULATION
NEW_ZEALAND:_TOTAL_POPULATION,1972,both,80,6.58,86.58,71.82,15.67,0.7536,NEW ZEALAND: TOTAL POPULATION
NEW_ZEALAND:_TOTAL_POPULATION,1973,both,80,6.64,86.64,71.68,15.87,0.7509,NEW ZEALAND: TOTAL POPULATION
NEW_ZEALAND:_TOTAL_POPULATION,1974,both,80,6.72,86.72,71.94,15.36,0.7526999999999999,NEW ZEALAND: TOTAL POPULATION
NEW_ZEALAND:_TOTAL_POPULATION,1975,both,80,6.79,86.79,72.2,15.71,0.7564,NEW ZEALAND: TOTAL POPULATION
NEW_ZEALAND:_TOTAL_POPULATION,1976,both,80,6.87,86.87,72.4,13.8,0.7628,NEW ZEALAND: TOTAL POPULATION
NEW_ZEALAND:_TOTAL_POPULATION,1977,both,80,6.93,86.93,72.14,14.18,0.7572,NEW ZEALAND: TOTAL POPULATION
NEW_ZEALAND:_TOTAL_POPULATION,1978,both,80,7.38,87.38,73.01,13.29,0.7670999999999999,NEW ZEALAND: TOTAL POPULATION
NEW_ZEALAND:_TOTAL_POPULATION,1979,both,80,7.27,87.27,73.05,12.6,0.7712,NEW ZEALAND: TOTAL POPULATION
NEW_ZEALAND:_TOTAL_POPULATION,1980,both,80,6.87,86.87,72.87,12.72,0.7748,NEW ZEALAND: TOTAL POPULATION
NEW_ZEALAND:_TOTAL_POPULATION,1981,both,80,7.3,87.3,73.64,11.45,0.7826000000000001,NEW ZEALAND: TOTAL POPULATION
NEW_ZEALAND:_TOTAL_POPULATION,1982,both,80,7.29,87.29,73.73,11.76,0.7826000000000001,NEW ZEALAND: TOTAL POPULATION
NEW_ZEALAND:_TOTAL_POPULATION,1983,both,80,7.28,87.28,73.83,12.54,0.7881999999999999,NEW ZEALAND: TOTAL POPULATION
NEW_ZEALAND:_TOTAL_POPULATION,1984,both,80,7.57,87.57,74.37,11.71,0.7957,NEW ZEALAND: TOTAL POPULATION
NEW_ZEALAND:_TOTAL_POPULATION,1985,both,80,7.01,87.01,73.87,10.85,0.7898999999999999,NEW ZEALAND: TOTAL POPULATION
NEW_ZEALAND:_TOTAL_POPULATION,1986,both,80,7.33,87.33,74.12,11.28,0.7929,NEW ZEALAND: TOTAL POPULATION
NEW_ZEALAND:_TOTAL_POPULATION,1987,both,80,7.27,87.27,74.21,10.21,0.7951,NEW ZEALAND: TOTAL POPULATION
NEW_ZEALAND:_TOTAL_POPULATION,1988,both,80,7.24,87.24,74.48,10.96,0.8011,NEW ZEALAND: TOTAL POPULATION
NEW_ZEALAND:_TOTAL_POPULATION,1989,both,80,7.45,87.45,74.89,10.37,0.8067,NEW ZEALAND: TOTAL POPULATION
NEW_ZEALAND:_TOTAL_POPULATION,1990,both,80,7.73,87.73,75.43,8.5,0.8118000000000001,NEW ZEALAND: TOTAL POPULATION
NEW_ZEALAND:_TOTAL_POPULATION,1991,both,80,7.89,87.89,76.08,8.07,0.8223999999999999,NEW ZEALAND: TOTAL POPULATION
NEW_ZEALAND:_TOTAL_POPULATION,1992,both,80,7.71,87.71,76.19,7.12,0.8265,NEW ZEALAND: TOTAL POPULATION
NEW_ZEALAND:_TOTAL_POPULATION,1993,both,80,7.89,87.89,76.5,7.16,0.8306999999999999,NEW ZEALAND: TOTAL POPULATION
NEW_ZEALAND:_TOTAL_POPULATION,1994,both,80,7.93,87.93,76.92,6.92,0.8382999999999999,NEW ZEALAND: TOTAL POPULATION
NEW_ZEALAND:_TOTAL_POPULATION,1995,both,80,7.93,87.93,76.79,6.56,0.8356999999999999,NEW ZEALAND: TOTAL POPULATION
NEW_ZEALAND:_TOTAL_POPULATION,1996,both,80,7.84,87.84,76.81,7.09,0.8359000000000001,NEW ZEALAND: TOTAL POPULATION
NEW_ZEALAND:_TOTAL_POPULATION,1997,both,80,8.04,88.03999999999999,77.35,6.59,0.8440000000000001,NEW ZEALAND: TOTAL POPULATION
NEW_ZEALAND:_TOTAL_POPULATION,1998,both,80,8.51,88.51,78.17,5.28,0.8513,NEW ZEALAND: TOTAL POPULATION
NEW_ZEALAND:_TOTAL_POPULATION,1999,both,80,8.14,88.14,77.91,5.67,0.8517,NEW ZEALAND: TOTAL POPULATION
NEW_ZEALAND:_TOTAL_POPULATION,2000,both,80,8.56,88.56,78.67,6.14,0.8631,NEW ZEALAND: TOTAL POPULATION
NEW_ZEALAND:_TOTAL_POPULATION,2001,both,80,8.27,88.27,78.67,5.34,0.8651000000000001,NEW ZEALAND: TOTAL POPULATION
NEW_ZEALAND:_TOTAL_POPULATION,2002,both,80,8.33,88.33,78.87,5.39,0.8681,NEW ZEALAND: TOTAL POPULATION
NEW_ZEALAND:_TOTAL_POPULATION,2003,both,80,8.42,88.42,79.15,4.96,0.8711,NEW ZEALAND: TOTAL POPULATION
NEW_ZEALAND:_TOTAL_POPULATION,2004,both,80,8.37,88.37,79.36,5.61,0.8755,NEW ZEALAND: TOTAL POPULATION
NEW_ZEALAND:_TOTAL_POPULATION,2005,both,80,8.78,88.78,80.04,5.22,0.8789,NEW ZEALAND: TOTAL POPULATION
NEW_ZEALAND:_TOTAL_POPULATION,2006,both,80,8.7,88.7,80.02,5.16,0.8815000000000001,NEW ZEALAND: TOTAL POPULATION
NEW_ZEALAND:_TOTAL_POPULATION,2007,both,80,8.79,88.78999999999999,80.12,5.05,0.8824,NEW ZEALAND: TOTAL POPULATION
NEW_ZEALAND:_TOTAL_POPULATION,2008,both,80,8.74,88.74,80.25,4.61,0.8844,NEW ZEALAND: TOTAL POPULATION
NEW_ZEALAND:_TOTAL_POPULATION,2009,both,80,8.9,88.9,80.55,4.81,0.887,NEW ZEALAND: TOTAL POPULATION
NEW_ZEALAND:_TOTAL_POPULATION,2010,both,80,9.11,89.11,81.06,5.04,0.8917,NEW ZEALAND: TOTAL POPULATION
NEW_ZEALAND:_TOTAL_POPULATION,2011,both,80,8.9,88.9,80.85,4.56,0.8912,NEW ZEALAND: TOTAL POPULATION
NEW_ZEALAND:_TOTAL_POPULATION,2012,both,80,8.99,88.99,81.17,4.17,0.8956999999999999,NEW ZEALAND: TOTAL POPULATION
NEW_ZEALAND:_TOTAL_POPULATION,2013,both,80,9.3,89.3,81.6,4.3,0.8972,NEW ZEALAND: TOTAL POPULATION
NEW_ZEALAND:_TOTAL_POPULATION,2014,both,80,9.11,89.11,81.42,5.58,0.8968,NEW ZEALAND: TOTAL POPULATION
NEW_ZEALAND:_TOTAL_POPULATION,2015,both,80,9.19,89.19,81.59,4.25,0.8995000000000001,NEW ZEALAND: TOTAL POPULATION
NEW_ZEALAND:_TOTAL_POPULATION,2016,both,80,9.4,89.4,82.0,3.53,0.8996,NEW ZEALAND: TOTAL POPULATION
NEW_ZEALAND:_TOTAL_POPULATION,2017,both,80,9.21,89.21000000000001,81.61,3.84,0.8972,NEW ZEALAND: TOTAL POPULATION
NEW_ZEALAND:_TOTAL_POPULATION,2018,both,80,9.35,89.35,81.9,3.64,0.898,NEW ZEALAND: TOTAL POPULATION
NEW_ZEALAND:_TOTAL_POPULATION,2019,both,80,9.39,89.39,81.83,4.51,0.8974,NEW ZEALAND: TOTAL POPULATION
NEW_ZEALAND:_TOTAL_POPULATION,2020,both,80,9.89,89.89,82.67,3.76,0.904,NEW ZEALAND: TOTAL POPULATION
NEW_ZEALAND:_TOTAL_POPULATION,2021,both,80,9.65,89.65,82.3,4.58,0.901,NEW ZEALAND: TOTAL POPULATION
NLD,1850,both,80,5.0,85.0,39.84,193.75,0.3109,Netherlands
NLD,1851,both,80,5.22,85.22,40.14,189.74,0.3217,Netherlands
NLD,1852,both,80,5.07,85.07,38.71,213.48,0.3024,Netherlands
NLD,1853,both,80,4.46,84.46,38.74,193.45,0.28,Netherlands
NLD,1854,both,80,4.79,84.79,38.72,193.26,0.286,Netherlands
NLD,1855,both,80,3.89,83.89,34.58,208.37,0.2322,Netherlands
NLD,1856,both,80,4.85,84.85,38.47,194.67,0.2937,Netherlands
NLD,1857,both,80,4.23,84.23,35.41,229.03,0.2536,Netherlands
NLD,1858,both,80,4.03,84.03,34.79,216.17,0.2305,Netherlands
NLD,1859,both,80,4.07,84.07,30.91,244.68,0.196,Netherlands
NLD,1860,both,80,4.62,84.62,37.0,197.59,0.2702,Netherlands
NLD,1861,both,80,4.46,84.46,36.51,215.98,0.2728,Netherlands
NLD,1862,both,80,4.87,84.87,38.37,199.51,0.2958,Netherlands
NLD,1863,both,80,4.94,84.94,38.31,206.39,0.301,Netherlands
NLD,1864,both,80,4.47,84.47,37.65,200.71,0.2816,Netherlands
NLD,1865,both,80,4.71,84.71,36.47,229.99,0.2802,Netherlands
NLD,1866,both,80,4.75,84.75,33.69,203.43,0.2191,Netherlands
NLD,1867,both,80,4.72,84.72,39.3,208.14,0.3136,Netherlands
NLD,1868,both,80,4.63,84.63,37.78,232.43,0.3031,Netherlands
NLD,1869,both,80,4.53,84.53,40.43,199.8,0.3204999999999999,Netherlands
NLD,1870,both,80,4.45,84.45,37.54,221.18,0.2874,Netherlands
NLD,1871,both,80,4.44,84.44,33.01,234.79,0.2347,Netherlands
NLD,1872,both,80,4.92,84.92,36.47,228.32,0.2862,Netherlands
NLD,1873,both,80,4.81,84.81,39.27,217.82,0.3157999999999999,Netherlands
NLD,1874,both,80,4.88,84.88,41.3,205.13,0.3342,Netherlands
NLD,1875,both,80,4.46,84.46,38.34,228.21,0.3,Netherlands
NLD,1876,both,80,4.81,84.81,40.46,214.75,0.3279999999999999,Netherlands
NLD,1877,both,80,4.98,84.98,42.08,200.75,0.3508,Netherlands
NLD,1878,both,80,4.81,84.81,41.09,208.9,0.3394,Netherlands
NLD,1879,both,80,4.62,84.62,41.98,196.6,0.3461,Netherlands
NLD,1880,both,80,4.82,84.82,40.41,222.54,0.336,Netherlands
NLD,1881,both,80,4.86,84.86,42.89,195.65,0.3579,Netherlands
NLD,1882,both,80,4.97,84.97,43.8,188.42,0.372,Netherlands
NLD,1883,both,80,4.79,84.79,42.36,195.95,0.3535,Netherlands
NLD,1884,both,80,5.09,85.09,41.34,206.41,0.3495,Netherlands
NLD,1885,both,80,4.88,84.88,43.28,182.78,0.364,Netherlands
NLD,1886,both,80,5.0,85.0,41.98,202.53,0.3556,Netherlands
NLD,1887,both,80,4.96,84.96,44.98,175.49,0.3873,Netherlands
NLD,1888,both,80,4.77,84.77,44.23,184.81,0.38,Netherlands
NLD,1889,both,80,4.93,84.93,44.37,186.65,0.3832,Netherlands
NLD,1890,both,80,4.53,84.53,44.42,181.83,0.3734,Netherlands
NLD,1891,both,80,4.6,84.6,44.27,183.33,0.3756,Netherlands
NLD,1892,both,80,4.36,84.36,43.95,181.34,0.3652,Netherlands
NLD,1893,both,80,4.98,84.98,45.86,179.08,0.3985,Netherlands
NLD,1894,both,80,4.98,84.98,46.99,161.79,0.4094,Netherlands
NLD,1895,both,80,4.92,84.92,46.73,178.13,0.413,Netherlands
NLD,1896,both,80,5.25,85.25,48.56,161.91,0.4381,Netherlands
NLD,1897,both,80,5.23,85.23,49.43,159.1,0.4459,Netherlands
NLD,1898,both,80,5.34,85.34,49.11,165.59,0.4449,Netherlands
NLD,1899,both,80,4.93,84.93,49.36,161.1,0.446,Netherlands
NLD,1900,both,80,4.76,84.76,48.48,164.39,0.4311999999999999,Netherlands
NLD,1901,both,80,5.11,85.11,48.75,163.92,0.4454999999999999,Netherlands
NLD,1902,both,80,4.99,84.99,50.65,142.19,0.4650999999999999,Netherlands
NLD,1903,both,80,5.33,85.33,51.54,145.16,0.4784,Netherlands
NLD,1904,both,80,5.28,85.28,50.87,149.56,0.4733,Netherlands
NLD,1905,both,80,5.1,85.1,52.1,139.52,0.4847999999999999,Netherlands
NLD,1906,both,80,5.33,85.33,52.78,138.08,0.4949,Netherlands
NLD,1907,both,80,4.94,84.94,53.51,124.48,0.4991,Netherlands
NLD,1908,both,80,4.87,84.87,52.77,133.98,0.4975,Netherlands
NLD,1909,both,80,5.08,85.08,54.92,111.05,0.517,Netherlands
NLD,1910,both,80,5.18,85.18,55.14,116.97,0.5281,Netherlands
NLD,1911,both,80,5.09,85.09,53.18,143.91,0.5074000000000001,Netherlands
NLD,1912,both,80,5.4,85.4,57.14,100.71,0.55,Netherlands
NLD,1913,both,80,5.4,85.4,57.35,101.89,0.5577000000000001,Netherlands
NLD,1914,both,80,5.36,85.36,57.19,105.64,0.5572,Netherlands
NLD,1915,both,80,5.17,85.17,57.24,94.6,0.5517,Netherlands
NLD,1916,both,80,5.0,85.0,56.16,96.89,0.5389,Netherlands
NLD,1917,both,80,4.83,84.83,55.65,97.81,0.5282,Netherlands
NLD,1918,both,80,5.13,85.13,47.63,101.86,0.4025999999999999,Netherlands
NLD,1919,both,80,4.91,84.91,54.78,96.64,0.5201,Netherlands
NLD,1920,both,80,5.19,85.19,57.98,86.6,0.5602,Netherlands
NLD,1921,both,80,5.38,85.38,59.71,87.16,0.5904,Netherlands
NLD,1922,both,80,4.87,84.87,59.78,77.01,0.5858,Netherlands
NLD,1923,both,80,5.53,85.53,62.0,68.87,0.6209,Netherlands
NLD,1924,both,80,5.6,85.6,62.88,61.97,0.6333,Netherlands
NLD,1925,both,80,5.54,85.54,63.12,57.27,0.6378,Netherlands
NLD,1926,both,80,5.53,85.53,62.98,60.51,0.6381,Netherlands
NLD,1927,both,80,5.08,85.08,62.61,57.8,0.6333,Netherlands
NLD,1928,both,80,5.47,85.47,63.71,52.49,0.6436,Netherlands
NLD,1929,both,80,4.81,84.81,62.15,58.05,0.6228,Netherlands
NLD,1930,both,80,5.79,85.79,64.66,51.57,0.6592,Netherlands
NLD,1931,both,80,5.06,85.06,64.32,48.57,0.6546,Netherlands
NLD,1932,both,80,5.43,85.43,65.39,46.15,0.6703,Netherlands
NLD,1933,both,80,5.45,85.45,66.03,42.87,0.6808,Netherlands
NLD,1934,both,80,5.81,85.81,66.6,42.48,0.6890000000000001,Netherlands
NLD,1935,both,80,5.41,85.41,66.51,39.53,0.6862,Netherlands
NLD,1936,both,80,5.53,85.53,66.73,38.96,0.6901999999999999,Netherlands
NLD,1937,both,80,5.32,85.32,66.97,37.66,0.6947,Netherlands
NLD,1938,both,80,5.57,85.57,67.39,37.03,0.7040000000000001,Netherlands
NLD,1939,both,80,5.35,85.35,67.72,33.95,0.7084,Netherlands
NLD,1940,both,80,5.0,85.0,65.4,39.32,0.6689,Netherlands
NLD,1941,both,80,4.78,84.78,65.33,42.62,0.6742,Netherlands
NLD,1942,both,80,5.12,85.12,65.8,40.45,0.68,Netherlands
NLD,1943,both,80,5.17,85.17,64.41,42.12,0.6607,Netherlands
NLD,1944,both,80,4.87,84.87,61.27,46.76,0.6046,Netherlands
NLD,1945,both,80,4.55,84.55,55.58,74.29,0.5056,Netherlands
NLD,1946,both,80,6.1,86.1,67.53,45.83,0.7142000000000001,Netherlands
NLD,1947,both,80,6.01,86.01,69.56,32.11,0.7428,Netherlands
NLD,1948,both,80,6.41,86.41,71.04,28.26,0.7634000000000001,Netherlands
NLD,1949,both,80,5.6,85.6,70.29,26.13,0.7574,Netherlands
NLD,1950,both,80,5.9,85.9,71.44,24.85,0.7754000000000001,Netherlands
NLD,1951,both,80,5.89,85.89,71.5,25.24,0.7767000000000001,Netherlands
NLD,1952,both,80,6.08,86.08,72.12,23.13,0.784,Netherlands
NLD,1953,both,80,5.98,85.98,71.7,22.31,0.7772,Netherlands
NLD,1954,both,80,6.07,86.07,72.38,21.62,0.7855,Netherlands
NLD,1955,both,80,5.99,85.99,72.5,20.84,0.7898999999999999,Netherlands
NLD,1956,both,80,5.81,85.81,72.52,19.35,0.7907,Netherlands
NLD,1957,both,80,6.15,86.15,72.97,17.84,0.7963,Netherlands
NLD,1958,both,80,6.12,86.12,73.14,17.85,0.7986,Netherlands
NLD,1959,both,80,6.21,86.21,73.19,17.34,0.7973,Netherlands
NLD,1960,both,80,6.18,86.18,73.35,16.88,0.7996,Netherlands
NLD,1961,both,80,6.38,86.38,73.55,16.75,0.8004000000000001,Netherlands
NLD,1962,both,80,6.12,86.12,73.22,16.4,0.7953,Netherlands
NLD,1963,both,80,6.18,86.18,73.35,15.34,0.7981999999999999,Netherlands
NLD,1964,both,80,6.66,86.66,73.73,14.4,0.7977,Netherlands
NLD,1965,both,80,6.47,86.47,73.6,13.9,0.797,Netherlands
NLD,1966,both,80,6.44,86.44,73.55,14.11,0.7959999999999999,Netherlands
NLD,1967,both,80,6.74,86.74,73.83,13.01,0.7973,Netherlands
NLD,1968,both,80,6.45,86.45,73.64,13.13,0.7973,Netherlands
NLD,1969,both,80,6.55,86.55,73.56,13.08,0.7938,Netherlands
NLD,1970,both,80,6.58,86.58,73.63,12.0,0.7931,Netherlands
NLD,1971,both,80,6.58,86.58,73.87,11.41,0.7988,Netherlands
NLD,1972,both,80,6.52,86.52,73.78,11.0,0.7975,Netherlands
NLD,1973,both,80,6.73,86.73,74.23,10.67,0.8037000000000001,Netherlands
NLD,1974,both,80,6.94,86.94,74.61,10.77,0.8093,Netherlands
NLD,1975,both,80,6.77,86.77,74.55,9.97,0.8084,Netherlands
NLD,1976,both,80,6.87,86.87,74.67,10.37,0.8108,Netherlands
NLD,1977,both,80,7.32,87.32,75.26,9.07,0.8157,Netherlands
NLD,1978,both,80,7.14,87.14,75.17,9.18,0.8169,Netherlands
NLD,1979,both,80,7.37,87.37,75.65,8.39,0.8217,Netherlands
NLD,1980,both,80,7.4,87.4,75.77,8.74,0.8244,Netherlands
NLD,1981,both,80,7.41,87.41,75.99,8.15,0.8284,Netherlands
NLD,1982,both,80,7.44,87.44,76.06,8.12,0.8281000000000001,Netherlands
NLD,1983,both,80,7.51,87.51,76.26,8.37,0.8321,Netherlands
NLD,1984,both,80,7.54,87.54,76.32,8.36,0.8336,Netherlands
NLD,1985,both,80,7.47,87.47,76.37,8.1,0.8343,Netherlands
NLD,1986,both,80,7.44,87.44,76.35,7.82,0.8336,Netherlands
NLD,1987,both,80,7.72,87.72,76.81,7.59,0.8389,Netherlands
NLD,1988,both,80,7.66,87.66,77.0,6.81,0.8436,Netherlands
NLD,1989,both,80,7.53,87.53,76.83,6.85,0.8404,Netherlands
NLD,1990,both,80,7.6,87.6,77.01,7.21,0.8456,Netherlands
NLD,1991,both,80,7.65,87.65,77.16,6.48,0.8465,Netherlands
NLD,1992,both,80,7.74,87.74,77.36,6.22,0.8491,Netherlands
NLD,1993,both,80,7.42,87.42,77.04,6.26,0.8469,Netherlands
NLD,1994,both,80,7.68,87.68,77.51,5.6,0.8517,Netherlands
NLD,1995,both,80,7.65,87.65,77.55,5.36,0.8543000000000001,Netherlands
NLD,1996,both,80,7.65,87.65,77.55,5.71,0.8553000000000001,Netherlands
NLD,1997,both,80,7.74,87.74,77.93,5.0,0.8595999999999999,Netherlands
NLD,1998,both,80,7.74,87.74,78.0,5.29,0.861,Netherlands
NLD,1999,both,80,7.68,87.68,77.96,5.19,0.861,Netherlands
NLD,2000,both,80,7.71,87.71,78.12,5.15,0.8632,Netherlands
NLD,2001,both,80,7.81,87.81,78.33,5.26,0.8664000000000001,Netherlands
NLD,2002,both,80,7.77,87.77,78.41,4.98,0.8675,Netherlands
NLD,2003,both,80,7.82,87.82,78.66,4.73,0.8703,Netherlands
NLD,2004,both,80,8.11,88.11,79.23,4.32,0.8759,Netherlands
NLD,2005,both,80,8.16,88.16,79.48,4.84,0.8803,Netherlands
NLD,2006,both,80,8.26,88.26,79.84,4.41,0.884,Netherlands
NLD,2007,both,80,8.48,88.48,80.25,4.02,0.8881999999999999,Netherlands
NLD,2008,both,80,8.48,88.48,80.39,3.81,0.8883,Netherlands
NLD,2009,both,80,8.64,88.64,80.67,3.83,0.8911,Netherlands
NLD,2010,both,80,8.72,88.72,80.83,3.78,0.8935,Netherlands
NLD,2011,both,80,8.83,88.83,81.11,3.56,0.8959999999999999,Netherlands
NLD,2012,both,80,8.73,88.73,81.06,3.64,0.8959,Netherlands
NLD,2013,both,80,8.82,88.82,81.3,3.71,0.8986,Netherlands
NLD,2014,both,80,9.03,89.03,81.65,3.64,0.9015,Netherlands
NLD,2015,both,80,8.81,88.81,81.48,3.25,0.9021,Netherlands
NLD,2016,both,80,8.87,88.87,81.55,3.46,0.9021,Netherlands
NLD,2017,both,80,8.89,88.89,81.73,3.55,0.9049,Netherlands
NLD,2018,both,80,8.91,88.91,81.78,3.43,0.9058,Netherlands
NLD,2019,both,80,9.07,89.07,82.05,3.64,0.9092,Netherlands
NLD,2020,both,80,8.59,88.59,81.39,3.82,0.9065,Netherlands
NLD,2021,both,80,8.72,88.72,81.35,3.43,0.9036,Netherlands
NLD,2022,both,80,8.83,88.83,81.63,3.09,0.9069,Netherlands
NLD,2023,both,80,8.92,88.92,81.84,3.59,0.9095,Netherlands
NOR,1846,both,80,6.13,86.13,48.05,110.8,0.4083,Norway
NOR,1847,both,80,5.67,85.67,44.77,114.67,0.3617,Norway
NOR,1848,both,80,5.36,85.36,45.01,113.53,0.3569,Norway
NOR,1849,both,80,5.48,85.48,48.04,96.73,0.3928,Norway
NOR,1850,both,80,6.01,86.01,49.52,92.47,0.4172999999999999,Norway
NOR,1851,both,80,6.01,86.01,49.72,96.63,0.4246999999999999,Norway
NOR,1852,both,80,5.93,85.93,48.47,104.91,0.4075,Norway
NOR,1853,both,80,6.24,86.24,47.91,93.96,0.38,Norway
NOR,1854,both,80,6.41,86.41,51.62,89.06,0.4467,Norway
NOR,1855,both,80,5.89,85.89,50.43,90.45,0.4326,Norway
NOR,1856,both,80,6.09,86.09,50.35,89.96,0.4409,Norway
NOR,1857,both,80,5.89,85.89,50.21,92.05,0.4329,Norway
NOR,1858,both,80,6.24,86.24,51.57,90.15,0.4512,Norway
NOR,1859,both,80,6.3,86.3,49.92,94.89,0.4324,Norway
NOR,1860,both,80,5.88,85.88,49.99,90.86,0.4354,Norway
NOR,1861,both,80,5.87,85.87,45.81,110.14,0.402,Norway
NOR,1862,both,80,6.05,86.05,44.71,114.7,0.3936,Norway
NOR,1863,both,80,5.83,85.83,46.71,103.09,0.4088,Norway
NOR,1864,both,80,5.66,85.66,48.78,95.13,0.4256,Norway
NOR,1865,both,80,5.96,85.96,50.42,95.27,0.4498,Norway
NOR,1866,both,80,5.93,85.93,49.91,92.63,0.4316,Norway
NOR,1867,both,80,5.38,85.38,47.87,103.04,0.4043,Norway
NOR,1868,both,80,5.82,85.82,47.18,109.85,0.3994,Norway
NOR,1869,both,80,5.88,85.88,49.26,96.56,0.4226,Norway
NOR,1870,both,80,5.89,85.89,50.86,92.19,0.4416,Norway
NOR,1871,both,80,5.77,85.77,49.67,90.11,0.4271999999999999,Norway
NOR,1872,both,80,6.09,86.09,50.02,94.84,0.4399,Norway
NOR,1873,both,80,6.01,86.01,49.68,97.6,0.4328,Norway
NOR,1874,both,80,5.77,85.77,47.77,105.93,0.4104,Norway
NOR,1875,both,80,5.6,85.6,47.63,107.66,0.4014999999999999,Norway
NOR,1876,both,80,5.89,85.89,46.82,101.84,0.3971,Norway
NOR,1877,both,80,6.08,86.08,49.75,98.67,0.4437,Norway
NOR,1878,both,80,6.16,86.16,51.78,94.06,0.4753,Norway
NOR,1879,both,80,6.15,86.15,53.14,84.77,0.4829,Norway
NOR,1880,both,80,5.91,85.91,51.89,88.71,0.4593,Norway
NOR,1881,both,80,5.59,85.59,50.44,89.09,0.4464,Norway
NOR,1882,both,80,5.8,85.8,47.38,103.41,0.4175,Norway
NOR,1883,both,80,5.95,85.95,49.59,90.08,0.4406,Norway
NOR,1884,both,80,6.07,86.07,50.76,90.86,0.4594,Norway
NOR,1885,both,80,5.86,85.86,51.04,85.46,0.4569,Norway
NOR,1886,both,80,5.82,85.82,51.7,83.37,0.4721,Norway
NOR,1887,both,80,5.96,85.96,51.67,82.41,0.4681,Norway
NOR,1888,both,80,5.58,85.58,50.37,87.9,0.4512,Norway
NOR,1889,both,80,5.87,85.87,49.07,99.07,0.441,Norway
NOR,1890,both,80,5.93,85.93,48.61,89.75,0.4225,Norway
NOR,1891,both,80,5.73,85.73,49.8,89.3,0.4338,Norway
NOR,1892,both,80,5.41,85.41,49.67,92.19,0.4359,Norway
NOR,1893,both,80,6.05,86.05,51.39,83.7,0.4572,Norway
NOR,1894,both,80,5.88,85.88,50.62,93.35,0.4553,Norway
NOR,1895,both,80,6.03,86.03,52.79,87.66,0.4805,Norway
NOR,1896,both,80,6.19,86.19,53.82,88.8,0.4968999999999999,Norway
NOR,1897,both,80,6.07,86.07,53.71,87.24,0.4918,Norway
NOR,1898,both,80,6.13,86.13,53.95,83.32,0.4967,Norway
NOR,1899,both,80,5.7,85.7,51.61,95.39,0.4645,Norway
NOR,1900,both,80,5.58,85.58,53.47,82.0,0.4851,Norway
NOR,1901,both,80,5.97,85.97,54.59,83.05,0.5025,Norway
NOR,1902,both,80,6.21,86.21,56.47,68.61,0.5217,Norway
NOR,1903,both,80,5.94,85.94,54.96,70.03,0.5047999999999999,Norway
NOR,1904,both,80,6.05,86.05,56.07,67.45,0.5199,Norway
NOR,1905,both,80,5.89,85.89,55.09,73.2,0.5054,Norway
NOR,1906,both,80,6.33,86.33,56.9,62.5,0.5311,Norway
NOR,1907,both,80,5.79,85.79,56.48,59.46,0.5214,Norway
NOR,1908,both,80,5.98,85.98,56.28,69.24,0.5257999999999999,Norway
NOR,1909,both,80,6.21,86.21,57.46,64.36,0.5416,Norway
NOR,1910,both,80,5.96,85.96,57.98,60.96,0.5442,Norway
NOR,1911,both,80,6.28,86.28,58.01,58.13,0.5446,Norway
NOR,1912,both,80,6.07,86.07,57.73,60.47,0.5375,Norway
NOR,1913,both,80,5.95,85.95,58.31,57.04,0.5473,Norway
NOR,1914,both,80,6.02,86.02,57.79,60.99,0.5439,Norway
NOR,1915,both,80,5.75,85.75,58.16,59.21,0.5474,Norway
NOR,1916,both,80,5.73,85.73,57.23,59.78,0.5367999999999999,Norway
NOR,1917,both,80,5.74,85.74,57.71,58.51,0.5417000000000001,Norway
NOR,1918,both,80,6.11,86.11,50.32,60.97,0.4185999999999999,Norway
NOR,1919,both,80,5.99,85.99,56.79,54.34,0.5264,Norway
NOR,1920,both,80,6.09,86.09,58.85,55.8,0.562,Norway
NOR,1921,both,80,6.31,86.31,61.57,46.98,0.5961,Norway
NOR,1922,both,80,6.04,86.04,60.78,48.64,0.5859000000000001,Norway
NOR,1923,both,80,5.95,85.95,61.8,44.26,0.6019,Norway
NOR,1924,both,80,6.27,86.27,62.11,44.15,0.6009,Norway
NOR,1925,both,80,6.31,86.31,62.51,43.93,0.6115999999999999,Norway
NOR,1926,both,80,6.33,86.33,63.25,44.12,0.6191,Norway
NOR,1927,both,80,5.96,85.96,62.85,43.86,0.6167,Norway
NOR,1928,both,80,6.25,86.25,63.4,44.6,0.625,Norway
NOR,1929,both,80,5.9,85.9,62.45,48.97,0.6096,Norway
NOR,1930,both,80,6.39,86.39,64.1,41.72,0.637,Norway
NOR,1931,both,80,6.01,86.01,64.18,40.52,0.6411,Norway
NOR,1932,both,80,6.08,86.08,64.59,43.35,0.6479,Norway
NOR,1933,both,80,6.26,86.26,65.48,41.66,0.6644,Norway
NOR,1934,both,80,6.45,86.45,66.21,36.57,0.6698999999999999,Norway
NOR,1935,both,80,6.09,86.09,65.84,38.94,0.6695,Norway
NOR,1936,both,80,6.06,86.06,65.82,39.99,0.6701,Norway
NOR,1937,both,80,6.11,86.11,66.02,39.7,0.6714,Norway
NOR,1938,both,80,6.21,86.21,67.09,35.21,0.6886,Norway
NOR,1939,both,80,5.98,85.98,67.35,34.62,0.6954,Norway
NOR,1940,both,80,6.07,86.07,65.88,35.29,0.6681,Norway
NOR,1941,both,80,6.04,86.04,65.74,37.96,0.6709,Norway
NOR,1942,both,80,6.5,86.5,65.7,35.51,0.6639,Norway
NOR,1943,both,80,6.53,86.53,66.09,34.25,0.6751999999999999,Norway
NOR,1944,both,80,6.56,86.56,65.84,34.3,0.6681,Norway
NOR,1945,both,80,6.65,86.65,68.19,33.62,0.7106999999999999,Norway
NOR,1946,both,80,6.65,86.65,69.54,32.64,0.7369,Norway
NOR,1947,both,80,6.33,86.33,70.01,29.93,0.7459,Norway
NOR,1948,both,80,6.67,86.67,71.13,26.87,0.7611,Norway
NOR,1949,both,80,6.36,86.36,71.52,25.11,0.7705,Norway
NOR,1950,both,80,6.23,86.23,71.59,25.32,0.7736,Norway
NOR,1951,both,80,6.65,86.65,72.53,23.27,0.7852,Norway
NOR,1952,both,80,6.6,86.6,72.65,23.06,0.7875,Norway
NOR,1953,both,80,6.58,86.58,73.15,20.14,0.7959,Norway
NOR,1954,both,80,6.54,86.54,73.21,19.8,0.7976000000000001,Norway
NOR,1955,both,80,6.6,86.6,73.43,19.23,0.7983,Norway
NOR,1956,both,80,6.59,86.59,73.49,19.86,0.8024,Norway
NOR,1957,both,80,6.53,86.53,73.43,18.97,0.8001999999999999,Norway
NOR,1958,both,80,6.49,86.49,73.43,18.67,0.8,Norway
NOR,1959,both,80,6.57,86.57,73.55,17.69,0.8004000000000001,Norway
NOR,1960,both,80,6.49,86.49,73.56,17.67,0.8036,Norway
NOR,1961,both,80,6.41,86.41,73.56,17.25,0.8001,Norway
NOR,1962,both,80,6.42,86.42,73.46,16.92,0.7995,Norway
NOR,1963,both,80,6.07,86.07,73.1,16.12,0.7987000000000001,Norway
NOR,1964,both,80,6.45,86.45,73.61,16.29,0.8025,Norway
NOR,1965,both,80,6.55,86.55,73.73,15.98,0.8011,Norway
NOR,1966,both,80,6.51,86.51,74.01,13.5,0.8069,Norway
NOR,1967,both,80,6.72,86.72,74.07,13.9,0.8067,Norway
NOR,1968,both,80,6.58,86.58,73.95,13.07,0.8049,Norway
NOR,1969,both,80,6.63,86.63,73.67,13.1,0.7979,Norway
NOR,1970,both,80,6.62,86.62,74.07,12.02,0.8051999999999999,Norway
NOR,1971,both,80,6.65,86.65,74.17,12.31,0.8077,Norway
NOR,1972,both,80,6.66,86.66,74.35,11.18,0.8098000000000001,Norway
NOR,1973,both,80,6.68,86.68,74.44,11.01,0.8109000000000001,Norway
NOR,1974,both,80,6.84,86.84,74.76,9.83,0.8127,Norway
NOR,1975,both,80,6.85,86.85,74.82,10.17,0.8137000000000001,Norway
NOR,1976,both,80,6.91,86.91,75.05,9.62,0.8149,Norway
NOR,1977,both,80,7.12,87.12,75.4,8.56,0.8205,Norway
NOR,1978,both,80,7.1,87.1,75.43,8.42,0.8208,Norway
NOR,1979,both,80,7.09,87.09,75.42,8.25,0.8198000000000001,Norway
NOR,1980,both,80,7.25,87.25,75.67,8.03,0.8229000000000001,Norway
NOR,1981,both,80,7.17,87.17,75.88,7.47,0.8266,Norway
NOR,1982,both,80,7.47,87.47,76.02,8.08,0.8268000000000001,Norway
NOR,1983,both,80,7.44,87.44,76.08,7.82,0.8276,Norway
NOR,1984,both,80,7.44,87.44,76.25,8.33,0.8311,Norway
NOR,1985,both,80,7.37,87.37,75.93,8.52,0.8273,Norway
NOR,1986,both,80,7.57,87.57,76.25,7.85,0.8291,Norway
NOR,1987,both,80,7.49,87.49,76.1,8.5,0.8278,Norway
NOR,1988,both,80,7.44,87.44,76.27,8.21,0.8305,Norway
NOR,1989,both,80,7.49,87.49,76.54,7.94,0.8345999999999999,Norway
NOR,1990,both,80,7.43,87.43,76.59,6.9,0.8395,Norway
NOR,1991,both,80,7.57,87.57,77.04,6.17,0.845,Norway
NOR,1992,both,80,7.63,87.63,77.24,5.72,0.8462999999999999,Norway
NOR,1993,both,80,7.4,87.4,77.22,5.02,0.8502,Norway
NOR,1994,both,80,7.76,87.76,77.78,5.2,0.8558,Norway
NOR,1995,both,80,7.66,87.66,77.8,4.03,0.8586,Norway
NOR,1996,both,80,7.85,87.85,78.23,4.07,0.8623999999999999,Norway
NOR,1997,both,80,7.77,87.77,78.24,4.05,0.8634000000000001,Norway
NOR,1998,both,80,7.89,87.89,78.41,3.94,0.8641,Norway
NOR,1999,both,80,7.78,87.78,78.39,3.94,0.8667,Norway
NOR,2000,both,80,7.91,87.91,78.69,3.77,0.8689,Norway
NOR,2001,both,80,7.98,87.98,78.89,3.83,0.8715999999999999,Norway
NOR,2002,both,80,7.96,87.96,78.96,3.43,0.8737,Norway
NOR,2003,both,80,8.21,88.21000000000001,79.53,3.39,0.8795999999999999,Norway
NOR,2004,both,80,8.42,88.42,79.97,3.23,0.8832,Norway
NOR,2005,both,80,8.53,88.53,80.17,3.06,0.8851,Norway
NOR,2006,both,80,8.54,88.53999999999999,80.44,3.19,0.8870999999999999,Norway
NOR,2007,both,80,8.51,88.51,80.5,3.06,0.8909999999999999,Norway
NOR,2008,both,80,8.64,88.64,80.68,2.73,0.8924,Norway
NOR,2009,both,80,8.72,88.72,80.86,3.12,0.8931999999999999,Norway
NOR,2010,both,80,8.82,88.82,81.04,2.76,0.8954000000000001,Norway
NOR,2011,both,80,8.88,88.88,81.24,2.32,0.8975,Norway
NOR,2012,both,80,8.83,88.83,81.45,2.47,0.9022,Norway
NOR,2013,both,80,9.03,89.03,81.66,2.44,0.9027,Norway
NOR,2014,both,80,9.18,89.18,82.09,2.41,0.9084,Norway
NOR,2015,both,80,9.15,89.15,82.28,2.34,0.9119,Norway
NOR,2016,both,80,9.29,89.28999999999999,82.42,2.14,0.912,Norway
NOR,2017,both,80,9.3,89.3,82.63,2.24,0.9171,Norway
NOR,2018,both,80,9.4,89.4,82.77,2.29,0.917,Norway
NOR,2019,both,80,9.52,89.52,82.96,2.06,0.9188,Norway
NOR,2020,both,80,9.61,89.61,83.2,1.7,0.9218,Norway
NOR,2021,both,80,9.53,89.53,83.17,1.9,0.9228,Norway
NOR,2022,both,80,9.18,89.18,82.64,1.78,0.9191,Norway
NOR,2023,both,80,9.52,89.52,83.02,2.04,0.9206,Norway
POL,1958,both,80,5.92,85.92,65.92,71.16,0.6854,POL
POL,1959,both,80,5.58,85.58,65.56,70.81,0.682,POL
POL,1960,both,80,6.1,86.1,67.83,55.29,0.7109000000000001,POL
POL,1961,both,80,6.07,86.07,67.94,52.91,0.7123,POL
POL,1962,both,80,5.71,85.71,67.63,53.42,0.7101999999999999,POL
POL,1963,both,80,6.13,86.13,68.56,48.17,0.7203,POL
POL,1964,both,80,5.99,85.99,68.78,46.39,0.727,POL
POL,1965,both,80,6.12,86.12,69.48,40.85,0.7358,POL
POL,1966,both,80,6.27,86.27,69.89,38.01,0.7393000000000001,POL
POL,1967,both,80,5.94,85.94,69.59,37.31,0.7364,POL
POL,1968,both,80,6.28,86.28,70.23,33.14,0.7425,POL
POL,1969,both,80,6.03,86.03,69.71,34.25,0.7345999999999999,POL
POL,1970,both,80,6.04,86.04,69.59,38.21,0.7358,POL
POL,1971,both,80,5.93,85.93,69.37,34.6,0.7314,POL
POL,1972,both,80,6.3,86.3,70.55,32.3,0.748,POL
POL,1973,both,80,6.25,86.25,70.53,29.97,0.7464,POL
POL,1974,both,80,6.35,86.35,71.02,27.94,0.7526999999999999,POL
POL,1975,both,80,6.13,86.13,70.44,29.13,0.7431,POL
POL,1976,both,80,6.21,86.21,70.44,28.18,0.7386,POL
POL,1977,both,80,6.29,86.29,70.33,28.36,0.7347,POL
POL,1978,both,80,6.16,86.16,70.22,27.14,0.7325,POL
POL,1979,both,80,6.32,86.32,70.59,25.76,0.735,POL
POL,1980,both,80,6.01,86.01,69.95,25.47,0.7231000000000001,POL
POL,1981,both,80,6.48,86.48,70.92,24.58,0.7363,POL
POL,1982,both,80,6.51,86.51,70.98,24.74,0.7372,POL
POL,1983,both,80,6.34,86.34,70.84,23.32,0.7328,POL
POL,1984,both,80,6.15,86.15,70.61,22.57,0.7263,POL
POL,1985,both,80,5.97,85.97,70.37,21.36,0.7217,POL
POL,1986,both,80,6.14,86.14,70.62,20.6,0.7236,POL
POL,1987,both,80,6.2,86.2,70.68,20.81,0.7238,POL
POL,1988,both,80,6.44,86.44,71.01,20.26,0.7276,POL
POL,1989,both,80,6.42,86.42,70.77,19.68,0.7216,POL
POL,1990,both,80,6.43,86.43,70.68,19.06,0.7186,POL
POL,1991,both,80,6.3,86.3,70.38,18.04,0.7103,POL
POL,1992,both,80,6.47,86.47,70.91,17.03,0.7195999999999999,POL
POL,1993,both,80,6.39,86.39,71.42,15.83,0.7334,POL
POL,1994,both,80,6.52,86.52,71.71,14.82,0.738,POL
POL,1995,both,80,6.59,86.59,71.92,12.98,0.7387999999999999,POL
POL,1996,both,80,6.56,86.56,72.25,12.13,0.7472,POL
POL,1997,both,80,6.74,86.74,72.6,9.94,0.7505,POL
POL,1998,both,80,6.92,86.92,72.95,9.37,0.7556,POL
POL,1999,both,80,6.9,86.9,72.99,8.69,0.7559999999999999,POL
POL,2000,both,80,7.09,87.09,73.73,8.01,0.7692,POL
POL,2001,both,80,7.22,87.22,74.22,7.46,0.7773,POL
POL,2002,both,80,7.35,87.35,74.58,7.29,0.7828,POL
POL,2003,both,80,7.29,87.29,74.74,6.92,0.7857999999999999,POL
POL,2004,both,80,7.5,87.5,74.97,6.73,0.7853,POL
POL,2005,both,80,7.53,87.53,75.09,6.34,0.7863,POL
POL,2006,both,80,7.7,87.7,75.28,5.93,0.7859999999999999,POL
POL,2007,both,80,7.71,87.71,75.33,5.85,0.7857999999999999,POL
POL,2008,both,80,7.76,87.76,75.57,5.58,0.7897,POL
POL,2009,both,80,7.73,87.73,75.76,5.33,0.7942,POL
POL,2010,both,80,7.94,87.94,76.29,4.85,0.8029000000000001,POL
POL,2011,both,80,8.13,88.13,76.62,4.58,0.8067,POL
POL,2012,both,80,8.13,88.13,76.69,4.6,0.8078,POL
POL,2013,both,80,8.19,88.19,76.94,4.45,0.8131999999999999,POL
POL,2014,both,80,8.47,88.47,77.53,4.24,0.8223999999999999,POL
POL,2015,both,80,8.32,88.32,77.37,3.95,0.8209000000000001,POL
POL,2016,both,80,8.61,88.61,77.75,4.06,0.8249,POL
POL,2017,both,80,8.47,88.47,77.66,4.03,0.8262,POL
POL,2018,both,80,8.48,88.48,77.55,3.76,0.8247,POL
POL,2019,both,80,8.7,88.7,77.84,3.7,0.8281000000000001,POL
POL,2020,both,80,7.95,87.95,76.48,3.5,0.8145,POL
POL,2021,both,80,7.64,87.64,75.54,3.89,0.8011,POL
POL,2022,both,80,8.27,88.27,77.25,3.71,0.8256999999999999,POL
POL,2023,both,80,8.87,88.87,78.39,3.68,0.8417,POL
PRT,1940,both,80,5.39,85.39,51.38,131.77,0.4829,PRT
PRT,1941,both,80,5.08,85.08,47.99,151.39,0.4429,PRT
PRT,1942,both,80,5.35,85.35,49.78,133.37,0.4638,PRT
PRT,1943,both,80,5.65,85.65,51.13,132.65,0.486,PRT
PRT,1944,both,80,5.69,85.69,52.38,123.16,0.4988,PRT
PRT,1945,both,80,5.8,85.8,53.78,116.61,0.5131,PRT
PRT,1946,both,80,5.36,85.36,53.75,115.99,0.5126,PRT
PRT,1947,both,80,5.65,85.65,55.93,106.86,0.547,PRT
PRT,1948,both,80,6.13,86.13,56.72,104.47,0.5559000000000001,PRT
PRT,1949,both,80,5.54,85.54,55.41,111.58,0.5416,PRT
PRT,1950,both,80,5.94,85.94,58.47,97.9,0.583,PRT
PRT,1951,both,80,5.59,85.59,58.75,92.33,0.5858,PRT
PRT,1952,both,80,5.9,85.9,59.76,95.27,0.6091,PRT
PRT,1953,both,80,5.8,85.8,61.07,93.0,0.63,PRT
PRT,1954,both,80,5.81,85.81,62.2,84.6,0.6431,PRT
PRT,1955,both,80,5.78,85.78,61.4,92.15,0.6329,PRT
PRT,1956,both,80,5.05,85.05,61.17,86.7,0.6245,PRT
PRT,1957,both,80,5.69,85.69,61.39,90.44,0.6336999999999999,PRT
PRT,1958,both,80,6.15,86.15,63.72,84.43,0.6676000000000001,PRT
PRT,1959,both,80,5.82,85.82,62.92,89.55,0.6617000000000001,PRT
PRT,1960,both,80,5.7,85.7,64.15,81.71,0.6755,PRT
PRT,1961,both,80,5.92,85.92,62.8,91.82,0.6587000000000001,PRT
PRT,1962,both,80,5.95,85.95,64.32,79.24,0.6748999999999999,PRT
PRT,1963,both,80,5.69,85.69,64.92,72.27,0.685,PRT
PRT,1964,both,80,5.92,85.92,65.12,70.66,0.685,PRT
PRT,1965,both,80,5.9,85.9,66.09,64.24,0.6978,PRT
PRT,1966,both,80,5.71,85.71,65.6,64.41,0.6846,PRT
PRT,1967,both,80,5.89,85.89,66.46,59.63,0.6970000000000001,PRT
PRT,1968,both,80,5.95,85.95,66.81,60.59,0.7065,PRT
PRT,1969,both,80,5.62,85.62,66.39,57.16,0.698,PRT
PRT,1970,both,80,6.02,86.02,67.06,60.61,0.7129000000000001,PRT
PRT,1971,both,80,5.78,85.78,66.85,55.1,0.7047,PRT
PRT,1972,both,80,6.13,86.13,69.16,39.96,0.7356,PRT
PRT,1973,both,80,5.95,85.95,68.6,43.79,0.7315,PRT
PRT,1974,both,80,5.83,85.83,69.12,37.78,0.7371,PRT
PRT,1975,both,80,6.08,86.08,68.84,39.66,0.7249,PRT
PRT,1976,both,80,5.91,85.91,69.1,33.79,0.7284,PRT
PRT,1977,both,80,6.22,86.22,70.34,29.8,0.7474,PRT
PRT,1978,both,80,6.14,86.14,70.79,28.16,0.7592,PRT
PRT,1979,both,80,6.39,86.39,71.6,25.37,0.7704000000000001,PRT
PRT,1980,both,80,6.42,86.42,71.66,24.43,0.7684000000000001,PRT
PRT,1981,both,80,6.44,86.44,71.89,21.79,0.7684000000000001,PRT
PRT,1982,both,80,6.79,86.79,72.7,19.84,0.7807999999999999,PRT
PRT,1983,both,80,6.59,86.59,72.65,18.75,0.7809999999999999,PRT
PRT,1984,both,80,6.63,86.63,72.93,16.64,0.7831,PRT
PRT,1985,both,80,6.7,86.7,73.21,16.99,0.7886,PRT
PRT,1986,both,80,6.92,86.92,73.64,15.77,0.792,PRT
PRT,1987,both,80,7.01,87.01,74.06,14.0,0.7984,PRT
PRT,1988,both,80,6.97,86.97,74.08,13.17,0.7997,PRT
PRT,1989,both,80,7.17,87.17,74.66,12.08,0.8087000000000001,PRT
PRT,1990,both,80,6.84,86.84,74.3,10.9,0.8045,PRT
PRT,1991,both,80,6.95,86.95,74.24,10.93,0.8011,PRT
PRT,1992,both,80,7.25,87.25,74.87,9.18,0.8089,PRT
PRT,1993,both,80,7.03,87.03,74.76,8.61,0.8078,PRT
PRT,1994,both,80,7.47,87.47,75.73,7.8,0.8216,PRT
PRT,1995,both,80,7.36,87.36,75.55,7.38,0.8195,PRT
PRT,1996,both,80,7.27,87.27,75.48,6.94,0.8181,PRT
PRT,1997,both,80,7.48,87.48,75.92,6.51,0.8234999999999999,PRT
PRT,1998,both,80,7.48,87.48,76.12,6.08,0.8281000000000001,PRT
PRT,1999,both,80,7.43,87.43,76.32,5.76,0.8320000000000001,PRT
PRT,2000,both,80,7.67,87.67,76.83,5.75,0.8381000000000001,PRT
PRT,2001,both,80,7.81,87.81,77.15,4.92,0.8404,PRT
PRT,2002,both,80,7.79,87.79,77.37,5.12,0.8434999999999999,PRT
PRT,2003,both,80,7.73,87.73,77.59,4.07,0.848,PRT
PRT,2004,both,80,8.22,88.22,78.43,3.78,0.8556999999999999,PRT
PRT,2005,both,80,7.99,87.99,78.32,3.5,0.8563,PRT
PRT,2006,both,80,8.45,88.45,79.09,3.25,0.8619,PRT
PRT,2007,both,80,8.42,88.42,79.31,3.41,0.8656,PRT
PRT,2008,both,80,8.51,88.51,79.61,3.3,0.8694,PRT
PRT,2009,both,80,8.64,88.64,79.84,3.56,0.8701000000000001,PRT
PRT,2010,both,80,8.66,88.66,80.12,2.58,0.8741,PRT
PRT,2011,both,80,9.03,89.03,80.58,3.01,0.8763,PRT
PRT,2012,both,80,8.79,88.78999999999999,80.56,3.26,0.8801000000000001,PRT
PRT,2013,both,80,9.01,89.01,80.9,2.81,0.8813,PRT
PRT,2014,both,80,9.22,89.22,81.32,2.88,0.8859999999999999,PRT
PRT,2015,both,80,9.1,89.1,81.33,2.98,0.8881,PRT
PRT,2016,both,80,9.19,89.19,81.37,3.25,0.8872,PRT
PRT,2017,both,80,9.34,89.34,81.67,2.61,0.8886,PRT
PRT,2018,both,80,9.3,89.3,81.6,3.31,0.8889,PRT
PRT,2019,both,80,9.5,89.5,81.96,2.85,0.8915000000000001,PRT
PRT,2020,both,80,9.07,89.07,81.37,2.38,0.8872,PRT
PRT,2021,both,80,9.15,89.15,81.4,2.37,0.887,PRT
PRT,2022,both,80,9.23,89.23,81.68,2.69,0.8902,PRT
PRT,2023,both,80,9.63,89.63,82.26,2.49,0.8945000000000001,PRT
RUS,1959,both,80,7.01,87.01,67.69,40.6,0.6887000000000001,RUS
RUS,1960,both,80,7.31,87.31,68.7,36.43,0.7011,RUS
RUS,1961,both,80,7.09,87.09,68.96,32.55,0.7048000000000001,RUS
RUS,1962,both,80,6.52,86.52,68.64,31.37,0.7028,RUS
RUS,1963,both,80,6.86,86.86,69.13,30.41,0.7089,RUS
RUS,1964,both,80,7.19,87.19,69.92,28.02,0.7186,RUS
RUS,1965,both,80,6.77,86.77,69.5,26.25,0.7152,RUS
RUS,1966,both,80,6.86,86.86,69.57,25.28,0.7141,RUS
RUS,1967,both,80,6.7,86.7,69.35,24.78,0.71,RUS
RUS,1968,both,80,6.77,86.77,69.25,25.19,0.7056999999999999,RUS
RUS,1969,both,80,6.61,86.61,68.76,24.48,0.6958,RUS
RUS,1970,both,80,6.64,86.64,68.83,22.4,0.6959000000000001,RUS
RUS,1971,both,80,6.74,86.74,69.07,20.44,0.6970999999999999,RUS
RUS,1972,both,80,6.57,86.57,68.98,20.67,0.6979000000000001,RUS
RUS,1973,both,80,6.46,86.46,68.96,20.85,0.6979000000000001,RUS
RUS,1974,both,80,6.77,86.77,68.96,21.76,0.6939,RUS
RUS,1975,both,80,6.46,86.46,68.32,22.69,0.6823,RUS
RUS,1976,both,80,6.4,86.4,68.06,23.97,0.6762999999999999,RUS
RUS,1977,both,80,6.47,86.47,67.9,23.55,0.6703,RUS
RUS,1978,both,80,6.53,86.53,67.91,23.21,0.6667000000000001,RUS
RUS,1979,both,80,6.31,86.31,67.58,22.36,0.6601,RUS
RUS,1980,both,80,6.25,86.25,67.48,21.88,0.6561,RUS
RUS,1981,both,80,6.36,86.36,67.69,21.38,0.66,RUS
RUS,1982,both,80,6.56,86.56,68.24,20.45,0.667,RUS
RUS,1983,both,80,6.44,86.44,68.07,20.05,0.6629999999999999,RUS
RUS,1984,both,80,6.16,86.16,67.56,20.53,0.6539,RUS
RUS,1985,both,80,6.14,86.14,68.26,20.34,0.6709999999999999,RUS
RUS,1986,both,80,6.45,86.45,69.85,19.51,0.7065,RUS
RUS,1987,both,80,6.38,86.38,69.9,19.16,0.7067,RUS
RUS,1988,both,80,6.34,86.34,69.73,18.42,0.7023,RUS
RUS,1989,both,80,6.59,86.59,69.59,17.28,0.6933,RUS
RUS,1990,both,80,6.45,86.45,69.22,16.87,0.6833,RUS
RUS,1991,both,80,6.5,86.5,68.96,17.03,0.6770999999999999,RUS
RUS,1992,both,80,6.49,86.49,67.84,17.15,0.6481,RUS
RUS,1993,both,80,6.04,86.04,65.06,19.09,0.5821999999999999,RUS
RUS,1994,both,80,5.93,85.93,63.81,18.71,0.546,RUS
RUS,1995,both,80,6.09,86.09,64.51,17.81,0.5663,RUS
RUS,1996,both,80,6.2,86.2,65.78,17.24,0.5984,RUS
RUS,1997,both,80,6.22,86.22,66.72,16.87,0.6247,RUS
RUS,1998,both,80,6.31,86.31,67.04,16.6,0.6339,RUS
RUS,1999,both,80,6.1,86.1,65.92,16.54,0.6063000000000001,RUS
RUS,2000,both,80,6.1,86.1,65.29,15.7,0.5882000000000001,RUS
RUS,2001,both,80,6.18,86.18,65.19,15.03,0.5803,RUS
RUS,2002,both,80,6.11,86.11,64.91,13.98,0.5696,RUS
RUS,2003,both,80,6.14,86.14,64.85,12.57,0.565,RUS
RUS,2004,both,80,6.33,86.33,65.27,11.74,0.5749,RUS
RUS,2005,both,80,6.35,86.35,65.34,10.92,0.5765,RUS
RUS,2006,both,80,6.47,86.47,66.64,10.39,0.6098,RUS
RUS,2007,both,80,6.61,86.61,67.55,9.78,0.6323,RUS
RUS,2008,both,80,6.62,86.62,67.96,8.7,0.6369,RUS
RUS,2009,both,80,6.77,86.77,68.76,8.28,0.6539,RUS
RUS,2010,both,80,6.73,86.73,68.92,7.89,0.6574,RUS
RUS,2011,both,80,7.07,87.07,69.81,7.67,0.6733,RUS
RUS,2012,both,80,7.09,87.09,70.22,8.81,0.6857,RUS
RUS,2013,both,80,7.21,87.21,70.75,8.15,0.695,RUS
RUS,2014,both,80,7.31,87.31,70.92,7.42,0.6969,RUS
SVK,1950,both,80,5.67,85.67,60.77,111.6,0.6141,SVK
SVK,1951,both,80,5.38,85.38,61.14,107.51,0.6219,SVK
SVK,1952,both,80,5.41,85.41,64.29,75.31,0.6629,SVK
SVK,1953,both,80,5.3,85.3,65.64,61.91,0.6818000000000001,SVK
SVK,1954,both,80,5.21,85.21,66.68,50.26,0.6953,SVK
SVK,1955,both,80,5.53,85.53,67.84,44.35,0.7086,SVK
SVK,1956,both,80,5.59,85.59,68.37,40.59,0.7186,SVK
SVK,1957,both,80,5.22,85.22,67.46,45.64,0.7066,SVK
SVK,1958,both,80,5.62,85.62,69.36,36.07,0.7343000000000001,SVK
SVK,1959,both,80,5.38,85.38,69.01,31.74,0.7273000000000001,SVK
SVK,1960,both,80,5.63,85.63,70.34,28.59,0.7514,SVK
SVK,1961,both,80,5.91,85.91,70.79,27.4,0.7583,SVK
SVK,1962,both,80,5.31,85.31,70.33,24.87,0.7518,SVK
SVK,1963,both,80,5.78,85.78,70.69,26.79,0.7556999999999999,SVK
SVK,1964,both,80,5.94,85.94,71.08,25.42,0.7608,SVK
SVK,1965,both,80,5.59,85.59,70.28,27.97,0.7533,SVK
SVK,1966,both,80,5.6,85.6,70.42,26.57,0.7539,SVK
SVK,1967,both,80,5.87,85.87,70.97,24.66,0.7570999999999999,SVK
SVK,1968,both,80,5.71,85.71,70.46,23.02,0.7464,SVK
SVK,1969,both,80,5.76,85.76,69.81,25.89,0.7342,SVK
SVK,1970,both,80,5.59,85.59,69.72,25.04,0.7323000000000001,SVK
SVK,1971,both,80,5.69,85.69,69.86,23.96,0.7339,SVK
SVK,1972,both,80,5.88,85.88,70.3,26.22,0.7404000000000001,SVK
SVK,1973,both,80,5.7,85.7,70.03,25.34,0.7347,SVK
SVK,1974,both,80,5.74,85.74,70.18,23.28,0.735,SVK
SVK,1975,both,80,5.76,85.76,70.3,23.63,0.7373000000000001,SVK
SVK,1976,both,80,5.87,85.87,70.47,24.63,0.7381,SVK
SVK,1977,both,80,5.75,85.75,70.41,21.46,0.7340000000000001,SVK
SVK,1978,both,80,5.9,85.9,70.42,21.81,0.7317,SVK
SVK,1979,both,80,5.91,85.91,70.74,20.95,0.7376,SVK
SVK,1980,both,80,5.65,85.65,70.38,20.3,0.7311,SVK
SVK,1981,both,80,5.89,85.89,70.62,19.13,0.7284,SVK
SVK,1982,both,80,5.82,85.82,70.76,17.9,0.7306999999999999,SVK
SVK,1983,both,80,5.72,85.72,70.48,17.43,0.7221,SVK
SVK,1984,both,80,5.92,85.92,70.71,16.97,0.7219,SVK
SVK,1985,both,80,5.87,85.87,70.72,16.26,0.725,SVK
SVK,1986,both,80,5.77,85.77,70.89,14.81,0.7276,SVK
SVK,1987,both,80,6.1,86.1,71.07,13.83,0.7256,SVK
SVK,1988,both,80,6.12,86.12,71.13,13.36,0.727,SVK
SVK,1989,both,80,5.97,85.97,70.94,13.21,0.7203,SVK
SVK,1990,both,80,6.06,86.06,70.82,12.22,0.7166,SVK
SVK,1991,both,80,6.13,86.13,70.92,13.09,0.7195999999999999,SVK
SVK,1992,both,80,6.25,86.25,71.37,12.33,0.7289,SVK
SVK,1993,both,80,6.31,86.31,71.88,10.48,0.7406,SVK
SVK,1994,both,80,6.43,86.43,72.33,10.58,0.75,SVK
SVK,1995,both,80,6.32,86.32,72.25,10.62,0.7495999999999999,SVK
SVK,1996,both,80,6.54,86.54,72.74,10.1,0.759,SVK
SVK,1997,both,80,6.54,86.54,72.69,8.62,0.7584000000000001,SVK
SVK,1998,both,80,6.51,86.51,72.57,8.75,0.7554000000000001,SVK
SVK,1999,both,80,6.67,86.67,72.97,8.2,0.76,SVK
SVK,2000,both,80,6.51,86.51,73.14,8.5,0.767,SVK
SVK,2001,both,80,6.65,86.65,73.57,6.05,0.7713,SVK
SVK,2002,both,80,6.79,86.79,73.76,7.67,0.7755,SVK
SVK,2003,both,80,6.75,86.75,73.81,7.9,0.7783,SVK
SVK,2004,both,80,6.86,86.86,74.2,6.87,0.7855,SVK
SVK,2005,both,80,6.64,86.64,74.14,7.23,0.7834,SVK
SVK,2006,both,80,6.81,86.81,74.39,6.57,0.7895,SVK
SVK,2007,both,80,6.79,86.79,74.46,6.14,0.787,SVK
SVK,2008,both,80,6.98,86.98,74.82,6.01,0.7934,SVK
SVK,2009,both,80,6.97,86.97,75.16,5.82,0.7970999999999999,SVK
SVK,2010,both,80,6.93,86.93,75.44,5.63,0.8059999999999999,SVK
SVK,2011,both,80,7.17,87.17,75.95,4.93,0.8122,SVK
SVK,2012,both,80,7.13,87.13,76.1,5.64,0.8161,SVK
SVK,2013,both,80,7.27,87.27,76.43,5.41,0.8209000000000001,SVK
SVK,2014,both,80,7.49,87.49,76.76,5.78,0.8251999999999999,SVK
SVK,2015,both,80,7.34,87.34,76.56,5.13,0.8208,SVK
SVK,2016,both,80,7.61,87.61,77.11,5.48,0.8317,SVK
SVK,2017,both,80,7.51,87.51,77.11,4.5,0.8311,SVK
SVK,2018,both,80,7.62,87.62,77.14,4.95,0.8311,SVK
SVK,2019,both,80,7.93,87.93,77.54,5.06,0.836,SVK
SVK,2020,both,80,7.46,87.46,76.84,5.02,0.8326,SVK
SVK,2021,both,80,6.73,86.73,74.59,4.85,0.7934,SVK
SVK,2022,both,80,7.51,87.51,76.95,5.14,0.8321,SVK
SVK,2023,both,80,8.19,88.19,78.03,5.26,0.8453,SVK
SVN,1983,both,80,5.78,85.78,70.86,13.34,0.732,SVN
SVN,1984,both,80,5.87,85.87,71.31,13.58,0.7399,SVN
SVN,1985,both,80,5.95,85.95,71.74,12.81,0.7478,SVN
SVN,1986,both,80,6.1,86.1,72.27,12.11,0.7592,SVN
SVN,1987,both,80,6.12,86.12,72.21,11.09,0.7469,SVN
SVN,1988,both,80,6.42,86.42,72.89,9.73,0.7625,SVN
SVN,1989,both,80,6.64,86.64,73.34,7.88,0.7664,SVN
SVN,1990,both,80,6.69,86.69,73.83,8.19,0.7804000000000001,SVN
SVN,1991,both,80,6.59,86.59,73.49,8.02,0.7725,SVN
SVN,1992,both,80,6.65,86.65,73.61,8.69,0.7717,SVN
SVN,1993,both,80,6.53,86.53,73.5,6.73,0.7679,SVN
SVN,1994,both,80,6.83,86.83,73.94,6.45,0.7787999999999999,SVN
SVN,1995,both,80,6.92,86.92,74.63,5.48,0.7906,SVN
SVN,1996,both,80,7.1,87.1,75.07,4.71,0.7975,SVN
SVN,1997,both,80,7.01,87.01,75.1,5.02,0.7967,SVN
SVN,1998,both,80,7.19,87.19,75.21,5.17,0.8024,SVN
SVN,1999,both,80,7.29,87.29,75.58,4.47,0.8064,SVN
SVN,2000,both,80,7.5,87.5,76.04,4.96,0.8140000000000001,SVN
SVN,2001,both,80,7.65,87.65,76.31,4.12,0.8145,SVN
SVN,2002,both,80,7.58,87.58,76.56,3.81,0.8207,SVN
SVN,2003,both,80,7.51,87.51,76.45,3.96,0.8220000000000001,SVN
SVN,2004,both,80,7.86,87.86,77.19,3.74,0.8303,SVN
SVN,2005,both,80,7.8,87.8,77.5,4.13,0.8401000000000001,SVN
SVN,2006,both,80,8.16,88.16,78.12,3.44,0.8420000000000001,SVN
SVN,2007,both,80,8.21,88.21000000000001,78.23,2.83,0.8458,SVN
SVN,2008,both,80,8.27,88.27,78.88,2.51,0.8539,SVN
SVN,2009,both,80,8.25,88.25,79.06,2.36,0.8606,SVN
SVN,2010,both,80,8.41,88.41,79.5,2.52,0.8645999999999999,SVN
SVN,2011,both,80,8.51,88.51,79.8,2.87,0.8698999999999999,SVN
SVN,2012,both,80,8.49,88.49,79.99,1.64,0.8703,SVN
SVN,2013,both,80,8.6,88.6,80.12,2.87,0.8731,SVN
SVN,2014,both,80,8.77,88.77,80.86,1.83,0.8839,SVN
SVN,2015,both,80,8.76,88.76,80.58,1.58,0.8798999999999999,SVN
SVN,2016,both,80,8.87,88.87,80.92,2.0,0.8842,SVN
SVN,2017,both,80,8.83,88.83,80.92,2.07,0.8854000000000001,SVN
SVN,2018,both,80,9.01,89.01,81.17,1.65,0.8902,SVN
SVN,2019,both,80,9.19,89.19,81.34,2.06,0.8926999999999999,SVN
SWE,1751,both,80,5.25,85.25,38.43,195.94,0.2830999999999999,Sweden
SWE,1752,both,80,6.62,86.62,35.41,220.68,0.2787,Sweden
SWE,1753,both,80,6.43,86.43,39.74,195.63,0.3177,Sweden
SWE,1754,both,80,5.89,85.89,37.5,213.87,0.2858,Sweden
SWE,1755,both,80,5.68,85.68,36.58,229.99,0.2789,Sweden
SWE,1756,both,80,5.36,85.36,36.25,220.99,0.2683,Sweden
SWE,1757,both,80,5.46,85.46,33.81,211.11,0.233,Sweden
SWE,1758,both,80,4.6,84.6,32.92,210.45,0.1907999999999999,Sweden
SWE,1759,both,80,5.37,85.37,38.21,194.57,0.264,Sweden
SWE,1760,both,80,5.63,85.63,39.71,192.0,0.2805,Sweden
SWE,1761,both,80,5.79,85.79,37.83,213.41,0.2866,Sweden
SWE,1762,both,80,4.83,84.83,32.49,242.07,0.221,Sweden
SWE,1763,both,80,4.83,84.83,30.46,244.35,0.1939999999999999,Sweden
SWE,1764,both,80,5.08,85.08,36.3,217.37,0.2463,Sweden
SWE,1765,both,80,4.69,84.69,35.99,219.12,0.2412,Sweden
SWE,1766,both,80,5.11,85.11,38.11,219.33,0.2836,Sweden
SWE,1767,both,80,4.65,84.65,38.23,215.82,0.273,Sweden
SWE,1768,both,80,5.17,85.17,35.05,223.64,0.2686,Sweden
SWE,1769,both,80,5.38,85.38,34.71,219.14,0.2673999999999999,Sweden
SWE,1770,both,80,5.15,85.15,36.66,212.06,0.273,Sweden
SWE,1771,both,80,4.8,84.8,35.43,210.82,0.2386,Sweden
SWE,1772,both,80,3.77,83.77,27.73,222.02,0.1253999999999999,Sweden
SWE,1773,both,80,3.33,83.33,17.99,238.56,0.0533,Sweden
SWE,1774,both,80,5.14,85.14,40.58,184.67,0.316,Sweden
SWE,1775,both,80,4.6,84.6,38.15,193.94,0.2859,Sweden
SWE,1776,both,80,5.12,85.12,41.51,169.84,0.3024,Sweden
SWE,1777,both,80,5.29,85.29,38.13,190.51,0.2869,Sweden
SWE,1778,both,80,4.91,84.91,35.56,209.14,0.2804,Sweden
SWE,1779,both,80,5.8,85.8,32.82,214.28,0.2683,Sweden
SWE,1780,both,80,5.39,85.39,42.68,164.75,0.359,Sweden
SWE,1781,both,80,4.98,84.98,37.81,184.69,0.289,Sweden
SWE,1782,both,80,4.22,84.22,36.66,182.43,0.2557,Sweden
SWE,1783,both,80,4.9,84.9,33.72,193.32,0.2466,Sweden
SWE,1784,both,80,4.78,84.78,31.44,196.97,0.2271999999999999,Sweden
SWE,1785,both,80,4.47,84.47,33.48,193.45,0.2453,Sweden
SWE,1786,both,80,4.49,84.49,37.9,207.61,0.2595,Sweden
SWE,1787,both,80,4.58,84.58,40.27,185.93,0.2875,Sweden
SWE,1788,both,80,4.45,84.45,36.82,214.45,0.2672,Sweden
SWE,1789,both,80,4.59,84.59,31.23,218.99,0.1816,Sweden
SWE,1790,both,80,4.79,84.79,33.6,201.33,0.2133,Sweden
SWE,1791,both,80,4.57,84.57,38.45,191.87,0.2658,Sweden
SWE,1792,both,80,4.76,84.76,39.84,207.56,0.3128,Sweden
SWE,1793,both,80,4.79,84.79,39.64,199.79,0.3063,Sweden
SWE,1794,both,80,4.62,84.62,40.41,183.9,0.3117,Sweden
SWE,1795,both,80,3.94,83.94,36.55,198.04,0.2506,Sweden
SWE,1796,both,80,4.99,84.99,38.88,202.17,0.3079,Sweden
SWE,1797,both,80,5.19,85.19,40.37,202.69,0.3131,Sweden
SWE,1798,both,80,4.98,84.98,41.34,188.94,0.3243999999999999,Sweden
SWE,1799,both,80,4.3,84.3,39.34,194.81,0.2884,Sweden
SWE,1800,both,80,3.92,83.92,32.19,227.06,0.2092,Sweden
SWE,1801,both,80,4.42,84.42,36.91,209.21,0.267,Sweden
SWE,1802,both,80,4.66,84.66,40.18,194.28,0.2985,Sweden
SWE,1803,both,80,4.83,84.83,40.24,189.32,0.2977,Sweden
SWE,1804,both,80,4.49,84.49,39.7,190.35,0.2811,Sweden
SWE,1805,both,80,4.67,84.67,41.05,179.79,0.3034,Sweden
SWE,1806,both,80,4.51,84.51,36.2,221.47,0.2559,Sweden
SWE,1807,both,80,4.35,84.35,38.77,190.21,0.2633,Sweden
SWE,1808,both,80,3.89,83.89,30.19,217.42,0.1625,Sweden
SWE,1809,both,80,3.87,83.87,26.91,208.31,0.1106,Sweden
SWE,1810,both,80,4.07,84.07,31.99,204.88,0.1851,Sweden
SWE,1811,both,80,4.58,84.58,34.59,204.37,0.2176,Sweden
SWE,1812,both,80,4.0,84.0,35.11,201.43,0.201,Sweden
SWE,1813,both,80,4.47,84.47,36.5,179.53,0.238,Sweden
SWE,1814,both,80,4.67,84.67,38.6,181.99,0.2813,Sweden
SWE,1815,both,80,4.8,84.8,40.45,176.44,0.3024,Sweden
SWE,1816,both,80,4.63,84.63,41.78,190.45,0.326,Sweden
SWE,1817,both,80,4.47,84.47,40.31,177.46,0.2948,Sweden
SWE,1818,both,80,4.74,84.74,40.02,172.64,0.2854,Sweden
SWE,1819,both,80,4.38,84.38,36.97,182.87,0.2442,Sweden
SWE,1820,both,80,4.32,84.32,40.24,164.66,0.2808,Sweden
SWE,1821,both,80,4.65,84.65,38.17,181.58,0.2784,Sweden
SWE,1822,both,80,4.7,84.7,42.77,165.82,0.3198999999999999,Sweden
SWE,1823,both,80,4.91,84.91,45.2,153.88,0.3424,Sweden
SWE,1824,both,80,5.03,85.03,44.98,153.76,0.3503,Sweden
SWE,1825,both,80,4.9,84.9,45.26,160.52,0.3592,Sweden
SWE,1826,both,80,4.52,84.52,43.11,172.66,0.3225,Sweden
SWE,1827,both,80,4.34,84.34,42.66,154.01,0.2964,Sweden
SWE,1828,both,80,4.4,84.4,37.76,174.92,0.2429,Sweden
SWE,1829,both,80,3.91,83.91,36.21,198.97,0.2205,Sweden
SWE,1830,both,80,4.34,84.34,40.98,179.87,0.2868,Sweden
SWE,1831,both,80,3.84,83.84,39.0,189.81,0.2557,Sweden
SWE,1832,both,80,4.55,84.55,40.85,166.26,0.2859,Sweden
SWE,1833,both,80,4.83,84.83,42.52,169.69,0.3155,Sweden
SWE,1834,both,80,4.48,84.48,38.55,175.95,0.238,Sweden
SWE,1835,both,80,4.66,84.66,47.15,144.25,0.3797,Sweden
SWE,1836,both,80,4.49,84.49,45.15,153.35,0.3577,Sweden
SWE,1837,both,80,3.94,83.94,39.6,189.65,0.2751,Sweden
SWE,1838,both,80,3.98,83.98,40.0,170.71,0.2658,Sweden
SWE,1839,both,80,4.38,84.38,39.87,162.69,0.2676,Sweden
SWE,1840,both,80,4.57,84.57,43.98,152.57,0.33,Sweden
SWE,1841,both,80,4.68,84.68,45.14,157.72,0.3567,Sweden
SWE,1842,both,80,4.66,84.66,42.8,164.85,0.3243999999999999,Sweden
SWE,1843,both,80,4.36,84.36,42.83,158.14,0.3182,Sweden
SWE,1844,both,80,4.52,84.52,44.01,146.41,0.3406,Sweden
SWE,1845,both,80,4.82,84.82,45.99,151.47,0.3682999999999999,Sweden
SWE,1846,both,80,4.35,84.35,42.04,160.91,0.3176,Sweden
SWE,1847,both,80,4.03,84.03,40.14,170.78,0.2857,Sweden
SWE,1848,both,80,4.31,84.31,45.13,144.03,0.3457,Sweden
SWE,1849,both,80,4.53,84.53,44.5,150.63,0.351,Sweden
SWE,1850,both,80,4.52,84.52,44.69,148.12,0.3503,Sweden
SWE,1851,both,80,4.49,84.49,43.62,153.24,0.3349,Sweden
SWE,1852,both,80,4.14,84.14,41.35,159.36,0.3,Sweden
SWE,1853,both,80,4.58,84.58,39.99,160.0,0.272,Sweden
SWE,1854,both,80,4.85,84.85,44.53,133.69,0.3508,Sweden
SWE,1855,both,80,4.44,84.44,43.06,143.63,0.3202,Sweden
SWE,1856,both,80,4.36,84.36,42.12,143.57,0.324,Sweden
SWE,1857,both,80,4.36,84.36,34.62,163.93,0.2391,Sweden
SWE,1858,both,80,4.83,84.83,41.99,147.7,0.3265,Sweden
SWE,1859,both,80,5.16,85.16,44.26,145.04,0.3574,Sweden
SWE,1860,both,80,4.97,84.97,48.46,125.84,0.4122999999999999,Sweden
SWE,1861,both,80,5.04,85.04,47.19,132.26,0.3962,Sweden
SWE,1862,both,80,4.79,84.79,42.7,137.04,0.3481,Sweden
SWE,1863,both,80,5.07,85.07,45.5,131.9,0.3856,Sweden
SWE,1864,both,80,4.53,84.53,44.81,137.56,0.369,Sweden
SWE,1865,both,80,4.96,84.96,45.45,134.41,0.3856,Sweden
SWE,1866,both,80,4.85,84.85,44.84,128.69,0.3651,Sweden
SWE,1867,both,80,4.31,84.31,46.27,135.85,0.3761,Sweden
SWE,1868,both,80,4.54,84.54,43.32,158.53,0.3436,Sweden
SWE,1869,both,80,4.63,84.63,41.01,148.97,0.321,Sweden
SWE,1870,both,80,4.58,84.58,45.02,134.55,0.3561999999999999,Sweden
SWE,1871,both,80,4.78,84.78,48.91,118.31,0.4160999999999999,Sweden
SWE,1872,both,80,5.24,85.24,49.94,127.59,0.4414,Sweden
SWE,1873,both,80,5.28,85.28,48.56,131.0,0.4208,Sweden
SWE,1874,both,80,4.95,84.95,44.15,146.82,0.3589,Sweden
SWE,1875,both,80,4.68,84.68,44.47,150.37,0.3638,Sweden
SWE,1876,both,80,5.04,85.04,44.77,140.73,0.3822,Sweden
SWE,1877,both,80,5.21,85.21,46.06,127.25,0.4052,Sweden
SWE,1878,both,80,5.29,85.29,46.8,132.03,0.4224,Sweden
SWE,1879,both,80,5.3,85.3,49.02,113.9,0.4428,Sweden
SWE,1880,both,80,5.0,85.0,47.67,119.01,0.4185999999999999,Sweden
SWE,1881,both,80,4.93,84.93,48.42,113.22,0.4267,Sweden
SWE,1882,both,80,5.45,85.45,48.41,124.95,0.4364,Sweden
SWE,1883,both,80,5.28,85.28,48.82,115.67,0.4404999999999999,Sweden
SWE,1884,both,80,5.07,85.07,49.0,115.52,0.4386,Sweden
SWE,1885,both,80,5.13,85.13,48.83,113.7,0.435,Sweden
SWE,1886,both,80,5.39,85.39,50.52,112.29,0.4615999999999999,Sweden
SWE,1887,both,80,5.42,85.42,51.39,103.59,0.4729,Sweden
SWE,1888,both,80,5.22,85.22,52.25,99.3,0.4797,Sweden
SWE,1889,both,80,5.34,85.34,52.23,105.48,0.4785999999999999,Sweden
SWE,1890,both,80,5.22,85.22,50.44,104.35,0.4535,Sweden
SWE,1891,both,80,5.22,85.22,51.02,109.05,0.4708,Sweden
SWE,1892,both,80,4.66,84.66,50.47,106.69,0.4515,Sweden
SWE,1893,both,80,5.23,85.23,51.16,101.73,0.4646,Sweden
SWE,1894,both,80,5.31,85.31,51.89,100.28,0.4756,Sweden
SWE,1895,both,80,5.49,85.49,54.01,95.29,0.506,Sweden
SWE,1896,both,80,5.44,85.44,53.34,102.24,0.4995,Sweden
SWE,1897,both,80,5.45,85.45,54.0,97.59,0.5063,Sweden
SWE,1898,both,80,5.5,85.5,54.59,91.45,0.5096,Sweden
SWE,1899,both,80,4.96,84.96,50.9,108.91,0.4628,Sweden
SWE,1900,both,80,4.98,84.98,52.23,99.99,0.4788,Sweden
SWE,1901,both,80,5.48,85.48,52.88,103.02,0.4919,Sweden
SWE,1902,both,80,5.42,85.42,54.7,85.74,0.5095000000000001,Sweden
SWE,1903,both,80,5.58,85.58,54.98,90.94,0.5184000000000001,Sweden
SWE,1904,both,80,5.28,85.28,55.27,84.35,0.5172,Sweden
SWE,1905,both,80,5.46,85.46,54.42,87.79,0.5025999999999999,Sweden
SWE,1906,both,80,5.74,85.74,56.56,81.08,0.5322,Sweden
SWE,1907,both,80,5.4,85.4,56.87,76.58,0.5372,Sweden
SWE,1908,both,80,5.34,85.34,56.33,85.25,0.5329999999999999,Sweden
SWE,1909,both,80,5.68,85.68,58.34,72.32,0.5571,Sweden
SWE,1910,both,80,5.56,85.56,57.74,74.2,0.5504,Sweden
SWE,1911,both,80,5.69,85.69,57.99,71.35,0.551,Sweden
SWE,1912,both,80,5.48,85.48,57.73,70.26,0.5488000000000001,Sweden
SWE,1913,both,80,5.58,85.58,58.59,68.71,0.5600999999999999,Sweden
SWE,1914,both,80,5.52,85.52,58.15,72.32,0.5549000000000001,Sweden
SWE,1915,both,80,5.13,85.13,57.1,73.15,0.5401,Sweden
SWE,1916,both,80,5.68,85.68,58.12,69.03,0.5562,Sweden
SWE,1917,both,80,5.55,85.55,58.8,63.87,0.5667,Sweden
SWE,1918,both,80,5.63,85.63,49.72,63.85,0.4132,Sweden
SWE,1919,both,80,5.55,85.55,56.42,69.94,0.5303,Sweden
SWE,1920,both,80,5.69,85.69,58.91,66.44,0.5686,Sweden
SWE,1921,both,80,5.74,85.74,60.98,62.09,0.6008,Sweden
SWE,1922,both,80,5.35,85.35,61.07,58.9,0.5965,Sweden
SWE,1923,both,80,5.89,85.89,62.91,55.76,0.6272,Sweden
SWE,1924,both,80,5.71,85.71,61.94,58.59,0.6149,Sweden
SWE,1925,both,80,5.81,85.81,62.51,54.84,0.6191,Sweden
SWE,1926,both,80,5.73,85.73,62.74,54.54,0.6225999999999999,Sweden
SWE,1927,both,80,5.27,85.27,61.56,57.63,0.6058,Sweden
SWE,1928,both,80,5.63,85.63,62.2,58.92,0.6186,Sweden
SWE,1929,both,80,5.56,85.56,62.29,56.67,0.6144,Sweden
SWE,1930,both,80,5.78,85.78,63.17,55.11,0.6282,Sweden
SWE,1931,both,80,5.16,85.16,62.71,54.84,0.6247,Sweden
SWE,1932,both,80,5.65,85.65,63.93,50.3,0.6422,Sweden
SWE,1933,both,80,5.74,85.74,64.8,48.15,0.6561,Sweden
SWE,1934,both,80,5.76,85.76,64.96,46.94,0.6574,Sweden
SWE,1935,both,80,5.44,85.44,64.86,45.96,0.6583,Sweden
SWE,1936,both,80,5.4,85.4,64.6,43.95,0.6518,Sweden
SWE,1937,both,80,5.41,85.41,64.61,45.35,0.6509999999999999,Sweden
SWE,1938,both,80,5.58,85.58,65.54,43.15,0.6665000000000001,Sweden
SWE,1939,both,80,5.31,85.31,66.38,39.93,0.6816,Sweden
SWE,1940,both,80,5.36,85.36,66.74,38.46,0.6864,Sweden
SWE,1941,both,80,5.31,85.31,66.97,38.44,0.6953,Sweden
SWE,1942,both,80,6.17,86.17,68.96,30.85,0.7214,Sweden
SWE,1943,both,80,6.1,86.1,68.7,30.02,0.7158,Sweden
SWE,1944,both,80,5.74,85.74,67.72,31.99,0.7049,Sweden
SWE,1945,both,80,5.72,85.72,68.33,29.99,0.7165,Sweden
SWE,1946,both,80,5.65,85.65,69.51,26.23,0.7332,Sweden
SWE,1947,both,80,5.39,85.39,69.48,24.78,0.7353000000000001,Sweden
SWE,1948,both,80,5.9,85.9,70.73,23.01,0.7529,Sweden
SWE,1949,both,80,5.77,85.77,70.81,22.67,0.7554000000000001,Sweden
SWE,1950,both,80,5.6,85.6,71.14,20.43,0.7639,Sweden
SWE,1951,both,80,5.61,85.61,71.36,21.05,0.7684000000000001,Sweden
SWE,1952,both,80,5.84,85.84,71.84,20.12,0.7751,Sweden
SWE,1953,both,80,5.83,85.83,71.91,18.61,0.7768999999999999,Sweden
SWE,1954,both,80,5.87,85.87,72.35,18.2,0.7859,Sweden
SWE,1955,both,80,6.05,86.05,72.59,17.63,0.7868,Sweden
SWE,1956,both,80,5.97,85.97,72.66,17.34,0.7902,Sweden
SWE,1957,both,80,5.85,85.85,72.49,17.63,0.7870999999999999,Sweden
SWE,1958,both,80,6.01,86.01,73.15,15.73,0.7993000000000001,Sweden
SWE,1959,both,80,6.11,86.11,73.37,16.48,0.805,Sweden
SWE,1960,both,80,5.98,85.98,73.04,16.4,0.7984,Sweden
SWE,1961,both,80,6.13,86.13,73.49,15.9,0.805,Sweden
SWE,1962,both,80,5.98,85.98,73.35,15.57,0.8044,Sweden
SWE,1963,both,80,6.1,86.1,73.53,15.75,0.8051,Sweden
SWE,1964,both,80,6.3,86.3,73.7,14.8,0.8055,Sweden
SWE,1965,both,80,6.25,86.25,73.87,13.2,0.809,Sweden
SWE,1966,both,80,6.35,86.35,74.1,12.65,0.8122,Sweden
SWE,1967,both,80,6.42,86.42,74.15,12.6,0.8118000000000001,Sweden
SWE,1968,both,80,6.28,86.28,74.0,12.7,0.8112,Sweden
SWE,1969,both,80,6.42,86.42,74.11,11.53,0.8090999999999999,Sweden
SWE,1970,both,80,6.76,86.76,74.66,11.28,0.8146,Sweden
SWE,1971,both,80,6.75,86.75,74.6,11.35,0.8134999999999999,Sweden
SWE,1972,both,80,6.82,86.82,74.71,10.73,0.8156,Sweden
SWE,1973,both,80,6.75,86.75,74.86,9.66,0.8184999999999999,Sweden
SWE,1974,both,80,6.85,86.85,74.97,9.54,0.8181,Sweden
SWE,1975,both,80,6.83,86.83,74.98,8.3,0.8178,Sweden
SWE,1976,both,80,6.72,86.72,74.97,8.1,0.8173,Sweden
SWE,1977,both,80,7.0,87.0,75.39,7.9,0.8205,Sweden
SWE,1978,both,80,7.03,87.03,75.48,7.65,0.8238,Sweden
SWE,1979,both,80,7.04,87.04,75.52,7.56,0.8228,Sweden
SWE,1980,both,80,7.04,87.04,75.74,6.89,0.8247,Sweden
SWE,1981,both,80,7.08,87.08,76.04,6.82,0.8312999999999999,Sweden
SWE,1982,both,80,7.29,87.29,76.35,6.76,0.8343,Sweden
SWE,1983,both,80,7.32,87.32,76.58,6.97,0.8390000000000001,Sweden
SWE,1984,both,80,7.49,87.49,76.84,6.46,0.8414,Sweden
SWE,1985,both,80,7.32,87.32,76.69,6.88,0.8417,Sweden
SWE,1986,both,80,7.43,87.43,76.95,6.01,0.8454999999999999,Sweden
SWE,1987,both,80,7.54,87.54,77.11,6.19,0.8456,Sweden
SWE,1988,both,80,7.38,87.38,77.0,5.99,0.8456,Sweden
SWE,1989,both,80,7.72,87.72,77.65,5.86,0.8542000000000001,Sweden
SWE,1990,both,80,7.6,87.6,77.59,6.1,0.8543999999999999,Sweden
SWE,1991,both,80,7.69,87.69,77.73,6.09,0.8542000000000001,Sweden
SWE,1992,both,80,7.77,87.77,78.07,5.3,0.86,Sweden
SWE,1993,both,80,7.63,87.63,78.14,4.75,0.8639,Sweden
SWE,1994,both,80,8.02,88.02,78.75,4.34,0.8672,Sweden
SWE,1995,both,80,7.95,87.95,78.82,3.98,0.8704999999999999,Sweden
SWE,1996,both,80,7.96,87.96,79.04,3.82,0.8744,Sweden
SWE,1997,both,80,8.07,88.07,79.27,3.52,0.8774,Sweden
SWE,1998,both,80,8.12,88.12,79.42,3.53,0.8793000000000001,Sweden
SWE,1999,both,80,8.05,88.05,79.51,3.34,0.8817,Sweden
SWE,2000,both,80,8.17,88.17,79.74,3.45,0.8831,Sweden
SWE,2001,both,80,8.2,88.2,79.84,3.63,0.885,Sweden
SWE,2002,both,80,8.15,88.15,79.94,3.34,0.8881,Sweden
SWE,2003,both,80,8.32,88.32,80.19,3.15,0.8902,Sweden
SWE,2004,both,80,8.53,88.53,80.55,3.11,0.8923000000000001,Sweden
SWE,2005,both,80,8.5,88.5,80.62,2.43,0.8936,Sweden
SWE,2006,both,80,8.59,88.59,80.83,2.84,0.8957999999999999,Sweden
SWE,2007,both,80,8.58,88.58,80.97,2.5,0.898,Sweden
SWE,2008,both,80,8.63,88.63,81.14,2.49,0.8993000000000001,Sweden
SWE,2009,both,80,8.79,88.78999999999999,81.37,2.51,0.9014,Sweden
SWE,2010,both,80,8.83,88.83,81.52,2.56,0.9042,Sweden
SWE,2011,both,80,8.9,88.9,81.76,2.06,0.9073,Sweden
SWE,2012,both,80,8.81,88.81,81.73,2.59,0.9085,Sweden
SWE,2013,both,80,8.99,88.99,81.94,2.68,0.9089,Sweden
SWE,2014,both,80,9.16,89.16,82.22,2.18,0.9111,Sweden
SWE,2015,both,80,9.09,89.09,82.19,2.44,0.9119,Sweden
SWE,2016,both,80,9.18,89.18,82.34,2.47,0.9132,Sweden
SWE,2017,both,80,9.15,89.15,82.44,2.35,0.915,Sweden
SWE,2018,both,80,9.23,89.23,82.53,2.01,0.9165,Sweden
SWE,2019,both,80,9.52,89.52,83.05,2.03,0.9207,Sweden
SWE,2020,both,80,9.01,89.01,82.43,2.33,0.9188,Sweden
SWE,2021,both,80,9.55,89.55,83.02,1.85,0.9205,Sweden
SWE,2022,both,80,9.44,89.44,83.05,2.07,0.9232,Sweden
SWE,2023,both,80,9.61,89.61,83.25,2.04,0.924,Sweden
TWN,1970,both,80,6.15,86.15,68.66,16.38,0.6995999999999999,TWN
TWN,1971,both,80,6.13,86.13,69.16,14.99,0.7084999999999999,TWN
TWN,1972,both,80,6.04,86.04,69.61,14.53,0.7193,TWN
TWN,1973,both,80,6.03,86.03,69.78,14.4,0.7243999999999999,TWN
TWN,1974,both,80,5.88,85.88,70.22,13.13,0.7351000000000001,TWN
TWN,1975,both,80,6.14,86.14,70.6,13.74,0.7342,TWN
TWN,1976,both,80,6.25,86.25,70.97,12.32,0.743,TWN
TWN,1977,both,80,6.31,86.31,71.04,12.11,0.7419,TWN
TWN,1978,both,80,6.53,86.53,71.53,10.95,0.7468,TWN
TWN,1979,both,80,6.54,86.54,71.58,10.86,0.7503,TWN
TWN,1980,both,80,6.59,86.59,71.76,10.91,0.7514,TWN
TWN,1981,both,80,6.42,86.42,71.83,9.96,0.7544,TWN
TWN,1982,both,80,6.62,86.62,72.32,8.92,0.7623000000000001,TWN
TWN,1983,both,80,6.39,86.39,72.29,8.27,0.7646999999999999,TWN
TWN,1984,both,80,6.78,86.78,72.94,7.48,0.773,TWN
TWN,1985,both,80,6.59,86.59,73.11,7.32,0.7803,TWN
TWN,1986,both,80,6.59,86.59,73.23,6.6,0.7833,TWN
TWN,1987,both,80,6.66,86.66,73.5,5.59,0.7868,TWN
TWN,1988,both,80,6.44,86.44,73.28,6.2,0.7847,TWN
TWN,1989,both,80,6.75,86.75,73.54,6.05,0.7881,TWN
TWN,1990,both,80,6.83,86.83,73.79,5.87,0.7901,TWN
TWN,1991,both,80,7.0,87.0,74.26,5.36,0.7958,TWN
TWN,1992,both,80,6.84,86.84,74.24,5.6,0.7968999999999999,TWN
TWN,1993,both,80,7.14,87.14,74.56,5.3,0.7984,TWN
TWN,1994,both,80,7.18,87.18,74.71,5.63,0.7998999999999999,TWN
TWN,1995,both,80,7.08,87.08,74.51,7.35,0.7986,TWN
TWN,1996,both,80,7.13,87.13,74.69,7.44,0.7993000000000001,TWN
TWN,1997,both,80,7.38,87.38,75.23,7.07,0.8072,TWN
TWN,1998,both,80,7.39,87.39,75.43,7.02,0.8103,TWN
TWN,1999,both,80,7.47,87.47,75.54,7.18,0.8112,TWN
TWN,2000,both,80,7.69,87.69,76.1,6.94,0.8190000000000001,TWN
TWN,2001,both,80,7.83,87.83,76.41,6.29,0.8225,TWN
TWN,2002,both,80,7.97,87.97,76.84,5.91,0.8294,TWN
TWN,2003,both,80,8.09,88.09,77.04,5.3,0.8312,TWN
TWN,2004,both,80,8.14,88.14,77.13,5.88,0.8317,TWN
TWN,2005,both,80,8.18,88.18,77.13,5.48,0.8304,TWN
TWN,2006,both,80,8.66,88.66,77.84,5.43,0.8366,TWN
TWN,2007,both,80,8.6,88.6,78.03,5.45,0.8415,TWN
TWN,2008,both,80,8.63,88.63,78.25,4.98,0.8445999999999999,TWN
TWN,2009,both,80,8.86,88.86,78.71,4.42,0.8490000000000001,TWN
TWN,2010,both,80,8.86,88.86,79.05,4.4,0.8543999999999999,TWN
TWN,2011,both,80,8.79,88.78999999999999,78.87,5.03,0.8525,TWN
TWN,2012,both,80,8.89,88.89,79.19,4.41,0.8569,TWN
TWN,2013,both,80,9.06,89.06,79.64,3.89,0.8608,TWN
TWN,2014,both,80,8.95,88.95,79.51,3.99,0.8603000000000001,TWN
TWN,2015,both,80,9.13,89.13,79.84,4.42,0.8633,TWN
TWN,2016,both,80,8.94,88.94,79.67,4.11,0.8614,TWN
TWN,2017,both,80,9.11,89.11,80.09,4.07,0.867,TWN
TWN,2018,both,80,9.29,89.28999999999999,80.37,4.24,0.8683,TWN
TWN,2019,both,80,9.36,89.36,80.56,3.97,0.8694,TWN
TWN,2020,both,80,9.63,89.63,81.07,3.6,0.8742,TWN
TWN,2021,both,80,9.43,89.43,80.67,4.25,0.8712000000000001,TWN
TWN,2022,both,80,8.74,88.74,79.81,4.38,0.8651000000000001,TWN
TWN,2023,both,80,9.06,89.06,80.12,4.42,0.8653,TWN
UK:_ENGLAND_&_WALES_TOTAL_POPULATION,1841,both,80,5.46,85.46,41.62,138.13,0.3233,England & Wales
UK:_ENGLAND_&_WALES_TOTAL_POPULATION,1842,both,80,5.48,85.48,41.3,149.23,0.3232,England & Wales
UK:_ENGLAND_&_WALES_TOTAL_POPULATION,1843,both,80,5.56,85.56,41.81,149.07,0.3281,England & Wales
UK:_ENGLAND_&_WALES_TOTAL_POPULATION,1844,both,80,5.38,85.38,41.49,147.4,0.3215999999999999,England & Wales
UK:_ENGLAND_&_WALES_TOTAL_POPULATION,1845,both,80,5.49,85.49,42.49,140.64,0.3326,England & Wales
UK:_ENGLAND_&_WALES_TOTAL_POPULATION,1846,both,80,5.22,85.22,39.91,163.25,0.3034,England & Wales
UK:_ENGLAND_&_WALES_TOTAL_POPULATION,1847,both,80,4.64,84.64,38.29,158.07,0.2691,England & Wales
UK:_ENGLAND_&_WALES_TOTAL_POPULATION,1848,both,80,5.15,85.15,39.46,154.72,0.2958,England & Wales
UK:_ENGLAND_&_WALES_TOTAL_POPULATION,1849,both,80,5.09,85.09,37.34,158.81,0.2521,England & Wales
UK:_ENGLAND_&_WALES_TOTAL_POPULATION,1850,both,80,5.39,85.39,42.75,143.53,0.3392,England & Wales
UK:_ENGLAND_&_WALES_TOTAL_POPULATION,1851,both,80,5.39,85.39,41.36,152.25,0.3231,England & Wales
UK:_ENGLAND_&_WALES_TOTAL_POPULATION,1852,both,80,5.29,85.29,40.87,157.33,0.3175,England & Wales
UK:_ENGLAND_&_WALES_TOTAL_POPULATION,1853,both,80,4.92,84.92,40.51,156.02,0.3057,England & Wales
UK:_ENGLAND_&_WALES_TOTAL_POPULATION,1854,both,80,5.19,85.19,39.3,156.5,0.2930999999999999,England & Wales
UK:_ENGLAND_&_WALES_TOTAL_POPULATION,1855,both,80,4.68,84.68,40.99,151.37,0.3097,England & Wales
UK:_ENGLAND_&_WALES_TOTAL_POPULATION,1856,both,80,5.57,85.57,43.21,144.24,0.3443,England & Wales
UK:_ENGLAND_&_WALES_TOTAL_POPULATION,1857,both,80,5.18,85.18,41.84,153.75,0.3284,England & Wales
UK:_ENGLAND_&_WALES_TOTAL_POPULATION,1858,both,80,5.02,85.02,39.99,155.48,0.31,England & Wales
UK:_ENGLAND_&_WALES_TOTAL_POPULATION,1859,both,80,5.29,85.29,40.77,155.4,0.3182,England & Wales
UK:_ENGLAND_&_WALES_TOTAL_POPULATION,1860,both,80,5.04,85.04,42.94,143.79,0.3359,England & Wales
UK:_ENGLAND_&_WALES_TOTAL_POPULATION,1861,both,80,5.23,85.23,42.31,149.64,0.3336,England & Wales
UK:_ENGLAND_&_WALES_TOTAL_POPULATION,1862,both,80,5.38,85.38,42.47,142.56,0.3325,England & Wales
UK:_ENGLAND_&_WALES_TOTAL_POPULATION,1863,both,80,5.34,85.34,40.36,147.6,0.312,England & Wales
UK:_ENGLAND_&_WALES_TOTAL_POPULATION,1864,both,80,5.03,85.03,39.93,151.4,0.2934,England & Wales
UK:_ENGLAND_&_WALES_TOTAL_POPULATION,1865,both,80,5.04,85.04,40.62,158.12,0.3002,England & Wales
UK:_ENGLAND_&_WALES_TOTAL_POPULATION,1866,both,80,5.02,85.02,40.38,157.81,0.2951,England & Wales
UK:_ENGLAND_&_WALES_TOTAL_POPULATION,1867,both,80,4.97,84.97,42.58,152.51,0.325,England & Wales
UK:_ENGLAND_&_WALES_TOTAL_POPULATION,1868,both,80,5.4,85.4,41.97,155.64,0.3252,England & Wales
UK:_ENGLAND_&_WALES_TOTAL_POPULATION,1869,both,80,5.13,85.13,41.62,153.2,0.3187,England & Wales
UK:_ENGLAND_&_WALES_TOTAL_POPULATION,1870,both,80,4.96,84.96,40.91,156.77,0.3098,England & Wales
UK:_ENGLAND_&_WALES_TOTAL_POPULATION,1871,both,80,5.13,85.13,41.28,154.08,0.31,England & Wales
UK:_ENGLAND_&_WALES_TOTAL_POPULATION,1872,both,80,5.36,85.36,42.87,150.65,0.3302,England & Wales
UK:_ENGLAND_&_WALES_TOTAL_POPULATION,1873,both,80,5.03,85.03,43.74,147.53,0.3359,England & Wales
UK:_ENGLAND_&_WALES_TOTAL_POPULATION,1874,both,80,5.12,85.12,42.07,150.63,0.3142,England & Wales
UK:_ENGLAND_&_WALES_TOTAL_POPULATION,1875,both,80,4.59,84.59,41.81,155.34,0.3045,England & Wales
UK:_ENGLAND_&_WALES_TOTAL_POPULATION,1876,both,80,5.09,85.09,43.65,148.02,0.3333,England & Wales
UK:_ENGLAND_&_WALES_TOTAL_POPULATION,1877,both,80,5.06,85.06,44.67,135.69,0.3436999999999999,England & Wales
UK:_ENGLAND_&_WALES_TOTAL_POPULATION,1878,both,80,4.73,84.73,42.98,151.09,0.3286,England & Wales
UK:_ENGLAND_&_WALES_TOTAL_POPULATION,1879,both,80,4.41,84.41,44.22,134.87,0.3347,England & Wales
UK:_ENGLAND_&_WALES_TOTAL_POPULATION,1880,both,80,4.93,84.93,43.73,148.48,0.3445,England & Wales
UK:_ENGLAND_&_WALES_TOTAL_POPULATION,1881,both,80,5.06,85.06,46.08,128.46,0.3608,England & Wales
UK:_ENGLAND_&_WALES_TOTAL_POPULATION,1882,both,80,5.2,85.2,44.83,139.47,0.3515,England & Wales
UK:_ENGLAND_&_WALES_TOTAL_POPULATION,1883,both,80,4.91,84.91,45.05,135.96,0.3472,England & Wales
UK:_ENGLAND_&_WALES_TOTAL_POPULATION,1884,both,80,5.17,85.17,44.74,145.87,0.3495,England & Wales
UK:_ENGLAND_&_WALES_TOTAL_POPULATION,1885,both,80,4.88,84.88,45.72,135.83,0.3559,England & Wales
UK:_ENGLAND_&_WALES_TOTAL_POPULATION,1886,both,80,4.71,84.71,45.29,147.79,0.3540999999999999,England & Wales
UK:_ENGLAND_&_WALES_TOTAL_POPULATION,1887,both,80,4.87,84.87,45.62,142.5,0.3579,England & Wales
UK:_ENGLAND_&_WALES_TOTAL_POPULATION,1888,both,80,4.92,84.92,46.78,135.66,0.3716,England & Wales
UK:_ENGLAND_&_WALES_TOTAL_POPULATION,1889,both,80,5.06,85.06,46.31,143.07,0.3732,England & Wales
UK:_ENGLAND_&_WALES_TOTAL_POPULATION,1890,both,80,4.75,84.75,44.72,145.43,0.3375,England & Wales
UK:_ENGLAND_&_WALES_TOTAL_POPULATION,1891,both,80,4.41,84.41,44.24,148.99,0.3243,England & Wales
UK:_ENGLAND_&_WALES_TOTAL_POPULATION,1892,both,80,4.56,84.56,45.46,145.83,0.3513,England & Wales
UK:_ENGLAND_&_WALES_TOTAL_POPULATION,1893,both,80,4.9,84.9,44.83,157.16,0.3469,England & Wales
UK:_ENGLAND_&_WALES_TOTAL_POPULATION,1894,both,80,5.41,85.41,48.3,134.46,0.3982,England & Wales
UK:_ENGLAND_&_WALES_TOTAL_POPULATION,1895,both,80,4.56,84.56,45.69,159.53,0.3616,England & Wales
UK:_ENGLAND_&_WALES_TOTAL_POPULATION,1896,both,80,5.34,85.34,47.37,145.85,0.3897,England & Wales
UK:_ENGLAND_&_WALES_TOTAL_POPULATION,1897,both,80,5.08,85.08,47.19,154.11,0.3865999999999999,England & Wales
UK:_ENGLAND_&_WALES_TOTAL_POPULATION,1898,both,80,5.04,85.04,46.96,158.66,0.3848,England & Wales
UK:_ENGLAND_&_WALES_TOTAL_POPULATION,1899,both,80,4.78,84.78,46.12,161.48,0.3666,England & Wales
UK:_ENGLAND_&_WALES_TOTAL_POPULATION,1900,both,80,4.71,84.71,46.3,151.09,0.363,England & Wales
UK:_ENGLAND_&_WALES_TOTAL_POPULATION,1901,both,80,5.1,85.1,47.89,148.63,0.3932,England & Wales
UK:_ENGLAND_&_WALES_TOTAL_POPULATION,1902,both,80,5.11,85.11,49.05,133.63,0.4058,England & Wales
UK:_ENGLAND_&_WALES_TOTAL_POPULATION,1903,both,80,5.38,85.38,50.39,130.83,0.4278,England & Wales
UK:_ENGLAND_&_WALES_TOTAL_POPULATION,1904,both,80,5.07,85.07,49.09,142.91,0.4140999999999999,England & Wales
UK:_ENGLAND_&_WALES_TOTAL_POPULATION,1905,both,80,5.19,85.19,50.83,126.62,0.4338,England & Wales
UK:_ENGLAND_&_WALES_TOTAL_POPULATION,1906,both,80,5.1,85.1,50.56,131.39,0.4306,England & Wales
UK:_ENGLAND_&_WALES_TOTAL_POPULATION,1907,both,80,5.05,85.05,51.41,116.15,0.4364,England & Wales
UK:_ENGLAND_&_WALES_TOTAL_POPULATION,1908,both,80,5.1,85.1,51.81,120.63,0.4459,England & Wales
UK:_ENGLAND_&_WALES_TOTAL_POPULATION,1909,both,80,4.95,84.95,52.48,107.74,0.4524,England & Wales
UK:_ENGLAND_&_WALES_TOTAL_POPULATION,1910,both,80,5.38,85.38,53.95,106.18,0.4785999999999999,England & Wales
UK:_ENGLAND_&_WALES_TOTAL_POPULATION,1911,both,80,5.3,85.3,51.51,129.28,0.4538,England & Wales
UK:_ENGLAND_&_WALES_TOTAL_POPULATION,1912,both,80,5.27,85.27,54.51,94.95,0.4835,England & Wales
UK:_ENGLAND_&_WALES_TOTAL_POPULATION,1913,both,80,5.33,85.33,53.79,107.14,0.4763,England & Wales
UK:_ENGLAND_&_WALES_TOTAL_POPULATION,1914,both,80,5.28,85.28,52.0,103.48,0.4496,England & Wales
UK:_ENGLAND_&_WALES_TOTAL_POPULATION,1915,both,80,4.76,84.76,48.3,103.63,0.397,England & Wales
UK:_ENGLAND_&_WALES_TOTAL_POPULATION,1916,both,80,4.87,84.87,48.0,89.29,0.3889,England & Wales
UK:_ENGLAND_&_WALES_TOTAL_POPULATION,1917,both,80,5.02,85.02,46.0,87.87,0.3616,England & Wales
UK:_ENGLAND_&_WALES_TOTAL_POPULATION,1918,both,80,5.57,85.57,40.9,95.8,0.2918,England & Wales
UK:_ENGLAND_&_WALES_TOTAL_POPULATION,1919,both,80,5.03,85.03,54.08,90.54,0.485,England & Wales
UK:_ENGLAND_&_WALES_TOTAL_POPULATION,1920,both,80,5.64,85.64,56.52,92.5,0.5297999999999999,England & Wales
UK:_ENGLAND_&_WALES_TOTAL_POPULATION,1921,both,80,5.43,85.43,58.24,80.05,0.552,England & Wales
UK:_ENGLAND_&_WALES_TOTAL_POPULATION,1922,both,80,5.14,85.14,57.59,74.4,0.5377000000000001,England & Wales
UK:_ENGLAND_&_WALES_TOTAL_POPULATION,1923,both,80,5.45,85.45,59.69,68.3,0.5698,England & Wales
UK:_ENGLAND_&_WALES_TOTAL_POPULATION,1924,both,80,5.26,85.26,58.7,73.35,0.557,England & Wales
UK:_ENGLAND_&_WALES_TOTAL_POPULATION,1925,both,80,5.22,85.22,58.85,73.81,0.5631,England & Wales
UK:_ENGLAND_&_WALES_TOTAL_POPULATION,1926,both,80,5.42,85.42,60.03,69.32,0.5803,England & Wales
UK:_ENGLAND_&_WALES_TOTAL_POPULATION,1927,both,80,5.12,85.12,59.32,67.44,0.5657,England & Wales
UK:_ENGLAND_&_WALES_TOTAL_POPULATION,1928,both,80,5.45,85.45,60.44,65.17,0.5839,England & Wales
UK:_ENGLAND_&_WALES_TOTAL_POPULATION,1929,both,80,4.84,84.84,57.94,73.06,0.5454,England & Wales
UK:_ENGLAND_&_WALES_TOTAL_POPULATION,1930,both,80,5.64,85.64,61.29,60.59,0.5951,England & Wales
UK:_ENGLAND_&_WALES_TOTAL_POPULATION,1931,both,80,5.16,85.16,60.34,65.6,0.5828,England & Wales
UK:_ENGLAND_&_WALES_TOTAL_POPULATION,1932,both,80,5.22,85.22,61.02,63.54,0.5948,England & Wales
UK:_ENGLAND_&_WALES_TOTAL_POPULATION,1933,both,80,5.13,85.13,60.97,60.64,0.5888,England & Wales
UK:_ENGLAND_&_WALES_TOTAL_POPULATION,1934,both,80,5.56,85.56,61.74,58.99,0.6033,England & Wales
UK:_ENGLAND_&_WALES_TOTAL_POPULATION,1935,both,80,5.46,85.46,62.51,57.5,0.614,England & Wales
UK:_ENGLAND_&_WALES_TOTAL_POPULATION,1936,both,80,5.32,85.32,62.28,59.14,0.6107,England & Wales
UK:_ENGLAND_&_WALES_TOTAL_POPULATION,1937,both,80,5.23,85.23,62.33,57.98,0.6077,England & Wales
UK:_ENGLAND_&_WALES_TOTAL_POPULATION,1938,both,80,5.61,85.61,63.72,52.7,0.6329,England & Wales
UK:_ENGLAND_&_WALES_TOTAL_POPULATION,1939,both,80,5.27,85.27,64.06,50.11,0.6355,England & Wales
UK:_ENGLAND_&_WALES_TOTAL_POPULATION,1940,both,80,4.95,84.95,60.59,55.19,0.5722999999999999,England & Wales
UK:_ENGLAND_&_WALES_TOTAL_POPULATION,1941,both,80,5.41,85.41,61.66,58.63,0.6004,England & Wales
UK:_ENGLAND_&_WALES_TOTAL_POPULATION,1942,both,80,5.87,85.87,63.21,52.0,0.6259,England & Wales
UK:_ENGLAND_&_WALES_TOTAL_POPULATION,1943,both,80,5.61,85.61,62.53,49.4,0.6146,England & Wales
UK:_ENGLAND_&_WALES_TOTAL_POPULATION,1944,both,80,5.89,85.89,62.74,47.13,0.6164999999999999,England & Wales
UK:_ENGLAND_&_WALES_TOTAL_POPULATION,1945,both,80,5.89,85.89,61.86,44.21,0.6022,England & Wales
UK:_ENGLAND_&_WALES_TOTAL_POPULATION,1946,both,80,5.79,85.79,66.93,45.7,0.6846,England & Wales
UK:_ENGLAND_&_WALES_TOTAL_POPULATION,1947,both,80,5.58,85.58,66.97,42.25,0.6861,England & Wales
UK:_ENGLAND_&_WALES_TOTAL_POPULATION,1948,both,80,6.25,86.25,68.83,32.84,0.7103,England & Wales
UK:_ENGLAND_&_WALES_TOTAL_POPULATION,1949,both,80,5.69,85.69,68.47,31.27,0.7068000000000001,England & Wales
UK:_ENGLAND_&_WALES_TOTAL_POPULATION,1950,both,80,5.65,85.65,68.96,29.09,0.7152,England & Wales
UK:_ENGLAND_&_WALES_TOTAL_POPULATION,1951,both,80,5.31,85.31,68.51,29.48,0.7081000000000001,England & Wales
UK:_ENGLAND_&_WALES_TOTAL_POPULATION,1952,both,80,5.84,85.84,69.83,27.57,0.7293000000000001,England & Wales
UK:_ENGLAND_&_WALES_TOTAL_POPULATION,1953,both,80,5.84,85.84,70.04,26.86,0.7334,England & Wales
UK:_ENGLAND_&_WALES_TOTAL_POPULATION,1954,both,80,5.9,85.9,70.46,25.15,0.7394,England & Wales
UK:_ENGLAND_&_WALES_TOTAL_POPULATION,1955,both,80,5.72,85.72,70.39,24.79,0.7409,England & Wales
UK:_ENGLAND_&_WALES_TOTAL_POPULATION,1956,both,80,5.76,85.76,70.63,24.04,0.7445,England & Wales
UK:_ENGLAND_&_WALES_TOTAL_POPULATION,1957,both,80,6.09,86.09,70.77,23.44,0.7422,England & Wales
UK:_ENGLAND_&_WALES_TOTAL_POPULATION,1958,both,80,5.92,85.92,70.94,22.69,0.7478,England & Wales
UK:_ENGLAND_&_WALES_TOTAL_POPULATION,1959,both,80,6.03,86.03,71.09,22.09,0.7493000000000001,England & Wales
UK:_ENGLAND_&_WALES_TOTAL_POPULATION,1960,both,80,6.13,86.13,71.27,22.35,0.7521,England & Wales
UK:_ENGLAND_&_WALES_TOTAL_POPULATION,1961,both,80,5.98,85.98,71.01,21.73,0.7484999999999999,England & Wales
UK:_ENGLAND_&_WALES_TOTAL_POPULATION,1962,both,80,5.99,85.99,71.06,21.95,0.7484999999999999,England & Wales
UK:_ENGLAND_&_WALES_TOTAL_POPULATION,1963,both,80,5.9,85.9,70.99,21.27,0.7472,England & Wales
UK:_ENGLAND_&_WALES_TOTAL_POPULATION,1964,both,80,6.45,86.45,71.76,20.38,0.7556999999999999,England & Wales
UK:_ENGLAND_&_WALES_TOTAL_POPULATION,1965,both,80,6.39,86.39,71.74,19.07,0.7559999999999999,England & Wales
UK:_ENGLAND_&_WALES_TOTAL_POPULATION,1966,both,80,6.29,86.29,71.66,18.96,0.7564,England & Wales
UK:_ENGLAND_&_WALES_TOTAL_POPULATION,1967,both,80,6.59,86.59,72.25,18.14,0.7648,England & Wales
UK:_ENGLAND_&_WALES_TOTAL_POPULATION,1968,both,80,6.27,86.27,71.88,18.23,0.7614,England & Wales
UK:_ENGLAND_&_WALES_TOTAL_POPULATION,1969,both,80,6.51,86.51,71.86,17.7,0.7574,England & Wales
UK:_ENGLAND_&_WALES_TOTAL_POPULATION,1970,both,80,6.54,86.54,72.09,18.2,0.7625,England & Wales
UK:_ENGLAND_&_WALES_TOTAL_POPULATION,1971,both,80,6.62,86.62,72.42,17.42,0.7674,England & Wales
UK:_ENGLAND_&_WALES_TOTAL_POPULATION,1972,both,80,6.47,86.47,72.19,16.8,0.7646,England & Wales
UK:_ENGLAND_&_WALES_TOTAL_POPULATION,1973,both,80,6.5,86.5,72.42,16.31,0.7689,England & Wales
UK:_ENGLAND_&_WALES_TOTAL_POPULATION,1974,both,80,6.57,86.57,72.62,16.02,0.7716,England & Wales
UK:_ENGLAND_&_WALES_TOTAL_POPULATION,1975,both,80,6.61,86.61,72.86,15.24,0.7755,England & Wales
UK:_ENGLAND_&_WALES_TOTAL_POPULATION,1976,both,80,6.46,86.46,72.85,14.06,0.7754000000000001,England & Wales
UK:_ENGLAND_&_WALES_TOTAL_POPULATION,1977,both,80,6.77,86.77,73.33,13.74,0.782,England & Wales
UK:_ENGLAND_&_WALES_TOTAL_POPULATION,1978,both,80,6.78,86.78,73.26,13.56,0.7804000000000001,England & Wales
UK:_ENGLAND_&_WALES_TOTAL_POPULATION,1979,both,80,6.74,86.74,73.38,13.12,0.7822,England & Wales
UK:_ENGLAND_&_WALES_TOTAL_POPULATION,1980,both,80,6.9,86.9,73.8,12.32,0.7886,England & Wales
UK:_ENGLAND_&_WALES_TOTAL_POPULATION,1981,both,80,6.93,86.93,74.13,11.0,0.7944,England & Wales
UK:_ENGLAND_&_WALES_TOTAL_POPULATION,1982,both,80,6.94,86.94,74.26,10.77,0.7978000000000001,England & Wales
UK:_ENGLAND_&_WALES_TOTAL_POPULATION,1983,both,80,7.01,87.01,74.49,10.15,0.8009000000000001,England & Wales
UK:_ENGLAND_&_WALES_TOTAL_POPULATION,1984,both,80,7.23,87.23,74.89,9.56,0.8049,England & Wales
UK:_ENGLAND_&_WALES_TOTAL_POPULATION,1985,both,80,6.99,86.99,74.72,9.4,0.8061,England & Wales
UK:_ENGLAND_&_WALES_TOTAL_POPULATION,1986,both,80,7.17,87.17,74.99,9.56,0.8106,England & Wales
UK:_ENGLAND_&_WALES_TOTAL_POPULATION,1987,both,80,7.41,87.41,75.33,9.34,0.8144,England & Wales
UK:_ENGLAND_&_WALES_TOTAL_POPULATION,1988,both,80,7.4,87.4,75.46,9.11,0.8178,England & Wales
UK:_ENGLAND_&_WALES_TOTAL_POPULATION,1989,both,80,7.33,87.33,75.62,8.48,0.8228,England & Wales
UK:_ENGLAND_&_WALES_TOTAL_POPULATION,1990,both,80,7.55,87.55,75.93,8.07,0.8262,England & Wales
UK:_ENGLAND_&_WALES_TOTAL_POPULATION,1991,both,80,7.5,87.5,76.09,7.36,0.8312999999999999,England & Wales
UK:_ENGLAND_&_WALES_TOTAL_POPULATION,1992,both,80,7.68,87.68,76.5,6.53,0.8366,England & Wales
UK:_ENGLAND_&_WALES_TOTAL_POPULATION,1993,both,80,7.46,87.46,76.38,6.3,0.8376,England & Wales
UK:_ENGLAND_&_WALES_TOTAL_POPULATION,1994,both,80,7.76,87.76,76.92,6.14,0.8447,England & Wales
UK:_ENGLAND_&_WALES_TOTAL_POPULATION,1995,both,80,7.6,87.6,76.81,6.1,0.8449,England & Wales
UK:_ENGLAND_&_WALES_TOTAL_POPULATION,1996,both,80,7.71,87.71,77.08,6.17,0.8482999999999999,England & Wales
UK:_ENGLAND_&_WALES_TOTAL_POPULATION,1997,both,80,7.76,87.76,77.33,5.84,0.8522,England & Wales
UK:_ENGLAND_&_WALES_TOTAL_POPULATION,1998,both,80,7.79,87.79,77.47,5.69,0.8538,England & Wales
UK:_ENGLAND_&_WALES_TOTAL_POPULATION,1999,both,80,7.8,87.8,77.59,5.79,0.8561,England & Wales
UK:_ENGLAND_&_WALES_TOTAL_POPULATION,2000,both,80,8.0,88.0,78.06,5.54,0.8604999999999999,England & Wales
UK:_ENGLAND_&_WALES_TOTAL_POPULATION,2001,both,80,8.06,88.06,78.33,5.42,0.8636,England & Wales
UK:_ENGLAND_&_WALES_TOTAL_POPULATION,2002,both,80,8.04,88.03999999999999,78.46,5.26,0.8658,England & Wales
UK:_ENGLAND_&_WALES_TOTAL_POPULATION,2003,both,80,7.98,87.98,78.54,5.41,0.8667,England & Wales
UK:_ENGLAND_&_WALES_TOTAL_POPULATION,2004,both,80,8.31,88.31,79.12,5.12,0.8728,England & Wales
UK:_ENGLAND_&_WALES_TOTAL_POPULATION,2005,both,80,8.34,88.34,79.32,5.06,0.8748999999999999,England & Wales
UK:_ENGLAND_&_WALES_TOTAL_POPULATION,2006,both,80,8.54,88.53999999999999,79.57,5.11,0.8754000000000001,England & Wales
UK:_ENGLAND_&_WALES_TOTAL_POPULATION,2007,both,80,8.57,88.57,79.77,4.91,0.8779,England & Wales
UK:_ENGLAND_&_WALES_TOTAL_POPULATION,2008,both,80,8.57,88.57,79.88,4.8,0.8792,England & Wales
UK:_ENGLAND_&_WALES_TOTAL_POPULATION,2009,both,80,8.86,88.86,80.37,4.72,0.8831,England & Wales
UK:_ENGLAND_&_WALES_TOTAL_POPULATION,2010,both,80,8.92,88.92,80.6,4.42,0.8859,England & Wales
UK:_ENGLAND_&_WALES_TOTAL_POPULATION,2011,both,80,9.13,89.13,81.01,4.37,0.8896999999999999,England & Wales
UK:_ENGLAND_&_WALES_TOTAL_POPULATION,2012,both,80,8.99,88.99,81.06,4.2,0.8925,England & Wales
UK:_ENGLAND_&_WALES_TOTAL_POPULATION,2013,both,80,9.0,89.0,81.1,3.89,0.8922,England & Wales
UK:_ENGLAND_&_WALES_TOTAL_POPULATION,2014,both,80,9.19,89.19,81.32,3.84,0.8931,England & Wales
UK:_ENGLAND_&_WALES_TOTAL_POPULATION,2015,both,80,8.93,88.93,81.09,3.91,0.8925,England & Wales
UK:_ENGLAND_&_WALES_TOTAL_POPULATION,2016,both,80,9.13,89.13,81.23,3.89,0.8919,England & Wales
UK:_ENGLAND_&_WALES_TOTAL_POPULATION,2017,both,80,9.11,89.11,81.32,3.97,0.894,England & Wales
UK:_ENGLAND_&_WALES_TOTAL_POPULATION,2018,both,80,9.13,89.13,81.27,3.86,0.8926000000000001,England & Wales
UK:_ENGLAND_&_WALES_TOTAL_POPULATION,2019,both,80,9.34,89.34,81.59,3.94,0.8948999999999999,England & Wales
UK:_ENGLAND_&_WALES_TOTAL_POPULATION,2020,both,80,8.68,88.68,80.52,3.77,0.8847,England & Wales
UK:_ENGLAND_&_WALES_TOTAL_POPULATION,2021,both,80,9.07,89.07,80.72,4.07,0.8812000000000001,England & Wales
UK:_ENGLAND_&_WALES_TOTAL_POPULATION,2022,both,80,9.16,89.16,81.16,3.88,0.8891,England & Wales
UK:_NORTHERN_IRELAND,1922,both,80,5.14,85.14,54.43,76.48,0.4659,UK: NORTHERN IRELAND
UK:_NORTHERN_IRELAND,1923,both,80,5.53,85.53,55.55,78.36,0.4874,UK: NORTHERN IRELAND
UK:_NORTHERN_IRELAND,1924,both,80,4.93,84.93,54.19,84.17,0.4652,UK: NORTHERN IRELAND
UK:_NORTHERN_IRELAND,1925,both,80,4.91,84.91,54.4,86.78,0.4758,UK: NORTHERN IRELAND
UK:_NORTHERN_IRELAND,1926,both,80,5.41,85.41,55.24,87.45,0.4836999999999999,UK: NORTHERN IRELAND
UK:_NORTHERN_IRELAND,1927,both,80,5.41,85.41,56.72,76.74,0.5023,UK: NORTHERN IRELAND
UK:_NORTHERN_IRELAND,1928,both,80,5.44,85.44,56.89,76.57,0.514,UK: NORTHERN IRELAND
UK:_NORTHERN_IRELAND,1929,both,80,4.82,84.82,55.14,84.05,0.4921999999999999,UK: NORTHERN IRELAND
UK:_NORTHERN_IRELAND,1930,both,80,5.43,85.43,58.6,68.46,0.5395,UK: NORTHERN IRELAND
UK:_NORTHERN_IRELAND,1931,both,80,5.17,85.17,57.63,72.75,0.5265,UK: NORTHERN IRELAND
UK:_NORTHERN_IRELAND,1932,both,80,5.43,85.43,57.76,81.55,0.5365,UK: NORTHERN IRELAND
UK:_NORTHERN_IRELAND,1933,both,80,5.46,85.46,57.12,78.66,0.5244,UK: NORTHERN IRELAND
UK:_NORTHERN_IRELAND,1934,both,80,5.62,85.62,58.55,70.77,0.5404,UK: NORTHERN IRELAND
UK:_NORTHERN_IRELAND,1935,both,80,5.57,85.57,56.73,84.77,0.5229,UK: NORTHERN IRELAND
UK:_NORTHERN_IRELAND,1936,both,80,5.47,85.47,58.15,80.08,0.5374,UK: NORTHERN IRELAND
UK:_NORTHERN_IRELAND,1937,both,80,5.0,85.0,58.06,78.46,0.534,UK: NORTHERN IRELAND
UK:_NORTHERN_IRELAND,1938,both,80,5.78,85.78,59.11,75.84,0.5521,UK: NORTHERN IRELAND
UK:_NORTHERN_IRELAND,1939,both,80,5.33,85.33,60.63,69.69,0.5788,UK: NORTHERN IRELAND
UK:_NORTHERN_IRELAND,1940,both,80,5.4,85.4,58.07,85.33,0.5448,UK: NORTHERN IRELAND
UK:_NORTHERN_IRELAND,1941,both,80,5.19,85.19,57.76,78.77,0.5331,UK: NORTHERN IRELAND
UK:_NORTHERN_IRELAND,1942,both,80,5.73,85.73,60.47,79.82,0.5858,UK: NORTHERN IRELAND
UK:_NORTHERN_IRELAND,1943,both,80,5.64,85.64,60.93,80.36,0.5927,UK: NORTHERN IRELAND
UK:_NORTHERN_IRELAND,1944,both,80,5.8,85.8,62.51,67.04,0.6125,UK: NORTHERN IRELAND
UK:_NORTHERN_IRELAND,1945,both,80,6.03,86.03,63.39,65.98,0.6292,UK: NORTHERN IRELAND
UK:_NORTHERN_IRELAND,1946,both,80,5.69,85.69,63.93,54.99,0.6322,UK: NORTHERN IRELAND
UK:_NORTHERN_IRELAND,1947,both,80,5.5,85.5,64.08,53.9,0.6372,UK: NORTHERN IRELAND
UK:_NORTHERN_IRELAND,1948,both,80,6.26,86.26,66.3,44.41,0.6715000000000001,UK: NORTHERN IRELAND
UK:_NORTHERN_IRELAND,1949,both,80,5.89,85.89,66.54,44.86,0.6748999999999999,UK: NORTHERN IRELAND
UK:_NORTHERN_IRELAND,1950,both,80,5.59,85.59,67.02,40.69,0.6789000000000001,UK: NORTHERN IRELAND
UK:_NORTHERN_IRELAND,1951,both,80,5.16,85.16,66.1,41.54,0.6648999999999999,UK: NORTHERN IRELAND
UK:_NORTHERN_IRELAND,1952,both,80,5.84,85.84,68.33,39.23,0.7047,UK: NORTHERN IRELAND
UK:_NORTHERN_IRELAND,1953,both,80,6.08,86.08,68.59,37.67,0.7101999999999999,UK: NORTHERN IRELAND
UK:_NORTHERN_IRELAND,1954,both,80,5.7,85.7,69.1,32.9,0.7189,UK: NORTHERN IRELAND
UK:_NORTHERN_IRELAND,1955,both,80,5.64,85.64,69.08,32.26,0.7214,UK: NORTHERN IRELAND
UK:_NORTHERN_IRELAND,1956,both,80,5.83,85.83,69.95,28.94,0.7295999999999999,UK: NORTHERN IRELAND
UK:_NORTHERN_IRELAND,1957,both,80,5.78,85.78,69.64,29.08,0.7243999999999999,UK: NORTHERN IRELAND
UK:_NORTHERN_IRELAND,1958,both,80,5.85,85.85,70.07,27.96,0.7334999999999999,UK: NORTHERN IRELAND
UK:_NORTHERN_IRELAND,1959,both,80,5.81,85.81,69.94,28.61,0.7326,UK: NORTHERN IRELAND
UK:_NORTHERN_IRELAND,1960,both,80,6.0,86.0,70.03,28.05,0.7303000000000001,UK: NORTHERN IRELAND
UK:_NORTHERN_IRELAND,1961,both,80,5.66,85.66,69.84,27.34,0.7325,UK: NORTHERN IRELAND
UK:_NORTHERN_IRELAND,1962,both,80,5.94,85.94,70.57,26.87,0.7426999999999999,UK: NORTHERN IRELAND
UK:_NORTHERN_IRELAND,1963,both,80,5.94,85.94,70.08,27.25,0.7265999999999999,UK: NORTHERN IRELAND
UK:_NORTHERN_IRELAND,1964,both,80,6.2,86.2,70.72,26.76,0.7415,UK: NORTHERN IRELAND
UK:_NORTHERN_IRELAND,1965,both,80,6.22,86.22,70.77,24.85,0.7398,UK: NORTHERN IRELAND
UK:_NORTHERN_IRELAND,1966,both,80,5.94,85.94,70.26,25.35,0.7365999999999999,UK: NORTHERN IRELAND
UK:_NORTHERN_IRELAND,1967,both,80,6.6,86.6,71.69,23.5,0.757,UK: NORTHERN IRELAND
UK:_NORTHERN_IRELAND,1968,both,80,6.31,86.31,71.03,23.86,0.7481,UK: NORTHERN IRELAND
UK:_NORTHERN_IRELAND,1969,both,80,6.4,86.4,70.68,24.15,0.7367,UK: NORTHERN IRELAND
UK:_NORTHERN_IRELAND,1970,both,80,6.43,86.43,70.7,22.94,0.7349,UK: NORTHERN IRELAND
UK:_NORTHERN_IRELAND,1971,both,80,6.19,86.19,71.18,22.55,0.7494,UK: NORTHERN IRELAND
UK:_NORTHERN_IRELAND,1972,both,80,6.2,86.2,70.47,20.12,0.732,UK: NORTHERN IRELAND
UK:_NORTHERN_IRELAND,1973,both,80,6.08,86.08,69.93,20.45,0.7232999999999999,UK: NORTHERN IRELAND
UK:_NORTHERN_IRELAND,1974,both,80,6.04,86.04,70.38,20.06,0.7287,UK: NORTHERN IRELAND
UK:_NORTHERN_IRELAND,1975,both,80,6.36,86.36,70.98,20.14,0.7390000000000001,UK: NORTHERN IRELAND
UK:_NORTHERN_IRELAND,1976,both,80,6.27,86.27,70.85,18.29,0.7373000000000001,UK: NORTHERN IRELAND
UK:_NORTHERN_IRELAND,1977,both,80,6.31,86.31,71.16,17.01,0.7386,UK: NORTHERN IRELAND
UK:_NORTHERN_IRELAND,1978,both,80,6.62,86.62,71.86,16.16,0.7486,UK: NORTHERN IRELAND
UK:_NORTHERN_IRELAND,1979,both,80,6.5,86.5,71.65,15.15,0.7464,UK: NORTHERN IRELAND
UK:_NORTHERN_IRELAND,1980,both,80,6.46,86.46,71.81,13.58,0.75,UK: NORTHERN IRELAND
UK:_NORTHERN_IRELAND,1981,both,80,6.67,86.67,72.51,13.0,0.7631999999999999,UK: NORTHERN IRELAND
UK:_NORTHERN_IRELAND,1982,both,80,6.77,86.77,72.82,13.52,0.7659999999999999,UK: NORTHERN IRELAND
UK:_NORTHERN_IRELAND,1983,both,80,6.76,86.76,73.1,12.12,0.7746,UK: NORTHERN IRELAND
UK:_NORTHERN_IRELAND,1984,both,80,6.87,86.87,73.59,10.71,0.7811,UK: NORTHERN IRELAND
UK:_NORTHERN_IRELAND,1985,both,80,6.93,86.93,73.62,9.54,0.7839,UK: NORTHERN IRELAND
UK:_NORTHERN_IRELAND,1986,both,80,6.93,86.93,73.81,10.28,0.7837000000000001,UK: NORTHERN IRELAND
UK:_NORTHERN_IRELAND,1987,both,80,7.24,87.24,74.46,8.66,0.8006,UK: NORTHERN IRELAND
UK:_NORTHERN_IRELAND,1988,both,80,6.98,86.98,74.22,9.02,0.7911,UK: NORTHERN IRELAND
UK:_NORTHERN_IRELAND,1989,both,80,6.94,86.94,74.7,6.77,0.8072,UK: NORTHERN IRELAND
UK:_NORTHERN_IRELAND,1990,both,80,7.25,87.25,75.02,7.54,0.809,UK: NORTHERN IRELAND
UK:_NORTHERN_IRELAND,1991,both,80,7.41,87.41,75.4,7.45,0.8157,UK: NORTHERN IRELAND
UK:_NORTHERN_IRELAND,1992,both,80,7.51,87.51,75.87,5.97,0.8256999999999999,UK: NORTHERN IRELAND
UK:_NORTHERN_IRELAND,1993,both,80,7.36,87.36,75.49,7.11,0.8209000000000001,UK: NORTHERN IRELAND
UK:_NORTHERN_IRELAND,1994,both,80,7.51,87.51,76.02,6.01,0.8245,UK: NORTHERN IRELAND
UK:_NORTHERN_IRELAND,1995,both,80,7.55,87.55,76.04,6.99,0.8303,UK: NORTHERN IRELAND
UK:_NORTHERN_IRELAND,1996,both,80,7.5,87.5,76.57,5.95,0.8412000000000001,UK: NORTHERN IRELAND
UK:_NORTHERN_IRELAND,1997,both,80,7.63,87.63,76.86,5.64,0.8432,UK: NORTHERN IRELAND
UK:_NORTHERN_IRELAND,1998,both,80,7.6,87.6,77.03,5.63,0.8469,UK: NORTHERN IRELAND
UK:_NORTHERN_IRELAND,1999,both,80,7.28,87.28,76.74,6.36,0.8461,UK: NORTHERN IRELAND
UK:_NORTHERN_IRELAND,2000,both,80,7.65,87.65,77.39,4.85,0.851,UK: NORTHERN IRELAND
UK:_NORTHERN_IRELAND,2001,both,80,7.73,87.73,77.85,6.17,0.8608,UK: NORTHERN IRELAND
UK:_NORTHERN_IRELAND,2002,both,80,7.85,87.85,77.91,4.7,0.8545999999999999,UK: NORTHERN IRELAND
UK:_NORTHERN_IRELAND,2003,both,80,7.97,87.97,78.33,5.34,0.8674,UK: NORTHERN IRELAND
UK:_NORTHERN_IRELAND,2004,both,80,8.15,88.15,78.44,5.54,0.8593999999999999,UK: NORTHERN IRELAND
UK:_NORTHERN_IRELAND,2005,both,80,8.33,88.33,78.62,6.18,0.8623999999999999,UK: NORTHERN IRELAND
UK:_NORTHERN_IRELAND,2006,both,80,8.28,88.28,78.66,5.34,0.8604999999999999,UK: NORTHERN IRELAND
UK:_NORTHERN_IRELAND,2007,both,80,8.26,88.26,78.86,5.12,0.8626,UK: NORTHERN IRELAND
UK:_NORTHERN_IRELAND,2008,both,80,8.22,88.22,78.9,4.9,0.867,UK: NORTHERN IRELAND
UK:_NORTHERN_IRELAND,2009,both,80,8.61,88.61,79.37,5.13,0.8695,UK: NORTHERN IRELAND
UK:_NORTHERN_IRELAND,2010,both,80,8.76,88.76,79.46,5.8,0.8690000000000001,UK: NORTHERN IRELAND
UK:_NORTHERN_IRELAND,2011,both,80,8.88,88.88,80.16,4.32,0.8768,UK: NORTHERN IRELAND
UK:_NORTHERN_IRELAND,2012,both,80,8.63,88.63,80.19,3.57,0.8823000000000001,UK: NORTHERN IRELAND
UK:_NORTHERN_IRELAND,2013,both,80,8.74,88.74,80.22,4.52,0.8806,UK: NORTHERN IRELAND
UK:_NORTHERN_IRELAND,2014,both,80,9.02,89.02,80.56,4.85,0.8842,UK: NORTHERN IRELAND
UK:_NORTHERN_IRELAND,2015,both,80,8.78,88.78,80.25,5.11,0.8798999999999999,UK: NORTHERN IRELAND
UK:_NORTHERN_IRELAND,2016,both,80,8.94,88.94,80.56,4.61,0.8851,UK: NORTHERN IRELAND
UK:_NORTHERN_IRELAND,2017,both,80,8.87,88.87,80.47,3.7,0.8842,UK: NORTHERN IRELAND
UK:_NORTHERN_IRELAND,2018,both,80,8.96,88.96000000000001,80.73,4.19,0.8845000000000001,UK: NORTHERN IRELAND
UK:_NORTHERN_IRELAND,2019,both,80,9.14,89.14,80.94,4.93,0.8858,UK: NORTHERN IRELAND
UK:_NORTHERN_IRELAND,2020,both,80,8.65,88.65,80.16,4.22,0.8789,UK: NORTHERN IRELAND
UK:_NORTHERN_IRELAND,2021,both,80,8.86,88.86,80.14,4.66,0.8762000000000001,UK: NORTHERN IRELAND
UK:_NORTHERN_IRELAND,2022,both,80,9.01,89.01,80.82,4.17,0.8862000000000001,UK: NORTHERN IRELAND
UK:_SCOTLAND,1855,both,80,5.25,85.25,42.98,116.24,0.3288,UK: SCOTLAND
UK:_SCOTLAND,1856,both,80,6.31,86.31,44.32,117.37,0.3591,UK: SCOTLAND
UK:_SCOTLAND,1857,both,80,5.63,85.63,43.51,117.4,0.3468,UK: SCOTLAND
UK:_SCOTLAND,1858,both,80,5.45,85.45,43.05,121.26,0.3444,UK: SCOTLAND
UK:_SCOTLAND,1859,both,80,5.84,85.84,43.87,112.76,0.3565,UK: SCOTLAND
UK:_SCOTLAND,1860,both,80,5.36,85.36,41.49,131.77,0.3256,UK: SCOTLAND
UK:_SCOTLAND,1861,both,80,5.78,85.78,44.03,116.4,0.3568,UK: SCOTLAND
UK:_SCOTLAND,1862,both,80,5.26,85.26,42.58,118.2,0.3362,UK: SCOTLAND
UK:_SCOTLAND,1863,both,80,5.6,85.6,40.67,120.22,0.3203,UK: SCOTLAND
UK:_SCOTLAND,1864,both,80,5.38,85.38,40.18,126.61,0.2956,UK: SCOTLAND
UK:_SCOTLAND,1865,both,80,5.6,85.6,41.96,124.28,0.3119,UK: SCOTLAND
UK:_SCOTLAND,1866,both,80,5.4,85.4,42.29,121.94,0.3164,UK: SCOTLAND
UK:_SCOTLAND,1867,both,80,5.48,85.48,43.57,118.09,0.3338,UK: SCOTLAND
UK:_SCOTLAND,1868,both,80,5.59,85.59,43.41,117.8,0.3388,UK: SCOTLAND
UK:_SCOTLAND,1869,both,80,5.42,85.42,41.18,127.78,0.3094,UK: SCOTLAND
UK:_SCOTLAND,1870,both,80,5.31,85.31,41.84,125.99,0.3159,UK: SCOTLAND
UK:_SCOTLAND,1871,both,80,5.67,85.67,41.47,133.1,0.3142,UK: SCOTLAND
UK:_SCOTLAND,1872,both,80,5.39,85.39,41.75,126.02,0.3109,UK: SCOTLAND
UK:_SCOTLAND,1873,both,80,4.95,84.95,42.11,124.31,0.3102,UK: SCOTLAND
UK:_SCOTLAND,1874,both,80,5.27,85.27,40.59,125.77,0.2958,UK: SCOTLAND
UK:_SCOTLAND,1875,both,80,4.91,84.91,40.93,130.56,0.2981,UK: SCOTLAND
UK:_SCOTLAND,1876,both,80,5.46,85.46,43.74,122.0,0.3340999999999999,UK: SCOTLAND
UK:_SCOTLAND,1877,both,80,5.17,85.17,44.52,114.53,0.3361,UK: SCOTLAND
UK:_SCOTLAND,1878,both,80,5.22,85.22,43.57,121.8,0.3333,UK: SCOTLAND
UK:_SCOTLAND,1879,both,80,5.04,85.04,45.28,108.24,0.3465,UK: SCOTLAND
UK:_SCOTLAND,1880,both,80,5.37,85.37,43.89,125.0,0.3433,UK: SCOTLAND
UK:_SCOTLAND,1881,both,80,5.34,85.34,45.46,115.96,0.3490999999999999,UK: SCOTLAND
UK:_SCOTLAND,1882,both,80,5.58,85.58,45.23,118.59,0.3544,UK: SCOTLAND
UK:_SCOTLAND,1883,both,80,5.19,85.19,44.42,117.43,0.3343,UK: SCOTLAND
UK:_SCOTLAND,1884,both,80,5.51,85.51,45.06,119.17,0.3461,UK: SCOTLAND
UK:_SCOTLAND,1885,both,80,5.29,85.29,45.66,118.41,0.3545,UK: SCOTLAND
UK:_SCOTLAND,1886,both,80,5.3,85.3,46.33,115.95,0.3589,UK: SCOTLAND
UK:_SCOTLAND,1887,both,80,5.37,85.37,45.89,119.64,0.361,UK: SCOTLAND
UK:_SCOTLAND,1888,both,80,5.31,85.31,47.43,112.18,0.3774,UK: SCOTLAND
UK:_SCOTLAND,1889,both,80,5.44,85.44,46.52,120.56,0.3705,UK: SCOTLAND
UK:_SCOTLAND,1890,both,80,5.25,85.25,44.48,130.53,0.341,UK: SCOTLAND
UK:_SCOTLAND,1891,both,80,4.47,84.47,43.95,132.15,0.3178,UK: SCOTLAND
UK:_SCOTLAND,1892,both,80,5.05,85.05,46.31,118.4,0.3586999999999999,UK: SCOTLAND
UK:_SCOTLAND,1893,both,80,5.07,85.07,44.83,134.95,0.3496,UK: SCOTLAND
UK:_SCOTLAND,1894,both,80,5.55,85.55,48.08,115.28,0.3839,UK: SCOTLAND
UK:_SCOTLAND,1895,both,80,4.81,84.81,45.1,132.2,0.3394,UK: SCOTLAND
UK:_SCOTLAND,1896,both,80,5.72,85.72,48.7,116.27,0.3929999999999999,UK: SCOTLAND
UK:_SCOTLAND,1897,both,80,5.15,85.15,46.33,135.28,0.362,UK: SCOTLAND
UK:_SCOTLAND,1898,both,80,5.46,85.46,46.66,133.88,0.3659,UK: SCOTLAND
UK:_SCOTLAND,1899,both,80,5.21,85.21,46.86,130.55,0.3621,UK: SCOTLAND
UK:_SCOTLAND,1900,both,80,4.79,84.79,46.43,130.04,0.3532,UK: SCOTLAND
UK:_SCOTLAND,1901,both,80,5.34,85.34,46.73,131.89,0.3628,UK: SCOTLAND
UK:_SCOTLAND,1902,both,80,5.02,85.02,48.23,114.73,0.3702,UK: SCOTLAND
UK:_SCOTLAND,1903,both,80,5.2,85.2,48.99,117.21,0.3878,UK: SCOTLAND
UK:_SCOTLAND,1904,both,80,5.26,85.26,48.48,121.79,0.3863,UK: SCOTLAND
UK:_SCOTLAND,1905,both,80,5.5,85.5,49.71,115.32,0.4025,UK: SCOTLAND
UK:_SCOTLAND,1906,both,80,5.33,85.33,49.75,114.6,0.3997,UK: SCOTLAND
UK:_SCOTLAND,1907,both,80,5.15,85.15,49.46,108.08,0.3934,UK: SCOTLAND
UK:_SCOTLAND,1908,both,80,5.16,85.16,49.18,120.75,0.3978,UK: SCOTLAND
UK:_SCOTLAND,1909,both,80,5.26,85.26,50.69,107.24,0.4165,UK: SCOTLAND
UK:_SCOTLAND,1910,both,80,5.39,85.39,51.29,108.1,0.4343,UK: SCOTLAND
UK:_SCOTLAND,1911,both,80,5.42,85.42,51.5,112.42,0.4409,UK: SCOTLAND
UK:_SCOTLAND,1912,both,80,5.31,85.31,51.65,107.1,0.4389,UK: SCOTLAND
UK:_SCOTLAND,1913,both,80,5.29,85.29,51.5,110.05,0.4384,UK: SCOTLAND
UK:_SCOTLAND,1914,both,80,5.35,85.35,51.35,113.54,0.4406,UK: SCOTLAND
UK:_SCOTLAND,1915,both,80,4.8,84.8,48.92,121.74,0.4074,UK: SCOTLAND
UK:_SCOTLAND,1916,both,80,5.09,85.09,52.73,96.45,0.4593,UK: SCOTLAND
UK:_SCOTLAND,1917,both,80,5.28,85.28,52.62,100.57,0.4644,UK: SCOTLAND
UK:_SCOTLAND,1918,both,80,5.64,85.64,48.87,100.47,0.4054999999999999,UK: SCOTLAND
UK:_SCOTLAND,1919,both,80,5.05,85.05,50.8,108.21,0.4368,UK: SCOTLAND
UK:_SCOTLAND,1920,both,80,5.47,85.47,53.96,109.06,0.4808,UK: SCOTLAND
UK:_SCOTLAND,1921,both,80,5.27,85.27,55.92,89.21,0.5104,UK: SCOTLAND
UK:_SCOTLAND,1922,both,80,5.06,85.06,53.66,95.21,0.4827,UK: SCOTLAND
UK:_SCOTLAND,1923,both,80,5.4,85.4,57.33,76.83,0.5305,UK: SCOTLAND
UK:_SCOTLAND,1924,both,80,4.97,84.97,54.66,94.22,0.5007,UK: SCOTLAND
UK:_SCOTLAND,1925,both,80,5.2,85.2,56.32,89.4,0.5215,UK: SCOTLAND
UK:_SCOTLAND,1926,both,80,5.26,85.26,57.19,82.95,0.5324,UK: SCOTLAND
UK:_SCOTLAND,1927,both,80,5.13,85.13,56.78,85.29,0.5257999999999999,UK: SCOTLAND
UK:_SCOTLAND,1928,both,80,5.26,85.26,56.86,85.26,0.5321,UK: SCOTLAND
UK:_SCOTLAND,1929,both,80,4.75,84.75,55.84,85.09,0.5083,UK: SCOTLAND
UK:_SCOTLAND,1930,both,80,5.29,85.29,57.54,84.37,0.5401,UK: SCOTLAND
UK:_SCOTLAND,1931,both,80,5.11,85.11,58.04,81.53,0.5503,UK: SCOTLAND
UK:_SCOTLAND,1932,both,80,5.08,85.08,57.56,85.12,0.5437,UK: SCOTLAND
UK:_SCOTLAND,1933,both,80,5.16,85.16,58.61,78.48,0.5539000000000001,UK: SCOTLAND
UK:_SCOTLAND,1934,both,80,5.5,85.5,58.78,78.1,0.5589,UK: SCOTLAND
UK:_SCOTLAND,1935,both,80,5.11,85.11,59.34,76.25,0.5668,UK: SCOTLAND
UK:_SCOTLAND,1936,both,80,5.15,85.15,58.84,82.07,0.5611999999999999,UK: SCOTLAND
UK:_SCOTLAND,1937,both,80,4.94,84.94,58.82,79.51,0.5562,UK: SCOTLAND
UK:_SCOTLAND,1938,both,80,5.43,85.43,60.69,70.01,0.5867,UK: SCOTLAND
UK:_SCOTLAND,1939,both,80,5.15,85.15,61.17,67.64,0.5902000000000001,UK: SCOTLAND
UK:_SCOTLAND,1940,both,80,4.91,84.91,58.52,76.4,0.5471,UK: SCOTLAND
UK:_SCOTLAND,1941,both,80,5.11,85.11,57.64,83.12,0.5377000000000001,UK: SCOTLAND
UK:_SCOTLAND,1942,both,80,5.45,85.45,60.37,70.18,0.5805,UK: SCOTLAND
UK:_SCOTLAND,1943,both,80,5.25,85.25,60.25,67.14,0.5766,UK: SCOTLAND
UK:_SCOTLAND,1944,both,80,5.4,85.4,61.2,66.62,0.593,UK: SCOTLAND
UK:_SCOTLAND,1945,both,80,5.47,85.47,63.03,53.61,0.6165999999999999,UK: SCOTLAND
UK:_SCOTLAND,1946,both,80,5.34,85.34,63.11,59.39,0.6206,UK: SCOTLAND
UK:_SCOTLAND,1947,both,80,5.27,85.27,63.39,60.02,0.6258,UK: SCOTLAND
UK:_SCOTLAND,1948,both,80,5.67,85.67,65.55,42.76,0.6524,UK: SCOTLAND
UK:_SCOTLAND,1949,both,80,5.38,85.38,65.66,40.47,0.6537999999999999,UK: SCOTLAND
UK:_SCOTLAND,1950,both,80,5.22,85.22,66.21,37.91,0.6598,UK: SCOTLAND
UK:_SCOTLAND,1951,both,80,5.01,85.01,66.33,37.07,0.6642,UK: SCOTLAND
UK:_SCOTLAND,1952,both,80,5.38,85.38,67.36,35.59,0.6818000000000001,UK: SCOTLAND
UK:_SCOTLAND,1953,both,80,5.64,85.64,68.19,31.43,0.6948000000000001,UK: SCOTLAND
UK:_SCOTLAND,1954,both,80,5.42,85.42,68.1,31.38,0.6890000000000001,UK: SCOTLAND
UK:_SCOTLAND,1955,both,80,5.41,85.41,68.26,30.92,0.696,UK: SCOTLAND
UK:_SCOTLAND,1956,both,80,5.4,85.4,68.65,29.17,0.7025,UK: SCOTLAND
UK:_SCOTLAND,1957,both,80,5.59,85.59,68.68,29.56,0.6994,UK: SCOTLAND
UK:_SCOTLAND,1958,both,80,5.51,85.51,68.84,28.48,0.7043,UK: SCOTLAND
UK:_SCOTLAND,1959,both,80,5.5,85.5,68.83,28.41,0.7039,UK: SCOTLAND
UK:_SCOTLAND,1960,both,80,5.63,85.63,69.19,27.3,0.71,UK: SCOTLAND
UK:_SCOTLAND,1961,both,80,5.51,85.51,69.08,25.99,0.705,UK: SCOTLAND
UK:_SCOTLAND,1962,both,80,5.71,85.71,69.15,27.09,0.7076,UK: SCOTLAND
UK:_SCOTLAND,1963,both,80,5.57,85.57,68.96,25.64,0.7006,UK: SCOTLAND
UK:_SCOTLAND,1964,both,80,6.11,86.11,69.83,24.73,0.7132999999999999,UK: SCOTLAND
UK:_SCOTLAND,1965,both,80,6.02,86.02,69.72,23.24,0.7143999999999999,UK: SCOTLAND
UK:_SCOTLAND,1966,both,80,5.84,85.84,69.73,23.17,0.7162000000000001,UK: SCOTLAND
UK:_SCOTLAND,1967,both,80,6.28,86.28,70.65,21.1,0.7304,UK: SCOTLAND
UK:_SCOTLAND,1968,both,80,6.04,86.04,70.18,21.19,0.7241,UK: SCOTLAND
UK:_SCOTLAND,1969,both,80,6.13,86.13,70.17,20.87,0.721,UK: SCOTLAND
UK:_SCOTLAND,1970,both,80,6.18,86.18,70.34,19.51,0.7219,UK: SCOTLAND
UK:_SCOTLAND,1971,both,80,6.45,86.45,70.82,19.87,0.7318000000000001,UK: SCOTLAND
UK:_SCOTLAND,1972,both,80,6.13,86.13,70.55,17.97,0.7273000000000001,UK: SCOTLAND
UK:_SCOTLAND,1973,both,80,6.21,86.21,70.65,18.41,0.7277,UK: SCOTLAND
UK:_SCOTLAND,1974,both,80,6.24,86.24,70.74,18.58,0.7279000000000001,UK: SCOTLAND
UK:_SCOTLAND,1975,both,80,6.42,86.42,71.22,16.87,0.7369,UK: SCOTLAND
UK:_SCOTLAND,1976,both,80,6.25,86.25,71.21,14.29,0.7339,UK: SCOTLAND
UK:_SCOTLAND,1977,both,80,6.64,86.64,71.65,15.97,0.7417,UK: SCOTLAND
UK:_SCOTLAND,1978,both,80,6.47,86.47,71.45,13.09,0.7363,UK: SCOTLAND
UK:_SCOTLAND,1979,both,80,6.46,86.46,71.52,13.23,0.737,UK: SCOTLAND
UK:_SCOTLAND,1980,both,80,6.71,86.71,72.15,12.25,0.7484999999999999,UK: SCOTLAND
UK:_SCOTLAND,1981,both,80,6.67,86.67,72.34,11.31,0.7537,UK: SCOTLAND
UK:_SCOTLAND,1982,both,80,6.56,86.56,72.34,11.2,0.7551000000000001,UK: SCOTLAND
UK:_SCOTLAND,1983,both,80,6.75,86.75,72.77,9.81,0.7597,UK: SCOTLAND
UK:_SCOTLAND,1984,both,80,6.98,86.98,72.99,10.39,0.7641,UK: SCOTLAND
UK:_SCOTLAND,1985,both,80,6.84,86.84,73.03,9.45,0.7684000000000001,UK: SCOTLAND
UK:_SCOTLAND,1986,both,80,6.85,86.85,73.26,8.74,0.7715000000000001,UK: SCOTLAND
UK:_SCOTLAND,1987,both,80,7.14,87.14,73.6,8.46,0.7764,UK: SCOTLAND
UK:_SCOTLAND,1988,both,80,7.16,87.16,73.69,8.18,0.7773,UK: SCOTLAND
UK:_SCOTLAND,1989,both,80,6.81,86.81,73.5,8.52,0.7811,UK: SCOTLAND
UK:_SCOTLAND,1990,both,80,7.2,87.2,74.12,7.89,0.79,UK: SCOTLAND
UK:_SCOTLAND,1991,both,80,7.25,87.25,74.35,7.17,0.7948000000000001,UK: SCOTLAND
UK:_SCOTLAND,1992,both,80,7.32,87.32,74.54,6.78,0.7989,UK: SCOTLAND
UK:_SCOTLAND,1993,both,80,6.98,86.98,74.26,6.37,0.7979,UK: SCOTLAND
UK:_SCOTLAND,1994,both,80,7.51,87.51,75.02,6.06,0.8053,UK: SCOTLAND
UK:_SCOTLAND,1995,both,80,7.37,87.37,74.98,6.18,0.8068000000000001,UK: SCOTLAND
UK:_SCOTLAND,1996,both,80,7.36,87.36,74.99,6.17,0.8054000000000001,UK: SCOTLAND
UK:_SCOTLAND,1997,both,80,7.46,87.46,75.42,5.31,0.8131,UK: SCOTLAND
UK:_SCOTLAND,1998,both,80,7.58,87.58,75.5,5.52,0.8148000000000001,UK: SCOTLAND
UK:_SCOTLAND,1999,both,80,7.4,87.4,75.54,4.9,0.8173999999999999,UK: SCOTLAND
UK:_SCOTLAND,2000,both,80,7.64,87.64,75.98,5.63,0.8215,UK: SCOTLAND
UK:_SCOTLAND,2001,both,80,7.71,87.71,76.17,5.52,0.8214,UK: SCOTLAND
UK:_SCOTLAND,2002,both,80,7.65,87.65,76.16,5.26,0.8219,UK: SCOTLAND
UK:_SCOTLAND,2003,both,80,7.58,87.58,76.36,5.06,0.8266,UK: SCOTLAND
UK:_SCOTLAND,2004,both,80,7.83,87.83,76.88,4.95,0.8339,UK: SCOTLAND
UK:_SCOTLAND,2005,both,80,7.92,87.92,77.14,5.19,0.8391,UK: SCOTLAND
UK:_SCOTLAND,2006,both,80,8.02,88.02,77.36,4.46,0.8376,UK: SCOTLAND
UK:_SCOTLAND,2007,both,80,7.97,87.97,77.38,4.73,0.8401000000000001,UK: SCOTLAND
UK:_SCOTLAND,2008,both,80,8.07,88.07,77.65,4.26,0.8443,UK: SCOTLAND
UK:_SCOTLAND,2009,both,80,8.3,88.3,78.21,3.94,0.8509,UK: SCOTLAND
UK:_SCOTLAND,2010,both,80,8.37,88.37,78.47,3.66,0.8540000000000001,UK: SCOTLAND
UK:_SCOTLAND,2011,both,80,8.44,88.44,78.7,4.03,0.8581,UK: SCOTLAND
UK:_SCOTLAND,2012,both,80,8.35,88.35,78.84,3.73,0.8623000000000001,UK: SCOTLAND
UK:_SCOTLAND,2013,both,80,8.46,88.46000000000001,79.08,3.28,0.8647,UK: SCOTLAND
UK:_SCOTLAND,2014,both,80,8.58,88.58,79.36,3.72,0.8674,UK: SCOTLAND
UK:_SCOTLAND,2015,both,80,8.35,88.35,79.03,3.17,0.8652,UK: SCOTLAND
UK:_SCOTLAND,2016,both,80,8.58,88.58,79.05,3.32,0.8593999999999999,UK: SCOTLAND
UK:_SCOTLAND,2017,both,80,8.49,88.49,79.17,3.32,0.8636,UK: SCOTLAND
UK:_SCOTLAND,2018,both,80,8.56,88.56,79.07,3.15,0.8599,UK: SCOTLAND
UK:_SCOTLAND,2019,both,80,8.69,88.69,79.23,3.26,0.8595999999999999,UK: SCOTLAND
UK:_SCOTLAND,2020,both,80,8.24,88.24,78.45,3.03,0.8514,UK: SCOTLAND
UK:_SCOTLAND,2021,both,80,8.45,88.45,78.47,3.95,0.8468000000000001,UK: SCOTLAND
UK:_SCOTLAND,2022,both,80,8.5,88.5,79.01,3.47,0.8576,UK: SCOTLAND
UK:_UNITED_KINGDOM_TOTAL_POPULATION,1922,both,80,5.13,85.13,57.02,77.13,0.5293,UK: UNITED KINGDOM TOTAL POPULATION
UK:_UNITED_KINGDOM_TOTAL_POPULATION,1923,both,80,5.45,85.45,59.3,69.71,0.563,UK: UNITED KINGDOM TOTAL POPULATION
UK:_UNITED_KINGDOM_TOTAL_POPULATION,1924,both,80,5.22,85.22,58.07,76.33,0.5478000000000001,UK: UNITED KINGDOM TOTAL POPULATION
UK:_UNITED_KINGDOM_TOTAL_POPULATION,1925,both,80,5.21,85.21,58.42,76.16,0.5559000000000001,UK: UNITED KINGDOM TOTAL POPULATION
UK:_UNITED_KINGDOM_TOTAL_POPULATION,1926,both,80,5.4,85.4,59.56,71.61,0.5722,UK: UNITED KINGDOM TOTAL POPULATION
UK:_UNITED_KINGDOM_TOTAL_POPULATION,1927,both,80,5.13,85.13,58.95,70.01,0.5594,UK: UNITED KINGDOM TOTAL POPULATION
UK:_UNITED_KINGDOM_TOTAL_POPULATION,1928,both,80,5.43,85.43,59.91,68.08,0.5760000000000001,UK: UNITED KINGDOM TOTAL POPULATION
UK:_UNITED_KINGDOM_TOTAL_POPULATION,1929,both,80,4.83,84.83,57.62,74.9,0.5399,UK: UNITED KINGDOM TOTAL POPULATION
UK:_UNITED_KINGDOM_TOTAL_POPULATION,1930,both,80,5.59,85.59,60.77,63.78,0.5874,UK: UNITED KINGDOM TOTAL POPULATION
UK:_UNITED_KINGDOM_TOTAL_POPULATION,1931,both,80,5.16,85.16,60.0,67.81,0.5776,UK: UNITED KINGDOM TOTAL POPULATION
UK:_UNITED_KINGDOM_TOTAL_POPULATION,1932,both,80,5.22,85.22,60.52,66.85,0.5874,UK: UNITED KINGDOM TOTAL POPULATION
UK:_UNITED_KINGDOM_TOTAL_POPULATION,1933,both,80,5.14,85.14,60.58,63.48,0.5831000000000001,UK: UNITED KINGDOM TOTAL POPULATION
UK:_UNITED_KINGDOM_TOTAL_POPULATION,1934,both,80,5.55,85.55,61.3,61.8,0.5966,UK: UNITED KINGDOM TOTAL POPULATION
UK:_UNITED_KINGDOM_TOTAL_POPULATION,1935,both,80,5.43,85.43,61.96,60.83,0.606,UK: UNITED KINGDOM TOTAL POPULATION
UK:_UNITED_KINGDOM_TOTAL_POPULATION,1936,both,80,5.31,85.31,61.75,62.75,0.603,UK: UNITED KINGDOM TOTAL POPULATION
UK:_UNITED_KINGDOM_TOTAL_POPULATION,1937,both,80,5.19,85.19,61.79,61.35,0.5999,UK: UNITED KINGDOM TOTAL POPULATION
UK:_UNITED_KINGDOM_TOTAL_POPULATION,1938,both,80,5.6,85.6,63.23,55.5,0.6256,UK: UNITED KINGDOM TOTAL POPULATION
UK:_UNITED_KINGDOM_TOTAL_POPULATION,1939,both,80,5.26,85.26,63.61,52.86,0.6288,UK: UNITED KINGDOM TOTAL POPULATION
UK:_UNITED_KINGDOM_TOTAL_POPULATION,1940,both,80,4.96,84.96,60.9,58.78,0.5786,UK: UNITED KINGDOM TOTAL POPULATION
UK:_UNITED_KINGDOM_TOTAL_POPULATION,1941,both,80,5.37,85.37,61.29,62.64,0.5949,UK: UNITED KINGDOM TOTAL POPULATION
UK:_UNITED_KINGDOM_TOTAL_POPULATION,1942,both,80,5.82,85.82,63.98,55.27,0.639,UK: UNITED KINGDOM TOTAL POPULATION
UK:_UNITED_KINGDOM_TOTAL_POPULATION,1943,both,80,5.57,85.57,64.04,52.55,0.6386999999999999,UK: UNITED KINGDOM TOTAL POPULATION
UK:_UNITED_KINGDOM_TOTAL_POPULATION,1944,both,80,5.84,85.84,64.8,50.09,0.6487999999999999,UK: UNITED KINGDOM TOTAL POPULATION
UK:_UNITED_KINGDOM_TOTAL_POPULATION,1945,both,80,5.85,85.85,65.76,45.97,0.6644,UK: UNITED KINGDOM TOTAL POPULATION
UK:_UNITED_KINGDOM_TOTAL_POPULATION,1946,both,80,5.74,85.74,66.24,47.72,0.6731,UK: UNITED KINGDOM TOTAL POPULATION
UK:_UNITED_KINGDOM_TOTAL_POPULATION,1947,both,80,5.54,85.54,66.44,44.18,0.6770999999999999,UK: UNITED KINGDOM TOTAL POPULATION
UK:_UNITED_KINGDOM_TOTAL_POPULATION,1948,both,80,6.19,86.19,68.37,34.36,0.7025,UK: UNITED KINGDOM TOTAL POPULATION
UK:_UNITED_KINGDOM_TOTAL_POPULATION,1949,both,80,5.66,85.66,68.11,32.73,0.7003,UK: UNITED KINGDOM TOTAL POPULATION
UK:_UNITED_KINGDOM_TOTAL_POPULATION,1950,both,80,5.61,85.61,68.63,30.11,0.7084,UK: UNITED KINGDOM TOTAL POPULATION
UK:_UNITED_KINGDOM_TOTAL_POPULATION,1951,both,80,5.28,85.28,68.24,30.4,0.7027,UK: UNITED KINGDOM TOTAL POPULATION
UK:_UNITED_KINGDOM_TOTAL_POPULATION,1952,both,80,5.8,85.8,69.53,28.92,0.7238,UK: UNITED KINGDOM TOTAL POPULATION
UK:_UNITED_KINGDOM_TOTAL_POPULATION,1953,both,80,5.83,85.83,69.8,27.75,0.7289,UK: UNITED KINGDOM TOTAL POPULATION
UK:_UNITED_KINGDOM_TOTAL_POPULATION,1954,both,80,5.85,85.85,70.17,26.16,0.7337,UK: UNITED KINGDOM TOTAL POPULATION
UK:_UNITED_KINGDOM_TOTAL_POPULATION,1955,both,80,5.69,85.69,70.13,25.78,0.7359,UK: UNITED KINGDOM TOTAL POPULATION
UK:_UNITED_KINGDOM_TOTAL_POPULATION,1956,both,80,5.73,85.73,70.4,24.81,0.7399,UK: UNITED KINGDOM TOTAL POPULATION
UK:_UNITED_KINGDOM_TOTAL_POPULATION,1957,both,80,6.04,86.04,70.52,24.33,0.7373999999999999,UK: UNITED KINGDOM TOTAL POPULATION
UK:_UNITED_KINGDOM_TOTAL_POPULATION,1958,both,80,5.88,85.88,70.7,23.52,0.7431,UK: UNITED KINGDOM TOTAL POPULATION
UK:_UNITED_KINGDOM_TOTAL_POPULATION,1959,both,80,5.98,85.98,70.83,23.02,0.7443000000000001,UK: UNITED KINGDOM TOTAL POPULATION
UK:_UNITED_KINGDOM_TOTAL_POPULATION,1960,both,80,6.09,86.09,71.02,23.09,0.7474,UK: UNITED KINGDOM TOTAL POPULATION
UK:_UNITED_KINGDOM_TOTAL_POPULATION,1961,both,80,5.93,85.93,70.79,22.38,0.7437999999999999,UK: UNITED KINGDOM TOTAL POPULATION
UK:_UNITED_KINGDOM_TOTAL_POPULATION,1962,both,80,5.97,85.97,70.86,22.66,0.7443000000000001,UK: UNITED KINGDOM TOTAL POPULATION
UK:_UNITED_KINGDOM_TOTAL_POPULATION,1963,both,80,5.87,85.87,70.76,21.93,0.7421,UK: UNITED KINGDOM TOTAL POPULATION
UK:_UNITED_KINGDOM_TOTAL_POPULATION,1964,both,80,6.42,86.42,71.54,21.04,0.7513,UK: UNITED KINGDOM TOTAL POPULATION
UK:_UNITED_KINGDOM_TOTAL_POPULATION,1965,both,80,6.35,86.35,71.52,19.69,0.7515999999999999,UK: UNITED KINGDOM TOTAL POPULATION
UK:_UNITED_KINGDOM_TOTAL_POPULATION,1966,both,80,6.25,86.25,71.44,19.59,0.752,UK: UNITED KINGDOM TOTAL POPULATION
UK:_UNITED_KINGDOM_TOTAL_POPULATION,1967,both,80,6.57,86.57,72.08,18.62,0.7613,UK: UNITED KINGDOM TOTAL POPULATION
UK:_UNITED_KINGDOM_TOTAL_POPULATION,1968,both,80,6.25,86.25,71.69,18.72,0.7575,UK: UNITED KINGDOM TOTAL POPULATION
UK:_UNITED_KINGDOM_TOTAL_POPULATION,1969,both,80,6.47,86.47,71.67,18.23,0.7535,UK: UNITED KINGDOM TOTAL POPULATION
UK:_UNITED_KINGDOM_TOTAL_POPULATION,1970,both,80,6.51,86.51,71.88,18.49,0.758,UK: UNITED KINGDOM TOTAL POPULATION
UK:_UNITED_KINGDOM_TOTAL_POPULATION,1971,both,80,6.59,86.59,72.24,17.83,0.7636,UK: UNITED KINGDOM TOTAL POPULATION
UK:_UNITED_KINGDOM_TOTAL_POPULATION,1972,both,80,6.44,86.44,71.99,17.03,0.7603,UK: UNITED KINGDOM TOTAL POPULATION
UK:_UNITED_KINGDOM_TOTAL_POPULATION,1973,both,80,6.47,86.47,72.19,16.67,0.7637999999999999,UK: UNITED KINGDOM TOTAL POPULATION
UK:_UNITED_KINGDOM_TOTAL_POPULATION,1974,both,80,6.53,86.53,72.38,16.41,0.7663,UK: UNITED KINGDOM TOTAL POPULATION
UK:_UNITED_KINGDOM_TOTAL_POPULATION,1975,both,80,6.59,86.59,72.65,15.58,0.7709,UK: UNITED KINGDOM TOTAL POPULATION
UK:_UNITED_KINGDOM_TOTAL_POPULATION,1976,both,80,6.44,86.44,72.64,14.25,0.7705,UK: UNITED KINGDOM TOTAL POPULATION
UK:_UNITED_KINGDOM_TOTAL_POPULATION,1977,both,80,6.75,86.75,73.11,14.08,0.7770999999999999,UK: UNITED KINGDOM TOTAL POPULATION
UK:_UNITED_KINGDOM_TOTAL_POPULATION,1978,both,80,6.75,86.75,73.05,13.62,0.7755,UK: UNITED KINGDOM TOTAL POPULATION
UK:_UNITED_KINGDOM_TOTAL_POPULATION,1979,both,80,6.72,86.72,73.16,13.2,0.7770999999999999,UK: UNITED KINGDOM TOTAL POPULATION
UK:_UNITED_KINGDOM_TOTAL_POPULATION,1980,both,80,6.87,86.87,73.59,12.36,0.7839,UK: UNITED KINGDOM TOTAL POPULATION
UK:_UNITED_KINGDOM_TOTAL_POPULATION,1981,both,80,6.9,86.9,73.92,11.11,0.7898000000000001,UK: UNITED KINGDOM TOTAL POPULATION
UK:_UNITED_KINGDOM_TOTAL_POPULATION,1982,both,80,6.9,86.9,74.04,10.91,0.7929999999999999,UK: UNITED KINGDOM TOTAL POPULATION
UK:_UNITED_KINGDOM_TOTAL_POPULATION,1983,both,80,6.98,86.98,74.3,10.19,0.7964,UK: UNITED KINGDOM TOTAL POPULATION
UK:_UNITED_KINGDOM_TOTAL_POPULATION,1984,both,80,7.2,87.2,74.68,9.68,0.8006,UK: UNITED KINGDOM TOTAL POPULATION
UK:_UNITED_KINGDOM_TOTAL_POPULATION,1985,both,80,6.98,86.98,74.54,9.41,0.8020999999999999,UK: UNITED KINGDOM TOTAL POPULATION
UK:_UNITED_KINGDOM_TOTAL_POPULATION,1986,both,80,7.13,87.13,74.8,9.51,0.8062999999999999,UK: UNITED KINGDOM TOTAL POPULATION
UK:_UNITED_KINGDOM_TOTAL_POPULATION,1987,both,80,7.38,87.38,75.15,9.24,0.8106,UK: UNITED KINGDOM TOTAL POPULATION
UK:_UNITED_KINGDOM_TOTAL_POPULATION,1988,both,80,7.37,87.37,75.26,9.03,0.8133,UK: UNITED KINGDOM TOTAL POPULATION
UK:_UNITED_KINGDOM_TOTAL_POPULATION,1989,both,80,7.27,87.27,75.4,8.43,0.8184999999999999,UK: UNITED KINGDOM TOTAL POPULATION
UK:_UNITED_KINGDOM_TOTAL_POPULATION,1990,both,80,7.52,87.52,75.74,8.04,0.8223999999999999,UK: UNITED KINGDOM TOTAL POPULATION
UK:_UNITED_KINGDOM_TOTAL_POPULATION,1991,both,80,7.48,87.48,75.91,7.34,0.8275,UK: UNITED KINGDOM TOTAL POPULATION
UK:_UNITED_KINGDOM_TOTAL_POPULATION,1992,both,80,7.65,87.65,76.31,6.53,0.8329000000000001,UK: UNITED KINGDOM TOTAL POPULATION
UK:_UNITED_KINGDOM_TOTAL_POPULATION,1993,both,80,7.41,87.41,76.16,6.33,0.8334999999999999,UK: UNITED KINGDOM TOTAL POPULATION
UK:_UNITED_KINGDOM_TOTAL_POPULATION,1994,both,80,7.73,87.73,76.72,6.13,0.8405,UK: UNITED KINGDOM TOTAL POPULATION
UK:_UNITED_KINGDOM_TOTAL_POPULATION,1995,both,80,7.58,87.58,76.62,6.14,0.8409,UK: UNITED KINGDOM TOTAL POPULATION
UK:_UNITED_KINGDOM_TOTAL_POPULATION,1996,both,80,7.68,87.68,76.88,6.16,0.8442000000000001,UK: UNITED KINGDOM TOTAL POPULATION
UK:_UNITED_KINGDOM_TOTAL_POPULATION,1997,both,80,7.74,87.74,77.14,5.79,0.8484,UK: UNITED KINGDOM TOTAL POPULATION
UK:_UNITED_KINGDOM_TOTAL_POPULATION,1998,both,80,7.77,87.77,77.28,5.68,0.85,UK: UNITED KINGDOM TOTAL POPULATION
UK:_UNITED_KINGDOM_TOTAL_POPULATION,1999,both,80,7.75,87.75,77.38,5.74,0.8523000000000001,UK: UNITED KINGDOM TOTAL POPULATION
UK:_UNITED_KINGDOM_TOTAL_POPULATION,2000,both,80,7.96,87.96,77.85,5.53,0.8567,UK: UNITED KINGDOM TOTAL POPULATION
UK:_UNITED_KINGDOM_TOTAL_POPULATION,2001,both,80,8.03,88.03,78.12,5.46,0.8597,UK: UNITED KINGDOM TOTAL POPULATION
UK:_UNITED_KINGDOM_TOTAL_POPULATION,2002,both,80,8.01,88.01,78.24,5.25,0.8615,UK: UNITED KINGDOM TOTAL POPULATION
UK:_UNITED_KINGDOM_TOTAL_POPULATION,2003,both,80,7.95,87.95,78.33,5.38,0.8631,UK: UNITED KINGDOM TOTAL POPULATION
UK:_UNITED_KINGDOM_TOTAL_POPULATION,2004,both,80,8.26,88.26,78.9,5.12,0.8689,UK: UNITED KINGDOM TOTAL POPULATION
UK:_UNITED_KINGDOM_TOTAL_POPULATION,2005,both,80,8.3,88.3,79.1,5.11,0.8713,UK: UNITED KINGDOM TOTAL POPULATION
UK:_UNITED_KINGDOM_TOTAL_POPULATION,2006,both,80,8.49,88.49,79.34,5.06,0.8715999999999999,UK: UNITED KINGDOM TOTAL POPULATION
UK:_UNITED_KINGDOM_TOTAL_POPULATION,2007,both,80,8.51,88.51,79.53,4.91,0.8742,UK: UNITED KINGDOM TOTAL POPULATION
UK:_UNITED_KINGDOM_TOTAL_POPULATION,2008,both,80,8.52,88.52,79.65,4.76,0.8756999999999999,UK: UNITED KINGDOM TOTAL POPULATION
UK:_UNITED_KINGDOM_TOTAL_POPULATION,2009,both,80,8.8,88.8,80.15,4.68,0.8798999999999999,UK: UNITED KINGDOM TOTAL POPULATION
UK:_UNITED_KINGDOM_TOTAL_POPULATION,2010,both,80,8.87,88.87,80.38,4.41,0.8826,UK: UNITED KINGDOM TOTAL POPULATION
UK:_UNITED_KINGDOM_TOTAL_POPULATION,2011,both,80,9.07,89.07,80.77,4.35,0.8865999999999999,UK: UNITED KINGDOM TOTAL POPULATION
UK:_UNITED_KINGDOM_TOTAL_POPULATION,2012,both,80,8.93,88.93,80.83,4.15,0.8895000000000001,UK: UNITED KINGDOM TOTAL POPULATION
UK:_UNITED_KINGDOM_TOTAL_POPULATION,2013,both,80,8.95,88.95,80.89,3.86,0.8894,UK: UNITED KINGDOM TOTAL POPULATION
UK:_UNITED_KINGDOM_TOTAL_POPULATION,2014,both,80,9.14,89.14,81.12,3.87,0.8905,UK: UNITED KINGDOM TOTAL POPULATION
UK:_UNITED_KINGDOM_TOTAL_POPULATION,2015,both,80,8.87,88.87,80.88,3.9,0.8896999999999999,UK: UNITED KINGDOM TOTAL POPULATION
UK:_UNITED_KINGDOM_TOTAL_POPULATION,2016,both,80,9.08,89.08,81.02,3.87,0.8889,UK: UNITED KINGDOM TOTAL POPULATION
UK:_UNITED_KINGDOM_TOTAL_POPULATION,2017,both,80,9.05,89.05,81.11,3.92,0.8911,UK: UNITED KINGDOM TOTAL POPULATION
UK:_UNITED_KINGDOM_TOTAL_POPULATION,2018,both,80,9.08,89.08,81.06,3.83,0.8895000000000001,UK: UNITED KINGDOM TOTAL POPULATION
UK:_UNITED_KINGDOM_TOTAL_POPULATION,2019,both,80,9.28,89.28,81.36,3.92,0.8916,UK: UNITED KINGDOM TOTAL POPULATION
UK:_UNITED_KINGDOM_TOTAL_POPULATION,2020,both,80,8.65,88.65,80.33,3.74,0.8817,UK: UNITED KINGDOM TOTAL POPULATION
UK:_UNITED_KINGDOM_TOTAL_POPULATION,2021,both,80,9.01,89.01,80.51,4.07,0.8781,UK: UNITED KINGDOM TOTAL POPULATION
UK:_UNITED_KINGDOM_TOTAL_POPULATION,2022,both,80,9.1,89.1,80.96,3.86,0.8864,UK: UNITED KINGDOM TOTAL POPULATION
UKR,1959,both,80,7.05,87.05,69.45,37.04,0.7217,UKR
UKR,1960,both,80,7.43,87.43,71.08,29.57,0.7448999999999999,UKR
UKR,1961,both,80,7.36,87.36,71.37,24.84,0.7458,UKR
UKR,1962,both,80,6.63,86.63,70.78,24.87,0.7431,UKR
UKR,1963,both,80,7.02,87.02,71.42,23.76,0.7515999999999999,UKR
UKR,1964,both,80,7.32,87.32,72.22,21.54,0.7609,UKR
UKR,1965,both,80,6.99,86.99,71.69,19.7,0.7556999999999999,UKR
UKR,1966,both,80,7.2,87.2,71.95,19.01,0.7569,UKR
UKR,1967,both,80,6.93,86.93,71.55,18.2,0.7521,UKR
UKR,1968,both,80,7.05,87.05,71.66,18.13,0.7509,UKR
UKR,1969,both,80,6.79,86.79,71.04,18.84,0.7431,UKR
UKR,1970,both,80,6.77,86.77,70.94,17.27,0.7402,UKR
UKR,1971,both,80,6.88,86.88,71.18,15.57,0.7414000000000001,UKR
UKR,1972,both,80,6.73,86.73,70.95,16.65,0.741,UKR
UKR,1973,both,80,6.74,86.74,71.11,16.35,0.7429000000000001,UKR
UKR,1974,both,80,6.92,86.92,71.0,18.4,0.7378,UKR
UKR,1975,both,80,6.62,86.62,70.34,18.82,0.7269,UKR
UKR,1976,both,80,6.5,86.5,70.38,19.37,0.7278,UKR
UKR,1977,both,80,6.59,86.59,70.07,18.52,0.7176,UKR
UKR,1978,both,80,6.55,86.55,69.99,18.13,0.7136,UKR
UKR,1979,both,80,6.46,86.46,69.72,17.26,0.708,UKR
UKR,1980,both,80,6.32,86.32,69.68,16.53,0.7048000000000001,UKR
UKR,1981,both,80,6.41,86.41,69.74,15.97,0.7034999999999999,UKR
UKR,1982,both,80,6.59,86.59,69.94,16.12,0.7037,UKR
UKR,1983,both,80,6.47,86.47,69.94,15.82,0.7054,UKR
UKR,1984,both,80,6.26,86.26,69.64,15.65,0.6995999999999999,UKR
UKR,1985,both,80,6.07,86.07,69.94,15.31,0.7094,UKR
UKR,1986,both,80,6.56,86.56,71.3,14.75,0.7358,UKR
UKR,1987,both,80,6.45,86.45,71.09,14.28,0.7306,UKR
UKR,1988,both,80,6.34,86.34,70.98,14.23,0.7293999999999999,UKR
UKR,1989,both,80,6.58,86.58,70.92,12.62,0.7216,UKR
UKR,1990,both,80,6.42,86.42,70.46,12.57,0.7103,UKR
UKR,1991,both,80,6.24,86.24,69.62,13.63,0.6918000000000001,UKR
UKR,1992,both,80,6.17,86.17,69.01,13.69,0.6761,UKR
UKR,1993,both,80,5.89,85.89,68.31,14.4,0.6628000000000001,UKR
UKR,1994,both,80,5.85,85.85,67.67,14.15,0.6473,UKR
UKR,1995,both,80,5.82,85.82,66.76,14.66,0.622,UKR
UKR,1996,both,80,5.92,85.92,67.06,14.19,0.6271,UKR
UKR,1997,both,80,6.02,86.02,67.65,13.76,0.6406000000000001,UKR
UKR,1998,both,80,6.16,86.16,68.49,12.61,0.662,UKR
UKR,1999,both,80,6.08,86.08,68.07,12.59,0.6509,UKR
UKR,2000,both,80,6.0,86.0,67.71,11.95,0.6425,UKR
UKR,2001,both,80,6.12,86.12,67.86,11.79,0.6448,UKR
UKR,2002,both,80,6.15,86.15,67.74,11.05,0.6386999999999999,UKR
UKR,2003,both,80,6.08,86.08,67.79,9.7,0.6396000000000001,UKR
UKR,2004,both,80,6.26,86.26,67.68,9.57,0.6324000000000001,UKR
UKR,2005,both,80,6.2,86.2,67.27,10.04,0.6224000000000001,UKR
UKR,2006,both,80,6.29,86.29,67.93,10.03,0.64,UKR
UKR,2007,both,80,6.37,86.37,67.59,11.04,0.6324000000000001,UKR
UKR,2008,both,80,6.41,86.41,67.97,10.36,0.6383,UKR
UKR,2009,both,80,6.49,86.49,69.63,9.23,0.6806,UKR
UKR,2010,both,80,6.43,86.43,70.27,9.06,0.6989,UKR
UKR,2011,both,80,6.71,86.71,70.99,9.07,0.71,UKR
UKR,2012,both,80,6.8,86.8,71.13,8.47,0.7119,UKR
UKR,2013,both,80,6.86,86.86,71.35,7.89,0.7134,UKR
USA,1933,both,80,5.92,85.92,60.9,58.61,0.5615,United States
USA,1934,both,80,5.87,85.87,60.19,65.26,0.5525,United States
USA,1935,both,80,5.93,85.93,60.91,58.81,0.5622,United States
USA,1936,both,80,5.59,85.59,60.35,59.98,0.5516,United States
USA,1937,both,80,5.78,85.78,61.03,58.59,0.5625,United States
USA,1938,both,80,6.06,86.06,62.39,55.41,0.5882000000000001,United States
USA,1939,both,80,5.88,85.88,63.07,51.27,0.5968,United States
USA,1940,both,80,5.76,85.76,63.22,51.59,0.5992999999999999,United States
USA,1941,both,80,5.96,85.96,63.79,50.31,0.6086,United States
USA,1942,both,80,6.13,86.13,64.54,46.55,0.6184000000000001,United States
USA,1943,both,80,5.82,85.82,64.36,43.52,0.6153,United States
USA,1944,both,80,6.13,86.13,65.06,42.5,0.6273,United States
USA,1945,both,80,6.3,86.3,65.59,40.8,0.6343,United States
USA,1946,both,80,6.41,86.41,66.13,42.2,0.6454000000000001,United States
USA,1947,both,80,6.29,86.29,66.8,35.03,0.6528,United States
USA,1948,both,80,6.35,86.35,67.22,34.32,0.6607,United States
USA,1949,both,80,6.45,86.45,67.63,34.16,0.6687000000000001,United States
USA,1950,both,80,6.44,86.44,68.06,31.7,0.6759999999999999,United States
USA,1951,both,80,6.47,86.47,68.17,31.44,0.6781999999999999,United States
USA,1952,both,80,6.6,86.6,68.38,31.23,0.6815000000000001,United States
USA,1953,both,80,6.56,86.56,68.72,29.89,0.6878,United States
USA,1954,both,80,6.83,86.83,69.5,28.5,0.7025,United States
USA,1955,both,80,6.68,86.68,69.56,27.76,0.7055,United States
USA,1956,both,80,6.67,86.67,69.64,27.34,0.7062,United States
USA,1957,both,80,6.6,86.6,69.41,27.39,0.7014,United States
USA,1958,both,80,6.61,86.61,69.67,27.37,0.7071,United States
USA,1959,both,80,6.69,86.69,69.9,26.72,0.7103,United States
USA,1960,both,80,6.65,86.65,69.82,26.36,0.7081000000000001,United States
USA,1961,both,80,6.75,86.75,70.24,25.35,0.7156999999999999,United States
USA,1962,both,80,6.66,86.66,70.11,25.18,0.7129000000000001,United States
USA,1963,both,80,6.6,86.6,69.94,25.1,0.7092,United States
USA,1964,both,80,6.8,86.8,70.19,24.82,0.7115,United States
USA,1965,both,80,6.78,86.78,70.25,24.08,0.7126,United States
USA,1966,both,80,6.79,86.79,70.21,23.38,0.7123,United States
USA,1967,both,80,6.94,86.94,70.52,22.32,0.7166,United States
USA,1968,both,80,6.84,86.84,70.21,22.1,0.7108,United States
USA,1969,both,80,6.97,86.97,70.48,21.4,0.7156999999999999,United States
USA,1970,both,80,7.17,87.17,70.74,20.88,0.7184999999999999,United States
USA,1971,both,80,7.18,87.18,71.1,18.79,0.7249,United States
USA,1972,both,80,7.19,87.19,71.18,17.82,0.7263,United States
USA,1973,both,80,7.2,87.2,71.4,17.28,0.7303000000000001,United States
USA,1974,both,80,7.37,87.37,71.96,16.84,0.7398,United States
USA,1975,both,80,7.66,87.66,72.54,15.86,0.7482,United States
USA,1976,both,80,7.64,87.64,72.85,15.12,0.7535,United States
USA,1977,both,80,7.84,87.84,73.23,14.16,0.759,United States
USA,1978,both,80,7.85,87.85,73.41,13.64,0.7625,United States
USA,1979,both,80,8.03,88.03,73.83,13.12,0.7693000000000001,United States
USA,1980,both,80,7.86,87.86,73.74,12.7,0.7698,United States
USA,1981,both,80,8.0,88.0,74.12,11.87,0.7748999999999999,United States
USA,1982,both,80,8.14,88.14,74.47,11.52,0.7807999999999999,United States
USA,1983,both,80,8.06,88.06,74.56,11.05,0.7831999999999999,United States
USA,1984,both,80,8.11,88.11,74.68,10.89,0.785,United States
USA,1985,both,80,8.04,88.03999999999999,74.66,10.8,0.7855,United States
USA,1986,both,80,8.11,88.11,74.74,10.41,0.7870999999999999,United States
USA,1987,both,80,8.15,88.15,74.88,10.25,0.789,United States
USA,1988,both,80,8.08,88.08,74.85,10.23,0.7890999999999999,United States
USA,1989,both,80,8.27,88.27,75.13,10.27,0.7925,United States
USA,1990,both,80,8.38,88.38,75.4,9.68,0.7962,United States
USA,1991,both,80,8.42,88.42,75.55,9.21,0.7983,United States
USA,1992,both,80,8.51,88.51,75.81,8.71,0.802,United States
USA,1993,both,80,8.31,88.31,75.6,8.53,0.8003,United States
USA,1994,both,80,8.36,88.36,75.77,8.21,0.8023,United States
USA,1995,both,80,8.34,88.34,75.88,7.77,0.8044,United States
USA,1996,both,80,8.35,88.35,76.2,7.55,0.8107,United States
USA,1997,both,80,8.35,88.35,76.53,7.42,0.8173999999999999,United States
USA,1998,both,80,8.33,88.33,76.69,7.48,0.8215,United States
USA,1999,both,80,8.23,88.23,76.7,7.3,0.8227,United States
USA,2000,both,80,8.26,88.26,76.84,7.18,0.8244,United States
USA,2001,both,80,8.31,88.31,76.95,6.9,0.8251999999999999,United States
USA,2002,both,80,8.31,88.31,77.02,7.02,0.8258,United States
USA,2003,both,80,8.39,88.39,77.17,7.0,0.8267,United States
USA,2004,both,80,8.6,88.6,77.57,6.94,0.8312,United States
USA,2005,both,80,8.56,88.56,77.56,7.04,0.8309000000000001,United States
USA,2006,both,80,8.73,88.73,77.83,7.0,0.8331999999999999,United States
USA,2007,both,80,8.84,88.84,78.08,7.01,0.8364,United States
USA,2008,both,80,8.82,88.82,78.16,6.77,0.8379000000000001,United States
USA,2009,both,80,9.05,89.05,78.51,6.53,0.8401000000000001,United States
USA,2010,both,80,9.05,89.05,78.71,6.2,0.8439,United States
USA,2011,both,80,9.05,89.05,78.76,6.09,0.8439,United States
USA,2012,both,80,9.13,89.13,78.88,6.08,0.8443999999999999,United States
USA,2013,both,80,9.15,89.15,78.9,6.06,0.8441,United States
USA,2014,both,80,9.27,89.27,78.97,6.01,0.843,United States
USA,2015,both,80,9.22,89.22,78.83,6.09,0.8409,United States
USA,2016,both,80,9.37,89.37,78.8,6.1,0.8379000000000001,United States
USA,2017,both,80,9.34,89.34,78.77,6.03,0.8378,United States
USA,2018,both,80,9.42,89.42,78.93,5.93,0.8395,United States
USA,2019,both,80,9.54,89.53999999999999,79.08,5.82,0.8403,United States
USA,2020,both,80,8.82,88.82,77.22,5.37,0.8136,United States
USA,2021,both,80,9.11,89.11,76.63,5.52,0.7948999999999999,United States
USA,2022,both,80,9.29,89.28999999999999,77.75,5.59,0.8168000000000001,United States
USA,2023,both,80,9.7,89.7,78.76,5.47,0.8309000000000001,United States
