region_id,year,age_x,quality,e_x,expected_age,e0,label,sex
ABW,2010,0,hld_n_tables_1,76.755,76.755,76.755,ABW,sex_avg
ABW,2010,1,hld_n_tables_1,76.66499999999999,77.66499999999999,76.755,ABW,sex_avg
ABW,2010,5,hld_n_tables_1,72.725,77.725,76.755,ABW,sex_avg
ABW,2010,15,hld_n_tables_1,62.765,77.76500000000001,76.755,ABW,sex_avg
ABW,2010,20,hld_n_tables_1,57.845,77.845,76.755,ABW,sex_avg
ABW,2010,30,hld_n_tables_1,48.37,78.37,76.755,ABW,sex_avg
ABW,2010,50,hld_n_tables_1,29.814999999999998,79.815,76.755,ABW,sex_avg
ABW,2010,65,hld_n_tables_1,17.435000000000002,82.435,76.755,ABW,sex_avg
ALB,1950,0,hld_n_tables_1,50.739999999999995,50.739999999999995,50.739999999999995,ALB,sex_avg
ALB,1950,1,hld_n_tables_1,58.16,59.16,50.739999999999995,ALB,sex_avg
ALB,1950,5,hld_n_tables_1,60.925,65.92500000000001,50.739999999999995,ALB,sex_avg
ALB,1950,15,hld_n_tables_1,52.980000000000004,67.98,50.739999999999995,ALB,sex_avg
ALB,1950,20,hld_n_tables_1,48.724999999999994,68.725,50.739999999999995,ALB,sex_avg
ALB,1950,30,hld_n_tables_1,40.95,70.94999999999999,50.739999999999995,ALB,sex_avg
ALB,1950,50,hld_n_tables_1,25.2,75.2,50.739999999999995,ALB,sex_avg
ALB,1950,65,hld_n_tables_1,14.274999999999999,79.275,50.739999999999995,ALB,sex_avg
ALB,1955,0,hld_n_tables_1,54.655,54.655,54.655,ALB,sex_avg
ALB,1955,1,hld_n_tables_1,60.305,61.305,54.655,ALB,sex_avg
ALB,1955,5,hld_n_tables_1,65.0,70.0,54.655,ALB,sex_avg
ALB,1955,15,hld_n_tables_1,56.739999999999995,71.74,54.655,ALB,sex_avg
ALB,1955,20,hld_n_tables_1,52.265,72.265,54.655,ALB,sex_avg
ALB,1955,30,hld_n_tables_1,43.55,73.55,54.655,ALB,sex_avg
ALB,1955,50,hld_n_tables_1,26.555,76.555,54.655,ALB,sex_avg
ALB,1955,65,hld_n_tables_1,15.184999999999999,80.185,54.655,ALB,sex_avg
ALB,1969,0,hld_n_tables_1,65.38,65.38,65.38,ALB,sex_avg
ALB,1969,1,hld_n_tables_1,70.745,71.745,65.38,ALB,sex_avg
ALB,1969,5,hld_n_tables_1,68.33500000000001,73.33500000000001,65.38,ALB,sex_avg
ALB,1969,15,hld_n_tables_1,58.900000000000006,73.9,65.38,ALB,sex_avg
ALB,1969,20,hld_n_tables_1,54.11,74.11,65.38,ALB,sex_avg
ALB,1969,30,hld_n_tables_1,44.61,74.61,65.38,ALB,sex_avg
ALB,1969,50,hld_n_tables_1,26.255,76.255,65.38,ALB,sex_avg
ALB,1969,65,hld_n_tables_1,14.3,79.3,65.38,ALB,sex_avg
ALB,1979,0,hld_n_tables_1,67.41999999999999,67.41999999999999,67.41999999999999,ALB,sex_avg
ALB,1979,1,hld_n_tables_1,71.79499999999999,72.79499999999999,67.41999999999999,ALB,sex_avg
ALB,1979,5,hld_n_tables_1,69.035,74.035,67.41999999999999,ALB,sex_avg
ALB,1979,15,hld_n_tables_1,59.47,74.47,67.41999999999999,ALB,sex_avg
ALB,1979,20,hld_n_tables_1,54.685,74.685,67.41999999999999,ALB,sex_avg
ALB,1979,30,hld_n_tables_1,45.099999999999994,75.1,67.41999999999999,ALB,sex_avg
ALB,1979,50,hld_n_tables_1,26.365000000000002,76.36500000000001,67.41999999999999,ALB,sex_avg
ALB,1979,65,hld_n_tables_1,14.155,79.155,67.41999999999999,ALB,sex_avg
ALB,1989,0,hld_n_tables_1,70.52,70.52,70.52,ALB,sex_avg
ALB,1989,1,hld_n_tables_1,72.845,73.845,70.52,ALB,sex_avg
ALB,1989,5,hld_n_tables_1,69.965,74.965,70.52,ALB,sex_avg
ALB,1989,15,hld_n_tables_1,60.394999999999996,75.39500000000001,70.52,ALB,sex_avg
ALB,1989,20,hld_n_tables_1,55.565,75.565,70.52,ALB,sex_avg
ALB,1989,30,hld_n_tables_1,46.019999999999996,76.02000000000001,70.52,ALB,sex_avg
ALB,1989,50,hld_n_tables_1,27.095,77.095,70.52,ALB,sex_avg
ALB,1989,65,hld_n_tables_1,14.56,79.56,70.52,ALB,sex_avg
ALB,2011,0,hld_n_tables_1,77.055,77.055,77.055,ALB,sex_avg
ALB,2011,1,hld_n_tables_1,77.245,78.245,77.055,ALB,sex_avg
ALB,2011,5,hld_n_tables_1,73.60499999999999,78.60499999999999,77.055,ALB,sex_avg
ALB,2011,15,hld_n_tables_1,63.805,78.805,77.055,ALB,sex_avg
ALB,2011,20,hld_n_tables_1,58.96,78.96000000000001,77.055,ALB,sex_avg
ALB,2011,30,hld_n_tables_1,49.31,79.31,77.055,ALB,sex_avg
ALB,2011,50,hld_n_tables_1,30.51,80.50999999999999,77.055,ALB,sex_avg
ALB,2011,65,hld_n_tables_1,17.39,82.39,77.055,ALB,sex_avg
ARE,1998,0,hld_n_tables_1,72.425,72.425,72.425,ARE,sex_avg
ARE,1998,1,hld_n_tables_1,72.42500000000001,73.42500000000001,72.425,ARE,sex_avg
ARE,1998,5,hld_n_tables_1,68.81,73.81,72.425,ARE,sex_avg
ARE,1998,15,hld_n_tables_1,59.2,74.2,72.425,ARE,sex_avg
ARE,1998,20,hld_n_tables_1,54.46,74.46000000000001,72.425,ARE,sex_avg
ARE,1998,30,hld_n_tables_1,45.095,75.095,72.425,ARE,sex_avg
ARE,1998,50,hld_n_tables_1,26.93,76.93,72.425,ARE,sex_avg
ARE,1998,65,hld_n_tables_1,15.504999999999999,80.505,72.425,ARE,sex_avg
ARG,1914,0,hld_n_tables_1,47.88,47.88,47.88,ARG,sex_avg
ARG,1914,1,hld_n_tables_1,53.92,54.92,47.88,ARG,sex_avg
ARG,1914,5,hld_n_tables_1,53.91,58.91,47.88,ARG,sex_avg
ARG,1914,15,hld_n_tables_1,45.44,60.44,47.88,ARG,sex_avg
ARG,1914,20,hld_n_tables_1,41.6,61.6,47.88,ARG,sex_avg
ARG,1914,30,hld_n_tables_1,34.45,64.45,47.88,ARG,sex_avg
ARG,1914,50,hld_n_tables_1,20.585,70.58500000000001,47.88,ARG,sex_avg
ARG,1914,65,hld_n_tables_1,11.675,76.675,47.88,ARG,sex_avg
ARG,1946,0,hld_n_tables_1,60.66,60.66,60.66,ARG,sex_avg
ARG,1946,1,hld_n_tables_1,64.295,65.295,60.66,ARG,sex_avg
ARG,1946,5,hld_n_tables_1,61.739999999999995,66.74,60.66,ARG,sex_avg
ARG,1946,15,hld_n_tables_1,52.45,67.45,60.66,ARG,sex_avg
ARG,1946,20,hld_n_tables_1,48.015,68.015,60.66,ARG,sex_avg
ARG,1946,30,hld_n_tables_1,39.345,69.345,60.66,ARG,sex_avg
ARG,1946,50,hld_n_tables_1,22.705,72.705,60.66,ARG,sex_avg
ARG,1946,65,hld_n_tables_1,12.625,77.625,60.66,ARG,sex_avg
ARG,1947,0,hld_n_tables_1,57.62,57.62,57.62,ARG,sex_avg
ARG,1947,1,hld_n_tables_1,61.26,62.26,57.62,ARG,sex_avg
ARG,1947,5,hld_n_tables_1,59.385,64.38499999999999,57.62,ARG,sex_avg
ARG,1947,15,hld_n_tables_1,50.37,65.37,57.62,ARG,sex_avg
ARG,1947,20,hld_n_tables_1,46.12,66.12,57.62,ARG,sex_avg
ARG,1947,30,hld_n_tables_1,37.97,67.97,57.62,ARG,sex_avg
ARG,1947,50,hld_n_tables_1,22.314999999999998,72.315,57.62,ARG,sex_avg
ARG,1947,65,hld_n_tables_1,12.455,77.455,57.62,ARG,sex_avg
ARG,1950,0,hld_n_tables_1,61.834999999999994,61.834999999999994,61.834999999999994,ARG,sex_avg
ARG,1950,1,hld_n_tables_1,65.205,66.205,61.834999999999994,ARG,sex_avg
ARG,1950,5,hld_n_tables_1,62.69,67.69,61.834999999999994,ARG,sex_avg
ARG,1950,15,hld_n_tables_1,53.35,68.35000000000001,61.834999999999994,ARG,sex_avg
ARG,1950,20,hld_n_tables_1,48.875,68.875,61.834999999999994,ARG,sex_avg
ARG,1950,30,hld_n_tables_1,40.105000000000004,70.105,61.834999999999994,ARG,sex_avg
ARG,1950,50,hld_n_tables_1,23.275,73.275,61.834999999999994,ARG,sex_avg
ARG,1950,65,hld_n_tables_1,13.075,78.075,61.834999999999994,ARG,sex_avg
ARG,1959,0,hld_n_tables_1,65.55,65.55,65.55,ARG,sex_avg
ARG,1959,1,hld_n_tables_1,68.525,69.525,65.55,ARG,sex_avg
ARG,1959,5,hld_n_tables_1,65.53999999999999,70.53999999999999,65.55,ARG,sex_avg
ARG,1959,15,hld_n_tables_1,55.995,70.995,65.55,ARG,sex_avg
ARG,1959,20,hld_n_tables_1,51.33,71.33000000000001,65.55,ARG,sex_avg
ARG,1959,30,hld_n_tables_1,42.18,72.17999999999999,65.55,ARG,sex_avg
ARG,1959,50,hld_n_tables_1,24.619999999999997,74.62,65.55,ARG,sex_avg
ARG,1959,65,hld_n_tables_1,13.73,78.72999999999999,65.55,ARG,sex_avg
ARG,1960,0,hld_n_tables_1,65.2,65.2,65.2,ARG,sex_avg
ARG,1960,1,hld_n_tables_1,68.275,69.275,65.2,ARG,sex_avg
ARG,1960,5,hld_n_tables_1,65.36500000000001,70.36500000000001,65.2,ARG,sex_avg
ARG,1960,15,hld_n_tables_1,55.84,70.84,65.2,ARG,sex_avg
ARG,1960,20,hld_n_tables_1,51.19499999999999,71.195,65.2,ARG,sex_avg
ARG,1960,30,hld_n_tables_1,42.08,72.08,65.2,ARG,sex_avg
ARG,1960,50,hld_n_tables_1,24.6,74.6,65.2,ARG,sex_avg
ARG,1960,65,hld_n_tables_1,13.850000000000001,78.85,65.2,ARG,sex_avg
ARG,1961,0,hld_n_tables_1,65.29,65.29,65.29,ARG,sex_avg
ARG,1961,1,hld_n_tables_1,68.325,69.325,65.29,ARG,sex_avg
ARG,1961,5,hld_n_tables_1,65.28,70.28,65.29,ARG,sex_avg
ARG,1961,15,hld_n_tables_1,55.765,70.765,65.29,ARG,sex_avg
ARG,1961,20,hld_n_tables_1,51.09,71.09,65.29,ARG,sex_avg
ARG,1961,30,hld_n_tables_1,41.855000000000004,71.85499999999999,65.29,ARG,sex_avg
ARG,1961,50,hld_n_tables_1,24.175,74.175,65.29,ARG,sex_avg
ARG,1961,65,hld_n_tables_1,13.245000000000001,78.245,65.29,ARG,sex_avg
ARG,1970,0,hld_n_tables_1,66.88,66.88,66.88,ARG,sex_avg
ARG,1970,1,hld_n_tables_1,69.57,70.57,66.88,ARG,sex_avg
ARG,1970,5,hld_n_tables_1,66.345,71.345,66.88,ARG,sex_avg
ARG,1970,15,hld_n_tables_1,56.730000000000004,71.72999999999999,66.88,ARG,sex_avg
ARG,1970,20,hld_n_tables_1,52.01,72.00999999999999,66.88,ARG,sex_avg
ARG,1970,30,hld_n_tables_1,42.754999999999995,72.755,66.88,ARG,sex_avg
ARG,1970,50,hld_n_tables_1,25.145,75.145,66.88,ARG,sex_avg
ARG,1970,65,hld_n_tables_1,14.190000000000001,79.19,66.88,ARG,sex_avg
ARG,2010,0,hld_n_tables_1,75.555,75.555,75.555,ARG,sex_avg
ARG,2010,1,hld_n_tables_1,75.63,76.63,75.555,ARG,sex_avg
ARG,2010,5,hld_n_tables_1,71.805,76.805,75.555,ARG,sex_avg
ARG,2010,15,hld_n_tables_1,61.980000000000004,76.98,75.555,ARG,sex_avg
ARG,2010,20,hld_n_tables_1,57.125,77.125,75.555,ARG,sex_avg
ARG,2010,30,hld_n_tables_1,47.625,77.625,75.555,ARG,sex_avg
ARG,2010,50,hld_n_tables_1,29.230000000000004,79.23,75.555,ARG,sex_avg
ARG,2010,65,hld_n_tables_1,17.185,82.185,75.555,ARG,sex_avg
ASM,2010,0,hld_n_tables_1,71.95500000000001,71.95500000000001,71.95500000000001,ASM,sex_avg
ASM,2010,1,hld_n_tables_1,71.49000000000001,72.49000000000001,71.95500000000001,ASM,sex_avg
ASM,2010,5,hld_n_tables_1,67.65,72.65,71.95500000000001,ASM,sex_avg
ASM,2010,15,hld_n_tables_1,57.76,72.75999999999999,71.95500000000001,ASM,sex_avg
ASM,2010,20,hld_n_tables_1,52.95,72.94999999999999,71.95500000000001,ASM,sex_avg
ASM,2010,30,hld_n_tables_1,43.34,73.34,71.95500000000001,ASM,sex_avg
ASM,2010,50,hld_n_tables_1,25.465,75.465,71.95500000000001,ASM,sex_avg
ASM,2010,65,hld_n_tables_1,13.95,78.95,71.95500000000001,ASM,sex_avg
AUS,1891,0,hld_n_tables_1,53.095,53.095,53.095,Australia,sex_avg
AUS,1891,5,hld_n_tables_1,57.05,62.05,53.095,Australia,sex_avg
AUS,1891,15,hld_n_tables_1,48.4,63.4,53.095,Australia,sex_avg
AUS,1891,20,hld_n_tables_1,44.185,64.185,53.095,Australia,sex_avg
AUS,1891,30,hld_n_tables_1,36.41,66.41,53.095,Australia,sex_avg
AUS,1891,50,hld_n_tables_1,21.61,71.61,53.095,Australia,sex_avg
AUS,1891,65,hld_n_tables_1,11.93,76.93,53.095,Australia,sex_avg
AUS,1901,0,hld_n_tables_1,57.135,57.135,57.135,Australia,sex_avg
AUS,1901,5,hld_n_tables_1,59.265,64.265,57.135,Australia,sex_avg
AUS,1901,15,hld_n_tables_1,50.355,65.35499999999999,57.135,Australia,sex_avg
AUS,1901,20,hld_n_tables_1,46.04,66.03999999999999,57.135,Australia,sex_avg
AUS,1901,30,hld_n_tables_1,37.83,67.83,57.135,Australia,sex_avg
AUS,1901,50,hld_n_tables_1,22.335,72.335,57.135,Australia,sex_avg
AUS,1901,65,hld_n_tables_1,12.004999999999999,77.005,57.135,Australia,sex_avg
AUS,1911,0,hld_n_tables_1,59.195,59.195,59.195,Australia,sex_avg
AUS,1911,1,hld_n_tables_1,62.485,63.485,59.195,Australia,sex_avg
AUS,1911,5,hld_n_tables_1,60.045,65.045,59.195,Australia,sex_avg
AUS,1911,15,hld_n_tables_1,51.075,66.07499999999999,59.195,Australia,sex_avg
AUS,1911,20,hld_n_tables_1,46.635000000000005,66.635,59.195,Australia,sex_avg
AUS,1911,30,hld_n_tables_1,38.3,68.3,59.195,Australia,sex_avg
AUS,1911,50,hld_n_tables_1,22.405,72.405,59.195,Australia,sex_avg
AUS,1911,65,hld_n_tables_1,12.11,77.11,59.195,Australia,sex_avg
AUS,1920,0,hld_n_tables_1,61.325,61.325,61.325,Australia,sex_avg
AUS,1920,5,hld_n_tables_1,61.975,66.975,61.325,Australia,sex_avg
AUS,1920,15,hld_n_tables_1,52.935,67.935,61.325,Australia,sex_avg
AUS,1920,20,hld_n_tables_1,48.455,68.45500000000001,61.325,Australia,sex_avg
AUS,1920,30,hld_n_tables_1,39.9,69.9,61.325,Australia,sex_avg
AUS,1920,50,hld_n_tables_1,23.490000000000002,73.49,61.325,Australia,sex_avg
AUS,1920,65,hld_n_tables_1,12.77,77.77000000000001,61.325,Australia,sex_avg
AUS,1921,0,hld_n_tables_1,60.97,60.97,60.97,Australia,sex_avg
AUS,1921,1,hld_n_tables_1,64.07,65.07,60.97,Australia,sex_avg
AUS,1921,5,hld_n_tables_1,61.725,66.72500000000001,60.97,Australia,sex_avg
AUS,1921,15,hld_n_tables_1,52.715,67.715,60.97,Australia,sex_avg
AUS,1921,20,hld_n_tables_1,48.26,68.25999999999999,60.97,Australia,sex_avg
AUS,1921,30,hld_n_tables_1,39.739999999999995,69.74,60.97,Australia,sex_avg
AUS,1921,50,hld_n_tables_1,23.52,73.52,60.97,Australia,sex_avg
AUS,1921,65,hld_n_tables_1,12.885,77.88499999999999,60.97,Australia,sex_avg
AUS,1933,0,hld_n_tables_1,65.36,65.36,65.36,Australia,sex_avg
AUS,1933,1,hld_n_tables_1,67.1,68.1,65.36,Australia,sex_avg
AUS,1933,5,hld_n_tables_1,64.08500000000001,69.08500000000001,65.36,Australia,sex_avg
AUS,1933,15,hld_n_tables_1,54.775,69.77499999999999,65.36,Australia,sex_avg
AUS,1933,20,hld_n_tables_1,50.17,70.17,65.36,Australia,sex_avg
AUS,1933,30,hld_n_tables_1,41.230000000000004,71.23,65.36,Australia,sex_avg
AUS,1933,50,hld_n_tables_1,24.11,74.11,65.36,Australia,sex_avg
AUS,1933,65,hld_n_tables_1,13.184999999999999,78.185,65.36,Australia,sex_avg
AUS,1950,0,hld_n_tables_1,68.96000000000001,68.96000000000001,68.96000000000001,Australia,sex_avg
AUS,1950,1,hld_n_tables_1,69.685,70.685,68.96000000000001,Australia,sex_avg
AUS,1950,5,hld_n_tables_1,66.125,71.125,68.96000000000001,Australia,sex_avg
AUS,1950,15,hld_n_tables_1,56.519999999999996,71.52000000000001,68.96000000000001,Australia,sex_avg
AUS,1950,20,hld_n_tables_1,51.815,71.815,68.96000000000001,Australia,sex_avg
AUS,1950,30,hld_n_tables_1,42.480000000000004,72.47999999999999,68.96000000000001,Australia,sex_avg
AUS,1950,50,hld_n_tables_1,24.47,74.47,68.96000000000001,Australia,sex_avg
AUS,1950,65,hld_n_tables_1,13.34,78.34,68.96000000000001,Australia,sex_avg
AUS,1956,0,hld_n_tables_1,70.33500000000001,70.33500000000001,70.33500000000001,Australia,sex_avg
AUS,1956,1,hld_n_tables_1,70.875,71.875,70.33500000000001,Australia,sex_avg
AUS,1956,5,hld_n_tables_1,67.225,72.225,70.33500000000001,Australia,sex_avg
AUS,1956,15,hld_n_tables_1,57.510000000000005,72.51,70.33500000000001,Australia,sex_avg
AUS,1956,20,hld_n_tables_1,52.765,72.765,70.33500000000001,Australia,sex_avg
AUS,1956,30,hld_n_tables_1,43.33,73.33000000000001,70.33500000000001,Australia,sex_avg
AUS,1956,50,hld_n_tables_1,25.09,75.09,70.33500000000001,Australia,sex_avg
AUS,1956,65,hld_n_tables_1,13.71,78.71000000000001,70.33500000000001,Australia,sex_avg
AUS,1959,0,hld_n_tables_1,70.735,70.735,70.735,Australia,sex_avg
AUS,1959,1,hld_n_tables_1,71.22,72.22,70.735,Australia,sex_avg
AUS,1959,5,hld_n_tables_1,67.535,72.535,70.735,Australia,sex_avg
AUS,1959,15,hld_n_tables_1,57.805,72.805,70.735,Australia,sex_avg
AUS,1959,20,hld_n_tables_1,53.055,73.055,70.735,Australia,sex_avg
AUS,1959,30,hld_n_tables_1,43.575,73.575,70.735,Australia,sex_avg
AUS,1959,50,hld_n_tables_1,25.314999999999998,75.315,70.735,Australia,sex_avg
AUS,1959,65,hld_n_tables_1,13.864999999999998,78.865,70.735,Australia,sex_avg
AUS,1963,0,hld_n_tables_1,70.875,70.875,70.875,Australia,sex_avg
AUS,1963,1,hld_n_tables_1,71.28,72.28,70.875,Australia,sex_avg
AUS,1963,5,hld_n_tables_1,67.55000000000001,72.55000000000001,70.875,Australia,sex_avg
AUS,1963,15,hld_n_tables_1,57.8,72.80000000000001,70.875,Australia,sex_avg
AUS,1963,20,hld_n_tables_1,53.019999999999996,73.02,70.875,Australia,sex_avg
AUS,1963,30,hld_n_tables_1,43.55,73.55,70.875,Australia,sex_avg
AUS,1963,50,hld_n_tables_1,25.299999999999997,75.30000000000001,70.875,Australia,sex_avg
AUS,1963,65,hld_n_tables_1,13.92,78.91999999999999,70.875,Australia,sex_avg
AUS,1964,0,hld_n_tables_1,70.535,70.535,70.535,Australia,sex_avg
AUS,1964,1,hld_n_tables_1,70.88,71.88,70.535,Australia,sex_avg
AUS,1964,5,hld_n_tables_1,67.15,72.15,70.535,Australia,sex_avg
AUS,1964,15,hld_n_tables_1,57.425,72.42500000000001,70.535,Australia,sex_avg
AUS,1964,20,hld_n_tables_1,52.66,72.66,70.535,Australia,sex_avg
AUS,1964,30,hld_n_tables_1,43.175,73.17500000000001,70.535,Australia,sex_avg
AUS,1964,50,hld_n_tables_1,24.98,74.97999999999999,70.535,Australia,sex_avg
AUS,1964,65,hld_n_tables_1,13.629999999999999,78.63,70.535,Australia,sex_avg
AUS,1971,0,hld_n_tables_1,73.39500000000001,73.39500000000001,73.39500000000001,Australia,sex_avg
AUS,1971,1,hld_n_tables_1,73.805,74.805,73.39500000000001,Australia,sex_avg
AUS,1971,5,hld_n_tables_1,70.03999999999999,75.03999999999999,73.39500000000001,Australia,sex_avg
AUS,1971,15,hld_n_tables_1,60.260000000000005,75.25999999999999,73.39500000000001,Australia,sex_avg
AUS,1971,20,hld_n_tables_1,55.74,75.74000000000001,73.39500000000001,Australia,sex_avg
AUS,1971,30,hld_n_tables_1,46.205,76.205,73.39500000000001,Australia,sex_avg
AUS,1971,50,hld_n_tables_1,27.92,77.92,73.39500000000001,Australia,sex_avg
AUS,1971,65,hld_n_tables_1,15.530000000000001,80.53,73.39500000000001,Australia,sex_avg
BDI,2008,0,hld_n_tables_1,48.975,48.975,48.975,BDI,sex_avg
BDI,2008,1,hld_n_tables_1,53.545,54.545,48.975,BDI,sex_avg
BDI,2008,5,hld_n_tables_1,52.58,57.58,48.975,BDI,sex_avg
BDI,2008,15,hld_n_tables_1,45.25,60.25,48.975,BDI,sex_avg
BDI,2008,20,hld_n_tables_1,41.58,61.58,48.975,BDI,sex_avg
BDI,2008,30,hld_n_tables_1,34.644999999999996,64.645,48.975,BDI,sex_avg
BDI,2008,50,hld_n_tables_1,20.145,70.145,48.975,BDI,sex_avg
BDI,2008,65,hld_n_tables_1,10.495000000000001,75.495,48.975,BDI,sex_avg
BEL,1900,0,hld_n_tables_1,46.845,46.845,46.845,Belgium,sex_avg
BEL,1900,1,hld_n_tables_1,55.455,56.455,46.845,Belgium,sex_avg
BEL,1900,5,hld_n_tables_1,55.565,60.565,46.845,Belgium,sex_avg
BEL,1900,15,hld_n_tables_1,47.22,62.22,46.845,Belgium,sex_avg
BEL,1900,20,hld_n_tables_1,43.114999999999995,63.114999999999995,46.845,Belgium,sex_avg
BEL,1900,30,hld_n_tables_1,35.515,65.51499999999999,46.845,Belgium,sex_avg
BEL,1900,50,hld_n_tables_1,20.465,70.465,46.845,Belgium,sex_avg
BEL,1900,65,hld_n_tables_1,10.835,75.835,46.845,Belgium,sex_avg
BEL,1908,0,hld_n_tables_1,51.05,51.05,51.05,Belgium,sex_avg
BEL,1908,1,hld_n_tables_1,58.31,59.31,51.05,Belgium,sex_avg
BEL,1908,5,hld_n_tables_1,58.065,63.065,51.05,Belgium,sex_avg
BEL,1908,15,hld_n_tables_1,49.519999999999996,64.52000000000001,51.05,Belgium,sex_avg
BEL,1908,20,hld_n_tables_1,45.325,65.32499999999999,51.05,Belgium,sex_avg
BEL,1908,30,hld_n_tables_1,37.230000000000004,67.23,51.05,Belgium,sex_avg
BEL,1908,50,hld_n_tables_1,21.41,71.41,51.05,Belgium,sex_avg
BEL,1908,65,hld_n_tables_1,11.44,76.44,51.05,Belgium,sex_avg
BEL,1919,0,hld_n_tables_1,54.15,54.15,54.15,Belgium,sex_avg
BEL,1919,1,hld_n_tables_1,58.915,59.915,54.15,Belgium,sex_avg
BEL,1919,5,hld_n_tables_1,58.040000000000006,63.040000000000006,54.15,Belgium,sex_avg
BEL,1919,15,hld_n_tables_1,49.57,64.57,54.15,Belgium,sex_avg
BEL,1919,20,hld_n_tables_1,45.49,65.49000000000001,54.15,Belgium,sex_avg
BEL,1919,30,hld_n_tables_1,37.96,67.96000000000001,54.15,Belgium,sex_avg
BEL,1919,50,hld_n_tables_1,22.17,72.17,54.15,Belgium,sex_avg
BEL,1919,65,hld_n_tables_1,11.805,76.805,54.15,Belgium,sex_avg
BEL,1923,0,hld_n_tables_1,57.355000000000004,57.355000000000004,57.355000000000004,Belgium,sex_avg
BEL,1923,1,hld_n_tables_1,61.89,62.89,57.355000000000004,Belgium,sex_avg
BEL,1923,5,hld_n_tables_1,60.505,65.505,57.355000000000004,Belgium,sex_avg
BEL,1923,15,hld_n_tables_1,51.46,66.46,57.355000000000004,Belgium,sex_avg
BEL,1923,20,hld_n_tables_1,47.265,67.265,57.355000000000004,Belgium,sex_avg
BEL,1923,30,hld_n_tables_1,39.33,69.33,57.355000000000004,Belgium,sex_avg
BEL,1923,50,hld_n_tables_1,22.945,72.945,57.355000000000004,Belgium,sex_avg
BEL,1923,65,hld_n_tables_1,12.085,77.08500000000001,57.355000000000004,Belgium,sex_avg
BEL,1933,0,hld_n_tables_1,60.2,60.2,60.2,Belgium,sex_avg
BEL,1933,1,hld_n_tables_1,64.22,65.22,60.2,Belgium,sex_avg
BEL,1933,5,hld_n_tables_1,61.69,66.69,60.2,Belgium,sex_avg
BEL,1933,15,hld_n_tables_1,52.66,67.66,60.2,Belgium,sex_avg
BEL,1933,20,hld_n_tables_1,48.275000000000006,68.275,60.2,Belgium,sex_avg
BEL,1933,30,hld_n_tables_1,39.730000000000004,69.72999999999999,60.2,Belgium,sex_avg
BEL,1933,50,hld_n_tables_1,23.08,73.08,60.2,Belgium,sex_avg
BEL,1933,65,hld_n_tables_1,12.395,77.395,60.2,Belgium,sex_avg
BEL,1938,0,hld_n_tables_1,59.114999999999995,59.114999999999995,59.114999999999995,Belgium,sex_avg
BEL,1938,1,hld_n_tables_1,63.14,64.14,59.114999999999995,Belgium,sex_avg
BEL,1938,5,hld_n_tables_1,60.4,65.4,59.114999999999995,Belgium,sex_avg
BEL,1938,15,hld_n_tables_1,51.379999999999995,66.38,59.114999999999995,Belgium,sex_avg
BEL,1938,20,hld_n_tables_1,47.02,67.02000000000001,59.114999999999995,Belgium,sex_avg
BEL,1938,30,hld_n_tables_1,38.855000000000004,68.85499999999999,59.114999999999995,Belgium,sex_avg
BEL,1938,50,hld_n_tables_1,22.380000000000003,72.38,59.114999999999995,Belgium,sex_avg
BEL,1938,65,hld_n_tables_1,11.91,76.91,59.114999999999995,Belgium,sex_avg
BEL,1943,0,hld_n_tables_1,60.43,60.43,60.43,Belgium,sex_avg
BEL,1943,1,hld_n_tables_1,64.315,65.315,60.43,Belgium,sex_avg
BEL,1943,5,hld_n_tables_1,61.474999999999994,66.475,60.43,Belgium,sex_avg
BEL,1943,15,hld_n_tables_1,52.495000000000005,67.495,60.43,Belgium,sex_avg
BEL,1943,20,hld_n_tables_1,48.16,68.16,60.43,Belgium,sex_avg
BEL,1943,30,hld_n_tables_1,39.86,69.86,60.43,Belgium,sex_avg
BEL,1943,50,hld_n_tables_1,23.27,73.27,60.43,Belgium,sex_avg
BEL,1943,65,hld_n_tables_1,12.585,77.58500000000001,60.43,Belgium,sex_avg
BEL,1948,0,hld_n_tables_1,66.91,66.91,66.91,Belgium,sex_avg
BEL,1948,1,hld_n_tables_1,68.945,69.945,66.91,Belgium,sex_avg
BEL,1948,5,hld_n_tables_1,65.485,70.485,66.91,Belgium,sex_avg
BEL,1948,15,hld_n_tables_1,55.89,70.89,66.91,Belgium,sex_avg
BEL,1948,20,hld_n_tables_1,51.16,71.16,66.91,Belgium,sex_avg
BEL,1948,30,hld_n_tables_1,41.935,71.935,66.91,Belgium,sex_avg
BEL,1948,50,hld_n_tables_1,24.240000000000002,74.24000000000001,66.91,Belgium,sex_avg
BEL,1948,65,hld_n_tables_1,13.215,78.215,66.91,Belgium,sex_avg
BEL,1953,0,hld_n_tables_1,68.855,68.855,68.855,Belgium,sex_avg
BEL,1953,1,hld_n_tables_1,70.47999999999999,71.47999999999999,68.855,Belgium,sex_avg
BEL,1953,5,hld_n_tables_1,66.88,71.88,68.855,Belgium,sex_avg
BEL,1953,15,hld_n_tables_1,57.195,72.19500000000001,68.855,Belgium,sex_avg
BEL,1953,20,hld_n_tables_1,52.375,72.375,68.855,Belgium,sex_avg
BEL,1953,30,hld_n_tables_1,42.9,72.89999999999999,68.855,Belgium,sex_avg
BEL,1953,50,hld_n_tables_1,24.695,74.695,68.855,Belgium,sex_avg
BEL,1953,65,hld_n_tables_1,13.405,78.405,68.855,Belgium,sex_avg
BEL,1958,0,hld_n_tables_1,70.465,70.465,70.465,Belgium,sex_avg
BEL,1958,1,hld_n_tables_1,71.25999999999999,72.25999999999999,70.465,Belgium,sex_avg
BEL,1958,5,hld_n_tables_1,67.57,72.57,70.465,Belgium,sex_avg
BEL,1958,15,hld_n_tables_1,57.845,72.845,70.465,Belgium,sex_avg
BEL,1958,20,hld_n_tables_1,53.045,73.045,70.465,Belgium,sex_avg
BEL,1958,30,hld_n_tables_1,43.56,73.56,70.465,Belgium,sex_avg
BEL,1958,50,hld_n_tables_1,25.21,75.21000000000001,70.465,Belgium,sex_avg
BEL,1958,65,hld_n_tables_1,13.735,78.735,70.465,Belgium,sex_avg
BEL,1963,0,hld_n_tables_1,69.82,69.82,69.82,Belgium,sex_avg
BEL,1963,1,hld_n_tables_1,70.77000000000001,71.77000000000001,69.82,Belgium,sex_avg
BEL,1963,5,hld_n_tables_1,67.075,72.075,69.82,Belgium,sex_avg
BEL,1963,15,hld_n_tables_1,57.335,72.335,69.82,Belgium,sex_avg
BEL,1963,20,hld_n_tables_1,52.535,72.535,69.82,Belgium,sex_avg
BEL,1963,30,hld_n_tables_1,43.01,73.00999999999999,69.82,Belgium,sex_avg
BEL,1963,50,hld_n_tables_1,24.755,74.755,69.82,Belgium,sex_avg
BEL,1963,65,hld_n_tables_1,13.46,78.46000000000001,69.82,Belgium,sex_avg
BGD,1974,0,hld_n_tables_1,51.765,51.765,51.765,BGD,sex_avg
BGD,1974,1,hld_n_tables_1,57.38,58.38,51.765,BGD,sex_avg
BGD,1974,5,hld_n_tables_1,59.44,64.44,51.765,BGD,sex_avg
BGD,1974,15,hld_n_tables_1,51.43,66.42999999999999,51.765,BGD,sex_avg
BGD,1974,20,hld_n_tables_1,47.0,67.0,51.765,BGD,sex_avg
BGD,1974,30,hld_n_tables_1,37.995,67.995,51.765,BGD,sex_avg
BGD,1974,50,hld_n_tables_1,21.375,71.375,51.765,BGD,sex_avg
BGD,1974,65,hld_n_tables_1,11.485,76.485,51.765,BGD,sex_avg
BGD,1975,0,hld_n_tables_1,43.095,43.095,43.095,BGD,sex_avg
BGD,1975,1,hld_n_tables_1,51.14,52.14,43.095,BGD,sex_avg
BGD,1975,5,hld_n_tables_1,54.435,59.435,43.095,BGD,sex_avg
BGD,1975,15,hld_n_tables_1,46.405,61.405,43.095,BGD,sex_avg
BGD,1975,20,hld_n_tables_1,41.93,61.93,43.095,BGD,sex_avg
BGD,1975,30,hld_n_tables_1,33.370000000000005,63.370000000000005,43.095,BGD,sex_avg
BGD,1975,50,hld_n_tables_1,17.915,67.915,43.095,BGD,sex_avg
BGD,1975,65,hld_n_tables_1,10.84,75.84,43.095,BGD,sex_avg
BGD,1977,0,hld_n_tables_1,52.519999999999996,52.519999999999996,52.519999999999996,BGD,sex_avg
BGD,1977,1,hld_n_tables_1,58.230000000000004,59.230000000000004,52.519999999999996,BGD,sex_avg
BGD,1977,5,hld_n_tables_1,59.09,64.09,52.519999999999996,BGD,sex_avg
BGD,1977,15,hld_n_tables_1,52.129999999999995,67.13,52.519999999999996,BGD,sex_avg
BGD,1977,20,hld_n_tables_1,47.59,67.59,52.519999999999996,BGD,sex_avg
BGD,1977,30,hld_n_tables_1,38.63,68.63,52.519999999999996,BGD,sex_avg
BGD,1977,50,hld_n_tables_1,21.32,71.32,52.519999999999996,BGD,sex_avg
BGD,1977,65,hld_n_tables_1,11.33,76.33,52.519999999999996,BGD,sex_avg
BGD,1978,0,hld_n_tables_1,53.46,53.46,53.46,BGD,sex_avg
BGD,1978,1,hld_n_tables_1,59.735,60.735,53.46,BGD,sex_avg
BGD,1978,5,hld_n_tables_1,61.1,66.1,53.46,BGD,sex_avg
BGD,1978,15,hld_n_tables_1,52.675,67.675,53.46,BGD,sex_avg
BGD,1978,20,hld_n_tables_1,47.955,67.955,53.46,BGD,sex_avg
BGD,1978,30,hld_n_tables_1,39.08,69.08,53.46,BGD,sex_avg
BGD,1978,50,hld_n_tables_1,21.725,71.725,53.46,BGD,sex_avg
BGD,1978,65,hld_n_tables_1,11.615,76.615,53.46,BGD,sex_avg
BGD,1980,0,hld_n_tables_1,55.33,55.33,55.33,BGD,sex_avg
BGD,1980,1,hld_n_tables_1,60.715,61.715,55.33,BGD,sex_avg
BGD,1980,5,hld_n_tables_1,62.055,67.055,55.33,BGD,sex_avg
BGD,1980,15,hld_n_tables_1,53.28,68.28,55.33,BGD,sex_avg
BGD,1980,20,hld_n_tables_1,48.635,68.635,55.33,BGD,sex_avg
BGD,1980,30,hld_n_tables_1,39.625,69.625,55.33,BGD,sex_avg
BGD,1980,50,hld_n_tables_1,22.4,72.4,55.33,BGD,sex_avg
BGD,1980,65,hld_n_tables_1,11.815,76.815,55.33,BGD,sex_avg
BGD,1981,0,hld_n_tables_1,55.075,55.075,55.075,BGD,sex_avg
BGD,1981,1,hld_n_tables_1,60.785,61.785,55.075,BGD,sex_avg
BGD,1981,5,hld_n_tables_1,62.265,67.265,55.075,BGD,sex_avg
BGD,1981,15,hld_n_tables_1,53.665,68.66499999999999,55.075,BGD,sex_avg
BGD,1981,20,hld_n_tables_1,49.025,69.025,55.075,BGD,sex_avg
BGD,1981,30,hld_n_tables_1,40.045,70.045,55.075,BGD,sex_avg
BGD,1981,50,hld_n_tables_1,22.47,72.47,55.075,BGD,sex_avg
BGD,1981,65,hld_n_tables_1,11.815,76.815,55.075,BGD,sex_avg
BGD,1982,0,hld_n_tables_1,53.785,53.785,53.785,BGD,sex_avg
BGD,1982,1,hld_n_tables_1,59.975,60.975,53.785,BGD,sex_avg
BGD,1982,5,hld_n_tables_1,58.370000000000005,63.370000000000005,53.785,BGD,sex_avg
BGD,1982,15,hld_n_tables_1,49.925,64.92500000000001,53.785,BGD,sex_avg
BGD,1982,20,hld_n_tables_1,45.45,65.44999999999999,53.785,BGD,sex_avg
BGD,1982,30,hld_n_tables_1,36.86,66.86,53.785,BGD,sex_avg
BGD,1982,50,hld_n_tables_1,20.555,70.555,53.785,BGD,sex_avg
BGD,1982,65,hld_n_tables_1,11.82,76.82,53.785,BGD,sex_avg
BGD,1983,0,hld_n_tables_1,52.885,52.885,52.885,BGD,sex_avg
BGD,1983,1,hld_n_tables_1,58.120000000000005,59.120000000000005,52.885,BGD,sex_avg
BGD,1983,5,hld_n_tables_1,60.995000000000005,65.995,52.885,BGD,sex_avg
BGD,1983,15,hld_n_tables_1,52.55,67.55000000000001,52.885,BGD,sex_avg
BGD,1983,20,hld_n_tables_1,47.955,67.955,52.885,BGD,sex_avg
BGD,1983,30,hld_n_tables_1,38.97,68.97,52.885,BGD,sex_avg
BGD,1983,50,hld_n_tables_1,21.265,71.265,52.885,BGD,sex_avg
BGD,1983,65,hld_n_tables_1,11.31,76.31,52.885,BGD,sex_avg
BGD,1984,0,hld_n_tables_1,50.519999999999996,50.519999999999996,50.519999999999996,BGD,sex_avg
BGD,1984,1,hld_n_tables_1,56.47,57.47,50.519999999999996,BGD,sex_avg
BGD,1984,5,hld_n_tables_1,59.855000000000004,64.855,50.519999999999996,BGD,sex_avg
BGD,1984,15,hld_n_tables_1,51.43000000000001,66.43,50.519999999999996,BGD,sex_avg
BGD,1984,20,hld_n_tables_1,46.815,66.815,50.519999999999996,BGD,sex_avg
BGD,1984,30,hld_n_tables_1,37.865,67.86500000000001,50.519999999999996,BGD,sex_avg
BGD,1984,50,hld_n_tables_1,20.155,70.155,50.519999999999996,BGD,sex_avg
BGD,1984,65,hld_n_tables_1,10.16,75.16,50.519999999999996,BGD,sex_avg
BGD,1985,0,hld_n_tables_1,56.39,56.39,56.39,BGD,sex_avg
BGD,1985,1,hld_n_tables_1,61.885,62.885,56.39,BGD,sex_avg
BGD,1985,5,hld_n_tables_1,63.095,68.095,56.39,BGD,sex_avg
BGD,1985,15,hld_n_tables_1,54.510000000000005,69.50999999999999,56.39,BGD,sex_avg
BGD,1985,20,hld_n_tables_1,49.945,69.945,56.39,BGD,sex_avg
BGD,1985,30,hld_n_tables_1,40.9,70.9,56.39,BGD,sex_avg
BGD,1985,50,hld_n_tables_1,23.025,73.025,56.39,BGD,sex_avg
BGD,1985,65,hld_n_tables_1,12.205,77.205,56.39,BGD,sex_avg
BGD,1986,0,hld_n_tables_1,57.815,57.815,57.815,BGD,sex_avg
BGD,1986,1,hld_n_tables_1,62.335,63.335,57.815,BGD,sex_avg
BGD,1986,5,hld_n_tables_1,62.7,67.69999999999999,57.815,BGD,sex_avg
BGD,1986,15,hld_n_tables_1,53.835,68.83500000000001,57.815,BGD,sex_avg
BGD,1986,20,hld_n_tables_1,49.17,69.16999999999999,57.815,BGD,sex_avg
BGD,1986,30,hld_n_tables_1,40.195,70.195,57.815,BGD,sex_avg
BGD,1986,50,hld_n_tables_1,22.52,72.52,57.815,BGD,sex_avg
BGD,1986,65,hld_n_tables_1,12.344999999999999,77.345,57.815,BGD,sex_avg
BGD,1987,0,hld_n_tables_1,59.64,59.64,59.64,BGD,sex_avg
BGD,1987,1,hld_n_tables_1,64.285,65.285,59.64,BGD,sex_avg
BGD,1987,5,hld_n_tables_1,63.43,68.42999999999999,59.64,BGD,sex_avg
BGD,1987,15,hld_n_tables_1,54.44,69.44,59.64,BGD,sex_avg
BGD,1987,20,hld_n_tables_1,49.775,69.775,59.64,BGD,sex_avg
BGD,1987,30,hld_n_tables_1,40.620000000000005,70.62,59.64,BGD,sex_avg
BGD,1987,50,hld_n_tables_1,23.064999999999998,73.065,59.64,BGD,sex_avg
BGD,1987,65,hld_n_tables_1,12.26,77.25999999999999,59.64,BGD,sex_avg
BGD,1988,0,hld_n_tables_1,60.375,60.375,60.375,BGD,sex_avg
BGD,1988,1,hld_n_tables_1,65.28999999999999,66.28999999999999,60.375,BGD,sex_avg
BGD,1988,5,hld_n_tables_1,64.13,69.13,60.375,BGD,sex_avg
BGD,1988,15,hld_n_tables_1,55.155,70.155,60.375,BGD,sex_avg
BGD,1988,20,hld_n_tables_1,50.525,70.52499999999999,60.375,BGD,sex_avg
BGD,1988,30,hld_n_tables_1,41.47,71.47,60.375,BGD,sex_avg
BGD,1988,50,hld_n_tables_1,23.31,73.31,60.375,BGD,sex_avg
BGD,1988,65,hld_n_tables_1,12.585,77.585,60.375,BGD,sex_avg
BGD,1989,0,hld_n_tables_1,61.81,61.81,61.81,BGD,sex_avg
BGD,1989,1,hld_n_tables_1,66.4,67.4,61.81,BGD,sex_avg
BGD,1989,5,hld_n_tables_1,64.795,69.795,61.81,BGD,sex_avg
BGD,1989,15,hld_n_tables_1,55.33,70.33,61.81,BGD,sex_avg
BGD,1989,20,hld_n_tables_1,50.625,70.625,61.81,BGD,sex_avg
BGD,1989,30,hld_n_tables_1,41.435,71.435,61.81,BGD,sex_avg
BGD,1989,50,hld_n_tables_1,23.615,73.615,61.81,BGD,sex_avg
BGD,1989,65,hld_n_tables_1,13.0,78.0,61.81,BGD,sex_avg
BGD,1990,0,hld_n_tables_1,62.93,62.93,62.93,BGD,sex_avg
BGD,1990,1,hld_n_tables_1,67.525,68.525,62.93,BGD,sex_avg
BGD,1990,5,hld_n_tables_1,65.5,70.5,62.93,BGD,sex_avg
BGD,1990,15,hld_n_tables_1,56.25,71.25,62.93,BGD,sex_avg
BGD,1990,20,hld_n_tables_1,51.51,71.50999999999999,62.93,BGD,sex_avg
BGD,1990,30,hld_n_tables_1,42.230000000000004,72.22999999999999,62.93,BGD,sex_avg
BGD,1990,50,hld_n_tables_1,24.055,74.055,62.93,BGD,sex_avg
BGD,1990,65,hld_n_tables_1,13.14,78.13999999999999,62.93,BGD,sex_avg
BGD,1991,0,hld_n_tables_1,60.95,60.95,60.95,BGD,sex_avg
BGD,1991,1,hld_n_tables_1,66.61,67.61,60.95,BGD,sex_avg
BGD,1991,5,hld_n_tables_1,64.77,69.77,60.95,BGD,sex_avg
BGD,1991,15,hld_n_tables_1,55.605000000000004,70.60499999999999,60.95,BGD,sex_avg
BGD,1991,20,hld_n_tables_1,50.85,70.85,60.95,BGD,sex_avg
BGD,1991,30,hld_n_tables_1,41.56,71.56,60.95,BGD,sex_avg
BGD,1991,50,hld_n_tables_1,23.905,73.905,60.95,BGD,sex_avg
BGD,1991,65,hld_n_tables_1,12.87,77.87,60.95,BGD,sex_avg
BGD,1992,0,hld_n_tables_1,61.135000000000005,61.135000000000005,61.135000000000005,BGD,sex_avg
BGD,1992,1,hld_n_tables_1,65.83500000000001,66.83500000000001,61.135000000000005,BGD,sex_avg
BGD,1992,5,hld_n_tables_1,64.02,69.02,61.135000000000005,BGD,sex_avg
BGD,1992,15,hld_n_tables_1,54.775000000000006,69.775,61.135000000000005,BGD,sex_avg
BGD,1992,20,hld_n_tables_1,49.995000000000005,69.995,61.135000000000005,BGD,sex_avg
BGD,1992,30,hld_n_tables_1,40.775000000000006,70.775,61.135000000000005,BGD,sex_avg
BGD,1992,50,hld_n_tables_1,22.715,72.715,61.135000000000005,BGD,sex_avg
BGD,1992,65,hld_n_tables_1,12.115,77.115,61.135000000000005,BGD,sex_avg
BGD,1993,0,hld_n_tables_1,61.31,61.31,61.31,BGD,sex_avg
BGD,1993,1,hld_n_tables_1,65.78,66.78,61.31,BGD,sex_avg
BGD,1993,5,hld_n_tables_1,63.974999999999994,68.975,61.31,BGD,sex_avg
BGD,1993,15,hld_n_tables_1,54.69,69.69,61.31,BGD,sex_avg
BGD,1993,20,hld_n_tables_1,49.93,69.93,61.31,BGD,sex_avg
BGD,1993,30,hld_n_tables_1,40.875,70.875,61.31,BGD,sex_avg
BGD,1993,50,hld_n_tables_1,22.91,72.91,61.31,BGD,sex_avg
BGD,1993,65,hld_n_tables_1,12.15,77.15,61.31,BGD,sex_avg
BGD,1994,0,hld_n_tables_1,62.465,62.465,62.465,BGD,sex_avg
BGD,1994,1,hld_n_tables_1,66.58,67.58,62.465,BGD,sex_avg
BGD,1994,5,hld_n_tables_1,64.265,69.265,62.465,BGD,sex_avg
BGD,1994,15,hld_n_tables_1,55.11,70.11,62.465,BGD,sex_avg
BGD,1994,20,hld_n_tables_1,50.45,70.44999999999999,62.465,BGD,sex_avg
BGD,1994,30,hld_n_tables_1,41.115,71.115,62.465,BGD,sex_avg
BGD,1994,50,hld_n_tables_1,23.5,73.5,62.465,BGD,sex_avg
BGD,1994,65,hld_n_tables_1,12.405,77.405,62.465,BGD,sex_avg
BGD,1995,0,hld_n_tables_1,64.03,64.03,64.03,BGD,sex_avg
BGD,1995,1,hld_n_tables_1,67.475,68.475,64.03,BGD,sex_avg
BGD,1995,5,hld_n_tables_1,65.55,70.55,64.03,BGD,sex_avg
BGD,1995,15,hld_n_tables_1,56.11,71.11,64.03,BGD,sex_avg
BGD,1995,20,hld_n_tables_1,51.32,71.32,64.03,BGD,sex_avg
BGD,1995,30,hld_n_tables_1,41.989999999999995,71.99000000000001,64.03,BGD,sex_avg
BGD,1995,50,hld_n_tables_1,24.15,74.15,64.03,BGD,sex_avg
BGD,1995,65,hld_n_tables_1,12.905000000000001,77.905,64.03,BGD,sex_avg
BGD,1996,0,hld_n_tables_1,64.375,64.375,64.375,BGD,sex_avg
BGD,1996,1,hld_n_tables_1,67.945,68.945,64.375,BGD,sex_avg
BGD,1996,5,hld_n_tables_1,65.83500000000001,70.83500000000001,64.375,BGD,sex_avg
BGD,1996,15,hld_n_tables_1,56.5,71.5,64.375,BGD,sex_avg
BGD,1996,20,hld_n_tables_1,51.785,71.785,64.375,BGD,sex_avg
BGD,1996,30,hld_n_tables_1,42.565,72.565,64.375,BGD,sex_avg
BGD,1996,50,hld_n_tables_1,24.5,74.5,64.375,BGD,sex_avg
BGD,1996,65,hld_n_tables_1,13.010000000000002,78.00999999999999,64.375,BGD,sex_avg
BGD,1997,0,hld_n_tables_1,65.33500000000001,65.33500000000001,65.33500000000001,BGD,sex_avg
BGD,1997,1,hld_n_tables_1,68.83500000000001,69.83500000000001,65.33500000000001,BGD,sex_avg
BGD,1997,5,hld_n_tables_1,66.44,71.44,65.33500000000001,BGD,sex_avg
BGD,1997,15,hld_n_tables_1,57.045,72.045,65.33500000000001,BGD,sex_avg
BGD,1997,20,hld_n_tables_1,52.385,72.385,65.33500000000001,BGD,sex_avg
BGD,1997,30,hld_n_tables_1,42.925,72.925,65.33500000000001,BGD,sex_avg
BGD,1997,50,hld_n_tables_1,24.68,74.68,65.33500000000001,BGD,sex_avg
BGD,1997,65,hld_n_tables_1,13.31,78.31,65.33500000000001,BGD,sex_avg
BGD,1999,0,hld_n_tables_1,66.77000000000001,66.77000000000001,66.77000000000001,BGD,sex_avg
BGD,1999,1,hld_n_tables_1,69.44999999999999,70.44999999999999,66.77000000000001,BGD,sex_avg
BGD,1999,5,hld_n_tables_1,67.05000000000001,72.05000000000001,66.77000000000001,BGD,sex_avg
BGD,1999,15,hld_n_tables_1,57.465,72.465,66.77000000000001,BGD,sex_avg
BGD,1999,20,hld_n_tables_1,52.82,72.82,66.77000000000001,BGD,sex_avg
BGD,1999,30,hld_n_tables_1,43.480000000000004,73.48,66.77000000000001,BGD,sex_avg
BGD,1999,50,hld_n_tables_1,24.975,74.975,66.77000000000001,BGD,sex_avg
BGD,1999,65,hld_n_tables_1,13.49,78.49000000000001,66.77000000000001,BGD,sex_avg
BGD,2000,0,hld_n_tables_1,67.255,67.255,67.255,BGD,sex_avg
BGD,2000,1,hld_n_tables_1,69.905,70.905,67.255,BGD,sex_avg
BGD,2000,5,hld_n_tables_1,67.315,72.315,67.255,BGD,sex_avg
BGD,2000,15,hld_n_tables_1,57.945,72.945,67.255,BGD,sex_avg
BGD,2000,20,hld_n_tables_1,53.230000000000004,73.22999999999999,67.255,BGD,sex_avg
BGD,2000,30,hld_n_tables_1,43.94,73.94,67.255,BGD,sex_avg
BGD,2000,50,hld_n_tables_1,25.415,75.41499999999999,67.255,BGD,sex_avg
BGD,2000,65,hld_n_tables_1,13.58,78.58,67.255,BGD,sex_avg
BGD,2001,0,hld_n_tables_1,68.16499999999999,68.16499999999999,68.16499999999999,BGD,sex_avg
BGD,2001,1,hld_n_tables_1,70.77000000000001,71.77000000000001,68.16499999999999,BGD,sex_avg
BGD,2001,5,hld_n_tables_1,67.85,72.85,68.16499999999999,BGD,sex_avg
BGD,2001,15,hld_n_tables_1,58.525,73.525,68.16499999999999,BGD,sex_avg
BGD,2001,20,hld_n_tables_1,53.78,73.78,68.16499999999999,BGD,sex_avg
BGD,2001,30,hld_n_tables_1,44.25,74.25,68.16499999999999,BGD,sex_avg
BGD,2001,50,hld_n_tables_1,25.89,75.89,68.16499999999999,BGD,sex_avg
BGD,2001,65,hld_n_tables_1,14.14,79.14,68.16499999999999,BGD,sex_avg
BGD,2002,0,hld_n_tables_1,67.275,67.275,67.275,BGD,sex_avg
BGD,2002,1,hld_n_tables_1,69.895,70.895,67.275,BGD,sex_avg
BGD,2002,5,hld_n_tables_1,67.085,72.085,67.275,BGD,sex_avg
BGD,2002,15,hld_n_tables_1,57.595,72.595,67.275,BGD,sex_avg
BGD,2002,20,hld_n_tables_1,52.79,72.79,67.275,BGD,sex_avg
BGD,2002,30,hld_n_tables_1,43.3,73.30000000000001,67.275,BGD,sex_avg
BGD,2002,50,hld_n_tables_1,24.985,74.985,67.275,BGD,sex_avg
BGD,2002,65,hld_n_tables_1,13.61,78.61,67.275,BGD,sex_avg
BGD,2003,0,hld_n_tables_1,68.33500000000001,68.33500000000001,68.33500000000001,BGD,sex_avg
BGD,2003,1,hld_n_tables_1,70.52000000000001,71.52000000000001,68.33500000000001,BGD,sex_avg
BGD,2003,5,hld_n_tables_1,67.57499999999999,72.57499999999999,68.33500000000001,BGD,sex_avg
BGD,2003,15,hld_n_tables_1,58.07,73.07,68.33500000000001,BGD,sex_avg
BGD,2003,20,hld_n_tables_1,53.375,73.375,68.33500000000001,BGD,sex_avg
BGD,2003,30,hld_n_tables_1,43.89,73.89,68.33500000000001,BGD,sex_avg
BGD,2003,50,hld_n_tables_1,25.425,75.42500000000001,68.33500000000001,BGD,sex_avg
BGD,2003,65,hld_n_tables_1,13.475,78.475,68.33500000000001,BGD,sex_avg
BGD,2004,0,hld_n_tables_1,68.25,68.25,68.25,BGD,sex_avg
BGD,2004,1,hld_n_tables_1,70.37,71.37,68.25,BGD,sex_avg
BGD,2004,5,hld_n_tables_1,67.215,72.215,68.25,BGD,sex_avg
BGD,2004,15,hld_n_tables_1,57.725,72.72500000000001,68.25,BGD,sex_avg
BGD,2004,20,hld_n_tables_1,52.989999999999995,72.99000000000001,68.25,BGD,sex_avg
BGD,2004,30,hld_n_tables_1,43.455,73.455,68.25,BGD,sex_avg
BGD,2004,50,hld_n_tables_1,25.18,75.18,68.25,BGD,sex_avg
BGD,2004,65,hld_n_tables_1,13.085,78.08500000000001,68.25,BGD,sex_avg
BGD,2005,0,hld_n_tables_1,68.42500000000001,68.42500000000001,68.42500000000001,BGD,sex_avg
BGD,2005,1,hld_n_tables_1,70.31,71.31,68.42500000000001,BGD,sex_avg
BGD,2005,5,hld_n_tables_1,67.21000000000001,72.21000000000001,68.42500000000001,BGD,sex_avg
BGD,2005,15,hld_n_tables_1,57.775000000000006,72.775,68.42500000000001,BGD,sex_avg
BGD,2005,20,hld_n_tables_1,53.07,73.07000000000001,68.42500000000001,BGD,sex_avg
BGD,2005,30,hld_n_tables_1,43.745,73.745,68.42500000000001,BGD,sex_avg
BGD,2005,50,hld_n_tables_1,25.585,75.58500000000001,68.42500000000001,BGD,sex_avg
BGD,2005,65,hld_n_tables_1,13.715,78.715,68.42500000000001,BGD,sex_avg
BGD,2006,0,hld_n_tables_1,70.3,70.3,70.3,BGD,sex_avg
BGD,2006,1,hld_n_tables_1,71.825,72.825,70.3,BGD,sex_avg
BGD,2006,5,hld_n_tables_1,68.66,73.66,70.3,BGD,sex_avg
BGD,2006,15,hld_n_tables_1,59.01,74.00999999999999,70.3,BGD,sex_avg
BGD,2006,20,hld_n_tables_1,54.265,74.265,70.3,BGD,sex_avg
BGD,2006,30,hld_n_tables_1,44.69499999999999,74.695,70.3,BGD,sex_avg
BGD,2006,50,hld_n_tables_1,26.25,76.25,70.3,BGD,sex_avg
BGD,2006,65,hld_n_tables_1,14.285,79.285,70.3,BGD,sex_avg
BGD,2007,0,hld_n_tables_1,69.46000000000001,69.46000000000001,69.46000000000001,BGD,sex_avg
BGD,2007,1,hld_n_tables_1,70.85499999999999,71.85499999999999,69.46000000000001,BGD,sex_avg
BGD,2007,5,hld_n_tables_1,67.745,72.745,69.46000000000001,BGD,sex_avg
BGD,2007,15,hld_n_tables_1,58.230000000000004,73.22999999999999,69.46000000000001,BGD,sex_avg
BGD,2007,20,hld_n_tables_1,53.455,73.455,69.46000000000001,BGD,sex_avg
BGD,2007,30,hld_n_tables_1,43.785,73.785,69.46000000000001,BGD,sex_avg
BGD,2007,50,hld_n_tables_1,25.275,75.275,69.46000000000001,BGD,sex_avg
BGD,2007,65,hld_n_tables_1,13.575,78.57499999999999,69.46000000000001,BGD,sex_avg
BGD,2008,0,hld_n_tables_1,66.02000000000001,66.02000000000001,66.02000000000001,BGD,sex_avg
BGD,2008,1,hld_n_tables_1,68.34,69.34,66.02000000000001,BGD,sex_avg
BGD,2008,5,hld_n_tables_1,66.315,71.315,66.02000000000001,BGD,sex_avg
BGD,2008,15,hld_n_tables_1,57.05,72.05000000000001,66.02000000000001,BGD,sex_avg
BGD,2008,20,hld_n_tables_1,52.4,72.39999999999999,66.02000000000001,BGD,sex_avg
BGD,2008,30,hld_n_tables_1,42.989999999999995,72.99000000000001,66.02000000000001,BGD,sex_avg
BGD,2008,50,hld_n_tables_1,24.89,74.88999999999999,66.02000000000001,BGD,sex_avg
BGD,2008,65,hld_n_tables_1,13.315000000000001,78.315,66.02000000000001,BGD,sex_avg
BGD,2009,0,hld_n_tables_1,66.125,66.125,66.125,BGD,sex_avg
BGD,2009,1,hld_n_tables_1,68.02000000000001,69.02000000000001,66.125,BGD,sex_avg
BGD,2009,5,hld_n_tables_1,65.995,70.995,66.125,BGD,sex_avg
BGD,2009,15,hld_n_tables_1,56.68,71.68,66.125,BGD,sex_avg
BGD,2009,20,hld_n_tables_1,51.99,71.99000000000001,66.125,BGD,sex_avg
BGD,2009,30,hld_n_tables_1,42.625,72.625,66.125,BGD,sex_avg
BGD,2009,50,hld_n_tables_1,24.515,74.515,66.125,BGD,sex_avg
BGD,2009,65,hld_n_tables_1,13.25,78.25,66.125,BGD,sex_avg
BGD,2010,0,hld_n_tables_1,67.275,67.275,67.275,BGD,sex_avg
BGD,2010,1,hld_n_tables_1,68.88,69.88,67.275,BGD,sex_avg
BGD,2010,5,hld_n_tables_1,66.11500000000001,71.11500000000001,67.275,BGD,sex_avg
BGD,2010,15,hld_n_tables_1,56.745,71.745,67.275,BGD,sex_avg
BGD,2010,20,hld_n_tables_1,52.03,72.03,67.275,BGD,sex_avg
BGD,2010,30,hld_n_tables_1,42.68,72.67999999999999,67.275,BGD,sex_avg
BGD,2010,50,hld_n_tables_1,24.325,74.325,67.275,BGD,sex_avg
BGD,2010,65,hld_n_tables_1,13.379999999999999,78.38,67.275,BGD,sex_avg
BGD,2011,0,hld_n_tables_1,69.705,69.705,69.705,BGD,sex_avg
BGD,2011,1,hld_n_tables_1,71.28,72.28,69.705,BGD,sex_avg
BGD,2011,5,hld_n_tables_1,67.985,72.985,69.705,BGD,sex_avg
BGD,2011,15,hld_n_tables_1,58.510000000000005,73.51,69.705,BGD,sex_avg
BGD,2011,20,hld_n_tables_1,53.745000000000005,73.745,69.705,BGD,sex_avg
BGD,2011,30,hld_n_tables_1,44.254999999999995,74.255,69.705,BGD,sex_avg
BGD,2011,50,hld_n_tables_1,25.915,75.91499999999999,69.705,BGD,sex_avg
BGD,2011,65,hld_n_tables_1,14.440000000000001,79.44,69.705,BGD,sex_avg
BGD,2013,0,hld_n_tables_1,69.5,69.5,69.5,BGD,sex_avg
BGD,2013,1,hld_n_tables_1,70.72999999999999,71.72999999999999,69.5,BGD,sex_avg
BGD,2013,5,hld_n_tables_1,67.34,72.34,69.5,BGD,sex_avg
BGD,2013,15,hld_n_tables_1,58.655,73.655,69.5,BGD,sex_avg
BGD,2013,20,hld_n_tables_1,54.05,74.05000000000001,69.5,BGD,sex_avg
BGD,2013,30,hld_n_tables_1,44.739999999999995,74.74000000000001,69.5,BGD,sex_avg
BGD,2013,50,hld_n_tables_1,26.465,76.465,69.5,BGD,sex_avg
BGD,2013,65,hld_n_tables_1,15.399999999999999,80.4,69.5,BGD,sex_avg
BGD,2014,0,hld_n_tables_1,69.72,69.72,69.72,BGD,sex_avg
BGD,2014,1,hld_n_tables_1,70.83500000000001,71.83500000000001,69.72,BGD,sex_avg
BGD,2014,5,hld_n_tables_1,67.405,72.405,69.72,BGD,sex_avg
BGD,2014,15,hld_n_tables_1,58.82,73.82000000000001,69.72,BGD,sex_avg
BGD,2014,20,hld_n_tables_1,54.06,74.06,69.72,BGD,sex_avg
BGD,2014,30,hld_n_tables_1,44.805,74.80499999999999,69.72,BGD,sex_avg
BGD,2014,50,hld_n_tables_1,26.49,76.49000000000001,69.72,BGD,sex_avg
BGD,2014,65,hld_n_tables_1,15.489999999999998,80.49000000000001,69.72,BGD,sex_avg
BGD,2015,0,hld_n_tables_1,70.66499999999999,70.66499999999999,70.66499999999999,BGD,sex_avg
BGD,2015,1,hld_n_tables_1,71.715,72.715,70.66499999999999,BGD,sex_avg
BGD,2015,5,hld_n_tables_1,68.275,73.275,70.66499999999999,BGD,sex_avg
BGD,2015,15,hld_n_tables_1,58.62,73.62,70.66499999999999,BGD,sex_avg
BGD,2015,20,hld_n_tables_1,54.010000000000005,74.01,70.66499999999999,BGD,sex_avg
BGD,2015,30,hld_n_tables_1,44.55,74.55,70.66499999999999,BGD,sex_avg
BGD,2015,50,hld_n_tables_1,26.305,76.305,70.66499999999999,BGD,sex_avg
BGD,2015,65,hld_n_tables_1,15.364999999999998,80.36500000000001,70.66499999999999,BGD,sex_avg
BGD,2016,0,hld_n_tables_1,71.22,71.22,71.22,BGD,sex_avg
BGD,2016,1,hld_n_tables_1,72.33500000000001,73.33500000000001,71.22,BGD,sex_avg
BGD,2016,5,hld_n_tables_1,68.855,73.855,71.22,BGD,sex_avg
BGD,2016,15,hld_n_tables_1,59.21,74.21000000000001,71.22,BGD,sex_avg
BGD,2016,20,hld_n_tables_1,54.58,74.58,71.22,BGD,sex_avg
BGD,2016,30,hld_n_tables_1,45.019999999999996,75.02000000000001,71.22,BGD,sex_avg
BGD,2016,50,hld_n_tables_1,26.59,76.59,71.22,BGD,sex_avg
BGD,2016,65,hld_n_tables_1,14.99,79.99000000000001,71.22,BGD,sex_avg
BGD,2017,0,hld_n_tables_1,71.515,71.515,71.515,BGD,sex_avg
BGD,2017,1,hld_n_tables_1,72.61000000000001,73.61000000000001,71.515,BGD,sex_avg
BGD,2017,5,hld_n_tables_1,69.13,74.13,71.515,BGD,sex_avg
BGD,2017,15,hld_n_tables_1,59.504999999999995,74.505,71.515,BGD,sex_avg
BGD,2017,20,hld_n_tables_1,54.9,74.9,71.515,BGD,sex_avg
BGD,2017,30,hld_n_tables_1,45.325,75.325,71.515,BGD,sex_avg
BGD,2017,50,hld_n_tables_1,26.935000000000002,76.935,71.515,BGD,sex_avg
BGD,2017,65,hld_n_tables_1,15.245000000000001,80.245,71.515,BGD,sex_avg
BGD,2018,0,hld_n_tables_1,71.86500000000001,71.86500000000001,71.86500000000001,BGD,sex_avg
BGD,2018,1,hld_n_tables_1,72.82,73.82,71.86500000000001,BGD,sex_avg
BGD,2018,5,hld_n_tables_1,69.385,74.385,71.86500000000001,BGD,sex_avg
BGD,2018,15,hld_n_tables_1,59.754999999999995,74.755,71.86500000000001,BGD,sex_avg
BGD,2018,20,hld_n_tables_1,55.1,75.1,71.86500000000001,BGD,sex_avg
BGD,2018,30,hld_n_tables_1,45.55,75.55,71.86500000000001,BGD,sex_avg
BGD,2018,50,hld_n_tables_1,27.085,77.08500000000001,71.86500000000001,BGD,sex_avg
BGD,2018,65,hld_n_tables_1,15.094999999999999,80.095,71.86500000000001,BGD,sex_avg
BGD,2019,0,hld_n_tables_1,72.43,72.43,72.43,BGD,sex_avg
BGD,2019,1,hld_n_tables_1,73.27,74.27,72.43,BGD,sex_avg
BGD,2019,5,hld_n_tables_1,69.755,74.755,72.43,BGD,sex_avg
BGD,2019,15,hld_n_tables_1,60.129999999999995,75.13,72.43,BGD,sex_avg
BGD,2019,20,hld_n_tables_1,55.535,75.535,72.43,BGD,sex_avg
BGD,2019,30,hld_n_tables_1,46.015,76.015,72.43,BGD,sex_avg
BGD,2019,50,hld_n_tables_1,27.41,77.41,72.43,BGD,sex_avg
BGD,2019,65,hld_n_tables_1,15.51,80.50999999999999,72.43,BGD,sex_avg
BGD,2020,0,hld_n_tables_1,71.685,71.685,71.685,BGD,sex_avg
BGD,2020,1,hld_n_tables_1,72.51,73.51,71.685,BGD,sex_avg
BGD,2020,5,hld_n_tables_1,68.995,73.995,71.685,BGD,sex_avg
BGD,2020,15,hld_n_tables_1,59.275000000000006,74.275,71.685,BGD,sex_avg
BGD,2020,20,hld_n_tables_1,54.455,74.455,71.685,BGD,sex_avg
BGD,2020,30,hld_n_tables_1,44.870000000000005,74.87,71.685,BGD,sex_avg
BGD,2020,50,hld_n_tables_1,26.345,76.345,71.685,BGD,sex_avg
BGD,2020,65,hld_n_tables_1,14.585,79.58500000000001,71.685,BGD,sex_avg
BGD,2021,0,hld_n_tables_1,71.725,71.725,71.725,BGD,sex_avg
BGD,2021,1,hld_n_tables_1,72.71000000000001,73.71000000000001,71.725,BGD,sex_avg
BGD,2021,5,hld_n_tables_1,69.13,74.13,71.725,BGD,sex_avg
BGD,2021,15,hld_n_tables_1,59.435,74.435,71.725,BGD,sex_avg
BGD,2021,20,hld_n_tables_1,54.67,74.67,71.725,BGD,sex_avg
BGD,2021,30,hld_n_tables_1,45.269999999999996,75.27000000000001,71.725,BGD,sex_avg
BGD,2021,50,hld_n_tables_1,27.04,77.03999999999999,71.725,BGD,sex_avg
BGD,2021,65,hld_n_tables_1,15.69,80.69,71.725,BGD,sex_avg
BGD,2022,0,hld_n_tables_1,72.1,72.1,72.1,BGD,sex_avg
BGD,2022,1,hld_n_tables_1,72.64,73.64,72.1,BGD,sex_avg
BGD,2022,5,hld_n_tables_1,69.15,74.15,72.1,BGD,sex_avg
BGD,2022,15,hld_n_tables_1,59.57,74.57,72.1,BGD,sex_avg
BGD,2022,20,hld_n_tables_1,54.855000000000004,74.85499999999999,72.1,BGD,sex_avg
BGD,2022,30,hld_n_tables_1,45.415000000000006,75.415,72.1,BGD,sex_avg
BGD,2022,50,hld_n_tables_1,27.235,77.235,72.1,BGD,sex_avg
BGD,2022,65,hld_n_tables_1,15.745000000000001,80.745,72.1,BGD,sex_avg
BGR,1909,0,hld_n_tables_1,39.14,39.14,39.14,BGR,sex_avg
BGR,1909,1,hld_n_tables_1,47.519999999999996,48.519999999999996,39.14,BGR,sex_avg
BGR,1909,5,hld_n_tables_1,52.515,57.515,39.14,BGR,sex_avg
BGR,1909,15,hld_n_tables_1,45.925,60.925,39.14,BGR,sex_avg
BGR,1909,20,hld_n_tables_1,42.47,62.47,39.14,BGR,sex_avg
BGR,1909,30,hld_n_tables_1,36.635000000000005,66.63499999999999,39.14,BGR,sex_avg
BGR,1909,50,hld_n_tables_1,23.240000000000002,73.24,39.14,BGR,sex_avg
BGR,1909,65,hld_n_tables_1,13.63,78.63,39.14,BGR,sex_avg
BGR,1933,0,hld_n_tables_1,51.114999999999995,51.114999999999995,51.114999999999995,BGR,sex_avg
BGR,1933,1,hld_n_tables_1,58.565,59.565,51.114999999999995,BGR,sex_avg
BGR,1933,5,hld_n_tables_1,59.65,64.65,51.114999999999995,BGR,sex_avg
BGR,1933,15,hld_n_tables_1,51.474999999999994,66.475,51.114999999999995,BGR,sex_avg
BGR,1933,20,hld_n_tables_1,47.66,67.66,51.114999999999995,BGR,sex_avg
BGR,1933,30,hld_n_tables_1,40.155,70.155,51.114999999999995,BGR,sex_avg
BGR,1933,50,hld_n_tables_1,24.095,74.095,51.114999999999995,BGR,sex_avg
BGR,1933,65,hld_n_tables_1,13.49,78.49000000000001,51.114999999999995,BGR,sex_avg
BGR,1950,0,hld_n_tables_1,60.605000000000004,60.605000000000004,60.605000000000004,BGR,sex_avg
BGR,1950,1,hld_n_tables_1,66.05000000000001,67.05000000000001,60.605000000000004,BGR,sex_avg
BGR,1950,5,hld_n_tables_1,64.315,69.315,60.605000000000004,BGR,sex_avg
BGR,1950,15,hld_n_tables_1,55.19,70.19,60.605000000000004,BGR,sex_avg
BGR,1950,20,hld_n_tables_1,50.815,70.815,60.605000000000004,BGR,sex_avg
BGR,1950,30,hld_n_tables_1,42.345,72.345,60.605000000000004,BGR,sex_avg
BGR,1950,50,hld_n_tables_1,24.95,74.94999999999999,60.605000000000004,BGR,sex_avg
BGR,1950,65,hld_n_tables_1,13.780000000000001,78.78,60.605000000000004,BGR,sex_avg
BGR,1953,0,hld_n_tables_1,64.36,64.36,64.36,BGR,sex_avg
BGR,1953,1,hld_n_tables_1,69.15,70.15,64.36,BGR,sex_avg
BGR,1953,5,hld_n_tables_1,66.695,71.695,64.36,BGR,sex_avg
BGR,1953,15,hld_n_tables_1,57.285,72.285,64.36,BGR,sex_avg
BGR,1953,20,hld_n_tables_1,52.67,72.67,64.36,BGR,sex_avg
BGR,1953,30,hld_n_tables_1,43.57,73.57,64.36,BGR,sex_avg
BGR,1953,50,hld_n_tables_1,25.59,75.59,64.36,BGR,sex_avg
BGR,1953,65,hld_n_tables_1,14.05,79.05,64.36,BGR,sex_avg
BGR,1959,0,hld_n_tables_1,68.385,68.385,68.385,BGR,sex_avg
BGR,1959,1,hld_n_tables_1,70.68,71.68,68.385,BGR,sex_avg
BGR,1959,5,hld_n_tables_1,67.5,72.5,68.385,BGR,sex_avg
BGR,1959,15,hld_n_tables_1,57.89,72.89,68.385,BGR,sex_avg
BGR,1959,20,hld_n_tables_1,53.14,73.14,68.385,BGR,sex_avg
BGR,1959,30,hld_n_tables_1,43.735,73.735,68.385,BGR,sex_avg
BGR,1959,50,hld_n_tables_1,25.46,75.46000000000001,68.385,BGR,sex_avg
BGR,1959,65,hld_n_tables_1,13.735,78.735,68.385,BGR,sex_avg
BGR,1963,0,hld_n_tables_1,70.1,70.1,70.1,BGR,sex_avg
BGR,1963,1,hld_n_tables_1,71.67,72.67,70.1,BGR,sex_avg
BGR,1963,5,hld_n_tables_1,68.22999999999999,73.22999999999999,70.1,BGR,sex_avg
BGR,1963,15,hld_n_tables_1,58.605000000000004,73.60499999999999,70.1,BGR,sex_avg
BGR,1963,20,hld_n_tables_1,53.849999999999994,73.85,70.1,BGR,sex_avg
BGR,1963,30,hld_n_tables_1,44.370000000000005,74.37,70.1,BGR,sex_avg
BGR,1963,50,hld_n_tables_1,25.97,75.97,70.1,BGR,sex_avg
BGR,1963,65,hld_n_tables_1,14.07,79.07,70.1,BGR,sex_avg
BGR,1964,0,hld_n_tables_1,70.82,70.82,70.82,BGR,sex_avg
BGR,1964,1,hld_n_tables_1,72.205,73.205,70.82,BGR,sex_avg
BGR,1964,5,hld_n_tables_1,68.69,73.69,70.82,BGR,sex_avg
BGR,1964,15,hld_n_tables_1,59.02,74.02000000000001,70.82,BGR,sex_avg
BGR,1964,20,hld_n_tables_1,54.230000000000004,74.23,70.82,BGR,sex_avg
BGR,1964,30,hld_n_tables_1,44.72,74.72,70.82,BGR,sex_avg
BGR,1964,50,hld_n_tables_1,26.27,76.27000000000001,70.82,BGR,sex_avg
BGR,1964,65,hld_n_tables_1,14.245000000000001,79.245,70.82,BGR,sex_avg
BHR,1998,0,hld_n_tables_1,72.25999999999999,72.25999999999999,72.25999999999999,BHR,sex_avg
BHR,1998,1,hld_n_tables_1,72.485,73.485,72.25999999999999,BHR,sex_avg
BHR,1998,5,hld_n_tables_1,68.63499999999999,73.63499999999999,72.25999999999999,BHR,sex_avg
BHR,1998,15,hld_n_tables_1,58.835,73.83500000000001,72.25999999999999,BHR,sex_avg
BHR,1998,20,hld_n_tables_1,53.95,73.95,72.25999999999999,BHR,sex_avg
BHR,1998,30,hld_n_tables_1,44.285,74.285,72.25999999999999,BHR,sex_avg
BHR,1998,50,hld_n_tables_1,25.435,75.435,72.25999999999999,BHR,sex_avg
BHR,1998,65,hld_n_tables_1,13.46,78.46000000000001,72.25999999999999,BHR,sex_avg
BHS,1989,0,hld_n_tables_1,71.47999999999999,71.47999999999999,71.47999999999999,BHS,sex_avg
BHS,1989,1,hld_n_tables_1,71.875,72.875,71.47999999999999,BHS,sex_avg
BHS,1989,5,hld_n_tables_1,68.11,73.11,71.47999999999999,BHS,sex_avg
BHS,1989,15,hld_n_tables_1,58.349999999999994,73.35,71.47999999999999,BHS,sex_avg
BHS,1989,20,hld_n_tables_1,53.535,73.535,71.47999999999999,BHS,sex_avg
BHS,1989,30,hld_n_tables_1,44.405,74.405,71.47999999999999,BHS,sex_avg
BHS,1989,50,hld_n_tables_1,27.395,77.39500000000001,71.47999999999999,BHS,sex_avg
BHS,1989,65,hld_n_tables_1,16.485,81.485,71.47999999999999,BHS,sex_avg
BHS,1999,0,hld_n_tables_1,73.03999999999999,73.03999999999999,73.03999999999999,BHS,sex_avg
BHS,1999,1,hld_n_tables_1,72.605,73.605,73.03999999999999,BHS,sex_avg
BHS,1999,5,hld_n_tables_1,68.795,73.795,73.03999999999999,BHS,sex_avg
BHS,1999,15,hld_n_tables_1,58.995000000000005,73.995,73.03999999999999,BHS,sex_avg
BHS,1999,20,hld_n_tables_1,54.21,74.21000000000001,73.03999999999999,BHS,sex_avg
BHS,1999,30,hld_n_tables_1,45.195,75.19500000000001,73.03999999999999,BHS,sex_avg
BHS,1999,50,hld_n_tables_1,28.68,78.68,73.03999999999999,BHS,sex_avg
BHS,1999,65,hld_n_tables_1,17.455,82.455,73.03999999999999,BHS,sex_avg
BHS,2009,0,hld_n_tables_1,73.69,73.69,73.69,BHS,sex_avg
BHS,2009,1,hld_n_tables_1,73.39500000000001,74.39500000000001,73.69,BHS,sex_avg
BHS,2009,5,hld_n_tables_1,69.545,74.545,73.69,BHS,sex_avg
BHS,2009,15,hld_n_tables_1,59.7,74.69999999999999,73.69,BHS,sex_avg
BHS,2009,20,hld_n_tables_1,54.955,74.955,73.69,BHS,sex_avg
BHS,2009,30,hld_n_tables_1,45.995000000000005,75.995,73.69,BHS,sex_avg
BHS,2009,50,hld_n_tables_1,28.81,78.81,73.69,BHS,sex_avg
BHS,2009,65,hld_n_tables_1,17.384999999999998,82.38499999999999,73.69,BHS,sex_avg
BIH,1960,0,hld_n_tables_1,60.925,60.925,60.925,BIH,sex_avg
BIH,1960,1,hld_n_tables_1,66.44999999999999,67.44999999999999,60.925,BIH,sex_avg
BIH,1960,5,hld_n_tables_1,64.39,69.39,60.925,BIH,sex_avg
BIH,1960,15,hld_n_tables_1,54.855000000000004,69.85499999999999,60.925,BIH,sex_avg
BIH,1960,20,hld_n_tables_1,50.13,70.13,60.925,BIH,sex_avg
BIH,1960,30,hld_n_tables_1,40.905,70.905,60.925,BIH,sex_avg
BIH,1960,50,hld_n_tables_1,23.14,73.14,60.925,BIH,sex_avg
BIH,1960,65,hld_n_tables_1,12.25,77.25,60.925,BIH,sex_avg
BIH,2013,0,hld_n_tables_1,76.10499999999999,76.10499999999999,76.10499999999999,BIH,sex_avg
BIH,2013,1,hld_n_tables_1,75.62,76.62,76.10499999999999,BIH,sex_avg
BIH,2013,5,hld_n_tables_1,71.69,76.69,76.10499999999999,BIH,sex_avg
BIH,2013,15,hld_n_tables_1,61.775,76.775,76.10499999999999,BIH,sex_avg
BIH,2013,20,hld_n_tables_1,56.855000000000004,76.85499999999999,76.10499999999999,BIH,sex_avg
BIH,2013,30,hld_n_tables_1,47.075,77.075,76.10499999999999,BIH,sex_avg
BIH,2013,50,hld_n_tables_1,28.08,78.08000000000001,76.10499999999999,BIH,sex_avg
BIH,2013,65,hld_n_tables_1,15.71,80.71000000000001,76.10499999999999,BIH,sex_avg
BIH,2014,0,hld_n_tables_1,76.515,76.515,76.515,BIH,sex_avg
BIH,2014,1,hld_n_tables_1,76.00999999999999,77.00999999999999,76.515,BIH,sex_avg
BIH,2014,5,hld_n_tables_1,72.075,77.075,76.515,BIH,sex_avg
BIH,2014,15,hld_n_tables_1,62.144999999999996,77.145,76.515,BIH,sex_avg
BIH,2014,20,hld_n_tables_1,57.215,77.215,76.515,BIH,sex_avg
BIH,2014,30,hld_n_tables_1,47.43,77.43,76.515,BIH,sex_avg
BIH,2014,50,hld_n_tables_1,28.42,78.42,76.515,BIH,sex_avg
BIH,2014,65,hld_n_tables_1,15.985,80.985,76.515,BIH,sex_avg
BIH,2015,0,hld_n_tables_1,76.07,76.07,76.07,BIH,sex_avg
BIH,2015,1,hld_n_tables_1,75.685,76.685,76.07,BIH,sex_avg
BIH,2015,5,hld_n_tables_1,71.75,76.75,76.07,BIH,sex_avg
BIH,2015,15,hld_n_tables_1,61.845,76.845,76.07,BIH,sex_avg
BIH,2015,20,hld_n_tables_1,56.94,76.94,76.07,BIH,sex_avg
BIH,2015,30,hld_n_tables_1,47.17,77.17,76.07,BIH,sex_avg
BIH,2015,50,hld_n_tables_1,28.125,78.125,76.07,BIH,sex_avg
BIH,2015,65,hld_n_tables_1,15.735,80.735,76.07,BIH,sex_avg
BIH,2016,0,hld_n_tables_1,76.485,76.485,76.485,BIH,sex_avg
BIH,2016,1,hld_n_tables_1,76.055,77.055,76.485,BIH,sex_avg
BIH,2016,5,hld_n_tables_1,72.12,77.12,76.485,BIH,sex_avg
BIH,2016,15,hld_n_tables_1,62.224999999999994,77.225,76.485,BIH,sex_avg
BIH,2016,20,hld_n_tables_1,57.32,77.32,76.485,BIH,sex_avg
BIH,2016,30,hld_n_tables_1,47.575,77.575,76.485,BIH,sex_avg
BIH,2016,50,hld_n_tables_1,28.495,78.495,76.485,BIH,sex_avg
BIH,2016,65,hld_n_tables_1,16.080000000000002,81.08,76.485,BIH,sex_avg
BIH,2017,0,hld_n_tables_1,76.445,76.445,76.445,BIH,sex_avg
BIH,2017,1,hld_n_tables_1,76.095,77.095,76.445,BIH,sex_avg
BIH,2017,5,hld_n_tables_1,72.16,77.16,76.445,BIH,sex_avg
BIH,2017,15,hld_n_tables_1,62.26,77.25999999999999,76.445,BIH,sex_avg
BIH,2017,20,hld_n_tables_1,57.34,77.34,76.445,BIH,sex_avg
BIH,2017,30,hld_n_tables_1,47.55,77.55,76.445,BIH,sex_avg
BIH,2017,50,hld_n_tables_1,28.495,78.495,76.445,BIH,sex_avg
BIH,2017,65,hld_n_tables_1,16.07,81.07,76.445,BIH,sex_avg
BIH,2018,0,hld_n_tables_1,76.85,76.85,76.85,BIH,sex_avg
BIH,2018,1,hld_n_tables_1,76.51,77.51,76.85,BIH,sex_avg
BIH,2018,5,hld_n_tables_1,72.57499999999999,77.57499999999999,76.85,BIH,sex_avg
BIH,2018,15,hld_n_tables_1,62.645,77.64500000000001,76.85,BIH,sex_avg
BIH,2018,20,hld_n_tables_1,57.755,77.755,76.85,BIH,sex_avg
BIH,2018,30,hld_n_tables_1,47.945,77.94500000000001,76.85,BIH,sex_avg
BIH,2018,50,hld_n_tables_1,28.810000000000002,78.81,76.85,BIH,sex_avg
BIH,2018,65,hld_n_tables_1,16.295,81.295,76.85,BIH,sex_avg
BIH,2019,0,hld_n_tables_1,76.705,76.705,76.705,BIH,sex_avg
BIH,2019,1,hld_n_tables_1,76.445,77.445,76.705,BIH,sex_avg
BIH,2019,5,hld_n_tables_1,72.52,77.52,76.705,BIH,sex_avg
BIH,2019,15,hld_n_tables_1,62.59,77.59,76.705,BIH,sex_avg
BIH,2019,20,hld_n_tables_1,57.685,77.685,76.705,BIH,sex_avg
BIH,2019,30,hld_n_tables_1,47.9,77.9,76.705,BIH,sex_avg
BIH,2019,50,hld_n_tables_1,28.77,78.77000000000001,76.705,BIH,sex_avg
BIH,2019,65,hld_n_tables_1,16.325,81.325,76.705,BIH,sex_avg
BIH,2020,0,hld_n_tables_1,75.58500000000001,75.58500000000001,75.58500000000001,BIH,sex_avg
BIH,2020,1,hld_n_tables_1,75.12,76.12,75.58500000000001,BIH,sex_avg
BIH,2020,5,hld_n_tables_1,71.185,76.185,75.58500000000001,BIH,sex_avg
BIH,2020,15,hld_n_tables_1,61.275,76.27499999999999,75.58500000000001,BIH,sex_avg
BIH,2020,20,hld_n_tables_1,56.35,76.35,75.58500000000001,BIH,sex_avg
BIH,2020,30,hld_n_tables_1,46.595,76.595,75.58500000000001,BIH,sex_avg
BIH,2020,50,hld_n_tables_1,27.48,77.47999999999999,75.58500000000001,BIH,sex_avg
BIH,2020,65,hld_n_tables_1,15.235,80.235,75.58500000000001,BIH,sex_avg
BIH,2021,0,hld_n_tables_1,74.70500000000001,74.70500000000001,74.70500000000001,BIH,sex_avg
BIH,2021,1,hld_n_tables_1,74.155,75.155,74.70500000000001,BIH,sex_avg
BIH,2021,5,hld_n_tables_1,70.21000000000001,75.21000000000001,74.70500000000001,BIH,sex_avg
BIH,2021,15,hld_n_tables_1,60.269999999999996,75.27000000000001,74.70500000000001,BIH,sex_avg
BIH,2021,20,hld_n_tables_1,55.379999999999995,75.38,74.70500000000001,BIH,sex_avg
BIH,2021,30,hld_n_tables_1,45.599999999999994,75.6,74.70500000000001,BIH,sex_avg
BIH,2021,50,hld_n_tables_1,26.63,76.63,74.70500000000001,BIH,sex_avg
BIH,2021,65,hld_n_tables_1,14.434999999999999,79.435,74.70500000000001,BIH,sex_avg
BIH,2022,0,hld_n_tables_1,76.93,76.93,76.93,BIH,sex_avg
BIH,2022,1,hld_n_tables_1,76.44,77.44,76.93,BIH,sex_avg
BIH,2022,5,hld_n_tables_1,72.49000000000001,77.49000000000001,76.93,BIH,sex_avg
BIH,2022,15,hld_n_tables_1,62.58,77.58,76.93,BIH,sex_avg
BIH,2022,20,hld_n_tables_1,57.695,77.695,76.93,BIH,sex_avg
BIH,2022,30,hld_n_tables_1,47.92,77.91999999999999,76.93,BIH,sex_avg
BIH,2022,50,hld_n_tables_1,28.759999999999998,78.75999999999999,76.93,BIH,sex_avg
BIH,2022,65,hld_n_tables_1,16.13,81.13,76.93,BIH,sex_avg
BIH,2023,0,hld_n_tables_1,78.095,78.095,78.095,BIH,sex_avg
BIH,2023,1,hld_n_tables_1,77.63499999999999,78.63499999999999,78.095,BIH,sex_avg
BIH,2023,5,hld_n_tables_1,73.68,78.68,78.095,BIH,sex_avg
BIH,2023,15,hld_n_tables_1,63.754999999999995,78.755,78.095,BIH,sex_avg
BIH,2023,20,hld_n_tables_1,58.82,78.82000000000001,78.095,BIH,sex_avg
BIH,2023,30,hld_n_tables_1,49.025000000000006,79.025,78.095,BIH,sex_avg
BIH,2023,50,hld_n_tables_1,29.85,79.85,78.095,BIH,sex_avg
BIH,2023,65,hld_n_tables_1,17.075,82.07499999999999,78.095,BIH,sex_avg
BLZ,1980,0,hld_n_tables_1,68.255,68.255,68.255,BLZ,sex_avg
BLZ,1980,1,hld_n_tables_1,70.905,71.905,68.255,BLZ,sex_avg
BLZ,1980,5,hld_n_tables_1,68.295,73.295,68.255,BLZ,sex_avg
BLZ,1980,15,hld_n_tables_1,58.585,73.58500000000001,68.255,BLZ,sex_avg
BLZ,1980,20,hld_n_tables_1,53.81,73.81,68.255,BLZ,sex_avg
BLZ,1980,30,hld_n_tables_1,44.48,74.47999999999999,67.44,BLZ,sex_avg
BLZ,1980,50,hld_n_tables_1,27.225,77.225,68.255,BLZ,sex_avg
BLZ,1980,65,hld_n_tables_1,15.215,80.215,68.255,BLZ,sex_avg
BLZ,1991,0,hld_n_tables_1,71.625,71.625,71.625,BLZ,sex_avg
BLZ,1991,1,hld_n_tables_1,73.215,74.215,71.625,BLZ,sex_avg
BLZ,1991,5,hld_n_tables_1,69.57,74.57,71.625,BLZ,sex_avg
BLZ,1991,15,hld_n_tables_1,59.825,74.825,71.625,BLZ,sex_avg
BLZ,1991,20,hld_n_tables_1,54.985,74.985,71.625,BLZ,sex_avg
BLZ,1991,30,hld_n_tables_1,45.7,75.7,71.625,BLZ,sex_avg
BLZ,1991,50,hld_n_tables_1,27.78,77.78,71.625,BLZ,sex_avg
BLZ,1991,65,hld_n_tables_1,15.735,80.735,71.625,BLZ,sex_avg
BLZ,2000,0,hld_n_tables_1,69.2,69.2,69.2,BLZ,sex_avg
BLZ,2000,1,hld_n_tables_1,70.105,71.105,69.2,BLZ,sex_avg
BLZ,2000,5,hld_n_tables_1,66.405,71.405,69.2,BLZ,sex_avg
BLZ,2000,15,hld_n_tables_1,56.665,71.66499999999999,69.2,BLZ,sex_avg
BLZ,2000,20,hld_n_tables_1,51.93,71.93,69.2,BLZ,sex_avg
BLZ,2000,30,hld_n_tables_1,42.87,72.87,69.2,BLZ,sex_avg
BLZ,2000,50,hld_n_tables_1,25.490000000000002,75.49000000000001,69.2,BLZ,sex_avg
BLZ,2000,65,hld_n_tables_1,14.43,79.43,69.2,BLZ,sex_avg
BLZ,2010,0,hld_n_tables_1,71.935,71.935,71.935,BLZ,sex_avg
BLZ,2010,1,hld_n_tables_1,72.16,73.16,71.935,BLZ,sex_avg
BLZ,2010,5,hld_n_tables_1,68.41,73.41,71.935,BLZ,sex_avg
BLZ,2010,15,hld_n_tables_1,58.64,73.63999999999999,71.935,BLZ,sex_avg
BLZ,2010,20,hld_n_tables_1,53.955,73.955,71.935,BLZ,sex_avg
BLZ,2010,30,hld_n_tables_1,44.965,74.965,71.935,BLZ,sex_avg
BLZ,2010,50,hld_n_tables_1,27.61,77.61,71.935,BLZ,sex_avg
BLZ,2010,65,hld_n_tables_1,16.105,81.10499999999999,71.935,BLZ,sex_avg
BOL,1950,0,hld_n_tables_1,39.18,39.18,39.18,BOL,sex_avg
BOL,1950,1,hld_n_tables_1,46.455,47.455,39.18,BOL,sex_avg
BOL,1950,5,hld_n_tables_1,51.06999999999999,56.06999999999999,39.18,BOL,sex_avg
BOL,1950,15,hld_n_tables_1,44.095,59.095,39.18,BOL,sex_avg
BOL,1950,20,hld_n_tables_1,40.385,60.385,39.18,BOL,sex_avg
BOL,1950,30,hld_n_tables_1,33.555,63.55499999999999,39.18,BOL,sex_avg
BOL,1950,50,hld_n_tables_1,19.235,69.235,39.18,BOL,sex_avg
BOL,1950,65,hld_n_tables_1,9.690000000000001,74.69,39.18,BOL,sex_avg
BOL,1960,0,hld_n_tables_1,42.065,42.065,42.065,BOL,sex_avg
BOL,1960,1,hld_n_tables_1,49.035,50.035,42.065,BOL,sex_avg
BOL,1960,5,hld_n_tables_1,52.644999999999996,57.644999999999996,42.065,BOL,sex_avg
BOL,1960,15,hld_n_tables_1,45.224999999999994,60.224999999999994,42.065,BOL,sex_avg
BOL,1960,20,hld_n_tables_1,41.345,61.345,42.065,BOL,sex_avg
BOL,1960,30,hld_n_tables_1,34.265,64.265,42.065,BOL,sex_avg
BOL,1960,50,hld_n_tables_1,19.625,69.625,42.065,BOL,sex_avg
BOL,1960,65,hld_n_tables_1,9.975,74.975,42.065,BOL,sex_avg
BOL,1970,0,hld_n_tables_1,45.565,45.565,45.565,BOL,sex_avg
BOL,1970,1,hld_n_tables_1,51.95,52.95,45.565,BOL,sex_avg
BOL,1970,5,hld_n_tables_1,54.0,59.0,45.565,BOL,sex_avg
BOL,1970,15,hld_n_tables_1,46.129999999999995,61.129999999999995,45.565,BOL,sex_avg
BOL,1970,20,hld_n_tables_1,42.175,62.175,45.565,BOL,sex_avg
BOL,1970,30,hld_n_tables_1,34.760000000000005,64.76,45.565,BOL,sex_avg
BOL,1970,50,hld_n_tables_1,19.735,69.735,45.565,BOL,sex_avg
BOL,1970,65,hld_n_tables_1,9.98,74.97999999999999,45.565,BOL,sex_avg
BOL,1980,0,hld_n_tables_1,50.055,50.055,50.055,BOL,sex_avg
BOL,1980,1,hld_n_tables_1,55.595,56.595,50.055,BOL,sex_avg
BOL,1980,5,hld_n_tables_1,56.33,61.33,50.055,BOL,sex_avg
BOL,1980,15,hld_n_tables_1,48.035,63.035,50.055,BOL,sex_avg
BOL,1980,20,hld_n_tables_1,43.945,63.945,50.055,BOL,sex_avg
BOL,1980,30,hld_n_tables_1,36.21,66.21,50.055,BOL,sex_avg
BOL,1980,50,hld_n_tables_1,20.75,70.75,50.055,BOL,sex_avg
BOL,1980,65,hld_n_tables_1,10.705,75.705,50.055,BOL,sex_avg
BOL,1990,0,hld_n_tables_1,55.150000000000006,55.150000000000006,55.150000000000006,BOL,sex_avg
BOL,1990,1,hld_n_tables_1,59.599999999999994,60.599999999999994,55.150000000000006,BOL,sex_avg
BOL,1990,5,hld_n_tables_1,59.515,64.515,55.150000000000006,BOL,sex_avg
BOL,1990,15,hld_n_tables_1,51.045,66.045,55.150000000000006,BOL,sex_avg
BOL,1990,20,hld_n_tables_1,46.81,66.81,55.150000000000006,BOL,sex_avg
BOL,1990,30,hld_n_tables_1,38.715,68.715,55.150000000000006,BOL,sex_avg
BOL,1990,50,hld_n_tables_1,22.735,72.735,55.150000000000006,BOL,sex_avg
BOL,1990,65,hld_n_tables_1,12.29,77.28999999999999,55.150000000000006,BOL,sex_avg
BOL,2000,0,hld_n_tables_1,60.74,60.74,60.74,BOL,sex_avg
BOL,2000,1,hld_n_tables_1,64.03,65.03,60.74,BOL,sex_avg
BOL,2000,5,hld_n_tables_1,63.09,68.09,60.74,BOL,sex_avg
BOL,2000,15,hld_n_tables_1,54.4,69.4,60.74,BOL,sex_avg
BOL,2000,20,hld_n_tables_1,50.035,70.035,60.74,BOL,sex_avg
BOL,2000,30,hld_n_tables_1,41.614999999999995,71.615,60.74,BOL,sex_avg
BOL,2000,50,hld_n_tables_1,25.165,75.16499999999999,60.74,BOL,sex_avg
BOL,2000,65,hld_n_tables_1,14.385,79.38499999999999,60.74,BOL,sex_avg
BOL,2010,0,hld_n_tables_1,66.38499999999999,66.38499999999999,66.38499999999999,BOL,sex_avg
BOL,2010,1,hld_n_tables_1,68.58,69.58,66.38499999999999,BOL,sex_avg
BOL,2010,5,hld_n_tables_1,66.87,71.87,66.38499999999999,BOL,sex_avg
BOL,2010,15,hld_n_tables_1,57.97,72.97,66.38499999999999,BOL,sex_avg
BOL,2010,20,hld_n_tables_1,53.49,73.49000000000001,66.38499999999999,BOL,sex_avg
BOL,2010,30,hld_n_tables_1,44.795,74.795,66.38499999999999,BOL,sex_avg
BOL,2010,50,hld_n_tables_1,28.0,78.0,66.38499999999999,BOL,sex_avg
BOL,2010,65,hld_n_tables_1,16.994999999999997,81.995,66.38499999999999,BOL,sex_avg
BRA,1950,0,hld_n_tables_1,49.985,49.985,49.985,BRA,sex_avg
BRA,1950,1,hld_n_tables_1,57.135000000000005,58.135000000000005,49.985,BRA,sex_avg
BRA,1950,5,hld_n_tables_1,57.06,62.06,49.985,BRA,sex_avg
BRA,1950,15,hld_n_tables_1,48.485,63.485,49.985,BRA,sex_avg
BRA,1950,20,hld_n_tables_1,44.135000000000005,64.135,49.985,BRA,sex_avg
BRA,1950,30,hld_n_tables_1,36.095,66.095,49.985,BRA,sex_avg
BRA,1950,50,hld_n_tables_1,21.28,71.28,49.985,BRA,sex_avg
BRA,1950,65,hld_n_tables_1,11.879999999999999,76.88,49.985,BRA,sex_avg
BRA,1960,0,hld_n_tables_1,54.375,54.375,54.375,BRA,sex_avg
BRA,1960,1,hld_n_tables_1,60.480000000000004,61.480000000000004,54.375,BRA,sex_avg
BRA,1960,5,hld_n_tables_1,59.775000000000006,64.775,54.375,BRA,sex_avg
BRA,1960,15,hld_n_tables_1,50.96,65.96000000000001,54.375,BRA,sex_avg
BRA,1960,20,hld_n_tables_1,46.504999999999995,66.505,54.375,BRA,sex_avg
BRA,1960,30,hld_n_tables_1,38.144999999999996,68.14500000000001,54.375,BRA,sex_avg
BRA,1960,50,hld_n_tables_1,22.535,72.535,54.375,BRA,sex_avg
BRA,1960,65,hld_n_tables_1,12.59,77.59,54.375,BRA,sex_avg
BRA,1970,0,hld_n_tables_1,59.44,59.44,59.44,BRA,sex_avg
BRA,1970,1,hld_n_tables_1,64.66499999999999,65.66499999999999,59.44,BRA,sex_avg
BRA,1970,5,hld_n_tables_1,63.14,68.14,59.44,BRA,sex_avg
BRA,1970,15,hld_n_tables_1,53.894999999999996,68.895,59.44,BRA,sex_avg
BRA,1970,20,hld_n_tables_1,49.25,69.25,59.44,BRA,sex_avg
BRA,1970,30,hld_n_tables_1,40.345,70.345,59.44,BRA,sex_avg
BRA,1970,50,hld_n_tables_1,23.645,73.645,59.44,BRA,sex_avg
BRA,1970,65,hld_n_tables_1,13.094999999999999,78.095,59.44,BRA,sex_avg
BRA,1980,0,hld_n_tables_1,62.06999999999999,62.06999999999999,62.06999999999999,BRA,sex_avg
BRA,1980,1,hld_n_tables_1,66.355,67.355,62.06999999999999,BRA,sex_avg
BRA,1980,5,hld_n_tables_1,63.445,68.445,62.06999999999999,BRA,sex_avg
BRA,1980,15,hld_n_tables_1,53.96,68.96000000000001,62.06999999999999,BRA,sex_avg
BRA,1980,20,hld_n_tables_1,49.28,69.28,62.06999999999999,BRA,sex_avg
BRA,1980,30,hld_n_tables_1,40.265,70.265,62.06999999999999,BRA,sex_avg
BRA,1980,50,hld_n_tables_1,23.439999999999998,73.44,62.06999999999999,BRA,sex_avg
BRA,1980,65,hld_n_tables_1,12.84,77.84,62.06999999999999,BRA,sex_avg
BRA,1990,0,hld_n_tables_1,65.545,65.545,65.545,BRA,sex_avg
BRA,1990,1,hld_n_tables_1,67.84,68.84,65.545,BRA,sex_avg
BRA,1990,5,hld_n_tables_1,64.365,69.36500000000001,65.545,BRA,sex_avg
BRA,1990,15,hld_n_tables_1,54.739999999999995,69.74,65.545,BRA,sex_avg
BRA,1990,20,hld_n_tables_1,50.025000000000006,70.025,65.545,BRA,sex_avg
BRA,1990,30,hld_n_tables_1,40.915,70.91499999999999,65.545,BRA,sex_avg
BRA,1990,50,hld_n_tables_1,23.854999999999997,73.85499999999999,65.545,BRA,sex_avg
BRA,1990,65,hld_n_tables_1,13.16,78.16,65.545,BRA,sex_avg
BRA,1991,0,hld_n_tables_1,66.15,66.15,66.15,BRA,sex_avg
BRA,1991,1,hld_n_tables_1,68.22,69.22,66.15,BRA,sex_avg
BRA,1991,5,hld_n_tables_1,64.675,69.675,66.15,BRA,sex_avg
BRA,1991,15,hld_n_tables_1,54.995000000000005,69.995,66.15,BRA,sex_avg
BRA,1991,20,hld_n_tables_1,50.32,70.32,66.15,BRA,sex_avg
BRA,1991,30,hld_n_tables_1,41.29,71.28999999999999,66.15,BRA,sex_avg
BRA,1991,50,hld_n_tables_1,24.205,74.205,66.15,BRA,sex_avg
BRA,1991,65,hld_n_tables_1,13.32,78.32,66.15,BRA,sex_avg
BRB,1959,0,hld_n_tables_1,64.97,64.97,64.97,BRB,sex_avg
BRB,1959,1,hld_n_tables_1,68.975,69.975,64.97,BRB,sex_avg
BRB,1959,5,hld_n_tables_1,66.02,71.02,64.97,BRB,sex_avg
BRB,1959,15,hld_n_tables_1,56.415,71.41499999999999,64.97,BRB,sex_avg
BRB,1959,20,hld_n_tables_1,51.629999999999995,71.63,64.97,BRB,sex_avg
BRB,1959,30,hld_n_tables_1,42.265,72.265,64.97,BRB,sex_avg
BRB,1959,50,hld_n_tables_1,24.67,74.67,64.97,BRB,sex_avg
BRB,1959,65,hld_n_tables_1,13.715,78.715,64.97,BRB,sex_avg
BRB,1962,0,hld_n_tables_1,66.095,66.095,66.095,BRB,sex_avg
BRB,1962,1,hld_n_tables_1,69.045,70.045,66.095,BRB,sex_avg
BRB,1962,5,hld_n_tables_1,65.94500000000001,70.94500000000001,66.095,BRB,sex_avg
BRB,1962,15,hld_n_tables_1,56.349999999999994,71.35,66.095,BRB,sex_avg
BRB,1962,20,hld_n_tables_1,51.55,71.55000000000001,66.095,BRB,sex_avg
BRB,1962,30,hld_n_tables_1,42.235,72.235,66.095,BRB,sex_avg
BRB,1962,50,hld_n_tables_1,24.384999999999998,74.38499999999999,66.095,BRB,sex_avg
BRB,1962,65,hld_n_tables_1,13.61,78.61,66.095,BRB,sex_avg
BRB,1963,0,hld_n_tables_1,66.42,66.42,66.42,BRB,sex_avg
BRB,1963,1,hld_n_tables_1,69.735,70.735,66.42,BRB,sex_avg
BRB,1963,5,hld_n_tables_1,66.72999999999999,71.72999999999999,66.42,BRB,sex_avg
BRB,1963,15,hld_n_tables_1,57.06,72.06,66.42,BRB,sex_avg
BRB,1963,20,hld_n_tables_1,52.205,72.205,66.42,BRB,sex_avg
BRB,1963,30,hld_n_tables_1,42.785,72.785,66.42,BRB,sex_avg
BRB,1963,50,hld_n_tables_1,25.155,75.155,66.42,BRB,sex_avg
BRB,1963,65,hld_n_tables_1,13.785,78.785,66.42,BRB,sex_avg
BRB,1965,0,hld_n_tables_1,68.96000000000001,68.96000000000001,68.96000000000001,BRB,sex_avg
BRB,1965,1,hld_n_tables_1,70.74000000000001,71.74000000000001,68.96000000000001,BRB,sex_avg
BRB,1965,5,hld_n_tables_1,67.35,72.35,68.96000000000001,BRB,sex_avg
BRB,1965,15,hld_n_tables_1,57.62,72.62,68.96000000000001,BRB,sex_avg
BRB,1965,20,hld_n_tables_1,52.775,72.775,68.96000000000001,BRB,sex_avg
BRB,1965,30,hld_n_tables_1,43.269999999999996,73.27,68.96000000000001,BRB,sex_avg
BRB,1965,50,hld_n_tables_1,25.415,75.41499999999999,68.96000000000001,BRB,sex_avg
BRB,1965,65,hld_n_tables_1,13.940000000000001,78.94,68.96000000000001,BRB,sex_avg
BWA,2006,0,hld_n_tables_1,48.620000000000005,48.620000000000005,48.620000000000005,BWA,sex_avg
BWA,2006,1,hld_n_tables_1,50.115,51.115,48.620000000000005,BWA,sex_avg
BWA,2006,5,hld_n_tables_1,47.445,52.445,48.620000000000005,BWA,sex_avg
BWA,2006,15,hld_n_tables_1,38.1,53.1,48.620000000000005,BWA,sex_avg
BWA,2006,20,hld_n_tables_1,33.44,53.44,48.620000000000005,BWA,sex_avg
BWA,2006,30,hld_n_tables_1,26.295,56.295,48.620000000000005,BWA,sex_avg
BWA,2006,50,hld_n_tables_1,19.475,69.475,48.620000000000005,BWA,sex_avg
BWA,2006,65,hld_n_tables_1,10.72,75.72,48.620000000000005,BWA,sex_avg
CAN,1930,0,hld_n_tables_1,60.084999999999994,60.084999999999994,60.084999999999994,Canada,sex_avg
CAN,1930,1,hld_n_tables_1,65.07,66.07,60.084999999999994,Canada,sex_avg
CAN,1930,5,hld_n_tables_1,62.655,67.655,60.084999999999994,Canada,sex_avg
CAN,1930,15,hld_n_tables_1,53.69,68.69,60.084999999999994,Canada,sex_avg
CAN,1930,20,hld_n_tables_1,49.32,69.32,60.084999999999994,Canada,sex_avg
CAN,1930,30,hld_n_tables_1,40.879999999999995,70.88,60.084999999999994,Canada,sex_avg
CAN,1930,50,hld_n_tables_1,24.16,74.16,60.084999999999994,Canada,sex_avg
CAN,1930,65,hld_n_tables_1,13.254999999999999,78.255,60.084999999999994,Canada,sex_avg
CAN,1940,0,hld_n_tables_1,63.935,63.935,63.935,Canada,sex_avg
CAN,1940,1,hld_n_tables_1,67.295,68.295,63.935,Canada,sex_avg
CAN,1940,5,hld_n_tables_1,64.365,69.36500000000001,63.935,Canada,sex_avg
CAN,1940,15,hld_n_tables_1,55.125,70.125,63.935,Canada,sex_avg
CAN,1940,20,hld_n_tables_1,50.575,70.575,63.935,Canada,sex_avg
CAN,1940,30,hld_n_tables_1,41.685,71.685,63.935,Canada,sex_avg
CAN,1940,50,hld_n_tables_1,24.395000000000003,74.39500000000001,63.935,Canada,sex_avg
CAN,1940,65,hld_n_tables_1,13.370000000000001,78.37,63.935,Canada,sex_avg
CAN,1950,0,hld_n_tables_1,68.33,68.33,68.33,Canada,sex_avg
CAN,1950,1,hld_n_tables_1,70.215,71.215,68.33,Canada,sex_avg
CAN,1950,5,hld_n_tables_1,66.72,71.72,68.33,Canada,sex_avg
CAN,1950,15,hld_n_tables_1,57.18,72.18,68.33,Canada,sex_avg
CAN,1950,20,hld_n_tables_1,52.47,72.47,68.33,Canada,sex_avg
CAN,1950,30,hld_n_tables_1,43.135000000000005,73.135,68.33,Canada,sex_avg
CAN,1950,50,hld_n_tables_1,25.19,75.19,68.33,Canada,sex_avg
CAN,1950,65,hld_n_tables_1,13.995000000000001,78.995,68.33,Canada,sex_avg
CAN,1951,0,hld_n_tables_1,68.58500000000001,68.58500000000001,68.58500000000001,Canada,sex_avg
CAN,1951,1,hld_n_tables_1,70.33,71.33,68.58500000000001,Canada,sex_avg
CAN,1951,5,hld_n_tables_1,66.83,71.83,68.58500000000001,Canada,sex_avg
CAN,1951,15,hld_n_tables_1,57.29,72.28999999999999,68.58500000000001,Canada,sex_avg
CAN,1951,20,hld_n_tables_1,52.584999999999994,72.585,68.58500000000001,Canada,sex_avg
CAN,1951,30,hld_n_tables_1,43.265,73.265,68.58500000000001,Canada,sex_avg
CAN,1951,50,hld_n_tables_1,25.345,75.345,68.58500000000001,Canada,sex_avg
CAN,1951,65,hld_n_tables_1,14.184999999999999,79.185,68.58500000000001,Canada,sex_avg
CAN,1956,0,hld_n_tables_1,70.265,70.265,70.265,Canada,sex_avg
CAN,1956,1,hld_n_tables_1,71.515,72.515,70.265,Canada,sex_avg
CAN,1956,5,hld_n_tables_1,67.9,72.9,70.265,Canada,sex_avg
CAN,1956,15,hld_n_tables_1,58.25,73.25,70.265,Canada,sex_avg
CAN,1956,20,hld_n_tables_1,53.489999999999995,73.49,70.265,Canada,sex_avg
CAN,1956,30,hld_n_tables_1,44.075,74.07499999999999,70.265,Canada,sex_avg
CAN,1956,50,hld_n_tables_1,25.86,75.86,70.265,Canada,sex_avg
CAN,1956,65,hld_n_tables_1,14.525,79.525,70.265,Canada,sex_avg
CAN,1961,0,hld_n_tables_1,71.25999999999999,71.25999999999999,71.25999999999999,Canada,sex_avg
CAN,1961,1,hld_n_tables_1,72.24000000000001,73.24000000000001,71.25999999999999,Canada,sex_avg
CAN,1961,5,hld_n_tables_1,68.55,73.55,71.25999999999999,Canada,sex_avg
CAN,1961,15,hld_n_tables_1,58.855000000000004,73.85499999999999,71.25999999999999,Canada,sex_avg
CAN,1961,20,hld_n_tables_1,54.08,74.08,71.25999999999999,Canada,sex_avg
CAN,1961,30,hld_n_tables_1,44.605000000000004,74.605,71.25999999999999,Canada,sex_avg
CAN,1961,50,hld_n_tables_1,26.295,76.295,71.25999999999999,Canada,sex_avg
CAN,1961,65,hld_n_tables_1,14.84,79.84,71.25999999999999,Canada,sex_avg
CAN,1963,0,hld_n_tables_1,71.22,71.22,71.22,Canada,sex_avg
CAN,1963,1,hld_n_tables_1,72.055,73.055,71.22,Canada,sex_avg
CAN,1963,5,hld_n_tables_1,68.35,73.35,71.22,Canada,sex_avg
CAN,1963,15,hld_n_tables_1,58.655,73.655,71.22,Canada,sex_avg
CAN,1963,20,hld_n_tables_1,53.89,73.89,71.22,Canada,sex_avg
CAN,1963,30,hld_n_tables_1,44.445,74.445,71.22,Canada,sex_avg
CAN,1963,50,hld_n_tables_1,26.105,76.105,71.22,Canada,sex_avg
CAN,1963,65,hld_n_tables_1,14.605,79.60499999999999,71.22,Canada,sex_avg
CAN,1964,0,hld_n_tables_1,71.505,71.505,71.505,Canada,sex_avg
CAN,1964,1,hld_n_tables_1,72.25,73.25,71.505,Canada,sex_avg
CAN,1964,5,hld_n_tables_1,68.53999999999999,73.53999999999999,71.505,Canada,sex_avg
CAN,1964,15,hld_n_tables_1,58.825,73.82499999999999,71.505,Canada,sex_avg
CAN,1964,20,hld_n_tables_1,54.055,74.05499999999999,71.505,Canada,sex_avg
CAN,1964,30,hld_n_tables_1,44.6,74.6,71.505,Canada,sex_avg
CAN,1964,50,hld_n_tables_1,26.265,76.265,71.505,Canada,sex_avg
CAN,1964,65,hld_n_tables_1,14.780000000000001,79.78,71.505,Canada,sex_avg
CAN,1965,0,hld_n_tables_1,71.645,71.645,71.645,Canada,sex_avg
CAN,1965,1,hld_n_tables_1,72.25,73.25,71.645,Canada,sex_avg
CAN,1965,5,hld_n_tables_1,68.52,73.52,71.645,Canada,sex_avg
CAN,1965,15,hld_n_tables_1,58.815,73.815,71.645,Canada,sex_avg
CAN,1965,20,hld_n_tables_1,54.05,74.05,71.645,Canada,sex_avg
CAN,1965,30,hld_n_tables_1,44.6,74.6,71.645,Canada,sex_avg
CAN,1965,50,hld_n_tables_1,26.259999999999998,76.25999999999999,71.645,Canada,sex_avg
CAN,1965,65,hld_n_tables_1,14.745000000000001,79.745,71.645,Canada,sex_avg
CAN,1966,0,hld_n_tables_1,71.96000000000001,71.96000000000001,71.96000000000001,Canada,sex_avg
CAN,1966,1,hld_n_tables_1,72.62,73.62,71.96000000000001,Canada,sex_avg
CAN,1966,5,hld_n_tables_1,68.895,73.895,71.96000000000001,Canada,sex_avg
CAN,1966,15,hld_n_tables_1,59.19,74.19,71.96000000000001,Canada,sex_avg
CAN,1966,20,hld_n_tables_1,54.43,74.43,71.96000000000001,Canada,sex_avg
CAN,1966,30,hld_n_tables_1,44.985,74.985,71.96000000000001,Canada,sex_avg
CAN,1966,50,hld_n_tables_1,26.675,76.675,71.96000000000001,Canada,sex_avg
CAN,1966,65,hld_n_tables_1,15.21,80.21000000000001,71.96000000000001,Canada,sex_avg
CAN,1971,0,hld_n_tables_1,72.845,72.845,72.845,Canada,sex_avg
CAN,1971,1,hld_n_tables_1,73.155,74.155,72.845,Canada,sex_avg
CAN,1971,5,hld_n_tables_1,69.39500000000001,74.39500000000001,72.845,Canada,sex_avg
CAN,1971,15,hld_n_tables_1,59.67,74.66999999999999,72.845,Canada,sex_avg
CAN,1971,20,hld_n_tables_1,54.94,74.94,72.845,Canada,sex_avg
CAN,1971,30,hld_n_tables_1,45.5,75.5,72.845,Canada,sex_avg
CAN,1971,50,hld_n_tables_1,27.2,77.19999999999999,72.845,Canada,sex_avg
CAN,1971,65,hld_n_tables_1,15.629999999999999,80.63,72.845,Canada,sex_avg
CHE,1901,0,hld_n_tables_1,50.835,50.835,50.835,Switzerland,sex_avg
CHE,1901,1,hld_n_tables_1,57.065,58.065,50.835,Switzerland,sex_avg
CHE,1901,5,hld_n_tables_1,55.519999999999996,60.519999999999996,50.835,Switzerland,sex_avg
CHE,1901,15,hld_n_tables_1,46.92,61.92,50.835,Switzerland,sex_avg
CHE,1901,20,hld_n_tables_1,42.879999999999995,62.879999999999995,50.835,Switzerland,sex_avg
CHE,1901,30,hld_n_tables_1,35.16,65.16,50.835,Switzerland,sex_avg
CHE,1901,50,hld_n_tables_1,20.064999999999998,70.065,50.835,Switzerland,sex_avg
CHE,1901,65,hld_n_tables_1,10.809999999999999,75.81,50.835,Switzerland,sex_avg
CHE,1921,0,hld_n_tables_1,59.94,59.94,59.94,Switzerland,sex_avg
CHE,1921,1,hld_n_tables_1,62.705,63.705000000000005,59.94,Switzerland,sex_avg
CHE,1921,5,hld_n_tables_1,59.985,64.985,59.94,Switzerland,sex_avg
CHE,1921,15,hld_n_tables_1,50.925,65.925,59.94,Switzerland,sex_avg
CHE,1921,20,hld_n_tables_1,46.595,66.595,59.94,Switzerland,sex_avg
CHE,1921,30,hld_n_tables_1,38.245000000000005,68.245,59.94,Switzerland,sex_avg
CHE,1921,50,hld_n_tables_1,21.815,71.815,59.94,Switzerland,sex_avg
CHE,1921,65,hld_n_tables_1,11.725000000000001,76.725,59.94,Switzerland,sex_avg
CHE,1933,0,hld_n_tables_1,62.78,62.78,62.78,Switzerland,sex_avg
CHE,1933,1,hld_n_tables_1,65.05,66.05,62.78,Switzerland,sex_avg
CHE,1933,5,hld_n_tables_1,61.870000000000005,66.87,62.78,Switzerland,sex_avg
CHE,1933,15,hld_n_tables_1,52.665,67.66499999999999,62.78,Switzerland,sex_avg
CHE,1933,20,hld_n_tables_1,48.205,68.205,62.78,Switzerland,sex_avg
CHE,1933,30,hld_n_tables_1,39.605000000000004,69.60499999999999,62.78,Switzerland,sex_avg
CHE,1933,50,hld_n_tables_1,22.705,72.705,62.78,Switzerland,sex_avg
CHE,1933,65,hld_n_tables_1,12.215,77.215,62.78,Switzerland,sex_avg
CHE,1953,0,hld_n_tables_1,69.735,69.735,69.735,Switzerland,sex_avg
CHE,1953,1,hld_n_tables_1,70.74000000000001,71.74000000000001,69.735,Switzerland,sex_avg
CHE,1953,5,hld_n_tables_1,67.175,72.175,69.735,Switzerland,sex_avg
CHE,1953,15,hld_n_tables_1,57.515,72.515,69.735,Switzerland,sex_avg
CHE,1953,20,hld_n_tables_1,52.74,72.74000000000001,69.735,Switzerland,sex_avg
CHE,1953,30,hld_n_tables_1,43.345,73.345,69.735,Switzerland,sex_avg
CHE,1953,50,hld_n_tables_1,25.085,75.08500000000001,69.735,Switzerland,sex_avg
CHE,1953,65,hld_n_tables_1,13.535,78.535,69.735,Switzerland,sex_avg
CHE,1956,0,hld_n_tables_1,70.555,70.555,70.555,Switzerland,sex_avg
CHE,1956,1,hld_n_tables_1,71.25999999999999,72.25999999999999,70.555,Switzerland,sex_avg
CHE,1956,5,hld_n_tables_1,67.65,72.65,70.555,Switzerland,sex_avg
CHE,1956,15,hld_n_tables_1,57.975,72.975,70.555,Switzerland,sex_avg
CHE,1956,20,hld_n_tables_1,53.195,73.195,70.555,Switzerland,sex_avg
CHE,1956,30,hld_n_tables_1,43.79,73.79,70.555,Switzerland,sex_avg
CHE,1956,50,hld_n_tables_1,25.42,75.42,70.555,Switzerland,sex_avg
CHE,1956,65,hld_n_tables_1,13.73,78.72999999999999,70.555,Switzerland,sex_avg
CHE,1959,0,hld_n_tables_1,71.44,71.44,71.44,Switzerland,sex_avg
CHE,1959,1,hld_n_tables_1,72.14,73.14,71.44,Switzerland,sex_avg
CHE,1959,5,hld_n_tables_1,68.485,73.485,71.44,Switzerland,sex_avg
CHE,1959,15,hld_n_tables_1,58.765,73.765,71.44,Switzerland,sex_avg
CHE,1959,20,hld_n_tables_1,53.97,73.97,71.44,Switzerland,sex_avg
CHE,1959,30,hld_n_tables_1,44.475,74.475,71.44,Switzerland,sex_avg
CHE,1959,50,hld_n_tables_1,26.005,76.005,71.44,Switzerland,sex_avg
CHE,1959,65,hld_n_tables_1,14.23,79.22999999999999,71.44,Switzerland,sex_avg
CHE,1962,0,hld_n_tables_1,71.225,71.225,71.225,Switzerland,sex_avg
CHE,1962,1,hld_n_tables_1,71.99000000000001,72.99000000000001,71.225,Switzerland,sex_avg
CHE,1962,5,hld_n_tables_1,68.325,73.325,71.225,Switzerland,sex_avg
CHE,1962,15,hld_n_tables_1,58.629999999999995,73.63,71.225,Switzerland,sex_avg
CHE,1962,20,hld_n_tables_1,53.86,73.86,71.225,Switzerland,sex_avg
CHE,1962,30,hld_n_tables_1,44.34,74.34,71.225,Switzerland,sex_avg
CHE,1962,50,hld_n_tables_1,25.89,75.88999999999999,71.225,Switzerland,sex_avg
CHE,1962,65,hld_n_tables_1,14.175,79.175,71.225,Switzerland,sex_avg
CHE,1963,0,hld_n_tables_1,71.16999999999999,71.16999999999999,71.16999999999999,Switzerland,sex_avg
CHE,1963,1,hld_n_tables_1,71.955,72.955,71.16999999999999,Switzerland,sex_avg
CHE,1963,5,hld_n_tables_1,68.28,73.28,71.16999999999999,Switzerland,sex_avg
CHE,1963,15,hld_n_tables_1,58.575,73.575,71.16999999999999,Switzerland,sex_avg
CHE,1963,20,hld_n_tables_1,53.78,73.78,71.16999999999999,Switzerland,sex_avg
CHE,1963,30,hld_n_tables_1,44.239999999999995,74.24000000000001,71.16999999999999,Switzerland,sex_avg
CHE,1963,50,hld_n_tables_1,25.8,75.8,71.16999999999999,Switzerland,sex_avg
CHE,1963,65,hld_n_tables_1,14.04,79.03999999999999,71.16999999999999,Switzerland,sex_avg
CHE,1964,0,hld_n_tables_1,71.86500000000001,71.86500000000001,71.86500000000001,Switzerland,sex_avg
CHE,1964,1,hld_n_tables_1,72.555,73.555,71.86500000000001,Switzerland,sex_avg
CHE,1964,5,hld_n_tables_1,68.86500000000001,73.86500000000001,71.86500000000001,Switzerland,sex_avg
CHE,1964,15,hld_n_tables_1,59.14,74.14,71.86500000000001,Switzerland,sex_avg
CHE,1964,20,hld_n_tables_1,54.335,74.33500000000001,71.86500000000001,Switzerland,sex_avg
CHE,1964,30,hld_n_tables_1,44.8,74.80000000000001,71.86500000000001,Switzerland,sex_avg
CHE,1964,50,hld_n_tables_1,26.29,76.28999999999999,71.86500000000001,Switzerland,sex_avg
CHE,1964,65,hld_n_tables_1,14.42,79.42,71.86500000000001,Switzerland,sex_avg
CHE,1970,0,hld_n_tables_1,73.18,73.18,73.18,Switzerland,sex_avg
CHE,1970,1,hld_n_tables_1,73.25999999999999,74.25999999999999,73.18,Switzerland,sex_avg
CHE,1970,5,hld_n_tables_1,69.5,74.5,73.18,Switzerland,sex_avg
CHE,1970,15,hld_n_tables_1,59.79,74.79,73.18,Switzerland,sex_avg
CHE,1970,20,hld_n_tables_1,55.03,75.03,73.18,Switzerland,sex_avg
CHE,1970,30,hld_n_tables_1,45.510000000000005,75.51,73.18,Switzerland,sex_avg
CHE,1970,50,hld_n_tables_1,26.92,76.92,73.18,Switzerland,sex_avg
CHE,1970,65,hld_n_tables_1,14.875,79.875,73.18,Switzerland,sex_avg
CHE,1971,0,hld_n_tables_1,73.495,73.495,73.495,Switzerland,sex_avg
CHE,1971,1,hld_n_tables_1,73.51,74.51,73.495,Switzerland,sex_avg
CHE,1971,5,hld_n_tables_1,69.765,74.765,73.495,Switzerland,sex_avg
CHE,1971,15,hld_n_tables_1,60.04,75.04,73.495,Switzerland,sex_avg
CHE,1971,20,hld_n_tables_1,55.285,75.285,73.495,Switzerland,sex_avg
CHE,1971,30,hld_n_tables_1,45.775000000000006,75.775,73.495,Switzerland,sex_avg
CHE,1971,50,hld_n_tables_1,27.17,77.17,73.495,Switzerland,sex_avg
CHE,1971,65,hld_n_tables_1,15.075,80.075,73.495,Switzerland,sex_avg
CHE,1976,0,hld_n_tables_1,75.135,75.135,75.135,Switzerland,sex_avg
CHE,1976,1,hld_n_tables_1,74.91,75.91,75.135,Switzerland,sex_avg
CHE,1976,5,hld_n_tables_1,71.07,76.07,75.135,Switzerland,sex_avg
CHE,1976,15,hld_n_tables_1,61.275000000000006,76.275,75.135,Switzerland,sex_avg
CHE,1976,20,hld_n_tables_1,56.485,76.485,75.135,Switzerland,sex_avg
CHE,1976,30,hld_n_tables_1,46.974999999999994,76.975,75.135,Switzerland,sex_avg
CHE,1976,50,hld_n_tables_1,28.22,78.22,75.135,Switzerland,sex_avg
CHE,1976,65,hld_n_tables_1,15.940000000000001,80.94,75.135,Switzerland,sex_avg
CHE,1980,0,hld_n_tables_1,75.69,75.69,75.69,Switzerland,sex_avg
CHE,1980,1,hld_n_tables_1,75.315,76.315,75.69,Switzerland,sex_avg
CHE,1980,5,hld_n_tables_1,71.465,76.465,75.69,Switzerland,sex_avg
CHE,1980,15,hld_n_tables_1,61.655,76.655,75.69,Switzerland,sex_avg
CHE,1980,20,hld_n_tables_1,56.86,76.86,75.69,Switzerland,sex_avg
CHE,1980,30,hld_n_tables_1,47.395,77.39500000000001,75.69,Switzerland,sex_avg
CHE,1980,50,hld_n_tables_1,28.62,78.62,75.69,Switzerland,sex_avg
CHE,1980,65,hld_n_tables_1,16.285,81.285,75.69,Switzerland,sex_avg
CHE,1981,0,hld_n_tables_1,76.14,76.14,76.14,Switzerland,sex_avg
CHE,1981,1,hld_n_tables_1,75.715,76.715,76.14,Switzerland,sex_avg
CHE,1981,5,hld_n_tables_1,71.865,76.865,76.14,Switzerland,sex_avg
CHE,1981,15,hld_n_tables_1,62.04,77.03999999999999,76.14,Switzerland,sex_avg
CHE,1981,20,hld_n_tables_1,57.25,77.25,76.14,Switzerland,sex_avg
CHE,1981,30,hld_n_tables_1,47.79,77.78999999999999,76.14,Switzerland,sex_avg
CHE,1981,50,hld_n_tables_1,29.005000000000003,79.005,76.14,Switzerland,sex_avg
CHE,1981,65,hld_n_tables_1,16.645,81.64500000000001,76.14,Switzerland,sex_avg
CHE,1982,0,hld_n_tables_1,76.145,76.145,76.145,Switzerland,sex_avg
CHE,1982,1,hld_n_tables_1,75.72999999999999,76.72999999999999,76.145,Switzerland,sex_avg
CHE,1982,5,hld_n_tables_1,71.87,76.87,76.145,Switzerland,sex_avg
CHE,1982,15,hld_n_tables_1,62.035000000000004,77.035,76.145,Switzerland,sex_avg
CHE,1982,20,hld_n_tables_1,57.24,77.24000000000001,76.145,Switzerland,sex_avg
CHE,1982,30,hld_n_tables_1,47.790000000000006,77.78999999999999,76.145,Switzerland,sex_avg
CHE,1982,50,hld_n_tables_1,28.98,78.98,76.145,Switzerland,sex_avg
CHE,1982,65,hld_n_tables_1,16.56,81.56,76.145,Switzerland,sex_avg
CHE,1983,0,hld_n_tables_1,76.405,76.405,76.405,Switzerland,sex_avg
CHE,1983,1,hld_n_tables_1,75.97,76.97,76.405,Switzerland,sex_avg
CHE,1983,5,hld_n_tables_1,72.12,77.12,76.405,Switzerland,sex_avg
CHE,1983,15,hld_n_tables_1,62.285,77.285,76.405,Switzerland,sex_avg
CHE,1983,20,hld_n_tables_1,57.485,77.485,76.405,Switzerland,sex_avg
CHE,1983,30,hld_n_tables_1,48.015,78.015,76.405,Switzerland,sex_avg
CHE,1983,50,hld_n_tables_1,29.195,79.195,76.405,Switzerland,sex_avg
CHE,1983,65,hld_n_tables_1,16.759999999999998,81.75999999999999,76.405,Switzerland,sex_avg
CHE,1984,0,hld_n_tables_1,76.75,76.75,76.75,Switzerland,sex_avg
CHE,1984,1,hld_n_tables_1,76.28999999999999,77.28999999999999,76.75,Switzerland,sex_avg
CHE,1984,5,hld_n_tables_1,72.435,77.435,76.75,Switzerland,sex_avg
CHE,1984,15,hld_n_tables_1,62.595,77.595,76.75,Switzerland,sex_avg
CHE,1984,20,hld_n_tables_1,57.785,77.785,76.75,Switzerland,sex_avg
CHE,1984,30,hld_n_tables_1,48.28,78.28,76.75,Switzerland,sex_avg
CHE,1984,50,hld_n_tables_1,29.455,79.455,76.75,Switzerland,sex_avg
CHE,1984,65,hld_n_tables_1,16.98,81.98,76.75,Switzerland,sex_avg
CHE,1985,0,hld_n_tables_1,76.935,76.935,76.935,Switzerland,sex_avg
CHE,1985,1,hld_n_tables_1,76.465,77.465,76.935,Switzerland,sex_avg
CHE,1985,5,hld_n_tables_1,72.605,77.605,76.935,Switzerland,sex_avg
CHE,1985,15,hld_n_tables_1,62.765,77.76500000000001,76.935,Switzerland,sex_avg
CHE,1985,20,hld_n_tables_1,57.96,77.96000000000001,76.935,Switzerland,sex_avg
CHE,1985,30,hld_n_tables_1,48.45,78.45,76.935,Switzerland,sex_avg
CHE,1985,50,hld_n_tables_1,29.605000000000004,79.605,76.935,Switzerland,sex_avg
CHE,1985,65,hld_n_tables_1,17.064999999999998,82.065,76.935,Switzerland,sex_avg
CHE,1986,0,hld_n_tables_1,77.18,77.18,77.18,Switzerland,sex_avg
CHE,1986,1,hld_n_tables_1,76.7,77.7,77.18,Switzerland,sex_avg
CHE,1986,5,hld_n_tables_1,72.83500000000001,77.83500000000001,77.18,Switzerland,sex_avg
CHE,1986,15,hld_n_tables_1,62.97,77.97,77.18,Switzerland,sex_avg
CHE,1986,20,hld_n_tables_1,58.17,78.17,77.18,Switzerland,sex_avg
CHE,1986,30,hld_n_tables_1,48.675,78.675,77.18,Switzerland,sex_avg
CHE,1986,50,hld_n_tables_1,29.84,79.84,77.18,Switzerland,sex_avg
CHE,1986,65,hld_n_tables_1,17.255000000000003,82.255,77.18,Switzerland,sex_avg
CHE,1987,0,hld_n_tables_1,77.325,77.325,77.325,Switzerland,sex_avg
CHE,1987,1,hld_n_tables_1,76.85,77.85,77.325,Switzerland,sex_avg
CHE,1987,5,hld_n_tables_1,72.97,77.97,77.325,Switzerland,sex_avg
CHE,1987,15,hld_n_tables_1,63.105000000000004,78.105,77.325,Switzerland,sex_avg
CHE,1987,20,hld_n_tables_1,58.295,78.29499999999999,77.325,Switzerland,sex_avg
CHE,1987,30,hld_n_tables_1,48.825,78.825,77.325,Switzerland,sex_avg
CHE,1987,50,hld_n_tables_1,30.0,80.0,77.325,Switzerland,sex_avg
CHE,1987,65,hld_n_tables_1,17.39,82.39,77.325,Switzerland,sex_avg
CHE,1989,0,hld_n_tables_1,76.745,76.745,76.745,Switzerland,sex_avg
CHE,1989,1,hld_n_tables_1,76.315,77.315,76.745,Switzerland,sex_avg
CHE,1989,5,hld_n_tables_1,72.445,77.445,76.745,Switzerland,sex_avg
CHE,1989,15,hld_n_tables_1,62.585,77.58500000000001,76.745,Switzerland,sex_avg
CHE,1989,20,hld_n_tables_1,57.79,77.79,76.745,Switzerland,sex_avg
CHE,1989,30,hld_n_tables_1,48.33,78.33,76.745,Switzerland,sex_avg
CHE,1989,50,hld_n_tables_1,29.534999999999997,79.535,76.745,Switzerland,sex_avg
CHE,1989,65,hld_n_tables_1,17.060000000000002,82.06,76.745,Switzerland,sex_avg
CHE,1990,0,hld_n_tables_1,77.50999999999999,77.50999999999999,77.50999999999999,Switzerland,sex_avg
CHE,1990,1,hld_n_tables_1,77.015,78.015,77.50999999999999,Switzerland,sex_avg
CHE,1990,5,hld_n_tables_1,73.13,78.13,77.50999999999999,Switzerland,sex_avg
CHE,1990,15,hld_n_tables_1,63.269999999999996,78.27000000000001,77.50999999999999,Switzerland,sex_avg
CHE,1990,20,hld_n_tables_1,58.46,78.46000000000001,77.50999999999999,Switzerland,sex_avg
CHE,1990,30,hld_n_tables_1,49.015,79.015,77.50999999999999,Switzerland,sex_avg
CHE,1990,50,hld_n_tables_1,30.265,80.265,77.50999999999999,Switzerland,sex_avg
CHE,1990,65,hld_n_tables_1,17.565,82.565,77.50999999999999,Switzerland,sex_avg
CHE,1991,0,hld_n_tables_1,77.78,77.78,77.78,Switzerland,sex_avg
CHE,1991,1,hld_n_tables_1,77.27,78.27,77.78,Switzerland,sex_avg
CHE,1991,5,hld_n_tables_1,73.375,78.375,77.78,Switzerland,sex_avg
CHE,1991,15,hld_n_tables_1,63.51,78.50999999999999,77.78,Switzerland,sex_avg
CHE,1991,20,hld_n_tables_1,58.69,78.69,77.78,Switzerland,sex_avg
CHE,1991,30,hld_n_tables_1,49.245000000000005,79.245,77.78,Switzerland,sex_avg
CHE,1991,50,hld_n_tables_1,30.515,80.515,77.78,Switzerland,sex_avg
CHE,1991,65,hld_n_tables_1,17.785,82.785,77.78,Switzerland,sex_avg
CHE,1992,0,hld_n_tables_1,78.055,78.055,78.055,Switzerland,sex_avg
CHE,1992,1,hld_n_tables_1,77.515,78.515,78.055,Switzerland,sex_avg
CHE,1992,5,hld_n_tables_1,73.625,78.625,78.055,Switzerland,sex_avg
CHE,1992,15,hld_n_tables_1,63.745,78.745,78.055,Switzerland,sex_avg
CHE,1992,20,hld_n_tables_1,58.91,78.91,78.055,Switzerland,sex_avg
CHE,1992,30,hld_n_tables_1,49.45,79.45,78.055,Switzerland,sex_avg
CHE,1992,50,hld_n_tables_1,30.705,80.705,78.055,Switzerland,sex_avg
CHE,1992,65,hld_n_tables_1,17.925,82.925,78.055,Switzerland,sex_avg
CHE,1993,0,hld_n_tables_1,78.35,78.35,78.35,Switzerland,sex_avg
CHE,1993,1,hld_n_tables_1,77.755,78.755,78.35,Switzerland,sex_avg
CHE,1993,5,hld_n_tables_1,73.86,78.86,78.35,Switzerland,sex_avg
CHE,1993,15,hld_n_tables_1,63.985,78.98499999999999,78.35,Switzerland,sex_avg
CHE,1993,20,hld_n_tables_1,59.135000000000005,79.135,78.35,Switzerland,sex_avg
CHE,1993,30,hld_n_tables_1,49.675,79.675,78.35,Switzerland,sex_avg
CHE,1993,50,hld_n_tables_1,30.935,80.935,78.35,Switzerland,sex_avg
CHE,1993,65,hld_n_tables_1,18.095,83.095,78.35,Switzerland,sex_avg
CHE,1994,0,hld_n_tables_1,78.52000000000001,78.52000000000001,78.52000000000001,Switzerland,sex_avg
CHE,1994,1,hld_n_tables_1,77.74000000000001,78.74000000000001,78.52000000000001,Switzerland,sex_avg
CHE,1994,5,hld_n_tables_1,73.94,78.94,78.52000000000001,Switzerland,sex_avg
CHE,1994,15,hld_n_tables_1,64.10499999999999,79.10499999999999,78.52000000000001,Switzerland,sex_avg
CHE,1994,20,hld_n_tables_1,59.269999999999996,79.27,78.52000000000001,Switzerland,sex_avg
CHE,1994,30,hld_n_tables_1,49.785,79.785,78.52000000000001,Switzerland,sex_avg
CHE,1994,50,hld_n_tables_1,31.035000000000004,81.035,78.52000000000001,Switzerland,sex_avg
CHE,1994,65,hld_n_tables_1,18.205,83.20500000000001,78.52000000000001,Switzerland,sex_avg
CHE,1995,0,hld_n_tables_1,78.795,78.795,78.795,Switzerland,sex_avg
CHE,1995,1,hld_n_tables_1,78.17500000000001,79.17500000000001,78.795,Switzerland,sex_avg
CHE,1995,5,hld_n_tables_1,74.25999999999999,79.25999999999999,78.795,Switzerland,sex_avg
CHE,1995,15,hld_n_tables_1,64.36500000000001,79.36500000000001,78.795,Switzerland,sex_avg
CHE,1995,20,hld_n_tables_1,59.52,79.52000000000001,78.795,Switzerland,sex_avg
CHE,1995,30,hld_n_tables_1,49.97,79.97,78.795,Switzerland,sex_avg
CHE,1995,50,hld_n_tables_1,31.17,81.17,78.795,Switzerland,sex_avg
CHE,1995,65,hld_n_tables_1,18.295,83.29499999999999,78.795,Switzerland,sex_avg
CHE,1996,0,hld_n_tables_1,79.275,79.275,79.275,Switzerland,sex_avg
CHE,1996,1,hld_n_tables_1,78.60499999999999,79.60499999999999,79.275,Switzerland,sex_avg
CHE,1996,5,hld_n_tables_1,74.72999999999999,79.72999999999999,79.275,Switzerland,sex_avg
CHE,1996,15,hld_n_tables_1,64.83,79.83,79.275,Switzerland,sex_avg
CHE,1996,20,hld_n_tables_1,59.965,79.965,79.275,Switzerland,sex_avg
CHE,1996,30,hld_n_tables_1,50.36,80.36,79.275,Switzerland,sex_avg
CHE,1996,50,hld_n_tables_1,31.555,81.555,79.275,Switzerland,sex_avg
CHE,1996,65,hld_n_tables_1,18.6,83.6,79.275,Switzerland,sex_avg
CHE,1997,0,hld_n_tables_1,79.53,79.53,79.53,Switzerland,sex_avg
CHE,1997,1,hld_n_tables_1,78.89,79.89,79.53,Switzerland,sex_avg
CHE,1997,5,hld_n_tables_1,74.995,79.995,79.53,Switzerland,sex_avg
CHE,1997,15,hld_n_tables_1,65.09,80.09,79.53,Switzerland,sex_avg
CHE,1997,20,hld_n_tables_1,60.22,80.22,79.53,Switzerland,sex_avg
CHE,1997,30,hld_n_tables_1,50.614999999999995,80.615,79.53,Switzerland,sex_avg
CHE,1997,50,hld_n_tables_1,31.669999999999998,81.67,79.53,Switzerland,sex_avg
CHE,1997,65,hld_n_tables_1,18.700000000000003,83.7,79.53,Switzerland,sex_avg
CHL,1919,0,hld_n_tables_1,31.59,31.59,31.59,CHL,sex_avg
CHL,1919,1,hld_n_tables_1,41.355000000000004,42.355000000000004,31.59,CHL,sex_avg
CHL,1919,5,hld_n_tables_1,44.69,49.69,31.59,CHL,sex_avg
CHL,1919,15,hld_n_tables_1,37.345,52.345,31.59,CHL,sex_avg
CHL,1919,20,hld_n_tables_1,34.025000000000006,54.025000000000006,31.59,CHL,sex_avg
CHL,1919,30,hld_n_tables_1,28.369999999999997,58.37,31.59,CHL,sex_avg
CHL,1919,50,hld_n_tables_1,17.645,67.64500000000001,31.59,CHL,sex_avg
CHL,1919,65,hld_n_tables_1,9.83,74.83000000000001,31.59,CHL,sex_avg
CHL,1929,0,hld_n_tables_1,40.635000000000005,40.635000000000005,40.635000000000005,CHL,sex_avg
CHL,1929,1,hld_n_tables_1,50.21,51.21,40.635000000000005,CHL,sex_avg
CHL,1929,5,hld_n_tables_1,52.025000000000006,57.025000000000006,40.635000000000005,CHL,sex_avg
CHL,1929,15,hld_n_tables_1,43.695,58.695,40.635000000000005,CHL,sex_avg
CHL,1929,20,hld_n_tables_1,40.11,60.11,40.635000000000005,CHL,sex_avg
CHL,1929,30,hld_n_tables_1,33.635,63.635000000000005,40.635000000000005,CHL,sex_avg
CHL,1929,50,hld_n_tables_1,20.515,70.515,40.635000000000005,CHL,sex_avg
CHL,1929,65,hld_n_tables_1,11.72,76.72,40.635000000000005,CHL,sex_avg
CHL,1939,0,hld_n_tables_1,42.375,42.375,42.375,CHL,sex_avg
CHL,1939,1,hld_n_tables_1,51.675,52.675,42.375,CHL,sex_avg
CHL,1939,5,hld_n_tables_1,53.405,58.405,42.375,CHL,sex_avg
CHL,1939,15,hld_n_tables_1,45.035,60.035,42.375,CHL,sex_avg
CHL,1939,20,hld_n_tables_1,41.415,61.415,42.375,CHL,sex_avg
CHL,1939,30,hld_n_tables_1,34.91,64.91,42.375,CHL,sex_avg
CHL,1939,50,hld_n_tables_1,21.14,71.14,42.375,CHL,sex_avg
CHL,1939,65,hld_n_tables_1,12.055,77.055,42.375,CHL,sex_avg
CHL,1952,0,hld_n_tables_1,54.894999999999996,54.894999999999996,54.894999999999996,CHL,sex_avg
CHL,1952,1,hld_n_tables_1,61.33,62.33,54.894999999999996,CHL,sex_avg
CHL,1952,5,hld_n_tables_1,59.8,64.8,54.894999999999996,CHL,sex_avg
CHL,1952,15,hld_n_tables_1,50.77,65.77000000000001,54.894999999999996,CHL,sex_avg
CHL,1952,20,hld_n_tables_1,46.445,66.44500000000001,54.894999999999996,CHL,sex_avg
CHL,1952,30,hld_n_tables_1,38.2,68.19999999999999,54.894999999999996,CHL,sex_avg
CHL,1952,50,hld_n_tables_1,22.62,72.62,54.894999999999996,CHL,sex_avg
CHL,1952,65,hld_n_tables_1,12.805,77.805,54.894999999999996,CHL,sex_avg
CHL,1953,0,hld_n_tables_1,56.72,56.72,56.72,CHL,sex_avg
CHL,1953,1,hld_n_tables_1,63.615,64.61500000000001,56.72,CHL,sex_avg
CHL,1953,5,hld_n_tables_1,61.709999999999994,66.71,56.72,CHL,sex_avg
CHL,1953,15,hld_n_tables_1,52.43,67.43,56.72,CHL,sex_avg
CHL,1953,20,hld_n_tables_1,47.875,67.875,56.72,CHL,sex_avg
CHL,1953,30,hld_n_tables_1,39.22,69.22,56.72,CHL,sex_avg
CHL,1953,50,hld_n_tables_1,23.165,73.16499999999999,56.72,CHL,sex_avg
CHL,1953,65,hld_n_tables_1,12.995000000000001,77.995,56.72,CHL,sex_avg
CHL,1955,0,hld_n_tables_1,55.974999999999994,55.974999999999994,55.974999999999994,CHL,sex_avg
CHL,1955,1,hld_n_tables_1,62.405,63.405,55.974999999999994,CHL,sex_avg
CHL,1955,5,hld_n_tables_1,60.61,65.61,55.974999999999994,CHL,sex_avg
CHL,1955,15,hld_n_tables_1,51.44,66.44,55.974999999999994,CHL,sex_avg
CHL,1955,20,hld_n_tables_1,46.97,66.97,55.974999999999994,CHL,sex_avg
CHL,1955,30,hld_n_tables_1,38.495000000000005,68.495,55.974999999999994,CHL,sex_avg
CHL,1955,50,hld_n_tables_1,22.645,72.64500000000001,55.974999999999994,CHL,sex_avg
CHL,1955,65,hld_n_tables_1,12.63,77.63,55.974999999999994,CHL,sex_avg
CHL,1959,0,hld_n_tables_1,54.37,54.37,54.37,CHL,sex_avg
CHL,1959,1,hld_n_tables_1,61.7,62.7,54.37,CHL,sex_avg
CHL,1959,5,hld_n_tables_1,60.254999999999995,65.255,54.37,CHL,sex_avg
CHL,1959,15,hld_n_tables_1,51.07,66.07,54.37,CHL,sex_avg
CHL,1959,20,hld_n_tables_1,46.614999999999995,66.615,54.37,CHL,sex_avg
CHL,1959,30,hld_n_tables_1,38.120000000000005,68.12,54.37,CHL,sex_avg
CHL,1959,50,hld_n_tables_1,22.23,72.23,54.37,CHL,sex_avg
CHL,1959,65,hld_n_tables_1,12.29,77.28999999999999,54.37,CHL,sex_avg
CHL,1962,0,hld_n_tables_1,57.56,57.56,57.56,CHL,sex_avg
CHL,1962,1,hld_n_tables_1,64.22999999999999,65.22999999999999,57.56,CHL,sex_avg
CHL,1962,5,hld_n_tables_1,62.144999999999996,67.145,57.56,CHL,sex_avg
CHL,1962,15,hld_n_tables_1,52.8,67.8,57.56,CHL,sex_avg
CHL,1962,20,hld_n_tables_1,48.215,68.215,57.56,CHL,sex_avg
CHL,1962,30,hld_n_tables_1,39.425,69.42500000000001,57.56,CHL,sex_avg
CHL,1962,50,hld_n_tables_1,23.53,73.53,57.56,CHL,sex_avg
CHL,1962,65,hld_n_tables_1,13.47,78.47,57.56,CHL,sex_avg
CHL,1964,0,hld_n_tables_1,58.475,58.475,58.475,CHL,sex_avg
CHL,1964,1,hld_n_tables_1,64.60499999999999,65.60499999999999,58.475,CHL,sex_avg
CHL,1964,5,hld_n_tables_1,62.445,67.445,58.475,CHL,sex_avg
CHL,1964,15,hld_n_tables_1,53.08,68.08,58.475,CHL,sex_avg
CHL,1964,20,hld_n_tables_1,48.465,68.465,58.475,CHL,sex_avg
CHL,1964,30,hld_n_tables_1,39.629999999999995,69.63,58.475,CHL,sex_avg
CHL,1964,50,hld_n_tables_1,23.485,73.485,58.475,CHL,sex_avg
CHL,1964,65,hld_n_tables_1,13.375,78.375,58.475,CHL,sex_avg
CHL,1965,0,hld_n_tables_1,60.400000000000006,60.400000000000006,60.400000000000006,CHL,sex_avg
CHL,1965,1,hld_n_tables_1,65.255,66.255,60.400000000000006,CHL,sex_avg
CHL,1965,5,hld_n_tables_1,62.41499999999999,67.41499999999999,60.400000000000006,CHL,sex_avg
CHL,1965,15,hld_n_tables_1,52.945,67.945,60.400000000000006,CHL,sex_avg
CHL,1965,20,hld_n_tables_1,48.31,68.31,60.400000000000006,CHL,sex_avg
CHL,1965,30,hld_n_tables_1,39.445,69.44500000000001,60.400000000000006,CHL,sex_avg
CHL,1965,50,hld_n_tables_1,23.175,73.17500000000001,60.400000000000006,CHL,sex_avg
CHL,1965,65,hld_n_tables_1,13.05,78.05000000000001,60.400000000000006,CHL,sex_avg
CHL,1975,0,hld_n_tables_1,66.825,66.825,66.825,CHL,sex_avg
CHL,1975,1,hld_n_tables_1,68.96000000000001,69.96000000000001,66.825,CHL,sex_avg
CHL,1975,5,hld_n_tables_1,65.505,70.505,66.825,CHL,sex_avg
CHL,1975,15,hld_n_tables_1,55.855000000000004,70.85499999999999,66.825,CHL,sex_avg
CHL,1975,20,hld_n_tables_1,51.115,71.11500000000001,66.825,CHL,sex_avg
CHL,1975,30,hld_n_tables_1,41.915,71.91499999999999,66.825,CHL,sex_avg
CHL,1975,50,hld_n_tables_1,24.695,74.695,66.825,CHL,sex_avg
CHL,1975,65,hld_n_tables_1,13.825,78.82499999999999,66.825,CHL,sex_avg
CHL,1985,0,hld_n_tables_1,72.125,72.125,72.125,CHL,sex_avg
CHL,1985,1,hld_n_tables_1,72.46000000000001,73.46000000000001,72.125,CHL,sex_avg
CHL,1985,5,hld_n_tables_1,68.71000000000001,73.71000000000001,72.125,CHL,sex_avg
CHL,1985,15,hld_n_tables_1,58.94,73.94,72.125,CHL,sex_avg
CHL,1985,20,hld_n_tables_1,54.13,74.13,72.125,CHL,sex_avg
CHL,1985,30,hld_n_tables_1,44.695,74.695,72.125,CHL,sex_avg
CHL,1985,50,hld_n_tables_1,26.6,76.6,72.125,CHL,sex_avg
CHL,1985,65,hld_n_tables_1,14.889999999999999,79.89,72.125,CHL,sex_avg
CHL,1995,0,hld_n_tables_1,74.62,74.62,74.62,CHL,sex_avg
CHL,1995,1,hld_n_tables_1,74.48,75.48,74.62,CHL,sex_avg
CHL,1995,5,hld_n_tables_1,70.65,75.65,74.62,CHL,sex_avg
CHL,1995,15,hld_n_tables_1,60.82,75.82,74.62,CHL,sex_avg
CHL,1995,20,hld_n_tables_1,55.989999999999995,75.99,74.62,CHL,sex_avg
CHL,1995,30,hld_n_tables_1,46.480000000000004,76.48,74.62,CHL,sex_avg
CHL,1995,50,hld_n_tables_1,27.965,77.965,74.62,CHL,sex_avg
CHL,1995,65,hld_n_tables_1,15.72,80.72,74.62,CHL,sex_avg
CHN,1929,0,hld_n_tables_1,33.725,33.725,33.725,CHN,sex_avg
CHN,1929,1,hld_n_tables_1,39.0,40.0,33.725,CHN,sex_avg
CHN,1929,5,hld_n_tables_1,46.27,51.27,33.725,CHN,sex_avg
CHN,1929,15,hld_n_tables_1,42.38,57.38,33.725,CHN,sex_avg
CHN,1929,20,hld_n_tables_1,39.42,59.42,33.725,CHN,sex_avg
CHN,1929,30,hld_n_tables_1,33.295,63.295,33.725,CHN,sex_avg
CHN,1929,50,hld_n_tables_1,19.67,69.66999999999999,33.725,CHN,sex_avg
CHN,1929,65,hld_n_tables_1,11.3,76.30000000000001,33.725,CHN,sex_avg
CMR,2005,0,hld_n_tables_1,55.265,55.265,55.265,CMR,sex_avg
CMR,2005,1,hld_n_tables_1,58.855000000000004,59.855000000000004,55.265,CMR,sex_avg
CMR,2005,5,hld_n_tables_1,59.655,64.655,55.265,CMR,sex_avg
CMR,2005,15,hld_n_tables_1,51.195,66.195,55.265,CMR,sex_avg
CMR,2005,20,hld_n_tables_1,46.955,66.955,55.265,CMR,sex_avg
CMR,2005,30,hld_n_tables_1,38.835,68.83500000000001,55.265,CMR,sex_avg
CMR,2005,50,hld_n_tables_1,22.63,72.63,55.265,CMR,sex_avg
CMR,2005,65,hld_n_tables_1,11.955,76.955,55.265,CMR,sex_avg
COK,1999,0,hld_n_tables_1,71.565,71.565,71.565,COK,sex_avg
COK,1999,5,hld_n_tables_1,67.945,72.945,71.565,COK,sex_avg
COK,1999,15,hld_n_tables_1,58.095,73.095,71.565,COK,sex_avg
COK,1999,20,hld_n_tables_1,53.455,73.455,71.565,COK,sex_avg
COK,1999,30,hld_n_tables_1,44.129999999999995,74.13,71.565,COK,sex_avg
COK,1999,50,hld_n_tables_1,26.134999999999998,76.135,71.565,COK,sex_avg
COK,1999,65,hld_n_tables_1,14.015,79.015,71.565,COK,sex_avg
COK,2004,0,hld_n_tables_1,72.945,72.945,72.945,COK,sex_avg
COK,2004,5,hld_n_tables_1,69.12,74.12,72.945,COK,sex_avg
COK,2004,15,hld_n_tables_1,59.335,74.33500000000001,72.945,COK,sex_avg
COK,2004,20,hld_n_tables_1,54.915,74.91499999999999,72.945,COK,sex_avg
COK,2004,30,hld_n_tables_1,45.885000000000005,75.885,72.945,COK,sex_avg
COK,2004,50,hld_n_tables_1,27.195,77.195,72.945,COK,sex_avg
COK,2004,65,hld_n_tables_1,15.085,80.08500000000001,72.945,COK,sex_avg
COK,2009,0,hld_n_tables_1,73.92,73.92,73.92,COK,sex_avg
COK,2009,5,hld_n_tables_1,69.29499999999999,74.29499999999999,73.92,COK,sex_avg
COK,2009,15,hld_n_tables_1,59.474999999999994,74.475,73.92,COK,sex_avg
COK,2009,20,hld_n_tables_1,55.019999999999996,75.02000000000001,73.92,COK,sex_avg
COK,2009,30,hld_n_tables_1,45.88,75.88,73.92,COK,sex_avg
COK,2009,50,hld_n_tables_1,27.565,77.565,73.92,COK,sex_avg
COK,2009,65,hld_n_tables_1,15.275,80.275,73.92,COK,sex_avg
COL,1950,0,hld_n_tables_1,48.555,48.555,48.555,COL,sex_avg
COL,1950,1,hld_n_tables_1,54.864999999999995,55.864999999999995,48.555,COL,sex_avg
COL,1950,5,hld_n_tables_1,55.895,60.895,48.555,COL,sex_avg
COL,1950,15,hld_n_tables_1,47.945,62.945,48.555,COL,sex_avg
COL,1950,20,hld_n_tables_1,44.06,64.06,48.555,COL,sex_avg
COL,1950,30,hld_n_tables_1,36.55,66.55,48.555,COL,sex_avg
COL,1950,50,hld_n_tables_1,21.314999999999998,71.315,48.555,COL,sex_avg
COL,1950,65,hld_n_tables_1,11.275,76.275,48.555,COL,sex_avg
COL,1960,0,hld_n_tables_1,56.54,56.54,56.54,COL,sex_avg
COL,1960,1,hld_n_tables_1,61.675,62.675,56.54,COL,sex_avg
COL,1960,5,hld_n_tables_1,60.765,65.765,56.54,COL,sex_avg
COL,1960,15,hld_n_tables_1,52.025,67.025,56.54,COL,sex_avg
COL,1960,20,hld_n_tables_1,47.685,67.685,56.54,COL,sex_avg
COL,1960,30,hld_n_tables_1,39.355000000000004,69.355,56.54,COL,sex_avg
COL,1960,50,hld_n_tables_1,23.04,73.03999999999999,56.54,COL,sex_avg
COL,1960,65,hld_n_tables_1,12.594999999999999,77.595,56.54,COL,sex_avg
COL,1964,0,hld_n_tables_1,59.565,59.565,59.565,COL,sex_avg
COL,1964,1,hld_n_tables_1,64.01,65.01,59.565,COL,sex_avg
COL,1964,5,hld_n_tables_1,63.165,68.16499999999999,59.565,COL,sex_avg
COL,1964,15,hld_n_tables_1,54.135,69.13499999999999,59.565,COL,sex_avg
COL,1964,20,hld_n_tables_1,49.615,69.615,59.565,COL,sex_avg
COL,1964,30,hld_n_tables_1,40.93,70.93,59.565,COL,sex_avg
COL,1964,50,hld_n_tables_1,24.29,74.28999999999999,59.565,COL,sex_avg
COL,1964,65,hld_n_tables_1,13.845,78.845,59.565,COL,sex_avg
COL,1970,0,hld_n_tables_1,60.925,60.925,60.925,COL,sex_avg
COL,1970,1,hld_n_tables_1,65.005,66.005,60.925,COL,sex_avg
COL,1970,5,hld_n_tables_1,63.175000000000004,68.17500000000001,60.925,COL,sex_avg
COL,1970,15,hld_n_tables_1,54.05,69.05,60.925,COL,sex_avg
COL,1970,20,hld_n_tables_1,49.504999999999995,69.505,60.925,COL,sex_avg
COL,1970,30,hld_n_tables_1,40.775,70.775,60.925,COL,sex_avg
COL,1970,50,hld_n_tables_1,23.96,73.96000000000001,60.925,COL,sex_avg
COL,1970,65,hld_n_tables_1,13.350000000000001,78.35,60.925,COL,sex_avg
COL,1980,0,hld_n_tables_1,65.46,65.46,65.46,COL,sex_avg
COL,1980,1,hld_n_tables_1,67.86,68.86,65.46,COL,sex_avg
COL,1980,5,hld_n_tables_1,65.305,70.305,65.46,COL,sex_avg
COL,1980,15,hld_n_tables_1,55.870000000000005,70.87,65.46,COL,sex_avg
COL,1980,20,hld_n_tables_1,51.254999999999995,71.255,65.46,COL,sex_avg
COL,1980,30,hld_n_tables_1,42.480000000000004,72.48,65.46,COL,sex_avg
COL,1980,50,hld_n_tables_1,25.314999999999998,75.315,65.46,COL,sex_avg
COL,1980,65,hld_n_tables_1,14.29,79.28999999999999,65.46,COL,sex_avg
COL,2010,0,hld_n_tables_1,73.325,73.325,73.325,COL,sex_avg
COL,2010,1,hld_n_tables_1,73.685,74.685,73.325,COL,sex_avg
COL,2010,5,hld_n_tables_1,70.24,75.24,73.325,COL,sex_avg
COL,2010,15,hld_n_tables_1,60.495000000000005,75.495,73.325,COL,sex_avg
COL,2010,20,hld_n_tables_1,55.86,75.86,73.325,COL,sex_avg
COL,2010,30,hld_n_tables_1,47.125,77.125,73.325,COL,sex_avg
COL,2010,50,hld_n_tables_1,29.31,79.31,73.325,COL,sex_avg
COL,2010,65,hld_n_tables_1,17.325000000000003,82.325,73.325,COL,sex_avg
CRI,1900,0,hld_n_tables_1,34.44,34.44,34.44,CRI,sex_avg
CRI,1900,1,hld_n_tables_1,41.739999999999995,42.739999999999995,34.44,CRI,sex_avg
CRI,1900,5,hld_n_tables_1,45.89,50.89,34.44,CRI,sex_avg
CRI,1900,20,hld_n_tables_1,34.8,54.8,34.44,CRI,sex_avg
CRI,1900,30,hld_n_tables_1,28.875,58.875,34.44,CRI,sex_avg
CRI,1900,50,hld_n_tables_1,17.43,67.43,34.44,CRI,sex_avg
CRI,1910,0,hld_n_tables_1,34.815,34.815,34.815,CRI,sex_avg
CRI,1910,1,hld_n_tables_1,42.870000000000005,43.870000000000005,34.815,CRI,sex_avg
CRI,1910,5,hld_n_tables_1,47.894999999999996,52.894999999999996,34.815,CRI,sex_avg
CRI,1910,20,hld_n_tables_1,36.39,56.39,34.815,CRI,sex_avg
CRI,1910,30,hld_n_tables_1,29.759999999999998,59.76,34.815,CRI,sex_avg
CRI,1910,50,hld_n_tables_1,17.68,67.68,34.815,CRI,sex_avg
CRI,1920,0,hld_n_tables_1,34.775,34.775,34.775,CRI,sex_avg
CRI,1920,1,hld_n_tables_1,41.15,42.15,34.775,CRI,sex_avg
CRI,1920,5,hld_n_tables_1,45.06,50.06,34.775,CRI,sex_avg
CRI,1920,20,hld_n_tables_1,34.41,54.41,34.775,CRI,sex_avg
CRI,1920,30,hld_n_tables_1,28.52,58.52,34.775,CRI,sex_avg
CRI,1920,50,hld_n_tables_1,17.345,67.345,34.775,CRI,sex_avg
CRI,1930,0,hld_n_tables_1,41.94,41.94,41.94,CRI,sex_avg
CRI,1930,1,hld_n_tables_1,49.545,50.545,41.94,CRI,sex_avg
CRI,1930,5,hld_n_tables_1,52.6,57.6,41.94,CRI,sex_avg
CRI,1930,20,hld_n_tables_1,41.085,61.085,41.94,CRI,sex_avg
CRI,1930,30,hld_n_tables_1,33.855,63.855,41.94,CRI,sex_avg
CRI,1930,50,hld_n_tables_1,20.08,70.08,41.94,CRI,sex_avg
CRI,1940,0,hld_n_tables_1,46.635000000000005,46.635000000000005,46.635000000000005,CRI,sex_avg
CRI,1940,1,hld_n_tables_1,52.995000000000005,53.995000000000005,46.635000000000005,CRI,sex_avg
CRI,1940,5,hld_n_tables_1,54.745000000000005,59.745000000000005,46.635000000000005,CRI,sex_avg
CRI,1940,20,hld_n_tables_1,42.3,62.3,46.635000000000005,CRI,sex_avg
CRI,1940,30,hld_n_tables_1,34.76,64.75999999999999,46.635000000000005,CRI,sex_avg
CRI,1940,50,hld_n_tables_1,20.41,70.41,46.635000000000005,CRI,sex_avg
CRI,1951,0,hld_n_tables_1,58.129999999999995,58.129999999999995,58.129999999999995,CRI,sex_avg
CRI,1951,1,hld_n_tables_1,63.69,64.69,58.129999999999995,CRI,sex_avg
CRI,1951,5,hld_n_tables_1,63.120000000000005,68.12,58.129999999999995,CRI,sex_avg
CRI,1951,15,hld_n_tables_1,54.405,69.405,58.129999999999995,CRI,sex_avg
CRI,1951,20,hld_n_tables_1,49.885,69.88499999999999,58.129999999999995,CRI,sex_avg
CRI,1951,30,hld_n_tables_1,41.49,71.49,58.129999999999995,CRI,sex_avg
CRI,1951,50,hld_n_tables_1,25.095,75.095,58.129999999999995,CRI,sex_avg
CRI,1951,65,hld_n_tables_1,14.585,79.58500000000001,58.129999999999995,CRI,sex_avg
CRI,1952,0,hld_n_tables_1,58.555,58.555,58.555,CRI,sex_avg
CRI,1952,1,hld_n_tables_1,64.345,65.345,58.555,CRI,sex_avg
CRI,1952,5,hld_n_tables_1,63.839999999999996,68.84,58.555,CRI,sex_avg
CRI,1952,15,hld_n_tables_1,54.95,69.95,58.555,CRI,sex_avg
CRI,1952,20,hld_n_tables_1,50.480000000000004,70.47999999999999,58.555,CRI,sex_avg
CRI,1952,30,hld_n_tables_1,41.9,71.9,58.555,CRI,sex_avg
CRI,1952,50,hld_n_tables_1,25.064999999999998,75.065,58.555,CRI,sex_avg
CRI,1952,65,hld_n_tables_1,14.57,79.57,58.555,CRI,sex_avg
CRI,1953,0,hld_n_tables_1,58.785,58.785,58.785,CRI,sex_avg
CRI,1953,1,hld_n_tables_1,64.575,65.575,58.785,CRI,sex_avg
CRI,1953,5,hld_n_tables_1,64.075,69.075,58.785,CRI,sex_avg
CRI,1953,15,hld_n_tables_1,55.33,70.33000000000001,58.785,CRI,sex_avg
CRI,1953,20,hld_n_tables_1,50.735,70.735,58.785,CRI,sex_avg
CRI,1953,30,hld_n_tables_1,41.805,71.805,58.785,CRI,sex_avg
CRI,1953,50,hld_n_tables_1,25.07,75.07,58.785,CRI,sex_avg
CRI,1953,65,hld_n_tables_1,14.559999999999999,79.56,58.785,CRI,sex_avg
CRI,1954,0,hld_n_tables_1,61.055,61.055,61.055,CRI,sex_avg
CRI,1954,1,hld_n_tables_1,66.47,67.47,61.055,CRI,sex_avg
CRI,1954,5,hld_n_tables_1,65.58500000000001,70.58500000000001,61.055,CRI,sex_avg
CRI,1954,15,hld_n_tables_1,56.78,71.78,61.055,CRI,sex_avg
CRI,1954,20,hld_n_tables_1,52.215,72.215,61.055,CRI,sex_avg
CRI,1954,30,hld_n_tables_1,43.325,73.325,61.055,CRI,sex_avg
CRI,1954,50,hld_n_tables_1,26.314999999999998,76.315,61.055,CRI,sex_avg
CRI,1954,65,hld_n_tables_1,15.54,80.53999999999999,61.055,CRI,sex_avg
CRI,1956,0,hld_n_tables_1,63.004999999999995,63.004999999999995,63.004999999999995,CRI,sex_avg
CRI,1956,1,hld_n_tables_1,67.735,68.735,63.004999999999995,CRI,sex_avg
CRI,1956,5,hld_n_tables_1,66.03,71.03,63.004999999999995,CRI,sex_avg
CRI,1956,15,hld_n_tables_1,56.959999999999994,71.96,63.004999999999995,CRI,sex_avg
CRI,1956,20,hld_n_tables_1,52.325,72.32499999999999,63.004999999999995,CRI,sex_avg
CRI,1956,30,hld_n_tables_1,43.305,73.305,63.004999999999995,CRI,sex_avg
CRI,1956,50,hld_n_tables_1,26.064999999999998,76.065,63.004999999999995,CRI,sex_avg
CRI,1956,65,hld_n_tables_1,15.085,80.08500000000001,63.004999999999995,CRI,sex_avg
CRI,1957,0,hld_n_tables_1,62.09,62.09,62.09,CRI,sex_avg
CRI,1957,1,hld_n_tables_1,67.22999999999999,68.22999999999999,62.09,CRI,sex_avg
CRI,1957,5,hld_n_tables_1,65.89500000000001,70.89500000000001,62.09,CRI,sex_avg
CRI,1957,15,hld_n_tables_1,56.805,71.805,62.09,CRI,sex_avg
CRI,1957,20,hld_n_tables_1,52.18,72.18,62.09,CRI,sex_avg
CRI,1957,30,hld_n_tables_1,43.14,73.14,62.09,CRI,sex_avg
CRI,1957,50,hld_n_tables_1,26.085,76.085,62.09,CRI,sex_avg
CRI,1957,65,hld_n_tables_1,15.120000000000001,80.12,62.09,CRI,sex_avg
CRI,1958,0,hld_n_tables_1,64.095,64.095,64.095,CRI,sex_avg
CRI,1958,1,hld_n_tables_1,68.61,69.61,64.095,CRI,sex_avg
CRI,1958,5,hld_n_tables_1,66.85499999999999,71.85499999999999,64.095,CRI,sex_avg
CRI,1958,15,hld_n_tables_1,57.81,72.81,64.095,CRI,sex_avg
CRI,1958,20,hld_n_tables_1,53.24,73.24000000000001,64.095,CRI,sex_avg
CRI,1958,30,hld_n_tables_1,44.175,74.175,64.095,CRI,sex_avg
CRI,1958,50,hld_n_tables_1,26.884999999999998,76.88499999999999,64.095,CRI,sex_avg
CRI,1958,65,hld_n_tables_1,15.77,80.77000000000001,64.095,CRI,sex_avg
CRI,1959,0,hld_n_tables_1,63.715,63.715,63.715,CRI,sex_avg
CRI,1959,1,hld_n_tables_1,68.28,69.28,63.715,CRI,sex_avg
CRI,1959,5,hld_n_tables_1,66.28,71.28,63.715,CRI,sex_avg
CRI,1959,15,hld_n_tables_1,57.06,72.06,63.715,CRI,sex_avg
CRI,1959,20,hld_n_tables_1,52.400000000000006,72.4,63.715,CRI,sex_avg
CRI,1959,30,hld_n_tables_1,43.215,73.215,63.715,CRI,sex_avg
CRI,1959,50,hld_n_tables_1,25.775,75.775,63.715,CRI,sex_avg
CRI,1959,65,hld_n_tables_1,14.925,79.925,63.715,CRI,sex_avg
CRI,1961,0,hld_n_tables_1,66.065,66.065,66.065,CRI,sex_avg
CRI,1961,1,hld_n_tables_1,70.145,71.145,66.065,CRI,sex_avg
CRI,1961,5,hld_n_tables_1,67.83500000000001,72.83500000000001,66.065,CRI,sex_avg
CRI,1961,15,hld_n_tables_1,58.535,73.535,66.065,CRI,sex_avg
CRI,1961,20,hld_n_tables_1,53.845,73.845,66.065,CRI,sex_avg
CRI,1961,30,hld_n_tables_1,44.65,74.64999999999999,66.065,CRI,sex_avg
CRI,1961,50,hld_n_tables_1,27.025,77.025,66.065,CRI,sex_avg
CRI,1961,65,hld_n_tables_1,15.809999999999999,80.81,66.065,CRI,sex_avg
CRI,1964,0,hld_n_tables_1,64.00999999999999,64.00999999999999,64.00999999999999,CRI,sex_avg
CRI,1964,1,hld_n_tables_1,68.87,69.87,64.00999999999999,CRI,sex_avg
CRI,1964,5,hld_n_tables_1,67.025,72.025,64.00999999999999,CRI,sex_avg
CRI,1964,15,hld_n_tables_1,57.724999999999994,72.725,64.00999999999999,CRI,sex_avg
CRI,1964,20,hld_n_tables_1,53.055,73.055,64.00999999999999,CRI,sex_avg
CRI,1964,30,hld_n_tables_1,43.905,73.905,64.00999999999999,CRI,sex_avg
CRI,1964,50,hld_n_tables_1,26.490000000000002,76.49000000000001,64.00999999999999,CRI,sex_avg
CRI,1964,65,hld_n_tables_1,15.355,80.355,64.00999999999999,CRI,sex_avg
CRI,1966,0,hld_n_tables_1,65.71000000000001,65.71000000000001,65.71000000000001,CRI,sex_avg
CRI,1966,1,hld_n_tables_1,69.685,70.685,65.71000000000001,CRI,sex_avg
CRI,1966,5,hld_n_tables_1,67.58500000000001,72.58500000000001,65.71000000000001,CRI,sex_avg
CRI,1966,15,hld_n_tables_1,58.2,73.2,65.71000000000001,CRI,sex_avg
CRI,1966,20,hld_n_tables_1,53.5,73.5,65.71000000000001,CRI,sex_avg
CRI,1966,30,hld_n_tables_1,44.325,74.325,65.71000000000001,CRI,sex_avg
CRI,1966,50,hld_n_tables_1,26.744999999999997,76.745,65.71000000000001,CRI,sex_avg
CRI,1966,65,hld_n_tables_1,15.355,80.35499999999999,65.71000000000001,CRI,sex_avg
CRI,1967,0,hld_n_tables_1,66.31,66.31,66.31,CRI,sex_avg
CRI,1967,1,hld_n_tables_1,70.015,71.015,66.31,CRI,sex_avg
CRI,1967,5,hld_n_tables_1,67.88,72.88,66.31,CRI,sex_avg
CRI,1967,15,hld_n_tables_1,58.46,73.46000000000001,66.31,CRI,sex_avg
CRI,1967,20,hld_n_tables_1,53.805,73.80499999999999,66.31,CRI,sex_avg
CRI,1967,30,hld_n_tables_1,44.555,74.555,66.31,CRI,sex_avg
CRI,1967,50,hld_n_tables_1,26.950000000000003,76.95,66.31,CRI,sex_avg
CRI,1967,65,hld_n_tables_1,15.580000000000002,80.58,66.31,CRI,sex_avg
CRI,1968,0,hld_n_tables_1,67.32,67.32,67.32,CRI,sex_avg
CRI,1968,1,hld_n_tables_1,70.7,71.7,67.32,CRI,sex_avg
CRI,1968,5,hld_n_tables_1,68.205,73.205,67.32,CRI,sex_avg
CRI,1968,15,hld_n_tables_1,58.68,73.68,67.32,CRI,sex_avg
CRI,1968,20,hld_n_tables_1,53.989999999999995,73.99,67.32,CRI,sex_avg
CRI,1968,30,hld_n_tables_1,44.81,74.81,67.32,CRI,sex_avg
CRI,1968,50,hld_n_tables_1,27.064999999999998,77.065,67.32,CRI,sex_avg
CRI,1968,65,hld_n_tables_1,15.73,80.72999999999999,67.32,CRI,sex_avg
CRI,1969,0,hld_n_tables_1,66.49000000000001,66.49000000000001,66.49000000000001,CRI,sex_avg
CRI,1969,1,hld_n_tables_1,70.315,71.315,66.49000000000001,CRI,sex_avg
CRI,1969,5,hld_n_tables_1,68.255,73.255,66.49000000000001,CRI,sex_avg
CRI,1969,15,hld_n_tables_1,58.795,73.795,66.49000000000001,CRI,sex_avg
CRI,1969,20,hld_n_tables_1,54.125,74.125,66.49000000000001,CRI,sex_avg
CRI,1969,30,hld_n_tables_1,44.91,74.91,66.49000000000001,CRI,sex_avg
CRI,1969,50,hld_n_tables_1,27.035,77.035,66.49000000000001,CRI,sex_avg
CRI,1969,65,hld_n_tables_1,15.6,80.6,66.49000000000001,CRI,sex_avg
CRI,1971,0,hld_n_tables_1,67.91499999999999,67.91499999999999,67.91499999999999,CRI,sex_avg
CRI,1971,1,hld_n_tables_1,71.425,72.425,67.91499999999999,CRI,sex_avg
CRI,1971,5,hld_n_tables_1,68.64500000000001,73.64500000000001,67.91499999999999,CRI,sex_avg
CRI,1971,15,hld_n_tables_1,59.18,74.17999999999999,67.91499999999999,CRI,sex_avg
CRI,1971,20,hld_n_tables_1,54.515,74.515,67.91499999999999,CRI,sex_avg
CRI,1971,30,hld_n_tables_1,45.375,75.375,67.91499999999999,CRI,sex_avg
CRI,1971,50,hld_n_tables_1,27.61,77.61,67.91499999999999,CRI,sex_avg
CRI,1971,65,hld_n_tables_1,15.85,80.85,67.91499999999999,CRI,sex_avg
CRI,1972,0,hld_n_tables_1,68.43,68.43,68.43,CRI,sex_avg
CRI,1972,1,hld_n_tables_1,71.72999999999999,72.72999999999999,68.43,CRI,sex_avg
CRI,1972,5,hld_n_tables_1,68.94,73.94,68.43,CRI,sex_avg
CRI,1972,15,hld_n_tables_1,59.43,74.43,68.43,CRI,sex_avg
CRI,1972,20,hld_n_tables_1,54.724999999999994,74.725,68.43,CRI,sex_avg
CRI,1972,30,hld_n_tables_1,45.504999999999995,75.505,68.43,CRI,sex_avg
CRI,1972,50,hld_n_tables_1,27.625,77.625,68.43,CRI,sex_avg
CRI,1972,65,hld_n_tables_1,15.829999999999998,80.83,68.43,CRI,sex_avg
CRI,1973,0,hld_n_tables_1,70.13,70.13,70.13,CRI,sex_avg
CRI,1973,1,hld_n_tables_1,72.465,73.465,70.13,CRI,sex_avg
CRI,1973,5,hld_n_tables_1,69.41,74.41,70.13,CRI,sex_avg
CRI,1973,15,hld_n_tables_1,59.82,74.82000000000001,70.13,CRI,sex_avg
CRI,1973,20,hld_n_tables_1,55.105000000000004,75.105,70.13,CRI,sex_avg
CRI,1973,30,hld_n_tables_1,45.825,75.825,70.13,CRI,sex_avg
CRI,1973,50,hld_n_tables_1,28.0,78.0,70.13,CRI,sex_avg
CRI,1973,65,hld_n_tables_1,16.28,81.28,70.13,CRI,sex_avg
CRI,1974,0,hld_n_tables_1,70.745,70.745,70.745,CRI,sex_avg
CRI,1974,1,hld_n_tables_1,72.66999999999999,73.66999999999999,70.745,CRI,sex_avg
CRI,1974,5,hld_n_tables_1,69.28,74.28,70.745,CRI,sex_avg
CRI,1974,15,hld_n_tables_1,59.675,74.675,70.745,CRI,sex_avg
CRI,1974,20,hld_n_tables_1,54.95,74.95,70.745,CRI,sex_avg
CRI,1974,30,hld_n_tables_1,45.695,75.695,70.745,CRI,sex_avg
CRI,1974,50,hld_n_tables_1,27.9,77.9,70.745,CRI,sex_avg
CRI,1974,65,hld_n_tables_1,16.11,81.11,70.745,CRI,sex_avg
CRI,1976,0,hld_n_tables_1,72.49000000000001,72.49000000000001,72.49000000000001,CRI,sex_avg
CRI,1976,1,hld_n_tables_1,74.095,75.095,72.49000000000001,CRI,sex_avg
CRI,1976,5,hld_n_tables_1,70.64500000000001,75.64500000000001,72.49000000000001,CRI,sex_avg
CRI,1976,15,hld_n_tables_1,60.980000000000004,75.97999999999999,72.49000000000001,CRI,sex_avg
CRI,1976,20,hld_n_tables_1,56.245000000000005,76.245,72.49000000000001,CRI,sex_avg
CRI,1976,30,hld_n_tables_1,46.93,76.93,72.49000000000001,CRI,sex_avg
CRI,1976,50,hld_n_tables_1,28.855,78.855,72.49000000000001,CRI,sex_avg
CRI,1976,65,hld_n_tables_1,16.86,81.86,72.49000000000001,CRI,sex_avg
CRI,1977,0,hld_n_tables_1,73.3,73.3,73.3,CRI,sex_avg
CRI,1977,1,hld_n_tables_1,74.695,75.695,73.3,CRI,sex_avg
CRI,1977,5,hld_n_tables_1,71.135,76.135,73.3,CRI,sex_avg
CRI,1977,15,hld_n_tables_1,61.480000000000004,76.47999999999999,73.3,CRI,sex_avg
CRI,1977,20,hld_n_tables_1,56.71,76.71000000000001,73.3,CRI,sex_avg
CRI,1977,30,hld_n_tables_1,47.39,77.39,73.3,CRI,sex_avg
CRI,1977,50,hld_n_tables_1,29.17,79.17,73.3,CRI,sex_avg
CRI,1977,65,hld_n_tables_1,17.28,82.28,73.3,CRI,sex_avg
CRI,1978,0,hld_n_tables_1,74.38,74.38,74.38,CRI,sex_avg
CRI,1978,1,hld_n_tables_1,75.195,76.195,74.38,CRI,sex_avg
CRI,1978,5,hld_n_tables_1,71.52,76.52,74.38,CRI,sex_avg
CRI,1978,15,hld_n_tables_1,61.78,76.78,74.38,CRI,sex_avg
CRI,1978,20,hld_n_tables_1,57.025,77.025,74.38,CRI,sex_avg
CRI,1978,30,hld_n_tables_1,47.625,77.625,74.38,CRI,sex_avg
CRI,1978,50,hld_n_tables_1,29.455,79.455,74.38,CRI,sex_avg
CRI,1978,65,hld_n_tables_1,17.47,82.47,74.38,CRI,sex_avg
CRI,1979,0,hld_n_tables_1,74.075,74.075,74.075,CRI,sex_avg
CRI,1979,1,hld_n_tables_1,74.89,75.89,74.075,CRI,sex_avg
CRI,1979,5,hld_n_tables_1,71.255,76.255,74.075,CRI,sex_avg
CRI,1979,15,hld_n_tables_1,61.595,76.595,74.075,CRI,sex_avg
CRI,1979,20,hld_n_tables_1,56.805,76.805,74.075,CRI,sex_avg
CRI,1979,30,hld_n_tables_1,47.44,77.44,74.075,CRI,sex_avg
CRI,1979,50,hld_n_tables_1,29.3,79.3,74.075,CRI,sex_avg
CRI,1979,65,hld_n_tables_1,17.235,82.235,74.075,CRI,sex_avg
CRI,1981,0,hld_n_tables_1,75.12,75.12,75.12,CRI,sex_avg
CRI,1981,1,hld_n_tables_1,75.595,76.595,75.12,CRI,sex_avg
CRI,1981,5,hld_n_tables_1,71.9,76.9,75.12,CRI,sex_avg
CRI,1981,15,hld_n_tables_1,62.16,77.16,75.12,CRI,sex_avg
CRI,1981,20,hld_n_tables_1,57.355000000000004,77.35499999999999,75.12,CRI,sex_avg
CRI,1981,30,hld_n_tables_1,47.875,77.875,75.12,CRI,sex_avg
CRI,1981,50,hld_n_tables_1,29.515,79.515,75.12,CRI,sex_avg
CRI,1981,65,hld_n_tables_1,17.215,82.215,75.12,CRI,sex_avg
CRI,1982,0,hld_n_tables_1,75.445,75.445,75.445,CRI,sex_avg
CRI,1982,1,hld_n_tables_1,75.96000000000001,76.96000000000001,75.445,CRI,sex_avg
CRI,1982,5,hld_n_tables_1,72.21,77.21,75.445,CRI,sex_avg
CRI,1982,15,hld_n_tables_1,62.45,77.45,75.445,CRI,sex_avg
CRI,1982,20,hld_n_tables_1,57.629999999999995,77.63,75.445,CRI,sex_avg
CRI,1982,30,hld_n_tables_1,48.105000000000004,78.10499999999999,75.445,CRI,sex_avg
CRI,1982,50,hld_n_tables_1,29.585,79.58500000000001,75.445,CRI,sex_avg
CRI,1982,65,hld_n_tables_1,17.395,82.395,75.445,CRI,sex_avg
CRI,1983,0,hld_n_tables_1,75.465,75.465,75.465,CRI,sex_avg
CRI,1983,1,hld_n_tables_1,75.925,76.925,75.465,CRI,sex_avg
CRI,1983,5,hld_n_tables_1,72.23,77.23,75.465,CRI,sex_avg
CRI,1983,15,hld_n_tables_1,62.45,77.45,75.465,CRI,sex_avg
CRI,1983,20,hld_n_tables_1,57.615,77.615,75.465,CRI,sex_avg
CRI,1983,30,hld_n_tables_1,48.05,78.05,75.465,CRI,sex_avg
CRI,1983,50,hld_n_tables_1,29.509999999999998,79.51,75.465,CRI,sex_avg
CRI,1983,65,hld_n_tables_1,17.21,82.21000000000001,75.465,CRI,sex_avg
CRI,1984,0,hld_n_tables_1,75.515,75.515,75.515,CRI,sex_avg
CRI,1984,1,hld_n_tables_1,76.05,77.05,75.515,CRI,sex_avg
CRI,1984,5,hld_n_tables_1,72.255,77.255,75.515,CRI,sex_avg
CRI,1984,15,hld_n_tables_1,62.480000000000004,77.48,75.515,CRI,sex_avg
CRI,1984,20,hld_n_tables_1,57.635000000000005,77.63499999999999,75.515,CRI,sex_avg
CRI,1984,30,hld_n_tables_1,48.129999999999995,78.13,75.515,CRI,sex_avg
CRI,1984,50,hld_n_tables_1,29.575,79.57499999999999,75.515,CRI,sex_avg
CRI,1984,65,hld_n_tables_1,17.235,82.235,75.515,CRI,sex_avg
CRI,1986,0,hld_n_tables_1,76.045,76.045,76.045,CRI,sex_avg
CRI,1986,1,hld_n_tables_1,76.4,77.4,76.045,CRI,sex_avg
CRI,1986,5,hld_n_tables_1,72.645,77.645,76.045,CRI,sex_avg
CRI,1986,15,hld_n_tables_1,62.900000000000006,77.9,76.045,CRI,sex_avg
CRI,1986,20,hld_n_tables_1,58.065,78.065,76.045,CRI,sex_avg
CRI,1986,30,hld_n_tables_1,48.504999999999995,78.505,76.045,CRI,sex_avg
CRI,1986,50,hld_n_tables_1,29.955,79.955,76.045,CRI,sex_avg
CRI,1986,65,hld_n_tables_1,17.82,82.82000000000001,76.045,CRI,sex_avg
CRI,1987,0,hld_n_tables_1,76.24,76.24,76.24,CRI,sex_avg
CRI,1987,1,hld_n_tables_1,76.595,77.595,76.24,CRI,sex_avg
CRI,1987,5,hld_n_tables_1,72.83,77.83,76.24,CRI,sex_avg
CRI,1987,15,hld_n_tables_1,63.07,78.07,76.24,CRI,sex_avg
CRI,1987,20,hld_n_tables_1,58.24,78.24000000000001,76.24,CRI,sex_avg
CRI,1987,30,hld_n_tables_1,48.715,78.715,76.24,CRI,sex_avg
CRI,1987,50,hld_n_tables_1,30.2,80.2,76.24,CRI,sex_avg
CRI,1987,65,hld_n_tables_1,17.895000000000003,82.895,76.24,CRI,sex_avg
CRI,1988,0,hld_n_tables_1,76.455,76.455,76.455,CRI,sex_avg
CRI,1988,1,hld_n_tables_1,76.6,77.6,76.455,CRI,sex_avg
CRI,1988,5,hld_n_tables_1,72.855,77.855,76.455,CRI,sex_avg
CRI,1988,15,hld_n_tables_1,63.05,78.05,76.455,CRI,sex_avg
CRI,1988,20,hld_n_tables_1,58.209999999999994,78.21,76.455,CRI,sex_avg
CRI,1988,30,hld_n_tables_1,48.644999999999996,78.645,76.455,CRI,sex_avg
CRI,1988,50,hld_n_tables_1,30.105,80.10499999999999,76.455,CRI,sex_avg
CRI,1988,65,hld_n_tables_1,17.67,82.66999999999999,76.455,CRI,sex_avg
CRI,1989,0,hld_n_tables_1,76.44,76.44,76.44,CRI,sex_avg
CRI,1989,1,hld_n_tables_1,76.53,77.53,76.44,CRI,sex_avg
CRI,1989,5,hld_n_tables_1,72.725,77.725,76.44,CRI,sex_avg
CRI,1989,15,hld_n_tables_1,62.93,77.93,76.44,CRI,sex_avg
CRI,1989,20,hld_n_tables_1,58.09,78.09,76.44,CRI,sex_avg
CRI,1989,30,hld_n_tables_1,48.485,78.485,76.44,CRI,sex_avg
CRI,1989,50,hld_n_tables_1,29.93,79.93,76.44,CRI,sex_avg
CRI,1989,65,hld_n_tables_1,17.75,82.75,76.44,CRI,sex_avg
CRI,1991,0,hld_n_tables_1,76.58500000000001,76.58500000000001,76.58500000000001,CRI,sex_avg
CRI,1991,1,hld_n_tables_1,76.66,77.66,76.58500000000001,CRI,sex_avg
CRI,1991,5,hld_n_tables_1,72.85499999999999,77.85499999999999,76.58500000000001,CRI,sex_avg
CRI,1991,15,hld_n_tables_1,63.035000000000004,78.035,76.58500000000001,CRI,sex_avg
CRI,1991,20,hld_n_tables_1,58.205,78.205,76.58500000000001,CRI,sex_avg
CRI,1991,30,hld_n_tables_1,48.620000000000005,78.62,76.58500000000001,CRI,sex_avg
CRI,1991,50,hld_n_tables_1,30.2,80.19999999999999,76.58500000000001,CRI,sex_avg
CRI,1991,65,hld_n_tables_1,17.884999999999998,82.88499999999999,76.58500000000001,CRI,sex_avg
CRI,1992,0,hld_n_tables_1,76.58500000000001,76.58500000000001,76.58500000000001,CRI,sex_avg
CRI,1992,1,hld_n_tables_1,76.63,77.63,76.58500000000001,CRI,sex_avg
CRI,1992,5,hld_n_tables_1,72.825,77.825,76.58500000000001,CRI,sex_avg
CRI,1992,15,hld_n_tables_1,63.035,78.035,76.58500000000001,CRI,sex_avg
CRI,1992,20,hld_n_tables_1,58.235,78.235,76.58500000000001,CRI,sex_avg
CRI,1992,30,hld_n_tables_1,48.68000000000001,78.68,76.58500000000001,CRI,sex_avg
CRI,1992,50,hld_n_tables_1,30.195,80.195,76.58500000000001,CRI,sex_avg
CRI,1992,65,hld_n_tables_1,17.83,82.83,76.58500000000001,CRI,sex_avg
CRI,1993,0,hld_n_tables_1,76.65,76.65,76.65,CRI,sex_avg
CRI,1993,1,hld_n_tables_1,76.72,77.72,76.65,CRI,sex_avg
CRI,1993,5,hld_n_tables_1,72.9,77.9,76.65,CRI,sex_avg
CRI,1993,15,hld_n_tables_1,63.074999999999996,78.07499999999999,76.65,CRI,sex_avg
CRI,1993,20,hld_n_tables_1,58.25,78.25,76.65,CRI,sex_avg
CRI,1993,30,hld_n_tables_1,48.75,78.75,76.65,CRI,sex_avg
CRI,1993,50,hld_n_tables_1,30.225,80.225,76.65,CRI,sex_avg
CRI,1993,65,hld_n_tables_1,17.87,82.87,76.65,CRI,sex_avg
CRI,1994,0,hld_n_tables_1,76.295,76.295,76.295,CRI,sex_avg
CRI,1994,1,hld_n_tables_1,76.3,77.3,76.295,CRI,sex_avg
CRI,1994,5,hld_n_tables_1,72.49000000000001,77.49000000000001,76.295,CRI,sex_avg
CRI,1994,15,hld_n_tables_1,62.66,77.66,76.295,CRI,sex_avg
CRI,1994,20,hld_n_tables_1,57.84,77.84,76.295,CRI,sex_avg
CRI,1994,30,hld_n_tables_1,48.31,78.31,76.295,CRI,sex_avg
CRI,1994,50,hld_n_tables_1,29.875,79.875,76.295,CRI,sex_avg
CRI,1994,65,hld_n_tables_1,17.715,82.715,76.295,CRI,sex_avg
CRI,2012,0,hld_n_tables_1,79.75,79.75,79.75,CRI,sex_avg
CRI,2012,1,hld_n_tables_1,79.44,80.44,79.75,CRI,sex_avg
CRI,2012,5,hld_n_tables_1,75.55000000000001,80.55000000000001,79.75,CRI,sex_avg
CRI,2012,15,hld_n_tables_1,65.685,80.685,79.75,CRI,sex_avg
CRI,2012,20,hld_n_tables_1,60.85,80.85000000000001,79.75,CRI,sex_avg
CRI,2012,30,hld_n_tables_1,51.3,81.3,79.75,CRI,sex_avg
CRI,2012,50,hld_n_tables_1,32.55,82.55000000000001,79.75,CRI,sex_avg
CRI,2012,65,hld_n_tables_1,19.785,84.785,79.75,CRI,sex_avg
CRI,2013,0,hld_n_tables_1,79.925,79.925,79.925,CRI,sex_avg
CRI,2013,1,hld_n_tables_1,79.61,80.61,79.925,CRI,sex_avg
CRI,2013,5,hld_n_tables_1,75.695,80.695,79.925,CRI,sex_avg
CRI,2013,15,hld_n_tables_1,65.815,80.815,79.925,CRI,sex_avg
CRI,2013,20,hld_n_tables_1,60.980000000000004,80.98,79.925,CRI,sex_avg
CRI,2013,30,hld_n_tables_1,51.405,81.405,79.925,CRI,sex_avg
CRI,2013,50,hld_n_tables_1,32.675,82.67500000000001,79.925,CRI,sex_avg
CRI,2013,65,hld_n_tables_1,19.89,84.89,79.925,CRI,sex_avg
CRI,2014,0,hld_n_tables_1,79.83,79.83,79.83,CRI,sex_avg
CRI,2014,1,hld_n_tables_1,79.485,80.485,79.83,CRI,sex_avg
CRI,2014,5,hld_n_tables_1,75.595,80.595,79.83,CRI,sex_avg
CRI,2014,15,hld_n_tables_1,65.715,80.715,79.83,CRI,sex_avg
CRI,2014,20,hld_n_tables_1,60.864999999999995,80.86500000000001,79.83,CRI,sex_avg
CRI,2014,30,hld_n_tables_1,51.345,81.345,79.83,CRI,sex_avg
CRI,2014,50,hld_n_tables_1,32.62,82.62,79.83,CRI,sex_avg
CRI,2014,65,hld_n_tables_1,19.74,84.74,79.83,CRI,sex_avg
CSK,1929,0,hld_n_tables_1,53.535,53.535,53.535,CSK,sex_avg
CSK,1929,1,hld_n_tables_1,60.935,61.935,53.535,CSK,sex_avg
CSK,1929,5,hld_n_tables_1,59.21,64.21000000000001,53.535,CSK,sex_avg
CSK,1929,15,hld_n_tables_1,50.575,65.575,53.535,CSK,sex_avg
CSK,1929,20,hld_n_tables_1,46.355,66.35499999999999,53.535,CSK,sex_avg
CSK,1929,30,hld_n_tables_1,38.2,68.2,53.535,CSK,sex_avg
CSK,1929,50,hld_n_tables_1,22.055,72.055,53.535,CSK,sex_avg
CSK,1929,65,hld_n_tables_1,11.76,76.76,53.535,CSK,sex_avg
CSK,1930,0,hld_n_tables_1,54.15,54.15,54.15,CSK,sex_avg
CSK,1930,1,hld_n_tables_1,61.695,62.695,54.15,CSK,sex_avg
CSK,1930,5,hld_n_tables_1,59.79,64.79,54.15,CSK,sex_avg
CSK,1930,15,hld_n_tables_1,51.120000000000005,66.12,54.15,CSK,sex_avg
CSK,1930,20,hld_n_tables_1,46.89,66.89,54.15,CSK,sex_avg
CSK,1930,30,hld_n_tables_1,38.715,68.715,54.15,CSK,sex_avg
CSK,1930,50,hld_n_tables_1,22.495,72.495,54.15,CSK,sex_avg
CSK,1930,65,hld_n_tables_1,12.149999999999999,77.15,54.15,CSK,sex_avg
CSK,1949,0,hld_n_tables_1,63.22,63.22,63.22,CSK,sex_avg
CSK,1949,1,hld_n_tables_1,67.475,68.475,63.22,CSK,sex_avg
CSK,1949,5,hld_n_tables_1,64.325,69.325,63.22,CSK,sex_avg
CSK,1949,15,hld_n_tables_1,54.84,69.84,63.22,CSK,sex_avg
CSK,1949,20,hld_n_tables_1,50.260000000000005,70.26,63.22,CSK,sex_avg
CSK,1949,30,hld_n_tables_1,41.3,71.30000000000001,63.22,CSK,sex_avg
CSK,1949,50,hld_n_tables_1,23.740000000000002,73.74000000000001,63.22,CSK,sex_avg
CSK,1949,65,hld_n_tables_1,12.79,77.79,63.22,CSK,sex_avg
CSK,1950,0,hld_n_tables_1,64.28999999999999,64.28999999999999,64.28999999999999,CSK,sex_avg
CSK,1950,1,hld_n_tables_1,68.095,69.095,64.28999999999999,CSK,sex_avg
CSK,1950,5,hld_n_tables_1,64.85,69.85,64.28999999999999,CSK,sex_avg
CSK,1950,15,hld_n_tables_1,55.305,70.305,64.28999999999999,CSK,sex_avg
CSK,1950,20,hld_n_tables_1,50.67,70.67,64.28999999999999,CSK,sex_avg
CSK,1950,30,hld_n_tables_1,41.58,71.58,64.28999999999999,CSK,sex_avg
CSK,1950,50,hld_n_tables_1,23.854999999999997,73.85499999999999,64.28999999999999,CSK,sex_avg
CSK,1950,65,hld_n_tables_1,12.805,77.805,64.28999999999999,CSK,sex_avg
CSK,1953,0,hld_n_tables_1,67.57,67.57,67.57,CSK,sex_avg
CSK,1953,1,hld_n_tables_1,69.28999999999999,70.28999999999999,67.57,CSK,sex_avg
CSK,1953,5,hld_n_tables_1,65.83,70.83000000000001,67.57,CSK,sex_avg
CSK,1953,15,hld_n_tables_1,56.165,71.16499999999999,67.57,CSK,sex_avg
CSK,1953,20,hld_n_tables_1,51.435,71.435,67.57,CSK,sex_avg
CSK,1953,30,hld_n_tables_1,42.09,72.09,67.57,CSK,sex_avg
CSK,1953,50,hld_n_tables_1,24.035,74.035,67.57,CSK,sex_avg
CSK,1953,65,hld_n_tables_1,12.809999999999999,77.81,67.57,CSK,sex_avg
CSK,1955,0,hld_n_tables_1,68.69,68.69,68.69,CSK,sex_avg
CSK,1955,1,hld_n_tables_1,70.08000000000001,71.08000000000001,68.69,CSK,sex_avg
CSK,1955,5,hld_n_tables_1,66.55,71.55,68.69,CSK,sex_avg
CSK,1955,15,hld_n_tables_1,56.885000000000005,71.885,68.69,CSK,sex_avg
CSK,1955,20,hld_n_tables_1,52.120000000000005,72.12,68.69,CSK,sex_avg
CSK,1955,30,hld_n_tables_1,42.75,72.75,68.69,CSK,sex_avg
CSK,1955,50,hld_n_tables_1,24.625,74.625,68.69,CSK,sex_avg
CSK,1955,65,hld_n_tables_1,13.379999999999999,78.38,68.69,CSK,sex_avg
CSK,1956,0,hld_n_tables_1,69.02000000000001,69.02000000000001,69.02000000000001,CSK,sex_avg
CSK,1956,1,hld_n_tables_1,70.185,71.185,69.02000000000001,CSK,sex_avg
CSK,1956,5,hld_n_tables_1,66.595,71.595,69.02000000000001,CSK,sex_avg
CSK,1956,15,hld_n_tables_1,56.915,71.91499999999999,69.02000000000001,CSK,sex_avg
CSK,1956,20,hld_n_tables_1,52.16,72.16,69.02000000000001,CSK,sex_avg
CSK,1956,30,hld_n_tables_1,42.76,72.75999999999999,69.02000000000001,CSK,sex_avg
CSK,1956,50,hld_n_tables_1,24.490000000000002,74.49000000000001,69.02000000000001,CSK,sex_avg
CSK,1956,65,hld_n_tables_1,13.11,78.11,69.02000000000001,CSK,sex_avg
CSK,1958,0,hld_n_tables_1,69.76,69.76,69.76,CSK,sex_avg
CSK,1958,1,hld_n_tables_1,70.825,71.825,69.76,CSK,sex_avg
CSK,1958,5,hld_n_tables_1,67.21000000000001,72.21000000000001,69.76,CSK,sex_avg
CSK,1958,15,hld_n_tables_1,57.505,72.50500000000001,69.76,CSK,sex_avg
CSK,1958,20,hld_n_tables_1,52.745000000000005,72.745,69.76,CSK,sex_avg
CSK,1958,30,hld_n_tables_1,43.305,73.30499999999999,69.76,CSK,sex_avg
CSK,1958,50,hld_n_tables_1,24.995,74.995,69.76,CSK,sex_avg
CSK,1958,65,hld_n_tables_1,13.515,78.515,69.76,CSK,sex_avg
CSK,1959,0,hld_n_tables_1,70.12,70.12,70.12,CSK,sex_avg
CSK,1959,1,hld_n_tables_1,70.83000000000001,71.83000000000001,70.12,CSK,sex_avg
CSK,1959,5,hld_n_tables_1,67.18,72.18,70.12,CSK,sex_avg
CSK,1959,15,hld_n_tables_1,57.45,72.45,70.12,CSK,sex_avg
CSK,1959,20,hld_n_tables_1,52.685,72.685,70.12,CSK,sex_avg
CSK,1959,30,hld_n_tables_1,43.25,73.25,70.12,CSK,sex_avg
CSK,1959,50,hld_n_tables_1,24.92,74.92,70.12,CSK,sex_avg
CSK,1959,65,hld_n_tables_1,13.405000000000001,78.405,70.12,CSK,sex_avg
CSK,1962,0,hld_n_tables_1,69.97,69.97,69.97,CSK,sex_avg
CSK,1962,1,hld_n_tables_1,70.58500000000001,71.58500000000001,69.97,CSK,sex_avg
CSK,1962,5,hld_n_tables_1,66.895,71.895,69.97,CSK,sex_avg
CSK,1962,15,hld_n_tables_1,57.165,72.16499999999999,69.97,CSK,sex_avg
CSK,1962,20,hld_n_tables_1,52.375,72.375,69.97,CSK,sex_avg
CSK,1962,30,hld_n_tables_1,42.905,72.905,69.97,CSK,sex_avg
CSK,1962,50,hld_n_tables_1,24.515,74.515,69.97,CSK,sex_avg
CSK,1962,65,hld_n_tables_1,12.965,77.965,69.97,CSK,sex_avg
CSK,1966,0,hld_n_tables_1,70.505,70.505,70.505,CSK,sex_avg
CSK,1966,1,hld_n_tables_1,71.195,72.195,70.505,CSK,sex_avg
CSK,1966,5,hld_n_tables_1,67.5,72.5,70.505,CSK,sex_avg
CSK,1966,15,hld_n_tables_1,57.765,72.765,70.505,CSK,sex_avg
CSK,1966,20,hld_n_tables_1,52.985,72.985,70.505,CSK,sex_avg
CSK,1966,30,hld_n_tables_1,43.515,73.515,70.505,CSK,sex_avg
CSK,1966,50,hld_n_tables_1,25.145,75.145,70.505,CSK,sex_avg
CSK,1966,65,hld_n_tables_1,13.52,78.52000000000001,70.505,CSK,sex_avg
CSK,1968,0,hld_n_tables_1,70.20500000000001,70.20500000000001,70.20500000000001,CSK,sex_avg
CSK,1968,1,hld_n_tables_1,70.775,71.775,70.20500000000001,CSK,sex_avg
CSK,1968,5,hld_n_tables_1,67.035,72.035,70.20500000000001,CSK,sex_avg
CSK,1968,15,hld_n_tables_1,57.295,72.29499999999999,70.20500000000001,CSK,sex_avg
CSK,1968,20,hld_n_tables_1,52.53,72.53,70.20500000000001,CSK,sex_avg
CSK,1968,30,hld_n_tables_1,43.1,73.1,70.20500000000001,CSK,sex_avg
CSK,1968,50,hld_n_tables_1,24.85,74.85,70.20500000000001,CSK,sex_avg
CSK,1968,65,hld_n_tables_1,13.35,78.35,70.20500000000001,CSK,sex_avg
CSK,1969,0,hld_n_tables_1,69.71000000000001,69.71000000000001,69.71000000000001,CSK,sex_avg
CSK,1969,1,hld_n_tables_1,70.35,71.35,69.71000000000001,CSK,sex_avg
CSK,1969,5,hld_n_tables_1,66.63,71.63,69.71000000000001,CSK,sex_avg
CSK,1969,15,hld_n_tables_1,56.9,71.9,69.71000000000001,CSK,sex_avg
CSK,1969,20,hld_n_tables_1,52.15,72.15,69.71000000000001,CSK,sex_avg
CSK,1969,30,hld_n_tables_1,42.705,72.705,69.71000000000001,CSK,sex_avg
CSK,1969,50,hld_n_tables_1,24.525,74.525,69.71000000000001,CSK,sex_avg
CSK,1969,65,hld_n_tables_1,13.094999999999999,78.095,69.71000000000001,CSK,sex_avg
CSK,1970,0,hld_n_tables_1,69.74000000000001,69.74000000000001,69.74000000000001,CSK,sex_avg
CSK,1970,1,hld_n_tables_1,70.28,71.28,69.74000000000001,CSK,sex_avg
CSK,1970,5,hld_n_tables_1,66.545,71.545,69.74000000000001,CSK,sex_avg
CSK,1970,15,hld_n_tables_1,56.790000000000006,71.79,69.74000000000001,CSK,sex_avg
CSK,1970,20,hld_n_tables_1,52.03,72.03,69.74000000000001,CSK,sex_avg
CSK,1970,30,hld_n_tables_1,42.56,72.56,69.74000000000001,CSK,sex_avg
CSK,1970,50,hld_n_tables_1,24.41,74.41,69.74000000000001,CSK,sex_avg
CSK,1970,65,hld_n_tables_1,13.045,78.04499999999999,69.74000000000001,CSK,sex_avg
CSK,1971,0,hld_n_tables_1,69.935,69.935,69.935,CSK,sex_avg
CSK,1971,1,hld_n_tables_1,70.47999999999999,71.47999999999999,69.935,CSK,sex_avg
CSK,1971,5,hld_n_tables_1,66.74,71.74000000000001,69.935,CSK,sex_avg
CSK,1971,15,hld_n_tables_1,56.985,71.985,69.935,CSK,sex_avg
CSK,1971,20,hld_n_tables_1,52.205,72.205,69.935,CSK,sex_avg
CSK,1971,30,hld_n_tables_1,42.72,72.72,69.935,CSK,sex_avg
CSK,1971,50,hld_n_tables_1,24.58,74.58000000000001,69.935,CSK,sex_avg
CSK,1971,65,hld_n_tables_1,13.16,78.16,69.935,CSK,sex_avg
CSK,1972,0,hld_n_tables_1,70.5,70.5,70.5,CSK,sex_avg
CSK,1972,1,hld_n_tables_1,71.095,72.095,70.5,CSK,sex_avg
CSK,1972,5,hld_n_tables_1,67.31,72.31,70.5,CSK,sex_avg
CSK,1972,15,hld_n_tables_1,57.555,72.555,70.5,CSK,sex_avg
CSK,1972,20,hld_n_tables_1,52.78,72.78,70.5,CSK,sex_avg
CSK,1972,30,hld_n_tables_1,43.28,73.28,70.5,CSK,sex_avg
CSK,1972,50,hld_n_tables_1,25.095,75.095,70.5,CSK,sex_avg
CSK,1972,65,hld_n_tables_1,13.68,78.68,70.5,CSK,sex_avg
CSK,1973,0,hld_n_tables_1,70.14,70.14,70.14,CSK,sex_avg
CSK,1973,1,hld_n_tables_1,70.72,71.72,70.14,CSK,sex_avg
CSK,1973,5,hld_n_tables_1,66.955,71.955,70.14,CSK,sex_avg
CSK,1973,15,hld_n_tables_1,57.185,72.185,70.14,CSK,sex_avg
CSK,1973,20,hld_n_tables_1,52.41,72.41,70.14,CSK,sex_avg
CSK,1973,30,hld_n_tables_1,42.900000000000006,72.9,70.14,CSK,sex_avg
CSK,1973,50,hld_n_tables_1,24.65,74.65,70.14,CSK,sex_avg
CSK,1973,65,hld_n_tables_1,13.254999999999999,78.255,70.14,CSK,sex_avg
CSK,1974,0,hld_n_tables_1,70.25999999999999,70.25999999999999,70.25999999999999,CSK,sex_avg
CSK,1974,1,hld_n_tables_1,70.77000000000001,71.77000000000001,70.25999999999999,CSK,sex_avg
CSK,1974,5,hld_n_tables_1,66.985,71.98500000000001,70.25999999999999,CSK,sex_avg
CSK,1974,15,hld_n_tables_1,57.21,72.21000000000001,70.25999999999999,CSK,sex_avg
CSK,1974,20,hld_n_tables_1,52.415000000000006,72.415,70.25999999999999,CSK,sex_avg
CSK,1974,30,hld_n_tables_1,42.86,72.86,70.25999999999999,CSK,sex_avg
CSK,1974,50,hld_n_tables_1,24.619999999999997,74.62,70.25999999999999,CSK,sex_avg
CSK,1974,65,hld_n_tables_1,13.21,78.21000000000001,70.25999999999999,CSK,sex_avg
CSK,1975,0,hld_n_tables_1,70.565,70.565,70.565,CSK,sex_avg
CSK,1975,1,hld_n_tables_1,71.06,72.06,70.565,CSK,sex_avg
CSK,1975,5,hld_n_tables_1,67.25999999999999,72.25999999999999,70.565,CSK,sex_avg
CSK,1975,15,hld_n_tables_1,57.5,72.5,70.565,CSK,sex_avg
CSK,1975,20,hld_n_tables_1,52.69,72.69,70.565,CSK,sex_avg
CSK,1975,30,hld_n_tables_1,43.144999999999996,73.14500000000001,70.565,CSK,sex_avg
CSK,1975,50,hld_n_tables_1,24.884999999999998,74.88499999999999,70.565,CSK,sex_avg
CSK,1975,65,hld_n_tables_1,13.43,78.43,70.565,CSK,sex_avg
CSK,1976,0,hld_n_tables_1,70.69,70.69,70.69,CSK,sex_avg
CSK,1976,1,hld_n_tables_1,71.185,72.185,70.69,CSK,sex_avg
CSK,1976,5,hld_n_tables_1,67.375,72.375,70.69,CSK,sex_avg
CSK,1976,15,hld_n_tables_1,57.599999999999994,72.6,70.69,CSK,sex_avg
CSK,1976,20,hld_n_tables_1,52.785,72.785,70.69,CSK,sex_avg
CSK,1976,30,hld_n_tables_1,43.235,73.235,70.69,CSK,sex_avg
CSK,1976,50,hld_n_tables_1,24.945,74.945,70.69,CSK,sex_avg
CSK,1976,65,hld_n_tables_1,13.495000000000001,78.495,70.69,CSK,sex_avg
CSK,1977,0,hld_n_tables_1,70.71000000000001,70.71000000000001,70.71000000000001,CSK,sex_avg
CSK,1977,1,hld_n_tables_1,71.11,72.11,70.71000000000001,CSK,sex_avg
CSK,1977,5,hld_n_tables_1,67.295,72.295,70.71000000000001,CSK,sex_avg
CSK,1977,15,hld_n_tables_1,57.510000000000005,72.50999999999999,70.71000000000001,CSK,sex_avg
CSK,1977,20,hld_n_tables_1,52.695,72.695,70.71000000000001,CSK,sex_avg
CSK,1977,30,hld_n_tables_1,43.115,73.11500000000001,70.71000000000001,CSK,sex_avg
CSK,1977,50,hld_n_tables_1,24.869999999999997,74.87,70.71000000000001,CSK,sex_avg
CSK,1977,65,hld_n_tables_1,13.485,78.485,70.71000000000001,CSK,sex_avg
CSK,1978,0,hld_n_tables_1,70.73,70.73,70.73,CSK,sex_avg
CSK,1978,1,hld_n_tables_1,71.075,72.075,70.73,CSK,sex_avg
CSK,1978,5,hld_n_tables_1,67.255,72.255,70.73,CSK,sex_avg
CSK,1978,15,hld_n_tables_1,57.47,72.47,70.73,CSK,sex_avg
CSK,1978,20,hld_n_tables_1,52.644999999999996,72.645,70.73,CSK,sex_avg
CSK,1978,30,hld_n_tables_1,43.075,73.07499999999999,70.73,CSK,sex_avg
CSK,1978,50,hld_n_tables_1,24.825,74.825,70.73,CSK,sex_avg
CSK,1978,65,hld_n_tables_1,13.535,78.535,70.73,CSK,sex_avg
CSK,1979,0,hld_n_tables_1,71.16499999999999,71.16499999999999,71.16499999999999,CSK,sex_avg
CSK,1979,1,hld_n_tables_1,71.285,72.285,71.16499999999999,CSK,sex_avg
CSK,1979,5,hld_n_tables_1,67.57499999999999,72.57499999999999,71.16499999999999,CSK,sex_avg
CSK,1979,15,hld_n_tables_1,57.785,72.785,71.16499999999999,CSK,sex_avg
CSK,1979,20,hld_n_tables_1,52.935,72.935,71.16499999999999,CSK,sex_avg
CSK,1979,30,hld_n_tables_1,43.345,73.345,71.16499999999999,CSK,sex_avg
CSK,1979,50,hld_n_tables_1,25.035,75.035,71.16499999999999,CSK,sex_avg
CSK,1979,65,hld_n_tables_1,13.585,78.58500000000001,71.16499999999999,CSK,sex_avg
CSK,1980,0,hld_n_tables_1,70.53,70.53,70.53,CSK,sex_avg
CSK,1980,1,hld_n_tables_1,70.785,71.785,70.53,CSK,sex_avg
CSK,1980,5,hld_n_tables_1,66.965,71.965,70.53,CSK,sex_avg
CSK,1980,15,hld_n_tables_1,57.18,72.17999999999999,70.53,CSK,sex_avg
CSK,1980,20,hld_n_tables_1,52.34,72.34,70.53,CSK,sex_avg
CSK,1980,30,hld_n_tables_1,42.75,72.75,70.53,CSK,sex_avg
CSK,1980,50,hld_n_tables_1,24.490000000000002,74.49,70.53,CSK,sex_avg
CSK,1980,65,hld_n_tables_1,13.23,78.22999999999999,70.53,CSK,sex_avg
CSK,1981,0,hld_n_tables_1,70.86,70.86,70.86,CSK,sex_avg
CSK,1981,1,hld_n_tables_1,71.045,72.045,70.86,CSK,sex_avg
CSK,1981,5,hld_n_tables_1,67.205,72.20500000000001,70.86,CSK,sex_avg
CSK,1981,15,hld_n_tables_1,57.41,72.41,70.86,CSK,sex_avg
CSK,1981,20,hld_n_tables_1,52.58,72.58,70.86,CSK,sex_avg
CSK,1981,30,hld_n_tables_1,43.010000000000005,73.01,70.86,CSK,sex_avg
CSK,1981,50,hld_n_tables_1,24.755,74.755,70.86,CSK,sex_avg
CSK,1981,65,hld_n_tables_1,13.48,78.48,70.86,CSK,sex_avg
CSK,1982,0,hld_n_tables_1,70.98,70.98,70.98,CSK,sex_avg
CSK,1982,1,hld_n_tables_1,71.125,72.125,70.98,CSK,sex_avg
CSK,1982,5,hld_n_tables_1,67.28,72.28,70.98,CSK,sex_avg
CSK,1982,15,hld_n_tables_1,57.47,72.47,70.98,CSK,sex_avg
CSK,1982,20,hld_n_tables_1,52.64,72.64,70.98,CSK,sex_avg
CSK,1982,30,hld_n_tables_1,43.03,73.03,70.98,CSK,sex_avg
CSK,1982,50,hld_n_tables_1,24.745,74.745,70.98,CSK,sex_avg
CSK,1982,65,hld_n_tables_1,13.43,78.42999999999999,70.98,CSK,sex_avg
CSK,1983,0,hld_n_tables_1,70.695,70.695,70.695,CSK,sex_avg
CSK,1983,1,hld_n_tables_1,70.805,71.805,70.695,CSK,sex_avg
CSK,1983,5,hld_n_tables_1,66.955,71.955,70.695,CSK,sex_avg
CSK,1983,15,hld_n_tables_1,57.15,72.15,70.695,CSK,sex_avg
CSK,1983,20,hld_n_tables_1,52.31,72.31,70.695,CSK,sex_avg
CSK,1983,30,hld_n_tables_1,42.71,72.71,70.695,CSK,sex_avg
CSK,1983,50,hld_n_tables_1,24.48,74.48,70.695,CSK,sex_avg
CSK,1983,65,hld_n_tables_1,13.254999999999999,78.255,70.695,CSK,sex_avg
CSK,1984,0,hld_n_tables_1,70.95,70.95,70.95,CSK,sex_avg
CSK,1984,1,hld_n_tables_1,71.045,72.045,70.95,CSK,sex_avg
CSK,1984,5,hld_n_tables_1,67.19,72.19,70.95,CSK,sex_avg
CSK,1984,15,hld_n_tables_1,57.36,72.36,70.95,CSK,sex_avg
CSK,1984,20,hld_n_tables_1,52.515,72.515,70.95,CSK,sex_avg
CSK,1984,30,hld_n_tables_1,42.885000000000005,72.885,70.95,CSK,sex_avg
CSK,1984,50,hld_n_tables_1,24.645,74.64500000000001,70.95,CSK,sex_avg
CSK,1984,65,hld_n_tables_1,13.515,78.515,70.95,CSK,sex_avg
CSK,1985,0,hld_n_tables_1,71.14,71.14,71.14,CSK,sex_avg
CSK,1985,1,hld_n_tables_1,71.14,72.14,71.14,CSK,sex_avg
CSK,1985,5,hld_n_tables_1,67.285,72.285,71.14,CSK,sex_avg
CSK,1985,15,hld_n_tables_1,57.46,72.46000000000001,71.14,CSK,sex_avg
CSK,1985,20,hld_n_tables_1,52.614999999999995,72.615,71.14,CSK,sex_avg
CSK,1985,30,hld_n_tables_1,43.004999999999995,73.005,71.14,CSK,sex_avg
CSK,1985,50,hld_n_tables_1,24.740000000000002,74.74000000000001,71.14,CSK,sex_avg
CSK,1985,65,hld_n_tables_1,13.565,78.565,71.14,CSK,sex_avg
CSK,1986,0,hld_n_tables_1,71.08,71.08,71.08,CSK,sex_avg
CSK,1986,1,hld_n_tables_1,71.065,72.065,71.08,CSK,sex_avg
CSK,1986,5,hld_n_tables_1,67.21,72.21000000000001,71.08,CSK,sex_avg
CSK,1986,15,hld_n_tables_1,57.370000000000005,72.37,71.08,CSK,sex_avg
CSK,1986,20,hld_n_tables_1,52.53,72.53,71.08,CSK,sex_avg
CSK,1986,30,hld_n_tables_1,42.915,72.91499999999999,71.08,CSK,sex_avg
CSK,1986,50,hld_n_tables_1,24.634999999999998,74.635,71.08,CSK,sex_avg
CSK,1986,65,hld_n_tables_1,13.41,78.41,71.08,CSK,sex_avg
CSK,1987,0,hld_n_tables_1,71.525,71.525,71.525,CSK,sex_avg
CSK,1987,1,hld_n_tables_1,71.44,72.44,71.525,CSK,sex_avg
CSK,1987,5,hld_n_tables_1,67.59,72.59,71.525,CSK,sex_avg
CSK,1987,15,hld_n_tables_1,57.745000000000005,72.745,71.525,CSK,sex_avg
CSK,1987,20,hld_n_tables_1,52.894999999999996,72.89500000000001,71.525,CSK,sex_avg
CSK,1987,30,hld_n_tables_1,43.254999999999995,73.255,71.525,CSK,sex_avg
CSK,1987,50,hld_n_tables_1,24.97,74.97,71.525,CSK,sex_avg
CSK,1987,65,hld_n_tables_1,13.77,78.77000000000001,71.525,CSK,sex_avg
CSK,1988,0,hld_n_tables_1,71.675,71.675,71.675,CSK,sex_avg
CSK,1988,1,hld_n_tables_1,71.53,72.53,71.675,CSK,sex_avg
CSK,1988,5,hld_n_tables_1,67.67,72.67,71.675,CSK,sex_avg
CSK,1988,15,hld_n_tables_1,57.82,72.82,71.675,CSK,sex_avg
CSK,1988,20,hld_n_tables_1,52.975,72.975,71.675,CSK,sex_avg
CSK,1988,30,hld_n_tables_1,43.335,73.33500000000001,71.675,CSK,sex_avg
CSK,1988,50,hld_n_tables_1,25.060000000000002,75.06,71.675,CSK,sex_avg
CSK,1988,65,hld_n_tables_1,13.83,78.83,71.675,CSK,sex_avg
CSK,1989,0,hld_n_tables_1,71.66,71.66,71.66,CSK,sex_avg
CSK,1989,1,hld_n_tables_1,71.46000000000001,72.46000000000001,71.66,CSK,sex_avg
CSK,1989,5,hld_n_tables_1,67.595,72.595,71.66,CSK,sex_avg
CSK,1989,15,hld_n_tables_1,57.745,72.74499999999999,71.66,CSK,sex_avg
CSK,1989,20,hld_n_tables_1,52.885000000000005,72.88499999999999,71.66,CSK,sex_avg
CSK,1989,30,hld_n_tables_1,43.25,73.25,71.66,CSK,sex_avg
CSK,1989,50,hld_n_tables_1,24.99,74.99000000000001,71.66,CSK,sex_avg
CSK,1989,65,hld_n_tables_1,13.77,78.77,71.66,CSK,sex_avg
CSK,1990,0,hld_n_tables_1,71.61,71.61,71.61,CSK,sex_avg
CSK,1990,1,hld_n_tables_1,71.425,72.425,71.61,CSK,sex_avg
CSK,1990,5,hld_n_tables_1,67.55,72.55,71.61,CSK,sex_avg
CSK,1990,15,hld_n_tables_1,57.695,72.695,71.61,CSK,sex_avg
CSK,1990,20,hld_n_tables_1,52.855000000000004,72.85499999999999,71.61,CSK,sex_avg
CSK,1990,30,hld_n_tables_1,43.245,73.245,71.61,CSK,sex_avg
CSK,1990,50,hld_n_tables_1,25.045,75.045,71.61,CSK,sex_avg
CSK,1990,65,hld_n_tables_1,13.855,78.85499999999999,71.61,CSK,sex_avg
CUB,1919,0,hld_n_tables_1,39.075,39.075,39.075,CUB,sex_avg
CUB,1919,5,hld_n_tables_1,47.525000000000006,52.525000000000006,39.075,CUB,sex_avg
CUB,1919,15,hld_n_tables_1,40.25,55.25,39.075,CUB,sex_avg
CUB,1919,20,hld_n_tables_1,36.86,56.86,39.075,CUB,sex_avg
CUB,1919,30,hld_n_tables_1,31.200000000000003,61.2,39.075,CUB,sex_avg
CUB,1919,50,hld_n_tables_1,19.71,69.71000000000001,39.075,CUB,sex_avg
CUB,1919,65,hld_n_tables_1,11.74,76.74000000000001,39.075,CUB,sex_avg
CUB,1931,0,hld_n_tables_1,46.21,46.21,46.21,CUB,sex_avg
CUB,1931,5,hld_n_tables_1,52.955,57.955,46.21,CUB,sex_avg
CUB,1931,15,hld_n_tables_1,44.995000000000005,59.995000000000005,46.21,CUB,sex_avg
CUB,1931,20,hld_n_tables_1,41.185,61.185,46.21,CUB,sex_avg
CUB,1931,30,hld_n_tables_1,34.56,64.56,46.21,CUB,sex_avg
CUB,1931,50,hld_n_tables_1,21.424999999999997,71.425,46.21,CUB,sex_avg
CUB,1931,65,hld_n_tables_1,12.175,77.175,46.21,CUB,sex_avg
CUB,1950,0,hld_n_tables_1,58.225,58.225,58.225,CUB,sex_avg
CUB,1950,1,hld_n_tables_1,62.635,63.635,58.225,CUB,sex_avg
CUB,1950,5,hld_n_tables_1,61.150000000000006,66.15,58.225,CUB,sex_avg
CUB,1950,15,hld_n_tables_1,52.195,67.195,58.225,CUB,sex_avg
CUB,1950,20,hld_n_tables_1,47.815,67.815,58.225,CUB,sex_avg
CUB,1950,30,hld_n_tables_1,39.46,69.46000000000001,58.225,CUB,sex_avg
CUB,1950,50,hld_n_tables_1,23.335,73.33500000000001,58.225,CUB,sex_avg
CUB,1950,65,hld_n_tables_1,12.46,77.46000000000001,58.225,CUB,sex_avg
CUB,1952,0,hld_n_tables_1,58.91,58.91,58.91,CUB,sex_avg
CUB,1952,1,hld_n_tables_1,62.995000000000005,63.995000000000005,58.91,CUB,sex_avg
CUB,1952,5,hld_n_tables_1,61.235,66.235,58.91,CUB,sex_avg
CUB,1952,15,hld_n_tables_1,52.185,67.185,58.91,CUB,sex_avg
CUB,1952,20,hld_n_tables_1,47.76,67.76,58.91,CUB,sex_avg
CUB,1952,30,hld_n_tables_1,39.27,69.27000000000001,58.91,CUB,sex_avg
CUB,1952,50,hld_n_tables_1,22.875,72.875,58.91,CUB,sex_avg
CUB,1952,65,hld_n_tables_1,11.91,76.91,58.91,CUB,sex_avg
CUB,1960,0,hld_n_tables_1,63.959999999999994,63.959999999999994,63.959999999999994,CUB,sex_avg
CUB,1960,1,hld_n_tables_1,67.33500000000001,68.33500000000001,63.959999999999994,CUB,sex_avg
CUB,1960,5,hld_n_tables_1,64.82,69.82,63.959999999999994,CUB,sex_avg
CUB,1960,15,hld_n_tables_1,55.515,70.515,63.959999999999994,CUB,sex_avg
CUB,1960,20,hld_n_tables_1,50.985,70.985,63.959999999999994,CUB,sex_avg
CUB,1960,30,hld_n_tables_1,42.155,72.155,63.959999999999994,CUB,sex_avg
CUB,1960,50,hld_n_tables_1,25.03,75.03,63.959999999999994,CUB,sex_avg
CUB,1960,65,hld_n_tables_1,13.565000000000001,78.565,63.959999999999994,CUB,sex_avg
CUB,1963,0,hld_n_tables_1,64.995,64.995,64.995,CUB,sex_avg
CUB,1963,1,hld_n_tables_1,67.805,68.805,64.995,CUB,sex_avg
CUB,1963,5,hld_n_tables_1,65.085,70.085,64.995,CUB,sex_avg
CUB,1963,15,hld_n_tables_1,55.695,70.695,64.995,CUB,sex_avg
CUB,1963,20,hld_n_tables_1,51.1,71.1,64.995,CUB,sex_avg
CUB,1963,30,hld_n_tables_1,42.165,72.16499999999999,64.995,CUB,sex_avg
CUB,1963,50,hld_n_tables_1,24.810000000000002,74.81,64.995,CUB,sex_avg
CUB,1963,65,hld_n_tables_1,13.465,78.465,64.995,CUB,sex_avg
CUB,1970,0,hld_n_tables_1,69.855,69.855,69.855,CUB,sex_avg
CUB,1970,1,hld_n_tables_1,72.05,73.05,69.855,CUB,sex_avg
CUB,1970,5,hld_n_tables_1,68.58500000000001,73.58500000000001,69.855,CUB,sex_avg
CUB,1970,15,hld_n_tables_1,58.96,73.96000000000001,69.855,CUB,sex_avg
CUB,1970,20,hld_n_tables_1,54.28,74.28,69.855,CUB,sex_avg
CUB,1970,30,hld_n_tables_1,45.015,75.015,69.855,CUB,sex_avg
CUB,1970,50,hld_n_tables_1,26.965,76.965,69.855,CUB,sex_avg
CUB,1970,65,hld_n_tables_1,15.01,80.00999999999999,69.855,CUB,sex_avg
CUB,1980,0,hld_n_tables_1,73.75999999999999,73.75999999999999,73.75999999999999,CUB,sex_avg
CUB,1980,1,hld_n_tables_1,74.255,75.255,73.75999999999999,CUB,sex_avg
CUB,1980,5,hld_n_tables_1,70.575,75.575,73.75999999999999,CUB,sex_avg
CUB,1980,15,hld_n_tables_1,60.864999999999995,75.86500000000001,73.75999999999999,CUB,sex_avg
CUB,1980,20,hld_n_tables_1,56.15,76.15,73.75999999999999,CUB,sex_avg
CUB,1980,30,hld_n_tables_1,46.795,76.795,73.75999999999999,CUB,sex_avg
CUB,1980,50,hld_n_tables_1,28.535,78.535,73.75999999999999,CUB,sex_avg
CUB,1980,65,hld_n_tables_1,16.6,81.6,73.75999999999999,CUB,sex_avg
CUB,1990,0,hld_n_tables_1,74.785,74.785,74.785,CUB,sex_avg
CUB,1990,1,hld_n_tables_1,74.64500000000001,75.64500000000001,74.785,CUB,sex_avg
CUB,1990,5,hld_n_tables_1,70.935,75.935,74.785,CUB,sex_avg
CUB,1990,15,hld_n_tables_1,61.209999999999994,76.21,74.785,CUB,sex_avg
CUB,1990,20,hld_n_tables_1,56.47,76.47,74.785,CUB,sex_avg
CUB,1990,30,hld_n_tables_1,47.075,77.075,74.785,CUB,sex_avg
CUB,1990,50,hld_n_tables_1,28.775,78.775,74.785,CUB,sex_avg
CUB,1990,65,hld_n_tables_1,16.805,81.805,74.785,CUB,sex_avg
CUB,2000,0,hld_n_tables_1,76.71000000000001,76.71000000000001,76.71000000000001,CUB,sex_avg
CUB,2000,1,hld_n_tables_1,76.25,77.25,76.71000000000001,CUB,sex_avg
CUB,2000,5,hld_n_tables_1,72.4,77.4,76.71000000000001,CUB,sex_avg
CUB,2000,15,hld_n_tables_1,62.58,77.58000000000001,76.71000000000001,CUB,sex_avg
CUB,2000,20,hld_n_tables_1,57.76,77.75999999999999,76.71000000000001,CUB,sex_avg
CUB,2000,30,hld_n_tables_1,48.205,78.205,76.71000000000001,CUB,sex_avg
CUB,2000,50,hld_n_tables_1,29.705,79.705,76.71000000000001,CUB,sex_avg
CUB,2000,65,hld_n_tables_1,17.53,82.53,76.71000000000001,CUB,sex_avg
CUB,2010,0,hld_n_tables_1,78.88499999999999,78.88499999999999,78.88499999999999,CUB,sex_avg
CUB,2010,1,hld_n_tables_1,78.33,79.33,78.88499999999999,CUB,sex_avg
CUB,2010,5,hld_n_tables_1,74.44,79.44,78.88499999999999,CUB,sex_avg
CUB,2010,15,hld_n_tables_1,64.58,79.58,78.88499999999999,CUB,sex_avg
CUB,2010,20,hld_n_tables_1,59.715,79.715,78.88499999999999,CUB,sex_avg
CUB,2010,30,hld_n_tables_1,50.084999999999994,80.085,78.88499999999999,CUB,sex_avg
CUB,2010,50,hld_n_tables_1,31.380000000000003,81.38,78.88499999999999,CUB,sex_avg
CUB,2010,65,hld_n_tables_1,19.025,84.025,78.88499999999999,CUB,sex_avg
CYM,2010,0,hld_n_tables_1,82.25,82.25,82.25,CYM,sex_avg
CYM,2010,1,hld_n_tables_1,81.595,82.595,82.25,CYM,sex_avg
CYM,2010,5,hld_n_tables_1,77.75999999999999,82.75999999999999,82.25,CYM,sex_avg
CYM,2010,15,hld_n_tables_1,67.83,82.83,82.25,CYM,sex_avg
CYM,2010,20,hld_n_tables_1,63.09,83.09,82.25,CYM,sex_avg
CYM,2010,30,hld_n_tables_1,53.735,83.73500000000001,82.25,CYM,sex_avg
CYM,2010,50,hld_n_tables_1,34.254999999999995,84.255,82.25,CYM,sex_avg
CYM,2010,65,hld_n_tables_1,20.5,85.5,82.25,CYM,sex_avg
CYP,1950,0,hld_n_tables_1,68.285,68.285,68.285,CYP,sex_avg
CYP,1950,1,hld_n_tables_1,71.66,72.66,68.285,CYP,sex_avg
CYP,1950,5,hld_n_tables_1,69.2,74.2,68.285,CYP,sex_avg
CYP,1950,15,hld_n_tables_1,59.754999999999995,74.755,68.285,CYP,sex_avg
CYP,1950,20,hld_n_tables_1,54.965,74.965,68.285,CYP,sex_avg
CYP,1950,30,hld_n_tables_1,45.545,75.545,68.285,CYP,sex_avg
CYP,1950,50,hld_n_tables_1,27.145,77.14500000000001,68.285,CYP,sex_avg
CYP,1950,65,hld_n_tables_1,14.745000000000001,79.745,68.285,CYP,sex_avg
CYP,1953,0,hld_n_tables_1,71.655,71.655,71.655,CYP,sex_avg
CYP,1953,1,hld_n_tables_1,73.945,74.945,71.655,CYP,sex_avg
CYP,1953,5,hld_n_tables_1,70.8,75.8,71.655,CYP,sex_avg
CYP,1953,15,hld_n_tables_1,61.099999999999994,76.1,71.655,CYP,sex_avg
CYP,1953,20,hld_n_tables_1,56.265,76.265,71.655,CYP,sex_avg
CYP,1953,30,hld_n_tables_1,46.730000000000004,76.73,71.655,CYP,sex_avg
CYP,1953,50,hld_n_tables_1,28.04,78.03999999999999,71.655,CYP,sex_avg
CYP,1953,65,hld_n_tables_1,15.370000000000001,80.37,71.655,CYP,sex_avg
CYP,1956,0,hld_n_tables_1,72.59,72.59,72.59,CYP,sex_avg
CYP,1956,1,hld_n_tables_1,73.895,74.895,72.59,CYP,sex_avg
CYP,1956,5,hld_n_tables_1,70.62,75.62,72.59,CYP,sex_avg
CYP,1956,15,hld_n_tables_1,61.085,76.08500000000001,72.59,CYP,sex_avg
CYP,1956,20,hld_n_tables_1,56.315,76.315,72.59,CYP,sex_avg
CYP,1956,30,hld_n_tables_1,47.26,77.25999999999999,72.59,CYP,sex_avg
CYP,1956,50,hld_n_tables_1,28.994999999999997,78.995,72.59,CYP,sex_avg
CYP,1956,65,hld_n_tables_1,16.64,81.64,72.59,CYP,sex_avg
CYP,1960,0,hld_n_tables_1,74.47999999999999,74.47999999999999,74.47999999999999,CYP,sex_avg
CYP,1960,1,hld_n_tables_1,75.58500000000001,76.58500000000001,74.47999999999999,CYP,sex_avg
CYP,1960,5,hld_n_tables_1,72.08,77.08,74.47999999999999,CYP,sex_avg
CYP,1960,15,hld_n_tables_1,62.224999999999994,77.225,74.47999999999999,CYP,sex_avg
CYP,1960,20,hld_n_tables_1,57.335,77.33500000000001,74.47999999999999,CYP,sex_avg
CYP,1960,30,hld_n_tables_1,47.61,77.61000000000001,74.47999999999999,CYP,sex_avg
CYP,1960,50,hld_n_tables_1,28.745,78.745,74.47999999999999,CYP,sex_avg
CYP,1960,65,hld_n_tables_1,15.815,80.815,74.47999999999999,CYP,sex_avg
CYP,2002,0,hld_n_tables_1,78.91499999999999,78.91499999999999,78.91499999999999,CYP,sex_avg
CYP,2002,1,hld_n_tables_1,78.245,79.245,78.91499999999999,CYP,sex_avg
CYP,2002,5,hld_n_tables_1,74.38,79.38,78.91499999999999,CYP,sex_avg
CYP,2002,15,hld_n_tables_1,64.50999999999999,79.50999999999999,78.91499999999999,CYP,sex_avg
CYP,2002,20,hld_n_tables_1,59.66,79.66,78.91499999999999,CYP,sex_avg
CYP,2002,30,hld_n_tables_1,50.05,80.05,78.91499999999999,CYP,sex_avg
CYP,2002,50,hld_n_tables_1,30.825000000000003,80.82499999999999,78.91499999999999,CYP,sex_avg
CYP,2002,65,hld_n_tables_1,17.625,82.625,78.91499999999999,CYP,sex_avg
CYP,2004,0,hld_n_tables_1,79.245,79.245,79.245,CYP,sex_avg
CYP,2004,1,hld_n_tables_1,78.5,79.5,79.245,CYP,sex_avg
CYP,2004,5,hld_n_tables_1,74.63,79.63,79.245,CYP,sex_avg
CYP,2004,15,hld_n_tables_1,64.78,79.78,79.245,CYP,sex_avg
CYP,2004,20,hld_n_tables_1,59.92,79.91999999999999,79.245,CYP,sex_avg
CYP,2004,30,hld_n_tables_1,50.315,80.315,79.245,CYP,sex_avg
CYP,2004,50,hld_n_tables_1,31.215,81.215,79.245,CYP,sex_avg
CYP,2004,65,hld_n_tables_1,17.97,82.97,79.245,CYP,sex_avg
CYP,2006,0,hld_n_tables_1,79.88499999999999,79.88499999999999,79.88499999999999,CYP,sex_avg
CYP,2006,1,hld_n_tables_1,79.13499999999999,80.13499999999999,79.88499999999999,CYP,sex_avg
CYP,2006,5,hld_n_tables_1,75.19,80.19,79.88499999999999,CYP,sex_avg
CYP,2006,15,hld_n_tables_1,65.31,80.31,79.88499999999999,CYP,sex_avg
CYP,2006,20,hld_n_tables_1,60.445,80.445,79.88499999999999,CYP,sex_avg
CYP,2006,30,hld_n_tables_1,50.78,80.78,79.88499999999999,CYP,sex_avg
CYP,2006,50,hld_n_tables_1,31.555,81.555,79.88499999999999,CYP,sex_avg
CYP,2006,65,hld_n_tables_1,18.195,83.195,79.88499999999999,CYP,sex_avg
CYP,2008,0,hld_n_tables_1,79.94999999999999,79.94999999999999,79.94999999999999,CYP,sex_avg
CYP,2008,1,hld_n_tables_1,79.22999999999999,80.22999999999999,79.94999999999999,CYP,sex_avg
CYP,2008,5,hld_n_tables_1,75.285,80.285,79.94999999999999,CYP,sex_avg
CYP,2008,15,hld_n_tables_1,65.34,80.34,79.94999999999999,CYP,sex_avg
CYP,2008,20,hld_n_tables_1,60.455,80.45500000000001,79.94999999999999,CYP,sex_avg
CYP,2008,30,hld_n_tables_1,50.76,80.75999999999999,79.94999999999999,CYP,sex_avg
CYP,2008,50,hld_n_tables_1,31.58,81.58,79.94999999999999,CYP,sex_avg
CYP,2008,65,hld_n_tables_1,18.405,83.405,79.94999999999999,CYP,sex_avg
CYP,2009,0,hld_n_tables_1,80.35499999999999,80.35499999999999,80.35499999999999,CYP,sex_avg
CYP,2009,1,hld_n_tables_1,79.62,80.62,80.35499999999999,CYP,sex_avg
CYP,2009,5,hld_n_tables_1,75.705,80.705,80.35499999999999,CYP,sex_avg
CYP,2009,15,hld_n_tables_1,65.735,80.735,80.35499999999999,CYP,sex_avg
CYP,2009,20,hld_n_tables_1,60.8,80.8,80.35499999999999,CYP,sex_avg
CYP,2009,30,hld_n_tables_1,51.144999999999996,81.145,80.35499999999999,CYP,sex_avg
CYP,2009,50,hld_n_tables_1,31.955,81.955,80.35499999999999,CYP,sex_avg
CYP,2009,65,hld_n_tables_1,18.725,83.725,80.35499999999999,CYP,sex_avg
CYP,2011,0,hld_n_tables_1,81.355,81.355,81.355,CYP,sex_avg
CYP,2011,1,hld_n_tables_1,80.56,81.56,81.355,CYP,sex_avg
CYP,2011,5,hld_n_tables_1,76.66,81.66,81.355,CYP,sex_avg
CYP,2011,15,hld_n_tables_1,66.715,81.715,81.355,CYP,sex_avg
CYP,2011,20,hld_n_tables_1,61.76,81.75999999999999,81.355,CYP,sex_avg
CYP,2011,30,hld_n_tables_1,52.03,82.03,81.355,CYP,sex_avg
CYP,2011,50,hld_n_tables_1,32.84,82.84,81.355,CYP,sex_avg
CYP,2011,65,hld_n_tables_1,19.32,84.32,81.355,CYP,sex_avg
CYP,2012,0,hld_n_tables_1,81.47,81.47,81.47,CYP,sex_avg
CYP,2012,1,hld_n_tables_1,80.75999999999999,81.75999999999999,81.47,CYP,sex_avg
CYP,2012,5,hld_n_tables_1,76.82,81.82,81.47,CYP,sex_avg
CYP,2012,15,hld_n_tables_1,66.92,81.92,81.47,CYP,sex_avg
CYP,2012,20,hld_n_tables_1,61.98,81.97999999999999,81.47,CYP,sex_avg
CYP,2012,30,hld_n_tables_1,52.209999999999994,82.21,81.47,CYP,sex_avg
CYP,2012,50,hld_n_tables_1,32.885000000000005,82.88499999999999,81.47,CYP,sex_avg
CYP,2012,65,hld_n_tables_1,19.315,84.315,81.47,CYP,sex_avg
CYP,2013,0,hld_n_tables_1,82.06,82.06,82.06,CYP,sex_avg
CYP,2013,1,hld_n_tables_1,81.18,82.18,82.06,CYP,sex_avg
CYP,2013,5,hld_n_tables_1,77.18,82.18,82.06,CYP,sex_avg
CYP,2013,15,hld_n_tables_1,67.28,82.28,82.06,CYP,sex_avg
CYP,2013,20,hld_n_tables_1,62.355000000000004,82.355,82.06,CYP,sex_avg
CYP,2013,30,hld_n_tables_1,52.540000000000006,82.54,82.06,CYP,sex_avg
CYP,2013,50,hld_n_tables_1,33.2,83.2,82.06,CYP,sex_avg
CYP,2013,65,hld_n_tables_1,19.619999999999997,84.62,82.06,CYP,sex_avg
CYP,2014,0,hld_n_tables_1,81.96000000000001,81.96000000000001,81.96000000000001,CYP,sex_avg
CYP,2014,1,hld_n_tables_1,81.12,82.12,81.96000000000001,CYP,sex_avg
CYP,2014,5,hld_n_tables_1,77.14500000000001,82.14500000000001,81.96000000000001,CYP,sex_avg
CYP,2014,15,hld_n_tables_1,67.2,82.2,81.96000000000001,CYP,sex_avg
CYP,2014,20,hld_n_tables_1,62.28,82.28,81.96000000000001,CYP,sex_avg
CYP,2014,30,hld_n_tables_1,52.42,82.42,81.96000000000001,CYP,sex_avg
CYP,2014,50,hld_n_tables_1,33.1,83.1,81.96000000000001,CYP,sex_avg
CYP,2014,65,hld_n_tables_1,19.59,84.59,81.96000000000001,CYP,sex_avg
CYP,2015,0,hld_n_tables_1,81.815,81.815,81.815,CYP,sex_avg
CYP,2015,1,hld_n_tables_1,81.025,82.025,81.815,CYP,sex_avg
CYP,2015,5,hld_n_tables_1,77.07499999999999,82.07499999999999,81.815,CYP,sex_avg
CYP,2015,15,hld_n_tables_1,67.11,82.11,81.815,CYP,sex_avg
CYP,2015,20,hld_n_tables_1,62.19,82.19,81.815,CYP,sex_avg
CYP,2015,30,hld_n_tables_1,52.379999999999995,82.38,81.815,CYP,sex_avg
CYP,2015,50,hld_n_tables_1,33.115,83.11500000000001,81.815,CYP,sex_avg
CYP,2015,65,hld_n_tables_1,19.645000000000003,84.64500000000001,81.815,CYP,sex_avg
CYP,2016,0,hld_n_tables_1,82.395,82.395,82.395,CYP,sex_avg
CYP,2016,1,hld_n_tables_1,81.63,82.63,82.395,CYP,sex_avg
CYP,2016,5,hld_n_tables_1,77.645,82.645,82.395,CYP,sex_avg
CYP,2016,15,hld_n_tables_1,67.715,82.715,82.395,CYP,sex_avg
CYP,2016,20,hld_n_tables_1,62.790000000000006,82.79,82.395,CYP,sex_avg
CYP,2016,30,hld_n_tables_1,52.91,82.91,82.395,CYP,sex_avg
CYP,2016,50,hld_n_tables_1,33.55,83.55000000000001,82.395,CYP,sex_avg
CYP,2016,65,hld_n_tables_1,20.005000000000003,85.005,82.395,CYP,sex_avg
CYP,2017,0,hld_n_tables_1,82.195,82.195,82.195,CYP,sex_avg
CYP,2017,1,hld_n_tables_1,81.31,82.31,82.195,CYP,sex_avg
CYP,2017,5,hld_n_tables_1,77.37,82.37,82.195,CYP,sex_avg
CYP,2017,15,hld_n_tables_1,67.46000000000001,82.46000000000001,82.195,CYP,sex_avg
CYP,2017,20,hld_n_tables_1,62.505,82.505,82.195,CYP,sex_avg
CYP,2017,30,hld_n_tables_1,52.69,82.69,82.195,CYP,sex_avg
CYP,2017,50,hld_n_tables_1,33.355000000000004,83.35499999999999,82.195,CYP,sex_avg
CYP,2017,65,hld_n_tables_1,19.92,84.92,82.195,CYP,sex_avg
CYP,2018,0,hld_n_tables_1,82.35,82.35,82.35,CYP,sex_avg
CYP,2018,1,hld_n_tables_1,81.555,82.555,82.35,CYP,sex_avg
CYP,2018,5,hld_n_tables_1,77.59,82.59,82.35,CYP,sex_avg
CYP,2018,15,hld_n_tables_1,67.685,82.685,82.35,CYP,sex_avg
CYP,2018,20,hld_n_tables_1,62.75,82.75,82.35,CYP,sex_avg
CYP,2018,30,hld_n_tables_1,52.915000000000006,82.91499999999999,82.35,CYP,sex_avg
CYP,2018,50,hld_n_tables_1,33.555,83.555,82.35,CYP,sex_avg
CYP,2018,65,hld_n_tables_1,20.005,85.005,82.35,CYP,sex_avg
CYP,2019,0,hld_n_tables_1,82.135,82.135,82.135,CYP,sex_avg
CYP,2019,1,hld_n_tables_1,81.375,82.375,82.135,CYP,sex_avg
CYP,2019,5,hld_n_tables_1,77.44,82.44,82.135,CYP,sex_avg
CYP,2019,15,hld_n_tables_1,67.555,82.555,82.135,CYP,sex_avg
CYP,2019,20,hld_n_tables_1,62.614999999999995,82.61500000000001,82.135,CYP,sex_avg
CYP,2019,30,hld_n_tables_1,52.8,82.80000000000001,82.135,CYP,sex_avg
CYP,2019,50,hld_n_tables_1,33.445,83.445,82.135,CYP,sex_avg
CYP,2019,65,hld_n_tables_1,19.985,84.985,82.135,CYP,sex_avg
CYP,2020,0,hld_n_tables_1,82.18,82.18,82.18,CYP,sex_avg
CYP,2020,1,hld_n_tables_1,81.36,82.36,82.18,CYP,sex_avg
CYP,2020,5,hld_n_tables_1,77.39,82.39,82.18,CYP,sex_avg
CYP,2020,15,hld_n_tables_1,67.445,82.445,82.18,CYP,sex_avg
CYP,2020,20,hld_n_tables_1,62.49,82.49000000000001,82.18,CYP,sex_avg
CYP,2020,30,hld_n_tables_1,52.695,82.695,82.18,CYP,sex_avg
CYP,2020,50,hld_n_tables_1,33.405,83.405,82.18,CYP,sex_avg
CYP,2020,65,hld_n_tables_1,20.060000000000002,85.06,82.18,CYP,sex_avg
CYP,2021,0,hld_n_tables_1,81.42,81.42,81.42,CYP,sex_avg
CYP,2021,1,hld_n_tables_1,80.67,81.67,81.42,CYP,sex_avg
CYP,2021,5,hld_n_tables_1,76.735,81.735,81.42,CYP,sex_avg
CYP,2021,15,hld_n_tables_1,66.79499999999999,81.79499999999999,81.42,CYP,sex_avg
CYP,2021,20,hld_n_tables_1,61.815,81.815,81.42,CYP,sex_avg
CYP,2021,30,hld_n_tables_1,52.07,82.07,81.42,CYP,sex_avg
CYP,2021,50,hld_n_tables_1,32.879999999999995,82.88,81.42,CYP,sex_avg
CYP,2021,65,hld_n_tables_1,19.59,84.59,81.42,CYP,sex_avg
CYP,2022,0,hld_n_tables_1,81.91,81.91,81.91,CYP,sex_avg
CYP,2022,1,hld_n_tables_1,81.18,82.18,81.91,CYP,sex_avg
CYP,2022,5,hld_n_tables_1,77.245,82.245,81.91,CYP,sex_avg
CYP,2022,15,hld_n_tables_1,67.305,82.305,81.91,CYP,sex_avg
CYP,2022,20,hld_n_tables_1,62.355000000000004,82.355,81.91,CYP,sex_avg
CYP,2022,30,hld_n_tables_1,52.6,82.6,81.91,CYP,sex_avg
CYP,2022,50,hld_n_tables_1,33.25,83.25,81.91,CYP,sex_avg
CYP,2022,65,hld_n_tables_1,19.825,84.825,81.91,CYP,sex_avg
CYP,2023,0,hld_n_tables_1,82.515,82.515,82.515,CYP,sex_avg
CYP,2023,1,hld_n_tables_1,81.87,82.87,82.515,CYP,sex_avg
CYP,2023,5,hld_n_tables_1,77.91499999999999,82.91499999999999,82.515,CYP,sex_avg
CYP,2023,15,hld_n_tables_1,67.975,82.975,82.515,CYP,sex_avg
CYP,2023,20,hld_n_tables_1,63.015,83.015,82.515,CYP,sex_avg
CYP,2023,30,hld_n_tables_1,53.275000000000006,83.275,82.515,CYP,sex_avg
CYP,2023,50,hld_n_tables_1,33.985,83.985,82.515,CYP,sex_avg
CYP,2023,65,hld_n_tables_1,20.4,85.4,82.515,CYP,sex_avg
DNK,1950,0,hld_n_tables_1,70.64500000000001,70.64500000000001,70.64500000000001,Denmark,sex_avg
DNK,1950,1,hld_n_tables_1,71.765,72.765,70.64500000000001,Denmark,sex_avg
DNK,1950,5,hld_n_tables_1,68.145,73.145,70.64500000000001,Denmark,sex_avg
DNK,1950,15,hld_n_tables_1,58.43,73.43,70.64500000000001,Denmark,sex_avg
DNK,1950,20,hld_n_tables_1,53.62,73.61999999999999,70.64500000000001,Denmark,sex_avg
DNK,1950,30,hld_n_tables_1,44.129999999999995,74.13,70.64500000000001,Denmark,sex_avg
DNK,1950,50,hld_n_tables_1,25.835,75.83500000000001,70.64500000000001,Denmark,sex_avg
DNK,1950,65,hld_n_tables_1,14.03,79.03,70.64500000000001,Denmark,sex_avg
DNK,1953,0,hld_n_tables_1,71.38,71.38,71.38,Denmark,sex_avg
DNK,1953,1,hld_n_tables_1,72.305,73.305,71.38,Denmark,sex_avg
DNK,1953,5,hld_n_tables_1,68.625,73.625,71.38,Denmark,sex_avg
DNK,1953,15,hld_n_tables_1,58.85,73.85000000000001,71.38,Denmark,sex_avg
DNK,1953,20,hld_n_tables_1,54.03,74.03,71.38,Denmark,sex_avg
DNK,1953,30,hld_n_tables_1,44.515,74.515,71.38,Denmark,sex_avg
DNK,1953,50,hld_n_tables_1,26.09,76.09,71.38,Denmark,sex_avg
DNK,1953,65,hld_n_tables_1,14.215,79.215,71.38,Denmark,sex_avg
DNK,1959,0,hld_n_tables_1,72.21000000000001,72.21000000000001,72.21000000000001,Denmark,sex_avg
DNK,1959,1,hld_n_tables_1,72.81,73.81,72.21000000000001,Denmark,sex_avg
DNK,1959,5,hld_n_tables_1,69.07499999999999,74.07499999999999,72.21000000000001,Denmark,sex_avg
DNK,1959,15,hld_n_tables_1,59.305,74.305,72.21000000000001,Denmark,sex_avg
DNK,1959,20,hld_n_tables_1,54.47,74.47,72.21000000000001,Denmark,sex_avg
DNK,1959,30,hld_n_tables_1,44.875,74.875,72.21000000000001,Denmark,sex_avg
DNK,1959,50,hld_n_tables_1,26.354999999999997,76.355,72.21000000000001,Denmark,sex_avg
DNK,1959,65,hld_n_tables_1,14.399999999999999,79.4,72.21000000000001,Denmark,sex_avg
DOM,1955,0,hld_n_tables_1,49.93,49.93,49.93,DOM,sex_avg
DOM,1955,1,hld_n_tables_1,56.89,57.89,49.93,DOM,sex_avg
DOM,1955,5,hld_n_tables_1,58.56,63.56,49.93,DOM,sex_avg
DOM,1955,15,hld_n_tables_1,50.195,65.195,49.93,DOM,sex_avg
DOM,1955,20,hld_n_tables_1,45.96,65.96000000000001,49.93,DOM,sex_avg
DOM,1955,30,hld_n_tables_1,37.89,67.89,49.93,DOM,sex_avg
DOM,1955,50,hld_n_tables_1,22.14,72.14,49.93,DOM,sex_avg
DOM,1955,65,hld_n_tables_1,11.835,76.83500000000001,49.93,DOM,sex_avg
DOM,1965,0,hld_n_tables_1,56.89,56.89,56.89,DOM,sex_avg
DOM,1965,1,hld_n_tables_1,62.78,63.78,56.89,DOM,sex_avg
DOM,1965,5,hld_n_tables_1,62.515,67.515,56.89,DOM,sex_avg
DOM,1965,15,hld_n_tables_1,53.58,68.58000000000001,56.89,DOM,sex_avg
DOM,1965,20,hld_n_tables_1,49.07,69.07,56.89,DOM,sex_avg
DOM,1965,30,hld_n_tables_1,40.39,70.39,56.89,DOM,sex_avg
DOM,1965,50,hld_n_tables_1,23.545,73.545,56.89,DOM,sex_avg
DOM,1965,65,hld_n_tables_1,12.635,77.635,56.89,DOM,sex_avg
DOM,1975,0,hld_n_tables_1,62.05,62.05,62.05,DOM,sex_avg
DOM,1975,1,hld_n_tables_1,66.835,67.835,62.05,DOM,sex_avg
DOM,1975,5,hld_n_tables_1,64.16,69.16,62.05,DOM,sex_avg
DOM,1975,15,hld_n_tables_1,54.84,69.84,62.05,DOM,sex_avg
DOM,1975,20,hld_n_tables_1,50.205,70.205,62.05,DOM,sex_avg
DOM,1975,30,hld_n_tables_1,41.33,71.33000000000001,62.05,DOM,sex_avg
DOM,1975,50,hld_n_tables_1,24.32,74.32,62.05,DOM,sex_avg
DOM,1975,65,hld_n_tables_1,13.530000000000001,78.53,62.05,DOM,sex_avg
DOM,1981,0,hld_n_tables_1,63.095,63.095,63.095,DOM,sex_avg
DOM,1981,1,hld_n_tables_1,67.53,68.53,63.095,DOM,sex_avg
DOM,1981,5,hld_n_tables_1,64.395,69.395,63.095,DOM,sex_avg
DOM,1981,15,hld_n_tables_1,55.005,70.005,63.095,DOM,sex_avg
DOM,1981,20,hld_n_tables_1,50.36,70.36,63.095,DOM,sex_avg
DOM,1981,30,hld_n_tables_1,41.46,71.46000000000001,63.095,DOM,sex_avg
DOM,1981,50,hld_n_tables_1,24.455,74.45500000000001,63.095,DOM,sex_avg
DOM,1981,65,hld_n_tables_1,13.715,78.715,63.095,DOM,sex_avg
DOM,1985,0,hld_n_tables_1,65.815,65.815,65.815,DOM,sex_avg
DOM,1985,1,hld_n_tables_1,69.19,70.19,65.815,DOM,sex_avg
DOM,1985,5,hld_n_tables_1,65.805,70.805,65.815,DOM,sex_avg
DOM,1985,15,hld_n_tables_1,56.254999999999995,71.255,65.815,DOM,sex_avg
DOM,1985,20,hld_n_tables_1,51.575,71.575,65.815,DOM,sex_avg
DOM,1985,30,hld_n_tables_1,42.605000000000004,72.605,65.815,DOM,sex_avg
DOM,1985,50,hld_n_tables_1,25.509999999999998,75.51,65.815,DOM,sex_avg
DOM,1985,65,hld_n_tables_1,14.45,79.45,65.815,DOM,sex_avg
DOM,1993,0,hld_n_tables_1,67.66,67.66,67.66,DOM,sex_avg
DOM,1993,1,hld_n_tables_1,70.01499999999999,71.01499999999999,67.66,DOM,sex_avg
DOM,1993,5,hld_n_tables_1,66.515,71.515,67.66,DOM,sex_avg
DOM,1993,15,hld_n_tables_1,56.879999999999995,71.88,67.66,DOM,sex_avg
DOM,1993,20,hld_n_tables_1,52.185,72.185,67.66,DOM,sex_avg
DOM,1993,30,hld_n_tables_1,43.17,73.17,67.66,DOM,sex_avg
DOM,1993,50,hld_n_tables_1,26.015,76.015,67.66,DOM,sex_avg
DOM,1993,65,hld_n_tables_1,14.79,79.78999999999999,67.66,DOM,sex_avg
DOM,1995,0,hld_n_tables_1,68.53999999999999,68.53999999999999,68.53999999999999,DOM,sex_avg
DOM,1995,1,hld_n_tables_1,70.465,71.465,68.53999999999999,DOM,sex_avg
DOM,1995,5,hld_n_tables_1,66.83500000000001,71.83500000000001,68.53999999999999,DOM,sex_avg
DOM,1995,15,hld_n_tables_1,57.155,72.155,68.53999999999999,DOM,sex_avg
DOM,1995,20,hld_n_tables_1,52.47,72.47,68.53999999999999,DOM,sex_avg
DOM,1995,30,hld_n_tables_1,43.525000000000006,73.525,68.53999999999999,DOM,sex_avg
DOM,1995,50,hld_n_tables_1,26.36,76.36,68.53999999999999,DOM,sex_avg
DOM,1995,65,hld_n_tables_1,14.96,79.96000000000001,68.53999999999999,DOM,sex_avg
DOM,2002,0,hld_n_tables_1,69.3,69.3,69.3,DOM,sex_avg
DOM,2002,1,hld_n_tables_1,70.87,71.87,69.3,DOM,sex_avg
DOM,2002,5,hld_n_tables_1,67.115,72.115,69.3,DOM,sex_avg
DOM,2002,15,hld_n_tables_1,57.405,72.405,69.3,DOM,sex_avg
DOM,2002,20,hld_n_tables_1,52.72,72.72,69.3,DOM,sex_avg
DOM,2002,30,hld_n_tables_1,43.835,73.83500000000001,69.3,DOM,sex_avg
DOM,2002,50,hld_n_tables_1,26.68,76.68,69.3,DOM,sex_avg
DOM,2002,65,hld_n_tables_1,15.120000000000001,80.12,69.3,DOM,sex_avg
DOM,2005,0,hld_n_tables_1,69.72,69.72,69.72,DOM,sex_avg
DOM,2005,1,hld_n_tables_1,70.85,71.85,69.72,DOM,sex_avg
DOM,2005,5,hld_n_tables_1,67.22999999999999,72.22999999999999,69.72,DOM,sex_avg
DOM,2005,15,hld_n_tables_1,57.455,72.455,69.72,DOM,sex_avg
DOM,2005,20,hld_n_tables_1,52.735,72.735,69.72,DOM,sex_avg
DOM,2005,30,hld_n_tables_1,43.754999999999995,73.755,69.72,DOM,sex_avg
DOM,2005,50,hld_n_tables_1,26.35,76.35,69.72,DOM,sex_avg
DOM,2005,65,hld_n_tables_1,14.885,79.885,69.72,DOM,sex_avg
DOM,2010,0,hld_n_tables_1,72.715,72.715,72.715,DOM,sex_avg
DOM,2010,1,hld_n_tables_1,73.72999999999999,74.72999999999999,72.715,DOM,sex_avg
DOM,2010,5,hld_n_tables_1,69.965,74.965,72.715,DOM,sex_avg
DOM,2010,15,hld_n_tables_1,60.23,75.22999999999999,72.715,DOM,sex_avg
DOM,2010,20,hld_n_tables_1,55.525000000000006,75.525,72.715,DOM,sex_avg
DOM,2010,30,hld_n_tables_1,46.57,76.57,72.715,DOM,sex_avg
DOM,2010,50,hld_n_tables_1,29.33,79.33000000000001,72.715,DOM,sex_avg
DOM,2010,65,hld_n_tables_1,17.915,82.91499999999999,72.715,DOM,sex_avg
DZA,2001,0,hld_n_tables_1,70.42,70.42,70.42,DZA,sex_avg
DZA,2001,1,hld_n_tables_1,73.245,74.245,70.42,DZA,sex_avg
DZA,2001,5,hld_n_tables_1,69.72,74.72,70.42,DZA,sex_avg
DZA,2001,15,hld_n_tables_1,60.17,75.17,70.42,DZA,sex_avg
DZA,2001,20,hld_n_tables_1,55.415,75.41499999999999,70.42,DZA,sex_avg
DZA,2001,30,hld_n_tables_1,46.045,76.045,70.42,DZA,sex_avg
DZA,2001,50,hld_n_tables_1,27.84,77.84,70.42,DZA,sex_avg
DZA,2001,65,hld_n_tables_1,15.525,80.525,70.42,DZA,sex_avg
DZA,2002,0,hld_n_tables_1,73.235,73.235,73.235,DZA,sex_avg
DZA,2002,1,hld_n_tables_1,74.86,75.86,73.235,DZA,sex_avg
DZA,2002,5,hld_n_tables_1,71.27000000000001,76.27000000000001,73.235,DZA,sex_avg
DZA,2002,15,hld_n_tables_1,61.665000000000006,76.665,73.235,DZA,sex_avg
DZA,2002,20,hld_n_tables_1,56.87,76.87,73.235,DZA,sex_avg
DZA,2002,30,hld_n_tables_1,47.385000000000005,77.385,73.235,DZA,sex_avg
DZA,2002,50,hld_n_tables_1,28.884999999999998,78.88499999999999,73.235,DZA,sex_avg
DZA,2002,65,hld_n_tables_1,16.22,81.22,73.235,DZA,sex_avg
DZA,2003,0,hld_n_tables_1,73.27000000000001,73.27000000000001,73.27000000000001,DZA,sex_avg
DZA,2003,1,hld_n_tables_1,74.72,75.72,73.27000000000001,DZA,sex_avg
DZA,2003,5,hld_n_tables_1,71.125,76.125,73.27000000000001,DZA,sex_avg
DZA,2003,15,hld_n_tables_1,61.510000000000005,76.51,73.27000000000001,DZA,sex_avg
DZA,2003,20,hld_n_tables_1,56.72,76.72,73.27000000000001,DZA,sex_avg
DZA,2003,30,hld_n_tables_1,47.260000000000005,77.26,73.27000000000001,DZA,sex_avg
DZA,2003,50,hld_n_tables_1,28.815,78.815,73.27000000000001,DZA,sex_avg
DZA,2003,65,hld_n_tables_1,16.21,81.21000000000001,73.27000000000001,DZA,sex_avg
DZA,2004,0,hld_n_tables_1,74.07499999999999,74.07499999999999,74.07499999999999,DZA,sex_avg
DZA,2004,1,hld_n_tables_1,75.38499999999999,76.38499999999999,74.07499999999999,DZA,sex_avg
DZA,2004,5,hld_n_tables_1,71.78,76.78,74.07499999999999,DZA,sex_avg
DZA,2004,15,hld_n_tables_1,62.105000000000004,77.10499999999999,74.07499999999999,DZA,sex_avg
DZA,2004,20,hld_n_tables_1,57.285,77.285,74.07499999999999,DZA,sex_avg
DZA,2004,30,hld_n_tables_1,47.754999999999995,77.755,74.07499999999999,DZA,sex_avg
DZA,2004,50,hld_n_tables_1,29.205,79.20500000000001,74.07499999999999,DZA,sex_avg
DZA,2004,65,hld_n_tables_1,16.59,81.59,74.07499999999999,DZA,sex_avg
DZA,2005,0,hld_n_tables_1,74.005,74.005,74.005,DZA,sex_avg
DZA,2005,1,hld_n_tables_1,75.315,76.315,74.005,DZA,sex_avg
DZA,2005,5,hld_n_tables_1,71.69,76.69,74.005,DZA,sex_avg
DZA,2005,15,hld_n_tables_1,62.03,77.03,74.005,DZA,sex_avg
DZA,2005,20,hld_n_tables_1,57.205,77.205,74.005,DZA,sex_avg
DZA,2005,30,hld_n_tables_1,47.66,77.66,74.005,DZA,sex_avg
DZA,2005,50,hld_n_tables_1,29.075,79.075,74.005,DZA,sex_avg
DZA,2005,65,hld_n_tables_1,16.465,81.465,74.005,DZA,sex_avg
DZA,2006,0,hld_n_tables_1,74.71000000000001,74.71000000000001,74.71000000000001,DZA,sex_avg
DZA,2006,1,hld_n_tables_1,75.765,76.765,74.71000000000001,DZA,sex_avg
DZA,2006,5,hld_n_tables_1,72.11000000000001,77.11000000000001,74.71000000000001,DZA,sex_avg
DZA,2006,15,hld_n_tables_1,62.44499999999999,77.445,74.71000000000001,DZA,sex_avg
DZA,2006,20,hld_n_tables_1,57.620000000000005,77.62,74.71000000000001,DZA,sex_avg
DZA,2006,30,hld_n_tables_1,48.08,78.08000000000001,74.71000000000001,DZA,sex_avg
DZA,2006,50,hld_n_tables_1,29.509999999999998,79.50999999999999,74.71000000000001,DZA,sex_avg
DZA,2006,65,hld_n_tables_1,16.82,81.82,74.71000000000001,DZA,sex_avg
DZA,2007,0,hld_n_tables_1,74.82,74.82,74.82,DZA,sex_avg
DZA,2007,1,hld_n_tables_1,75.83,76.83,74.82,DZA,sex_avg
DZA,2007,5,hld_n_tables_1,72.18,77.18,74.82,DZA,sex_avg
DZA,2007,15,hld_n_tables_1,62.515,77.515,74.82,DZA,sex_avg
DZA,2007,20,hld_n_tables_1,57.7,77.7,74.82,DZA,sex_avg
DZA,2007,30,hld_n_tables_1,48.135000000000005,78.13499999999999,74.82,DZA,sex_avg
DZA,2007,50,hld_n_tables_1,29.47,79.47,74.82,DZA,sex_avg
DZA,2007,65,hld_n_tables_1,16.745,81.745,74.82,DZA,sex_avg
DZA,2008,0,hld_n_tables_1,74.94,74.94,74.94,DZA,sex_avg
DZA,2008,1,hld_n_tables_1,75.89500000000001,76.89500000000001,74.94,DZA,sex_avg
DZA,2008,5,hld_n_tables_1,72.22,77.22,74.94,DZA,sex_avg
DZA,2008,15,hld_n_tables_1,62.54,77.53999999999999,74.94,DZA,sex_avg
DZA,2008,20,hld_n_tables_1,57.71,77.71000000000001,74.94,DZA,sex_avg
DZA,2008,30,hld_n_tables_1,48.14,78.14,74.94,DZA,sex_avg
DZA,2008,50,hld_n_tables_1,29.5,79.5,74.94,DZA,sex_avg
DZA,2008,65,hld_n_tables_1,16.759999999999998,81.75999999999999,74.94,DZA,sex_avg
DZA,2009,0,hld_n_tables_1,74.85,74.85,74.85,DZA,sex_avg
DZA,2009,1,hld_n_tables_1,75.74000000000001,76.74000000000001,74.85,DZA,sex_avg
DZA,2009,5,hld_n_tables_1,72.06,77.06,74.85,DZA,sex_avg
DZA,2009,15,hld_n_tables_1,62.349999999999994,77.35,74.85,DZA,sex_avg
DZA,2009,20,hld_n_tables_1,57.525,77.525,74.85,DZA,sex_avg
DZA,2009,30,hld_n_tables_1,47.959999999999994,77.96,74.85,DZA,sex_avg
DZA,2009,50,hld_n_tables_1,29.325,79.32499999999999,74.85,DZA,sex_avg
DZA,2009,65,hld_n_tables_1,16.65,81.65,74.85,DZA,sex_avg
DZA,2010,0,hld_n_tables_1,76.16999999999999,76.16999999999999,76.16999999999999,DZA,sex_avg
DZA,2010,1,hld_n_tables_1,77.00999999999999,78.00999999999999,76.16999999999999,DZA,sex_avg
DZA,2010,5,hld_n_tables_1,73.31,78.31,76.16999999999999,DZA,sex_avg
DZA,2010,15,hld_n_tables_1,63.599999999999994,78.6,76.16999999999999,DZA,sex_avg
DZA,2010,20,hld_n_tables_1,58.765,78.765,76.16999999999999,DZA,sex_avg
DZA,2010,30,hld_n_tables_1,49.165,79.16499999999999,76.16999999999999,DZA,sex_avg
DZA,2010,50,hld_n_tables_1,30.475,80.475,76.16999999999999,DZA,sex_avg
DZA,2010,65,hld_n_tables_1,17.740000000000002,82.74000000000001,76.16999999999999,DZA,sex_avg
DZA,2011,0,hld_n_tables_1,76.34,76.34,76.34,DZA,sex_avg
DZA,2011,1,hld_n_tables_1,77.14,78.14,76.34,DZA,sex_avg
DZA,2011,5,hld_n_tables_1,73.425,78.425,76.34,DZA,sex_avg
DZA,2011,15,hld_n_tables_1,63.705,78.705,76.34,DZA,sex_avg
DZA,2011,20,hld_n_tables_1,58.875,78.875,76.34,DZA,sex_avg
DZA,2011,30,hld_n_tables_1,49.275,79.27499999999999,76.34,DZA,sex_avg
DZA,2011,50,hld_n_tables_1,30.575,80.57499999999999,76.34,DZA,sex_avg
DZA,2011,65,hld_n_tables_1,17.835,82.83500000000001,76.34,DZA,sex_avg
DZA,2012,0,hld_n_tables_1,76.315,76.315,76.315,DZA,sex_avg
DZA,2012,1,hld_n_tables_1,77.07,78.07,76.315,DZA,sex_avg
DZA,2012,5,hld_n_tables_1,73.34,78.34,76.315,DZA,sex_avg
DZA,2012,15,hld_n_tables_1,63.620000000000005,78.62,76.315,DZA,sex_avg
DZA,2012,20,hld_n_tables_1,58.79,78.78999999999999,76.315,DZA,sex_avg
DZA,2012,30,hld_n_tables_1,49.2,79.2,76.315,DZA,sex_avg
DZA,2012,50,hld_n_tables_1,30.52,80.52000000000001,76.315,DZA,sex_avg
DZA,2012,65,hld_n_tables_1,17.759999999999998,82.76,76.315,DZA,sex_avg
DZA,2013,0,hld_n_tables_1,76.695,76.695,76.695,DZA,sex_avg
DZA,2013,1,hld_n_tables_1,77.445,78.445,76.695,DZA,sex_avg
DZA,2013,5,hld_n_tables_1,73.725,78.725,76.695,DZA,sex_avg
DZA,2013,15,hld_n_tables_1,64.01,79.01,76.695,DZA,sex_avg
DZA,2013,20,hld_n_tables_1,59.175,79.175,76.695,DZA,sex_avg
DZA,2013,30,hld_n_tables_1,49.585,79.58500000000001,76.695,DZA,sex_avg
DZA,2013,50,hld_n_tables_1,30.854999999999997,80.85499999999999,76.695,DZA,sex_avg
DZA,2013,65,hld_n_tables_1,18.009999999999998,83.00999999999999,76.695,DZA,sex_avg
DZA,2014,0,hld_n_tables_1,76.77000000000001,76.77000000000001,76.77000000000001,DZA,sex_avg
DZA,2014,1,hld_n_tables_1,77.49000000000001,78.49000000000001,76.77000000000001,DZA,sex_avg
DZA,2014,5,hld_n_tables_1,73.765,78.765,76.77000000000001,DZA,sex_avg
DZA,2014,15,hld_n_tables_1,64.055,79.055,76.77000000000001,DZA,sex_avg
DZA,2014,20,hld_n_tables_1,59.22,79.22,76.77000000000001,DZA,sex_avg
DZA,2014,30,hld_n_tables_1,49.635000000000005,79.63499999999999,76.77000000000001,DZA,sex_avg
DZA,2014,50,hld_n_tables_1,30.895,80.895,76.77000000000001,DZA,sex_avg
DZA,2014,65,hld_n_tables_1,18.045,83.045,76.77000000000001,DZA,sex_avg
DZA,2015,0,hld_n_tables_1,76.775,76.775,76.775,DZA,sex_avg
DZA,2015,1,hld_n_tables_1,77.515,78.515,76.775,DZA,sex_avg
DZA,2015,5,hld_n_tables_1,73.775,78.775,76.775,DZA,sex_avg
DZA,2015,15,hld_n_tables_1,64.05,79.05000000000001,76.775,DZA,sex_avg
DZA,2015,20,hld_n_tables_1,59.230000000000004,79.22999999999999,76.775,DZA,sex_avg
DZA,2015,30,hld_n_tables_1,49.655,79.655,76.775,DZA,sex_avg
DZA,2015,50,hld_n_tables_1,30.89,80.89,76.775,DZA,sex_avg
DZA,2015,65,hld_n_tables_1,18.055,83.055,76.775,DZA,sex_avg
DZA,2016,0,hld_n_tables_1,77.19,77.19,77.19,DZA,sex_avg
DZA,2016,1,hld_n_tables_1,77.94,78.94,77.19,DZA,sex_avg
DZA,2016,5,hld_n_tables_1,74.18,79.18,77.19,DZA,sex_avg
DZA,2016,15,hld_n_tables_1,64.425,79.425,77.19,DZA,sex_avg
DZA,2016,20,hld_n_tables_1,59.59,79.59,77.19,DZA,sex_avg
DZA,2016,30,hld_n_tables_1,49.980000000000004,79.98,77.19,DZA,sex_avg
DZA,2016,50,hld_n_tables_1,31.155,81.155,77.19,DZA,sex_avg
DZA,2016,65,hld_n_tables_1,18.299999999999997,83.3,77.19,DZA,sex_avg
DZA,2017,0,hld_n_tables_1,77.235,77.235,77.235,DZA,sex_avg
DZA,2017,1,hld_n_tables_1,77.88499999999999,78.88499999999999,77.235,DZA,sex_avg
DZA,2017,5,hld_n_tables_1,74.11,79.11,77.235,DZA,sex_avg
DZA,2017,15,hld_n_tables_1,64.36,79.36000000000001,77.235,DZA,sex_avg
DZA,2017,20,hld_n_tables_1,59.525,79.525,77.235,DZA,sex_avg
DZA,2017,30,hld_n_tables_1,49.91,79.91,77.235,DZA,sex_avg
DZA,2017,50,hld_n_tables_1,31.060000000000002,81.06,77.235,DZA,sex_avg
DZA,2017,65,hld_n_tables_1,18.185000000000002,83.185,77.235,DZA,sex_avg
DZA,2018,0,hld_n_tables_1,77.35,77.35,77.35,DZA,sex_avg
DZA,2018,1,hld_n_tables_1,78.005,79.005,77.35,DZA,sex_avg
DZA,2018,5,hld_n_tables_1,74.25,79.25,77.35,DZA,sex_avg
DZA,2018,15,hld_n_tables_1,64.485,79.485,77.35,DZA,sex_avg
DZA,2018,20,hld_n_tables_1,59.650000000000006,79.65,77.35,DZA,sex_avg
DZA,2018,30,hld_n_tables_1,50.04,80.03999999999999,77.35,DZA,sex_avg
DZA,2018,50,hld_n_tables_1,31.205,81.205,77.35,DZA,sex_avg
DZA,2018,65,hld_n_tables_1,18.305,83.305,77.35,DZA,sex_avg
DZA,2019,0,hld_n_tables_1,77.47,77.47,77.47,DZA,sex_avg
DZA,2019,1,hld_n_tables_1,78.14500000000001,79.14500000000001,77.47,DZA,sex_avg
DZA,2019,5,hld_n_tables_1,74.37,79.37,77.47,DZA,sex_avg
DZA,2019,15,hld_n_tables_1,64.6,79.6,77.47,DZA,sex_avg
DZA,2019,20,hld_n_tables_1,59.769999999999996,79.77,77.47,DZA,sex_avg
DZA,2019,30,hld_n_tables_1,50.144999999999996,80.14500000000001,77.47,DZA,sex_avg
DZA,2019,50,hld_n_tables_1,31.265,81.26500000000001,77.47,DZA,sex_avg
DZA,2019,65,hld_n_tables_1,18.299999999999997,83.3,77.47,DZA,sex_avg
DZA,2020,0,hld_n_tables_1,76.00999999999999,76.00999999999999,76.00999999999999,DZA,sex_avg
DZA,2020,1,hld_n_tables_1,76.46000000000001,77.46000000000001,76.00999999999999,DZA,sex_avg
DZA,2020,5,hld_n_tables_1,72.65,77.65,76.00999999999999,DZA,sex_avg
DZA,2020,15,hld_n_tables_1,62.855000000000004,77.85499999999999,76.00999999999999,DZA,sex_avg
DZA,2020,20,hld_n_tables_1,58.0,78.0,76.00999999999999,DZA,sex_avg
DZA,2020,30,hld_n_tables_1,48.36,78.36,76.00999999999999,DZA,sex_avg
DZA,2020,50,hld_n_tables_1,29.515,79.515,76.00999999999999,DZA,sex_avg
DZA,2020,65,hld_n_tables_1,16.87,81.87,76.00999999999999,DZA,sex_avg
DZA,2021,0,hld_n_tables_1,75.76,75.76,75.76,DZA,sex_avg
DZA,2021,1,hld_n_tables_1,76.24000000000001,77.24000000000001,75.76,DZA,sex_avg
DZA,2021,5,hld_n_tables_1,72.43,77.43,75.76,DZA,sex_avg
DZA,2021,15,hld_n_tables_1,62.63,77.63,75.76,DZA,sex_avg
DZA,2021,20,hld_n_tables_1,57.78,77.78,75.76,DZA,sex_avg
DZA,2021,30,hld_n_tables_1,48.17,78.17,75.76,DZA,sex_avg
DZA,2021,50,hld_n_tables_1,29.369999999999997,79.37,75.76,DZA,sex_avg
DZA,2021,65,hld_n_tables_1,16.825,81.825,75.76,DZA,sex_avg
DZA,2022,0,hld_n_tables_1,77.825,77.825,77.825,DZA,sex_avg
DZA,2022,1,hld_n_tables_1,78.375,79.375,77.825,DZA,sex_avg
DZA,2022,5,hld_n_tables_1,74.57,79.57,77.825,DZA,sex_avg
DZA,2022,15,hld_n_tables_1,64.785,79.785,77.825,DZA,sex_avg
DZA,2022,20,hld_n_tables_1,59.955,79.95500000000001,77.825,DZA,sex_avg
DZA,2022,30,hld_n_tables_1,50.355,80.35499999999999,77.825,DZA,sex_avg
DZA,2022,50,hld_n_tables_1,31.445,81.445,77.825,DZA,sex_avg
DZA,2022,65,hld_n_tables_1,18.485,83.485,77.825,DZA,sex_avg
DZA,2023,0,hld_n_tables_1,78.5,78.5,78.5,DZA,sex_avg
DZA,2023,1,hld_n_tables_1,79.08500000000001,80.08500000000001,78.5,DZA,sex_avg
DZA,2023,5,hld_n_tables_1,75.295,80.295,78.5,DZA,sex_avg
DZA,2023,15,hld_n_tables_1,65.515,80.51500000000001,78.5,DZA,sex_avg
DZA,2023,20,hld_n_tables_1,60.675,80.67500000000001,78.5,DZA,sex_avg
DZA,2023,30,hld_n_tables_1,51.065,81.065,78.5,DZA,sex_avg
DZA,2023,50,hld_n_tables_1,32.105000000000004,82.10499999999999,78.5,DZA,sex_avg
DZA,2023,65,hld_n_tables_1,19.05,84.05,78.5,DZA,sex_avg
ECU,1950,0,hld_n_tables_1,47.245,47.245,47.245,ECU,sex_avg
ECU,1950,1,hld_n_tables_1,54.055,55.055,47.245,ECU,sex_avg
ECU,1950,5,hld_n_tables_1,54.845,59.845,47.245,ECU,sex_avg
ECU,1950,15,hld_n_tables_1,47.525000000000006,62.525000000000006,47.245,ECU,sex_avg
ECU,1950,20,hld_n_tables_1,43.45,63.449999999999996,47.245,ECU,sex_avg
ECU,1950,30,hld_n_tables_1,35.68,65.68,47.245,ECU,sex_avg
ECU,1950,50,hld_n_tables_1,21.020000000000003,71.02,47.245,ECU,sex_avg
ECU,1950,65,hld_n_tables_1,11.305,76.305,47.245,ECU,sex_avg
ECU,1960,0,hld_n_tables_1,53.095,53.095,53.095,ECU,sex_avg
ECU,1960,1,hld_n_tables_1,59.504999999999995,60.504999999999995,53.095,ECU,sex_avg
ECU,1960,5,hld_n_tables_1,59.739999999999995,64.74,53.095,ECU,sex_avg
ECU,1960,15,hld_n_tables_1,51.555,66.555,53.095,ECU,sex_avg
ECU,1960,20,hld_n_tables_1,47.245000000000005,67.245,53.095,ECU,sex_avg
ECU,1960,30,hld_n_tables_1,39.015,69.015,53.095,ECU,sex_avg
ECU,1960,50,hld_n_tables_1,23.35,73.35,53.095,ECU,sex_avg
ECU,1960,65,hld_n_tables_1,12.829999999999998,77.83,53.095,ECU,sex_avg
ECU,1970,0,hld_n_tables_1,57.825,57.825,57.825,ECU,sex_avg
ECU,1970,1,hld_n_tables_1,63.260000000000005,64.26,57.825,ECU,sex_avg
ECU,1970,5,hld_n_tables_1,62.565,67.565,57.825,ECU,sex_avg
ECU,1970,15,hld_n_tables_1,53.875,68.875,57.825,ECU,sex_avg
ECU,1970,20,hld_n_tables_1,49.394999999999996,69.395,57.825,ECU,sex_avg
ECU,1970,30,hld_n_tables_1,40.785,70.785,57.825,ECU,sex_avg
ECU,1970,50,hld_n_tables_1,24.41,74.41,57.825,ECU,sex_avg
ECU,1970,65,hld_n_tables_1,13.535,78.535,57.825,ECU,sex_avg
ECU,1980,0,hld_n_tables_1,63.125,63.125,63.125,ECU,sex_avg
ECU,1980,1,hld_n_tables_1,67.185,68.185,63.125,ECU,sex_avg
ECU,1980,5,hld_n_tables_1,65.38,70.38,63.125,ECU,sex_avg
ECU,1980,15,hld_n_tables_1,56.325,71.32499999999999,63.125,ECU,sex_avg
ECU,1980,20,hld_n_tables_1,51.735,71.73500000000001,63.125,ECU,sex_avg
ECU,1980,30,hld_n_tables_1,42.825,72.82499999999999,63.125,ECU,sex_avg
ECU,1980,50,hld_n_tables_1,25.8,75.8,63.125,ECU,sex_avg
ECU,1980,65,hld_n_tables_1,14.55,79.55,63.125,ECU,sex_avg
ECU,1990,0,hld_n_tables_1,68.92,68.92,68.92,ECU,sex_avg
ECU,1990,1,hld_n_tables_1,71.445,72.445,68.92,ECU,sex_avg
ECU,1990,5,hld_n_tables_1,68.5,73.5,68.92,ECU,sex_avg
ECU,1990,15,hld_n_tables_1,59.025,74.025,68.92,ECU,sex_avg
ECU,1990,20,hld_n_tables_1,54.385000000000005,74.38499999999999,68.92,ECU,sex_avg
ECU,1990,30,hld_n_tables_1,45.32,75.32,68.92,ECU,sex_avg
ECU,1990,50,hld_n_tables_1,27.814999999999998,77.815,68.92,ECU,sex_avg
ECU,1990,65,hld_n_tables_1,16.255000000000003,81.255,68.92,ECU,sex_avg
ECU,2000,0,hld_n_tables_1,72.9,72.9,72.9,ECU,sex_avg
ECU,2000,1,hld_n_tables_1,74.16499999999999,75.16499999999999,72.9,ECU,sex_avg
ECU,2000,5,hld_n_tables_1,70.83500000000001,75.83500000000001,72.9,ECU,sex_avg
ECU,2000,15,hld_n_tables_1,61.27,76.27000000000001,72.9,ECU,sex_avg
ECU,2000,20,hld_n_tables_1,56.65,76.64999999999999,72.9,ECU,sex_avg
ECU,2000,30,hld_n_tables_1,47.7,77.7,72.9,ECU,sex_avg
ECU,2000,50,hld_n_tables_1,30.215000000000003,80.215,72.9,ECU,sex_avg
ECU,2000,65,hld_n_tables_1,18.59,83.59,72.9,ECU,sex_avg
EGY,1927,0,hld_n_tables_1,30.89,30.89,30.89,EGY,sex_avg
EGY,1927,1,hld_n_tables_1,38.085,39.085,30.89,EGY,sex_avg
EGY,1927,5,hld_n_tables_1,41.29,46.29,30.89,EGY,sex_avg
EGY,1927,20,hld_n_tables_1,33.2,53.2,30.89,EGY,sex_avg
EGY,1927,30,hld_n_tables_1,28.54,58.54,30.89,EGY,sex_avg
EGY,1927,50,hld_n_tables_1,19.29,69.29,30.89,EGY,sex_avg
EGY,1998,0,hld_n_tables_1,68.485,68.485,68.485,EGY,sex_avg
EGY,1998,1,hld_n_tables_1,70.75999999999999,71.75999999999999,68.485,EGY,sex_avg
EGY,1998,5,hld_n_tables_1,67.455,72.455,68.485,EGY,sex_avg
EGY,1998,15,hld_n_tables_1,57.785,72.785,68.485,EGY,sex_avg
EGY,1998,20,hld_n_tables_1,52.925,72.92500000000001,68.485,EGY,sex_avg
EGY,1998,30,hld_n_tables_1,43.265,73.265,68.485,EGY,sex_avg
EGY,1998,50,hld_n_tables_1,24.58,74.58,68.485,EGY,sex_avg
EGY,1998,65,hld_n_tables_1,12.8,77.80000000000001,68.485,EGY,sex_avg
EST,1897,0,hld_n_tables_1,43.62,43.62,43.62,EST,sex_avg
EST,1897,1,hld_n_tables_1,51.504999999999995,52.504999999999995,43.62,EST,sex_avg
EST,1897,5,hld_n_tables_1,54.095,59.095,43.62,EST,sex_avg
EST,1897,15,hld_n_tables_1,47.75,62.75,43.62,EST,sex_avg
EST,1897,20,hld_n_tables_1,43.894999999999996,63.894999999999996,43.62,EST,sex_avg
EST,1897,30,hld_n_tables_1,36.37,66.37,43.62,EST,sex_avg
EST,1897,50,hld_n_tables_1,21.03,71.03,43.62,EST,sex_avg
EST,1897,65,hld_n_tables_1,11.3,76.30000000000001,43.62,EST,sex_avg
EST,1922,0,hld_n_tables_1,51.715,51.715,51.715,EST,sex_avg
EST,1922,1,hld_n_tables_1,57.125,58.125,51.715,EST,sex_avg
EST,1922,5,hld_n_tables_1,56.92,61.92,51.715,EST,sex_avg
EST,1922,15,hld_n_tables_1,48.894999999999996,63.894999999999996,51.715,EST,sex_avg
EST,1922,20,hld_n_tables_1,45.05,65.05,51.715,EST,sex_avg
EST,1922,30,hld_n_tables_1,37.685,67.685,51.715,EST,sex_avg
EST,1922,50,hld_n_tables_1,22.28,72.28,51.715,EST,sex_avg
EST,1922,65,hld_n_tables_1,12.17,77.16999999999999,51.715,EST,sex_avg
EST,1958,0,hld_n_tables_1,67.86,67.86,67.86,EST,sex_avg
EST,1958,1,hld_n_tables_1,69.37,70.37,67.86,EST,sex_avg
EST,1958,5,hld_n_tables_1,65.775,70.775,67.86,EST,sex_avg
EST,1958,15,hld_n_tables_1,56.195,71.195,67.86,EST,sex_avg
EST,1958,20,hld_n_tables_1,51.55,71.55,67.86,EST,sex_avg
EST,1958,30,hld_n_tables_1,42.495000000000005,72.495,67.86,EST,sex_avg
EST,1958,50,hld_n_tables_1,24.845,74.845,67.86,EST,sex_avg
EST,1958,65,hld_n_tables_1,13.504999999999999,78.505,67.86,EST,sex_avg
EST,1969,0,hld_n_tables_1,67.725,67.725,67.725,EST,sex_avg
EST,1969,1,hld_n_tables_1,67.96,68.96,67.725,EST,sex_avg
EST,1969,5,hld_n_tables_1,64.31,69.31,67.725,EST,sex_avg
EST,1969,15,hld_n_tables_1,54.595,69.595,67.725,EST,sex_avg
EST,1969,20,hld_n_tables_1,49.84,69.84,67.725,EST,sex_avg
EST,1969,30,hld_n_tables_1,40.51,70.50999999999999,67.725,EST,sex_avg
EST,1969,50,hld_n_tables_1,23.515,73.515,67.725,EST,sex_avg
EST,1969,65,hld_n_tables_1,12.825,77.82499999999999,67.725,EST,sex_avg
EST,1978,0,hld_n_tables_1,69.2,69.2,69.2,EST,sex_avg
EST,1978,1,hld_n_tables_1,69.42,70.42,69.2,EST,sex_avg
EST,1978,5,hld_n_tables_1,65.72,70.72,69.2,EST,sex_avg
EST,1978,15,hld_n_tables_1,56.010000000000005,71.01,69.2,EST,sex_avg
EST,1978,20,hld_n_tables_1,51.265,71.265,69.2,EST,sex_avg
EST,1978,30,hld_n_tables_1,42.004999999999995,72.005,69.2,EST,sex_avg
EST,1978,50,hld_n_tables_1,24.715,74.715,69.2,EST,sex_avg
EST,1978,65,hld_n_tables_1,13.74,78.74000000000001,69.2,EST,sex_avg
EST,1988,0,hld_n_tables_1,70.425,70.425,70.425,EST,sex_avg
EST,1988,1,hld_n_tables_1,70.375,71.375,70.425,EST,sex_avg
EST,1988,5,hld_n_tables_1,66.655,71.655,70.425,EST,sex_avg
EST,1988,15,hld_n_tables_1,56.974999999999994,71.975,70.425,EST,sex_avg
EST,1988,20,hld_n_tables_1,52.235,72.235,70.425,EST,sex_avg
EST,1988,30,hld_n_tables_1,42.875,72.875,70.425,EST,sex_avg
EST,1988,50,hld_n_tables_1,25.095,75.095,70.425,EST,sex_avg
EST,1988,65,hld_n_tables_1,14.07,79.07000000000001,70.425,EST,sex_avg
ETH,1995,0,hld_n_tables_1,58.475,58.475,58.475,ETH,sex_avg
FIN,1761,0,hld_n_tables_1,34.775000000000006,34.775000000000006,34.775000000000006,Finland,sex_avg
FIN,1761,1,hld_n_tables_1,44.67,45.67,34.775000000000006,Finland,sex_avg
FIN,1761,5,hld_n_tables_1,48.345,53.345,34.775000000000006,Finland,sex_avg
FIN,1761,15,hld_n_tables_1,43.445,58.445,34.775000000000006,Finland,sex_avg
FIN,1761,20,hld_n_tables_1,39.644999999999996,59.644999999999996,34.775000000000006,Finland,sex_avg
FIN,1761,30,hld_n_tables_1,32.46,62.46,34.775000000000006,Finland,sex_avg
FIN,1761,50,hld_n_tables_1,19.23,69.22999999999999,34.775000000000006,Finland,sex_avg
FIN,1761,65,hld_n_tables_1,11.094999999999999,76.095,34.775000000000006,Finland,sex_avg
FIN,1771,0,hld_n_tables_1,39.325,39.325,39.325,Finland,sex_avg
FIN,1771,1,hld_n_tables_1,48.65,49.65,39.325,Finland,sex_avg
FIN,1771,5,hld_n_tables_1,50.97,55.97,39.325,Finland,sex_avg
FIN,1771,15,hld_n_tables_1,44.995,59.995,39.325,Finland,sex_avg
FIN,1771,20,hld_n_tables_1,41.105,61.105,39.325,Finland,sex_avg
FIN,1771,30,hld_n_tables_1,33.82,63.82,39.325,Finland,sex_avg
FIN,1771,50,hld_n_tables_1,19.985,69.985,39.325,Finland,sex_avg
FIN,1771,65,hld_n_tables_1,10.934999999999999,75.935,39.325,Finland,sex_avg
FIN,1781,0,hld_n_tables_1,33.75,33.75,33.75,Finland,sex_avg
FIN,1781,1,hld_n_tables_1,41.905,42.905,33.75,Finland,sex_avg
FIN,1781,5,hld_n_tables_1,45.32,50.32,33.75,Finland,sex_avg
FIN,1781,15,hld_n_tables_1,40.325,55.325,33.75,Finland,sex_avg
FIN,1781,20,hld_n_tables_1,36.645,56.645,33.75,Finland,sex_avg
FIN,1781,30,hld_n_tables_1,29.94,59.94,33.75,Finland,sex_avg
FIN,1781,50,hld_n_tables_1,17.65,67.65,33.75,Finland,sex_avg
FIN,1781,65,hld_n_tables_1,9.905000000000001,74.905,33.75,Finland,sex_avg
FIN,1791,0,hld_n_tables_1,37.004999999999995,37.004999999999995,37.004999999999995,Finland,sex_avg
FIN,1791,1,hld_n_tables_1,45.394999999999996,46.394999999999996,37.004999999999995,Finland,sex_avg
FIN,1791,5,hld_n_tables_1,49.269999999999996,54.269999999999996,37.004999999999995,Finland,sex_avg
FIN,1791,15,hld_n_tables_1,44.629999999999995,59.629999999999995,37.004999999999995,Finland,sex_avg
FIN,1791,20,hld_n_tables_1,40.79,60.79,37.004999999999995,Finland,sex_avg
FIN,1791,30,hld_n_tables_1,33.379999999999995,63.379999999999995,37.004999999999995,Finland,sex_avg
FIN,1791,50,hld_n_tables_1,19.354999999999997,69.35499999999999,37.004999999999995,Finland,sex_avg
FIN,1791,65,hld_n_tables_1,10.46,75.46000000000001,37.004999999999995,Finland,sex_avg
FIN,1811,0,hld_n_tables_1,35.975,35.975,35.975,Finland,sex_avg
FIN,1811,1,hld_n_tables_1,44.175,45.175,35.975,Finland,sex_avg
FIN,1811,5,hld_n_tables_1,47.72,52.72,35.975,Finland,sex_avg
FIN,1811,15,hld_n_tables_1,42.61,57.61,35.975,Finland,sex_avg
FIN,1811,20,hld_n_tables_1,38.81,58.81,35.975,Finland,sex_avg
FIN,1811,30,hld_n_tables_1,31.43,61.43,35.975,Finland,sex_avg
FIN,1811,50,hld_n_tables_1,17.505000000000003,67.505,35.975,Finland,sex_avg
FIN,1811,65,hld_n_tables_1,9.415,74.41499999999999,35.975,Finland,sex_avg
FIN,1821,0,hld_n_tables_1,38.35,38.35,38.35,Finland,sex_avg
FIN,1821,1,hld_n_tables_1,46.935,47.935,38.35,Finland,sex_avg
FIN,1821,5,hld_n_tables_1,49.769999999999996,54.769999999999996,38.35,Finland,sex_avg
FIN,1821,15,hld_n_tables_1,43.91,58.91,38.35,Finland,sex_avg
FIN,1821,20,hld_n_tables_1,40.019999999999996,60.019999999999996,38.35,Finland,sex_avg
FIN,1821,30,hld_n_tables_1,32.635000000000005,62.635000000000005,38.35,Finland,sex_avg
FIN,1821,50,hld_n_tables_1,18.535,68.535,38.35,Finland,sex_avg
FIN,1821,65,hld_n_tables_1,9.795,74.79499999999999,38.35,Finland,sex_avg
FIN,1831,0,hld_n_tables_1,34.620000000000005,34.620000000000005,34.620000000000005,Finland,sex_avg
FIN,1831,1,hld_n_tables_1,42.275,43.275,34.620000000000005,Finland,sex_avg
FIN,1831,5,hld_n_tables_1,45.22,50.22,34.620000000000005,Finland,sex_avg
FIN,1831,15,hld_n_tables_1,40.629999999999995,55.629999999999995,34.620000000000005,Finland,sex_avg
FIN,1831,20,hld_n_tables_1,37.010000000000005,57.010000000000005,34.620000000000005,Finland,sex_avg
FIN,1831,30,hld_n_tables_1,30.0,60.0,34.620000000000005,Finland,sex_avg
FIN,1831,50,hld_n_tables_1,16.97,66.97,34.620000000000005,Finland,sex_avg
FIN,1831,65,hld_n_tables_1,9.06,74.06,34.620000000000005,Finland,sex_avg
FIN,1841,0,hld_n_tables_1,40.445,40.445,40.445,Finland,sex_avg
FIN,1841,1,hld_n_tables_1,48.14,49.14,40.445,Finland,sex_avg
FIN,1841,5,hld_n_tables_1,50.655,55.655,40.445,Finland,sex_avg
FIN,1841,15,hld_n_tables_1,44.400000000000006,59.400000000000006,40.445,Finland,sex_avg
FIN,1841,20,hld_n_tables_1,40.465,60.465,40.445,Finland,sex_avg
FIN,1841,30,hld_n_tables_1,33.1,63.1,40.445,Finland,sex_avg
FIN,1841,50,hld_n_tables_1,18.92,68.92,40.445,Finland,sex_avg
FIN,1841,65,hld_n_tables_1,10.004999999999999,75.005,40.445,Finland,sex_avg
FIN,1851,0,hld_n_tables_1,35.075,35.075,35.075,Finland,sex_avg
FIN,1851,1,hld_n_tables_1,41.82,42.82,35.075,Finland,sex_avg
FIN,1851,5,hld_n_tables_1,45.584999999999994,50.584999999999994,35.075,Finland,sex_avg
FIN,1851,15,hld_n_tables_1,40.985,55.985,35.075,Finland,sex_avg
FIN,1851,20,hld_n_tables_1,37.355000000000004,57.355000000000004,35.075,Finland,sex_avg
FIN,1851,30,hld_n_tables_1,30.575000000000003,60.575,35.075,Finland,sex_avg
FIN,1851,50,hld_n_tables_1,17.34,67.34,35.075,Finland,sex_avg
FIN,1851,65,hld_n_tables_1,9.125,74.125,35.075,Finland,sex_avg
FIN,1861,0,hld_n_tables_1,32.025,32.025,32.025,Finland,sex_avg
FIN,1861,1,hld_n_tables_1,38.67,39.67,32.025,Finland,sex_avg
FIN,1861,5,hld_n_tables_1,42.765,47.765,32.025,Finland,sex_avg
FIN,1861,15,hld_n_tables_1,38.265,53.265,32.025,Finland,sex_avg
FIN,1861,20,hld_n_tables_1,34.62,54.62,32.025,Finland,sex_avg
FIN,1861,30,hld_n_tables_1,27.895000000000003,57.895,32.025,Finland,sex_avg
FIN,1861,50,hld_n_tables_1,15.620000000000001,65.62,32.025,Finland,sex_avg
FIN,1861,65,hld_n_tables_1,8.24,73.24000000000001,32.025,Finland,sex_avg
FIN,1871,0,hld_n_tables_1,41.535,41.535,41.535,Finland,sex_avg
FIN,1871,1,hld_n_tables_1,48.735,49.735,41.535,Finland,sex_avg
FIN,1871,5,hld_n_tables_1,51.94,56.94,41.535,Finland,sex_avg
FIN,1871,15,hld_n_tables_1,45.58,60.58,41.535,Finland,sex_avg
FIN,1871,20,hld_n_tables_1,41.745000000000005,61.745000000000005,41.535,Finland,sex_avg
FIN,1871,30,hld_n_tables_1,34.53,64.53,41.535,Finland,sex_avg
FIN,1871,50,hld_n_tables_1,20.025,70.025,41.535,Finland,sex_avg
FIN,1871,65,hld_n_tables_1,10.565000000000001,75.565,41.535,Finland,sex_avg
FIN,1930,0,hld_n_tables_1,55.835,55.835,55.835,Finland,sex_avg
FIN,1930,1,hld_n_tables_1,59.105000000000004,60.105000000000004,55.835,Finland,sex_avg
FIN,1930,5,hld_n_tables_1,57.16,62.16,55.835,Finland,sex_avg
FIN,1930,15,hld_n_tables_1,48.849999999999994,63.849999999999994,55.835,Finland,sex_avg
FIN,1930,20,hld_n_tables_1,45.215,65.215,55.835,Finland,sex_avg
FIN,1930,30,hld_n_tables_1,38.215,68.215,55.835,Finland,sex_avg
FIN,1930,50,hld_n_tables_1,22.9,72.9,55.835,Finland,sex_avg
FIN,1930,65,hld_n_tables_1,12.795000000000002,77.795,55.835,Finland,sex_avg
FIN,1950,0,hld_n_tables_1,65.49000000000001,65.49000000000001,65.49000000000001,Finland,sex_avg
FIN,1950,1,hld_n_tables_1,66.965,67.965,65.49000000000001,Finland,sex_avg
FIN,1950,5,hld_n_tables_1,63.504999999999995,68.505,65.49000000000001,Finland,sex_avg
FIN,1950,15,hld_n_tables_1,53.95,68.95,65.49000000000001,Finland,sex_avg
FIN,1950,20,hld_n_tables_1,49.28,69.28,65.49000000000001,Finland,sex_avg
FIN,1950,30,hld_n_tables_1,40.28,70.28,65.49000000000001,Finland,sex_avg
FIN,1950,50,hld_n_tables_1,22.86,72.86,65.49000000000001,Finland,sex_avg
FIN,1950,65,hld_n_tables_1,12.19,77.19,65.49000000000001,Finland,sex_avg
FIN,1953,0,hld_n_tables_1,67.005,67.005,67.005,Finland,sex_avg
FIN,1953,1,hld_n_tables_1,68.16,69.16,67.005,Finland,sex_avg
FIN,1953,5,hld_n_tables_1,64.625,69.625,67.005,Finland,sex_avg
FIN,1953,15,hld_n_tables_1,54.995000000000005,69.995,67.005,Finland,sex_avg
FIN,1953,20,hld_n_tables_1,50.235,70.235,67.005,Finland,sex_avg
FIN,1953,30,hld_n_tables_1,40.94,70.94,67.005,Finland,sex_avg
FIN,1953,50,hld_n_tables_1,23.22,73.22,67.005,Finland,sex_avg
FIN,1953,65,hld_n_tables_1,12.31,77.31,67.005,Finland,sex_avg
FIN,1959,0,hld_n_tables_1,68.715,68.715,68.715,Finland,sex_avg
FIN,1959,1,hld_n_tables_1,69.255,70.255,68.715,Finland,sex_avg
FIN,1959,5,hld_n_tables_1,65.575,70.57499999999999,68.715,Finland,sex_avg
FIN,1959,15,hld_n_tables_1,55.865,70.86500000000001,68.715,Finland,sex_avg
FIN,1959,20,hld_n_tables_1,51.084999999999994,71.085,68.715,Finland,sex_avg
FIN,1959,30,hld_n_tables_1,41.655,71.655,68.715,Finland,sex_avg
FIN,1959,50,hld_n_tables_1,23.765,73.765,68.715,Finland,sex_avg
FIN,1959,65,hld_n_tables_1,12.695,77.695,68.715,Finland,sex_avg
FIN,1963,0,hld_n_tables_1,69.09,69.09,69.09,Finland,sex_avg
FIN,1963,1,hld_n_tables_1,69.37,70.37,69.09,Finland,sex_avg
FIN,1963,5,hld_n_tables_1,65.65,70.65,69.09,Finland,sex_avg
FIN,1963,15,hld_n_tables_1,55.92,70.92,69.09,Finland,sex_avg
FIN,1963,20,hld_n_tables_1,51.095,71.095,69.09,Finland,sex_avg
FIN,1963,30,hld_n_tables_1,41.625,71.625,69.09,Finland,sex_avg
FIN,1963,50,hld_n_tables_1,23.71,73.71000000000001,69.09,Finland,sex_avg
FIN,1963,65,hld_n_tables_1,12.68,77.68,69.09,Finland,sex_avg
FIN,1964,0,hld_n_tables_1,69.06,69.06,69.06,Finland,sex_avg
FIN,1964,1,hld_n_tables_1,69.255,70.255,69.06,Finland,sex_avg
FIN,1964,5,hld_n_tables_1,65.525,70.525,69.06,Finland,sex_avg
FIN,1964,15,hld_n_tables_1,55.79,70.79,69.06,Finland,sex_avg
FIN,1964,20,hld_n_tables_1,51.015,71.01499999999999,69.06,Finland,sex_avg
FIN,1964,30,hld_n_tables_1,41.555,71.555,69.06,Finland,sex_avg
FIN,1964,50,hld_n_tables_1,23.595,73.595,69.06,Finland,sex_avg
FIN,1964,65,hld_n_tables_1,12.575,77.575,69.06,Finland,sex_avg
FIN,1965,0,hld_n_tables_1,69.095,69.095,69.095,Finland,sex_avg
FIN,1965,1,hld_n_tables_1,69.305,70.305,69.095,Finland,sex_avg
FIN,1965,5,hld_n_tables_1,65.55000000000001,70.55000000000001,69.095,Finland,sex_avg
FIN,1965,15,hld_n_tables_1,55.855000000000004,70.855,69.095,Finland,sex_avg
FIN,1965,20,hld_n_tables_1,51.035,71.035,69.095,Finland,sex_avg
FIN,1965,30,hld_n_tables_1,41.54,71.53999999999999,69.095,Finland,sex_avg
FIN,1965,50,hld_n_tables_1,23.6,73.6,69.095,Finland,sex_avg
FIN,1965,65,hld_n_tables_1,12.485,77.485,69.095,Finland,sex_avg
FJI,1956,0,hld_n_tables_1,64.045,64.045,64.045,FJI,sex_avg
FJI,1956,1,hld_n_tables_1,65.995,66.995,64.045,FJI,sex_avg
FJI,1956,5,hld_n_tables_1,63.215,68.215,64.045,FJI,sex_avg
FJI,1956,15,hld_n_tables_1,53.865,68.86500000000001,64.045,FJI,sex_avg
FJI,1956,20,hld_n_tables_1,49.31,69.31,64.045,FJI,sex_avg
FJI,1956,30,hld_n_tables_1,40.33,70.33,64.045,FJI,sex_avg
FJI,1956,50,hld_n_tables_1,23.409999999999997,73.41,64.045,FJI,sex_avg
FJI,1956,65,hld_n_tables_1,13.105,78.10499999999999,64.045,FJI,sex_avg
FJI,1963,0,hld_n_tables_1,67.7,67.7,67.7,FJI,sex_avg
FJI,1963,1,hld_n_tables_1,68.66499999999999,69.66499999999999,67.7,FJI,sex_avg
FJI,1963,5,hld_n_tables_1,65.49,70.49000000000001,67.7,FJI,sex_avg
FJI,1963,15,hld_n_tables_1,56.025,71.025,67.7,FJI,sex_avg
FJI,1963,20,hld_n_tables_1,51.394999999999996,71.395,67.7,FJI,sex_avg
FJI,1963,30,hld_n_tables_1,42.2,72.2,67.7,FJI,sex_avg
FJI,1963,50,hld_n_tables_1,25.175,75.17500000000001,67.7,FJI,sex_avg
FJI,1963,65,hld_n_tables_1,15.115,80.115,67.7,FJI,sex_avg
FJI,1964,0,hld_n_tables_1,67.34,67.34,67.34,FJI,sex_avg
FJI,1964,1,hld_n_tables_1,68.495,69.495,67.34,FJI,sex_avg
FJI,1964,5,hld_n_tables_1,65.55,70.55,67.34,FJI,sex_avg
FJI,1964,15,hld_n_tables_1,56.195,71.195,67.34,FJI,sex_avg
FJI,1964,20,hld_n_tables_1,51.435,71.435,67.34,FJI,sex_avg
FJI,1964,30,hld_n_tables_1,42.25,72.25,67.34,FJI,sex_avg
FJI,1964,50,hld_n_tables_1,24.875,74.875,67.34,FJI,sex_avg
FJI,1964,65,hld_n_tables_1,14.785,79.785,67.34,FJI,sex_avg
FJI,2015,0,hld_n_tables_1,68.25,68.25,68.25,FJI,sex_avg
FJI,2015,5,hld_n_tables_1,64.775,69.775,68.25,FJI,sex_avg
FJI,2015,15,hld_n_tables_1,55.095,70.095,68.25,FJI,sex_avg
FJI,2015,20,hld_n_tables_1,50.275000000000006,70.275,68.25,FJI,sex_avg
FJI,2015,30,hld_n_tables_1,40.900000000000006,70.9,68.25,FJI,sex_avg
FJI,2015,50,hld_n_tables_1,23.29,73.28999999999999,68.25,FJI,sex_avg
FJI,2015,65,hld_n_tables_1,13.155000000000001,78.155,68.25,FJI,sex_avg
FJI,2016,0,hld_n_tables_1,67.305,67.305,67.305,FJI,sex_avg
FJI,2016,5,hld_n_tables_1,63.57000000000001,68.57,67.305,FJI,sex_avg
FJI,2016,15,hld_n_tables_1,53.849999999999994,68.85,67.305,FJI,sex_avg
FJI,2016,20,hld_n_tables_1,49.015,69.015,67.305,FJI,sex_avg
FJI,2016,30,hld_n_tables_1,39.655,69.655,67.305,FJI,sex_avg
FJI,2016,50,hld_n_tables_1,22.175,72.175,67.305,FJI,sex_avg
FJI,2016,65,hld_n_tables_1,12.42,77.41999999999999,67.305,FJI,sex_avg
FJI,2017,0,hld_n_tables_1,68.24000000000001,68.24000000000001,68.24000000000001,FJI,sex_avg
FJI,2017,5,hld_n_tables_1,64.83,69.83,68.24000000000001,FJI,sex_avg
FJI,2017,15,hld_n_tables_1,55.16,70.16,68.24000000000001,FJI,sex_avg
FJI,2017,20,hld_n_tables_1,50.355000000000004,70.35499999999999,68.24000000000001,FJI,sex_avg
FJI,2017,30,hld_n_tables_1,41.015,71.015,68.24000000000001,FJI,sex_avg
FJI,2017,50,hld_n_tables_1,23.595,73.595,68.24000000000001,FJI,sex_avg
FJI,2017,65,hld_n_tables_1,13.614999999999998,78.61500000000001,68.24000000000001,FJI,sex_avg
FJI,2018,0,hld_n_tables_1,67.72,67.72,67.72,FJI,sex_avg
FJI,2018,5,hld_n_tables_1,64.025,69.025,67.72,FJI,sex_avg
FJI,2018,15,hld_n_tables_1,54.34,69.34,67.72,FJI,sex_avg
FJI,2018,20,hld_n_tables_1,49.555,69.555,67.72,FJI,sex_avg
FJI,2018,30,hld_n_tables_1,40.205,70.20500000000001,67.72,FJI,sex_avg
FJI,2018,50,hld_n_tables_1,22.785,72.785,67.72,FJI,sex_avg
FJI,2018,65,hld_n_tables_1,12.765,77.765,67.72,FJI,sex_avg
FJI,2019,0,hld_n_tables_1,67.845,67.845,67.845,FJI,sex_avg
FJI,2019,5,hld_n_tables_1,64.13,69.13,67.845,FJI,sex_avg
FJI,2019,15,hld_n_tables_1,54.45,69.44999999999999,67.845,FJI,sex_avg
FJI,2019,20,hld_n_tables_1,49.71,69.71000000000001,67.845,FJI,sex_avg
FJI,2019,30,hld_n_tables_1,40.345,70.345,67.845,FJI,sex_avg
FJI,2019,50,hld_n_tables_1,22.86,72.86000000000001,67.845,FJI,sex_avg
FJI,2019,65,hld_n_tables_1,12.975,77.975,67.845,FJI,sex_avg
FJI,2020,0,hld_n_tables_1,67.675,67.675,67.675,FJI,sex_avg
FJI,2020,5,hld_n_tables_1,63.845,68.845,67.675,FJI,sex_avg
FJI,2020,15,hld_n_tables_1,54.175,69.175,67.675,FJI,sex_avg
FJI,2020,20,hld_n_tables_1,49.43,69.43,67.675,FJI,sex_avg
FJI,2020,30,hld_n_tables_1,40.065,70.065,67.675,FJI,sex_avg
FJI,2020,50,hld_n_tables_1,22.85,72.85,67.675,FJI,sex_avg
FJI,2020,65,hld_n_tables_1,12.79,77.78999999999999,67.675,FJI,sex_avg
FJI,2021,0,hld_n_tables_1,66.505,66.505,66.505,FJI,sex_avg
FJI,2021,5,hld_n_tables_1,62.83,67.83,66.505,FJI,sex_avg
FJI,2021,15,hld_n_tables_1,53.155,68.155,66.505,FJI,sex_avg
FJI,2021,20,hld_n_tables_1,48.45,68.45,66.505,FJI,sex_avg
FJI,2021,30,hld_n_tables_1,39.025000000000006,69.025,66.505,FJI,sex_avg
FJI,2021,50,hld_n_tables_1,21.825,71.82499999999999,66.505,FJI,sex_avg
FJI,2021,65,hld_n_tables_1,12.015,77.015,66.505,FJI,sex_avg
GBR,1856,0,hld_n_tables_1,41.18,41.18,41.18,GBR,sex_avg
GBR,1856,1,hld_n_tables_1,47.415,48.415,41.18,GBR,sex_avg
GBR,1856,5,hld_n_tables_1,50.66,55.66,41.18,GBR,sex_avg
GBR,1856,15,hld_n_tables_1,43.795,58.795,41.18,GBR,sex_avg
GBR,1856,20,hld_n_tables_1,40.19,60.19,41.18,GBR,sex_avg
GBR,1856,30,hld_n_tables_1,33.42,63.42,41.18,GBR,sex_avg
GBR,1856,50,hld_n_tables_1,20.174999999999997,70.175,41.18,GBR,sex_avg
GBR,1856,65,hld_n_tables_1,11.2,76.19999999999999,41.18,GBR,sex_avg
GBR,1866,0,hld_n_tables_1,41.255,41.255,41.255,GBR,sex_avg
GBR,1866,1,hld_n_tables_1,47.864999999999995,48.864999999999995,41.255,GBR,sex_avg
GBR,1866,5,hld_n_tables_1,50.785,55.785,41.255,GBR,sex_avg
GBR,1866,15,hld_n_tables_1,43.64,58.64,41.255,GBR,sex_avg
GBR,1866,20,hld_n_tables_1,39.94,59.94,41.255,GBR,sex_avg
GBR,1866,30,hld_n_tables_1,33.095,63.095,41.255,GBR,sex_avg
GBR,1866,50,hld_n_tables_1,19.91,69.91,41.255,GBR,sex_avg
GBR,1866,65,hld_n_tables_1,11.11,76.11,41.255,GBR,sex_avg
GBR,1916,0,hld_n_tables_1,53.1,53.1,53.1,GBR,sex_avg
GBR,1916,1,hld_n_tables_1,57.885,58.885,53.1,GBR,sex_avg
GBR,1916,5,hld_n_tables_1,57.405,62.405,53.1,GBR,sex_avg
GBR,1916,15,hld_n_tables_1,49.095,64.095,53.1,GBR,sex_avg
GBR,1916,20,hld_n_tables_1,45.03,65.03,53.1,GBR,sex_avg
GBR,1916,30,hld_n_tables_1,37.275000000000006,67.275,53.1,GBR,sex_avg
GBR,1916,50,hld_n_tables_1,21.77,71.77000000000001,53.1,GBR,sex_avg
GBR,1916,65,hld_n_tables_1,11.795,76.795,53.1,GBR,sex_avg
GBR,1926,0,hld_n_tables_1,59.480000000000004,59.480000000000004,59.480000000000004,GBR,sex_avg
GBR,1926,1,hld_n_tables_1,63.025,64.025,59.480000000000004,GBR,sex_avg
GBR,1926,5,hld_n_tables_1,61.185,66.185,59.480000000000004,GBR,sex_avg
GBR,1926,15,hld_n_tables_1,52.31,67.31,59.480000000000004,GBR,sex_avg
GBR,1926,20,hld_n_tables_1,47.94,67.94,59.480000000000004,GBR,sex_avg
GBR,1926,30,hld_n_tables_1,39.345,69.345,59.480000000000004,GBR,sex_avg
GBR,1926,50,hld_n_tables_1,22.71,72.71000000000001,59.480000000000004,GBR,sex_avg
GBR,1926,65,hld_n_tables_1,12.195,77.195,59.480000000000004,GBR,sex_avg
GBR,1936,0,hld_n_tables_1,62.83,62.83,62.83,GBR,sex_avg
GBR,1936,1,hld_n_tables_1,65.635,66.635,62.83,GBR,sex_avg
GBR,1936,5,hld_n_tables_1,62.775,67.775,62.83,GBR,sex_avg
GBR,1936,15,hld_n_tables_1,53.63,68.63,62.83,GBR,sex_avg
GBR,1936,20,hld_n_tables_1,49.115,69.11500000000001,62.83,GBR,sex_avg
GBR,1936,30,hld_n_tables_1,40.28,70.28,62.83,GBR,sex_avg
GBR,1936,50,hld_n_tables_1,23.05,73.05,62.83,GBR,sex_avg
GBR,1936,65,hld_n_tables_1,12.375,77.375,62.83,GBR,sex_avg
GBR,1945,0,hld_n_tables_1,66.315,66.315,66.315,GBR,sex_avg
GBR,1945,1,hld_n_tables_1,68.53,69.53,66.315,GBR,sex_avg
GBR,1945,5,hld_n_tables_1,65.135,70.13499999999999,66.315,GBR,sex_avg
GBR,1945,15,hld_n_tables_1,55.67,70.67,66.315,GBR,sex_avg
GBR,1945,20,hld_n_tables_1,51.055,71.055,66.315,GBR,sex_avg
GBR,1945,30,hld_n_tables_1,42.075,72.07499999999999,66.315,GBR,sex_avg
GBR,1945,50,hld_n_tables_1,24.314999999999998,74.315,66.315,GBR,sex_avg
GBR,1945,65,hld_n_tables_1,13.239999999999998,78.24000000000001,66.315,GBR,sex_avg
GBR,1946,0,hld_n_tables_1,67.515,67.515,67.515,GBR,sex_avg
GBR,1946,1,hld_n_tables_1,69.515,70.515,67.515,GBR,sex_avg
GBR,1946,5,hld_n_tables_1,65.975,70.975,67.515,GBR,sex_avg
GBR,1946,15,hld_n_tables_1,56.394999999999996,71.39500000000001,67.515,GBR,sex_avg
GBR,1946,20,hld_n_tables_1,51.7,71.7,67.515,GBR,sex_avg
GBR,1946,30,hld_n_tables_1,42.47,72.47,67.515,GBR,sex_avg
GBR,1946,50,hld_n_tables_1,24.545,74.545,67.515,GBR,sex_avg
GBR,1946,65,hld_n_tables_1,13.379999999999999,78.38,67.515,GBR,sex_avg
GBR,1957,0,hld_n_tables_1,69.745,69.745,69.745,GBR,sex_avg
GBR,1957,1,hld_n_tables_1,70.78,71.78,69.745,GBR,sex_avg
GBR,1957,5,hld_n_tables_1,67.06,72.06,69.745,GBR,sex_avg
GBR,1957,15,hld_n_tables_1,57.29,72.29,69.745,GBR,sex_avg
GBR,1957,20,hld_n_tables_1,52.45,72.44999999999999,69.745,GBR,sex_avg
GBR,1957,30,hld_n_tables_1,42.82,72.82,69.745,GBR,sex_avg
GBR,1957,50,hld_n_tables_1,24.525,74.525,69.745,GBR,sex_avg
GBR,1957,65,hld_n_tables_1,13.27,78.27000000000001,69.745,GBR,sex_avg
GBR,1962,0,hld_n_tables_1,69.055,69.055,69.055,GBR,sex_avg
GBR,1962,1,hld_n_tables_1,69.91999999999999,70.91999999999999,69.055,GBR,sex_avg
GBR,1962,5,hld_n_tables_1,66.205,71.20500000000001,69.055,GBR,sex_avg
GBR,1962,15,hld_n_tables_1,56.475,71.475,69.055,GBR,sex_avg
GBR,1962,20,hld_n_tables_1,51.62,71.61999999999999,69.055,GBR,sex_avg
GBR,1962,30,hld_n_tables_1,42.03,72.03,69.055,GBR,sex_avg
GBR,1962,50,hld_n_tables_1,23.83,73.83,69.055,GBR,sex_avg
GBR,1962,65,hld_n_tables_1,12.805,77.805,69.055,GBR,sex_avg
GBR,1965,0,hld_n_tables_1,70.695,70.695,70.695,GBR,sex_avg
GBR,1965,1,hld_n_tables_1,71.47,72.47,70.695,GBR,sex_avg
GBR,1965,5,hld_n_tables_1,67.72999999999999,72.72999999999999,70.695,GBR,sex_avg
GBR,1965,15,hld_n_tables_1,57.945,72.945,70.695,GBR,sex_avg
GBR,1965,20,hld_n_tables_1,53.095,73.095,70.695,GBR,sex_avg
GBR,1965,30,hld_n_tables_1,43.445,73.44500000000001,70.695,GBR,sex_avg
GBR,1965,50,hld_n_tables_1,25.04,75.03999999999999,70.695,GBR,sex_avg
GBR,1965,65,hld_n_tables_1,13.620000000000001,78.62,70.695,GBR,sex_avg
GBR,1968,0,hld_n_tables_1,70.69,70.69,70.69,GBR,sex_avg
GBR,1968,5,hld_n_tables_1,67.535,72.535,70.69,GBR,sex_avg
GBR,1968,15,hld_n_tables_1,57.765,72.765,70.69,GBR,sex_avg
GBR,1968,20,hld_n_tables_1,52.894999999999996,72.895,70.69,GBR,sex_avg
GBR,1968,30,hld_n_tables_1,43.25,73.25,70.69,GBR,sex_avg
GBR,1968,50,hld_n_tables_1,24.875,74.875,70.69,GBR,sex_avg
GBR,1968,65,hld_n_tables_1,13.51,78.50999999999999,70.69,GBR,sex_avg
GBR,1971,0,hld_n_tables_1,70.505,70.505,70.505,GBR,sex_avg
GBR,1971,5,hld_n_tables_1,67.03,72.03,70.505,GBR,sex_avg
GBR,1971,15,hld_n_tables_1,57.25,72.25,70.505,GBR,sex_avg
GBR,1971,20,hld_n_tables_1,52.42,72.42,70.505,GBR,sex_avg
GBR,1971,30,hld_n_tables_1,42.8,72.80000000000001,70.505,GBR,sex_avg
GBR,1971,50,hld_n_tables_1,24.52,74.52,70.505,GBR,sex_avg
GBR,1971,65,hld_n_tables_1,13.405000000000001,78.405,70.505,GBR,sex_avg
GBR,1972,0,hld_n_tables_1,70.305,70.305,70.305,GBR,sex_avg
GBR,1972,1,hld_n_tables_1,70.62,71.62,70.305,GBR,sex_avg
GBR,1972,5,hld_n_tables_1,66.845,71.845,70.305,GBR,sex_avg
GBR,1972,15,hld_n_tables_1,57.035,72.035,70.305,GBR,sex_avg
GBR,1972,20,hld_n_tables_1,52.209999999999994,72.21000000000001,70.305,GBR,sex_avg
GBR,1972,30,hld_n_tables_1,42.57,72.57,70.305,GBR,sex_avg
GBR,1972,50,hld_n_tables_1,24.335,74.33500000000001,70.305,GBR,sex_avg
GBR,1972,65,hld_n_tables_1,13.215,78.215,70.305,GBR,sex_avg
GEO,1994,0,hld_n_tables_1,69.88,69.88,69.88,GEO,sex_avg
GEO,1994,1,hld_n_tables_1,70.91499999999999,71.91499999999999,69.88,GEO,sex_avg
GEO,1994,5,hld_n_tables_1,67.25,72.25,69.88,GEO,sex_avg
GEO,1994,15,hld_n_tables_1,57.44,72.44,69.88,GEO,sex_avg
GEO,1994,20,hld_n_tables_1,52.625,72.625,69.88,GEO,sex_avg
GEO,1994,30,hld_n_tables_1,43.325,73.325,69.88,GEO,sex_avg
GEO,1994,50,hld_n_tables_1,25.53,75.53,69.88,GEO,sex_avg
GEO,1994,65,hld_n_tables_1,14.055,79.055,69.88,GEO,sex_avg
GEO,1995,0,hld_n_tables_1,69.885,69.885,69.885,GEO,sex_avg
GEO,1995,1,hld_n_tables_1,70.97999999999999,71.97999999999999,69.885,GEO,sex_avg
GEO,1995,5,hld_n_tables_1,67.235,72.235,69.885,GEO,sex_avg
GEO,1995,15,hld_n_tables_1,57.435,72.435,69.885,GEO,sex_avg
GEO,1995,20,hld_n_tables_1,52.595,72.595,69.885,GEO,sex_avg
GEO,1995,30,hld_n_tables_1,43.230000000000004,73.22999999999999,69.885,GEO,sex_avg
GEO,1995,50,hld_n_tables_1,25.39,75.39,69.885,GEO,sex_avg
GEO,1995,65,hld_n_tables_1,14.135,79.13499999999999,69.885,GEO,sex_avg
GEO,1996,0,hld_n_tables_1,70.03,70.03,70.03,GEO,sex_avg
GEO,1996,1,hld_n_tables_1,71.185,72.185,70.03,GEO,sex_avg
GEO,1996,5,hld_n_tables_1,67.39500000000001,72.39500000000001,70.03,GEO,sex_avg
GEO,1996,15,hld_n_tables_1,57.595,72.595,70.03,GEO,sex_avg
GEO,1996,20,hld_n_tables_1,52.76,72.75999999999999,70.03,GEO,sex_avg
GEO,1996,30,hld_n_tables_1,43.265,73.265,70.03,GEO,sex_avg
GEO,1996,50,hld_n_tables_1,25.3,75.30000000000001,70.03,GEO,sex_avg
GEO,1996,65,hld_n_tables_1,14.095,79.095,70.03,GEO,sex_avg
GEO,1997,0,hld_n_tables_1,70.065,70.065,70.065,GEO,sex_avg
GEO,1997,1,hld_n_tables_1,70.98,71.98,70.065,GEO,sex_avg
GEO,1997,5,hld_n_tables_1,67.185,72.185,70.065,GEO,sex_avg
GEO,1997,15,hld_n_tables_1,57.385,72.385,70.065,GEO,sex_avg
GEO,1997,20,hld_n_tables_1,52.535,72.535,70.065,GEO,sex_avg
GEO,1997,30,hld_n_tables_1,43.040000000000006,73.04,70.065,GEO,sex_avg
GEO,1997,50,hld_n_tables_1,25.215,75.215,70.065,GEO,sex_avg
GEO,1997,65,hld_n_tables_1,14.035,79.035,70.065,GEO,sex_avg
GEO,1998,0,hld_n_tables_1,70.14500000000001,70.14500000000001,70.14500000000001,GEO,sex_avg
GEO,1998,1,hld_n_tables_1,70.945,71.945,70.14500000000001,GEO,sex_avg
GEO,1998,5,hld_n_tables_1,67.14500000000001,72.14500000000001,70.14500000000001,GEO,sex_avg
GEO,1998,15,hld_n_tables_1,57.349999999999994,72.35,70.14500000000001,GEO,sex_avg
GEO,1998,20,hld_n_tables_1,52.504999999999995,72.505,70.14500000000001,GEO,sex_avg
GEO,1998,30,hld_n_tables_1,43.05,73.05000000000001,70.14500000000001,GEO,sex_avg
GEO,1998,50,hld_n_tables_1,25.21,75.21,70.14500000000001,GEO,sex_avg
GEO,1998,65,hld_n_tables_1,13.969999999999999,78.97,70.14500000000001,GEO,sex_avg
GEO,1999,0,hld_n_tables_1,70.18,70.18,70.18,GEO,sex_avg
GEO,1999,1,hld_n_tables_1,71.055,72.055,70.18,GEO,sex_avg
GEO,1999,5,hld_n_tables_1,67.235,72.235,70.18,GEO,sex_avg
GEO,1999,15,hld_n_tables_1,57.42,72.42,70.18,GEO,sex_avg
GEO,1999,20,hld_n_tables_1,52.56,72.56,70.18,GEO,sex_avg
GEO,1999,30,hld_n_tables_1,43.05,73.05,70.18,GEO,sex_avg
GEO,1999,50,hld_n_tables_1,25.205,75.205,70.18,GEO,sex_avg
GEO,1999,65,hld_n_tables_1,13.925,78.92500000000001,70.18,GEO,sex_avg
GEO,2000,0,hld_n_tables_1,69.985,69.985,69.985,GEO,sex_avg
GEO,2000,1,hld_n_tables_1,70.96000000000001,71.96000000000001,69.985,GEO,sex_avg
GEO,2000,5,hld_n_tables_1,67.14500000000001,72.14500000000001,69.985,GEO,sex_avg
GEO,2000,15,hld_n_tables_1,57.34,72.34,69.985,GEO,sex_avg
GEO,2000,20,hld_n_tables_1,52.47,72.47,69.985,GEO,sex_avg
GEO,2000,30,hld_n_tables_1,42.980000000000004,72.98,69.985,GEO,sex_avg
GEO,2000,50,hld_n_tables_1,25.145000000000003,75.14500000000001,69.985,GEO,sex_avg
GEO,2000,65,hld_n_tables_1,13.89,78.89,69.985,GEO,sex_avg
GEO,2001,0,hld_n_tables_1,70.03,70.03,70.03,GEO,sex_avg
GEO,2001,1,hld_n_tables_1,71.11500000000001,72.11500000000001,70.03,GEO,sex_avg
GEO,2001,5,hld_n_tables_1,67.31,72.31,70.03,GEO,sex_avg
GEO,2001,15,hld_n_tables_1,57.525,72.52499999999999,70.03,GEO,sex_avg
GEO,2001,20,hld_n_tables_1,52.71,72.71000000000001,70.03,GEO,sex_avg
GEO,2001,30,hld_n_tables_1,43.254999999999995,73.255,70.03,GEO,sex_avg
GEO,2001,50,hld_n_tables_1,25.515,75.515,70.03,GEO,sex_avg
GEO,2001,65,hld_n_tables_1,14.05,79.05,70.03,GEO,sex_avg
GEO,2002,0,hld_n_tables_1,69.83500000000001,69.83500000000001,69.83500000000001,GEO,sex_avg
GEO,2002,1,hld_n_tables_1,71.03,72.03,69.83500000000001,GEO,sex_avg
GEO,2002,5,hld_n_tables_1,67.23,72.23,69.83500000000001,GEO,sex_avg
GEO,2002,15,hld_n_tables_1,57.445,72.445,69.83500000000001,GEO,sex_avg
GEO,2002,20,hld_n_tables_1,52.635,72.63499999999999,69.83500000000001,GEO,sex_avg
GEO,2002,30,hld_n_tables_1,43.185,73.185,69.83500000000001,GEO,sex_avg
GEO,2002,50,hld_n_tables_1,25.44,75.44,69.83500000000001,GEO,sex_avg
GEO,2002,65,hld_n_tables_1,14.004999999999999,79.005,69.83500000000001,GEO,sex_avg
GEO,2003,0,hld_n_tables_1,70.535,70.535,70.535,GEO,sex_avg
GEO,2003,1,hld_n_tables_1,71.83500000000001,72.83500000000001,70.535,GEO,sex_avg
GEO,2003,5,hld_n_tables_1,68.09,73.09,70.535,GEO,sex_avg
GEO,2003,15,hld_n_tables_1,58.195,73.195,70.535,GEO,sex_avg
GEO,2003,20,hld_n_tables_1,53.285,73.285,70.535,GEO,sex_avg
GEO,2003,30,hld_n_tables_1,43.730000000000004,73.73,70.535,GEO,sex_avg
GEO,2003,50,hld_n_tables_1,25.520000000000003,75.52000000000001,70.535,GEO,sex_avg
GEO,2003,65,hld_n_tables_1,14.094999999999999,79.095,70.535,GEO,sex_avg
GEO,2004,0,hld_n_tables_1,69.97999999999999,69.97999999999999,69.97999999999999,GEO,sex_avg
GEO,2004,1,hld_n_tables_1,71.345,72.345,69.97999999999999,GEO,sex_avg
GEO,2004,5,hld_n_tables_1,67.595,72.595,69.97999999999999,GEO,sex_avg
GEO,2004,15,hld_n_tables_1,57.79,72.79,69.97999999999999,GEO,sex_avg
GEO,2004,20,hld_n_tables_1,52.925,72.925,69.97999999999999,GEO,sex_avg
GEO,2004,30,hld_n_tables_1,43.38,73.38,69.97999999999999,GEO,sex_avg
GEO,2004,50,hld_n_tables_1,25.525,75.525,69.97999999999999,GEO,sex_avg
GEO,2004,65,hld_n_tables_1,13.8,78.80000000000001,69.97999999999999,GEO,sex_avg
GEO,2005,0,hld_n_tables_1,69.69,69.69,69.69,GEO,sex_avg
GEO,2005,1,hld_n_tables_1,70.83,71.83,69.69,GEO,sex_avg
GEO,2005,5,hld_n_tables_1,66.975,71.975,69.69,GEO,sex_avg
GEO,2005,15,hld_n_tables_1,57.144999999999996,72.145,69.69,GEO,sex_avg
GEO,2005,20,hld_n_tables_1,52.26,72.26,69.69,GEO,sex_avg
GEO,2005,30,hld_n_tables_1,42.81999999999999,72.82,69.69,GEO,sex_avg
GEO,2005,50,hld_n_tables_1,25.34,75.34,69.69,GEO,sex_avg
GEO,2005,65,hld_n_tables_1,14.08,79.08,69.69,GEO,sex_avg
GEO,2006,0,hld_n_tables_1,70.22,70.22,70.22,GEO,sex_avg
GEO,2006,1,hld_n_tables_1,70.935,71.935,70.22,GEO,sex_avg
GEO,2006,5,hld_n_tables_1,67.07,72.07,70.22,GEO,sex_avg
GEO,2006,15,hld_n_tables_1,57.245,72.245,70.22,GEO,sex_avg
GEO,2006,20,hld_n_tables_1,52.375,72.375,70.22,GEO,sex_avg
GEO,2006,30,hld_n_tables_1,42.965,72.965,70.22,GEO,sex_avg
GEO,2006,50,hld_n_tables_1,25.42,75.42,70.22,GEO,sex_avg
GEO,2006,65,hld_n_tables_1,13.885,78.88499999999999,70.22,GEO,sex_avg
GEO,2007,0,hld_n_tables_1,70.46000000000001,70.46000000000001,70.46000000000001,GEO,sex_avg
GEO,2007,1,hld_n_tables_1,70.955,71.955,70.46000000000001,GEO,sex_avg
GEO,2007,5,hld_n_tables_1,67.085,72.08500000000001,70.46000000000001,GEO,sex_avg
GEO,2007,15,hld_n_tables_1,57.265,72.265,70.46000000000001,GEO,sex_avg
GEO,2007,20,hld_n_tables_1,52.415,72.41499999999999,70.46000000000001,GEO,sex_avg
GEO,2007,30,hld_n_tables_1,43.004999999999995,73.005,70.46000000000001,GEO,sex_avg
GEO,2007,50,hld_n_tables_1,25.465,75.465,70.46000000000001,GEO,sex_avg
GEO,2007,65,hld_n_tables_1,13.875,78.875,70.46000000000001,GEO,sex_avg
GEO,2008,0,hld_n_tables_1,69.70500000000001,69.70500000000001,69.70500000000001,GEO,sex_avg
GEO,2008,1,hld_n_tables_1,70.64,71.64,69.70500000000001,GEO,sex_avg
GEO,2008,5,hld_n_tables_1,66.83500000000001,71.83500000000001,69.70500000000001,GEO,sex_avg
GEO,2008,15,hld_n_tables_1,57.105000000000004,72.10499999999999,69.70500000000001,GEO,sex_avg
GEO,2008,20,hld_n_tables_1,52.285,72.285,69.70500000000001,GEO,sex_avg
GEO,2008,30,hld_n_tables_1,43.035,73.035,69.70500000000001,GEO,sex_avg
GEO,2008,50,hld_n_tables_1,25.64,75.64,69.70500000000001,GEO,sex_avg
GEO,2008,65,hld_n_tables_1,13.905000000000001,78.905,69.70500000000001,GEO,sex_avg
GEO,2009,0,hld_n_tables_1,69.91,69.91,69.91,GEO,sex_avg
GEO,2009,1,hld_n_tables_1,70.565,71.565,69.91,GEO,sex_avg
GEO,2009,5,hld_n_tables_1,66.765,71.765,69.91,GEO,sex_avg
GEO,2009,15,hld_n_tables_1,56.989999999999995,71.99,69.91,GEO,sex_avg
GEO,2009,20,hld_n_tables_1,52.155,72.155,69.91,GEO,sex_avg
GEO,2009,30,hld_n_tables_1,42.875,72.875,69.91,GEO,sex_avg
GEO,2009,50,hld_n_tables_1,25.445,75.44500000000001,69.91,GEO,sex_avg
GEO,2009,65,hld_n_tables_1,13.635000000000002,78.63499999999999,69.91,GEO,sex_avg
GEO,2010,0,hld_n_tables_1,71.07,71.07,71.07,GEO,sex_avg
GEO,2010,1,hld_n_tables_1,71.265,72.265,71.07,GEO,sex_avg
GEO,2010,5,hld_n_tables_1,67.42999999999999,72.42999999999999,71.07,GEO,sex_avg
GEO,2010,15,hld_n_tables_1,57.635,72.63499999999999,71.07,GEO,sex_avg
GEO,2010,20,hld_n_tables_1,52.8,72.80000000000001,71.07,GEO,sex_avg
GEO,2010,30,hld_n_tables_1,43.325,73.32499999999999,71.07,GEO,sex_avg
GEO,2010,50,hld_n_tables_1,25.505,75.505,71.07,GEO,sex_avg
GEO,2010,65,hld_n_tables_1,14.21,79.21,71.07,GEO,sex_avg
GEO,2011,0,hld_n_tables_1,72.07499999999999,72.07499999999999,72.07499999999999,GEO,sex_avg
GEO,2011,1,hld_n_tables_1,72.03999999999999,73.03999999999999,72.07499999999999,GEO,sex_avg
GEO,2011,5,hld_n_tables_1,68.16499999999999,73.16499999999999,72.07499999999999,GEO,sex_avg
GEO,2011,15,hld_n_tables_1,58.34,73.34,72.07499999999999,GEO,sex_avg
GEO,2011,20,hld_n_tables_1,53.474999999999994,73.475,72.07499999999999,GEO,sex_avg
GEO,2011,30,hld_n_tables_1,43.935,73.935,72.07499999999999,GEO,sex_avg
GEO,2011,50,hld_n_tables_1,25.925,75.92500000000001,72.07499999999999,GEO,sex_avg
GEO,2011,65,hld_n_tables_1,14.53,79.53,72.07499999999999,GEO,sex_avg
GEO,2012,0,hld_n_tables_1,72.105,72.105,72.105,GEO,sex_avg
GEO,2012,1,hld_n_tables_1,72.13499999999999,73.13499999999999,72.105,GEO,sex_avg
GEO,2012,5,hld_n_tables_1,68.285,73.285,72.105,GEO,sex_avg
GEO,2012,15,hld_n_tables_1,58.44,73.44,72.105,GEO,sex_avg
GEO,2012,20,hld_n_tables_1,53.58,73.58000000000001,72.105,GEO,sex_avg
GEO,2012,30,hld_n_tables_1,44.07,74.07000000000001,72.105,GEO,sex_avg
GEO,2012,50,hld_n_tables_1,26.105,76.105,72.105,GEO,sex_avg
GEO,2012,65,hld_n_tables_1,14.715,79.715,72.105,GEO,sex_avg
GEO,2013,0,hld_n_tables_1,72.435,72.435,72.435,GEO,sex_avg
GEO,2013,1,hld_n_tables_1,72.38,73.38,72.435,GEO,sex_avg
GEO,2013,5,hld_n_tables_1,68.545,73.545,72.435,GEO,sex_avg
GEO,2013,15,hld_n_tables_1,58.725,73.725,72.435,GEO,sex_avg
GEO,2013,20,hld_n_tables_1,53.86,73.86,72.435,GEO,sex_avg
GEO,2013,30,hld_n_tables_1,44.29,74.29,72.435,GEO,sex_avg
GEO,2013,50,hld_n_tables_1,26.354999999999997,76.35499999999999,72.435,GEO,sex_avg
GEO,2013,65,hld_n_tables_1,14.945,79.94500000000001,72.435,GEO,sex_avg
GEO,2014,0,hld_n_tables_1,72.735,72.735,72.735,GEO,sex_avg
GEO,2014,1,hld_n_tables_1,72.495,73.495,72.735,GEO,sex_avg
GEO,2014,5,hld_n_tables_1,68.60499999999999,73.60499999999999,72.735,GEO,sex_avg
GEO,2014,15,hld_n_tables_1,58.78,73.78,72.735,GEO,sex_avg
GEO,2014,20,hld_n_tables_1,53.945,73.94500000000001,72.735,GEO,sex_avg
GEO,2014,30,hld_n_tables_1,44.37,74.37,72.735,GEO,sex_avg
GEO,2014,50,hld_n_tables_1,26.335,76.33500000000001,72.735,GEO,sex_avg
GEO,2014,65,hld_n_tables_1,14.865000000000002,79.865,72.735,GEO,sex_avg
GEO,2015,0,hld_n_tables_1,72.97,72.97,72.97,GEO,sex_avg
GEO,2015,1,hld_n_tables_1,72.58500000000001,73.58500000000001,72.97,GEO,sex_avg
GEO,2015,5,hld_n_tables_1,68.72,73.72,72.97,GEO,sex_avg
GEO,2015,15,hld_n_tables_1,58.9,73.9,72.97,GEO,sex_avg
GEO,2015,20,hld_n_tables_1,54.055,74.05499999999999,72.97,GEO,sex_avg
GEO,2015,30,hld_n_tables_1,44.505,74.505,72.97,GEO,sex_avg
GEO,2015,50,hld_n_tables_1,26.395000000000003,76.395,72.97,GEO,sex_avg
GEO,2015,65,hld_n_tables_1,14.95,79.95,72.97,GEO,sex_avg
GEO,2016,0,hld_n_tables_1,72.815,72.815,72.815,GEO,sex_avg
GEO,2016,1,hld_n_tables_1,72.44999999999999,73.44999999999999,72.815,GEO,sex_avg
GEO,2016,5,hld_n_tables_1,68.58,73.58,72.815,GEO,sex_avg
GEO,2016,15,hld_n_tables_1,58.705,73.70500000000001,72.815,GEO,sex_avg
GEO,2016,20,hld_n_tables_1,53.875,73.875,72.815,GEO,sex_avg
GEO,2016,30,hld_n_tables_1,44.334999999999994,74.335,72.815,GEO,sex_avg
GEO,2016,50,hld_n_tables_1,26.29,76.28999999999999,72.815,GEO,sex_avg
GEO,2016,65,hld_n_tables_1,14.879999999999999,79.88,72.815,GEO,sex_avg
GEO,2017,0,hld_n_tables_1,73.58500000000001,73.58500000000001,73.58500000000001,GEO,sex_avg
GEO,2017,1,hld_n_tables_1,73.275,74.275,73.58500000000001,GEO,sex_avg
GEO,2017,5,hld_n_tables_1,69.38,74.38,73.58500000000001,GEO,sex_avg
GEO,2017,15,hld_n_tables_1,59.535,74.535,73.58500000000001,GEO,sex_avg
GEO,2017,20,hld_n_tables_1,54.67,74.67,73.58500000000001,GEO,sex_avg
GEO,2017,30,hld_n_tables_1,45.125,75.125,73.58500000000001,GEO,sex_avg
GEO,2017,50,hld_n_tables_1,26.95,76.94999999999999,73.58500000000001,GEO,sex_avg
GEO,2017,65,hld_n_tables_1,15.29,80.28999999999999,73.58500000000001,GEO,sex_avg
GEO,2018,0,hld_n_tables_1,74.005,74.005,74.005,GEO,sex_avg
GEO,2018,1,hld_n_tables_1,73.59,74.59,74.005,GEO,sex_avg
GEO,2018,5,hld_n_tables_1,69.695,74.695,74.005,GEO,sex_avg
GEO,2018,15,hld_n_tables_1,59.835,74.83500000000001,74.005,GEO,sex_avg
GEO,2018,20,hld_n_tables_1,54.980000000000004,74.98,74.005,GEO,sex_avg
GEO,2018,30,hld_n_tables_1,45.415,75.41499999999999,74.005,GEO,sex_avg
GEO,2018,50,hld_n_tables_1,27.130000000000003,77.13,74.005,GEO,sex_avg
GEO,2018,65,hld_n_tables_1,15.530000000000001,80.53,74.005,GEO,sex_avg
GEO,2019,0,hld_n_tables_1,74.11500000000001,74.11500000000001,74.11500000000001,GEO,sex_avg
GEO,2019,1,hld_n_tables_1,73.68,74.68,74.11500000000001,GEO,sex_avg
GEO,2019,5,hld_n_tables_1,69.775,74.775,74.11500000000001,GEO,sex_avg
GEO,2019,15,hld_n_tables_1,59.89,74.89,74.11500000000001,GEO,sex_avg
GEO,2019,20,hld_n_tables_1,55.035,75.035,74.11500000000001,GEO,sex_avg
GEO,2019,30,hld_n_tables_1,45.415,75.41499999999999,74.11500000000001,GEO,sex_avg
GEO,2019,50,hld_n_tables_1,27.1,77.1,74.11500000000001,GEO,sex_avg
GEO,2019,65,hld_n_tables_1,15.495000000000001,80.495,74.11500000000001,GEO,sex_avg
GEO,2020,0,hld_n_tables_1,73.48,73.48,73.48,GEO,sex_avg
GEO,2020,1,hld_n_tables_1,73.055,74.055,73.48,GEO,sex_avg
GEO,2020,5,hld_n_tables_1,69.13499999999999,74.13499999999999,73.48,GEO,sex_avg
GEO,2020,15,hld_n_tables_1,59.25,74.25,73.48,GEO,sex_avg
GEO,2020,20,hld_n_tables_1,54.394999999999996,74.395,73.48,GEO,sex_avg
GEO,2020,30,hld_n_tables_1,44.769999999999996,74.77,73.48,GEO,sex_avg
GEO,2020,50,hld_n_tables_1,26.43,76.43,73.48,GEO,sex_avg
GEO,2020,65,hld_n_tables_1,14.919999999999998,79.92,73.48,GEO,sex_avg
GEO,2021,0,hld_n_tables_1,71.55,71.55,71.55,GEO,sex_avg
GEO,2021,1,hld_n_tables_1,71.185,72.185,71.55,GEO,sex_avg
GEO,2021,5,hld_n_tables_1,67.25,72.25,71.55,GEO,sex_avg
GEO,2021,15,hld_n_tables_1,57.34,72.34,71.55,GEO,sex_avg
GEO,2021,20,hld_n_tables_1,52.5,72.5,71.55,GEO,sex_avg
GEO,2021,30,hld_n_tables_1,42.935,72.935,71.55,GEO,sex_avg
GEO,2021,50,hld_n_tables_1,24.765,74.765,71.55,GEO,sex_avg
GEO,2021,65,hld_n_tables_1,13.655000000000001,78.655,71.55,GEO,sex_avg
GEO,2022,0,hld_n_tables_1,73.97,73.97,73.97,GEO,sex_avg
GEO,2022,1,hld_n_tables_1,73.505,74.505,73.97,GEO,sex_avg
GEO,2022,5,hld_n_tables_1,69.61,74.61,73.97,GEO,sex_avg
GEO,2022,15,hld_n_tables_1,59.709999999999994,74.71000000000001,73.97,GEO,sex_avg
GEO,2022,20,hld_n_tables_1,54.834999999999994,74.83500000000001,73.97,GEO,sex_avg
GEO,2022,30,hld_n_tables_1,45.224999999999994,75.225,73.97,GEO,sex_avg
GEO,2022,50,hld_n_tables_1,26.93,76.93,73.97,GEO,sex_avg
GEO,2022,65,hld_n_tables_1,15.275,80.275,73.97,GEO,sex_avg
GEO,2023,0,hld_n_tables_1,75.005,75.005,75.005,GEO,sex_avg
GEO,2023,1,hld_n_tables_1,74.60499999999999,75.60499999999999,75.005,GEO,sex_avg
GEO,2023,5,hld_n_tables_1,70.69,75.69,75.005,GEO,sex_avg
GEO,2023,15,hld_n_tables_1,60.795,75.79499999999999,75.005,GEO,sex_avg
GEO,2023,20,hld_n_tables_1,55.935,75.935,75.005,GEO,sex_avg
GEO,2023,30,hld_n_tables_1,46.33,76.33,75.005,GEO,sex_avg
GEO,2023,50,hld_n_tables_1,27.98,77.98,75.005,GEO,sex_avg
GEO,2023,65,hld_n_tables_1,16.205,81.205,75.005,GEO,sex_avg
GHA,1995,0,hld_n_tables_1,49.144999999999996,49.144999999999996,49.144999999999996,GHA,sex_avg
GHA,1995,1,hld_n_tables_1,53.85,54.85,49.144999999999996,GHA,sex_avg
GHA,1995,5,hld_n_tables_1,54.3,59.3,49.144999999999996,GHA,sex_avg
GHA,1995,15,hld_n_tables_1,46.155,61.155,49.144999999999996,GHA,sex_avg
GHA,1995,20,hld_n_tables_1,41.739999999999995,61.739999999999995,49.144999999999996,GHA,sex_avg
GHA,1995,30,hld_n_tables_1,33.614999999999995,63.615,49.144999999999996,GHA,sex_avg
GHA,1995,50,hld_n_tables_1,19.395,69.39500000000001,49.144999999999996,GHA,sex_avg
GHA,1995,65,hld_n_tables_1,11.085,76.08500000000001,49.144999999999996,GHA,sex_avg
GMB,1995,0,hld_n_tables_1,55.735,55.735,55.735,GMB,sex_avg
GNB,1995,0,hld_n_tables_1,41.1,41.1,41.1,GNB,sex_avg
GRC,1879,0,hld_n_tables_1,36.815,36.815,36.815,GRC,sex_avg
GRC,1879,1,hld_n_tables_1,48.965,49.965,36.815,GRC,sex_avg
GRC,1879,5,hld_n_tables_1,50.525,55.525,36.815,GRC,sex_avg
GRC,1879,15,hld_n_tables_1,43.974999999999994,58.974999999999994,36.815,GRC,sex_avg
GRC,1879,20,hld_n_tables_1,40.239999999999995,60.239999999999995,36.815,GRC,sex_avg
GRC,1879,30,hld_n_tables_1,33.12,63.12,36.815,GRC,sex_avg
GRC,1879,50,hld_n_tables_1,19.1,69.1,36.815,GRC,sex_avg
GRC,1879,65,hld_n_tables_1,10.66,75.66,36.815,GRC,sex_avg
GRC,1928,0,hld_n_tables_1,46.205,46.205,46.205,GRC,sex_avg
GRC,1928,1,hld_n_tables_1,53.56,54.56,46.205,GRC,sex_avg
GRC,1928,5,hld_n_tables_1,56.33,61.33,46.205,GRC,sex_avg
GRC,1928,15,hld_n_tables_1,48.879999999999995,63.88,46.205,GRC,sex_avg
GRC,1928,20,hld_n_tables_1,44.94,64.94,46.205,GRC,sex_avg
GRC,1928,30,hld_n_tables_1,37.79,67.78999999999999,46.205,GRC,sex_avg
GRC,1928,50,hld_n_tables_1,23.2,73.19999999999999,46.205,GRC,sex_avg
GRC,1928,65,hld_n_tables_1,12.915,77.91499999999999,46.205,GRC,sex_avg
GRC,1959,0,hld_n_tables_1,71.795,71.795,71.795,GRC,sex_avg
GRC,1959,1,hld_n_tables_1,73.65,74.65,71.795,GRC,sex_avg
GRC,1959,5,hld_n_tables_1,70.205,75.205,71.795,GRC,sex_avg
GRC,1959,15,hld_n_tables_1,60.56,75.56,71.795,GRC,sex_avg
GRC,1959,20,hld_n_tables_1,55.760000000000005,75.76,71.795,GRC,sex_avg
GRC,1959,30,hld_n_tables_1,46.205,76.205,71.795,GRC,sex_avg
GRC,1959,50,hld_n_tables_1,27.665,77.66499999999999,71.795,GRC,sex_avg
GRC,1959,65,hld_n_tables_1,15.5,80.5,71.795,GRC,sex_avg
GRC,1963,0,hld_n_tables_1,71.78999999999999,71.78999999999999,71.78999999999999,GRC,sex_avg
GRC,1963,1,hld_n_tables_1,73.575,74.575,71.78999999999999,GRC,sex_avg
GRC,1963,5,hld_n_tables_1,70.015,75.015,71.78999999999999,GRC,sex_avg
GRC,1963,15,hld_n_tables_1,60.33,75.33,71.78999999999999,GRC,sex_avg
GRC,1963,20,hld_n_tables_1,55.515,75.515,71.78999999999999,GRC,sex_avg
GRC,1963,30,hld_n_tables_1,45.96,75.96000000000001,71.78999999999999,GRC,sex_avg
GRC,1963,50,hld_n_tables_1,27.380000000000003,77.38,71.78999999999999,GRC,sex_avg
GRC,1963,65,hld_n_tables_1,15.129999999999999,80.13,71.78999999999999,GRC,sex_avg
GRC,1964,0,hld_n_tables_1,71.705,71.705,71.705,GRC,sex_avg
GRC,1964,1,hld_n_tables_1,73.315,74.315,71.705,GRC,sex_avg
GRC,1964,5,hld_n_tables_1,69.74,74.74,71.705,GRC,sex_avg
GRC,1964,15,hld_n_tables_1,60.03,75.03,71.705,GRC,sex_avg
GRC,1964,20,hld_n_tables_1,55.22,75.22,71.705,GRC,sex_avg
GRC,1964,30,hld_n_tables_1,45.665,75.665,71.705,GRC,sex_avg
GRC,1964,50,hld_n_tables_1,27.1,77.1,71.705,GRC,sex_avg
GRC,1964,65,hld_n_tables_1,14.965,79.965,71.705,GRC,sex_avg
GRC,1965,0,hld_n_tables_1,72.41499999999999,72.41499999999999,72.41499999999999,GRC,sex_avg
GRC,1965,1,hld_n_tables_1,73.88,74.88,72.41499999999999,GRC,sex_avg
GRC,1965,5,hld_n_tables_1,70.245,75.245,72.41499999999999,GRC,sex_avg
GRC,1965,15,hld_n_tables_1,60.565,75.565,72.41499999999999,GRC,sex_avg
GRC,1965,20,hld_n_tables_1,55.74,75.74000000000001,72.41499999999999,GRC,sex_avg
GRC,1965,30,hld_n_tables_1,46.175,76.175,72.41499999999999,GRC,sex_avg
GRC,1965,50,hld_n_tables_1,27.54,77.54,72.41499999999999,GRC,sex_avg
GRC,1965,65,hld_n_tables_1,15.31,80.31,72.41499999999999,GRC,sex_avg
GRC,1991,0,hld_n_tables_1,76.83000000000001,76.83000000000001,76.83000000000001,GRC,sex_avg
GRC,1991,1,hld_n_tables_1,76.58500000000001,77.58500000000001,76.83000000000001,GRC,sex_avg
GRC,1991,5,hld_n_tables_1,72.695,77.695,76.83000000000001,GRC,sex_avg
GRC,1991,15,hld_n_tables_1,62.835,77.83500000000001,76.83000000000001,GRC,sex_avg
GRC,1991,20,hld_n_tables_1,57.985,77.985,76.83000000000001,GRC,sex_avg
GRC,1991,30,hld_n_tables_1,48.400000000000006,78.4,76.83000000000001,GRC,sex_avg
GRC,1991,50,hld_n_tables_1,29.475,79.475,76.83000000000001,GRC,sex_avg
GRC,1991,65,hld_n_tables_1,16.655,81.655,76.83000000000001,GRC,sex_avg
GRD,1960,0,hld_n_tables_1,61.65,61.65,61.65,GRD,sex_avg
GRD,1960,1,hld_n_tables_1,65.81,66.81,61.65,GRD,sex_avg
GRD,1960,5,hld_n_tables_1,65.17,70.17,61.65,GRD,sex_avg
GRD,1960,15,hld_n_tables_1,55.335,70.33500000000001,61.65,GRD,sex_avg
GRD,1960,20,hld_n_tables_1,50.61,70.61,61.65,GRD,sex_avg
GRD,1960,30,hld_n_tables_1,41.865,71.86500000000001,61.65,GRD,sex_avg
GRD,1960,50,hld_n_tables_1,24.515,74.515,61.65,GRD,sex_avg
GRD,1960,65,hld_n_tables_1,14.29,79.28999999999999,61.65,GRD,sex_avg
GRL,1971,0,hld_n_tables_1,63.48,63.48,63.48,GRL,sex_avg
GRL,1971,1,hld_n_tables_1,65.045,66.045,63.48,GRL,sex_avg
GRL,1971,5,hld_n_tables_1,61.745,66.745,63.48,GRL,sex_avg
GRL,1971,15,hld_n_tables_1,52.525,67.52499999999999,63.48,GRL,sex_avg
GRL,1971,20,hld_n_tables_1,48.32,68.32,63.48,GRL,sex_avg
GRL,1971,30,hld_n_tables_1,39.83,69.83,63.48,GRL,sex_avg
GRL,1971,50,hld_n_tables_1,23.125,73.125,63.48,GRL,sex_avg
GRL,1971,65,hld_n_tables_1,12.565000000000001,77.565,63.48,GRL,sex_avg
GRL,1976,0,hld_n_tables_1,63.525,63.525,63.525,GRL,sex_avg
GRL,1976,1,hld_n_tables_1,65.025,66.025,63.525,GRL,sex_avg
GRL,1976,5,hld_n_tables_1,61.510000000000005,66.51,63.525,GRL,sex_avg
GRL,1976,15,hld_n_tables_1,52.254999999999995,67.255,63.525,GRL,sex_avg
GRL,1976,20,hld_n_tables_1,47.985,67.985,63.525,GRL,sex_avg
GRL,1976,30,hld_n_tables_1,39.82,69.82,63.525,GRL,sex_avg
GRL,1976,50,hld_n_tables_1,22.994999999999997,72.995,63.525,GRL,sex_avg
GRL,1976,65,hld_n_tables_1,12.940000000000001,77.94,63.525,GRL,sex_avg
GTM,1960,0,hld_n_tables_1,46.435,46.435,46.435,GTM,sex_avg
GTM,1960,1,hld_n_tables_1,53.475,54.475,46.435,GTM,sex_avg
GTM,1960,5,hld_n_tables_1,54.455,59.455,46.435,GTM,sex_avg
GTM,1960,15,hld_n_tables_1,47.53,62.53,46.435,GTM,sex_avg
GTM,1960,20,hld_n_tables_1,43.515,63.515,46.435,GTM,sex_avg
GTM,1960,30,hld_n_tables_1,35.989999999999995,65.99,46.435,GTM,sex_avg
GTM,1960,50,hld_n_tables_1,21.475,71.475,46.435,GTM,sex_avg
GTM,1960,65,hld_n_tables_1,12.239999999999998,77.24000000000001,46.435,GTM,sex_avg
GTM,1969,0,hld_n_tables_1,61.959999999999994,61.959999999999994,61.959999999999994,GTM,sex_avg
GTM,1969,1,hld_n_tables_1,65.335,66.33500000000001,61.959999999999994,GTM,sex_avg
GTM,1969,5,hld_n_tables_1,63.585,68.58500000000001,61.959999999999994,GTM,sex_avg
GTM,1969,15,hld_n_tables_1,54.485,69.485,61.959999999999994,GTM,sex_avg
GTM,1969,20,hld_n_tables_1,49.935,69.935,61.959999999999994,GTM,sex_avg
GTM,1969,30,hld_n_tables_1,41.28,71.28,61.959999999999994,GTM,sex_avg
GTM,1969,50,hld_n_tables_1,25.14,75.14,61.959999999999994,GTM,sex_avg
GTM,1969,65,hld_n_tables_1,14.84,79.84,61.959999999999994,GTM,sex_avg
GTM,1970,0,hld_n_tables_1,52.185,52.185,52.185,GTM,sex_avg
GTM,1970,1,hld_n_tables_1,58.295,59.295,52.185,GTM,sex_avg
GTM,1970,5,hld_n_tables_1,58.3,63.3,52.185,GTM,sex_avg
GTM,1970,15,hld_n_tables_1,50.635000000000005,65.63499999999999,52.185,GTM,sex_avg
GTM,1970,20,hld_n_tables_1,46.34,66.34,52.185,GTM,sex_avg
GTM,1970,30,hld_n_tables_1,38.269999999999996,68.27000000000001,52.185,GTM,sex_avg
GTM,1970,50,hld_n_tables_1,22.785,72.785,52.185,GTM,sex_avg
GTM,1970,65,hld_n_tables_1,12.9,77.9,52.185,GTM,sex_avg
GTM,1980,0,hld_n_tables_1,57.025000000000006,57.025000000000006,57.025000000000006,GTM,sex_avg
GTM,1980,1,hld_n_tables_1,61.64,62.64,57.025000000000006,GTM,sex_avg
GTM,1980,5,hld_n_tables_1,60.379999999999995,65.38,57.025000000000006,GTM,sex_avg
GTM,1980,15,hld_n_tables_1,51.925,66.92500000000001,57.025000000000006,GTM,sex_avg
GTM,1980,20,hld_n_tables_1,47.519999999999996,67.52000000000001,57.025000000000006,GTM,sex_avg
GTM,1980,30,hld_n_tables_1,39.349999999999994,69.35,57.025000000000006,GTM,sex_avg
GTM,1980,50,hld_n_tables_1,23.695,73.695,57.025000000000006,GTM,sex_avg
GTM,1980,65,hld_n_tables_1,13.335,78.33500000000001,57.025000000000006,GTM,sex_avg
GTM,1990,0,hld_n_tables_1,62.11,62.11,62.11,GTM,sex_avg
GTM,1990,1,hld_n_tables_1,65.235,66.235,62.11,GTM,sex_avg
GTM,1990,5,hld_n_tables_1,62.775,67.775,62.11,GTM,sex_avg
GTM,1990,15,hld_n_tables_1,53.69,68.69,62.11,GTM,sex_avg
GTM,1990,20,hld_n_tables_1,49.175,69.17500000000001,62.11,GTM,sex_avg
GTM,1990,30,hld_n_tables_1,40.78,70.78,62.11,GTM,sex_avg
GTM,1990,50,hld_n_tables_1,24.755,74.755,62.11,GTM,sex_avg
GTM,1990,65,hld_n_tables_1,14.065,79.065,62.11,GTM,sex_avg
GTM,2000,0,hld_n_tables_1,67.795,67.795,67.795,GTM,sex_avg
GTM,2000,1,hld_n_tables_1,69.71000000000001,70.71000000000001,67.795,GTM,sex_avg
GTM,2000,5,hld_n_tables_1,66.515,71.515,67.795,GTM,sex_avg
GTM,2000,15,hld_n_tables_1,56.995000000000005,71.995,67.795,GTM,sex_avg
GTM,2000,20,hld_n_tables_1,52.39,72.39,67.795,GTM,sex_avg
GTM,2000,30,hld_n_tables_1,43.76,73.75999999999999,67.795,GTM,sex_avg
GTM,2000,50,hld_n_tables_1,27.165,77.16499999999999,67.795,GTM,sex_avg
GTM,2000,65,hld_n_tables_1,15.940000000000001,80.94,67.795,GTM,sex_avg
GTM,2010,0,hld_n_tables_1,71.435,71.435,71.435,GTM,sex_avg
GTM,2010,1,hld_n_tables_1,72.57,73.57,71.435,GTM,sex_avg
GTM,2010,5,hld_n_tables_1,69.045,74.045,71.435,GTM,sex_avg
GTM,2010,15,hld_n_tables_1,59.4,74.39999999999999,71.435,GTM,sex_avg
GTM,2010,20,hld_n_tables_1,54.760000000000005,74.76,71.435,GTM,sex_avg
GTM,2010,30,hld_n_tables_1,46.004999999999995,76.005,71.435,GTM,sex_avg
GTM,2010,50,hld_n_tables_1,29.05,79.05,71.435,GTM,sex_avg
GTM,2010,65,hld_n_tables_1,17.439999999999998,82.44,71.435,GTM,sex_avg
GUF,1961,0,hld_n_tables_1,57.894999999999996,57.894999999999996,57.894999999999996,GUF,sex_avg
GUF,1961,1,hld_n_tables_1,61.08,62.08,57.894999999999996,GUF,sex_avg
GUF,1961,5,hld_n_tables_1,59.235,64.235,57.894999999999996,GUF,sex_avg
GUF,1961,15,hld_n_tables_1,49.91,64.91,57.894999999999996,GUF,sex_avg
GUF,1961,20,hld_n_tables_1,45.53,65.53,57.894999999999996,GUF,sex_avg
GUF,1961,30,hld_n_tables_1,36.675,66.675,57.894999999999996,GUF,sex_avg
GUF,1961,50,hld_n_tables_1,20.86,70.86,57.894999999999996,GUF,sex_avg
GUF,1961,65,hld_n_tables_1,10.985,75.985,57.894999999999996,GUF,sex_avg
GUY,1954,0,hld_n_tables_1,55.94,55.94,55.94,GUY,sex_avg
GUY,1954,1,hld_n_tables_1,59.515,60.515,55.94,GUY,sex_avg
GUY,1954,5,hld_n_tables_1,57.625,62.625,55.94,GUY,sex_avg
GUY,1954,15,hld_n_tables_1,48.385,63.385,55.94,GUY,sex_avg
GUY,1954,20,hld_n_tables_1,43.935,63.935,55.94,GUY,sex_avg
GUY,1954,30,hld_n_tables_1,35.224999999999994,65.225,55.94,GUY,sex_avg
GUY,1954,50,hld_n_tables_1,19.25,69.25,55.94,GUY,sex_avg
GUY,1954,65,hld_n_tables_1,10.309999999999999,75.31,55.94,GUY,sex_avg
GUY,1956,0,hld_n_tables_1,58.46,58.46,58.46,GUY,sex_avg
GUY,1956,1,hld_n_tables_1,61.785,62.785,58.46,GUY,sex_avg
GUY,1956,5,hld_n_tables_1,59.480000000000004,64.47999999999999,58.46,GUY,sex_avg
GUY,1956,15,hld_n_tables_1,50.015,65.015,58.46,GUY,sex_avg
GUY,1956,20,hld_n_tables_1,45.475,65.475,58.46,GUY,sex_avg
GUY,1956,30,hld_n_tables_1,36.754999999999995,66.755,58.46,GUY,sex_avg
GUY,1956,50,hld_n_tables_1,20.265,70.265,58.46,GUY,sex_avg
GUY,1956,65,hld_n_tables_1,10.985,75.985,58.46,GUY,sex_avg
HKG,1963,0,hld_n_tables_1,68.465,68.465,68.465,HKG,sex_avg
HKG,1963,1,hld_n_tables_1,69.875,70.875,68.465,HKG,sex_avg
HKG,1963,5,hld_n_tables_1,66.965,71.965,68.465,HKG,sex_avg
HKG,1963,15,hld_n_tables_1,57.375,72.375,68.465,HKG,sex_avg
HKG,1963,20,hld_n_tables_1,52.555,72.555,68.465,HKG,sex_avg
HKG,1963,30,hld_n_tables_1,43.08,73.08,68.465,HKG,sex_avg
HKG,1963,50,hld_n_tables_1,25.11,75.11,68.465,HKG,sex_avg
HKG,1963,65,hld_n_tables_1,14.195,79.195,68.465,HKG,sex_avg
HKG,1968,0,hld_n_tables_1,70.12,70.12,70.12,HKG,sex_avg
HKG,1968,1,hld_n_tables_1,71.29499999999999,72.29499999999999,70.12,HKG,sex_avg
HKG,1968,5,hld_n_tables_1,68.275,73.275,70.12,HKG,sex_avg
HKG,1968,15,hld_n_tables_1,58.65,73.64999999999999,70.12,HKG,sex_avg
HKG,1968,20,hld_n_tables_1,53.81,73.81,70.12,HKG,sex_avg
HKG,1968,30,hld_n_tables_1,44.29,74.28999999999999,70.12,HKG,sex_avg
HKG,1968,50,hld_n_tables_1,26.145,76.14500000000001,70.12,HKG,sex_avg
HKG,1968,65,hld_n_tables_1,14.945,79.945,70.12,HKG,sex_avg
HND,1950,0,hld_n_tables_1,40.51,40.51,40.51,HND,sex_avg
HND,1950,1,hld_n_tables_1,48.135,49.135,40.51,HND,sex_avg
HND,1950,5,hld_n_tables_1,51.620000000000005,56.620000000000005,40.51,HND,sex_avg
HND,1950,15,hld_n_tables_1,44.245,59.245,40.51,HND,sex_avg
HND,1950,20,hld_n_tables_1,40.24,60.24,40.51,HND,sex_avg
HND,1950,30,hld_n_tables_1,33.01,63.01,40.51,HND,sex_avg
HND,1950,50,hld_n_tables_1,19.605,69.60499999999999,40.51,HND,sex_avg
HND,1950,65,hld_n_tables_1,11.145,76.145,40.51,HND,sex_avg
HND,1959,0,hld_n_tables_1,60.935,60.935,60.935,HND,sex_avg
HND,1959,1,hld_n_tables_1,62.8,63.8,60.935,HND,sex_avg
HND,1959,5,hld_n_tables_1,62.19,67.19,60.935,HND,sex_avg
HND,1959,15,hld_n_tables_1,53.675,68.67500000000001,60.935,HND,sex_avg
HND,1959,20,hld_n_tables_1,49.349999999999994,69.35,60.935,HND,sex_avg
HND,1959,30,hld_n_tables_1,41.394999999999996,71.395,60.935,HND,sex_avg
HND,1959,50,hld_n_tables_1,25.979999999999997,75.97999999999999,60.935,HND,sex_avg
HND,1959,65,hld_n_tables_1,15.61,80.61,60.935,HND,sex_avg
HND,1960,0,hld_n_tables_1,46.27,46.27,46.27,HND,sex_avg
HND,1960,1,hld_n_tables_1,53.019999999999996,54.019999999999996,46.27,HND,sex_avg
HND,1960,5,hld_n_tables_1,55.015,60.015,46.27,HND,sex_avg
HND,1960,15,hld_n_tables_1,47.195,62.195,46.27,HND,sex_avg
HND,1960,20,hld_n_tables_1,43.025,63.025,46.27,HND,sex_avg
HND,1960,30,hld_n_tables_1,35.370000000000005,65.37,46.27,HND,sex_avg
HND,1960,50,hld_n_tables_1,21.045,71.045,46.27,HND,sex_avg
HND,1960,65,hld_n_tables_1,11.879999999999999,76.88,46.27,HND,sex_avg
HND,1963,0,hld_n_tables_1,60.29,60.29,60.29,HND,sex_avg
HND,1963,1,hld_n_tables_1,61.875,62.875,60.29,HND,sex_avg
HND,1963,5,hld_n_tables_1,61.03,66.03,60.29,HND,sex_avg
HND,1963,15,hld_n_tables_1,52.435,67.435,60.29,HND,sex_avg
HND,1963,20,hld_n_tables_1,48.06,68.06,60.29,HND,sex_avg
HND,1963,30,hld_n_tables_1,39.93,69.93,60.29,HND,sex_avg
HND,1963,50,hld_n_tables_1,24.075000000000003,74.075,60.29,HND,sex_avg
HND,1963,65,hld_n_tables_1,13.61,78.61,60.29,HND,sex_avg
HND,1964,0,hld_n_tables_1,59.47,59.47,59.47,HND,sex_avg
HND,1964,1,hld_n_tables_1,60.980000000000004,61.980000000000004,59.47,HND,sex_avg
HND,1964,5,hld_n_tables_1,60.295,65.295,59.47,HND,sex_avg
HND,1964,15,hld_n_tables_1,51.855000000000004,66.85499999999999,59.47,HND,sex_avg
HND,1964,20,hld_n_tables_1,47.480000000000004,67.47999999999999,59.47,HND,sex_avg
HND,1964,30,hld_n_tables_1,39.185,69.185,59.47,HND,sex_avg
HND,1964,50,hld_n_tables_1,23.125,73.125,59.47,HND,sex_avg
HND,1964,65,hld_n_tables_1,12.675,77.675,59.47,HND,sex_avg
HND,1965,0,hld_n_tables_1,60.315,60.315,60.315,HND,sex_avg
HND,1965,1,hld_n_tables_1,61.495,62.495,60.315,HND,sex_avg
HND,1965,5,hld_n_tables_1,60.43,65.43,60.315,HND,sex_avg
HND,1965,15,hld_n_tables_1,51.93,66.93,60.315,HND,sex_avg
HND,1965,20,hld_n_tables_1,47.625,67.625,60.315,HND,sex_avg
HND,1965,30,hld_n_tables_1,39.305,69.305,60.315,HND,sex_avg
HND,1965,50,hld_n_tables_1,23.085,73.08500000000001,60.315,HND,sex_avg
HND,1965,65,hld_n_tables_1,12.219999999999999,77.22,60.315,HND,sex_avg
HND,1970,0,hld_n_tables_1,52.54,52.54,52.54,HND,sex_avg
HND,1970,1,hld_n_tables_1,58.05,59.05,52.54,HND,sex_avg
HND,1970,5,hld_n_tables_1,58.644999999999996,63.645,52.54,HND,sex_avg
HND,1970,15,hld_n_tables_1,50.34,65.34,52.54,HND,sex_avg
HND,1970,20,hld_n_tables_1,46.04,66.03999999999999,52.54,HND,sex_avg
HND,1970,30,hld_n_tables_1,38.01,68.00999999999999,52.54,HND,sex_avg
HND,1970,50,hld_n_tables_1,22.895,72.89500000000001,52.54,HND,sex_avg
HND,1970,65,hld_n_tables_1,13.065000000000001,78.065,52.54,HND,sex_avg
HND,1980,0,hld_n_tables_1,59.629999999999995,59.629999999999995,59.629999999999995,HND,sex_avg
HND,1980,1,hld_n_tables_1,63.28,64.28,59.629999999999995,HND,sex_avg
HND,1980,5,hld_n_tables_1,62.31999999999999,67.32,59.629999999999995,HND,sex_avg
HND,1980,15,hld_n_tables_1,53.55,68.55,59.629999999999995,HND,sex_avg
HND,1980,20,hld_n_tables_1,49.129999999999995,69.13,59.629999999999995,HND,sex_avg
HND,1980,30,hld_n_tables_1,40.754999999999995,70.755,59.629999999999995,HND,sex_avg
HND,1980,50,hld_n_tables_1,24.93,74.93,59.629999999999995,HND,sex_avg
HND,1980,65,hld_n_tables_1,14.465,79.465,59.629999999999995,HND,sex_avg
HND,1990,0,hld_n_tables_1,66.61,66.61,66.61,HND,sex_avg
HND,1990,1,hld_n_tables_1,68.94,69.94,66.61,HND,sex_avg
HND,1990,5,hld_n_tables_1,66.31,71.31,66.61,HND,sex_avg
HND,1990,15,hld_n_tables_1,57.08,72.08000000000001,66.61,HND,sex_avg
HND,1990,20,hld_n_tables_1,52.53,72.53,66.61,HND,sex_avg
HND,1990,30,hld_n_tables_1,43.775,73.775,66.61,HND,sex_avg
HND,1990,50,hld_n_tables_1,27.155,77.155,66.61,HND,sex_avg
HND,1990,65,hld_n_tables_1,15.955000000000002,80.95500000000001,66.61,HND,sex_avg
HND,2000,0,hld_n_tables_1,70.465,70.465,70.465,HND,sex_avg
HND,2000,1,hld_n_tables_1,71.86,72.86,70.465,HND,sex_avg
HND,2000,5,hld_n_tables_1,68.89,73.89,70.465,HND,sex_avg
HND,2000,15,hld_n_tables_1,59.504999999999995,74.505,70.465,HND,sex_avg
HND,2000,20,hld_n_tables_1,54.864999999999995,74.86500000000001,70.465,HND,sex_avg
HND,2000,30,hld_n_tables_1,45.89,75.89,70.465,HND,sex_avg
HND,2000,50,hld_n_tables_1,28.74,78.74,70.465,HND,sex_avg
HND,2000,65,hld_n_tables_1,17.119999999999997,82.12,70.465,HND,sex_avg
HND,2010,0,hld_n_tables_1,72.42500000000001,72.42500000000001,72.42500000000001,HND,sex_avg
HND,2010,1,hld_n_tables_1,73.535,74.535,72.42500000000001,HND,sex_avg
HND,2010,5,hld_n_tables_1,70.485,75.485,72.42500000000001,HND,sex_avg
HND,2010,15,hld_n_tables_1,61.045,76.045,72.42500000000001,HND,sex_avg
HND,2010,20,hld_n_tables_1,56.364999999999995,76.365,72.42500000000001,HND,sex_avg
HND,2010,30,hld_n_tables_1,47.315,77.315,72.42500000000001,HND,sex_avg
HND,2010,50,hld_n_tables_1,29.955,79.955,72.42500000000001,HND,sex_avg
HND,2010,65,hld_n_tables_1,18.045,83.045,72.42500000000001,HND,sex_avg
HRV,1952,0,hld_n_tables_1,61.315,61.315,61.315,HRV,sex_avg
HRV,1952,5,hld_n_tables_1,64.745,69.745,61.315,HRV,sex_avg
HRV,1952,15,hld_n_tables_1,55.335,70.33500000000001,61.315,HRV,sex_avg
HRV,1952,20,hld_n_tables_1,50.66,70.66,61.315,HRV,sex_avg
HRV,1952,30,hld_n_tables_1,41.505,71.505,61.315,HRV,sex_avg
HRV,1952,50,hld_n_tables_1,23.695,73.695,61.315,HRV,sex_avg
HRV,1952,65,hld_n_tables_1,12.545,77.54499999999999,61.315,HRV,sex_avg
HRV,1980,0,hld_n_tables_1,70.465,70.465,70.465,HRV,sex_avg
HRV,1980,5,hld_n_tables_1,67.02000000000001,72.02000000000001,70.465,HRV,sex_avg
HRV,1980,15,hld_n_tables_1,57.28,72.28,70.465,HRV,sex_avg
HRV,1980,20,hld_n_tables_1,52.480000000000004,72.48,70.465,HRV,sex_avg
HRV,1980,30,hld_n_tables_1,42.985,72.985,70.465,HRV,sex_avg
HRV,1980,50,hld_n_tables_1,25.005000000000003,75.005,70.465,HRV,sex_avg
HRV,1980,65,hld_n_tables_1,13.695,78.695,70.465,HRV,sex_avg
HRV,1988,0,hld_n_tables_1,71.975,71.975,71.975,HRV,sex_avg
HRV,1988,5,hld_n_tables_1,67.78,72.78,71.975,HRV,sex_avg
HRV,1988,15,hld_n_tables_1,57.96,72.96000000000001,71.975,HRV,sex_avg
HRV,1988,20,hld_n_tables_1,53.11,73.11,71.975,HRV,sex_avg
HRV,1988,30,hld_n_tables_1,43.575,73.575,71.975,HRV,sex_avg
HRV,1988,50,hld_n_tables_1,25.35,75.35,71.975,HRV,sex_avg
HRV,1988,65,hld_n_tables_1,13.975,78.975,71.975,HRV,sex_avg
HTI,1950,0,hld_n_tables_1,35.96,35.96,35.96,HTI,sex_avg
HTI,1950,1,hld_n_tables_1,45.695,46.695,35.96,HTI,sex_avg
HTI,1950,5,hld_n_tables_1,49.875,54.875,35.96,HTI,sex_avg
HTI,1950,15,hld_n_tables_1,42.955,57.955,35.96,HTI,sex_avg
HTI,1950,20,hld_n_tables_1,39.725,59.725,35.96,HTI,sex_avg
HTI,1950,30,hld_n_tables_1,33.595,63.595,35.96,HTI,sex_avg
HTI,1950,50,hld_n_tables_1,20.045,70.045,35.96,HTI,sex_avg
HTI,1950,65,hld_n_tables_1,11.03,76.03,35.96,HTI,sex_avg
HTI,1960,0,hld_n_tables_1,42.03,42.03,42.03,HTI,sex_avg
HTI,1960,1,hld_n_tables_1,50.275,51.275,42.03,HTI,sex_avg
HTI,1960,5,hld_n_tables_1,52.43,57.43,42.03,HTI,sex_avg
HTI,1960,15,hld_n_tables_1,44.785,59.785,42.03,HTI,sex_avg
HTI,1960,20,hld_n_tables_1,41.205,61.205,42.03,HTI,sex_avg
HTI,1960,30,hld_n_tables_1,34.495000000000005,64.495,42.03,HTI,sex_avg
HTI,1960,50,hld_n_tables_1,20.37,70.37,42.03,HTI,sex_avg
HTI,1960,65,hld_n_tables_1,11.24,76.24000000000001,42.03,HTI,sex_avg
HTI,1970,0,hld_n_tables_1,47.12,47.12,47.12,HTI,sex_avg
HTI,1970,1,hld_n_tables_1,53.875,54.875,47.12,HTI,sex_avg
HTI,1970,5,hld_n_tables_1,54.655,59.655,47.12,HTI,sex_avg
HTI,1970,15,hld_n_tables_1,46.435,61.435,47.12,HTI,sex_avg
HTI,1970,20,hld_n_tables_1,42.565,62.565,47.12,HTI,sex_avg
HTI,1970,30,hld_n_tables_1,35.30500000000001,65.305,47.12,HTI,sex_avg
HTI,1970,50,hld_n_tables_1,20.68,70.68,47.12,HTI,sex_avg
HTI,1970,65,hld_n_tables_1,11.43,76.42999999999999,47.12,HTI,sex_avg
HTI,1980,0,hld_n_tables_1,50.83,50.83,50.83,HTI,sex_avg
HTI,1980,1,hld_n_tables_1,57.120000000000005,58.120000000000005,50.83,HTI,sex_avg
HTI,1980,5,hld_n_tables_1,56.78,61.78,50.83,HTI,sex_avg
HTI,1980,15,hld_n_tables_1,48.485,63.485,50.83,HTI,sex_avg
HTI,1980,20,hld_n_tables_1,44.465,64.465,50.83,HTI,sex_avg
HTI,1980,30,hld_n_tables_1,36.86,66.86,50.83,HTI,sex_avg
HTI,1980,50,hld_n_tables_1,21.814999999999998,71.815,50.83,HTI,sex_avg
HTI,1980,65,hld_n_tables_1,12.055,77.055,50.83,HTI,sex_avg
HTI,1990,0,hld_n_tables_1,54.505,54.505,54.505,HTI,sex_avg
HTI,1990,1,hld_n_tables_1,59.03,60.03,54.505,HTI,sex_avg
HTI,1990,5,hld_n_tables_1,57.955,62.955,54.505,HTI,sex_avg
HTI,1990,15,hld_n_tables_1,49.7,64.7,54.505,HTI,sex_avg
HTI,1990,20,hld_n_tables_1,45.614999999999995,65.615,54.505,HTI,sex_avg
HTI,1990,30,hld_n_tables_1,37.86,67.86,54.505,HTI,sex_avg
HTI,1990,50,hld_n_tables_1,22.590000000000003,72.59,54.505,HTI,sex_avg
HTI,1990,65,hld_n_tables_1,12.47,77.47,54.505,HTI,sex_avg
HTI,2000,0,hld_n_tables_1,57.6,57.6,57.6,HTI,sex_avg
HTI,2000,1,hld_n_tables_1,60.45,61.45,57.6,HTI,sex_avg
HTI,2000,5,hld_n_tables_1,58.879999999999995,63.879999999999995,57.6,HTI,sex_avg
HTI,2000,15,hld_n_tables_1,50.635000000000005,65.63499999999999,57.6,HTI,sex_avg
HTI,2000,20,hld_n_tables_1,46.510000000000005,66.51,57.6,HTI,sex_avg
HTI,2000,30,hld_n_tables_1,38.64,68.64,57.6,HTI,sex_avg
HTI,2000,50,hld_n_tables_1,23.185000000000002,73.185,57.6,HTI,sex_avg
HTI,2000,65,hld_n_tables_1,12.79,77.79,57.6,HTI,sex_avg
HTI,2010,0,hld_n_tables_1,61.61,61.61,61.61,HTI,sex_avg
HTI,2010,1,hld_n_tables_1,63.55500000000001,64.555,61.61,HTI,sex_avg
HTI,2010,5,hld_n_tables_1,61.605000000000004,66.60499999999999,61.61,HTI,sex_avg
HTI,2010,15,hld_n_tables_1,53.099999999999994,68.1,61.61,HTI,sex_avg
HTI,2010,20,hld_n_tables_1,48.85,68.85,61.61,HTI,sex_avg
HTI,2010,30,hld_n_tables_1,40.675,70.675,61.61,HTI,sex_avg
HTI,2010,50,hld_n_tables_1,24.655,74.655,61.61,HTI,sex_avg
HTI,2010,65,hld_n_tables_1,13.835,78.83500000000001,61.61,HTI,sex_avg
IDN,2010,0,hld_n_tables_1,69.875,69.875,69.875,IDN,sex_avg
IDN,2010,1,hld_n_tables_1,70.7,71.7,69.875,IDN,sex_avg
IDN,2010,5,hld_n_tables_1,67.105,72.105,69.875,IDN,sex_avg
IDN,2010,15,hld_n_tables_1,57.45,72.45,69.875,IDN,sex_avg
IDN,2010,20,hld_n_tables_1,52.730000000000004,72.72999999999999,69.875,IDN,sex_avg
IDN,2010,30,hld_n_tables_1,43.4,73.4,69.875,IDN,sex_avg
IDN,2010,50,hld_n_tables_1,25.415,75.41499999999999,69.875,IDN,sex_avg
IDN,2010,65,hld_n_tables_1,13.99,78.99,69.875,IDN,sex_avg
IND,1901,0,hld_n_tables_1,23.96,23.96,23.96,IND,sex_avg
IND,1901,1,hld_n_tables_1,32.46,33.46,23.96,IND,sex_avg
IND,1901,5,hld_n_tables_1,35.605000000000004,40.605000000000004,23.96,IND,sex_avg
IND,1901,15,hld_n_tables_1,29.72,44.72,23.96,IND,sex_avg
IND,1901,20,hld_n_tables_1,27.174999999999997,47.175,23.96,IND,sex_avg
IND,1901,30,hld_n_tables_1,22.865000000000002,52.864999999999995,23.96,IND,sex_avg
IND,1901,50,hld_n_tables_1,13.295,63.295,23.96,IND,sex_avg
IND,1901,65,hld_n_tables_1,7.525,72.525,23.96,IND,sex_avg
IND,1911,0,hld_n_tables_1,24.005000000000003,24.005000000000003,24.005000000000003,IND,sex_avg
IND,1911,1,hld_n_tables_1,32.695,33.69499999999999,24.005000000000003,IND,sex_avg
IND,1911,5,hld_n_tables_1,36.010000000000005,41.010000000000005,24.005000000000003,IND,sex_avg
IND,1911,15,hld_n_tables_1,30.085,45.085,24.005000000000003,IND,sex_avg
IND,1911,20,hld_n_tables_1,27.509999999999998,47.51,24.005000000000003,IND,sex_avg
IND,1911,30,hld_n_tables_1,23.14,53.14,24.005000000000003,IND,sex_avg
IND,1911,50,hld_n_tables_1,13.465,63.465,24.005000000000003,IND,sex_avg
IND,1911,65,hld_n_tables_1,7.645,72.64500000000001,24.005000000000003,IND,sex_avg
IND,1921,0,hld_n_tables_1,27.595,27.595,27.595,IND,sex_avg
IND,1921,1,hld_n_tables_1,35.224999999999994,36.224999999999994,27.595,IND,sex_avg
IND,1921,5,hld_n_tables_1,37.36,42.36,27.595,IND,sex_avg
IND,1921,15,hld_n_tables_1,31.28,46.28,27.595,IND,sex_avg
IND,1921,20,hld_n_tables_1,28.61,48.61,27.595,IND,sex_avg
IND,1921,30,hld_n_tables_1,24.045,54.045,27.595,IND,sex_avg
IND,1921,50,hld_n_tables_1,14.015,64.015,27.595,IND,sex_avg
IND,1921,65,hld_n_tables_1,7.94,72.94,27.595,IND,sex_avg
IND,1931,0,hld_n_tables_1,30.93,30.93,30.93,IND,sex_avg
IND,1931,1,hld_n_tables_1,38.095,39.095,30.93,IND,sex_avg
IND,1931,5,hld_n_tables_1,39.675,44.675,30.93,IND,sex_avg
IND,1931,15,hld_n_tables_1,33.325,48.325,30.93,IND,sex_avg
IND,1931,20,hld_n_tables_1,30.509999999999998,50.510000000000005,30.93,IND,sex_avg
IND,1931,30,hld_n_tables_1,25.6,55.6,30.93,IND,sex_avg
IND,1931,50,hld_n_tables_1,14.969999999999999,64.97,30.93,IND,sex_avg
IND,1931,65,hld_n_tables_1,8.469999999999999,73.47,30.93,IND,sex_avg
IND,1941,0,hld_n_tables_1,35.010000000000005,35.010000000000005,35.010000000000005,IND,sex_avg
IND,1941,1,hld_n_tables_1,41.754999999999995,42.754999999999995,35.010000000000005,IND,sex_avg
IND,1941,5,hld_n_tables_1,42.835,47.835,35.010000000000005,IND,sex_avg
IND,1941,15,hld_n_tables_1,36.135000000000005,51.135000000000005,35.010000000000005,IND,sex_avg
IND,1941,20,hld_n_tables_1,33.125,53.125,35.010000000000005,IND,sex_avg
IND,1941,30,hld_n_tables_1,27.755000000000003,57.754999999999995,35.010000000000005,IND,sex_avg
IND,1941,50,hld_n_tables_1,16.33,66.33,35.010000000000005,IND,sex_avg
IND,1941,65,hld_n_tables_1,9.225000000000001,74.225,35.010000000000005,IND,sex_avg
IND,1951,0,hld_n_tables_1,41.05,41.05,41.05,IND,sex_avg
IND,1951,1,hld_n_tables_1,46.985,47.985,41.05,IND,sex_avg
IND,1951,5,hld_n_tables_1,47.195,52.195,41.05,IND,sex_avg
IND,1951,15,hld_n_tables_1,40.04,55.04,41.05,IND,sex_avg
IND,1951,20,hld_n_tables_1,36.76,56.76,41.05,IND,sex_avg
IND,1951,30,hld_n_tables_1,30.79,60.79,41.05,IND,sex_avg
IND,1951,50,hld_n_tables_1,18.29,68.29,41.05,IND,sex_avg
IND,1951,65,hld_n_tables_1,10.35,75.35,41.05,IND,sex_avg
IND,1957,0,hld_n_tables_1,26.775,26.775,26.775,IND,sex_avg
IND,1957,1,hld_n_tables_1,34.155,35.155,26.775,IND,sex_avg
IND,1957,5,hld_n_tables_1,37.87,42.87,26.775,IND,sex_avg
IND,1957,20,hld_n_tables_1,28.445,48.445,26.775,IND,sex_avg
IND,1957,30,hld_n_tables_1,23.135,53.135000000000005,26.775,IND,sex_avg
IND,1957,50,hld_n_tables_1,14.83,64.83000000000001,26.775,IND,sex_avg
IND,1968,0,hld_n_tables_1,50.205,50.205,50.205,IND,sex_avg
IND,1968,1,hld_n_tables_1,57.025,58.025,50.205,IND,sex_avg
IND,1968,5,hld_n_tables_1,57.655,62.655,50.205,IND,sex_avg
IND,1968,15,hld_n_tables_1,49.650000000000006,64.65,50.205,IND,sex_avg
IND,1968,20,hld_n_tables_1,45.465,65.465,50.205,IND,sex_avg
IND,1968,30,hld_n_tables_1,37.36,67.36,50.205,IND,sex_avg
IND,1968,50,hld_n_tables_1,21.795,71.795,50.205,IND,sex_avg
IND,1968,65,hld_n_tables_1,11.870000000000001,76.87,50.205,IND,sex_avg
IND,1971,0,hld_n_tables_1,50.989999999999995,50.989999999999995,50.989999999999995,IND,sex_avg
IND,1971,1,hld_n_tables_1,57.47,58.47,50.989999999999995,IND,sex_avg
IND,1971,5,hld_n_tables_1,57.795,62.795,50.989999999999995,IND,sex_avg
IND,1971,15,hld_n_tables_1,49.629999999999995,64.63,50.989999999999995,IND,sex_avg
IND,1971,20,hld_n_tables_1,45.755,65.755,50.989999999999995,IND,sex_avg
IND,1971,30,hld_n_tables_1,38.405,68.405,50.989999999999995,IND,sex_avg
IND,1971,50,hld_n_tables_1,23.415,73.41499999999999,50.989999999999995,IND,sex_avg
IND,1971,65,hld_n_tables_1,13.355,78.355,50.989999999999995,IND,sex_avg
IND,1993,0,hld_n_tables_1,60.285,60.285,60.285,IND,sex_avg
IND,1993,1,hld_n_tables_1,64.355,65.355,60.285,IND,sex_avg
IND,1993,5,hld_n_tables_1,62.445,67.44500000000001,60.285,IND,sex_avg
IND,1993,15,hld_n_tables_1,53.51,68.50999999999999,60.285,IND,sex_avg
IND,1993,20,hld_n_tables_1,48.97,68.97,60.285,IND,sex_avg
IND,1993,30,hld_n_tables_1,40.115,70.11500000000001,60.285,IND,sex_avg
IND,1993,50,hld_n_tables_1,22.765,72.765,60.285,IND,sex_avg
IND,1993,65,hld_n_tables_1,12.094999999999999,77.095,60.285,IND,sex_avg
IRL,1936,0,hld_n_tables_1,58.885000000000005,58.885000000000005,58.885000000000005,IRL,sex_avg
IRL,1936,1,hld_n_tables_1,62.7,63.7,58.885000000000005,IRL,sex_avg
IRL,1936,5,hld_n_tables_1,60.455,65.45500000000001,58.885000000000005,IRL,sex_avg
IRL,1936,15,hld_n_tables_1,51.535,66.535,58.885000000000005,IRL,sex_avg
IRL,1936,20,hld_n_tables_1,47.150000000000006,67.15,58.885000000000005,IRL,sex_avg
IRL,1936,30,hld_n_tables_1,39.035,69.035,58.885000000000005,IRL,sex_avg
IRL,1936,50,hld_n_tables_1,22.810000000000002,72.81,58.885000000000005,IRL,sex_avg
IRL,1936,65,hld_n_tables_1,12.805,77.805,58.885000000000005,IRL,sex_avg
IRL,1946,0,hld_n_tables_1,62.225,62.225,62.225,IRL,sex_avg
IRL,1946,1,hld_n_tables_1,65.35499999999999,66.35499999999999,62.225,IRL,sex_avg
IRL,1946,5,hld_n_tables_1,62.305,67.305,62.225,IRL,sex_avg
IRL,1946,15,hld_n_tables_1,52.955,67.955,62.225,IRL,sex_avg
IRL,1946,20,hld_n_tables_1,48.53,68.53,62.225,IRL,sex_avg
IRL,1946,30,hld_n_tables_1,40.03,70.03,62.225,IRL,sex_avg
IRL,1946,50,hld_n_tables_1,23.21,73.21000000000001,62.225,IRL,sex_avg
IRL,1946,65,hld_n_tables_1,12.55,77.55,62.225,IRL,sex_avg
IRL,1951,0,hld_n_tables_1,64.855,64.855,64.855,IRL,sex_avg
IRL,1951,1,hld_n_tables_1,66.805,67.805,64.855,IRL,sex_avg
IRL,1951,5,hld_n_tables_1,63.485,68.485,64.855,IRL,sex_avg
IRL,1951,15,hld_n_tables_1,53.915,68.91499999999999,64.855,IRL,sex_avg
IRL,1951,20,hld_n_tables_1,49.25,69.25,64.855,IRL,sex_avg
IRL,1951,30,hld_n_tables_1,40.26,70.25999999999999,64.855,IRL,sex_avg
IRL,1951,50,hld_n_tables_1,22.845,72.845,64.855,IRL,sex_avg
IRL,1951,65,hld_n_tables_1,12.015,77.015,64.855,IRL,sex_avg
IRL,1955,0,hld_n_tables_1,68.57499999999999,68.57499999999999,68.57499999999999,IRL,sex_avg
IRL,1955,1,hld_n_tables_1,70.03999999999999,71.03999999999999,68.57499999999999,IRL,sex_avg
IRL,1955,5,hld_n_tables_1,66.455,71.455,68.57499999999999,IRL,sex_avg
IRL,1955,15,hld_n_tables_1,56.76,71.75999999999999,68.57499999999999,IRL,sex_avg
IRL,1955,20,hld_n_tables_1,51.915,71.91499999999999,68.57499999999999,IRL,sex_avg
IRL,1955,30,hld_n_tables_1,42.47,72.47,68.57499999999999,IRL,sex_avg
IRL,1955,50,hld_n_tables_1,24.415,74.41499999999999,68.57499999999999,IRL,sex_avg
IRL,1955,65,hld_n_tables_1,13.195,78.195,68.57499999999999,IRL,sex_avg
IRN,1956,0,hld_n_tables_1,48.105000000000004,48.105000000000004,48.105000000000004,IRN,sex_avg
IRN,1956,1,hld_n_tables_1,57.95,58.95,48.105000000000004,IRN,sex_avg
IRN,1956,5,hld_n_tables_1,57.105000000000004,62.105000000000004,48.105000000000004,IRN,sex_avg
IRN,1956,15,hld_n_tables_1,51.045,66.045,48.105000000000004,IRN,sex_avg
IRN,1956,20,hld_n_tables_1,46.815,66.815,48.105000000000004,IRN,sex_avg
IRN,1956,30,hld_n_tables_1,37.71,67.71000000000001,48.105000000000004,IRN,sex_avg
IRN,1956,50,hld_n_tables_1,21.700000000000003,71.7,48.105000000000004,IRN,sex_avg
IRN,1956,65,hld_n_tables_1,12.934999999999999,77.935,48.105000000000004,IRN,sex_avg
IRN,2004,0,hld_n_tables_1,70.12,70.12,70.12,IRN,sex_avg
IRN,2004,1,hld_n_tables_1,70.98,71.98,70.12,IRN,sex_avg
IRN,2004,5,hld_n_tables_1,67.43,72.43,70.12,IRN,sex_avg
IRN,2004,15,hld_n_tables_1,57.785,72.785,70.12,IRN,sex_avg
IRN,2004,20,hld_n_tables_1,53.120000000000005,73.12,70.12,IRN,sex_avg
IRN,2004,30,hld_n_tables_1,43.94,73.94,70.12,IRN,sex_avg
IRN,2004,50,hld_n_tables_1,25.785,75.785,70.12,IRN,sex_avg
IRN,2004,65,hld_n_tables_1,13.71,78.71000000000001,70.12,IRN,sex_avg
IRQ,1998,0,hld_n_tables_1,58.795,58.795,58.795,IRQ,sex_avg
IRQ,1998,1,hld_n_tables_1,63.7,64.7,58.795,IRQ,sex_avg
IRQ,1998,5,hld_n_tables_1,60.775,65.77499999999999,58.795,IRQ,sex_avg
IRQ,1998,15,hld_n_tables_1,51.775,66.775,58.795,IRQ,sex_avg
IRQ,1998,20,hld_n_tables_1,47.335,67.33500000000001,58.795,IRQ,sex_avg
IRQ,1998,30,hld_n_tables_1,38.620000000000005,68.62,58.795,IRQ,sex_avg
IRQ,1998,50,hld_n_tables_1,22.36,72.36,58.795,IRQ,sex_avg
IRQ,1998,65,hld_n_tables_1,12.24,77.24000000000001,58.795,IRQ,sex_avg
ISL,1920,0,hld_n_tables_1,54.905,54.905,54.905,Iceland,sex_avg
ISL,1920,1,hld_n_tables_1,58.88,59.88,54.905,Iceland,sex_avg
ISL,1920,5,hld_n_tables_1,57.995,62.995,54.905,Iceland,sex_avg
ISL,1920,15,hld_n_tables_1,49.34,64.34,54.905,Iceland,sex_avg
ISL,1920,20,hld_n_tables_1,45.59,65.59,54.905,Iceland,sex_avg
ISL,1920,30,hld_n_tables_1,38.980000000000004,68.98,54.905,Iceland,sex_avg
ISL,1920,50,hld_n_tables_1,23.785,73.785,54.905,Iceland,sex_avg
ISL,1920,65,hld_n_tables_1,13.14,78.14,54.905,Iceland,sex_avg
ISL,1950,0,hld_n_tables_1,70.735,70.735,70.735,Iceland,sex_avg
ISL,1950,1,hld_n_tables_1,71.32499999999999,72.32499999999999,70.735,Iceland,sex_avg
ISL,1950,5,hld_n_tables_1,67.695,72.695,70.735,Iceland,sex_avg
ISL,1950,15,hld_n_tables_1,58.19,73.19,70.735,Iceland,sex_avg
ISL,1950,20,hld_n_tables_1,53.44,73.44,70.735,Iceland,sex_avg
ISL,1950,30,hld_n_tables_1,44.29,74.28999999999999,70.735,Iceland,sex_avg
ISL,1950,50,hld_n_tables_1,26.83,76.83,70.735,Iceland,sex_avg
ISL,1950,65,hld_n_tables_1,15.01,80.00999999999999,70.735,Iceland,sex_avg
ISL,1960,0,hld_n_tables_1,73.92500000000001,73.92500000000001,73.92500000000001,Iceland,sex_avg
ISL,1960,1,hld_n_tables_1,73.91,74.91,73.92500000000001,Iceland,sex_avg
ISL,1960,5,hld_n_tables_1,70.275,75.275,73.92500000000001,Iceland,sex_avg
ISL,1960,15,hld_n_tables_1,60.57,75.57000000000001,73.92500000000001,Iceland,sex_avg
ISL,1960,20,hld_n_tables_1,55.715,75.715,73.92500000000001,Iceland,sex_avg
ISL,1960,30,hld_n_tables_1,46.205,76.205,73.92500000000001,Iceland,sex_avg
ISL,1960,50,hld_n_tables_1,27.825,77.825,73.92500000000001,Iceland,sex_avg
ISL,1960,65,hld_n_tables_1,15.885000000000002,80.88499999999999,73.92500000000001,Iceland,sex_avg
ISL,1962,0,hld_n_tables_1,73.61500000000001,73.61500000000001,73.61500000000001,Iceland,sex_avg
ISL,1962,1,hld_n_tables_1,73.88,74.88,73.61500000000001,Iceland,sex_avg
ISL,1962,5,hld_n_tables_1,70.2,75.2,73.61500000000001,Iceland,sex_avg
ISL,1962,15,hld_n_tables_1,60.375,75.375,73.61500000000001,Iceland,sex_avg
ISL,1962,20,hld_n_tables_1,55.525000000000006,75.525,73.61500000000001,Iceland,sex_avg
ISL,1962,30,hld_n_tables_1,46.07,76.07,73.61500000000001,Iceland,sex_avg
ISL,1962,50,hld_n_tables_1,27.97,77.97,73.61500000000001,Iceland,sex_avg
ISL,1962,65,hld_n_tables_1,15.83,80.83,73.61500000000001,Iceland,sex_avg
ISR,1950,0,hld_n_tables_1,67.85499999999999,67.85499999999999,67.85499999999999,ISR,sex_avg
ISR,1950,1,hld_n_tables_1,70.0,71.0,67.85499999999999,ISR,sex_avg
ISR,1950,5,hld_n_tables_1,66.92500000000001,71.92500000000001,67.85499999999999,ISR,sex_avg
ISR,1950,15,hld_n_tables_1,57.41,72.41,67.85499999999999,ISR,sex_avg
ISR,1950,20,hld_n_tables_1,52.75,72.75,67.85499999999999,ISR,sex_avg
ISR,1950,30,hld_n_tables_1,43.5,73.5,67.85499999999999,ISR,sex_avg
ISR,1950,50,hld_n_tables_1,25.23,75.22999999999999,67.85499999999999,ISR,sex_avg
ISR,1950,65,hld_n_tables_1,13.63,78.63,67.85499999999999,ISR,sex_avg
ISR,1953,0,hld_n_tables_1,69.315,69.315,69.315,ISR,sex_avg
ISR,1953,1,hld_n_tables_1,70.75999999999999,71.75999999999999,69.315,ISR,sex_avg
ISR,1953,5,hld_n_tables_1,67.38,72.38,69.315,ISR,sex_avg
ISR,1953,15,hld_n_tables_1,57.695,72.695,69.315,ISR,sex_avg
ISR,1953,20,hld_n_tables_1,52.995000000000005,72.995,69.315,ISR,sex_avg
ISR,1953,30,hld_n_tables_1,43.61,73.61000000000001,69.315,ISR,sex_avg
ISR,1953,50,hld_n_tables_1,25.125,75.125,69.315,ISR,sex_avg
ISR,1953,65,hld_n_tables_1,13.525,78.525,69.315,ISR,sex_avg
ISR,1956,0,hld_n_tables_1,69.92500000000001,69.92500000000001,69.92500000000001,ISR,sex_avg
ISR,1956,1,hld_n_tables_1,71.22,72.22,69.92500000000001,ISR,sex_avg
ISR,1956,5,hld_n_tables_1,67.68,72.68,69.92500000000001,ISR,sex_avg
ISR,1956,15,hld_n_tables_1,57.980000000000004,72.98,69.92500000000001,ISR,sex_avg
ISR,1956,20,hld_n_tables_1,53.305,73.305,69.92500000000001,ISR,sex_avg
ISR,1956,30,hld_n_tables_1,43.89,73.89,69.92500000000001,ISR,sex_avg
ISR,1956,50,hld_n_tables_1,25.33,75.33000000000001,69.92500000000001,ISR,sex_avg
ISR,1956,65,hld_n_tables_1,13.67,78.67,69.92500000000001,ISR,sex_avg
ISR,1960,0,hld_n_tables_1,71.66499999999999,71.66499999999999,71.66499999999999,ISR,sex_avg
ISR,1960,1,hld_n_tables_1,72.665,73.665,71.66499999999999,ISR,sex_avg
ISR,1960,5,hld_n_tables_1,69.09,74.09,71.66499999999999,ISR,sex_avg
ISR,1960,15,hld_n_tables_1,59.379999999999995,74.38,71.66499999999999,ISR,sex_avg
ISR,1960,20,hld_n_tables_1,54.595,74.595,71.66499999999999,ISR,sex_avg
ISR,1960,30,hld_n_tables_1,45.025,75.025,71.66499999999999,ISR,sex_avg
ISR,1960,50,hld_n_tables_1,26.335,76.335,71.66499999999999,ISR,sex_avg
ISR,1960,65,hld_n_tables_1,14.515,79.515,71.66499999999999,ISR,sex_avg
ISR,1963,0,hld_n_tables_1,71.555,71.555,71.555,ISR,sex_avg
ISR,1963,1,hld_n_tables_1,72.19,73.19,71.555,ISR,sex_avg
ISR,1963,5,hld_n_tables_1,68.47,73.47,71.555,ISR,sex_avg
ISR,1963,15,hld_n_tables_1,58.695,73.69500000000001,71.555,ISR,sex_avg
ISR,1963,20,hld_n_tables_1,53.915000000000006,73.915,71.555,ISR,sex_avg
ISR,1963,30,hld_n_tables_1,44.32,74.32,71.555,ISR,sex_avg
ISR,1963,50,hld_n_tables_1,25.67,75.66999999999999,71.555,ISR,sex_avg
ISR,1963,65,hld_n_tables_1,13.985,78.985,71.555,ISR,sex_avg
ITA,1931,0,hld_n_tables_1,54.849999999999994,54.849999999999994,54.849999999999994,Italy,sex_avg
ITA,1931,1,hld_n_tables_1,60.379999999999995,61.379999999999995,54.849999999999994,Italy,sex_avg
ITA,1931,5,hld_n_tables_1,60.364999999999995,65.365,54.849999999999994,Italy,sex_avg
ITA,1931,15,hld_n_tables_1,51.620000000000005,66.62,54.849999999999994,Italy,sex_avg
ITA,1931,20,hld_n_tables_1,47.41,67.41,54.849999999999994,Italy,sex_avg
ITA,1931,30,hld_n_tables_1,39.28,69.28,54.849999999999994,Italy,sex_avg
ITA,1931,50,hld_n_tables_1,22.96,72.96000000000001,54.849999999999994,Italy,sex_avg
ITA,1931,65,hld_n_tables_1,12.115,77.11500000000001,54.849999999999994,Italy,sex_avg
ITA,1936,0,hld_n_tables_1,56.815,56.815,56.815,Italy,sex_avg
ITA,1936,1,hld_n_tables_1,61.775,62.775,56.815,Italy,sex_avg
ITA,1936,5,hld_n_tables_1,61.195,66.195,56.815,Italy,sex_avg
ITA,1936,15,hld_n_tables_1,52.315,67.315,56.815,Italy,sex_avg
ITA,1936,20,hld_n_tables_1,48.019999999999996,68.02000000000001,56.815,Italy,sex_avg
ITA,1936,30,hld_n_tables_1,39.68,69.67999999999999,56.815,Italy,sex_avg
ITA,1936,50,hld_n_tables_1,23.174999999999997,73.17500000000001,56.815,Italy,sex_avg
ITA,1936,65,hld_n_tables_1,12.275,77.275,56.815,Italy,sex_avg
ITA,1964,0,hld_n_tables_1,70.25999999999999,70.25999999999999,70.25999999999999,Italy,sex_avg
ITA,1964,1,hld_n_tables_1,71.945,72.945,70.25999999999999,Italy,sex_avg
ITA,1964,5,hld_n_tables_1,68.36,73.36,70.25999999999999,Italy,sex_avg
ITA,1964,15,hld_n_tables_1,58.655,73.655,70.25999999999999,Italy,sex_avg
ITA,1964,20,hld_n_tables_1,53.870000000000005,73.87,70.25999999999999,Italy,sex_avg
ITA,1964,30,hld_n_tables_1,44.34,74.34,70.25999999999999,Italy,sex_avg
ITA,1964,50,hld_n_tables_1,25.994999999999997,75.995,70.25999999999999,Italy,sex_avg
ITA,1964,65,hld_n_tables_1,14.305,79.305,70.25999999999999,Italy,sex_avg
JAM,1951,0,hld_n_tables_1,62.98,62.98,62.98,JAM,sex_avg
JAM,1951,1,hld_n_tables_1,65.72999999999999,66.72999999999999,62.98,JAM,sex_avg
JAM,1951,5,hld_n_tables_1,63.625,68.625,62.98,JAM,sex_avg
JAM,1951,15,hld_n_tables_1,54.305,69.30499999999999,62.98,JAM,sex_avg
JAM,1951,20,hld_n_tables_1,49.64,69.64,62.98,JAM,sex_avg
JAM,1951,30,hld_n_tables_1,40.644999999999996,70.645,62.98,JAM,sex_avg
JAM,1951,50,hld_n_tables_1,23.625,73.625,62.98,JAM,sex_avg
JAM,1951,65,hld_n_tables_1,12.809999999999999,77.81,62.98,JAM,sex_avg
JAM,1956,0,hld_n_tables_1,56.68,56.68,56.68,JAM,sex_avg
JAM,1956,1,hld_n_tables_1,60.745000000000005,61.745000000000005,56.68,JAM,sex_avg
JAM,1956,5,hld_n_tables_1,59.42,64.42,56.68,JAM,sex_avg
JAM,1956,15,hld_n_tables_1,50.565,65.565,56.68,JAM,sex_avg
JAM,1956,20,hld_n_tables_1,46.114999999999995,66.11500000000001,56.68,JAM,sex_avg
JAM,1956,30,hld_n_tables_1,37.87,67.87,56.68,JAM,sex_avg
JAM,1956,50,hld_n_tables_1,21.905,71.905,56.68,JAM,sex_avg
JAM,1956,65,hld_n_tables_1,11.935,76.935,56.68,JAM,sex_avg
JAM,2011,0,hld_n_tables_1,73.56,73.56,73.56,JAM,sex_avg
JAM,2011,1,hld_n_tables_1,73.85,74.85,73.56,JAM,sex_avg
JAM,2011,5,hld_n_tables_1,69.99,74.99,73.56,JAM,sex_avg
JAM,2011,15,hld_n_tables_1,60.24,75.24000000000001,73.56,JAM,sex_avg
JAM,2011,20,hld_n_tables_1,55.53,75.53,73.56,JAM,sex_avg
JAM,2011,30,hld_n_tables_1,46.65,76.65,73.56,JAM,sex_avg
JAM,2011,50,hld_n_tables_1,29.165,79.16499999999999,73.56,JAM,sex_avg
JAM,2011,65,hld_n_tables_1,16.72,81.72,73.56,JAM,sex_avg
JOR,1998,0,hld_n_tables_1,69.25,69.25,69.25,JOR,sex_avg
JOR,1998,1,hld_n_tables_1,70.13499999999999,71.13499999999999,69.25,JOR,sex_avg
JOR,1998,5,hld_n_tables_1,66.58500000000001,71.58500000000001,69.25,JOR,sex_avg
JOR,1998,15,hld_n_tables_1,56.974999999999994,71.975,69.25,JOR,sex_avg
JOR,1998,20,hld_n_tables_1,52.230000000000004,72.22999999999999,69.25,JOR,sex_avg
JOR,1998,30,hld_n_tables_1,42.91,72.91,69.25,JOR,sex_avg
JOR,1998,50,hld_n_tables_1,25.09,75.09,69.25,JOR,sex_avg
JOR,1998,65,hld_n_tables_1,13.809999999999999,78.81,69.25,JOR,sex_avg
JPN,1939,0,hld_n_tables_1,49.115,49.115,49.115,Japan,sex_avg
JPN,1939,1,hld_n_tables_1,53.07,54.07,49.115,Japan,sex_avg
JPN,1939,5,hld_n_tables_1,53.400000000000006,58.400000000000006,49.115,Japan,sex_avg
JPN,1939,15,hld_n_tables_1,45.135,60.135,49.115,Japan,sex_avg
JPN,1939,20,hld_n_tables_1,41.91,61.91,49.115,Japan,sex_avg
JPN,1939,30,hld_n_tables_1,35.33,65.33,49.115,Japan,sex_avg
JPN,1939,50,hld_n_tables_1,20.34,70.34,49.115,Japan,sex_avg
JPN,1939,65,hld_n_tables_1,10.809999999999999,75.81,49.115,Japan,sex_avg
JPN,1953,0,hld_n_tables_1,64.48,64.48,64.48,Japan,sex_avg
JPN,1953,1,hld_n_tables_1,66.435,67.435,64.48,Japan,sex_avg
JPN,1953,5,hld_n_tables_1,63.730000000000004,68.72999999999999,64.48,Japan,sex_avg
JPN,1953,15,hld_n_tables_1,54.379999999999995,69.38,64.48,Japan,sex_avg
JPN,1953,20,hld_n_tables_1,49.735,69.735,64.48,Japan,sex_avg
JPN,1953,30,hld_n_tables_1,40.93,70.93,64.48,Japan,sex_avg
JPN,1953,50,hld_n_tables_1,23.625,73.625,64.48,Japan,sex_avg
JPN,1953,65,hld_n_tables_1,12.684999999999999,77.685,64.48,Japan,sex_avg
JPN,1956,0,hld_n_tables_1,65.96,65.96,65.96,Japan,sex_avg
JPN,1956,1,hld_n_tables_1,67.6,68.6,65.96,Japan,sex_avg
JPN,1956,5,hld_n_tables_1,64.51,69.50999999999999,65.96,Japan,sex_avg
JPN,1956,15,hld_n_tables_1,55.025,70.02499999999999,65.96,Japan,sex_avg
JPN,1956,20,hld_n_tables_1,50.33,70.33,65.96,Japan,sex_avg
JPN,1956,30,hld_n_tables_1,41.325,71.32499999999999,65.96,Japan,sex_avg
JPN,1956,50,hld_n_tables_1,23.715,73.715,65.96,Japan,sex_avg
JPN,1956,65,hld_n_tables_1,12.600000000000001,77.6,65.96,Japan,sex_avg
JPN,1959,0,hld_n_tables_1,67.82499999999999,67.82499999999999,67.82499999999999,Japan,sex_avg
JPN,1959,1,hld_n_tables_1,68.98,69.98,67.82499999999999,Japan,sex_avg
JPN,1959,5,hld_n_tables_1,65.64,70.64,67.82499999999999,Japan,sex_avg
JPN,1959,15,hld_n_tables_1,56.075,71.075,67.82499999999999,Japan,sex_avg
JPN,1959,20,hld_n_tables_1,51.35,71.35000000000001,67.82499999999999,Japan,sex_avg
JPN,1959,30,hld_n_tables_1,42.195,72.195,67.82499999999999,Japan,sex_avg
JPN,1959,50,hld_n_tables_1,24.32,74.32,67.82499999999999,Japan,sex_avg
JPN,1959,65,hld_n_tables_1,12.98,77.97999999999999,67.82499999999999,Japan,sex_avg
JPN,1963,0,hld_n_tables_1,69.745,69.745,69.745,Japan,sex_avg
JPN,1963,1,hld_n_tables_1,70.4,71.4,69.745,Japan,sex_avg
JPN,1963,5,hld_n_tables_1,66.84,71.84,69.745,Japan,sex_avg
JPN,1963,15,hld_n_tables_1,57.165,72.165,69.745,Japan,sex_avg
JPN,1963,20,hld_n_tables_1,52.37,72.37,69.745,Japan,sex_avg
JPN,1963,30,hld_n_tables_1,43.035,73.035,69.745,Japan,sex_avg
JPN,1963,50,hld_n_tables_1,24.97,74.97,69.745,Japan,sex_avg
JPN,1963,65,hld_n_tables_1,13.395,78.395,69.745,Japan,sex_avg
KIR,2000,0,hld_n_tables_1,58.76,58.76,58.76,KIR,sex_avg
KIR,2000,5,hld_n_tables_1,57.735,62.735,58.76,KIR,sex_avg
KIR,2000,15,hld_n_tables_1,48.61,63.61,58.76,KIR,sex_avg
KIR,2000,65,hld_n_tables_1,12.33,77.33,58.76,KIR,sex_avg
KIR,2012,0,hld_n_tables_1,62.724999999999994,62.724999999999994,62.724999999999994,KIR,sex_avg
KIR,2012,5,hld_n_tables_1,61.885,66.88499999999999,62.724999999999994,KIR,sex_avg
KIR,2012,15,hld_n_tables_1,52.43,67.43,62.724999999999994,KIR,sex_avg
KIR,2012,20,hld_n_tables_1,47.724999999999994,67.725,62.724999999999994,KIR,sex_avg
KIR,2012,30,hld_n_tables_1,38.815,68.815,62.724999999999994,KIR,sex_avg
KIR,2012,50,hld_n_tables_1,22.535,72.535,62.724999999999994,KIR,sex_avg
KIR,2012,65,hld_n_tables_1,12.93,77.93,62.724999999999994,KIR,sex_avg
KWT,1998,0,hld_n_tables_1,75.825,75.825,75.825,KWT,sex_avg
KWT,1998,1,hld_n_tables_1,75.745,76.745,75.825,KWT,sex_avg
KWT,1998,5,hld_n_tables_1,71.83500000000001,76.83500000000001,75.825,KWT,sex_avg
KWT,1998,15,hld_n_tables_1,61.96,76.96000000000001,75.825,KWT,sex_avg
KWT,1998,20,hld_n_tables_1,57.1,77.1,75.825,KWT,sex_avg
KWT,1998,30,hld_n_tables_1,47.36,77.36,75.825,KWT,sex_avg
KWT,1998,50,hld_n_tables_1,28.15,78.15,75.825,KWT,sex_avg
KWT,1998,65,hld_n_tables_1,15.245000000000001,80.245,75.825,KWT,sex_avg
LBN,1998,0,hld_n_tables_1,72.34,72.34,72.34,LBN,sex_avg
LBN,1998,1,hld_n_tables_1,72.83,73.83,72.34,LBN,sex_avg
LBN,1998,5,hld_n_tables_1,69.08,74.08,72.34,LBN,sex_avg
LBN,1998,15,hld_n_tables_1,59.31,74.31,72.34,LBN,sex_avg
LBN,1998,20,hld_n_tables_1,54.480000000000004,74.48,72.34,LBN,sex_avg
LBN,1998,30,hld_n_tables_1,44.925,74.92500000000001,72.34,LBN,sex_avg
LBN,1998,50,hld_n_tables_1,26.33,76.33000000000001,72.34,LBN,sex_avg
LBN,1998,65,hld_n_tables_1,14.33,79.33,72.34,LBN,sex_avg
LKA,1910,0,hld_n_tables_1,31.229999999999997,31.229999999999997,31.229999999999997,LKA,sex_avg
LKA,1910,1,hld_n_tables_1,38.025000000000006,39.025000000000006,31.229999999999997,LKA,sex_avg
LKA,1910,5,hld_n_tables_1,39.71,44.71,31.229999999999997,LKA,sex_avg
LKA,1910,15,hld_n_tables_1,34.845,49.845,31.229999999999997,LKA,sex_avg
LKA,1910,20,hld_n_tables_1,31.714999999999996,51.714999999999996,31.229999999999997,LKA,sex_avg
LKA,1910,30,hld_n_tables_1,26.035,56.035000000000004,31.229999999999997,LKA,sex_avg
LKA,1910,50,hld_n_tables_1,15.825,65.825,31.229999999999997,LKA,sex_avg
LKA,1910,65,hld_n_tables_1,8.735,73.735,31.229999999999997,LKA,sex_avg
LKA,1920,0,hld_n_tables_1,33.165,33.165,33.165,LKA,sex_avg
LKA,1920,1,hld_n_tables_1,40.47,41.47,33.165,LKA,sex_avg
LKA,1920,5,hld_n_tables_1,42.379999999999995,47.379999999999995,33.165,LKA,sex_avg
LKA,1920,15,hld_n_tables_1,37.015,52.015,33.165,LKA,sex_avg
LKA,1920,20,hld_n_tables_1,33.69,53.69,33.165,LKA,sex_avg
LKA,1920,30,hld_n_tables_1,27.75,57.75,33.165,LKA,sex_avg
LKA,1920,50,hld_n_tables_1,16.695,66.695,33.165,LKA,sex_avg
LKA,1920,65,hld_n_tables_1,8.78,73.78,33.165,LKA,sex_avg
LKA,1945,0,hld_n_tables_1,45.769999999999996,45.769999999999996,45.769999999999996,LKA,sex_avg
LKA,1945,1,hld_n_tables_1,52.44,53.44,45.769999999999996,LKA,sex_avg
LKA,1945,5,hld_n_tables_1,52.78,57.78,45.769999999999996,LKA,sex_avg
LKA,1945,15,hld_n_tables_1,45.275,60.275,45.769999999999996,LKA,sex_avg
LKA,1945,20,hld_n_tables_1,41.355,61.355,45.769999999999996,LKA,sex_avg
LKA,1945,30,hld_n_tables_1,34.215,64.215,45.769999999999996,LKA,sex_avg
LKA,1945,50,hld_n_tables_1,20.72,70.72,45.769999999999996,LKA,sex_avg
LKA,1945,65,hld_n_tables_1,11.635,76.63499999999999,45.769999999999996,LKA,sex_avg
LKA,1953,0,hld_n_tables_1,58.495,58.495,58.495,LKA,sex_avg
LKA,1953,1,hld_n_tables_1,62.715,63.715,58.495,LKA,sex_avg
LKA,1953,5,hld_n_tables_1,63.215,68.215,58.495,LKA,sex_avg
LKA,1953,15,hld_n_tables_1,54.6,69.6,58.495,LKA,sex_avg
LKA,1953,20,hld_n_tables_1,50.125,70.125,58.495,LKA,sex_avg
LKA,1953,30,hld_n_tables_1,41.535,71.535,58.495,LKA,sex_avg
LKA,1953,50,hld_n_tables_1,24.77,74.77,58.495,LKA,sex_avg
LKA,1953,65,hld_n_tables_1,13.61,78.61,58.495,LKA,sex_avg
LKA,1962,0,hld_n_tables_1,64.555,64.555,64.555,LKA,sex_avg
LKA,1962,1,hld_n_tables_1,66.265,67.265,64.555,LKA,sex_avg
LKA,1962,5,hld_n_tables_1,64.625,69.625,64.555,LKA,sex_avg
LKA,1962,15,hld_n_tables_1,55.665,70.66499999999999,64.555,LKA,sex_avg
LKA,1962,20,hld_n_tables_1,51.1,71.1,64.555,LKA,sex_avg
LKA,1962,30,hld_n_tables_1,42.085,72.08500000000001,64.555,LKA,sex_avg
LKA,1962,50,hld_n_tables_1,24.675,74.67500000000001,64.555,LKA,sex_avg
LKA,1962,65,hld_n_tables_1,13.535,78.535,64.555,LKA,sex_avg
LKA,1963,0,hld_n_tables_1,63.06,63.06,63.06,LKA,sex_avg
LKA,1963,1,hld_n_tables_1,65.71000000000001,66.71000000000001,63.06,LKA,sex_avg
LKA,1963,5,hld_n_tables_1,63.965,68.965,63.06,LKA,sex_avg
LKA,1963,15,hld_n_tables_1,54.965,69.965,63.06,LKA,sex_avg
LKA,1963,20,hld_n_tables_1,50.379999999999995,70.38,63.06,LKA,sex_avg
LKA,1963,30,hld_n_tables_1,41.519999999999996,71.52000000000001,63.06,LKA,sex_avg
LKA,1963,50,hld_n_tables_1,24.23,74.22999999999999,63.06,LKA,sex_avg
LKA,1963,65,hld_n_tables_1,12.71,77.71000000000001,63.06,LKA,sex_avg
LKA,1971,0,hld_n_tables_1,65.09,65.09,65.09,LKA,sex_avg
LKA,1971,1,hld_n_tables_1,67.21,68.21,65.09,LKA,sex_avg
LKA,1971,5,hld_n_tables_1,64.71000000000001,69.71000000000001,65.09,LKA,sex_avg
LKA,1971,15,hld_n_tables_1,55.555,70.55499999999999,65.09,LKA,sex_avg
LKA,1971,20,hld_n_tables_1,50.95,70.95,65.09,LKA,sex_avg
LKA,1971,30,hld_n_tables_1,41.985,71.985,65.09,LKA,sex_avg
LKA,1971,50,hld_n_tables_1,24.605,74.605,65.09,LKA,sex_avg
LKA,1971,65,hld_n_tables_1,13.115,78.11500000000001,65.09,LKA,sex_avg
LKA,1981,0,hld_n_tables_1,68.43,68.43,68.43,LKA,sex_avg
LKA,1981,1,hld_n_tables_1,69.69999999999999,70.69999999999999,68.43,LKA,sex_avg
LKA,1981,5,hld_n_tables_1,66.545,71.545,68.43,LKA,sex_avg
LKA,1981,15,hld_n_tables_1,57.06,72.06,68.43,LKA,sex_avg
LKA,1981,20,hld_n_tables_1,52.42,72.42,68.43,LKA,sex_avg
LKA,1981,30,hld_n_tables_1,43.345,73.345,68.43,LKA,sex_avg
LKA,1981,50,hld_n_tables_1,25.325000000000003,75.32499999999999,68.43,LKA,sex_avg
LKA,1981,65,hld_n_tables_1,13.475000000000001,78.475,68.43,LKA,sex_avg
LTU,1925,0,hld_n_tables_1,50.175,50.175,50.175,LTU,sex_avg
LTU,1925,1,hld_n_tables_1,58.93,59.93,50.175,LTU,sex_avg
LTU,1925,5,hld_n_tables_1,59.355000000000004,64.355,50.175,LTU,sex_avg
LTU,1925,15,hld_n_tables_1,51.42,66.42,50.175,LTU,sex_avg
LTU,1925,20,hld_n_tables_1,47.185,67.185,50.175,LTU,sex_avg
LTU,1925,30,hld_n_tables_1,39.114999999999995,69.115,50.175,LTU,sex_avg
LTU,1925,50,hld_n_tables_1,23.41,73.41,50.175,LTU,sex_avg
LVA,2000,0,hld_n_tables_1,70.1,70.1,70.1,LVA,sex_avg
LVA,2000,1,hld_n_tables_1,69.84,70.84,70.1,LVA,sex_avg
LVA,2000,5,hld_n_tables_1,66.0,71.0,70.1,LVA,sex_avg
LVA,2000,15,hld_n_tables_1,56.205,71.205,70.1,LVA,sex_avg
LVA,2000,20,hld_n_tables_1,51.43,71.43,70.1,LVA,sex_avg
LVA,2000,30,hld_n_tables_1,42.215,72.215,70.1,LVA,sex_avg
LVA,2000,50,hld_n_tables_1,25.104999999999997,75.10499999999999,70.1,LVA,sex_avg
LVA,2000,65,hld_n_tables_1,14.645,79.645,70.1,LVA,sex_avg
LVA,2001,0,hld_n_tables_1,69.785,69.785,69.785,LVA,sex_avg
LVA,2001,1,hld_n_tables_1,69.55,70.55000000000001,69.785,LVA,sex_avg
LVA,2001,5,hld_n_tables_1,65.74,70.74000000000001,69.785,LVA,sex_avg
LVA,2001,15,hld_n_tables_1,55.925,70.925,69.785,LVA,sex_avg
LVA,2001,20,hld_n_tables_1,51.15,71.15,69.785,LVA,sex_avg
LVA,2001,30,hld_n_tables_1,41.87,71.87,69.785,LVA,sex_avg
LVA,2001,50,hld_n_tables_1,24.895,74.895,69.785,LVA,sex_avg
LVA,2001,65,hld_n_tables_1,14.469999999999999,79.47,69.785,LVA,sex_avg
LVA,2002,0,hld_n_tables_1,70.11,70.11,70.11,LVA,sex_avg
LVA,2002,1,hld_n_tables_1,69.805,70.805,70.11,LVA,sex_avg
LVA,2002,5,hld_n_tables_1,66.03,71.03,70.11,LVA,sex_avg
LVA,2002,15,hld_n_tables_1,56.225,71.225,70.11,LVA,sex_avg
LVA,2002,20,hld_n_tables_1,51.44,71.44,70.11,LVA,sex_avg
LVA,2002,30,hld_n_tables_1,42.144999999999996,72.145,70.11,LVA,sex_avg
LVA,2002,50,hld_n_tables_1,25.04,75.03999999999999,70.11,LVA,sex_avg
LVA,2002,65,hld_n_tables_1,14.61,79.61,70.11,LVA,sex_avg
LVA,2003,0,hld_n_tables_1,70.51,70.51,70.51,LVA,sex_avg
LVA,2003,1,hld_n_tables_1,70.18,71.18,70.51,LVA,sex_avg
LVA,2003,5,hld_n_tables_1,66.4,71.4,70.51,LVA,sex_avg
LVA,2003,15,hld_n_tables_1,56.56,71.56,70.51,LVA,sex_avg
LVA,2003,20,hld_n_tables_1,51.745000000000005,71.745,70.51,LVA,sex_avg
LVA,2003,30,hld_n_tables_1,42.405,72.405,70.51,LVA,sex_avg
LVA,2003,50,hld_n_tables_1,25.115000000000002,75.11500000000001,70.51,LVA,sex_avg
LVA,2003,65,hld_n_tables_1,14.625,79.625,70.51,LVA,sex_avg
LVA,2004,0,hld_n_tables_1,70.805,70.805,70.805,LVA,sex_avg
LVA,2004,1,hld_n_tables_1,70.465,71.465,70.805,LVA,sex_avg
LVA,2004,5,hld_n_tables_1,66.6,71.6,70.805,LVA,sex_avg
LVA,2004,15,hld_n_tables_1,56.79,71.78999999999999,70.805,LVA,sex_avg
LVA,2004,20,hld_n_tables_1,51.98,71.97999999999999,70.805,LVA,sex_avg
LVA,2004,30,hld_n_tables_1,42.56,72.56,70.805,LVA,sex_avg
LVA,2004,50,hld_n_tables_1,25.29,75.28999999999999,70.805,LVA,sex_avg
LVA,2004,65,hld_n_tables_1,14.760000000000002,79.75999999999999,70.805,LVA,sex_avg
LVA,2005,0,hld_n_tables_1,70.57,70.57,70.57,LVA,sex_avg
LVA,2005,1,hld_n_tables_1,70.13,71.13,70.57,LVA,sex_avg
LVA,2005,5,hld_n_tables_1,66.255,71.255,70.57,LVA,sex_avg
LVA,2005,15,hld_n_tables_1,56.45,71.44999999999999,70.57,LVA,sex_avg
LVA,2005,20,hld_n_tables_1,51.625,71.625,70.57,LVA,sex_avg
LVA,2005,30,hld_n_tables_1,42.26,72.25999999999999,70.57,LVA,sex_avg
LVA,2005,50,hld_n_tables_1,25.064999999999998,75.065,70.57,LVA,sex_avg
LVA,2005,65,hld_n_tables_1,14.665,79.66499999999999,70.57,LVA,sex_avg
LVA,2006,0,hld_n_tables_1,70.48,70.48,70.48,LVA,sex_avg
LVA,2006,1,hld_n_tables_1,70.02,71.02,70.48,LVA,sex_avg
LVA,2006,5,hld_n_tables_1,66.145,71.145,70.48,LVA,sex_avg
LVA,2006,15,hld_n_tables_1,56.31,71.31,70.48,LVA,sex_avg
LVA,2006,20,hld_n_tables_1,51.47,71.47,70.48,LVA,sex_avg
LVA,2006,30,hld_n_tables_1,42.035,72.035,70.48,LVA,sex_avg
LVA,2006,50,hld_n_tables_1,24.93,74.93,70.48,LVA,sex_avg
LVA,2006,65,hld_n_tables_1,14.805,79.805,70.48,LVA,sex_avg
LVA,2007,0,hld_n_tables_1,70.72,70.72,70.72,LVA,sex_avg
LVA,2007,1,hld_n_tables_1,70.345,71.345,70.72,LVA,sex_avg
LVA,2007,5,hld_n_tables_1,66.45,71.45,70.72,LVA,sex_avg
LVA,2007,15,hld_n_tables_1,56.635000000000005,71.63499999999999,70.72,LVA,sex_avg
LVA,2007,20,hld_n_tables_1,51.815,71.815,70.72,LVA,sex_avg
LVA,2007,30,hld_n_tables_1,42.394999999999996,72.395,70.72,LVA,sex_avg
LVA,2007,50,hld_n_tables_1,25.235,75.235,70.72,LVA,sex_avg
LVA,2007,65,hld_n_tables_1,14.86,79.86,70.72,LVA,sex_avg
LVA,2008,0,hld_n_tables_1,71.88,71.88,71.88,LVA,sex_avg
LVA,2008,1,hld_n_tables_1,71.35499999999999,72.35499999999999,71.88,LVA,sex_avg
LVA,2008,5,hld_n_tables_1,67.445,72.445,71.88,LVA,sex_avg
LVA,2008,15,hld_n_tables_1,57.59,72.59,71.88,LVA,sex_avg
LVA,2008,20,hld_n_tables_1,52.785,72.785,71.88,LVA,sex_avg
LVA,2008,30,hld_n_tables_1,43.364999999999995,73.365,71.88,LVA,sex_avg
LVA,2008,50,hld_n_tables_1,25.880000000000003,75.88,71.88,LVA,sex_avg
LVA,2008,65,hld_n_tables_1,15.195,80.195,71.88,LVA,sex_avg
LVA,2009,0,hld_n_tables_1,72.49000000000001,72.49000000000001,72.49000000000001,LVA,sex_avg
LVA,2009,1,hld_n_tables_1,72.02000000000001,73.02000000000001,72.49000000000001,LVA,sex_avg
LVA,2009,5,hld_n_tables_1,68.13499999999999,73.13499999999999,72.49000000000001,LVA,sex_avg
LVA,2009,15,hld_n_tables_1,58.31,73.31,72.49000000000001,LVA,sex_avg
LVA,2009,20,hld_n_tables_1,53.445,73.445,72.49000000000001,LVA,sex_avg
LVA,2009,30,hld_n_tables_1,44.0,74.0,72.49000000000001,LVA,sex_avg
LVA,2009,50,hld_n_tables_1,26.33,76.33,72.49000000000001,LVA,sex_avg
LVA,2009,65,hld_n_tables_1,15.469999999999999,80.47,72.49000000000001,LVA,sex_avg
LVA,2010,0,hld_n_tables_1,72.815,72.815,72.815,LVA,sex_avg
LVA,2010,1,hld_n_tables_1,72.21000000000001,73.21000000000001,72.815,LVA,sex_avg
LVA,2010,5,hld_n_tables_1,68.31,73.31,72.815,LVA,sex_avg
LVA,2010,15,hld_n_tables_1,58.480000000000004,73.48,72.815,LVA,sex_avg
LVA,2010,20,hld_n_tables_1,53.625,73.625,72.815,LVA,sex_avg
LVA,2010,30,hld_n_tables_1,44.09,74.09,72.815,LVA,sex_avg
LVA,2010,50,hld_n_tables_1,26.345,76.345,72.815,LVA,sex_avg
LVA,2010,65,hld_n_tables_1,15.434999999999999,80.435,72.815,LVA,sex_avg
LVA,2011,0,hld_n_tables_1,73.435,73.435,73.435,LVA,sex_avg
LVA,2011,1,hld_n_tables_1,72.91,73.91,73.435,LVA,sex_avg
LVA,2011,5,hld_n_tables_1,69.0,74.0,73.435,LVA,sex_avg
LVA,2011,15,hld_n_tables_1,59.125,74.125,73.435,LVA,sex_avg
LVA,2011,20,hld_n_tables_1,54.26,74.25999999999999,73.435,LVA,sex_avg
LVA,2011,30,hld_n_tables_1,44.71,74.71,73.435,LVA,sex_avg
LVA,2011,50,hld_n_tables_1,26.91,76.91,73.435,LVA,sex_avg
LVA,2011,65,hld_n_tables_1,15.774999999999999,80.775,73.435,LVA,sex_avg
LVA,2012,0,hld_n_tables_1,73.685,73.685,73.685,LVA,sex_avg
LVA,2012,1,hld_n_tables_1,73.165,74.165,73.685,LVA,sex_avg
LVA,2012,5,hld_n_tables_1,69.22999999999999,74.22999999999999,73.685,LVA,sex_avg
LVA,2012,15,hld_n_tables_1,59.31,74.31,73.685,LVA,sex_avg
LVA,2012,20,hld_n_tables_1,54.445,74.44500000000001,73.685,LVA,sex_avg
LVA,2012,30,hld_n_tables_1,44.89,74.89,73.685,LVA,sex_avg
LVA,2012,50,hld_n_tables_1,27.03,77.03,73.685,LVA,sex_avg
LVA,2012,65,hld_n_tables_1,15.870000000000001,80.87,73.685,LVA,sex_avg
LVA,2013,0,hld_n_tables_1,73.905,73.905,73.905,LVA,sex_avg
LVA,2013,1,hld_n_tables_1,73.24000000000001,74.24000000000001,73.905,LVA,sex_avg
LVA,2013,5,hld_n_tables_1,69.33000000000001,74.33000000000001,73.905,LVA,sex_avg
LVA,2013,15,hld_n_tables_1,59.45,74.44999999999999,73.905,LVA,sex_avg
LVA,2013,20,hld_n_tables_1,54.55,74.55000000000001,73.905,LVA,sex_avg
LVA,2013,30,hld_n_tables_1,44.935,74.935,73.905,LVA,sex_avg
LVA,2013,50,hld_n_tables_1,27.215,77.215,73.905,LVA,sex_avg
LVA,2013,65,hld_n_tables_1,16.05,81.05,73.905,LVA,sex_avg
LVA,2014,0,hld_n_tables_1,74.05,74.05,74.05,LVA,sex_avg
LVA,2014,1,hld_n_tables_1,73.34,74.34,74.05,LVA,sex_avg
LVA,2014,5,hld_n_tables_1,69.425,74.425,74.05,LVA,sex_avg
LVA,2014,15,hld_n_tables_1,59.545,74.545,74.05,LVA,sex_avg
LVA,2014,20,hld_n_tables_1,54.725,74.725,74.05,LVA,sex_avg
LVA,2014,30,hld_n_tables_1,45.2,75.19999999999999,74.05,LVA,sex_avg
LVA,2014,50,hld_n_tables_1,27.424999999999997,77.425,74.05,LVA,sex_avg
LVA,2014,65,hld_n_tables_1,16.174999999999997,81.17500000000001,74.05,LVA,sex_avg
LVA,2015,0,hld_n_tables_1,74.39,74.39,74.39,LVA,sex_avg
LVA,2015,1,hld_n_tables_1,73.685,74.685,74.39,LVA,sex_avg
LVA,2015,5,hld_n_tables_1,69.745,74.745,74.39,LVA,sex_avg
LVA,2015,15,hld_n_tables_1,59.86,74.86,74.39,LVA,sex_avg
LVA,2015,20,hld_n_tables_1,54.97,74.97,74.39,LVA,sex_avg
LVA,2015,30,hld_n_tables_1,45.415,75.41499999999999,74.39,LVA,sex_avg
LVA,2015,50,hld_n_tables_1,27.595,77.595,74.39,LVA,sex_avg
LVA,2015,65,hld_n_tables_1,16.285,81.285,74.39,LVA,sex_avg
LVA,2016,0,hld_n_tables_1,74.46000000000001,74.46000000000001,74.46000000000001,LVA,sex_avg
LVA,2016,1,hld_n_tables_1,73.735,74.735,74.46000000000001,LVA,sex_avg
LVA,2016,5,hld_n_tables_1,69.83,74.83,74.46000000000001,LVA,sex_avg
LVA,2016,15,hld_n_tables_1,59.92,74.91999999999999,74.46000000000001,LVA,sex_avg
LVA,2016,20,hld_n_tables_1,55.055,75.05499999999999,74.46000000000001,LVA,sex_avg
LVA,2016,30,hld_n_tables_1,45.555,75.55499999999999,74.46000000000001,LVA,sex_avg
LVA,2016,50,hld_n_tables_1,27.685000000000002,77.685,74.46000000000001,LVA,sex_avg
LVA,2016,65,hld_n_tables_1,16.265,81.265,74.46000000000001,LVA,sex_avg
LVA,2017,0,hld_n_tables_1,74.555,74.555,74.555,LVA,sex_avg
LVA,2017,1,hld_n_tables_1,73.855,74.855,74.555,LVA,sex_avg
LVA,2017,5,hld_n_tables_1,69.91499999999999,74.91499999999999,74.555,LVA,sex_avg
LVA,2017,15,hld_n_tables_1,60.005,75.005,74.555,LVA,sex_avg
LVA,2017,20,hld_n_tables_1,55.15,75.15,74.555,LVA,sex_avg
LVA,2017,30,hld_n_tables_1,45.595,75.595,74.555,LVA,sex_avg
LVA,2017,50,hld_n_tables_1,27.705,77.705,74.555,LVA,sex_avg
LVA,2017,65,hld_n_tables_1,16.305,81.305,74.555,LVA,sex_avg
LVA,2018,0,hld_n_tables_1,74.715,74.715,74.715,LVA,sex_avg
LVA,2018,1,hld_n_tables_1,73.94,74.94,74.715,LVA,sex_avg
LVA,2018,5,hld_n_tables_1,69.99000000000001,74.99000000000001,74.715,LVA,sex_avg
LVA,2018,15,hld_n_tables_1,60.089999999999996,75.09,74.715,LVA,sex_avg
LVA,2018,20,hld_n_tables_1,55.225,75.225,74.715,LVA,sex_avg
LVA,2018,30,hld_n_tables_1,45.625,75.625,74.715,LVA,sex_avg
LVA,2018,50,hld_n_tables_1,27.729999999999997,77.73,74.715,LVA,sex_avg
LVA,2018,65,hld_n_tables_1,16.365000000000002,81.36500000000001,74.715,LVA,sex_avg
LVA,2019,0,hld_n_tables_1,75.405,75.405,75.405,LVA,sex_avg
LVA,2019,1,hld_n_tables_1,74.66499999999999,75.66499999999999,75.405,LVA,sex_avg
LVA,2019,5,hld_n_tables_1,70.71000000000001,75.71000000000001,75.405,LVA,sex_avg
LVA,2019,15,hld_n_tables_1,60.78,75.78,75.405,LVA,sex_avg
LVA,2019,20,hld_n_tables_1,55.94,75.94,75.405,LVA,sex_avg
LVA,2019,30,hld_n_tables_1,46.385000000000005,76.385,75.405,LVA,sex_avg
LVA,2019,50,hld_n_tables_1,28.29,78.28999999999999,75.405,LVA,sex_avg
LVA,2019,65,hld_n_tables_1,16.765,81.765,75.405,LVA,sex_avg
LVA,2020,0,hld_n_tables_1,75.07,75.07,75.07,LVA,sex_avg
LVA,2020,1,hld_n_tables_1,74.32,75.32,75.07,LVA,sex_avg
LVA,2020,5,hld_n_tables_1,70.39,75.39,75.07,LVA,sex_avg
LVA,2020,15,hld_n_tables_1,60.465,75.465,75.07,LVA,sex_avg
LVA,2020,20,hld_n_tables_1,55.58,75.58,75.07,LVA,sex_avg
LVA,2020,30,hld_n_tables_1,45.955,75.955,75.07,LVA,sex_avg
LVA,2020,50,hld_n_tables_1,27.91,77.91,75.07,LVA,sex_avg
LVA,2020,65,hld_n_tables_1,16.305,81.305,75.07,LVA,sex_avg
LVA,2021,0,hld_n_tables_1,73.16,73.16,73.16,LVA,sex_avg
LVA,2021,1,hld_n_tables_1,72.35,73.35,73.16,LVA,sex_avg
LVA,2021,5,hld_n_tables_1,68.405,73.405,73.16,LVA,sex_avg
LVA,2021,15,hld_n_tables_1,58.45,73.45,73.16,LVA,sex_avg
LVA,2021,20,hld_n_tables_1,53.535,73.535,73.16,LVA,sex_avg
LVA,2021,30,hld_n_tables_1,43.95,73.94999999999999,73.16,LVA,sex_avg
LVA,2021,50,hld_n_tables_1,26.225,76.225,73.16,LVA,sex_avg
LVA,2021,65,hld_n_tables_1,15.240000000000002,80.24000000000001,73.16,LVA,sex_avg
LVA,2022,0,hld_n_tables_1,74.4,74.4,74.4,LVA,sex_avg
LVA,2022,1,hld_n_tables_1,73.57,74.57,74.4,LVA,sex_avg
LVA,2022,5,hld_n_tables_1,69.61500000000001,74.61500000000001,74.4,LVA,sex_avg
LVA,2022,15,hld_n_tables_1,59.715,74.715,74.4,LVA,sex_avg
LVA,2022,20,hld_n_tables_1,54.82,74.82,74.4,LVA,sex_avg
LVA,2022,30,hld_n_tables_1,45.245000000000005,75.245,74.4,LVA,sex_avg
LVA,2022,50,hld_n_tables_1,27.450000000000003,77.45,74.4,LVA,sex_avg
LVA,2022,65,hld_n_tables_1,16.18,81.18,74.4,LVA,sex_avg
LVA,2023,0,hld_n_tables_1,75.38999999999999,75.38999999999999,75.38999999999999,LVA,sex_avg
LVA,2023,1,hld_n_tables_1,74.57,75.57,75.38999999999999,LVA,sex_avg
LVA,2023,5,hld_n_tables_1,70.61,75.61,75.38999999999999,LVA,sex_avg
LVA,2023,15,hld_n_tables_1,60.685,75.685,75.38999999999999,LVA,sex_avg
LVA,2023,20,hld_n_tables_1,55.815,75.815,75.38999999999999,LVA,sex_avg
LVA,2023,30,hld_n_tables_1,46.165,76.16499999999999,75.38999999999999,LVA,sex_avg
LVA,2023,50,hld_n_tables_1,28.335,78.33500000000001,75.38999999999999,LVA,sex_avg
LVA,2023,65,hld_n_tables_1,16.795,81.795,75.38999999999999,LVA,sex_avg
MDV,2000,0,hld_n_tables_1,71.11,71.11,71.11,MDV,sex_avg
MDV,2000,1,hld_n_tables_1,71.495,72.495,71.11,MDV,sex_avg
MDV,2000,5,hld_n_tables_1,67.97,72.97,71.11,MDV,sex_avg
MDV,2000,15,hld_n_tables_1,58.269999999999996,73.27,71.11,MDV,sex_avg
MDV,2000,20,hld_n_tables_1,53.415000000000006,73.41499999999999,71.11,MDV,sex_avg
MDV,2000,30,hld_n_tables_1,43.769999999999996,73.77,71.11,MDV,sex_avg
MDV,2000,50,hld_n_tables_1,24.915,74.91499999999999,71.11,MDV,sex_avg
MDV,2000,65,hld_n_tables_1,13.39,78.39,71.11,MDV,sex_avg
MDV,2001,0,hld_n_tables_1,71.71000000000001,71.71000000000001,71.71000000000001,MDV,sex_avg
MDV,2001,1,hld_n_tables_1,71.945,72.945,71.71000000000001,MDV,sex_avg
MDV,2001,5,hld_n_tables_1,68.44,73.44,71.71000000000001,MDV,sex_avg
MDV,2001,15,hld_n_tables_1,58.715,73.715,71.71000000000001,MDV,sex_avg
MDV,2001,20,hld_n_tables_1,53.825,73.82499999999999,71.71000000000001,MDV,sex_avg
MDV,2001,30,hld_n_tables_1,44.155,74.155,71.71000000000001,MDV,sex_avg
MDV,2001,50,hld_n_tables_1,25.200000000000003,75.2,71.71000000000001,MDV,sex_avg
MDV,2001,65,hld_n_tables_1,13.58,78.58,71.71000000000001,MDV,sex_avg
MDV,2002,0,hld_n_tables_1,71.86,71.86,71.86,MDV,sex_avg
MDV,2002,1,hld_n_tables_1,72.00999999999999,73.00999999999999,71.86,MDV,sex_avg
MDV,2002,5,hld_n_tables_1,68.465,73.465,71.86,MDV,sex_avg
MDV,2002,15,hld_n_tables_1,58.715,73.715,71.86,MDV,sex_avg
MDV,2002,20,hld_n_tables_1,53.83,73.83,71.86,MDV,sex_avg
MDV,2002,30,hld_n_tables_1,44.135000000000005,74.135,71.86,MDV,sex_avg
MDV,2002,50,hld_n_tables_1,25.165,75.16499999999999,71.86,MDV,sex_avg
MDV,2002,65,hld_n_tables_1,13.69,78.69,71.86,MDV,sex_avg
MDV,2003,0,hld_n_tables_1,72.47,72.47,72.47,MDV,sex_avg
MDV,2003,1,hld_n_tables_1,72.44,73.44,72.47,MDV,sex_avg
MDV,2003,5,hld_n_tables_1,68.82,73.82,72.47,MDV,sex_avg
MDV,2003,15,hld_n_tables_1,59.07,74.07000000000001,72.47,MDV,sex_avg
MDV,2003,20,hld_n_tables_1,54.185,74.185,72.47,MDV,sex_avg
MDV,2003,30,hld_n_tables_1,44.47,74.47,72.47,MDV,sex_avg
MDV,2003,50,hld_n_tables_1,25.52,75.52,72.47,MDV,sex_avg
MDV,2003,65,hld_n_tables_1,13.79,78.79,72.47,MDV,sex_avg
MDV,2004,0,hld_n_tables_1,72.405,72.405,72.405,MDV,sex_avg
MDV,2004,1,hld_n_tables_1,72.41499999999999,73.41499999999999,72.405,MDV,sex_avg
MDV,2004,5,hld_n_tables_1,68.875,73.875,72.405,MDV,sex_avg
MDV,2004,15,hld_n_tables_1,59.155,74.155,72.405,MDV,sex_avg
MDV,2004,20,hld_n_tables_1,54.269999999999996,74.27000000000001,72.405,MDV,sex_avg
MDV,2004,30,hld_n_tables_1,44.525000000000006,74.525,72.405,MDV,sex_avg
MDV,2004,50,hld_n_tables_1,25.479999999999997,75.47999999999999,72.405,MDV,sex_avg
MDV,2004,65,hld_n_tables_1,13.675,78.67500000000001,72.405,MDV,sex_avg
MDV,2010,0,hld_n_tables_1,76.58000000000001,76.58000000000001,76.58000000000001,MDV,sex_avg
MDV,2010,1,hld_n_tables_1,76.41999999999999,77.41999999999999,76.58000000000001,MDV,sex_avg
MDV,2010,5,hld_n_tables_1,72.58000000000001,77.58000000000001,76.58000000000001,MDV,sex_avg
MDV,2010,15,hld_n_tables_1,62.805,77.805,76.58000000000001,MDV,sex_avg
MDV,2010,20,hld_n_tables_1,57.915,77.91499999999999,76.58000000000001,MDV,sex_avg
MDV,2010,30,hld_n_tables_1,48.17,78.17,76.58000000000001,MDV,sex_avg
MDV,2010,50,hld_n_tables_1,28.854999999999997,78.85499999999999,76.58000000000001,MDV,sex_avg
MDV,2010,65,hld_n_tables_1,15.985,80.985,76.58000000000001,MDV,sex_avg
MDV,2011,0,hld_n_tables_1,76.885,76.885,76.885,MDV,sex_avg
MDV,2011,1,hld_n_tables_1,76.65,77.65,76.885,MDV,sex_avg
MDV,2011,5,hld_n_tables_1,72.83500000000001,77.83500000000001,76.885,MDV,sex_avg
MDV,2011,15,hld_n_tables_1,63.045,78.045,76.885,MDV,sex_avg
MDV,2011,20,hld_n_tables_1,58.165,78.16499999999999,76.885,MDV,sex_avg
MDV,2011,30,hld_n_tables_1,48.39,78.39,76.885,MDV,sex_avg
MDV,2011,50,hld_n_tables_1,29.049999999999997,79.05000000000001,76.885,MDV,sex_avg
MDV,2011,65,hld_n_tables_1,16.134999999999998,81.13499999999999,76.885,MDV,sex_avg
MDV,2012,0,hld_n_tables_1,77.495,77.495,77.495,MDV,sex_avg
MDV,2012,1,hld_n_tables_1,77.11,78.11,77.495,MDV,sex_avg
MDV,2012,5,hld_n_tables_1,73.32499999999999,78.32499999999999,77.495,MDV,sex_avg
MDV,2012,15,hld_n_tables_1,63.515,78.51499999999999,77.495,MDV,sex_avg
MDV,2012,20,hld_n_tables_1,58.620000000000005,78.62,77.495,MDV,sex_avg
MDV,2012,30,hld_n_tables_1,48.845,78.845,77.495,MDV,sex_avg
MDV,2012,50,hld_n_tables_1,29.49,79.49000000000001,77.495,MDV,sex_avg
MDV,2012,65,hld_n_tables_1,16.48,81.48,77.495,MDV,sex_avg
MDV,2013,0,hld_n_tables_1,77.74,77.74,77.74,MDV,sex_avg
MDV,2013,1,hld_n_tables_1,77.36,78.36,77.74,MDV,sex_avg
MDV,2013,5,hld_n_tables_1,73.56,78.56,77.74,MDV,sex_avg
MDV,2013,15,hld_n_tables_1,63.705,78.705,77.74,MDV,sex_avg
MDV,2013,20,hld_n_tables_1,58.845,78.845,77.74,MDV,sex_avg
MDV,2013,30,hld_n_tables_1,49.09,79.09,77.74,MDV,sex_avg
MDV,2013,50,hld_n_tables_1,29.759999999999998,79.76,77.74,MDV,sex_avg
MDV,2013,65,hld_n_tables_1,16.835,81.83500000000001,77.74,MDV,sex_avg
MDV,2014,0,hld_n_tables_1,78.56,78.56,78.56,MDV,sex_avg
MDV,2014,1,hld_n_tables_1,78.13499999999999,79.13499999999999,78.56,MDV,sex_avg
MDV,2014,5,hld_n_tables_1,74.31,79.31,78.56,MDV,sex_avg
MDV,2014,15,hld_n_tables_1,64.47,79.47,78.56,MDV,sex_avg
MDV,2014,20,hld_n_tables_1,59.59,79.59,78.56,MDV,sex_avg
MDV,2014,30,hld_n_tables_1,49.84,79.84,78.56,MDV,sex_avg
MDV,2014,50,hld_n_tables_1,30.485,80.485,78.56,MDV,sex_avg
MDV,2014,65,hld_n_tables_1,17.415,82.41499999999999,78.56,MDV,sex_avg
MDV,2015,0,hld_n_tables_1,78.905,78.905,78.905,MDV,sex_avg
MDV,2015,1,hld_n_tables_1,78.53999999999999,79.53999999999999,78.905,MDV,sex_avg
MDV,2015,5,hld_n_tables_1,74.67,79.67,78.905,MDV,sex_avg
MDV,2015,15,hld_n_tables_1,64.83,79.83000000000001,78.905,MDV,sex_avg
MDV,2015,20,hld_n_tables_1,59.965,79.965,78.905,MDV,sex_avg
MDV,2015,30,hld_n_tables_1,50.205,80.205,78.905,MDV,sex_avg
MDV,2015,50,hld_n_tables_1,30.82,80.82,78.905,MDV,sex_avg
MDV,2015,65,hld_n_tables_1,17.71,82.71000000000001,78.905,MDV,sex_avg
MDV,2016,0,hld_n_tables_1,79.13,79.13,79.13,MDV,sex_avg
MDV,2016,1,hld_n_tables_1,78.72999999999999,79.72999999999999,79.13,MDV,sex_avg
MDV,2016,5,hld_n_tables_1,74.825,79.825,79.13,MDV,sex_avg
MDV,2016,15,hld_n_tables_1,64.995,79.995,79.13,MDV,sex_avg
MDV,2016,20,hld_n_tables_1,60.105000000000004,80.10499999999999,79.13,MDV,sex_avg
MDV,2016,30,hld_n_tables_1,50.34,80.34,79.13,MDV,sex_avg
MDV,2016,50,hld_n_tables_1,30.96,80.96000000000001,79.13,MDV,sex_avg
MDV,2016,65,hld_n_tables_1,17.725,82.725,79.13,MDV,sex_avg
MDV,2017,0,hld_n_tables_1,79.185,79.185,79.185,MDV,sex_avg
MDV,2017,1,hld_n_tables_1,78.73,79.73,79.185,MDV,sex_avg
MDV,2017,5,hld_n_tables_1,74.81,79.81,79.185,MDV,sex_avg
MDV,2017,15,hld_n_tables_1,64.92,79.92,79.185,MDV,sex_avg
MDV,2017,20,hld_n_tables_1,60.06,80.06,79.185,MDV,sex_avg
MDV,2017,30,hld_n_tables_1,50.31,80.31,79.185,MDV,sex_avg
MDV,2017,50,hld_n_tables_1,30.945,80.94500000000001,79.185,MDV,sex_avg
MDV,2017,65,hld_n_tables_1,17.68,82.68,79.185,MDV,sex_avg
MDV,2018,0,hld_n_tables_1,80.17,80.17,80.17,MDV,sex_avg
MDV,2018,1,hld_n_tables_1,79.625,80.625,80.17,MDV,sex_avg
MDV,2018,5,hld_n_tables_1,75.69999999999999,80.69999999999999,80.17,MDV,sex_avg
MDV,2018,15,hld_n_tables_1,65.775,80.775,80.17,MDV,sex_avg
MDV,2018,20,hld_n_tables_1,60.915,80.915,80.17,MDV,sex_avg
MDV,2018,30,hld_n_tables_1,51.17,81.17,80.17,MDV,sex_avg
MDV,2018,50,hld_n_tables_1,31.785,81.785,80.17,MDV,sex_avg
MDV,2018,65,hld_n_tables_1,18.5,83.5,80.17,MDV,sex_avg
MDV,2019,0,hld_n_tables_1,81.00999999999999,81.00999999999999,81.00999999999999,MDV,sex_avg
MDV,2019,1,hld_n_tables_1,80.41499999999999,81.41499999999999,81.00999999999999,MDV,sex_avg
MDV,2019,5,hld_n_tables_1,76.485,81.485,81.00999999999999,MDV,sex_avg
MDV,2019,15,hld_n_tables_1,66.535,81.535,81.00999999999999,MDV,sex_avg
MDV,2019,20,hld_n_tables_1,61.67,81.67,81.00999999999999,MDV,sex_avg
MDV,2019,30,hld_n_tables_1,51.91,81.91,81.00999999999999,MDV,sex_avg
MDV,2019,50,hld_n_tables_1,32.56,82.56,81.00999999999999,MDV,sex_avg
MDV,2019,65,hld_n_tables_1,19.38,84.38,81.00999999999999,MDV,sex_avg
MDV,2020,0,hld_n_tables_1,80.635,80.635,80.635,MDV,sex_avg
MDV,2020,1,hld_n_tables_1,80.085,81.085,80.635,MDV,sex_avg
MDV,2020,5,hld_n_tables_1,76.155,81.155,80.635,MDV,sex_avg
MDV,2020,15,hld_n_tables_1,66.22,81.22,80.635,MDV,sex_avg
MDV,2020,20,hld_n_tables_1,61.335,81.33500000000001,80.635,MDV,sex_avg
MDV,2020,30,hld_n_tables_1,51.58,81.58,80.635,MDV,sex_avg
MDV,2020,50,hld_n_tables_1,32.21,82.21000000000001,80.635,MDV,sex_avg
MDV,2020,65,hld_n_tables_1,19.115000000000002,84.11500000000001,80.635,MDV,sex_avg
MEX,1950,0,hld_n_tables_1,48.75,48.75,48.75,MEX,sex_avg
MEX,1950,1,hld_n_tables_1,54.995000000000005,55.995000000000005,48.75,MEX,sex_avg
MEX,1950,5,hld_n_tables_1,56.32,61.32,48.75,MEX,sex_avg
MEX,1950,15,hld_n_tables_1,48.205,63.205,48.75,MEX,sex_avg
MEX,1950,20,hld_n_tables_1,44.04,64.03999999999999,48.75,MEX,sex_avg
MEX,1950,30,hld_n_tables_1,36.395,66.39500000000001,48.75,MEX,sex_avg
MEX,1950,50,hld_n_tables_1,21.825000000000003,71.825,48.75,MEX,sex_avg
MEX,1950,65,hld_n_tables_1,12.2,77.19999999999999,48.75,MEX,sex_avg
MEX,1960,0,hld_n_tables_1,56.870000000000005,56.870000000000005,56.870000000000005,MEX,sex_avg
MEX,1960,1,hld_n_tables_1,61.75,62.75,56.870000000000005,MEX,sex_avg
MEX,1960,5,hld_n_tables_1,61.44,66.44,56.870000000000005,MEX,sex_avg
MEX,1960,15,hld_n_tables_1,52.68,67.67999999999999,56.870000000000005,MEX,sex_avg
MEX,1960,20,hld_n_tables_1,48.254999999999995,68.255,56.870000000000005,MEX,sex_avg
MEX,1960,30,hld_n_tables_1,39.980000000000004,69.98,56.870000000000005,MEX,sex_avg
MEX,1960,50,hld_n_tables_1,24.355,74.35499999999999,56.870000000000005,MEX,sex_avg
MEX,1960,65,hld_n_tables_1,14.185,79.185,56.870000000000005,MEX,sex_avg
MEX,1962,0,hld_n_tables_1,59.875,59.875,59.875,MEX,sex_avg
MEX,1962,1,hld_n_tables_1,63.555,64.555,59.875,MEX,sex_avg
MEX,1962,5,hld_n_tables_1,62.585,67.58500000000001,59.875,MEX,sex_avg
MEX,1962,15,hld_n_tables_1,53.64,68.64,59.875,MEX,sex_avg
MEX,1962,20,hld_n_tables_1,49.144999999999996,69.145,59.875,MEX,sex_avg
MEX,1962,30,hld_n_tables_1,40.69,70.69,59.875,MEX,sex_avg
MEX,1962,50,hld_n_tables_1,24.689999999999998,74.69,59.875,MEX,sex_avg
MEX,1962,65,hld_n_tables_1,14.435,79.435,59.875,MEX,sex_avg
MEX,1970,0,hld_n_tables_1,61.45,61.45,61.45,MEX,sex_avg
MEX,1970,1,hld_n_tables_1,65.325,66.325,61.45,MEX,sex_avg
MEX,1970,5,hld_n_tables_1,63.795,68.795,61.45,MEX,sex_avg
MEX,1970,15,hld_n_tables_1,54.685,69.685,61.45,MEX,sex_avg
MEX,1970,20,hld_n_tables_1,50.135,70.13499999999999,61.45,MEX,sex_avg
MEX,1970,30,hld_n_tables_1,41.525,71.525,61.45,MEX,sex_avg
MEX,1970,50,hld_n_tables_1,25.33,75.33,61.45,MEX,sex_avg
MEX,1970,65,hld_n_tables_1,14.905,79.905,61.45,MEX,sex_avg
MEX,1990,0,hld_n_tables_1,70.83500000000001,70.83500000000001,70.83500000000001,MEX,sex_avg
MEX,1990,1,hld_n_tables_1,72.485,73.485,70.83500000000001,MEX,sex_avg
MEX,1990,5,hld_n_tables_1,69.08500000000001,74.08500000000001,70.83500000000001,MEX,sex_avg
MEX,1990,15,hld_n_tables_1,59.43,74.43,70.83500000000001,MEX,sex_avg
MEX,1990,20,hld_n_tables_1,54.71,74.71000000000001,70.83500000000001,MEX,sex_avg
MEX,1990,30,hld_n_tables_1,45.58,75.58,70.83500000000001,MEX,sex_avg
MEX,1990,50,hld_n_tables_1,28.045,78.045,70.83500000000001,MEX,sex_avg
MEX,1990,65,hld_n_tables_1,16.665,81.66499999999999,70.83500000000001,MEX,sex_avg
MEX,2000,0,hld_n_tables_1,74.305,74.305,74.305,MEX,sex_avg
MEX,2000,1,hld_n_tables_1,75.125,76.125,74.305,MEX,sex_avg
MEX,2000,5,hld_n_tables_1,71.48,76.48,74.305,MEX,sex_avg
MEX,2000,15,hld_n_tables_1,61.75,76.75,74.305,MEX,sex_avg
MEX,2000,20,hld_n_tables_1,56.94,76.94,74.305,MEX,sex_avg
MEX,2000,30,hld_n_tables_1,47.54,77.53999999999999,74.305,MEX,sex_avg
MEX,2000,50,hld_n_tables_1,29.485,79.485,74.305,MEX,sex_avg
MEX,2000,65,hld_n_tables_1,17.525,82.525,74.305,MEX,sex_avg
MEX,2010,0,hld_n_tables_1,76.05,76.05,76.05,MEX,sex_avg
MEX,2010,1,hld_n_tables_1,76.53999999999999,77.53999999999999,76.05,MEX,sex_avg
MEX,2010,5,hld_n_tables_1,72.89,77.89,76.05,MEX,sex_avg
MEX,2010,15,hld_n_tables_1,63.14,78.14,76.05,MEX,sex_avg
MEX,2010,20,hld_n_tables_1,58.32,78.32,76.05,MEX,sex_avg
MEX,2010,30,hld_n_tables_1,48.885000000000005,78.885,76.05,MEX,sex_avg
MEX,2010,50,hld_n_tables_1,30.705,80.70500000000001,76.05,MEX,sex_avg
MEX,2010,65,hld_n_tables_1,18.575,83.57499999999999,76.05,MEX,sex_avg
MKD,1960,0,hld_n_tables_1,61.31,61.31,61.31,MKD,sex_avg
MKD,1960,1,hld_n_tables_1,68.42,69.42,61.31,MKD,sex_avg
MKD,1960,5,hld_n_tables_1,66.555,71.555,61.31,MKD,sex_avg
MKD,1960,15,hld_n_tables_1,56.95,71.94999999999999,61.31,MKD,sex_avg
MKD,1960,20,hld_n_tables_1,52.17,72.17,61.31,MKD,sex_avg
MKD,1960,30,hld_n_tables_1,42.86,72.86,61.31,MKD,sex_avg
MKD,1960,50,hld_n_tables_1,24.83,74.83,61.31,MKD,sex_avg
MKD,1960,65,hld_n_tables_1,13.265,78.265,61.31,MKD,sex_avg
MLT,1959,0,hld_n_tables_1,68.75999999999999,68.75999999999999,68.75999999999999,MLT,sex_avg
MLT,1959,1,hld_n_tables_1,70.11,71.11,68.75999999999999,MLT,sex_avg
MLT,1959,5,hld_n_tables_1,66.39500000000001,71.39500000000001,68.75999999999999,MLT,sex_avg
MLT,1959,15,hld_n_tables_1,56.62,71.62,68.75999999999999,MLT,sex_avg
MLT,1959,20,hld_n_tables_1,51.754999999999995,71.755,68.75999999999999,MLT,sex_avg
MLT,1959,30,hld_n_tables_1,42.16,72.16,68.75999999999999,MLT,sex_avg
MLT,1959,50,hld_n_tables_1,23.705,73.705,68.75999999999999,MLT,sex_avg
MLT,1959,65,hld_n_tables_1,12.635000000000002,77.63499999999999,68.75999999999999,MLT,sex_avg
MLT,1963,0,hld_n_tables_1,68.86,68.86,68.86,MLT,sex_avg
MLT,1963,1,hld_n_tables_1,70.16,71.16,68.86,MLT,sex_avg
MLT,1963,5,hld_n_tables_1,66.405,71.405,68.86,MLT,sex_avg
MLT,1963,15,hld_n_tables_1,56.57,71.57000000000001,68.86,MLT,sex_avg
MLT,1963,20,hld_n_tables_1,51.72,71.72,68.86,MLT,sex_avg
MLT,1963,30,hld_n_tables_1,42.15,72.14999999999999,68.86,MLT,sex_avg
MLT,1963,50,hld_n_tables_1,23.73,73.72999999999999,68.86,MLT,sex_avg
MLT,1963,65,hld_n_tables_1,12.415,77.41499999999999,68.86,MLT,sex_avg
MLT,1964,0,hld_n_tables_1,69.535,69.535,69.535,MLT,sex_avg
MLT,1964,1,hld_n_tables_1,70.945,71.945,69.535,MLT,sex_avg
MLT,1964,5,hld_n_tables_1,67.155,72.155,69.535,MLT,sex_avg
MLT,1964,15,hld_n_tables_1,57.325,72.325,69.535,MLT,sex_avg
MLT,1964,20,hld_n_tables_1,52.425,72.42500000000001,69.535,MLT,sex_avg
MLT,1964,30,hld_n_tables_1,42.705,72.705,69.535,MLT,sex_avg
MLT,1964,50,hld_n_tables_1,24.134999999999998,74.13499999999999,69.535,MLT,sex_avg
MLT,1964,65,hld_n_tables_1,13.015,78.015,69.535,MLT,sex_avg
MLT,1965,0,hld_n_tables_1,69.43,69.43,69.43,MLT,sex_avg
MLT,1965,1,hld_n_tables_1,70.775,71.775,69.43,MLT,sex_avg
MLT,1965,5,hld_n_tables_1,67.045,72.045,69.43,MLT,sex_avg
MLT,1965,15,hld_n_tables_1,57.155,72.155,69.43,MLT,sex_avg
MLT,1965,20,hld_n_tables_1,52.365,72.365,69.43,MLT,sex_avg
MLT,1965,30,hld_n_tables_1,42.625,72.625,69.43,MLT,sex_avg
MLT,1965,50,hld_n_tables_1,24.13,74.13,69.43,MLT,sex_avg
MLT,1965,65,hld_n_tables_1,13.015,78.015,69.43,MLT,sex_avg
MLT,2001,0,hld_n_tables_1,78.28,78.28,78.28,MLT,sex_avg
MLT,2001,1,hld_n_tables_1,77.62,78.62,78.28,MLT,sex_avg
MLT,2001,5,hld_n_tables_1,73.71000000000001,78.71000000000001,78.28,MLT,sex_avg
MLT,2001,15,hld_n_tables_1,63.765,78.765,78.28,MLT,sex_avg
MLT,2001,20,hld_n_tables_1,58.885,78.88499999999999,78.28,MLT,sex_avg
MLT,2001,30,hld_n_tables_1,49.17,79.17,78.28,MLT,sex_avg
MLT,2001,50,hld_n_tables_1,29.955,79.955,78.28,MLT,sex_avg
MLT,2001,65,hld_n_tables_1,16.77,81.77000000000001,78.28,MLT,sex_avg
MLT,2002,0,hld_n_tables_1,77.895,77.895,77.895,MLT,sex_avg
MLT,2002,1,hld_n_tables_1,77.38,78.38,77.895,MLT,sex_avg
MLT,2002,5,hld_n_tables_1,73.465,78.465,77.895,MLT,sex_avg
MLT,2002,15,hld_n_tables_1,63.540000000000006,78.53999999999999,77.895,MLT,sex_avg
MLT,2002,20,hld_n_tables_1,58.629999999999995,78.63,77.895,MLT,sex_avg
MLT,2002,30,hld_n_tables_1,48.94,78.94,77.895,MLT,sex_avg
MLT,2002,50,hld_n_tables_1,29.695,79.695,77.895,MLT,sex_avg
MLT,2002,65,hld_n_tables_1,16.72,81.72,77.895,MLT,sex_avg
MLT,2003,0,hld_n_tables_1,78.16,78.16,78.16,MLT,sex_avg
MLT,2003,1,hld_n_tables_1,77.61500000000001,78.61500000000001,78.16,MLT,sex_avg
MLT,2003,5,hld_n_tables_1,73.81,78.81,78.16,MLT,sex_avg
MLT,2003,15,hld_n_tables_1,63.86,78.86,78.16,MLT,sex_avg
MLT,2003,20,hld_n_tables_1,58.945,78.94500000000001,78.16,MLT,sex_avg
MLT,2003,30,hld_n_tables_1,49.245000000000005,79.245,78.16,MLT,sex_avg
MLT,2003,50,hld_n_tables_1,30.104999999999997,80.105,78.16,MLT,sex_avg
MLT,2003,65,hld_n_tables_1,16.925,81.925,78.16,MLT,sex_avg
MLT,2004,0,hld_n_tables_1,78.315,78.315,78.315,MLT,sex_avg
MLT,2004,1,hld_n_tables_1,78.30000000000001,79.30000000000001,78.315,MLT,sex_avg
MLT,2004,5,hld_n_tables_1,74.455,79.455,78.315,MLT,sex_avg
MLT,2004,15,hld_n_tables_1,64.52,79.52,78.315,MLT,sex_avg
MLT,2004,20,hld_n_tables_1,59.64,79.63999999999999,78.315,MLT,sex_avg
MLT,2004,30,hld_n_tables_1,49.894999999999996,79.89500000000001,78.315,MLT,sex_avg
MLT,2004,50,hld_n_tables_1,30.52,80.52,78.315,MLT,sex_avg
MLT,2004,65,hld_n_tables_1,17.275,82.275,78.315,MLT,sex_avg
MLT,2005,0,hld_n_tables_1,78.87,78.87,78.87,MLT,sex_avg
MLT,2005,1,hld_n_tables_1,78.34,79.34,78.87,MLT,sex_avg
MLT,2005,5,hld_n_tables_1,74.65,79.65,78.87,MLT,sex_avg
MLT,2005,15,hld_n_tables_1,64.7,79.7,78.87,MLT,sex_avg
MLT,2005,20,hld_n_tables_1,59.795,79.795,78.87,MLT,sex_avg
MLT,2005,30,hld_n_tables_1,50.004999999999995,80.005,78.87,MLT,sex_avg
MLT,2005,50,hld_n_tables_1,30.67,80.66999999999999,78.87,MLT,sex_avg
MLT,2005,65,hld_n_tables_1,17.53,82.53,78.87,MLT,sex_avg
MNE,1960,0,hld_n_tables_1,63.660000000000004,63.660000000000004,63.660000000000004,MNE,sex_avg
MNE,1960,1,hld_n_tables_1,68.38499999999999,69.38499999999999,63.660000000000004,MNE,sex_avg
MNE,1960,5,hld_n_tables_1,65.72,70.72,63.660000000000004,MNE,sex_avg
MNE,1960,15,hld_n_tables_1,56.230000000000004,71.22999999999999,63.660000000000004,MNE,sex_avg
MNE,1960,20,hld_n_tables_1,51.55,71.55,63.660000000000004,MNE,sex_avg
MNE,1960,30,hld_n_tables_1,42.34,72.34,63.660000000000004,MNE,sex_avg
MNE,1960,50,hld_n_tables_1,24.59,74.59,63.660000000000004,MNE,sex_avg
MNE,1960,65,hld_n_tables_1,13.07,78.07,63.660000000000004,MNE,sex_avg
MNG,1996,0,hld_n_tables_1,63.755,63.755,63.755,MNG,sex_avg
MNG,1996,1,hld_n_tables_1,65.365,66.365,63.755,MNG,sex_avg
MNG,1996,5,hld_n_tables_1,62.58,67.58000000000001,63.755,MNG,sex_avg
MNG,1996,15,hld_n_tables_1,52.96,67.96,63.755,MNG,sex_avg
MNG,1996,20,hld_n_tables_1,48.2,68.2,63.755,MNG,sex_avg
MNG,1996,30,hld_n_tables_1,39.08,69.08,63.755,MNG,sex_avg
MNG,1996,50,hld_n_tables_1,21.955,71.955,63.755,MNG,sex_avg
MNG,1996,65,hld_n_tables_1,12.39,77.39,63.755,MNG,sex_avg
MOZ,1998,0,hld_n_tables_1,55.510000000000005,55.510000000000005,55.510000000000005,MOZ,sex_avg
MTQ,1961,0,hld_n_tables_1,65.09,65.09,65.09,MTQ,sex_avg
MTQ,1961,1,hld_n_tables_1,67.795,68.795,65.09,MTQ,sex_avg
MTQ,1961,5,hld_n_tables_1,65.44,70.44,65.09,MTQ,sex_avg
MTQ,1961,15,hld_n_tables_1,55.69,70.69,65.09,MTQ,sex_avg
MTQ,1961,20,hld_n_tables_1,50.91,70.91,65.09,MTQ,sex_avg
MTQ,1961,30,hld_n_tables_1,41.675,71.67500000000001,65.09,MTQ,sex_avg
MTQ,1961,50,hld_n_tables_1,25.16,75.16,65.09,MTQ,sex_avg
MTQ,1961,65,hld_n_tables_1,14.875,79.875,65.09,MTQ,sex_avg
MTQ,1963,0,hld_n_tables_1,65.535,65.535,65.535,MTQ,sex_avg
MTQ,1963,1,hld_n_tables_1,67.02000000000001,68.02000000000001,65.535,MTQ,sex_avg
MTQ,1963,5,hld_n_tables_1,64.3,69.3,65.535,MTQ,sex_avg
MTQ,1963,15,hld_n_tables_1,54.705,69.705,65.535,MTQ,sex_avg
MTQ,1963,20,hld_n_tables_1,49.88,69.88,65.535,MTQ,sex_avg
MTQ,1963,30,hld_n_tables_1,40.695,70.695,65.535,MTQ,sex_avg
MTQ,1963,50,hld_n_tables_1,24.195,74.195,65.535,MTQ,sex_avg
MTQ,1963,65,hld_n_tables_1,14.175,79.17500000000001,65.535,MTQ,sex_avg
MUS,1955,0,hld_n_tables_1,54.91,54.91,54.91,MUS,sex_avg
MUS,1955,1,hld_n_tables_1,57.9,58.9,54.91,MUS,sex_avg
MUS,1955,5,hld_n_tables_1,57.81,62.81,54.91,MUS,sex_avg
MUS,1955,15,hld_n_tables_1,48.745000000000005,63.745000000000005,54.91,MUS,sex_avg
MUS,1955,20,hld_n_tables_1,44.22,64.22,54.91,MUS,sex_avg
MUS,1955,30,hld_n_tables_1,35.480000000000004,65.48,54.91,MUS,sex_avg
MUS,1955,50,hld_n_tables_1,19.494999999999997,69.495,54.91,MUS,sex_avg
MUS,1955,65,hld_n_tables_1,10.315,75.315,54.91,MUS,sex_avg
MUS,1956,0,hld_n_tables_1,55.69,55.69,55.69,MUS,sex_avg
MUS,1956,1,hld_n_tables_1,58.885000000000005,59.885000000000005,55.69,MUS,sex_avg
MUS,1956,5,hld_n_tables_1,57.59,62.59,55.69,MUS,sex_avg
MUS,1956,15,hld_n_tables_1,48.519999999999996,63.52,55.69,MUS,sex_avg
MUS,1956,20,hld_n_tables_1,44.045,64.045,55.69,MUS,sex_avg
MUS,1956,30,hld_n_tables_1,35.489999999999995,65.49,55.69,MUS,sex_avg
MUS,1956,50,hld_n_tables_1,19.53,69.53,55.69,MUS,sex_avg
MUS,1956,65,hld_n_tables_1,10.184999999999999,75.185,55.69,MUS,sex_avg
MUS,1959,0,hld_n_tables_1,57.655,57.655,57.655,MUS,sex_avg
MUS,1959,1,hld_n_tables_1,60.905,61.905,57.655,MUS,sex_avg
MUS,1959,5,hld_n_tables_1,59.175,64.175,57.655,MUS,sex_avg
MUS,1959,15,hld_n_tables_1,49.97,64.97,57.655,MUS,sex_avg
MUS,1959,20,hld_n_tables_1,45.42,65.42,57.655,MUS,sex_avg
MUS,1959,30,hld_n_tables_1,36.685,66.685,57.655,MUS,sex_avg
MUS,1959,50,hld_n_tables_1,20.13,70.13,57.655,MUS,sex_avg
MUS,1959,65,hld_n_tables_1,11.145,76.14500000000001,57.655,MUS,sex_avg
MUS,1963,0,hld_n_tables_1,60.09,60.09,60.09,MUS,sex_avg
MUS,1963,1,hld_n_tables_1,63.11,64.11,60.09,MUS,sex_avg
MUS,1963,5,hld_n_tables_1,61.135,66.13499999999999,60.09,MUS,sex_avg
MUS,1963,15,hld_n_tables_1,51.915000000000006,66.915,60.09,MUS,sex_avg
MUS,1963,20,hld_n_tables_1,47.37,67.37,60.09,MUS,sex_avg
MUS,1963,30,hld_n_tables_1,38.545,68.54499999999999,60.09,MUS,sex_avg
MUS,1963,50,hld_n_tables_1,21.53,71.53,60.09,MUS,sex_avg
MUS,1963,65,hld_n_tables_1,11.825,76.825,60.09,MUS,sex_avg
MUS,1964,0,hld_n_tables_1,62.01,62.01,62.01,MUS,sex_avg
MUS,1964,1,hld_n_tables_1,64.715,65.715,62.01,MUS,sex_avg
MUS,1964,5,hld_n_tables_1,62.3,67.3,62.01,MUS,sex_avg
MUS,1964,15,hld_n_tables_1,52.974999999999994,67.975,62.01,MUS,sex_avg
MUS,1964,20,hld_n_tables_1,48.260000000000005,68.25999999999999,62.01,MUS,sex_avg
MUS,1964,30,hld_n_tables_1,39.245,69.245,62.01,MUS,sex_avg
MUS,1964,50,hld_n_tables_1,22.515,72.515,62.01,MUS,sex_avg
MUS,1964,65,hld_n_tables_1,12.455,77.45500000000001,62.01,MUS,sex_avg
MUS,1965,0,hld_n_tables_1,62.120000000000005,62.120000000000005,62.120000000000005,MUS,sex_avg
MUS,1965,1,hld_n_tables_1,65.3,66.30000000000001,62.120000000000005,MUS,sex_avg
MUS,1965,5,hld_n_tables_1,63.150000000000006,68.15,62.120000000000005,MUS,sex_avg
MUS,1965,15,hld_n_tables_1,53.724999999999994,68.725,62.120000000000005,MUS,sex_avg
MUS,1965,20,hld_n_tables_1,49.06,69.06,62.120000000000005,MUS,sex_avg
MUS,1965,30,hld_n_tables_1,40.08,70.08,62.120000000000005,MUS,sex_avg
MUS,1965,50,hld_n_tables_1,22.814999999999998,72.815,62.120000000000005,MUS,sex_avg
MUS,1965,65,hld_n_tables_1,12.67,77.67,62.120000000000005,MUS,sex_avg
MUS,1971,0,hld_n_tables_1,63.394999999999996,63.394999999999996,63.394999999999996,MUS,sex_avg
MUS,1971,1,hld_n_tables_1,66.06,67.06,63.394999999999996,MUS,sex_avg
MUS,1971,5,hld_n_tables_1,63.585,68.58500000000001,63.394999999999996,MUS,sex_avg
MUS,1971,15,hld_n_tables_1,54.1,69.10000000000001,63.394999999999996,MUS,sex_avg
MUS,1971,20,hld_n_tables_1,49.405,69.405,63.394999999999996,MUS,sex_avg
MUS,1971,30,hld_n_tables_1,40.165,70.165,63.394999999999996,MUS,sex_avg
MUS,1971,50,hld_n_tables_1,22.689999999999998,72.69,63.394999999999996,MUS,sex_avg
MUS,1971,65,hld_n_tables_1,12.265,77.265,63.394999999999996,MUS,sex_avg
MUS,1984,0,hld_n_tables_1,68.08500000000001,68.08500000000001,68.08500000000001,MUS,sex_avg
MUS,1984,1,hld_n_tables_1,68.67,69.67,68.08500000000001,MUS,sex_avg
MUS,1984,5,hld_n_tables_1,64.97500000000001,69.97500000000001,68.08500000000001,MUS,sex_avg
MUS,1984,15,hld_n_tables_1,55.235,70.23500000000001,68.08500000000001,MUS,sex_avg
MUS,1984,20,hld_n_tables_1,50.495000000000005,70.495,68.08500000000001,MUS,sex_avg
MUS,1984,30,hld_n_tables_1,41.06,71.06,68.08500000000001,MUS,sex_avg
MUS,1984,50,hld_n_tables_1,23.369999999999997,73.37,68.08500000000001,MUS,sex_avg
MUS,1984,65,hld_n_tables_1,12.780000000000001,77.78,68.08500000000001,MUS,sex_avg
MUS,1986,0,hld_n_tables_1,68.41499999999999,68.41499999999999,68.41499999999999,MUS,sex_avg
MUS,1986,1,hld_n_tables_1,69.03,70.03,68.41499999999999,MUS,sex_avg
MUS,1986,5,hld_n_tables_1,65.32,70.32,68.41499999999999,MUS,sex_avg
MUS,1986,15,hld_n_tables_1,55.605000000000004,70.605,68.41499999999999,MUS,sex_avg
MUS,1986,20,hld_n_tables_1,50.86,70.86,68.41499999999999,MUS,sex_avg
MUS,1986,30,hld_n_tables_1,41.435,71.435,68.41499999999999,MUS,sex_avg
MUS,1986,50,hld_n_tables_1,23.775,73.775,68.41499999999999,MUS,sex_avg
MUS,1986,65,hld_n_tables_1,13.18,78.18,68.41499999999999,MUS,sex_avg
MUS,1998,0,hld_n_tables_1,72.36500000000001,72.36500000000001,72.36500000000001,MUS,sex_avg
MUS,1998,1,hld_n_tables_1,72.875,73.875,72.36500000000001,MUS,sex_avg
MUS,1998,5,hld_n_tables_1,69.215,74.215,72.36500000000001,MUS,sex_avg
MUS,1998,15,hld_n_tables_1,59.41,74.41,72.36500000000001,MUS,sex_avg
MUS,1998,20,hld_n_tables_1,54.535,74.535,72.36500000000001,MUS,sex_avg
MUS,1998,30,hld_n_tables_1,45.14,75.14,72.36500000000001,MUS,sex_avg
MUS,1998,50,hld_n_tables_1,26.61,76.61,72.36500000000001,MUS,sex_avg
MUS,1998,65,hld_n_tables_1,14.934999999999999,79.935,72.36500000000001,MUS,sex_avg
MUS,2003,0,hld_n_tables_1,72.645,72.645,72.645,MUS,sex_avg
MUS,2003,1,hld_n_tables_1,73.02000000000001,74.02000000000001,72.645,MUS,sex_avg
MUS,2003,5,hld_n_tables_1,69.225,74.225,72.645,MUS,sex_avg
MUS,2003,15,hld_n_tables_1,59.37,74.37,72.645,MUS,sex_avg
MUS,2003,20,hld_n_tables_1,54.43,74.43,72.645,MUS,sex_avg
MUS,2003,30,hld_n_tables_1,44.849999999999994,74.85,72.645,MUS,sex_avg
MUS,2003,50,hld_n_tables_1,26.685000000000002,76.685,72.645,MUS,sex_avg
MUS,2003,65,hld_n_tables_1,15.350000000000001,80.35,72.645,MUS,sex_avg
MUS,2004,0,hld_n_tables_1,72.975,72.975,72.975,MUS,sex_avg
MUS,2004,1,hld_n_tables_1,73.33000000000001,74.33000000000001,72.975,MUS,sex_avg
MUS,2004,5,hld_n_tables_1,69.495,74.495,72.975,MUS,sex_avg
MUS,2004,15,hld_n_tables_1,59.62,74.62,72.975,MUS,sex_avg
MUS,2004,20,hld_n_tables_1,54.7,74.69999999999999,72.975,MUS,sex_avg
MUS,2004,30,hld_n_tables_1,45.085,75.08500000000001,72.975,MUS,sex_avg
MUS,2004,50,hld_n_tables_1,26.799999999999997,76.8,72.975,MUS,sex_avg
MUS,2004,65,hld_n_tables_1,15.545000000000002,80.545,72.975,MUS,sex_avg
MUS,2009,0,hld_n_tables_1,74.795,74.795,74.795,MUS,sex_avg
MUS,2009,1,hld_n_tables_1,74.98,75.98,74.795,MUS,sex_avg
MUS,2009,5,hld_n_tables_1,71.16499999999999,76.16499999999999,74.795,MUS,sex_avg
MUS,2009,15,hld_n_tables_1,61.33,76.33,74.795,MUS,sex_avg
MUS,2009,20,hld_n_tables_1,56.41,76.41,74.795,MUS,sex_avg
MUS,2009,30,hld_n_tables_1,46.83,76.83000000000001,74.795,MUS,sex_avg
MUS,2009,50,hld_n_tables_1,28.435000000000002,78.435,74.795,MUS,sex_avg
MUS,2009,65,hld_n_tables_1,16.305,81.305,74.795,MUS,sex_avg
MUS,2011,0,hld_n_tables_1,75.255,75.255,75.255,MUS,sex_avg
MUS,2011,1,hld_n_tables_1,75.41,76.41,75.255,MUS,sex_avg
MUS,2011,5,hld_n_tables_1,71.64,76.64,75.255,MUS,sex_avg
MUS,2011,15,hld_n_tables_1,61.795,76.795,75.255,MUS,sex_avg
MUS,2011,20,hld_n_tables_1,56.875,76.875,75.255,MUS,sex_avg
MUS,2011,30,hld_n_tables_1,47.269999999999996,77.27,75.255,MUS,sex_avg
MUS,2011,50,hld_n_tables_1,28.85,78.85,75.255,MUS,sex_avg
MUS,2011,65,hld_n_tables_1,16.794999999999998,81.795,75.255,MUS,sex_avg
MUS,2014,0,hld_n_tables_1,75.375,75.375,75.375,MUS,sex_avg
MUS,2014,1,hld_n_tables_1,75.63499999999999,76.63499999999999,75.375,MUS,sex_avg
MUS,2014,5,hld_n_tables_1,71.765,76.765,75.375,MUS,sex_avg
MUS,2014,15,hld_n_tables_1,61.870000000000005,76.87,75.375,MUS,sex_avg
MUS,2014,20,hld_n_tables_1,56.965,76.965,75.375,MUS,sex_avg
MUS,2014,30,hld_n_tables_1,47.415000000000006,77.41499999999999,75.375,MUS,sex_avg
MUS,2014,50,hld_n_tables_1,29.12,79.12,75.375,MUS,sex_avg
MUS,2014,65,hld_n_tables_1,16.92,81.92,75.375,MUS,sex_avg
NIC,1950,0,hld_n_tables_1,40.795,40.795,40.795,NIC,sex_avg
NIC,1950,1,hld_n_tables_1,48.82,49.82,40.795,NIC,sex_avg
NIC,1950,5,hld_n_tables_1,50.41,55.41,40.795,NIC,sex_avg
NIC,1950,15,hld_n_tables_1,42.855000000000004,57.855000000000004,40.795,NIC,sex_avg
NIC,1950,20,hld_n_tables_1,39.105000000000004,59.105000000000004,40.795,NIC,sex_avg
NIC,1950,30,hld_n_tables_1,32.2,62.2,40.795,NIC,sex_avg
NIC,1950,50,hld_n_tables_1,18.945,68.945,40.795,NIC,sex_avg
NIC,1950,65,hld_n_tables_1,10.355,75.35499999999999,40.795,NIC,sex_avg
NIC,1960,0,hld_n_tables_1,46.96,46.96,46.96,NIC,sex_avg
NIC,1960,1,hld_n_tables_1,53.59,54.59,46.96,NIC,sex_avg
NIC,1960,5,hld_n_tables_1,54.379999999999995,59.379999999999995,46.96,NIC,sex_avg
NIC,1960,15,hld_n_tables_1,46.379999999999995,61.379999999999995,46.96,NIC,sex_avg
NIC,1960,20,hld_n_tables_1,42.475,62.475,46.96,NIC,sex_avg
NIC,1960,30,hld_n_tables_1,35.144999999999996,65.145,46.96,NIC,sex_avg
NIC,1960,50,hld_n_tables_1,20.84,70.84,46.96,NIC,sex_avg
NIC,1960,65,hld_n_tables_1,11.504999999999999,76.505,46.96,NIC,sex_avg
NIC,1970,0,hld_n_tables_1,53.57,53.57,53.57,NIC,sex_avg
NIC,1970,1,hld_n_tables_1,58.849999999999994,59.849999999999994,53.57,NIC,sex_avg
NIC,1970,5,hld_n_tables_1,58.75,63.75,53.57,NIC,sex_avg
NIC,1970,15,hld_n_tables_1,50.290000000000006,65.29,53.57,NIC,sex_avg
NIC,1970,20,hld_n_tables_1,46.195,66.19500000000001,53.57,NIC,sex_avg
NIC,1970,30,hld_n_tables_1,38.41,68.41,53.57,NIC,sex_avg
NIC,1970,50,hld_n_tables_1,22.945,72.945,53.57,NIC,sex_avg
NIC,1970,65,hld_n_tables_1,12.815000000000001,77.815,53.57,NIC,sex_avg
NIC,1980,0,hld_n_tables_1,58.57,58.57,58.57,NIC,sex_avg
NIC,1980,1,hld_n_tables_1,62.94499999999999,63.94499999999999,58.57,NIC,sex_avg
NIC,1980,5,hld_n_tables_1,61.97,66.97,58.57,NIC,sex_avg
NIC,1980,15,hld_n_tables_1,53.129999999999995,68.13,58.57,NIC,sex_avg
NIC,1980,20,hld_n_tables_1,48.955,68.95500000000001,58.57,NIC,sex_avg
NIC,1980,30,hld_n_tables_1,40.849999999999994,70.85,58.57,NIC,sex_avg
NIC,1980,50,hld_n_tables_1,24.509999999999998,74.50999999999999,58.57,NIC,sex_avg
NIC,1980,65,hld_n_tables_1,13.8,78.80000000000001,58.57,NIC,sex_avg
NIC,1990,0,hld_n_tables_1,64.19,64.19,64.19,NIC,sex_avg
NIC,1990,1,hld_n_tables_1,66.99000000000001,67.99000000000001,64.19,NIC,sex_avg
NIC,1990,5,hld_n_tables_1,64.375,69.375,64.19,NIC,sex_avg
NIC,1990,15,hld_n_tables_1,55.115,70.11500000000001,64.19,NIC,sex_avg
NIC,1990,20,hld_n_tables_1,50.76,70.76,64.19,NIC,sex_avg
NIC,1990,30,hld_n_tables_1,42.230000000000004,72.23,64.19,NIC,sex_avg
NIC,1990,50,hld_n_tables_1,25.4,75.4,64.19,NIC,sex_avg
NIC,1990,65,hld_n_tables_1,14.46,79.46000000000001,64.19,NIC,sex_avg
NIC,2000,0,hld_n_tables_1,69.64,69.64,69.64,NIC,sex_avg
NIC,2000,1,hld_n_tables_1,70.78,71.78,69.64,NIC,sex_avg
NIC,2000,5,hld_n_tables_1,67.35,72.35,69.64,NIC,sex_avg
NIC,2000,15,hld_n_tables_1,57.79,72.78999999999999,69.64,NIC,sex_avg
NIC,2000,20,hld_n_tables_1,53.21,73.21000000000001,69.64,NIC,sex_avg
NIC,2000,30,hld_n_tables_1,44.290000000000006,74.29,69.64,NIC,sex_avg
NIC,2000,50,hld_n_tables_1,27.29,77.28999999999999,69.64,NIC,sex_avg
NIC,2000,65,hld_n_tables_1,16.26,81.25999999999999,69.64,NIC,sex_avg
NIC,2010,0,hld_n_tables_1,73.725,73.725,73.725,NIC,sex_avg
NIC,2010,1,hld_n_tables_1,74.2,75.2,73.725,NIC,sex_avg
NIC,2010,5,hld_n_tables_1,70.5,75.5,73.725,NIC,sex_avg
NIC,2010,15,hld_n_tables_1,60.83,75.83,73.725,NIC,sex_avg
NIC,2010,20,hld_n_tables_1,56.185,76.185,73.725,NIC,sex_avg
NIC,2010,30,hld_n_tables_1,47.08,77.08,73.725,NIC,sex_avg
NIC,2010,50,hld_n_tables_1,29.585,79.58500000000001,73.725,NIC,sex_avg
NIC,2010,65,hld_n_tables_1,18.02,83.02000000000001,73.725,NIC,sex_avg
NIU,1987,0,hld_n_tables_1,74.465,74.465,74.465,NIU,sex_avg
NIU,1987,5,hld_n_tables_1,70.155,75.155,74.465,NIU,sex_avg
NIU,1987,15,hld_n_tables_1,60.59,75.59,74.465,NIU,sex_avg
NIU,1987,65,hld_n_tables_1,14.48,79.47999999999999,74.465,NIU,sex_avg
NIU,1992,0,hld_n_tables_1,73.83,73.83,73.83,NIU,sex_avg
NIU,1992,5,hld_n_tables_1,69.41,74.41,73.83,NIU,sex_avg
NIU,1992,15,hld_n_tables_1,60.13,75.13,73.83,NIU,sex_avg
NIU,1992,65,hld_n_tables_1,15.535,80.535,73.83,NIU,sex_avg
NIU,1997,0,hld_n_tables_1,71.1,71.1,71.1,NIU,sex_avg
NIU,1997,5,hld_n_tables_1,67.98,72.98,71.1,NIU,sex_avg
NIU,1997,15,hld_n_tables_1,58.254999999999995,73.255,71.1,NIU,sex_avg
NIU,1997,65,hld_n_tables_1,14.725,79.725,71.1,NIU,sex_avg
NIU,2002,0,hld_n_tables_1,71.41,71.41,71.41,NIU,sex_avg
NIU,2002,5,hld_n_tables_1,67.765,72.765,71.41,NIU,sex_avg
NIU,2002,15,hld_n_tables_1,57.765,72.765,71.41,NIU,sex_avg
NIU,2002,65,hld_n_tables_1,14.84,79.84,71.41,NIU,sex_avg
NIU,2007,0,hld_n_tables_1,74.115,74.115,74.115,NIU,sex_avg
NIU,2007,5,hld_n_tables_1,70.25,75.25,74.115,NIU,sex_avg
NIU,2007,15,hld_n_tables_1,60.25,75.25,74.115,NIU,sex_avg
NIU,2007,65,hld_n_tables_1,15.16,80.16,74.115,NIU,sex_avg
NIU,2012,0,hld_n_tables_1,76.175,76.175,76.175,NIU,sex_avg
NIU,2012,5,hld_n_tables_1,71.175,76.175,76.175,NIU,sex_avg
NIU,2012,15,hld_n_tables_1,61.655,76.655,76.175,NIU,sex_avg
NIU,2012,65,hld_n_tables_1,17.03,82.03,76.175,NIU,sex_avg
NLD,1903,0,hld_n_tables_1,52.47,52.47,52.47,Netherlands,sex_avg
NLD,1903,1,hld_n_tables_1,56.675,57.675,52.47,Netherlands,sex_avg
NLD,1903,5,hld_n_tables_1,59.115,64.11500000000001,52.47,Netherlands,sex_avg
NLD,1903,15,hld_n_tables_1,50.72,65.72,52.47,Netherlands,sex_avg
NLD,1903,20,hld_n_tables_1,46.555,66.555,52.47,Netherlands,sex_avg
NLD,1903,30,hld_n_tables_1,38.540000000000006,68.54,52.47,Netherlands,sex_avg
NLD,1903,50,hld_n_tables_1,22.6,72.6,52.47,Netherlands,sex_avg
NLD,1903,65,hld_n_tables_1,12.08,77.08,52.47,Netherlands,sex_avg
NLD,1908,0,hld_n_tables_1,55.175,55.175,55.175,Netherlands,sex_avg
NLD,1908,1,hld_n_tables_1,59.99,60.99,55.175,Netherlands,sex_avg
NLD,1908,5,hld_n_tables_1,60.155,65.155,55.175,Netherlands,sex_avg
NLD,1908,15,hld_n_tables_1,51.525000000000006,66.525,55.175,Netherlands,sex_avg
NLD,1908,20,hld_n_tables_1,47.275000000000006,67.275,55.175,Netherlands,sex_avg
NLD,1908,30,hld_n_tables_1,39.01,69.01,55.175,Netherlands,sex_avg
NLD,1908,50,hld_n_tables_1,22.674999999999997,72.675,55.175,Netherlands,sex_avg
NLD,1908,65,hld_n_tables_1,12.105,77.10499999999999,55.175,Netherlands,sex_avg
NLD,1913,0,hld_n_tables_1,57.265,57.265,57.265,Netherlands,sex_avg
NLD,1913,1,hld_n_tables_1,61.755,62.755,57.265,Netherlands,sex_avg
NLD,1913,5,hld_n_tables_1,60.635,65.63499999999999,57.265,Netherlands,sex_avg
NLD,1913,15,hld_n_tables_1,51.885000000000005,66.885,57.265,Netherlands,sex_avg
NLD,1913,20,hld_n_tables_1,47.695,67.695,57.265,Netherlands,sex_avg
NLD,1913,30,hld_n_tables_1,39.394999999999996,69.395,57.265,Netherlands,sex_avg
NLD,1913,50,hld_n_tables_1,22.905,72.905,57.265,Netherlands,sex_avg
NLD,1913,65,hld_n_tables_1,12.219999999999999,77.22,57.265,Netherlands,sex_avg
NLD,1918,0,hld_n_tables_1,56.125,56.125,56.125,Netherlands,sex_avg
NLD,1918,1,hld_n_tables_1,60.099999999999994,61.099999999999994,56.125,Netherlands,sex_avg
NLD,1918,5,hld_n_tables_1,59.25,64.25,56.125,Netherlands,sex_avg
NLD,1918,15,hld_n_tables_1,50.665,65.665,56.125,Netherlands,sex_avg
NLD,1918,20,hld_n_tables_1,46.6,66.6,56.125,Netherlands,sex_avg
NLD,1918,30,hld_n_tables_1,38.795,68.795,56.125,Netherlands,sex_avg
NLD,1918,50,hld_n_tables_1,22.78,72.78,56.125,Netherlands,sex_avg
NLD,1918,65,hld_n_tables_1,12.15,77.15,56.125,Netherlands,sex_avg
NLD,1923,0,hld_n_tables_1,62.885000000000005,62.885000000000005,62.885000000000005,Netherlands,sex_avg
NLD,1923,1,hld_n_tables_1,64.96000000000001,65.96000000000001,62.885000000000005,Netherlands,sex_avg
NLD,1923,5,hld_n_tables_1,63.364999999999995,68.365,62.885000000000005,Netherlands,sex_avg
NLD,1923,15,hld_n_tables_1,54.260000000000005,69.25999999999999,62.885000000000005,Netherlands,sex_avg
NLD,1923,20,hld_n_tables_1,49.835,69.83500000000001,62.885000000000005,Netherlands,sex_avg
NLD,1923,30,hld_n_tables_1,41.144999999999996,71.14500000000001,62.885000000000005,Netherlands,sex_avg
NLD,1923,50,hld_n_tables_1,23.92,73.92,62.885000000000005,Netherlands,sex_avg
NLD,1923,65,hld_n_tables_1,12.815,77.815,62.885000000000005,Netherlands,sex_avg
NLD,1928,0,hld_n_tables_1,63.94,63.94,63.94,Netherlands,sex_avg
NLD,1928,1,hld_n_tables_1,66.38499999999999,67.38499999999999,63.94,Netherlands,sex_avg
NLD,1928,5,hld_n_tables_1,63.790000000000006,68.78999999999999,63.94,Netherlands,sex_avg
NLD,1928,15,hld_n_tables_1,54.620000000000005,69.62,63.94,Netherlands,sex_avg
NLD,1928,20,hld_n_tables_1,50.120000000000005,70.12,63.94,Netherlands,sex_avg
NLD,1928,30,hld_n_tables_1,41.25,71.25,63.94,Netherlands,sex_avg
NLD,1928,50,hld_n_tables_1,23.845,73.845,63.94,Netherlands,sex_avg
NLD,1928,65,hld_n_tables_1,12.690000000000001,77.69,63.94,Netherlands,sex_avg
NLD,1933,0,hld_n_tables_1,66.43,66.43,66.43,Netherlands,sex_avg
NLD,1933,1,hld_n_tables_1,68.235,69.235,66.43,Netherlands,sex_avg
NLD,1933,5,hld_n_tables_1,65.16,70.16,66.43,Netherlands,sex_avg
NLD,1933,15,hld_n_tables_1,55.805,70.805,66.43,Netherlands,sex_avg
NLD,1933,20,hld_n_tables_1,51.2,71.19999999999999,66.43,Netherlands,sex_avg
NLD,1933,30,hld_n_tables_1,42.09,72.09,66.43,Netherlands,sex_avg
NLD,1933,50,hld_n_tables_1,24.395,74.39500000000001,66.43,Netherlands,sex_avg
NLD,1933,65,hld_n_tables_1,13.065,78.065,66.43,Netherlands,sex_avg
NLD,1938,0,hld_n_tables_1,66.27000000000001,66.27000000000001,66.27000000000001,Netherlands,sex_avg
NLD,1938,1,hld_n_tables_1,67.92,68.92,66.27000000000001,Netherlands,sex_avg
NLD,1938,5,hld_n_tables_1,64.82,69.82,66.27000000000001,Netherlands,sex_avg
NLD,1938,15,hld_n_tables_1,55.480000000000004,70.48,66.27000000000001,Netherlands,sex_avg
NLD,1938,20,hld_n_tables_1,50.89,70.89,66.27000000000001,Netherlands,sex_avg
NLD,1938,30,hld_n_tables_1,41.94,71.94,66.27000000000001,Netherlands,sex_avg
NLD,1938,50,hld_n_tables_1,24.285,74.285,66.27000000000001,Netherlands,sex_avg
NLD,1938,65,hld_n_tables_1,12.88,77.88,66.27000000000001,Netherlands,sex_avg
NLD,1943,0,hld_n_tables_1,63.035000000000004,63.035000000000004,63.035000000000004,Netherlands,sex_avg
NLD,1943,1,hld_n_tables_1,65.41,66.41,63.035000000000004,Netherlands,sex_avg
NLD,1943,5,hld_n_tables_1,62.77,67.77000000000001,63.035000000000004,Netherlands,sex_avg
NLD,1943,15,hld_n_tables_1,53.825,68.825,63.035000000000004,Netherlands,sex_avg
NLD,1943,20,hld_n_tables_1,49.495000000000005,69.495,63.035000000000004,Netherlands,sex_avg
NLD,1943,30,hld_n_tables_1,41.315,71.315,63.035000000000004,Netherlands,sex_avg
NLD,1943,50,hld_n_tables_1,24.275,74.275,63.035000000000004,Netherlands,sex_avg
NLD,1943,65,hld_n_tables_1,13.004999999999999,78.005,63.035000000000004,Netherlands,sex_avg
NLD,1948,0,hld_n_tables_1,71.185,71.185,71.185,Netherlands,sex_avg
NLD,1948,1,hld_n_tables_1,72.08,73.08,71.185,Netherlands,sex_avg
NLD,1948,5,hld_n_tables_1,68.555,73.555,71.185,Netherlands,sex_avg
NLD,1948,15,hld_n_tables_1,58.91,73.91,71.185,Netherlands,sex_avg
NLD,1948,20,hld_n_tables_1,54.099999999999994,74.1,71.185,Netherlands,sex_avg
NLD,1948,30,hld_n_tables_1,44.67,74.67,71.185,Netherlands,sex_avg
NLD,1948,50,hld_n_tables_1,26.225,76.225,71.185,Netherlands,sex_avg
NLD,1948,65,hld_n_tables_1,14.23,79.22999999999999,71.185,Netherlands,sex_avg
NOR,1950,0,hld_n_tables_1,72.14,72.14,72.14,Norway,sex_avg
NOR,1950,1,hld_n_tables_1,73.055,74.055,72.14,Norway,sex_avg
NOR,1950,5,hld_n_tables_1,69.47,74.47,72.14,Norway,sex_avg
NOR,1950,15,hld_n_tables_1,59.87,74.86999999999999,72.14,Norway,sex_avg
NOR,1950,20,hld_n_tables_1,55.08,75.08,72.14,Norway,sex_avg
NOR,1950,30,hld_n_tables_1,45.685,75.685,72.14,Norway,sex_avg
NOR,1950,50,hld_n_tables_1,27.295,77.295,72.14,Norway,sex_avg
NOR,1950,65,hld_n_tables_1,15.115,80.11500000000001,72.14,Norway,sex_avg
NOR,1953,0,hld_n_tables_1,73.105,73.105,73.105,Norway,sex_avg
NOR,1953,1,hld_n_tables_1,73.7,74.7,73.105,Norway,sex_avg
NOR,1953,5,hld_n_tables_1,70.055,75.055,73.105,Norway,sex_avg
NOR,1953,15,hld_n_tables_1,60.375,75.375,73.105,Norway,sex_avg
NOR,1953,20,hld_n_tables_1,55.584999999999994,75.58500000000001,73.105,Norway,sex_avg
NOR,1953,30,hld_n_tables_1,46.05,76.05,73.105,Norway,sex_avg
NOR,1953,50,hld_n_tables_1,27.505,77.505,73.105,Norway,sex_avg
NOR,1953,65,hld_n_tables_1,15.305,80.305,73.105,Norway,sex_avg
NOR,1959,0,hld_n_tables_1,73.44,73.44,73.44,Norway,sex_avg
NOR,1959,1,hld_n_tables_1,73.82,74.82,73.44,Norway,sex_avg
NOR,1959,5,hld_n_tables_1,70.11,75.11,73.44,Norway,sex_avg
NOR,1959,15,hld_n_tables_1,60.39,75.39,73.44,Norway,sex_avg
NOR,1959,20,hld_n_tables_1,55.575,75.575,73.44,Norway,sex_avg
NOR,1959,30,hld_n_tables_1,46.015,76.015,73.44,Norway,sex_avg
NOR,1959,50,hld_n_tables_1,27.375,77.375,73.44,Norway,sex_avg
NOR,1959,65,hld_n_tables_1,15.17,80.17,73.44,Norway,sex_avg
NOR,1963,0,hld_n_tables_1,73.08,73.08,73.08,Norway,sex_avg
NOR,1963,1,hld_n_tables_1,73.33500000000001,74.33500000000001,73.08,Norway,sex_avg
NOR,1963,5,hld_n_tables_1,69.615,74.615,73.08,Norway,sex_avg
NOR,1963,15,hld_n_tables_1,59.885000000000005,74.88499999999999,73.08,Norway,sex_avg
NOR,1963,20,hld_n_tables_1,55.07,75.07,73.08,Norway,sex_avg
NOR,1963,30,hld_n_tables_1,45.44,75.44,73.08,Norway,sex_avg
NOR,1963,50,hld_n_tables_1,26.765,76.765,73.08,Norway,sex_avg
NOR,1963,65,hld_n_tables_1,14.600000000000001,79.6,73.08,Norway,sex_avg
NOR,1964,0,hld_n_tables_1,73.5,73.5,73.5,Norway,sex_avg
NOR,1964,1,hld_n_tables_1,73.735,74.735,73.5,Norway,sex_avg
NOR,1964,5,hld_n_tables_1,70.05000000000001,75.05000000000001,73.5,Norway,sex_avg
NOR,1964,15,hld_n_tables_1,60.295,75.295,73.5,Norway,sex_avg
NOR,1964,20,hld_n_tables_1,55.47,75.47,73.5,Norway,sex_avg
NOR,1964,30,hld_n_tables_1,45.855000000000004,75.855,73.5,Norway,sex_avg
NOR,1964,50,hld_n_tables_1,27.185000000000002,77.185,73.5,Norway,sex_avg
NOR,1964,65,hld_n_tables_1,14.975000000000001,79.975,73.5,Norway,sex_avg
NRU,2002,0,hld_n_tables_1,58.355000000000004,58.355000000000004,58.355000000000004,NRU,sex_avg
NRU,2002,1,hld_n_tables_1,59.96,60.96,58.355000000000004,NRU,sex_avg
NRU,2002,5,hld_n_tables_1,56.239999999999995,61.239999999999995,58.355000000000004,NRU,sex_avg
NRU,2002,15,hld_n_tables_1,46.445,61.445,58.355000000000004,NRU,sex_avg
NRU,2002,20,hld_n_tables_1,41.61,61.61,58.355000000000004,NRU,sex_avg
NRU,2002,30,hld_n_tables_1,32.84,62.84,58.355000000000004,NRU,sex_avg
NRU,2002,50,hld_n_tables_1,17.884999999999998,67.885,58.355000000000004,NRU,sex_avg
NRU,2002,65,hld_n_tables_1,10.465,75.465,58.355000000000004,NRU,sex_avg
NRU,2007,0,hld_n_tables_1,60.71,60.71,60.71,NRU,sex_avg
NRU,2007,1,hld_n_tables_1,61.735,62.735,60.71,NRU,sex_avg
NRU,2007,5,hld_n_tables_1,57.96,62.96,60.71,NRU,sex_avg
NRU,2007,15,hld_n_tables_1,48.295,63.295,60.71,NRU,sex_avg
NRU,2007,20,hld_n_tables_1,43.485,63.485,60.71,NRU,sex_avg
NRU,2007,30,hld_n_tables_1,34.155,64.155,60.71,NRU,sex_avg
NRU,2007,50,hld_n_tables_1,18.125,68.125,60.71,NRU,sex_avg
NRU,2007,65,hld_n_tables_1,10.45,75.44999999999999,60.71,NRU,sex_avg
NZL,1951,0,hld_n_tables_1,70.02000000000001,70.02000000000001,70.02000000000001,NZL,sex_avg
NZL,1951,1,hld_n_tables_1,70.675,71.675,70.02000000000001,NZL,sex_avg
NZL,1951,5,hld_n_tables_1,67.035,72.035,70.02000000000001,NZL,sex_avg
NZL,1951,15,hld_n_tables_1,57.34,72.34,70.02000000000001,NZL,sex_avg
NZL,1951,20,hld_n_tables_1,52.599999999999994,72.6,70.02000000000001,NZL,sex_avg
NZL,1951,30,hld_n_tables_1,43.24,73.24,70.02000000000001,NZL,sex_avg
NZL,1951,50,hld_n_tables_1,25.07,75.07,70.02000000000001,NZL,sex_avg
NZL,1951,65,hld_n_tables_1,13.77,78.77000000000001,70.02000000000001,NZL,sex_avg
NZL,1953,0,hld_n_tables_1,71.075,71.075,71.075,NZL,sex_avg
NZL,1953,1,hld_n_tables_1,71.545,72.545,71.075,NZL,sex_avg
NZL,1953,5,hld_n_tables_1,67.91,72.91,71.075,NZL,sex_avg
NZL,1953,15,hld_n_tables_1,58.19,73.19,71.075,NZL,sex_avg
NZL,1953,20,hld_n_tables_1,53.44499999999999,73.445,71.075,NZL,sex_avg
NZL,1953,30,hld_n_tables_1,44.01,74.00999999999999,71.075,NZL,sex_avg
NZL,1953,50,hld_n_tables_1,25.605,75.605,71.075,NZL,sex_avg
NZL,1953,65,hld_n_tables_1,14.115,79.11500000000001,71.075,NZL,sex_avg
NZL,1956,0,hld_n_tables_1,71.41499999999999,71.41499999999999,71.41499999999999,NZL,sex_avg
NZL,1956,1,hld_n_tables_1,71.85,72.85,71.41499999999999,NZL,sex_avg
NZL,1956,5,hld_n_tables_1,68.16499999999999,73.16499999999999,71.41499999999999,NZL,sex_avg
NZL,1956,15,hld_n_tables_1,58.445,73.44500000000001,71.41499999999999,NZL,sex_avg
NZL,1956,20,hld_n_tables_1,53.665,73.66499999999999,71.41499999999999,NZL,sex_avg
NZL,1956,30,hld_n_tables_1,44.19,74.19,71.41499999999999,NZL,sex_avg
NZL,1956,50,hld_n_tables_1,25.755,75.755,71.41499999999999,NZL,sex_avg
NZL,1956,65,hld_n_tables_1,14.125,79.125,71.41499999999999,NZL,sex_avg
NZL,1961,0,hld_n_tables_1,71.565,71.565,71.565,NZL,sex_avg
NZL,1961,1,hld_n_tables_1,72.005,73.005,71.565,NZL,sex_avg
NZL,1961,5,hld_n_tables_1,68.295,73.295,71.565,NZL,sex_avg
NZL,1961,15,hld_n_tables_1,58.510000000000005,73.50999999999999,71.565,NZL,sex_avg
NZL,1961,20,hld_n_tables_1,53.709999999999994,73.71,71.565,NZL,sex_avg
NZL,1961,30,hld_n_tables_1,44.135000000000005,74.135,71.565,NZL,sex_avg
NZL,1961,50,hld_n_tables_1,25.659999999999997,75.66,71.565,NZL,sex_avg
NZL,1961,65,hld_n_tables_1,14.075,79.07499999999999,71.565,NZL,sex_avg
NZL,2003,0,hld_n_tables_1,79.435,79.435,79.435,NZL,sex_avg
NZL,2003,1,hld_n_tables_1,78.845,79.845,79.435,NZL,sex_avg
NZL,2003,5,hld_n_tables_1,74.94,79.94,79.435,NZL,sex_avg
NZL,2003,15,hld_n_tables_1,65.03999999999999,80.03999999999999,79.435,NZL,sex_avg
NZL,2003,20,hld_n_tables_1,60.25,80.25,79.435,NZL,sex_avg
NZL,2003,30,hld_n_tables_1,50.625,80.625,79.435,NZL,sex_avg
NZL,2003,50,hld_n_tables_1,31.720000000000002,81.72,79.435,NZL,sex_avg
NZL,2003,65,hld_n_tables_1,18.775,83.775,79.435,NZL,sex_avg
NZL,2004,0,hld_n_tables_1,79.725,79.725,79.725,NZL,sex_avg
NZL,2004,1,hld_n_tables_1,79.135,80.135,79.725,NZL,sex_avg
NZL,2004,5,hld_n_tables_1,75.22,80.22,79.725,NZL,sex_avg
NZL,2004,15,hld_n_tables_1,65.32000000000001,80.32,79.725,NZL,sex_avg
NZL,2004,20,hld_n_tables_1,60.519999999999996,80.52000000000001,79.725,NZL,sex_avg
NZL,2004,30,hld_n_tables_1,50.89,80.89,79.725,NZL,sex_avg
NZL,2004,50,hld_n_tables_1,31.955000000000002,81.95500000000001,79.725,NZL,sex_avg
NZL,2004,65,hld_n_tables_1,18.98,83.97999999999999,79.725,NZL,sex_avg
NZL,2006,0,hld_n_tables_1,80.06,80.06,80.06,NZL,sex_avg
NZL,2006,1,hld_n_tables_1,79.455,80.455,80.06,NZL,sex_avg
NZL,2006,5,hld_n_tables_1,75.56,80.56,80.06,NZL,sex_avg
NZL,2006,15,hld_n_tables_1,65.655,80.655,80.06,NZL,sex_avg
NZL,2006,20,hld_n_tables_1,60.849999999999994,80.85,80.06,NZL,sex_avg
NZL,2006,30,hld_n_tables_1,51.205,81.205,80.06,NZL,sex_avg
NZL,2006,50,hld_n_tables_1,32.23,82.22999999999999,80.06,NZL,sex_avg
NZL,2006,65,hld_n_tables_1,19.189999999999998,84.19,80.06,NZL,sex_avg
NZL,2007,0,hld_n_tables_1,80.22,80.22,80.22,NZL,sex_avg
NZL,2007,1,hld_n_tables_1,79.62,80.62,80.22,NZL,sex_avg
NZL,2007,5,hld_n_tables_1,75.725,80.725,80.22,NZL,sex_avg
NZL,2007,15,hld_n_tables_1,65.83,80.83000000000001,80.22,NZL,sex_avg
NZL,2007,20,hld_n_tables_1,61.015,81.015,80.22,NZL,sex_avg
NZL,2007,30,hld_n_tables_1,51.370000000000005,81.37,80.22,NZL,sex_avg
NZL,2007,50,hld_n_tables_1,32.41,82.41,80.22,NZL,sex_avg
NZL,2007,65,hld_n_tables_1,19.335,84.33500000000001,80.22,NZL,sex_avg
NZL,2008,0,hld_n_tables_1,80.525,80.525,80.525,NZL,sex_avg
NZL,2008,1,hld_n_tables_1,79.92500000000001,80.92500000000001,80.525,NZL,sex_avg
NZL,2008,5,hld_n_tables_1,76.02,81.02,80.525,NZL,sex_avg
NZL,2008,15,hld_n_tables_1,66.11,81.11,80.525,NZL,sex_avg
NZL,2008,20,hld_n_tables_1,61.290000000000006,81.29,80.525,NZL,sex_avg
NZL,2008,30,hld_n_tables_1,51.629999999999995,81.63,80.525,NZL,sex_avg
NZL,2008,50,hld_n_tables_1,32.655,82.655,80.525,NZL,sex_avg
NZL,2008,65,hld_n_tables_1,19.54,84.53999999999999,80.525,NZL,sex_avg
NZL,2009,0,hld_n_tables_1,80.74,80.74,80.74,NZL,sex_avg
NZL,2009,1,hld_n_tables_1,80.14,81.14,80.74,NZL,sex_avg
NZL,2009,5,hld_n_tables_1,76.215,81.215,80.74,NZL,sex_avg
NZL,2009,15,hld_n_tables_1,66.3,81.3,80.74,NZL,sex_avg
NZL,2009,20,hld_n_tables_1,61.47,81.47,80.74,NZL,sex_avg
NZL,2009,30,hld_n_tables_1,51.81,81.81,80.74,NZL,sex_avg
NZL,2009,50,hld_n_tables_1,32.84,82.84,80.74,NZL,sex_avg
NZL,2009,65,hld_n_tables_1,19.695,84.695,80.74,NZL,sex_avg
NZL,2013,0,hld_n_tables_1,81.25999999999999,81.25999999999999,81.25999999999999,NZL,sex_avg
NZL,2013,1,hld_n_tables_1,80.64,81.64,81.25999999999999,NZL,sex_avg
NZL,2013,5,hld_n_tables_1,76.715,81.715,81.25999999999999,NZL,sex_avg
NZL,2013,15,hld_n_tables_1,66.785,81.785,81.25999999999999,NZL,sex_avg
NZL,2013,20,hld_n_tables_1,61.93000000000001,81.93,81.25999999999999,NZL,sex_avg
NZL,2013,30,hld_n_tables_1,52.235,82.235,81.25999999999999,NZL,sex_avg
NZL,2013,50,hld_n_tables_1,33.18,83.18,81.25999999999999,NZL,sex_avg
NZL,2013,65,hld_n_tables_1,19.990000000000002,84.99000000000001,81.25999999999999,NZL,sex_avg
NZL,2014,0,hld_n_tables_1,81.405,81.405,81.405,NZL,sex_avg
NZL,2014,1,hld_n_tables_1,80.77,81.77,81.405,NZL,sex_avg
NZL,2014,5,hld_n_tables_1,76.83500000000001,81.83500000000001,81.405,NZL,sex_avg
NZL,2014,15,hld_n_tables_1,66.91499999999999,81.91499999999999,81.405,NZL,sex_avg
NZL,2014,20,hld_n_tables_1,62.05,82.05000000000001,81.405,NZL,sex_avg
NZL,2014,30,hld_n_tables_1,52.35,82.35,81.405,NZL,sex_avg
NZL,2014,50,hld_n_tables_1,33.295,83.295,81.405,NZL,sex_avg
NZL,2014,65,hld_n_tables_1,20.11,85.11,81.405,NZL,sex_avg
NZL,2015,0,hld_n_tables_1,81.485,81.485,81.485,NZL,sex_avg
NZL,2015,1,hld_n_tables_1,80.8,81.8,81.485,NZL,sex_avg
NZL,2015,5,hld_n_tables_1,76.86,81.86,81.485,NZL,sex_avg
NZL,2015,15,hld_n_tables_1,66.94,81.94,81.485,NZL,sex_avg
NZL,2015,20,hld_n_tables_1,62.07,82.07,81.485,NZL,sex_avg
NZL,2015,30,hld_n_tables_1,52.39,82.39,81.485,NZL,sex_avg
NZL,2015,50,hld_n_tables_1,33.35,83.35,81.485,NZL,sex_avg
NZL,2015,65,hld_n_tables_1,20.165,85.165,81.485,NZL,sex_avg
NZL,2016,0,hld_n_tables_1,81.6,81.6,81.6,NZL,sex_avg
NZL,2016,1,hld_n_tables_1,80.9,81.9,81.6,NZL,sex_avg
NZL,2016,5,hld_n_tables_1,76.95500000000001,81.95500000000001,81.6,NZL,sex_avg
NZL,2016,15,hld_n_tables_1,67.03999999999999,82.03999999999999,81.6,NZL,sex_avg
NZL,2016,20,hld_n_tables_1,62.175,82.175,81.6,NZL,sex_avg
NZL,2016,30,hld_n_tables_1,52.489999999999995,82.49,81.6,NZL,sex_avg
NZL,2016,50,hld_n_tables_1,33.455,83.455,81.6,NZL,sex_avg
NZL,2016,65,hld_n_tables_1,20.3,85.3,81.6,NZL,sex_avg
NZL,2018,0,hld_n_tables_1,81.75999999999999,81.75999999999999,81.75999999999999,NZL,sex_avg
NZL,2018,1,hld_n_tables_1,81.09,82.09,81.75999999999999,NZL,sex_avg
NZL,2018,5,hld_n_tables_1,77.155,82.155,81.75999999999999,NZL,sex_avg
NZL,2018,15,hld_n_tables_1,67.235,82.235,81.75999999999999,NZL,sex_avg
NZL,2018,20,hld_n_tables_1,62.370000000000005,82.37,81.75999999999999,NZL,sex_avg
NZL,2018,30,hld_n_tables_1,52.69,82.69,81.75999999999999,NZL,sex_avg
NZL,2018,50,hld_n_tables_1,33.62,83.61999999999999,81.75999999999999,NZL,sex_avg
NZL,2018,65,hld_n_tables_1,20.424999999999997,85.425,81.75999999999999,NZL,sex_avg
NZL,2019,0,hld_n_tables_1,81.925,81.925,81.925,NZL,sex_avg
NZL,2019,1,hld_n_tables_1,81.28,82.28,81.925,NZL,sex_avg
NZL,2019,5,hld_n_tables_1,77.34,82.34,81.925,NZL,sex_avg
NZL,2019,15,hld_n_tables_1,67.43,82.43,81.925,NZL,sex_avg
NZL,2019,20,hld_n_tables_1,62.559999999999995,82.56,81.925,NZL,sex_avg
NZL,2019,30,hld_n_tables_1,52.865,82.86500000000001,81.925,NZL,sex_avg
NZL,2019,50,hld_n_tables_1,33.78,83.78,81.925,NZL,sex_avg
NZL,2019,65,hld_n_tables_1,20.555,85.555,81.925,NZL,sex_avg
NZL,2020,0,hld_n_tables_1,81.935,81.935,81.935,NZL,sex_avg
NZL,2020,1,hld_n_tables_1,81.25,82.25,81.935,NZL,sex_avg
NZL,2020,5,hld_n_tables_1,77.305,82.305,81.935,NZL,sex_avg
NZL,2020,15,hld_n_tables_1,67.38,82.38,81.935,NZL,sex_avg
NZL,2020,20,hld_n_tables_1,62.504999999999995,82.505,81.935,NZL,sex_avg
NZL,2020,30,hld_n_tables_1,52.81,82.81,81.935,NZL,sex_avg
NZL,2020,50,hld_n_tables_1,33.715,83.715,81.935,NZL,sex_avg
NZL,2020,65,hld_n_tables_1,20.515,85.515,81.935,NZL,sex_avg
NZL,2021,0,hld_n_tables_1,81.755,81.755,81.755,NZL,sex_avg
NZL,2021,1,hld_n_tables_1,81.055,82.055,81.755,NZL,sex_avg
NZL,2021,5,hld_n_tables_1,77.12,82.12,81.755,NZL,sex_avg
NZL,2021,15,hld_n_tables_1,67.185,82.185,81.755,NZL,sex_avg
NZL,2021,20,hld_n_tables_1,62.315,82.315,81.755,NZL,sex_avg
NZL,2021,30,hld_n_tables_1,52.644999999999996,82.64500000000001,81.755,NZL,sex_avg
NZL,2021,50,hld_n_tables_1,33.585,83.58500000000001,81.755,NZL,sex_avg
NZL,2021,65,hld_n_tables_1,20.415,85.41499999999999,81.755,NZL,sex_avg
NZL,2022,0,hld_n_tables_1,81.75,81.75,81.75,NZL,sex_avg
NZL,2022,1,hld_n_tables_1,81.10499999999999,82.10499999999999,81.75,NZL,sex_avg
NZL,2022,5,hld_n_tables_1,77.16499999999999,82.16499999999999,81.75,NZL,sex_avg
NZL,2022,15,hld_n_tables_1,67.22999999999999,82.22999999999999,81.75,NZL,sex_avg
NZL,2022,20,hld_n_tables_1,62.35,82.35,81.75,NZL,sex_avg
NZL,2022,30,hld_n_tables_1,52.67,82.67,81.75,NZL,sex_avg
NZL,2022,50,hld_n_tables_1,33.595,83.595,81.75,NZL,sex_avg
NZL,2022,65,hld_n_tables_1,20.43,85.43,81.75,NZL,sex_avg
OMN,1998,0,hld_n_tables_1,70.68,70.68,70.68,OMN,sex_avg
OMN,1998,1,hld_n_tables_1,71.185,72.185,70.68,OMN,sex_avg
OMN,1998,5,hld_n_tables_1,67.405,72.405,70.68,OMN,sex_avg
OMN,1998,15,hld_n_tables_1,57.69,72.69,70.68,OMN,sex_avg
OMN,1998,20,hld_n_tables_1,52.85,72.85000000000001,70.68,OMN,sex_avg
OMN,1998,30,hld_n_tables_1,43.295,73.295,70.68,OMN,sex_avg
OMN,1998,50,hld_n_tables_1,24.735,74.73500000000001,70.68,OMN,sex_avg
OMN,1998,65,hld_n_tables_1,13.184999999999999,78.185,70.68,OMN,sex_avg
PAN,1955,0,hld_n_tables_1,59.17,59.17,59.17,PAN,sex_avg
PAN,1955,1,hld_n_tables_1,62.925,63.925,59.17,PAN,sex_avg
PAN,1955,5,hld_n_tables_1,61.56,66.56,59.17,PAN,sex_avg
PAN,1955,15,hld_n_tables_1,52.815,67.815,59.17,PAN,sex_avg
PAN,1955,20,hld_n_tables_1,48.394999999999996,68.395,59.17,PAN,sex_avg
PAN,1955,30,hld_n_tables_1,39.980000000000004,69.98,59.17,PAN,sex_avg
PAN,1955,50,hld_n_tables_1,23.509999999999998,73.51,59.17,PAN,sex_avg
PAN,1955,65,hld_n_tables_1,12.965,77.965,59.17,PAN,sex_avg
PAN,1962,0,hld_n_tables_1,65.85499999999999,65.85499999999999,65.85499999999999,PAN,sex_avg
PAN,1962,1,hld_n_tables_1,68.07,69.07,65.85499999999999,PAN,sex_avg
PAN,1962,5,hld_n_tables_1,66.095,71.095,65.85499999999999,PAN,sex_avg
PAN,1962,15,hld_n_tables_1,56.894999999999996,71.895,65.85499999999999,PAN,sex_avg
PAN,1962,20,hld_n_tables_1,52.33,72.33,65.85499999999999,PAN,sex_avg
PAN,1962,30,hld_n_tables_1,43.415,73.415,65.85499999999999,PAN,sex_avg
PAN,1962,50,hld_n_tables_1,26.15,76.15,65.85499999999999,PAN,sex_avg
PAN,1962,65,hld_n_tables_1,14.995000000000001,79.995,65.85499999999999,PAN,sex_avg
PAN,1965,0,hld_n_tables_1,63.97,63.97,63.97,PAN,sex_avg
PAN,1965,1,hld_n_tables_1,66.43,67.43,63.97,PAN,sex_avg
PAN,1965,5,hld_n_tables_1,64.61,69.61000000000001,63.97,PAN,sex_avg
PAN,1965,15,hld_n_tables_1,55.620000000000005,70.62,63.97,PAN,sex_avg
PAN,1965,20,hld_n_tables_1,51.065,71.065,63.97,PAN,sex_avg
PAN,1965,30,hld_n_tables_1,42.15,72.15,63.97,PAN,sex_avg
PAN,1965,50,hld_n_tables_1,24.96,74.96000000000001,63.97,PAN,sex_avg
PAN,1965,65,hld_n_tables_1,13.675,78.67500000000001,63.97,PAN,sex_avg
PAN,1975,0,hld_n_tables_1,68.53,68.53,68.53,PAN,sex_avg
PAN,1975,1,hld_n_tables_1,70.08500000000001,71.08500000000001,68.53,PAN,sex_avg
PAN,1975,5,hld_n_tables_1,67.315,72.315,68.53,PAN,sex_avg
PAN,1975,15,hld_n_tables_1,57.945,72.94500000000001,68.53,PAN,sex_avg
PAN,1975,20,hld_n_tables_1,53.3,73.3,68.53,PAN,sex_avg
PAN,1975,30,hld_n_tables_1,44.19,74.19,68.53,PAN,sex_avg
PAN,1975,50,hld_n_tables_1,26.4,76.4,68.53,PAN,sex_avg
PAN,1975,65,hld_n_tables_1,14.66,79.66,68.53,PAN,sex_avg
PAN,1985,0,hld_n_tables_1,71.36500000000001,71.36500000000001,71.36500000000001,PAN,sex_avg
PAN,1985,1,hld_n_tables_1,72.52,73.52,71.36500000000001,PAN,sex_avg
PAN,1985,5,hld_n_tables_1,69.14,74.14,71.36500000000001,PAN,sex_avg
PAN,1985,15,hld_n_tables_1,59.56,74.56,71.36500000000001,PAN,sex_avg
PAN,1985,20,hld_n_tables_1,54.855000000000004,74.855,71.36500000000001,PAN,sex_avg
PAN,1985,30,hld_n_tables_1,45.685,75.685,71.36500000000001,PAN,sex_avg
PAN,1985,50,hld_n_tables_1,27.675,77.67500000000001,71.36500000000001,PAN,sex_avg
PAN,1985,65,hld_n_tables_1,15.525,80.525,71.36500000000001,PAN,sex_avg
PAN,1995,0,hld_n_tables_1,73.07,73.07,73.07,PAN,sex_avg
PAN,1995,1,hld_n_tables_1,73.83,74.83,73.07,PAN,sex_avg
PAN,1995,5,hld_n_tables_1,70.32499999999999,75.32499999999999,73.07,PAN,sex_avg
PAN,1995,15,hld_n_tables_1,60.635000000000005,75.63499999999999,73.07,PAN,sex_avg
PAN,1995,20,hld_n_tables_1,55.905,75.905,73.07,PAN,sex_avg
PAN,1995,30,hld_n_tables_1,46.68,76.68,73.07,PAN,sex_avg
PAN,1995,50,hld_n_tables_1,28.575,78.57499999999999,73.07,PAN,sex_avg
PAN,1995,65,hld_n_tables_1,16.125,81.125,73.07,PAN,sex_avg
PAN,2010,0,hld_n_tables_1,76.86,76.86,76.86,PAN,sex_avg
PAN,2010,1,hld_n_tables_1,77.1,78.1,76.86,PAN,sex_avg
PAN,2010,5,hld_n_tables_1,73.465,78.465,76.86,PAN,sex_avg
PAN,2010,15,hld_n_tables_1,63.73,78.72999999999999,76.86,PAN,sex_avg
PAN,2010,20,hld_n_tables_1,59.03,79.03,76.86,PAN,sex_avg
PAN,2010,30,hld_n_tables_1,50.015,80.015,76.86,PAN,sex_avg
PAN,2010,50,hld_n_tables_1,31.939999999999998,81.94,76.86,PAN,sex_avg
PAN,2010,65,hld_n_tables_1,19.66,84.66,76.86,PAN,sex_avg
PER,1940,0,hld_n_tables_1,36.9,36.9,36.9,PER,sex_avg
PER,1940,5,hld_n_tables_1,45.41,50.41,36.9,PER,sex_avg
PER,1940,15,hld_n_tables_1,39.565,54.565,36.9,PER,sex_avg
PER,1940,20,hld_n_tables_1,36.21,56.21,36.9,PER,sex_avg
PER,1940,30,hld_n_tables_1,30.165,60.165000000000006,36.9,PER,sex_avg
PER,1940,50,hld_n_tables_1,17.975,67.975,36.9,PER,sex_avg
PER,1940,65,hld_n_tables_1,9.98,74.97999999999999,36.9,PER,sex_avg
PER,1960,0,hld_n_tables_1,47.605000000000004,47.605000000000004,47.605000000000004,PER,sex_avg
PER,1960,1,hld_n_tables_1,54.425,55.425,47.605000000000004,PER,sex_avg
PER,1960,5,hld_n_tables_1,56.88,61.88,47.605000000000004,PER,sex_avg
PER,1960,15,hld_n_tables_1,48.885000000000005,63.885,47.605000000000004,PER,sex_avg
PER,1960,20,hld_n_tables_1,44.81,64.81,47.605000000000004,PER,sex_avg
PER,1960,30,hld_n_tables_1,37.135,67.13499999999999,47.605000000000004,PER,sex_avg
PER,1960,50,hld_n_tables_1,21.585,71.58500000000001,47.605000000000004,PER,sex_avg
PER,1960,65,hld_n_tables_1,11.309999999999999,76.31,47.605000000000004,PER,sex_avg
PER,1970,0,hld_n_tables_1,53.465,53.465,53.465,PER,sex_avg
PER,1970,1,hld_n_tables_1,59.575,60.575,53.465,PER,sex_avg
PER,1970,5,hld_n_tables_1,60.28,65.28,53.465,PER,sex_avg
PER,1970,15,hld_n_tables_1,51.735,66.735,53.465,PER,sex_avg
PER,1970,20,hld_n_tables_1,47.44,67.44,53.465,PER,sex_avg
PER,1970,30,hld_n_tables_1,39.22,69.22,53.465,PER,sex_avg
PER,1970,50,hld_n_tables_1,22.865000000000002,72.86500000000001,53.465,PER,sex_avg
PER,1970,65,hld_n_tables_1,12.1,77.1,53.465,PER,sex_avg
PER,1980,0,hld_n_tables_1,60.055,60.055,60.055,PER,sex_avg
PER,1980,1,hld_n_tables_1,64.97,65.97,60.055,PER,sex_avg
PER,1980,5,hld_n_tables_1,63.91,68.91,60.055,PER,sex_avg
PER,1980,15,hld_n_tables_1,54.845,69.845,60.055,PER,sex_avg
PER,1980,20,hld_n_tables_1,50.315,70.315,60.055,PER,sex_avg
PER,1980,30,hld_n_tables_1,41.54,71.53999999999999,60.055,PER,sex_avg
PER,1980,50,hld_n_tables_1,24.415,74.41499999999999,60.055,PER,sex_avg
PER,1980,65,hld_n_tables_1,13.19,78.19,60.055,PER,sex_avg
PER,1993,0,hld_n_tables_1,67.745,67.745,67.745,PER,sex_avg
PER,1993,1,hld_n_tables_1,70.64500000000001,71.64500000000001,67.745,PER,sex_avg
PER,1993,5,hld_n_tables_1,67.85499999999999,72.85499999999999,67.745,PER,sex_avg
PER,1993,15,hld_n_tables_1,58.355000000000004,73.355,67.745,PER,sex_avg
PER,1993,20,hld_n_tables_1,53.675,73.675,67.745,PER,sex_avg
PER,1993,30,hld_n_tables_1,44.56,74.56,67.745,PER,sex_avg
PER,1993,50,hld_n_tables_1,26.865000000000002,76.86500000000001,67.745,PER,sex_avg
PER,1993,65,hld_n_tables_1,14.99,79.99,67.745,PER,sex_avg
PER,2000,0,hld_n_tables_1,70.49000000000001,70.49000000000001,70.49000000000001,PER,sex_avg
PER,2000,1,hld_n_tables_1,71.94999999999999,72.94999999999999,70.49000000000001,PER,sex_avg
PER,2000,5,hld_n_tables_1,69.07,74.07,70.49000000000001,PER,sex_avg
PER,2000,15,hld_n_tables_1,59.584999999999994,74.585,70.49000000000001,PER,sex_avg
PER,2000,20,hld_n_tables_1,54.845,74.845,70.49000000000001,PER,sex_avg
PER,2000,30,hld_n_tables_1,45.61,75.61,70.49000000000001,PER,sex_avg
PER,2000,50,hld_n_tables_1,27.83,77.83,70.49000000000001,PER,sex_avg
PER,2000,65,hld_n_tables_1,16.16,81.16,70.49000000000001,PER,sex_avg
PER,2005,0,hld_n_tables_1,73.66499999999999,73.66499999999999,73.66499999999999,PER,sex_avg
PER,2005,1,hld_n_tables_1,74.02,75.02,73.66499999999999,PER,sex_avg
PER,2005,5,hld_n_tables_1,70.4,75.4,73.66499999999999,PER,sex_avg
PER,2005,15,hld_n_tables_1,60.805,75.805,73.66499999999999,PER,sex_avg
PER,2005,20,hld_n_tables_1,56.06,76.06,73.66499999999999,PER,sex_avg
PER,2005,30,hld_n_tables_1,46.835,76.83500000000001,73.66499999999999,PER,sex_avg
PER,2005,50,hld_n_tables_1,28.92,78.92,73.66499999999999,PER,sex_avg
PER,2005,65,hld_n_tables_1,16.82,81.82,73.66499999999999,PER,sex_avg
PER,2007,0,hld_n_tables_1,72.16,72.16,72.16,PER,sex_avg
PER,2007,1,hld_n_tables_1,72.69,73.69,72.16,PER,sex_avg
PER,2007,5,hld_n_tables_1,69.235,74.235,72.16,PER,sex_avg
PER,2007,15,hld_n_tables_1,59.55,74.55,72.16,PER,sex_avg
PER,2007,20,hld_n_tables_1,54.805,74.805,72.16,PER,sex_avg
PER,2007,30,hld_n_tables_1,45.535,75.535,72.16,PER,sex_avg
PER,2007,50,hld_n_tables_1,27.575,77.575,72.16,PER,sex_avg
PER,2007,65,hld_n_tables_1,15.46,80.46000000000001,72.16,PER,sex_avg
PER,2010,0,hld_n_tables_1,73.69,73.69,73.69,PER,sex_avg
PER,2010,1,hld_n_tables_1,74.16,75.16,73.69,PER,sex_avg
PER,2010,5,hld_n_tables_1,70.98,75.98,73.69,PER,sex_avg
PER,2010,15,hld_n_tables_1,61.394999999999996,76.395,73.69,PER,sex_avg
PER,2010,20,hld_n_tables_1,56.62,76.62,73.69,PER,sex_avg
PER,2010,30,hld_n_tables_1,47.265,77.265,73.69,PER,sex_avg
PER,2010,50,hld_n_tables_1,29.215,79.215,73.69,PER,sex_avg
PER,2010,65,hld_n_tables_1,17.235,82.235,73.69,PER,sex_avg
PER,2015,0,hld_n_tables_1,76.42,76.42,76.42,PER,sex_avg
PER,2015,1,hld_n_tables_1,76.4,77.4,76.42,PER,sex_avg
PER,2015,5,hld_n_tables_1,72.66,77.66,76.42,PER,sex_avg
PER,2015,15,hld_n_tables_1,62.94,77.94,76.42,PER,sex_avg
PER,2015,20,hld_n_tables_1,58.18,78.18,76.42,PER,sex_avg
PER,2015,30,hld_n_tables_1,48.894999999999996,78.895,76.42,PER,sex_avg
PER,2015,50,hld_n_tables_1,30.740000000000002,80.74000000000001,76.42,PER,sex_avg
PER,2015,65,hld_n_tables_1,18.305,83.305,76.42,PER,sex_avg
PLW,2000,0,hld_n_tables_1,69.82,69.82,69.82,PLW,sex_avg
PLW,2000,1,hld_n_tables_1,70.92500000000001,71.92500000000001,69.82,PLW,sex_avg
PLW,2000,5,hld_n_tables_1,67.38499999999999,72.38499999999999,69.82,PLW,sex_avg
PLW,2000,15,hld_n_tables_1,57.75,72.75,69.82,PLW,sex_avg
PLW,2000,20,hld_n_tables_1,53.004999999999995,73.005,69.82,PLW,sex_avg
PLW,2000,30,hld_n_tables_1,43.65,73.65,69.82,PLW,sex_avg
PLW,2000,50,hld_n_tables_1,25.509999999999998,75.50999999999999,69.82,PLW,sex_avg
PLW,2000,65,hld_n_tables_1,13.91,78.91,69.82,PLW,sex_avg
PLW,2005,0,hld_n_tables_1,69.09,69.09,69.09,PLW,sex_avg
PLW,2005,1,hld_n_tables_1,70.335,71.335,69.09,PLW,sex_avg
PLW,2005,5,hld_n_tables_1,66.845,71.845,69.09,PLW,sex_avg
PLW,2005,15,hld_n_tables_1,57.24,72.24,69.09,PLW,sex_avg
PLW,2005,20,hld_n_tables_1,52.510000000000005,72.50999999999999,69.09,PLW,sex_avg
PLW,2005,30,hld_n_tables_1,43.2,73.19999999999999,69.09,PLW,sex_avg
PLW,2005,50,hld_n_tables_1,25.165,75.16499999999999,69.09,PLW,sex_avg
PLW,2005,65,hld_n_tables_1,13.635000000000002,78.635,69.09,PLW,sex_avg
POL,1962,0,hld_n_tables_1,67.47,67.47,67.47,POL,sex_avg
POL,1962,1,hld_n_tables_1,70.58,71.58,67.47,POL,sex_avg
POL,1962,5,hld_n_tables_1,67.03999999999999,72.03999999999999,67.47,POL,sex_avg
POL,1962,15,hld_n_tables_1,57.355000000000004,72.35499999999999,67.47,POL,sex_avg
POL,1962,20,hld_n_tables_1,52.584999999999994,72.585,67.47,POL,sex_avg
POL,1962,30,hld_n_tables_1,43.31,73.31,67.47,POL,sex_avg
POL,1962,50,hld_n_tables_1,25.28,75.28,67.47,POL,sex_avg
POL,1962,65,hld_n_tables_1,13.760000000000002,78.76,67.47,POL,sex_avg
PRI,1960,0,hld_n_tables_1,69.335,69.335,69.335,PRI,sex_avg
PRI,1960,1,hld_n_tables_1,71.37,72.37,69.335,PRI,sex_avg
PRI,1960,5,hld_n_tables_1,68.22999999999999,73.22999999999999,69.335,PRI,sex_avg
PRI,1960,15,hld_n_tables_1,58.7,73.7,69.335,PRI,sex_avg
PRI,1960,20,hld_n_tables_1,53.995000000000005,73.995,69.335,PRI,sex_avg
PRI,1960,30,hld_n_tables_1,44.815,74.815,69.335,PRI,sex_avg
PRI,1960,50,hld_n_tables_1,27.240000000000002,77.24,69.335,PRI,sex_avg
PRI,1960,65,hld_n_tables_1,15.815,80.815,69.335,PRI,sex_avg
PRI,1963,0,hld_n_tables_1,69.53999999999999,69.53999999999999,69.53999999999999,PRI,sex_avg
PRI,1963,1,hld_n_tables_1,71.81,72.81,69.53999999999999,PRI,sex_avg
PRI,1963,5,hld_n_tables_1,68.465,73.465,69.53999999999999,PRI,sex_avg
PRI,1963,15,hld_n_tables_1,58.835,73.83500000000001,69.53999999999999,PRI,sex_avg
PRI,1963,20,hld_n_tables_1,54.150000000000006,74.15,69.53999999999999,PRI,sex_avg
PRI,1963,30,hld_n_tables_1,44.870000000000005,74.87,69.53999999999999,PRI,sex_avg
PRI,1963,50,hld_n_tables_1,27.22,77.22,69.53999999999999,PRI,sex_avg
PRI,1963,65,hld_n_tables_1,15.94,80.94,69.53999999999999,PRI,sex_avg
PRI,1964,0,hld_n_tables_1,69.325,69.325,69.325,PRI,sex_avg
PRI,1964,1,hld_n_tables_1,71.985,72.985,69.325,PRI,sex_avg
PRI,1964,5,hld_n_tables_1,68.735,73.735,69.325,PRI,sex_avg
PRI,1964,15,hld_n_tables_1,59.120000000000005,74.12,69.325,PRI,sex_avg
PRI,1964,20,hld_n_tables_1,54.44,74.44,69.325,PRI,sex_avg
PRI,1964,30,hld_n_tables_1,45.17,75.16999999999999,69.325,PRI,sex_avg
PRI,1964,50,hld_n_tables_1,27.445,77.445,69.325,PRI,sex_avg
PRI,1964,65,hld_n_tables_1,15.995000000000001,80.995,69.325,PRI,sex_avg
PRI,1965,0,hld_n_tables_1,70.685,70.685,70.685,PRI,sex_avg
PRI,1965,1,hld_n_tables_1,72.69,73.69,70.685,PRI,sex_avg
PRI,1965,5,hld_n_tables_1,69.215,74.215,70.685,PRI,sex_avg
PRI,1965,15,hld_n_tables_1,59.565,74.565,70.685,PRI,sex_avg
PRI,1965,20,hld_n_tables_1,54.875,74.875,70.685,PRI,sex_avg
PRI,1965,30,hld_n_tables_1,45.605000000000004,75.60499999999999,70.685,PRI,sex_avg
PRI,1965,50,hld_n_tables_1,27.735,77.73500000000001,70.685,PRI,sex_avg
PRI,1965,65,hld_n_tables_1,16.215,81.215,70.685,PRI,sex_avg
PRI,1999,0,hld_n_tables_1,75.325,75.325,75.325,PRI,sex_avg
PRI,1999,1,hld_n_tables_1,75.095,76.095,75.325,PRI,sex_avg
PRI,1999,5,hld_n_tables_1,71.18,76.18,75.325,PRI,sex_avg
PRI,1999,15,hld_n_tables_1,61.305,76.305,75.325,PRI,sex_avg
PRI,1999,20,hld_n_tables_1,56.55,76.55,75.325,PRI,sex_avg
PRI,1999,30,hld_n_tables_1,47.35,77.35000000000001,75.325,PRI,sex_avg
PRI,1999,50,hld_n_tables_1,29.520000000000003,79.52000000000001,75.325,PRI,sex_avg
PRI,1999,65,hld_n_tables_1,17.439999999999998,82.44,75.325,PRI,sex_avg
PRI,2000,0,hld_n_tables_1,75.65,75.65,75.65,PRI,sex_avg
PRI,2000,1,hld_n_tables_1,75.385,76.385,75.65,PRI,sex_avg
PRI,2000,5,hld_n_tables_1,71.475,76.475,75.65,PRI,sex_avg
PRI,2000,15,hld_n_tables_1,61.574999999999996,76.57499999999999,75.65,PRI,sex_avg
PRI,2000,20,hld_n_tables_1,56.815,76.815,75.65,PRI,sex_avg
PRI,2000,30,hld_n_tables_1,47.64,77.64,75.65,PRI,sex_avg
PRI,2000,50,hld_n_tables_1,29.795,79.79499999999999,75.65,PRI,sex_avg
PRI,2000,65,hld_n_tables_1,17.645,82.645,75.65,PRI,sex_avg
PRI,2001,0,hld_n_tables_1,75.925,75.925,75.925,PRI,sex_avg
PRI,2001,1,hld_n_tables_1,75.66499999999999,76.66499999999999,75.925,PRI,sex_avg
PRI,2001,5,hld_n_tables_1,71.745,76.745,75.925,PRI,sex_avg
PRI,2001,15,hld_n_tables_1,61.84,76.84,75.925,PRI,sex_avg
PRI,2001,20,hld_n_tables_1,57.055,77.055,75.925,PRI,sex_avg
PRI,2001,30,hld_n_tables_1,47.885000000000005,77.885,75.925,PRI,sex_avg
PRI,2001,50,hld_n_tables_1,29.955000000000002,79.955,75.925,PRI,sex_avg
PRI,2001,65,hld_n_tables_1,17.814999999999998,82.815,75.925,PRI,sex_avg
PRI,2005,0,hld_n_tables_1,76.78,76.78,76.78,PRI,sex_avg
PRI,2005,1,hld_n_tables_1,76.455,77.455,76.78,PRI,sex_avg
PRI,2005,5,hld_n_tables_1,72.52,77.52,76.78,PRI,sex_avg
PRI,2005,15,hld_n_tables_1,62.6,77.6,76.78,PRI,sex_avg
PRI,2005,20,hld_n_tables_1,57.8,77.8,76.78,PRI,sex_avg
PRI,2005,30,hld_n_tables_1,48.585,78.58500000000001,76.78,PRI,sex_avg
PRI,2005,50,hld_n_tables_1,30.46,80.46000000000001,76.78,PRI,sex_avg
PRI,2005,65,hld_n_tables_1,18.185000000000002,83.185,76.78,PRI,sex_avg
PRI,2006,0,hld_n_tables_1,77.06,77.06,77.06,PRI,sex_avg
PRI,2006,1,hld_n_tables_1,76.725,77.725,77.06,PRI,sex_avg
PRI,2006,5,hld_n_tables_1,72.78999999999999,77.78999999999999,77.06,PRI,sex_avg
PRI,2006,15,hld_n_tables_1,62.87,77.87,77.06,PRI,sex_avg
PRI,2006,20,hld_n_tables_1,58.06999999999999,78.07,77.06,PRI,sex_avg
PRI,2006,30,hld_n_tables_1,48.845,78.845,77.06,PRI,sex_avg
PRI,2006,50,hld_n_tables_1,30.69,80.69,77.06,PRI,sex_avg
PRI,2006,65,hld_n_tables_1,18.36,83.36,77.06,PRI,sex_avg
PRI,2007,0,hld_n_tables_1,77.205,77.205,77.205,PRI,sex_avg
PRI,2007,1,hld_n_tables_1,76.845,77.845,77.205,PRI,sex_avg
PRI,2007,5,hld_n_tables_1,72.905,77.905,77.205,PRI,sex_avg
PRI,2007,15,hld_n_tables_1,62.995000000000005,77.995,77.205,PRI,sex_avg
PRI,2007,20,hld_n_tables_1,58.195,78.19500000000001,77.205,PRI,sex_avg
PRI,2007,30,hld_n_tables_1,48.989999999999995,78.99,77.205,PRI,sex_avg
PRI,2007,50,hld_n_tables_1,30.79,80.79,77.205,PRI,sex_avg
PRI,2007,65,hld_n_tables_1,18.435000000000002,83.435,77.205,PRI,sex_avg
PRI,2008,0,hld_n_tables_1,77.41499999999999,77.41499999999999,77.41499999999999,PRI,sex_avg
PRI,2008,1,hld_n_tables_1,77.03,78.03,77.41499999999999,PRI,sex_avg
PRI,2008,5,hld_n_tables_1,73.09,78.09,77.41499999999999,PRI,sex_avg
PRI,2008,15,hld_n_tables_1,63.165,78.16499999999999,77.41499999999999,PRI,sex_avg
PRI,2008,20,hld_n_tables_1,58.36,78.36,77.41499999999999,PRI,sex_avg
PRI,2008,30,hld_n_tables_1,49.17,79.17,77.41499999999999,PRI,sex_avg
PRI,2008,50,hld_n_tables_1,30.945,80.94500000000001,77.41499999999999,PRI,sex_avg
PRI,2008,65,hld_n_tables_1,18.525,83.525,77.41499999999999,PRI,sex_avg
PRT,1941,0,hld_n_tables_1,49.129999999999995,49.129999999999995,49.129999999999995,PRT,sex_avg
PRT,1941,1,hld_n_tables_1,56.144999999999996,57.144999999999996,49.129999999999995,PRT,sex_avg
PRT,1941,5,hld_n_tables_1,58.400000000000006,63.400000000000006,49.129999999999995,PRT,sex_avg
PRT,1941,15,hld_n_tables_1,50.14,65.14,49.129999999999995,PRT,sex_avg
PRT,1941,20,hld_n_tables_1,46.019999999999996,66.02,49.129999999999995,PRT,sex_avg
PRT,1941,30,hld_n_tables_1,38.099999999999994,68.1,49.129999999999995,PRT,sex_avg
PRT,1941,50,hld_n_tables_1,22.335,72.33500000000001,49.129999999999995,PRT,sex_avg
PRT,1941,65,hld_n_tables_1,11.805,76.80499999999999,49.129999999999995,PRT,sex_avg
PRT,1945,0,hld_n_tables_1,53.370000000000005,53.370000000000005,53.370000000000005,PRT,sex_avg
PRT,1945,1,hld_n_tables_1,59.370000000000005,60.370000000000005,53.370000000000005,PRT,sex_avg
PRT,1945,5,hld_n_tables_1,60.04,65.03999999999999,53.370000000000005,PRT,sex_avg
PRT,1945,15,hld_n_tables_1,51.335,66.335,53.370000000000005,PRT,sex_avg
PRT,1945,20,hld_n_tables_1,47.09,67.09,53.370000000000005,PRT,sex_avg
PRT,1945,30,hld_n_tables_1,39.025000000000006,69.025,53.370000000000005,PRT,sex_avg
PRT,1945,50,hld_n_tables_1,22.995,72.995,53.370000000000005,PRT,sex_avg
PRT,1945,65,hld_n_tables_1,12.245,77.245,53.370000000000005,PRT,sex_avg
PRT,1953,0,hld_n_tables_1,60.95,60.95,60.95,PRT,sex_avg
PRT,1953,1,hld_n_tables_1,66.38,67.38,60.95,PRT,sex_avg
PRT,1953,5,hld_n_tables_1,65.24000000000001,70.24000000000001,60.95,PRT,sex_avg
PRT,1953,15,hld_n_tables_1,55.965,70.965,60.95,PRT,sex_avg
PRT,1953,20,hld_n_tables_1,51.28,71.28,60.95,PRT,sex_avg
PRT,1953,30,hld_n_tables_1,42.19,72.19,60.95,PRT,sex_avg
PRT,1953,50,hld_n_tables_1,24.685000000000002,74.685,60.95,PRT,sex_avg
PRT,1953,65,hld_n_tables_1,13.280000000000001,78.28,60.95,PRT,sex_avg
PRT,1955,0,hld_n_tables_1,61.18,61.18,61.18,PRT,sex_avg
PRT,1955,1,hld_n_tables_1,66.0,67.0,61.18,PRT,sex_avg
PRT,1955,5,hld_n_tables_1,64.685,69.685,61.18,PRT,sex_avg
PRT,1955,15,hld_n_tables_1,55.36,70.36,61.18,PRT,sex_avg
PRT,1955,20,hld_n_tables_1,50.655,70.655,61.18,PRT,sex_avg
PRT,1955,30,hld_n_tables_1,41.465,71.465,61.18,PRT,sex_avg
PRT,1955,50,hld_n_tables_1,23.945,73.945,61.18,PRT,sex_avg
PRT,1955,65,hld_n_tables_1,12.665,77.66499999999999,61.18,PRT,sex_avg
PRT,1956,0,hld_n_tables_1,61.504999999999995,61.504999999999995,61.504999999999995,PRT,sex_avg
PRT,1956,1,hld_n_tables_1,66.755,67.755,61.504999999999995,PRT,sex_avg
PRT,1956,5,hld_n_tables_1,65.345,70.345,61.504999999999995,PRT,sex_avg
PRT,1956,15,hld_n_tables_1,56.010000000000005,71.01,61.504999999999995,PRT,sex_avg
PRT,1956,20,hld_n_tables_1,51.285,71.285,61.504999999999995,PRT,sex_avg
PRT,1956,30,hld_n_tables_1,42.09,72.09,61.504999999999995,PRT,sex_avg
PRT,1956,50,hld_n_tables_1,24.525,74.525,61.504999999999995,PRT,sex_avg
PRT,1956,65,hld_n_tables_1,13.125,78.125,61.504999999999995,PRT,sex_avg
PRT,1959,0,hld_n_tables_1,62.885,62.885,62.885,PRT,sex_avg
PRT,1959,1,hld_n_tables_1,68.155,69.155,62.885,PRT,sex_avg
PRT,1959,5,hld_n_tables_1,66.485,71.485,62.885,PRT,sex_avg
PRT,1959,15,hld_n_tables_1,57.075,72.075,62.885,PRT,sex_avg
PRT,1959,20,hld_n_tables_1,52.33,72.33,62.885,PRT,sex_avg
PRT,1959,30,hld_n_tables_1,43.035,73.035,62.885,PRT,sex_avg
PRT,1959,50,hld_n_tables_1,25.195,75.195,62.885,PRT,sex_avg
PRT,1959,65,hld_n_tables_1,13.555,78.555,62.885,PRT,sex_avg
PRT,1960,0,hld_n_tables_1,63.17,63.17,63.17,PRT,sex_avg
PRT,1960,1,hld_n_tables_1,67.845,68.845,63.17,PRT,sex_avg
PRT,1960,5,hld_n_tables_1,66.065,71.065,63.17,PRT,sex_avg
PRT,1960,15,hld_n_tables_1,56.635000000000005,71.635,63.17,PRT,sex_avg
PRT,1960,20,hld_n_tables_1,51.885,71.88499999999999,63.17,PRT,sex_avg
PRT,1960,30,hld_n_tables_1,42.56,72.56,63.17,PRT,sex_avg
PRT,1960,50,hld_n_tables_1,24.665,74.66499999999999,63.17,PRT,sex_avg
PRT,1960,65,hld_n_tables_1,12.945,77.945,63.17,PRT,sex_avg
PRT,1963,0,hld_n_tables_1,64.615,64.615,64.615,PRT,sex_avg
PRT,1963,1,hld_n_tables_1,68.89500000000001,69.89500000000001,64.615,PRT,sex_avg
PRT,1963,5,hld_n_tables_1,66.68,71.68,64.615,PRT,sex_avg
PRT,1963,15,hld_n_tables_1,57.25,72.25,64.615,PRT,sex_avg
PRT,1963,20,hld_n_tables_1,52.51,72.51,64.615,PRT,sex_avg
PRT,1963,30,hld_n_tables_1,43.11,73.11,64.615,PRT,sex_avg
PRT,1963,50,hld_n_tables_1,25.12,75.12,64.615,PRT,sex_avg
PRT,1963,65,hld_n_tables_1,13.48,78.48,64.615,PRT,sex_avg
PRT,1964,0,hld_n_tables_1,64.92,64.92,64.92,PRT,sex_avg
PRT,1964,1,hld_n_tables_1,68.99,69.99,64.92,PRT,sex_avg
PRT,1964,5,hld_n_tables_1,66.745,71.745,64.92,PRT,sex_avg
PRT,1964,15,hld_n_tables_1,57.32,72.32,64.92,PRT,sex_avg
PRT,1964,20,hld_n_tables_1,52.61,72.61,64.92,PRT,sex_avg
PRT,1964,30,hld_n_tables_1,43.215,73.215,64.92,PRT,sex_avg
PRT,1964,50,hld_n_tables_1,25.28,75.28,64.92,PRT,sex_avg
PRT,1964,65,hld_n_tables_1,13.705,78.705,64.92,PRT,sex_avg
PRT,1970,0,hld_n_tables_1,67.10499999999999,67.10499999999999,67.10499999999999,PRT,sex_avg
PRT,1970,1,hld_n_tables_1,69.88499999999999,70.88499999999999,67.10499999999999,PRT,sex_avg
PRT,1970,5,hld_n_tables_1,66.725,71.725,67.10499999999999,PRT,sex_avg
PRT,1970,15,hld_n_tables_1,57.17,72.16999999999999,67.10499999999999,PRT,sex_avg
PRT,1970,20,hld_n_tables_1,52.41,72.41,67.10499999999999,PRT,sex_avg
PRT,1970,30,hld_n_tables_1,42.965,72.965,67.10499999999999,PRT,sex_avg
PRT,1970,50,hld_n_tables_1,24.93,74.93,67.10499999999999,PRT,sex_avg
PRT,1970,65,hld_n_tables_1,13.135,78.13499999999999,67.10499999999999,PRT,sex_avg
PRT,1971,0,hld_n_tables_1,67.05000000000001,67.05000000000001,67.05000000000001,PRT,sex_avg
PRT,1971,1,hld_n_tables_1,69.68,70.68,67.05000000000001,PRT,sex_avg
PRT,1971,5,hld_n_tables_1,66.46,71.46000000000001,67.05000000000001,PRT,sex_avg
PRT,1971,15,hld_n_tables_1,56.925,71.925,67.05000000000001,PRT,sex_avg
PRT,1971,20,hld_n_tables_1,52.17,72.17,67.05000000000001,PRT,sex_avg
PRT,1971,30,hld_n_tables_1,42.74,72.74,67.05000000000001,PRT,sex_avg
PRT,1971,50,hld_n_tables_1,24.79,74.78999999999999,67.05000000000001,PRT,sex_avg
PRT,1971,65,hld_n_tables_1,13.08,78.08000000000001,67.05000000000001,PRT,sex_avg
PRT,1972,0,hld_n_tables_1,68.58,68.58,68.58,PRT,sex_avg
PRT,1972,1,hld_n_tables_1,70.50999999999999,71.50999999999999,68.58,PRT,sex_avg
PRT,1972,5,hld_n_tables_1,67.16999999999999,72.16999999999999,68.58,PRT,sex_avg
PRT,1972,15,hld_n_tables_1,57.565,72.565,68.58,PRT,sex_avg
PRT,1972,20,hld_n_tables_1,52.805,72.805,68.58,PRT,sex_avg
PRT,1972,30,hld_n_tables_1,43.32,73.32,68.58,PRT,sex_avg
PRT,1972,50,hld_n_tables_1,25.189999999999998,75.19,68.58,PRT,sex_avg
PRT,1972,65,hld_n_tables_1,13.355,78.355,68.58,PRT,sex_avg
PRT,1973,0,hld_n_tables_1,68.06,68.06,68.06,PRT,sex_avg
PRT,1973,1,hld_n_tables_1,70.22999999999999,71.22999999999999,68.06,PRT,sex_avg
PRT,1973,5,hld_n_tables_1,66.95500000000001,71.95500000000001,68.06,PRT,sex_avg
PRT,1973,15,hld_n_tables_1,57.385000000000005,72.38499999999999,68.06,PRT,sex_avg
PRT,1973,20,hld_n_tables_1,52.644999999999996,72.645,68.06,PRT,sex_avg
PRT,1973,30,hld_n_tables_1,43.175,73.17500000000001,68.06,PRT,sex_avg
PRT,1973,50,hld_n_tables_1,25.134999999999998,75.13499999999999,68.06,PRT,sex_avg
PRT,1973,65,hld_n_tables_1,13.315000000000001,78.315,68.06,PRT,sex_avg
PRT,1974,0,hld_n_tables_1,68.67500000000001,68.67500000000001,68.67500000000001,PRT,sex_avg
PRT,1974,1,hld_n_tables_1,70.35,71.35,68.67500000000001,PRT,sex_avg
PRT,1974,5,hld_n_tables_1,66.91,71.91,68.67500000000001,PRT,sex_avg
PRT,1974,15,hld_n_tables_1,57.29,72.28999999999999,68.67500000000001,PRT,sex_avg
PRT,1974,20,hld_n_tables_1,52.55,72.55,68.67500000000001,PRT,sex_avg
PRT,1974,30,hld_n_tables_1,43.12,73.12,68.67500000000001,PRT,sex_avg
PRT,1974,50,hld_n_tables_1,25.085,75.08500000000001,68.67500000000001,PRT,sex_avg
PRT,1974,65,hld_n_tables_1,13.295,78.295,68.67500000000001,PRT,sex_avg
PRT,1975,0,hld_n_tables_1,68.39500000000001,68.39500000000001,68.39500000000001,PRT,sex_avg
PRT,1975,1,hld_n_tables_1,70.13499999999999,71.13499999999999,68.39500000000001,PRT,sex_avg
PRT,1975,5,hld_n_tables_1,66.66,71.66,68.39500000000001,PRT,sex_avg
PRT,1975,15,hld_n_tables_1,57.02,72.02000000000001,68.39500000000001,PRT,sex_avg
PRT,1975,20,hld_n_tables_1,52.3,72.30000000000001,68.39500000000001,PRT,sex_avg
PRT,1975,30,hld_n_tables_1,42.945,72.945,68.39500000000001,PRT,sex_avg
PRT,1975,50,hld_n_tables_1,25.0,75.0,68.39500000000001,PRT,sex_avg
PRT,1975,65,hld_n_tables_1,13.3,78.3,68.39500000000001,PRT,sex_avg
PRT,1979,0,hld_n_tables_1,71.025,71.025,71.025,PRT,sex_avg
PRT,1979,1,hld_n_tables_1,71.64,72.64,71.025,PRT,sex_avg
PRT,1979,5,hld_n_tables_1,67.98,72.98,71.025,PRT,sex_avg
PRT,1979,15,hld_n_tables_1,58.3,73.3,71.025,PRT,sex_avg
PRT,1979,20,hld_n_tables_1,53.61,73.61,71.025,PRT,sex_avg
PRT,1979,30,hld_n_tables_1,44.235,74.235,71.025,PRT,sex_avg
PRT,1979,50,hld_n_tables_1,25.939999999999998,75.94,71.025,PRT,sex_avg
PRT,1979,65,hld_n_tables_1,13.795,78.795,71.025,PRT,sex_avg
PRY,1950,0,hld_n_tables_1,62.405,62.405,62.405,PRY,sex_avg
PRY,1950,1,hld_n_tables_1,66.445,67.445,62.405,PRY,sex_avg
PRY,1950,5,hld_n_tables_1,64.575,69.575,62.405,PRY,sex_avg
PRY,1950,15,hld_n_tables_1,55.504999999999995,70.505,62.405,PRY,sex_avg
PRY,1950,20,hld_n_tables_1,50.955,70.955,62.405,PRY,sex_avg
PRY,1950,30,hld_n_tables_1,41.925,71.925,62.405,PRY,sex_avg
PRY,1950,50,hld_n_tables_1,24.450000000000003,74.45,62.405,PRY,sex_avg
PRY,1950,65,hld_n_tables_1,13.39,78.39,62.405,PRY,sex_avg
PRY,1960,0,hld_n_tables_1,63.870000000000005,63.870000000000005,63.870000000000005,PRY,sex_avg
PRY,1960,1,hld_n_tables_1,67.35,68.35,63.870000000000005,PRY,sex_avg
PRY,1960,5,hld_n_tables_1,65.19,70.19,63.870000000000005,PRY,sex_avg
PRY,1960,15,hld_n_tables_1,56.015,71.015,63.870000000000005,PRY,sex_avg
PRY,1960,20,hld_n_tables_1,51.415,71.41499999999999,63.870000000000005,PRY,sex_avg
PRY,1960,30,hld_n_tables_1,42.305,72.305,63.870000000000005,PRY,sex_avg
PRY,1960,50,hld_n_tables_1,24.68,74.68,63.870000000000005,PRY,sex_avg
PRY,1960,65,hld_n_tables_1,13.515,78.515,63.870000000000005,PRY,sex_avg
PRY,1970,0,hld_n_tables_1,65.58,65.58,65.58,PRY,sex_avg
PRY,1970,1,hld_n_tables_1,68.425,69.425,65.58,PRY,sex_avg
PRY,1970,5,hld_n_tables_1,65.905,70.905,65.58,PRY,sex_avg
PRY,1970,15,hld_n_tables_1,56.595,71.595,65.58,PRY,sex_avg
PRY,1970,20,hld_n_tables_1,51.96,71.96000000000001,65.58,PRY,sex_avg
PRY,1970,30,hld_n_tables_1,42.785,72.785,65.58,PRY,sex_avg
PRY,1970,50,hld_n_tables_1,25.005000000000003,75.005,65.58,PRY,sex_avg
PRY,1970,65,hld_n_tables_1,13.735,78.735,65.58,PRY,sex_avg
PRY,1980,0,hld_n_tables_1,66.86500000000001,66.86500000000001,66.86500000000001,PRY,sex_avg
PRY,1980,1,hld_n_tables_1,69.35,70.35,66.86500000000001,PRY,sex_avg
PRY,1980,5,hld_n_tables_1,66.535,71.535,66.86500000000001,PRY,sex_avg
PRY,1980,15,hld_n_tables_1,57.14,72.14,66.86500000000001,PRY,sex_avg
PRY,1980,20,hld_n_tables_1,52.504999999999995,72.505,66.86500000000001,PRY,sex_avg
PRY,1980,30,hld_n_tables_1,43.41,73.41,66.86500000000001,PRY,sex_avg
PRY,1980,50,hld_n_tables_1,25.685000000000002,75.685,66.86500000000001,PRY,sex_avg
PRY,1980,65,hld_n_tables_1,14.33,79.33,66.86500000000001,PRY,sex_avg
PRY,1990,0,hld_n_tables_1,68.125,68.125,68.125,PRY,sex_avg
PRY,1990,1,hld_n_tables_1,70.28999999999999,71.28999999999999,68.125,PRY,sex_avg
PRY,1990,5,hld_n_tables_1,67.22999999999999,72.22999999999999,68.125,PRY,sex_avg
PRY,1990,15,hld_n_tables_1,57.754999999999995,72.755,68.125,PRY,sex_avg
PRY,1990,20,hld_n_tables_1,53.135000000000005,73.135,68.125,PRY,sex_avg
PRY,1990,30,hld_n_tables_1,44.144999999999996,74.145,68.125,PRY,sex_avg
PRY,1990,50,hld_n_tables_1,26.5,76.5,68.125,PRY,sex_avg
PRY,1990,65,hld_n_tables_1,15.105,80.105,68.125,PRY,sex_avg
PRY,2000,0,hld_n_tables_1,70.15,70.15,70.15,PRY,sex_avg
PRY,2000,1,hld_n_tables_1,71.845,72.845,70.15,PRY,sex_avg
PRY,2000,5,hld_n_tables_1,68.45,73.45,70.15,PRY,sex_avg
PRY,2000,15,hld_n_tables_1,58.88,73.88,70.15,PRY,sex_avg
PRY,2000,20,hld_n_tables_1,54.265,74.265,70.15,PRY,sex_avg
PRY,2000,30,hld_n_tables_1,45.370000000000005,75.37,70.15,PRY,sex_avg
PRY,2000,50,hld_n_tables_1,27.795,77.795,70.15,PRY,sex_avg
PRY,2000,65,hld_n_tables_1,16.315,81.315,70.15,PRY,sex_avg
PRY,2010,0,hld_n_tables_1,72.325,72.325,72.325,PRY,sex_avg
PRY,2010,1,hld_n_tables_1,73.575,74.575,72.325,PRY,sex_avg
PRY,2010,5,hld_n_tables_1,70.035,75.035,72.325,PRY,sex_avg
PRY,2010,15,hld_n_tables_1,60.394999999999996,75.39500000000001,72.325,PRY,sex_avg
PRY,2010,20,hld_n_tables_1,55.724999999999994,75.725,72.325,PRY,sex_avg
PRY,2010,30,hld_n_tables_1,46.715,76.715,72.325,PRY,sex_avg
PRY,2010,50,hld_n_tables_1,28.939999999999998,78.94,72.325,PRY,sex_avg
PRY,2010,65,hld_n_tables_1,17.225,82.225,72.325,PRY,sex_avg
QAT,1998,0,hld_n_tables_1,69.59,69.59,69.59,QAT,sex_avg
QAT,1998,1,hld_n_tables_1,69.53999999999999,70.53999999999999,69.59,QAT,sex_avg
QAT,1998,5,hld_n_tables_1,65.725,70.725,69.59,QAT,sex_avg
QAT,1998,15,hld_n_tables_1,55.93,70.93,69.59,QAT,sex_avg
QAT,1998,20,hld_n_tables_1,51.06999999999999,71.07,69.59,QAT,sex_avg
QAT,1998,30,hld_n_tables_1,41.445,71.445,69.59,QAT,sex_avg
QAT,1998,50,hld_n_tables_1,22.855,72.85499999999999,69.59,QAT,sex_avg
QAT,1998,65,hld_n_tables_1,11.75,76.75,69.59,QAT,sex_avg
REU,1961,0,hld_n_tables_1,56.004999999999995,56.004999999999995,56.004999999999995,REU,sex_avg
REU,1961,1,hld_n_tables_1,62.3,63.3,56.004999999999995,REU,sex_avg
REU,1961,5,hld_n_tables_1,60.94499999999999,65.945,56.004999999999995,REU,sex_avg
REU,1961,15,hld_n_tables_1,51.485,66.485,56.004999999999995,REU,sex_avg
REU,1961,20,hld_n_tables_1,46.845,66.845,56.004999999999995,REU,sex_avg
REU,1961,30,hld_n_tables_1,38.035,68.035,56.004999999999995,REU,sex_avg
REU,1961,50,hld_n_tables_1,22.005000000000003,72.005,56.004999999999995,REU,sex_avg
REU,1961,65,hld_n_tables_1,12.545,77.545,56.004999999999995,REU,sex_avg
ROU,1959,0,hld_n_tables_1,64.99,64.99,64.99,ROU,sex_avg
ROU,1959,1,hld_n_tables_1,69.005,70.005,64.99,ROU,sex_avg
ROU,1959,5,hld_n_tables_1,66.025,71.025,64.99,ROU,sex_avg
ROU,1959,15,hld_n_tables_1,56.5,71.5,64.99,ROU,sex_avg
ROU,1959,20,hld_n_tables_1,51.754999999999995,71.755,64.99,ROU,sex_avg
ROU,1959,30,hld_n_tables_1,42.435,72.435,64.99,ROU,sex_avg
ROU,1959,50,hld_n_tables_1,24.41,74.41,64.99,ROU,sex_avg
ROU,1959,65,hld_n_tables_1,13.05,78.05,64.99,ROU,sex_avg
ROU,1961,0,hld_n_tables_1,65.81,65.81,65.81,ROU,sex_avg
ROU,1961,5,hld_n_tables_1,66.38499999999999,71.38499999999999,65.81,ROU,sex_avg
ROU,1961,15,hld_n_tables_1,56.835,71.83500000000001,65.81,ROU,sex_avg
ROU,1961,20,hld_n_tables_1,52.08,72.08,65.81,ROU,sex_avg
ROU,1961,30,hld_n_tables_1,42.7,72.7,65.81,ROU,sex_avg
ROU,1961,50,hld_n_tables_1,24.619999999999997,74.62,65.81,ROU,sex_avg
ROU,1961,65,hld_n_tables_1,13.184999999999999,78.185,65.81,ROU,sex_avg
ROU,1964,0,hld_n_tables_1,68.44,68.44,68.44,ROU,sex_avg
ROU,1964,1,hld_n_tables_1,70.83500000000001,71.83500000000001,68.44,ROU,sex_avg
ROU,1964,5,hld_n_tables_1,67.515,72.515,68.44,ROU,sex_avg
ROU,1964,15,hld_n_tables_1,57.875,72.875,68.44,ROU,sex_avg
ROU,1964,20,hld_n_tables_1,53.12,73.11999999999999,68.44,ROU,sex_avg
ROU,1964,30,hld_n_tables_1,43.705,73.70500000000001,68.44,ROU,sex_avg
ROU,1964,50,hld_n_tables_1,25.525,75.525,68.44,ROU,sex_avg
ROU,1964,65,hld_n_tables_1,13.8,78.8,68.44,ROU,sex_avg
ROU,1965,0,hld_n_tables_1,68.43,68.43,68.43,ROU,sex_avg
ROU,1965,1,hld_n_tables_1,70.495,71.495,68.43,ROU,sex_avg
ROU,1965,5,hld_n_tables_1,67.07,72.07,68.43,ROU,sex_avg
ROU,1965,15,hld_n_tables_1,57.435,72.435,68.43,ROU,sex_avg
ROU,1965,20,hld_n_tables_1,52.685,72.685,68.43,ROU,sex_avg
ROU,1965,30,hld_n_tables_1,43.27,73.27000000000001,68.43,ROU,sex_avg
ROU,1965,50,hld_n_tables_1,25.045,75.045,68.43,ROU,sex_avg
ROU,1965,65,hld_n_tables_1,13.36,78.36,68.43,ROU,sex_avg
ROU,1967,0,hld_n_tables_1,68.47,68.47,68.47,ROU,sex_avg
ROU,1967,5,hld_n_tables_1,67.265,72.265,68.47,ROU,sex_avg
ROU,1967,15,hld_n_tables_1,57.625,72.625,68.47,ROU,sex_avg
ROU,1967,20,hld_n_tables_1,52.870000000000005,72.87,68.47,ROU,sex_avg
ROU,1967,30,hld_n_tables_1,43.455,73.45500000000001,68.47,ROU,sex_avg
ROU,1967,50,hld_n_tables_1,25.240000000000002,75.24000000000001,68.47,ROU,sex_avg
ROU,1967,65,hld_n_tables_1,13.420000000000002,78.42,68.47,ROU,sex_avg
ROU,1973,0,hld_n_tables_1,68.56,68.56,68.56,ROU,sex_avg
ROU,1973,5,hld_n_tables_1,66.89,71.89,68.56,ROU,sex_avg
ROU,1973,15,hld_n_tables_1,57.245000000000005,72.245,68.56,ROU,sex_avg
ROU,1973,20,hld_n_tables_1,52.480000000000004,72.47999999999999,68.56,ROU,sex_avg
ROU,1973,30,hld_n_tables_1,43.065,73.065,68.56,ROU,sex_avg
ROU,1973,50,hld_n_tables_1,24.895000000000003,74.895,68.56,ROU,sex_avg
ROU,1973,65,hld_n_tables_1,13.205,78.205,68.56,ROU,sex_avg
ROU,1974,0,hld_n_tables_1,69.09,69.09,69.09,ROU,sex_avg
ROU,1974,5,hld_n_tables_1,67.27,72.27,69.09,ROU,sex_avg
ROU,1974,15,hld_n_tables_1,57.625,72.625,69.09,ROU,sex_avg
ROU,1974,20,hld_n_tables_1,52.849999999999994,72.85,69.09,ROU,sex_avg
ROU,1974,30,hld_n_tables_1,43.41,73.41,69.09,ROU,sex_avg
ROU,1974,50,hld_n_tables_1,25.21,75.21000000000001,69.09,ROU,sex_avg
ROU,1974,65,hld_n_tables_1,13.47,78.47,69.09,ROU,sex_avg
ROU,1975,0,hld_n_tables_1,69.57499999999999,69.57499999999999,69.57499999999999,ROU,sex_avg
ROU,1975,5,hld_n_tables_1,67.67,72.67,69.57499999999999,ROU,sex_avg
ROU,1975,15,hld_n_tables_1,58.02,73.02000000000001,69.57499999999999,ROU,sex_avg
ROU,1975,20,hld_n_tables_1,53.245000000000005,73.245,69.57499999999999,ROU,sex_avg
ROU,1975,30,hld_n_tables_1,43.79,73.78999999999999,69.57499999999999,ROU,sex_avg
ROU,1975,50,hld_n_tables_1,25.585,75.585,69.57499999999999,ROU,sex_avg
ROU,1975,65,hld_n_tables_1,13.8,78.80000000000001,69.57499999999999,ROU,sex_avg
ROU,1980,0,hld_n_tables_1,69.38499999999999,69.38499999999999,69.38499999999999,ROU,sex_avg
ROU,1980,5,hld_n_tables_1,66.995,71.995,69.38499999999999,ROU,sex_avg
ROU,1980,15,hld_n_tables_1,57.33,72.33,69.38499999999999,ROU,sex_avg
ROU,1980,20,hld_n_tables_1,52.545,72.545,69.38499999999999,ROU,sex_avg
ROU,1980,30,hld_n_tables_1,43.115,73.11500000000001,69.38499999999999,ROU,sex_avg
ROU,1980,50,hld_n_tables_1,25.11,75.11,69.38499999999999,ROU,sex_avg
ROU,1980,65,hld_n_tables_1,13.61,78.61,69.38499999999999,ROU,sex_avg
ROU,1981,0,hld_n_tables_1,69.325,69.325,69.325,ROU,sex_avg
ROU,1981,5,hld_n_tables_1,66.84,71.84,69.325,ROU,sex_avg
ROU,1981,15,hld_n_tables_1,57.2,72.19999999999999,69.325,ROU,sex_avg
ROU,1981,20,hld_n_tables_1,52.41,72.41,69.325,ROU,sex_avg
ROU,1981,30,hld_n_tables_1,42.980000000000004,72.98,69.325,ROU,sex_avg
ROU,1981,50,hld_n_tables_1,25.03,75.03,69.325,ROU,sex_avg
ROU,1981,65,hld_n_tables_1,13.555,78.555,69.325,ROU,sex_avg
ROU,1982,0,hld_n_tables_1,69.55000000000001,69.55000000000001,69.55000000000001,ROU,sex_avg
ROU,1982,5,hld_n_tables_1,67.035,72.035,69.55000000000001,ROU,sex_avg
ROU,1982,15,hld_n_tables_1,57.4,72.4,69.55000000000001,ROU,sex_avg
ROU,1982,20,hld_n_tables_1,52.615,72.615,69.55000000000001,ROU,sex_avg
ROU,1982,30,hld_n_tables_1,43.195,73.19500000000001,69.55000000000001,ROU,sex_avg
ROU,1982,50,hld_n_tables_1,25.235,75.235,69.55000000000001,ROU,sex_avg
ROU,1982,65,hld_n_tables_1,13.745000000000001,78.745,69.55000000000001,ROU,sex_avg
ROU,1983,0,hld_n_tables_1,69.69,69.69,69.69,ROU,sex_avg
ROU,1983,5,hld_n_tables_1,67.095,72.095,69.69,ROU,sex_avg
ROU,1983,15,hld_n_tables_1,57.47,72.47,69.69,ROU,sex_avg
ROU,1983,20,hld_n_tables_1,52.685,72.685,69.69,ROU,sex_avg
ROU,1983,30,hld_n_tables_1,43.275,73.275,69.69,ROU,sex_avg
ROU,1983,50,hld_n_tables_1,25.305,75.305,69.69,ROU,sex_avg
ROU,1983,65,hld_n_tables_1,13.835,78.83500000000001,69.69,ROU,sex_avg
ROU,1984,0,hld_n_tables_1,69.83000000000001,69.83000000000001,69.83000000000001,ROU,sex_avg
ROU,1984,5,hld_n_tables_1,67.0,72.0,69.83000000000001,ROU,sex_avg
ROU,1984,15,hld_n_tables_1,57.370000000000005,72.37,69.83000000000001,ROU,sex_avg
ROU,1984,20,hld_n_tables_1,52.575,72.575,69.83000000000001,ROU,sex_avg
ROU,1984,30,hld_n_tables_1,43.14,73.14,69.83000000000001,ROU,sex_avg
ROU,1984,50,hld_n_tables_1,25.205,75.205,69.83000000000001,ROU,sex_avg
ROU,1984,65,hld_n_tables_1,13.780000000000001,78.78,69.83000000000001,ROU,sex_avg
ROU,1985,0,hld_n_tables_1,69.74,69.74,69.74,ROU,sex_avg
ROU,1985,5,hld_n_tables_1,66.89,71.89,69.74,ROU,sex_avg
ROU,1985,15,hld_n_tables_1,57.254999999999995,72.255,69.74,ROU,sex_avg
ROU,1985,20,hld_n_tables_1,52.44,72.44,69.74,ROU,sex_avg
ROU,1985,30,hld_n_tables_1,42.989999999999995,72.99,69.74,ROU,sex_avg
ROU,1985,50,hld_n_tables_1,25.1,75.1,69.74,ROU,sex_avg
ROU,1985,65,hld_n_tables_1,13.725000000000001,78.725,69.74,ROU,sex_avg
ROU,2000,0,hld_n_tables_1,70.555,70.555,70.555,ROU,sex_avg
ROU,2000,5,hld_n_tables_1,67.14500000000001,72.14500000000001,70.555,ROU,sex_avg
ROU,2000,15,hld_n_tables_1,57.510000000000005,72.51,70.555,ROU,sex_avg
ROU,2000,20,hld_n_tables_1,52.68,72.68,70.555,ROU,sex_avg
ROU,2000,30,hld_n_tables_1,43.09,73.09,70.555,ROU,sex_avg
ROU,2000,50,hld_n_tables_1,25.314999999999998,75.315,70.555,ROU,sex_avg
ROU,2000,65,hld_n_tables_1,14.184999999999999,79.185,70.555,ROU,sex_avg
ROU,2001,0,hld_n_tables_1,71.12,71.12,71.12,ROU,sex_avg
ROU,2001,5,hld_n_tables_1,67.64500000000001,72.64500000000001,71.12,ROU,sex_avg
ROU,2001,15,hld_n_tables_1,57.965,72.965,71.12,ROU,sex_avg
ROU,2001,20,hld_n_tables_1,53.129999999999995,73.13,71.12,ROU,sex_avg
ROU,2001,30,hld_n_tables_1,43.525,73.525,71.12,ROU,sex_avg
ROU,2001,50,hld_n_tables_1,25.675,75.67500000000001,71.12,ROU,sex_avg
ROU,2001,65,hld_n_tables_1,14.495000000000001,79.495,71.12,ROU,sex_avg
ROU,2002,0,hld_n_tables_1,71.10499999999999,71.10499999999999,71.10499999999999,ROU,sex_avg
ROU,2002,5,hld_n_tables_1,67.615,72.615,71.10499999999999,ROU,sex_avg
ROU,2002,15,hld_n_tables_1,57.91,72.91,71.10499999999999,ROU,sex_avg
ROU,2002,20,hld_n_tables_1,53.065,73.065,71.10499999999999,ROU,sex_avg
ROU,2002,30,hld_n_tables_1,43.435,73.435,71.10499999999999,ROU,sex_avg
ROU,2002,50,hld_n_tables_1,25.57,75.57,71.10499999999999,ROU,sex_avg
ROU,2002,65,hld_n_tables_1,14.46,79.46000000000001,71.10499999999999,ROU,sex_avg
ROU,2003,0,hld_n_tables_1,70.995,70.995,70.995,ROU,sex_avg
ROU,2003,5,hld_n_tables_1,67.45,72.44999999999999,70.995,ROU,sex_avg
ROU,2003,15,hld_n_tables_1,57.72,72.72,70.995,ROU,sex_avg
ROU,2003,20,hld_n_tables_1,52.86,72.86,70.995,ROU,sex_avg
ROU,2003,30,hld_n_tables_1,43.24,73.24,70.995,ROU,sex_avg
ROU,2003,50,hld_n_tables_1,25.39,75.39,70.995,ROU,sex_avg
ROU,2003,65,hld_n_tables_1,14.3,79.3,70.995,ROU,sex_avg
ROU,2004,0,hld_n_tables_1,71.31,71.31,71.31,ROU,sex_avg
ROU,2004,5,hld_n_tables_1,67.70500000000001,72.70500000000001,71.31,ROU,sex_avg
ROU,2004,15,hld_n_tables_1,57.945,72.945,71.31,ROU,sex_avg
ROU,2004,20,hld_n_tables_1,53.08,73.08,71.31,ROU,sex_avg
ROU,2004,30,hld_n_tables_1,43.45,73.44999999999999,71.31,ROU,sex_avg
ROU,2004,50,hld_n_tables_1,25.555,75.555,71.31,ROU,sex_avg
ROU,2004,65,hld_n_tables_1,14.399999999999999,79.4,71.31,ROU,sex_avg
ROU,2005,0,hld_n_tables_1,71.72999999999999,71.72999999999999,71.72999999999999,ROU,sex_avg
ROU,2005,5,hld_n_tables_1,68.08,73.08,71.72999999999999,ROU,sex_avg
ROU,2005,15,hld_n_tables_1,58.29,73.28999999999999,71.72999999999999,ROU,sex_avg
ROU,2005,20,hld_n_tables_1,53.455,73.455,71.72999999999999,ROU,sex_avg
ROU,2005,30,hld_n_tables_1,43.79,73.79,71.72999999999999,ROU,sex_avg
ROU,2005,50,hld_n_tables_1,25.805,75.805,71.72999999999999,ROU,sex_avg
ROU,2005,65,hld_n_tables_1,14.55,79.55,71.72999999999999,ROU,sex_avg
ROU,2006,0,hld_n_tables_1,72.155,72.155,72.155,ROU,sex_avg
ROU,2006,5,hld_n_tables_1,68.44,73.44,72.155,ROU,sex_avg
ROU,2006,15,hld_n_tables_1,58.64,73.64,72.155,ROU,sex_avg
ROU,2006,20,hld_n_tables_1,53.8,73.8,72.155,ROU,sex_avg
ROU,2006,30,hld_n_tables_1,44.120000000000005,74.12,72.155,ROU,sex_avg
ROU,2006,50,hld_n_tables_1,26.03,76.03,72.155,ROU,sex_avg
ROU,2006,65,hld_n_tables_1,14.7,79.7,72.155,ROU,sex_avg
ROU,2007,0,hld_n_tables_1,72.52000000000001,72.52000000000001,72.52000000000001,ROU,sex_avg
ROU,2007,5,hld_n_tables_1,68.715,73.715,72.52000000000001,ROU,sex_avg
ROU,2007,15,hld_n_tables_1,58.91,73.91,72.52000000000001,ROU,sex_avg
ROU,2007,20,hld_n_tables_1,54.06,74.06,72.52000000000001,ROU,sex_avg
ROU,2007,30,hld_n_tables_1,44.39,74.39,72.52000000000001,ROU,sex_avg
ROU,2007,50,hld_n_tables_1,26.205,76.205,72.52000000000001,ROU,sex_avg
ROU,2007,65,hld_n_tables_1,14.855,79.855,72.52000000000001,ROU,sex_avg
ROU,2008,0,hld_n_tables_1,73.39500000000001,73.39500000000001,73.39500000000001,ROU,sex_avg
ROU,2008,5,hld_n_tables_1,69.4,74.4,73.39500000000001,ROU,sex_avg
ROU,2008,15,hld_n_tables_1,59.58,74.58,73.39500000000001,ROU,sex_avg
ROU,2008,20,hld_n_tables_1,54.74,74.74000000000001,73.39500000000001,ROU,sex_avg
ROU,2008,30,hld_n_tables_1,45.055,75.05499999999999,73.39500000000001,ROU,sex_avg
ROU,2008,50,hld_n_tables_1,26.735,76.735,73.39500000000001,ROU,sex_avg
ROU,2008,65,hld_n_tables_1,15.32,80.32,73.39500000000001,ROU,sex_avg
ROU,2009,0,hld_n_tables_1,73.67,73.67,73.67,ROU,sex_avg
ROU,2009,5,hld_n_tables_1,69.56,74.56,73.67,ROU,sex_avg
ROU,2009,15,hld_n_tables_1,59.735,74.735,73.67,ROU,sex_avg
ROU,2009,20,hld_n_tables_1,54.885000000000005,74.88499999999999,73.67,ROU,sex_avg
ROU,2009,30,hld_n_tables_1,45.205,75.205,73.67,ROU,sex_avg
ROU,2009,50,hld_n_tables_1,26.865000000000002,76.86500000000001,73.67,ROU,sex_avg
ROU,2009,65,hld_n_tables_1,15.46,80.46,73.67,ROU,sex_avg
ROU,2010,0,hld_n_tables_1,73.81,73.81,73.81,ROU,sex_avg
ROU,2010,5,hld_n_tables_1,69.64,74.64,73.81,ROU,sex_avg
ROU,2010,15,hld_n_tables_1,59.8,74.80000000000001,73.81,ROU,sex_avg
ROU,2010,20,hld_n_tables_1,54.945,74.945,73.81,ROU,sex_avg
ROU,2010,30,hld_n_tables_1,45.269999999999996,75.27,73.81,ROU,sex_avg
ROU,2010,50,hld_n_tables_1,26.92,76.91999999999999,73.81,ROU,sex_avg
ROU,2010,65,hld_n_tables_1,15.52,80.52000000000001,73.81,ROU,sex_avg
ROU,2011,0,hld_n_tables_1,74.105,74.105,74.105,ROU,sex_avg
ROU,2011,5,hld_n_tables_1,69.905,74.905,74.105,ROU,sex_avg
ROU,2011,15,hld_n_tables_1,60.06,75.06,74.105,ROU,sex_avg
ROU,2011,20,hld_n_tables_1,55.195,75.195,74.105,ROU,sex_avg
ROU,2011,30,hld_n_tables_1,45.510000000000005,75.50999999999999,74.105,ROU,sex_avg
ROU,2011,50,hld_n_tables_1,27.075000000000003,77.075,74.105,ROU,sex_avg
ROU,2011,65,hld_n_tables_1,15.585,80.58500000000001,74.105,ROU,sex_avg
ROU,2012,0,hld_n_tables_1,74.61,74.61,74.61,ROU,sex_avg
ROU,2012,5,hld_n_tables_1,70.38499999999999,75.38499999999999,74.61,ROU,sex_avg
ROU,2012,15,hld_n_tables_1,60.519999999999996,75.52,74.61,ROU,sex_avg
ROU,2012,20,hld_n_tables_1,55.650000000000006,75.65,74.61,ROU,sex_avg
ROU,2012,30,hld_n_tables_1,45.945,75.94500000000001,74.61,ROU,sex_avg
ROU,2012,50,hld_n_tables_1,27.375,77.375,74.61,ROU,sex_avg
ROU,2012,65,hld_n_tables_1,15.77,80.77,74.61,ROU,sex_avg
ROU,2013,0,hld_n_tables_1,75.0,75.0,75.0,ROU,sex_avg
ROU,2013,5,hld_n_tables_1,70.74000000000001,75.74000000000001,75.0,ROU,sex_avg
ROU,2013,15,hld_n_tables_1,60.875,75.875,75.0,ROU,sex_avg
ROU,2013,20,hld_n_tables_1,56.0,76.0,75.0,ROU,sex_avg
ROU,2013,30,hld_n_tables_1,46.290000000000006,76.29,75.0,ROU,sex_avg
ROU,2013,50,hld_n_tables_1,27.645,77.645,75.0,ROU,sex_avg
ROU,2013,65,hld_n_tables_1,15.965,80.965,75.0,ROU,sex_avg
ROU,2014,0,hld_n_tables_1,75.22,75.22,75.22,ROU,sex_avg
ROU,2014,5,hld_n_tables_1,70.925,75.925,75.22,ROU,sex_avg
ROU,2014,15,hld_n_tables_1,61.06,76.06,75.22,ROU,sex_avg
ROU,2014,20,hld_n_tables_1,56.175,76.17500000000001,75.22,ROU,sex_avg
ROU,2014,30,hld_n_tables_1,46.47,76.47,75.22,ROU,sex_avg
ROU,2014,50,hld_n_tables_1,27.795,77.79499999999999,75.22,ROU,sex_avg
ROU,2014,65,hld_n_tables_1,16.1,81.1,75.22,ROU,sex_avg
ROU,2015,0,hld_n_tables_1,75.185,75.185,75.185,ROU,sex_avg
ROU,2015,5,hld_n_tables_1,70.91,75.91,75.185,ROU,sex_avg
ROU,2015,15,hld_n_tables_1,61.04,76.03999999999999,75.185,ROU,sex_avg
ROU,2015,20,hld_n_tables_1,56.155,76.155,75.185,ROU,sex_avg
ROU,2015,30,hld_n_tables_1,46.435,76.435,75.185,ROU,sex_avg
ROU,2015,50,hld_n_tables_1,27.755,77.755,75.185,ROU,sex_avg
ROU,2015,65,hld_n_tables_1,16.049999999999997,81.05,75.185,ROU,sex_avg
ROU,2016,0,hld_n_tables_1,75.355,75.355,75.355,ROU,sex_avg
ROU,2016,5,hld_n_tables_1,71.02000000000001,76.02000000000001,75.355,ROU,sex_avg
ROU,2016,15,hld_n_tables_1,61.150000000000006,76.15,75.355,ROU,sex_avg
ROU,2016,20,hld_n_tables_1,56.260000000000005,76.25999999999999,75.355,ROU,sex_avg
ROU,2016,30,hld_n_tables_1,46.54,76.53999999999999,75.355,ROU,sex_avg
ROU,2016,50,hld_n_tables_1,27.825,77.825,75.355,ROU,sex_avg
ROU,2016,65,hld_n_tables_1,16.095,81.095,75.355,ROU,sex_avg
ROU,2017,0,hld_n_tables_1,75.50999999999999,75.50999999999999,75.50999999999999,ROU,sex_avg
ROU,2017,5,hld_n_tables_1,71.125,76.125,75.50999999999999,ROU,sex_avg
ROU,2017,15,hld_n_tables_1,61.25,76.25,75.50999999999999,ROU,sex_avg
ROU,2017,20,hld_n_tables_1,56.37,76.36999999999999,75.50999999999999,ROU,sex_avg
ROU,2017,30,hld_n_tables_1,46.629999999999995,76.63,75.50999999999999,ROU,sex_avg
ROU,2017,50,hld_n_tables_1,27.89,77.88999999999999,75.50999999999999,ROU,sex_avg
ROU,2017,65,hld_n_tables_1,16.15,81.15,75.50999999999999,ROU,sex_avg
ROU,2018,0,hld_n_tables_1,75.625,75.625,75.625,ROU,sex_avg
ROU,2018,5,hld_n_tables_1,71.2,76.2,75.625,ROU,sex_avg
ROU,2018,15,hld_n_tables_1,61.32,76.32,75.625,ROU,sex_avg
ROU,2018,20,hld_n_tables_1,56.44,76.44,75.625,ROU,sex_avg
ROU,2018,30,hld_n_tables_1,46.695,76.695,75.625,ROU,sex_avg
ROU,2018,50,hld_n_tables_1,27.935,77.935,75.625,ROU,sex_avg
ROU,2018,65,hld_n_tables_1,16.189999999999998,81.19,75.625,ROU,sex_avg
ROU,2019,0,hld_n_tables_1,75.74000000000001,75.74000000000001,75.74000000000001,ROU,sex_avg
ROU,2019,5,hld_n_tables_1,71.275,76.275,75.74000000000001,ROU,sex_avg
ROU,2019,15,hld_n_tables_1,61.379999999999995,76.38,75.74000000000001,ROU,sex_avg
ROU,2019,20,hld_n_tables_1,56.489999999999995,76.49,75.74000000000001,ROU,sex_avg
ROU,2019,30,hld_n_tables_1,46.745,76.745,75.74000000000001,ROU,sex_avg
ROU,2019,50,hld_n_tables_1,27.990000000000002,77.99,75.74000000000001,ROU,sex_avg
ROU,2019,65,hld_n_tables_1,16.245,81.245,75.74000000000001,ROU,sex_avg
ROU,2020,0,hld_n_tables_1,75.815,75.815,75.815,ROU,sex_avg
ROU,2020,5,hld_n_tables_1,71.305,76.305,75.815,ROU,sex_avg
ROU,2020,15,hld_n_tables_1,61.410000000000004,76.41,75.815,ROU,sex_avg
ROU,2020,20,hld_n_tables_1,56.51,76.50999999999999,75.815,ROU,sex_avg
ROU,2020,30,hld_n_tables_1,46.765,76.765,75.815,ROU,sex_avg
ROU,2020,50,hld_n_tables_1,28.005000000000003,78.005,75.815,ROU,sex_avg
ROU,2020,65,hld_n_tables_1,16.25,81.25,75.815,ROU,sex_avg
ROU,2021,0,hld_n_tables_1,75.605,75.605,75.605,ROU,sex_avg
ROU,2021,5,hld_n_tables_1,70.69999999999999,75.69999999999999,75.605,ROU,sex_avg
ROU,2021,15,hld_n_tables_1,60.8,75.8,75.605,ROU,sex_avg
ROU,2021,20,hld_n_tables_1,55.905,75.905,75.605,ROU,sex_avg
ROU,2021,30,hld_n_tables_1,46.16,76.16,75.605,ROU,sex_avg
ROU,2021,50,hld_n_tables_1,27.455,77.455,75.605,ROU,sex_avg
ROU,2021,65,hld_n_tables_1,15.864999999999998,80.865,75.605,ROU,sex_avg
ROU,2022,0,hld_n_tables_1,74.305,74.305,74.305,ROU,sex_avg
ROU,2022,5,hld_n_tables_1,69.765,74.765,74.305,ROU,sex_avg
ROU,2022,15,hld_n_tables_1,59.870000000000005,74.87,74.305,ROU,sex_avg
ROU,2022,20,hld_n_tables_1,54.975,74.975,74.305,ROU,sex_avg
ROU,2022,30,hld_n_tables_1,45.225,75.22500000000001,74.305,ROU,sex_avg
ROU,2022,50,hld_n_tables_1,26.53,76.53,74.305,ROU,sex_avg
ROU,2022,65,hld_n_tables_1,14.985,79.985,74.305,ROU,sex_avg
ROU,2023,0,hld_n_tables_1,75.42500000000001,75.42500000000001,75.42500000000001,ROU,sex_avg
ROU,2023,5,hld_n_tables_1,70.895,75.895,75.42500000000001,ROU,sex_avg
ROU,2023,15,hld_n_tables_1,60.995000000000005,75.995,75.42500000000001,ROU,sex_avg
ROU,2023,20,hld_n_tables_1,56.095,76.095,75.42500000000001,ROU,sex_avg
ROU,2023,30,hld_n_tables_1,46.34,76.34,75.42500000000001,ROU,sex_avg
ROU,2023,50,hld_n_tables_1,27.555,77.555,75.42500000000001,ROU,sex_avg
ROU,2023,65,hld_n_tables_1,15.765,80.765,75.42500000000001,ROU,sex_avg
RUS,1946,0,hld_n_tables_1,50.785,50.785,50.785,RUS,sex_avg
RUS,1946,1,hld_n_tables_1,56.85,57.85,50.785,RUS,sex_avg
RUS,1946,5,hld_n_tables_1,58.0,63.0,50.785,RUS,sex_avg
RUS,1946,15,hld_n_tables_1,49.7,64.7,50.785,RUS,sex_avg
RUS,1946,20,hld_n_tables_1,45.415,65.41499999999999,50.785,RUS,sex_avg
RUS,1946,30,hld_n_tables_1,37.28,67.28,50.785,RUS,sex_avg
RUS,1946,50,hld_n_tables_1,22.0,72.0,50.785,RUS,sex_avg
RUS,1946,65,hld_n_tables_1,12.29,77.28999999999999,50.785,RUS,sex_avg
RUS,1947,0,hld_n_tables_1,44.805,44.805,44.805,RUS,sex_avg
RUS,1947,1,hld_n_tables_1,52.83,53.83,44.805,RUS,sex_avg
RUS,1947,5,hld_n_tables_1,55.019999999999996,60.019999999999996,44.805,RUS,sex_avg
RUS,1947,15,hld_n_tables_1,46.835,61.835,44.805,RUS,sex_avg
RUS,1947,20,hld_n_tables_1,42.555,62.55499999999999,44.805,RUS,sex_avg
RUS,1947,30,hld_n_tables_1,34.56,64.56,44.805,RUS,sex_avg
RUS,1947,50,hld_n_tables_1,19.744999999999997,69.745,44.805,RUS,sex_avg
RUS,1947,65,hld_n_tables_1,10.775,75.775,44.805,RUS,sex_avg
RUS,1948,0,hld_n_tables_1,51.269999999999996,51.269999999999996,51.269999999999996,RUS,sex_avg
RUS,1948,1,hld_n_tables_1,57.004999999999995,58.004999999999995,51.269999999999996,RUS,sex_avg
RUS,1948,5,hld_n_tables_1,58.754999999999995,63.754999999999995,51.269999999999996,RUS,sex_avg
RUS,1948,15,hld_n_tables_1,50.335,65.335,51.269999999999996,RUS,sex_avg
RUS,1948,20,hld_n_tables_1,46.025,66.025,51.269999999999996,RUS,sex_avg
RUS,1948,30,hld_n_tables_1,37.985,67.985,51.269999999999996,RUS,sex_avg
RUS,1948,50,hld_n_tables_1,22.495,72.495,51.269999999999996,RUS,sex_avg
RUS,1948,65,hld_n_tables_1,12.68,77.68,51.269999999999996,RUS,sex_avg
RUS,1949,0,hld_n_tables_1,54.975,54.975,54.975,RUS,sex_avg
RUS,1949,1,hld_n_tables_1,61.275,62.275,54.975,RUS,sex_avg
RUS,1949,5,hld_n_tables_1,60.92,65.92,54.975,RUS,sex_avg
RUS,1949,15,hld_n_tables_1,52.28,67.28,54.975,RUS,sex_avg
RUS,1949,20,hld_n_tables_1,47.885000000000005,67.885,54.975,RUS,sex_avg
RUS,1949,30,hld_n_tables_1,39.575,69.57499999999999,54.975,RUS,sex_avg
RUS,1949,50,hld_n_tables_1,23.59,73.59,54.975,RUS,sex_avg
RUS,1949,65,hld_n_tables_1,13.385,78.38499999999999,54.975,RUS,sex_avg
RUS,1950,0,hld_n_tables_1,56.28,56.28,56.28,RUS,sex_avg
RUS,1950,1,hld_n_tables_1,62.07,63.07,56.28,RUS,sex_avg
RUS,1950,5,hld_n_tables_1,61.58,66.58,56.28,RUS,sex_avg
RUS,1950,15,hld_n_tables_1,52.79,67.78999999999999,56.28,RUS,sex_avg
RUS,1950,20,hld_n_tables_1,48.36,68.36,56.28,RUS,sex_avg
RUS,1950,30,hld_n_tables_1,39.93,69.93,56.28,RUS,sex_avg
RUS,1950,50,hld_n_tables_1,23.634999999999998,73.63499999999999,56.28,RUS,sex_avg
RUS,1950,65,hld_n_tables_1,13.365,78.365,56.28,RUS,sex_avg
RUS,1951,0,hld_n_tables_1,56.08,56.08,56.08,RUS,sex_avg
RUS,1951,1,hld_n_tables_1,62.275000000000006,63.275000000000006,56.08,RUS,sex_avg
RUS,1951,5,hld_n_tables_1,62.0,67.0,56.08,RUS,sex_avg
RUS,1951,15,hld_n_tables_1,53.205,68.205,56.08,RUS,sex_avg
RUS,1951,20,hld_n_tables_1,48.77,68.77000000000001,56.08,RUS,sex_avg
RUS,1951,30,hld_n_tables_1,40.245000000000005,70.245,56.08,RUS,sex_avg
RUS,1951,50,hld_n_tables_1,23.775,73.775,56.08,RUS,sex_avg
RUS,1951,65,hld_n_tables_1,13.469999999999999,78.47,56.08,RUS,sex_avg
RUS,1952,0,hld_n_tables_1,58.445,58.445,58.445,RUS,sex_avg
RUS,1952,1,hld_n_tables_1,63.614999999999995,64.615,58.445,RUS,sex_avg
RUS,1952,5,hld_n_tables_1,62.394999999999996,67.395,58.445,RUS,sex_avg
RUS,1952,15,hld_n_tables_1,53.41,68.41,58.445,RUS,sex_avg
RUS,1952,20,hld_n_tables_1,48.92,68.92,58.445,RUS,sex_avg
RUS,1952,30,hld_n_tables_1,40.3,70.30000000000001,58.445,RUS,sex_avg
RUS,1952,50,hld_n_tables_1,23.665,73.66499999999999,58.445,RUS,sex_avg
RUS,1952,65,hld_n_tables_1,13.25,78.25,58.445,RUS,sex_avg
RUS,1953,0,hld_n_tables_1,59.425,59.425,59.425,RUS,sex_avg
RUS,1953,1,hld_n_tables_1,64.095,65.095,59.425,RUS,sex_avg
RUS,1953,5,hld_n_tables_1,62.56999999999999,67.57,59.425,RUS,sex_avg
RUS,1953,15,hld_n_tables_1,53.5,68.5,59.425,RUS,sex_avg
RUS,1953,20,hld_n_tables_1,48.985,68.985,59.425,RUS,sex_avg
RUS,1953,30,hld_n_tables_1,40.34,70.34,59.425,RUS,sex_avg
RUS,1953,50,hld_n_tables_1,23.625,73.625,59.425,RUS,sex_avg
RUS,1953,65,hld_n_tables_1,13.14,78.14,59.425,RUS,sex_avg
RUS,1954,0,hld_n_tables_1,59.730000000000004,59.730000000000004,59.730000000000004,RUS,sex_avg
RUS,1954,1,hld_n_tables_1,64.575,65.575,59.730000000000004,RUS,sex_avg
RUS,1954,5,hld_n_tables_1,63.085,68.08500000000001,59.730000000000004,RUS,sex_avg
RUS,1954,15,hld_n_tables_1,53.96,68.96,59.730000000000004,RUS,sex_avg
RUS,1954,20,hld_n_tables_1,49.41,69.41,59.730000000000004,RUS,sex_avg
RUS,1954,30,hld_n_tables_1,40.63,70.63,59.730000000000004,RUS,sex_avg
RUS,1954,50,hld_n_tables_1,23.729999999999997,73.73,59.730000000000004,RUS,sex_avg
RUS,1954,65,hld_n_tables_1,13.17,78.17,59.730000000000004,RUS,sex_avg
RUS,1955,0,hld_n_tables_1,62.11,62.11,62.11,RUS,sex_avg
RUS,1955,1,hld_n_tables_1,66.16,67.16,62.11,RUS,sex_avg
RUS,1955,5,hld_n_tables_1,64.16499999999999,69.16499999999999,62.11,RUS,sex_avg
RUS,1955,15,hld_n_tables_1,54.955,69.955,62.11,RUS,sex_avg
RUS,1955,20,hld_n_tables_1,50.349999999999994,70.35,62.11,RUS,sex_avg
RUS,1955,30,hld_n_tables_1,41.485,71.485,62.11,RUS,sex_avg
RUS,1955,50,hld_n_tables_1,24.42,74.42,62.11,RUS,sex_avg
RUS,1955,65,hld_n_tables_1,13.739999999999998,78.74000000000001,62.11,RUS,sex_avg
SAU,1998,0,hld_n_tables_1,71.905,71.905,71.905,SAU,sex_avg
SAU,1998,1,hld_n_tables_1,72.495,73.495,71.905,SAU,sex_avg
SAU,1998,5,hld_n_tables_1,68.775,73.775,71.905,SAU,sex_avg
SAU,1998,15,hld_n_tables_1,59.025,74.025,71.905,SAU,sex_avg
SAU,1998,20,hld_n_tables_1,54.21,74.21000000000001,71.905,SAU,sex_avg
SAU,1998,30,hld_n_tables_1,44.68,74.68,71.905,SAU,sex_avg
SAU,1998,50,hld_n_tables_1,26.165,76.16499999999999,71.905,SAU,sex_avg
SAU,1998,65,hld_n_tables_1,14.24,79.24000000000001,71.905,SAU,sex_avg
SEN,1985,0,hld_n_tables_1,67.30499999999999,67.30499999999999,67.30499999999999,SEN,sex_avg
SEN,1985,1,hld_n_tables_1,69.275,70.275,67.30499999999999,SEN,sex_avg
SEN,1985,5,hld_n_tables_1,67.37,72.37,67.30499999999999,SEN,sex_avg
SEN,1985,15,hld_n_tables_1,58.379999999999995,73.38,67.30499999999999,SEN,sex_avg
SEN,1985,20,hld_n_tables_1,53.61,73.61,67.30499999999999,SEN,sex_avg
SEN,1985,30,hld_n_tables_1,44.30500000000001,74.305,67.30499999999999,SEN,sex_avg
SEN,1985,50,hld_n_tables_1,26.560000000000002,76.56,67.30499999999999,SEN,sex_avg
SEN,1985,65,hld_n_tables_1,14.895,79.895,67.30499999999999,SEN,sex_avg
SEN,1990,0,hld_n_tables_1,63.47,63.47,63.47,SEN,sex_avg
SEN,1990,1,hld_n_tables_1,65.615,66.615,63.47,SEN,sex_avg
SEN,1990,5,hld_n_tables_1,65.39,70.38999999999999,63.47,SEN,sex_avg
SEN,1990,15,hld_n_tables_1,56.565,71.565,63.47,SEN,sex_avg
SEN,1990,20,hld_n_tables_1,51.95,71.94999999999999,63.47,SEN,sex_avg
SEN,1990,30,hld_n_tables_1,42.79,72.79,63.47,SEN,sex_avg
SEN,1990,50,hld_n_tables_1,26.189999999999998,76.19,63.47,SEN,sex_avg
SEN,1990,65,hld_n_tables_1,14.605,79.60499999999999,63.47,SEN,sex_avg
SGP,1957,0,hld_n_tables_1,63.235,63.235,63.235,SGP,sex_avg
SGP,1957,1,hld_n_tables_1,65.04,66.04,63.235,SGP,sex_avg
SGP,1957,5,hld_n_tables_1,62.22,67.22,63.235,SGP,sex_avg
SGP,1957,15,hld_n_tables_1,52.86,67.86,63.235,SGP,sex_avg
SGP,1957,20,hld_n_tables_1,48.105000000000004,68.105,63.235,SGP,sex_avg
SGP,1957,30,hld_n_tables_1,38.760000000000005,68.76,63.235,SGP,sex_avg
SGP,1957,50,hld_n_tables_1,21.62,71.62,63.235,SGP,sex_avg
SGP,1957,65,hld_n_tables_1,11.925,76.92500000000001,63.235,SGP,sex_avg
SGP,1962,0,hld_n_tables_1,65.86,65.86,65.86,SGP,sex_avg
SGP,1962,1,hld_n_tables_1,66.63,67.63,65.86,SGP,sex_avg
SGP,1962,5,hld_n_tables_1,63.305,68.305,65.86,SGP,sex_avg
SGP,1962,15,hld_n_tables_1,53.71,68.71000000000001,65.86,SGP,sex_avg
SGP,1962,20,hld_n_tables_1,48.92,68.92,65.86,SGP,sex_avg
SGP,1962,30,hld_n_tables_1,39.46,69.46,65.86,SGP,sex_avg
SGP,1962,50,hld_n_tables_1,21.634999999999998,71.63499999999999,65.86,SGP,sex_avg
SGP,1962,65,hld_n_tables_1,11.309999999999999,76.31,65.86,SGP,sex_avg
SLV,1960,0,hld_n_tables_1,50.015,50.015,50.015,SLV,sex_avg
SLV,1960,1,hld_n_tables_1,56.24,57.24,50.015,SLV,sex_avg
SLV,1960,5,hld_n_tables_1,58.019999999999996,63.019999999999996,50.015,SLV,sex_avg
SLV,1960,15,hld_n_tables_1,49.67,64.67,50.015,SLV,sex_avg
SLV,1960,20,hld_n_tables_1,45.355000000000004,65.355,50.015,SLV,sex_avg
SLV,1960,30,hld_n_tables_1,37.33,67.33,50.015,SLV,sex_avg
SLV,1960,50,hld_n_tables_1,21.85,71.85,50.015,SLV,sex_avg
SLV,1960,65,hld_n_tables_1,11.93,76.93,50.015,SLV,sex_avg
SLV,1970,0,hld_n_tables_1,55.105000000000004,55.105000000000004,55.105000000000004,SLV,sex_avg
SLV,1970,1,hld_n_tables_1,60.54,61.540000000000006,55.105000000000004,SLV,sex_avg
SLV,1970,5,hld_n_tables_1,61.21,66.21,55.105000000000004,SLV,sex_avg
SLV,1970,15,hld_n_tables_1,52.415,67.41499999999999,55.105000000000004,SLV,sex_avg
SLV,1970,20,hld_n_tables_1,47.89,67.89,55.105000000000004,SLV,sex_avg
SLV,1970,30,hld_n_tables_1,39.365,69.36500000000001,55.105000000000004,SLV,sex_avg
SLV,1970,50,hld_n_tables_1,22.979999999999997,72.97999999999999,55.105000000000004,SLV,sex_avg
SLV,1970,65,hld_n_tables_1,12.559999999999999,77.56,55.105000000000004,SLV,sex_avg
SLV,1980,0,hld_n_tables_1,56.66,56.66,56.66,SLV,sex_avg
SLV,1980,1,hld_n_tables_1,60.974999999999994,61.974999999999994,56.66,SLV,sex_avg
SLV,1980,5,hld_n_tables_1,60.480000000000004,65.48,56.66,SLV,sex_avg
SLV,1980,15,hld_n_tables_1,51.425,66.42500000000001,56.66,SLV,sex_avg
SLV,1980,20,hld_n_tables_1,47.145,67.14500000000001,56.66,SLV,sex_avg
SLV,1980,30,hld_n_tables_1,39.585,69.58500000000001,56.66,SLV,sex_avg
SLV,1980,50,hld_n_tables_1,24.28,74.28,56.66,SLV,sex_avg
SLV,1980,65,hld_n_tables_1,13.865,78.86500000000001,56.66,SLV,sex_avg
SLV,1990,0,hld_n_tables_1,64.13,64.13,64.13,SLV,sex_avg
SLV,1990,1,hld_n_tables_1,66.47,67.47,64.13,SLV,sex_avg
SLV,1990,5,hld_n_tables_1,63.805,68.805,64.13,SLV,sex_avg
SLV,1990,15,hld_n_tables_1,54.325,69.325,64.13,SLV,sex_avg
SLV,1990,20,hld_n_tables_1,49.845,69.845,64.13,SLV,sex_avg
SLV,1990,30,hld_n_tables_1,41.675,71.675,64.13,SLV,sex_avg
SLV,1990,50,hld_n_tables_1,25.685,75.685,64.13,SLV,sex_avg
SLV,1990,65,hld_n_tables_1,14.75,79.75,64.13,SLV,sex_avg
SLV,2000,0,hld_n_tables_1,68.78999999999999,68.78999999999999,68.78999999999999,SLV,sex_avg
SLV,2000,1,hld_n_tables_1,69.57499999999999,70.57499999999999,68.78999999999999,SLV,sex_avg
SLV,2000,5,hld_n_tables_1,65.93,70.93,68.78999999999999,SLV,sex_avg
SLV,2000,15,hld_n_tables_1,56.265,71.265,68.78999999999999,SLV,sex_avg
SLV,2000,20,hld_n_tables_1,51.715,71.715,68.78999999999999,SLV,sex_avg
SLV,2000,30,hld_n_tables_1,43.25,73.25,68.78999999999999,SLV,sex_avg
SLV,2000,50,hld_n_tables_1,26.81,76.81,68.78999999999999,SLV,sex_avg
SLV,2000,65,hld_n_tables_1,15.65,80.65,68.78999999999999,SLV,sex_avg
SLV,2010,0,hld_n_tables_1,71.755,71.755,71.755,SLV,sex_avg
SLV,2010,1,hld_n_tables_1,72.12,73.12,71.755,SLV,sex_avg
SLV,2010,5,hld_n_tables_1,68.33500000000001,73.33500000000001,71.755,SLV,sex_avg
SLV,2010,15,hld_n_tables_1,58.629999999999995,73.63,71.755,SLV,sex_avg
SLV,2010,20,hld_n_tables_1,54.065,74.065,71.755,SLV,sex_avg
SLV,2010,30,hld_n_tables_1,45.540000000000006,75.53999999999999,71.755,SLV,sex_avg
SLV,2010,50,hld_n_tables_1,28.8,78.80000000000001,71.755,SLV,sex_avg
SLV,2010,65,hld_n_tables_1,17.380000000000003,82.38,71.755,SLV,sex_avg
SRB,2002,0,hld_n_tables_1,72.32499999999999,72.32499999999999,72.32499999999999,SRB,sex_avg
SRB,2002,1,hld_n_tables_1,72.055,73.055,72.32499999999999,SRB,sex_avg
SRB,2002,5,hld_n_tables_1,68.16499999999999,73.16499999999999,72.32499999999999,SRB,sex_avg
SRB,2002,15,hld_n_tables_1,58.305,73.30499999999999,72.32499999999999,SRB,sex_avg
SRB,2002,20,hld_n_tables_1,53.425,73.42500000000001,72.32499999999999,SRB,sex_avg
SRB,2002,30,hld_n_tables_1,43.785,73.785,72.32499999999999,SRB,sex_avg
SRB,2002,50,hld_n_tables_1,25.335,75.335,72.32499999999999,SRB,sex_avg
SRB,2002,65,hld_n_tables_1,13.864999999999998,78.865,72.32499999999999,SRB,sex_avg
SRB,2003,0,hld_n_tables_1,72.50999999999999,72.50999999999999,72.50999999999999,SRB,sex_avg
SRB,2003,1,hld_n_tables_1,72.16499999999999,73.16499999999999,72.50999999999999,SRB,sex_avg
SRB,2003,5,hld_n_tables_1,68.27000000000001,73.27000000000001,72.50999999999999,SRB,sex_avg
SRB,2003,15,hld_n_tables_1,58.379999999999995,73.38,72.50999999999999,SRB,sex_avg
SRB,2003,20,hld_n_tables_1,53.504999999999995,73.505,72.50999999999999,SRB,sex_avg
SRB,2003,30,hld_n_tables_1,43.82,73.82,72.50999999999999,SRB,sex_avg
SRB,2003,50,hld_n_tables_1,25.35,75.35,72.50999999999999,SRB,sex_avg
SRB,2003,65,hld_n_tables_1,13.9,78.9,72.50999999999999,SRB,sex_avg
SRB,2004,0,hld_n_tables_1,72.625,72.625,72.625,SRB,sex_avg
SRB,2004,1,hld_n_tables_1,72.215,73.215,72.625,SRB,sex_avg
SRB,2004,5,hld_n_tables_1,68.31,73.31,72.625,SRB,sex_avg
SRB,2004,15,hld_n_tables_1,58.425,73.42500000000001,72.625,SRB,sex_avg
SRB,2004,20,hld_n_tables_1,53.555,73.555,72.625,SRB,sex_avg
SRB,2004,30,hld_n_tables_1,43.905,73.905,72.625,SRB,sex_avg
SRB,2004,50,hld_n_tables_1,25.445,75.445,72.625,SRB,sex_avg
SRB,2004,65,hld_n_tables_1,13.945,78.945,72.625,SRB,sex_avg
SRB,2005,0,hld_n_tables_1,72.70500000000001,72.70500000000001,72.70500000000001,SRB,sex_avg
SRB,2005,1,hld_n_tables_1,72.285,73.285,72.70500000000001,SRB,sex_avg
SRB,2005,5,hld_n_tables_1,68.37,73.37,72.70500000000001,SRB,sex_avg
SRB,2005,15,hld_n_tables_1,58.474999999999994,73.475,72.70500000000001,SRB,sex_avg
SRB,2005,20,hld_n_tables_1,53.595,73.595,72.70500000000001,SRB,sex_avg
SRB,2005,30,hld_n_tables_1,43.935,73.935,72.70500000000001,SRB,sex_avg
SRB,2005,50,hld_n_tables_1,25.450000000000003,75.45,72.70500000000001,SRB,sex_avg
SRB,2005,65,hld_n_tables_1,13.93,78.93,72.70500000000001,SRB,sex_avg
SRB,2006,0,hld_n_tables_1,73.19,73.19,73.19,SRB,sex_avg
SRB,2006,1,hld_n_tables_1,72.735,73.735,73.19,SRB,sex_avg
SRB,2006,5,hld_n_tables_1,68.815,73.815,73.19,SRB,sex_avg
SRB,2006,15,hld_n_tables_1,58.925,73.92500000000001,73.19,SRB,sex_avg
SRB,2006,20,hld_n_tables_1,54.03,74.03,73.19,SRB,sex_avg
SRB,2006,30,hld_n_tables_1,44.385,74.38499999999999,73.19,SRB,sex_avg
SRB,2006,50,hld_n_tables_1,25.82,75.82,73.19,SRB,sex_avg
SRB,2006,65,hld_n_tables_1,14.26,79.25999999999999,73.19,SRB,sex_avg
SRB,2007,0,hld_n_tables_1,73.53,73.53,73.53,SRB,sex_avg
SRB,2007,1,hld_n_tables_1,73.055,74.055,73.53,SRB,sex_avg
SRB,2007,5,hld_n_tables_1,69.125,74.125,73.53,SRB,sex_avg
SRB,2007,15,hld_n_tables_1,59.225,74.225,73.53,SRB,sex_avg
SRB,2007,20,hld_n_tables_1,54.345,74.345,73.53,SRB,sex_avg
SRB,2007,30,hld_n_tables_1,44.715,74.715,73.53,SRB,sex_avg
SRB,2007,50,hld_n_tables_1,26.134999999999998,76.13499999999999,73.53,SRB,sex_avg
SRB,2007,65,hld_n_tables_1,14.535,79.535,73.53,SRB,sex_avg
SRB,2008,0,hld_n_tables_1,73.775,73.775,73.775,SRB,sex_avg
SRB,2008,1,hld_n_tables_1,73.265,74.265,73.775,SRB,sex_avg
SRB,2008,5,hld_n_tables_1,69.34,74.34,73.775,SRB,sex_avg
SRB,2008,15,hld_n_tables_1,59.43,74.43,73.775,SRB,sex_avg
SRB,2008,20,hld_n_tables_1,54.545,74.545,73.775,SRB,sex_avg
SRB,2008,30,hld_n_tables_1,44.895,74.89500000000001,73.775,SRB,sex_avg
SRB,2008,50,hld_n_tables_1,26.335,76.33500000000001,73.775,SRB,sex_avg
SRB,2008,65,hld_n_tables_1,14.715,79.715,73.775,SRB,sex_avg
SRB,2009,0,hld_n_tables_1,73.86500000000001,73.86500000000001,73.86500000000001,SRB,sex_avg
SRB,2009,1,hld_n_tables_1,73.375,74.375,73.86500000000001,SRB,sex_avg
SRB,2009,5,hld_n_tables_1,69.44999999999999,74.44999999999999,73.86500000000001,SRB,sex_avg
SRB,2009,15,hld_n_tables_1,59.555,74.555,73.86500000000001,SRB,sex_avg
SRB,2009,20,hld_n_tables_1,54.655,74.655,73.86500000000001,SRB,sex_avg
SRB,2009,30,hld_n_tables_1,44.975,74.97500000000001,73.86500000000001,SRB,sex_avg
SRB,2009,50,hld_n_tables_1,26.405,76.405,73.86500000000001,SRB,sex_avg
SRB,2009,65,hld_n_tables_1,14.69,79.69,73.86500000000001,SRB,sex_avg
SUR,1964,0,hld_n_tables_1,64.07,64.07,64.07,SUR,sex_avg
SUR,1964,15,hld_n_tables_1,53.09,68.09,64.07,SUR,sex_avg
SUR,1964,30,hld_n_tables_1,39.295,69.29499999999999,64.07,SUR,sex_avg
SUR,1970,0,hld_n_tables_1,64.38499999999999,64.38499999999999,64.38499999999999,SUR,sex_avg
SUR,1970,15,hld_n_tables_1,52.91,67.91,64.38499999999999,SUR,sex_avg
SUR,1970,30,hld_n_tables_1,39.135,69.135,64.38499999999999,SUR,sex_avg
SVK,1900,0,hld_n_tables_1,37.58,37.58,37.58,SVK,sex_avg
SVK,1900,1,hld_n_tables_1,46.305,47.305,37.58,SVK,sex_avg
SVK,1900,5,hld_n_tables_1,50.385,55.385,37.58,SVK,sex_avg
SVK,1900,15,hld_n_tables_1,43.965,58.965,37.58,SVK,sex_avg
SVK,1900,20,hld_n_tables_1,40.2,60.2,37.58,SVK,sex_avg
SVK,1900,30,hld_n_tables_1,33.04,63.04,37.58,SVK,sex_avg
SVK,1900,50,hld_n_tables_1,18.740000000000002,68.74000000000001,37.58,SVK,sex_avg
SVK,1900,65,hld_n_tables_1,10.024999999999999,75.025,37.58,SVK,sex_avg
SVK,1910,0,hld_n_tables_1,41.465,41.465,41.465,SVK,sex_avg
SVK,1910,1,hld_n_tables_1,49.485,50.485,41.465,SVK,sex_avg
SVK,1910,5,hld_n_tables_1,51.769999999999996,56.769999999999996,41.465,SVK,sex_avg
SVK,1910,15,hld_n_tables_1,44.67,59.67,41.465,SVK,sex_avg
SVK,1910,20,hld_n_tables_1,40.88,60.88,41.465,SVK,sex_avg
SVK,1910,30,hld_n_tables_1,33.724999999999994,63.724999999999994,41.465,SVK,sex_avg
SVK,1910,50,hld_n_tables_1,19.134999999999998,69.13499999999999,41.465,SVK,sex_avg
SVK,1910,65,hld_n_tables_1,10.045,75.045,41.465,SVK,sex_avg
SVK,1929,0,hld_n_tables_1,49.855000000000004,49.855000000000004,49.855000000000004,SVK,sex_avg
SVK,1929,1,hld_n_tables_1,58.705,59.705,49.855000000000004,SVK,sex_avg
SVK,1929,5,hld_n_tables_1,57.91,62.91,49.855000000000004,SVK,sex_avg
SVK,1929,15,hld_n_tables_1,49.485,64.485,49.855000000000004,SVK,sex_avg
SVK,1929,20,hld_n_tables_1,45.41,65.41,49.855000000000004,SVK,sex_avg
SVK,1929,30,hld_n_tables_1,37.53,67.53,49.855000000000004,SVK,sex_avg
SVK,1929,50,hld_n_tables_1,21.655,71.655,49.855000000000004,SVK,sex_avg
SVK,1929,65,hld_n_tables_1,11.469999999999999,76.47,49.855000000000004,SVK,sex_avg
SVK,1949,0,hld_n_tables_1,60.68,60.68,60.68,SVK,sex_avg
SVK,1949,1,hld_n_tables_1,66.88499999999999,67.88499999999999,60.68,SVK,sex_avg
SVK,1949,5,hld_n_tables_1,64.085,69.085,60.68,SVK,sex_avg
SVK,1949,15,hld_n_tables_1,54.71,69.71000000000001,60.68,SVK,sex_avg
SVK,1949,20,hld_n_tables_1,50.225,70.225,60.68,SVK,sex_avg
SVK,1949,30,hld_n_tables_1,41.53,71.53,60.68,SVK,sex_avg
SVK,1949,50,hld_n_tables_1,24.244999999999997,74.245,60.68,SVK,sex_avg
SVK,1949,65,hld_n_tables_1,13.265,78.265,60.68,SVK,sex_avg
SVN,1981,0,hld_n_tables_1,71.16,71.16,71.16,SVN,sex_avg
SVN,1981,1,hld_n_tables_1,71.13,72.13,71.16,SVN,sex_avg
SVN,1981,5,hld_n_tables_1,67.3,72.30000000000001,71.16,SVN,sex_avg
SVN,1981,15,hld_n_tables_1,57.505,72.505,71.16,SVN,sex_avg
SVN,1981,20,hld_n_tables_1,52.735,72.735,71.16,SVN,sex_avg
SVN,1981,30,hld_n_tables_1,43.34,73.34,71.16,SVN,sex_avg
SVN,1981,50,hld_n_tables_1,25.455,75.455,71.16,SVN,sex_avg
SVN,1981,65,hld_n_tables_1,14.205,79.205,71.16,SVN,sex_avg
SWE,1751,0,hld_n_tables_1,35.230000000000004,35.230000000000004,35.230000000000004,Sweden,sex_avg
SWE,1751,1,hld_n_tables_1,43.375,44.375,35.230000000000004,Sweden,sex_avg
SWE,1751,5,hld_n_tables_1,47.004999999999995,52.004999999999995,35.230000000000004,Sweden,sex_avg
SWE,1751,15,hld_n_tables_1,41.795,56.795,35.230000000000004,Sweden,sex_avg
SWE,1751,20,hld_n_tables_1,38.235,58.235,35.230000000000004,Sweden,sex_avg
SWE,1751,30,hld_n_tables_1,31.564999999999998,61.565,35.230000000000004,Sweden,sex_avg
SWE,1751,50,hld_n_tables_1,18.875,68.875,35.230000000000004,Sweden,sex_avg
SWE,1751,65,hld_n_tables_1,10.265,75.265,35.230000000000004,Sweden,sex_avg
SWE,1778,0,hld_n_tables_1,37.265,37.265,37.265,Sweden,sex_avg
SWE,1778,1,hld_n_tables_1,44.745000000000005,45.745000000000005,37.265,Sweden,sex_avg
SWE,1778,5,hld_n_tables_1,49.05,54.05,37.265,Sweden,sex_avg
SWE,1778,15,hld_n_tables_1,43.825,58.825,37.265,Sweden,sex_avg
SWE,1778,20,hld_n_tables_1,40.144999999999996,60.144999999999996,37.265,Sweden,sex_avg
SWE,1778,30,hld_n_tables_1,33.269999999999996,63.269999999999996,37.265,Sweden,sex_avg
SWE,1778,50,hld_n_tables_1,19.68,69.68,37.265,Sweden,sex_avg
SWE,1778,65,hld_n_tables_1,10.09,75.09,37.265,Sweden,sex_avg
SWE,1783,0,hld_n_tables_1,35.07,35.07,35.07,Sweden,sex_avg
SWE,1783,1,hld_n_tables_1,42.86,43.86,35.07,Sweden,sex_avg
SWE,1783,5,hld_n_tables_1,46.894999999999996,51.894999999999996,35.07,Sweden,sex_avg
SWE,1783,15,hld_n_tables_1,42.125,57.125,35.07,Sweden,sex_avg
SWE,1783,20,hld_n_tables_1,38.67,58.67,35.07,Sweden,sex_avg
SWE,1783,30,hld_n_tables_1,31.924999999999997,61.925,35.07,Sweden,sex_avg
SWE,1783,50,hld_n_tables_1,18.795,68.79499999999999,35.07,Sweden,sex_avg
SWE,1783,65,hld_n_tables_1,9.9,74.9,35.07,Sweden,sex_avg
SWE,1788,0,hld_n_tables_1,35.33,35.33,35.33,Sweden,sex_avg
SWE,1788,1,hld_n_tables_1,44.105000000000004,45.105000000000004,35.33,Sweden,sex_avg
SWE,1788,5,hld_n_tables_1,46.775000000000006,51.775000000000006,35.33,Sweden,sex_avg
SWE,1788,15,hld_n_tables_1,40.86,55.86,35.33,Sweden,sex_avg
SWE,1788,20,hld_n_tables_1,37.245000000000005,57.245000000000005,35.33,Sweden,sex_avg
SWE,1788,30,hld_n_tables_1,30.744999999999997,60.745,35.33,Sweden,sex_avg
SWE,1788,50,hld_n_tables_1,18.5,68.5,35.33,Sweden,sex_avg
SWE,1788,65,hld_n_tables_1,10.02,75.02000000000001,35.33,Sweden,sex_avg
SWE,1791,0,hld_n_tables_1,36.94,36.94,36.94,Sweden,sex_avg
SWE,1791,1,hld_n_tables_1,45.06,46.06,36.94,Sweden,sex_avg
SWE,1791,5,hld_n_tables_1,47.86,52.86,36.94,Sweden,sex_avg
SWE,1791,15,hld_n_tables_1,41.769999999999996,56.769999999999996,36.94,Sweden,sex_avg
SWE,1791,20,hld_n_tables_1,38.08,58.08,36.94,Sweden,sex_avg
SWE,1791,30,hld_n_tables_1,31.165,61.165,36.94,Sweden,sex_avg
SWE,1791,50,hld_n_tables_1,17.97,67.97,36.94,Sweden,sex_avg
SWE,1791,65,hld_n_tables_1,9.565,74.565,36.94,Sweden,sex_avg
SWE,1793,0,hld_n_tables_1,38.835,38.835,38.835,Sweden,sex_avg
SWE,1793,1,hld_n_tables_1,47.83,48.83,38.835,Sweden,sex_avg
SWE,1793,5,hld_n_tables_1,50.495000000000005,55.495000000000005,38.835,Sweden,sex_avg
SWE,1793,15,hld_n_tables_1,44.185,59.185,38.835,Sweden,sex_avg
SWE,1793,20,hld_n_tables_1,40.295,60.295,38.835,Sweden,sex_avg
SWE,1793,30,hld_n_tables_1,32.989999999999995,62.989999999999995,38.835,Sweden,sex_avg
SWE,1793,50,hld_n_tables_1,19.21,69.21000000000001,38.835,Sweden,sex_avg
SWE,1793,65,hld_n_tables_1,10.145,75.14500000000001,38.835,Sweden,sex_avg
SWE,1798,0,hld_n_tables_1,37.455,37.455,37.455,Sweden,sex_avg
SWE,1798,1,hld_n_tables_1,46.555,47.555,37.455,Sweden,sex_avg
SWE,1798,5,hld_n_tables_1,49.45,54.45,37.455,Sweden,sex_avg
SWE,1798,15,hld_n_tables_1,43.05,58.05,37.455,Sweden,sex_avg
SWE,1798,20,hld_n_tables_1,39.225,59.225,37.455,Sweden,sex_avg
SWE,1798,30,hld_n_tables_1,32.025,62.025000000000006,37.455,Sweden,sex_avg
SWE,1798,50,hld_n_tables_1,18.385,68.38499999999999,37.455,Sweden,sex_avg
SWE,1798,65,hld_n_tables_1,9.65,74.65,37.455,Sweden,sex_avg
SWE,1803,0,hld_n_tables_1,39.22,39.22,39.22,Sweden,sex_avg
SWE,1803,1,hld_n_tables_1,47.59,48.59,39.22,Sweden,sex_avg
SWE,1803,5,hld_n_tables_1,49.375,54.375,39.22,Sweden,sex_avg
SWE,1803,15,hld_n_tables_1,42.68000000000001,57.68000000000001,39.22,Sweden,sex_avg
SWE,1803,20,hld_n_tables_1,38.974999999999994,58.974999999999994,39.22,Sweden,sex_avg
SWE,1803,30,hld_n_tables_1,31.990000000000002,61.989999999999995,39.22,Sweden,sex_avg
SWE,1803,50,hld_n_tables_1,18.36,68.36,39.22,Sweden,sex_avg
SWE,1803,65,hld_n_tables_1,9.899999999999999,74.9,39.22,Sweden,sex_avg
SWE,1808,0,hld_n_tables_1,30.9,30.9,30.9,Sweden,sex_avg
SWE,1808,1,hld_n_tables_1,38.644999999999996,39.644999999999996,30.9,Sweden,sex_avg
SWE,1808,5,hld_n_tables_1,42.035,47.035,30.9,Sweden,sex_avg
SWE,1808,15,hld_n_tables_1,37.114999999999995,52.114999999999995,30.9,Sweden,sex_avg
SWE,1808,20,hld_n_tables_1,33.75,53.75,30.9,Sweden,sex_avg
SWE,1808,30,hld_n_tables_1,27.595,57.595,30.9,Sweden,sex_avg
SWE,1808,50,hld_n_tables_1,15.905,65.905,30.9,Sweden,sex_avg
SWE,1808,65,hld_n_tables_1,8.65,73.65,30.9,Sweden,sex_avg
SWE,1813,0,hld_n_tables_1,39.06,39.06,39.06,Sweden,sex_avg
SWE,1813,1,hld_n_tables_1,47.14,48.14,39.06,Sweden,sex_avg
SWE,1813,5,hld_n_tables_1,49.665,54.665,39.06,Sweden,sex_avg
SWE,1813,15,hld_n_tables_1,43.03,58.03,39.06,Sweden,sex_avg
SWE,1813,20,hld_n_tables_1,39.215,59.215,39.06,Sweden,sex_avg
SWE,1813,30,hld_n_tables_1,32.125,62.125,39.06,Sweden,sex_avg
SWE,1813,50,hld_n_tables_1,18.655,68.655,39.06,Sweden,sex_avg
SWE,1813,65,hld_n_tables_1,9.965,74.965,39.06,Sweden,sex_avg
SWE,1818,0,hld_n_tables_1,39.175,39.175,39.175,Sweden,sex_avg
SWE,1818,1,hld_n_tables_1,46.815,47.815,39.175,Sweden,sex_avg
SWE,1818,5,hld_n_tables_1,49.11,54.11,39.175,Sweden,sex_avg
SWE,1818,15,hld_n_tables_1,42.625,57.625,39.175,Sweden,sex_avg
SWE,1818,20,hld_n_tables_1,38.825,58.825,39.175,Sweden,sex_avg
SWE,1818,30,hld_n_tables_1,31.7,61.7,39.175,Sweden,sex_avg
SWE,1818,50,hld_n_tables_1,18.395,68.39500000000001,39.175,Sweden,sex_avg
SWE,1818,65,hld_n_tables_1,9.96,74.96000000000001,39.175,Sweden,sex_avg
SWE,1823,0,hld_n_tables_1,44.19499999999999,44.19499999999999,44.19499999999999,Sweden,sex_avg
SWE,1823,1,hld_n_tables_1,51.485,52.485,44.19499999999999,Sweden,sex_avg
SWE,1823,5,hld_n_tables_1,51.879999999999995,56.879999999999995,44.19499999999999,Sweden,sex_avg
SWE,1823,15,hld_n_tables_1,44.260000000000005,59.260000000000005,44.19499999999999,Sweden,sex_avg
SWE,1823,20,hld_n_tables_1,40.230000000000004,60.230000000000004,44.19499999999999,Sweden,sex_avg
SWE,1823,30,hld_n_tables_1,32.925,62.925,44.19499999999999,Sweden,sex_avg
SWE,1823,50,hld_n_tables_1,19.29,69.28999999999999,44.19499999999999,Sweden,sex_avg
SWE,1823,65,hld_n_tables_1,10.555,75.55499999999999,44.19499999999999,Sweden,sex_avg
SWE,1828,0,hld_n_tables_1,39.04,39.04,39.04,Sweden,sex_avg
SWE,1828,1,hld_n_tables_1,46.505,47.505,39.04,Sweden,sex_avg
SWE,1828,5,hld_n_tables_1,48.245000000000005,53.245000000000005,39.04,Sweden,sex_avg
SWE,1828,15,hld_n_tables_1,41.275,56.275,39.04,Sweden,sex_avg
SWE,1828,20,hld_n_tables_1,37.295,57.295,39.04,Sweden,sex_avg
SWE,1828,30,hld_n_tables_1,30.18,60.18,39.04,Sweden,sex_avg
SWE,1828,50,hld_n_tables_1,17.439999999999998,67.44,39.04,Sweden,sex_avg
SWE,1828,65,hld_n_tables_1,9.379999999999999,74.38,39.04,Sweden,sex_avg
SWE,1833,0,hld_n_tables_1,42.47,42.47,42.47,Sweden,sex_avg
SWE,1833,1,hld_n_tables_1,49.8,50.8,42.47,Sweden,sex_avg
SWE,1833,5,hld_n_tables_1,50.485,55.485,42.47,Sweden,sex_avg
SWE,1833,15,hld_n_tables_1,43.129999999999995,58.129999999999995,42.47,Sweden,sex_avg
SWE,1833,20,hld_n_tables_1,39.114999999999995,59.114999999999995,42.47,Sweden,sex_avg
SWE,1833,30,hld_n_tables_1,31.880000000000003,61.88,42.47,Sweden,sex_avg
SWE,1833,50,hld_n_tables_1,18.810000000000002,68.81,42.47,Sweden,sex_avg
SWE,1833,65,hld_n_tables_1,10.27,75.27000000000001,42.47,Sweden,sex_avg
SWE,1838,0,hld_n_tables_1,42.1,42.1,42.1,Sweden,sex_avg
SWE,1838,1,hld_n_tables_1,49.295,50.295,42.1,Sweden,sex_avg
SWE,1838,5,hld_n_tables_1,50.135000000000005,55.135000000000005,42.1,Sweden,sex_avg
SWE,1838,15,hld_n_tables_1,43.025,58.025,42.1,Sweden,sex_avg
SWE,1838,20,hld_n_tables_1,39.09,59.09,42.1,Sweden,sex_avg
SWE,1838,30,hld_n_tables_1,31.85,61.85,42.1,Sweden,sex_avg
SWE,1838,50,hld_n_tables_1,18.65,68.65,42.1,Sweden,sex_avg
SWE,1838,65,hld_n_tables_1,9.995000000000001,74.995,42.1,Sweden,sex_avg
SWE,1843,0,hld_n_tables_1,42.995000000000005,42.995000000000005,42.995000000000005,Sweden,sex_avg
SWE,1843,1,hld_n_tables_1,49.89,50.89,42.995000000000005,Sweden,sex_avg
SWE,1843,5,hld_n_tables_1,51.07,56.07,42.995000000000005,Sweden,sex_avg
SWE,1843,15,hld_n_tables_1,44.18,59.18,42.995000000000005,Sweden,sex_avg
SWE,1843,20,hld_n_tables_1,40.225,60.225,42.995000000000005,Sweden,sex_avg
SWE,1843,30,hld_n_tables_1,32.73,62.730000000000004,42.995000000000005,Sweden,sex_avg
SWE,1843,50,hld_n_tables_1,18.91,68.91,42.995000000000005,Sweden,sex_avg
SWE,1843,65,hld_n_tables_1,10.04,75.03999999999999,42.995000000000005,Sweden,sex_avg
SWE,1848,0,hld_n_tables_1,43.915,43.915,43.915,Sweden,sex_avg
SWE,1848,1,hld_n_tables_1,50.535,51.535,43.915,Sweden,sex_avg
SWE,1848,5,hld_n_tables_1,51.46,56.46,43.915,Sweden,sex_avg
SWE,1848,15,hld_n_tables_1,44.489999999999995,59.489999999999995,43.915,Sweden,sex_avg
SWE,1848,20,hld_n_tables_1,40.474999999999994,60.474999999999994,43.915,Sweden,sex_avg
SWE,1848,30,hld_n_tables_1,32.93,62.92999999999999,43.915,Sweden,sex_avg
SWE,1848,50,hld_n_tables_1,19.175,69.175,43.915,Sweden,sex_avg
SWE,1848,65,hld_n_tables_1,10.18,75.18,43.915,Sweden,sex_avg
SWE,1853,0,hld_n_tables_1,40.67,40.67,40.67,Sweden,sex_avg
SWE,1853,1,hld_n_tables_1,46.735,47.735,40.67,Sweden,sex_avg
SWE,1853,5,hld_n_tables_1,49.05,54.05,40.67,Sweden,sex_avg
SWE,1853,15,hld_n_tables_1,43.525,58.525,40.67,Sweden,sex_avg
SWE,1853,20,hld_n_tables_1,39.724999999999994,59.724999999999994,40.67,Sweden,sex_avg
SWE,1853,30,hld_n_tables_1,32.41,62.41,40.67,Sweden,sex_avg
SWE,1853,50,hld_n_tables_1,18.9,68.9,40.67,Sweden,sex_avg
SWE,1853,65,hld_n_tables_1,10.175,75.175,40.67,Sweden,sex_avg
SWE,1858,0,hld_n_tables_1,44.795,44.795,44.795,Sweden,sex_avg
SWE,1858,1,hld_n_tables_1,50.85,51.85,44.795,Sweden,sex_avg
SWE,1858,5,hld_n_tables_1,52.945,57.945,44.795,Sweden,sex_avg
SWE,1858,15,hld_n_tables_1,46.455,61.455,44.795,Sweden,sex_avg
SWE,1858,20,hld_n_tables_1,42.510000000000005,62.510000000000005,44.795,Sweden,sex_avg
SWE,1858,30,hld_n_tables_1,35.015,65.015,44.795,Sweden,sex_avg
SWE,1858,50,hld_n_tables_1,20.560000000000002,70.56,44.795,Sweden,sex_avg
SWE,1858,65,hld_n_tables_1,11.23,76.22999999999999,44.795,Sweden,sex_avg
SWE,1863,0,hld_n_tables_1,45.265,45.265,45.265,Sweden,sex_avg
SWE,1863,1,hld_n_tables_1,51.285,52.285,45.265,Sweden,sex_avg
SWE,1863,5,hld_n_tables_1,53.345,58.345,45.265,Sweden,sex_avg
SWE,1863,15,hld_n_tables_1,46.67,61.67,45.265,Sweden,sex_avg
SWE,1863,20,hld_n_tables_1,42.715,62.715,45.265,Sweden,sex_avg
SWE,1863,30,hld_n_tables_1,35.19499999999999,65.195,45.265,Sweden,sex_avg
SWE,1863,50,hld_n_tables_1,20.549999999999997,70.55000000000001,45.265,Sweden,sex_avg
SWE,1863,65,hld_n_tables_1,11.09,76.09,45.265,Sweden,sex_avg
SWE,1868,0,hld_n_tables_1,45.005,45.005,45.005,Sweden,sex_avg
SWE,1868,1,hld_n_tables_1,51.455,52.455,45.005,Sweden,sex_avg
SWE,1868,5,hld_n_tables_1,53.120000000000005,58.120000000000005,45.005,Sweden,sex_avg
SWE,1868,15,hld_n_tables_1,46.155,61.155,45.005,Sweden,sex_avg
SWE,1868,20,hld_n_tables_1,42.175,62.175,45.005,Sweden,sex_avg
SWE,1868,30,hld_n_tables_1,34.72,64.72,45.005,Sweden,sex_avg
SWE,1868,50,hld_n_tables_1,20.25,70.25,45.005,Sweden,sex_avg
SWE,1868,65,hld_n_tables_1,10.855,75.85499999999999,45.005,Sweden,sex_avg
SWE,1873,0,hld_n_tables_1,45.43,45.43,45.43,Sweden,sex_avg
SWE,1873,1,hld_n_tables_1,51.834999999999994,52.834999999999994,45.43,Sweden,sex_avg
SWE,1873,5,hld_n_tables_1,53.465,58.465,45.43,Sweden,sex_avg
SWE,1873,15,hld_n_tables_1,46.82,61.82,45.43,Sweden,sex_avg
SWE,1873,20,hld_n_tables_1,42.86,62.86,45.43,Sweden,sex_avg
SWE,1873,30,hld_n_tables_1,35.709999999999994,65.71000000000001,45.43,Sweden,sex_avg
SWE,1873,50,hld_n_tables_1,21.375,71.375,45.43,Sweden,sex_avg
SWE,1873,65,hld_n_tables_1,11.555,76.555,45.43,Sweden,sex_avg
SWE,1878,0,hld_n_tables_1,48.03,48.03,48.03,Sweden,sex_avg
SWE,1878,1,hld_n_tables_1,53.599999999999994,54.599999999999994,48.03,Sweden,sex_avg
SWE,1878,5,hld_n_tables_1,55.195,60.195,48.03,Sweden,sex_avg
SWE,1878,15,hld_n_tables_1,48.85,63.85000000000001,48.03,Sweden,sex_avg
SWE,1878,20,hld_n_tables_1,44.91,64.91,48.03,Sweden,sex_avg
SWE,1878,30,hld_n_tables_1,37.42,67.42,48.03,Sweden,sex_avg
SWE,1878,50,hld_n_tables_1,22.425,72.425,48.03,Sweden,sex_avg
SWE,1878,65,hld_n_tables_1,12.155000000000001,77.155,48.03,Sweden,sex_avg
SWE,1883,0,hld_n_tables_1,49.585,49.585,49.585,Sweden,sex_avg
SWE,1883,1,hld_n_tables_1,54.835,55.835,49.585,Sweden,sex_avg
SWE,1883,5,hld_n_tables_1,55.97,60.97,49.585,Sweden,sex_avg
SWE,1883,15,hld_n_tables_1,49.2,64.2,49.585,Sweden,sex_avg
SWE,1883,20,hld_n_tables_1,45.290000000000006,65.28999999999999,49.585,Sweden,sex_avg
SWE,1883,30,hld_n_tables_1,37.82,67.82000000000001,49.585,Sweden,sex_avg
SWE,1883,50,hld_n_tables_1,22.775,72.775,49.585,Sweden,sex_avg
SWE,1883,65,hld_n_tables_1,12.385,77.38499999999999,49.585,Sweden,sex_avg
SWE,1888,0,hld_n_tables_1,51.09,51.09,51.09,Sweden,sex_avg
SWE,1888,1,hld_n_tables_1,56.21,57.21,51.09,Sweden,sex_avg
SWE,1888,5,hld_n_tables_1,56.519999999999996,61.519999999999996,51.09,Sweden,sex_avg
SWE,1888,15,hld_n_tables_1,49.21,64.21000000000001,51.09,Sweden,sex_avg
SWE,1888,20,hld_n_tables_1,45.295,65.295,51.09,Sweden,sex_avg
SWE,1888,30,hld_n_tables_1,37.885,67.88499999999999,51.09,Sweden,sex_avg
SWE,1888,50,hld_n_tables_1,22.755000000000003,72.755,51.09,Sweden,sex_avg
SWE,1888,65,hld_n_tables_1,12.355,77.355,51.09,Sweden,sex_avg
SWE,1893,0,hld_n_tables_1,52.769999999999996,52.769999999999996,52.769999999999996,Sweden,sex_avg
SWE,1893,1,hld_n_tables_1,57.58,58.58,52.769999999999996,Sweden,sex_avg
SWE,1893,5,hld_n_tables_1,57.394999999999996,62.394999999999996,52.769999999999996,Sweden,sex_avg
SWE,1893,15,hld_n_tables_1,50.010000000000005,65.00999999999999,52.769999999999996,Sweden,sex_avg
SWE,1893,20,hld_n_tables_1,46.11,66.11,52.769999999999996,Sweden,sex_avg
SWE,1893,30,hld_n_tables_1,38.730000000000004,68.72999999999999,52.769999999999996,Sweden,sex_avg
SWE,1893,50,hld_n_tables_1,23.505,73.505,52.769999999999996,Sweden,sex_avg
SWE,1893,65,hld_n_tables_1,12.935,77.935,52.769999999999996,Sweden,sex_avg
SWE,1898,0,hld_n_tables_1,52.864999999999995,52.864999999999995,52.864999999999995,Sweden,sex_avg
SWE,1898,1,hld_n_tables_1,57.68,58.68,52.864999999999995,Sweden,sex_avg
SWE,1898,5,hld_n_tables_1,57.3,62.3,52.864999999999995,Sweden,sex_avg
SWE,1898,15,hld_n_tables_1,49.715,64.715,52.864999999999995,Sweden,sex_avg
SWE,1898,20,hld_n_tables_1,45.894999999999996,65.89500000000001,52.864999999999995,Sweden,sex_avg
SWE,1898,30,hld_n_tables_1,38.59,68.59,52.864999999999995,Sweden,sex_avg
SWE,1898,50,hld_n_tables_1,23.4,73.4,52.864999999999995,Sweden,sex_avg
SWE,1898,65,hld_n_tables_1,12.855,77.85499999999999,52.864999999999995,Sweden,sex_avg
SWE,1903,0,hld_n_tables_1,55.480000000000004,55.480000000000004,55.480000000000004,Sweden,sex_avg
SWE,1903,1,hld_n_tables_1,59.595,60.595,55.480000000000004,Sweden,sex_avg
SWE,1903,5,hld_n_tables_1,58.39,63.39,55.480000000000004,Sweden,sex_avg
SWE,1903,15,hld_n_tables_1,50.445,65.445,55.480000000000004,Sweden,sex_avg
SWE,1903,20,hld_n_tables_1,46.61,66.61,55.480000000000004,Sweden,sex_avg
SWE,1903,30,hld_n_tables_1,39.25,69.25,55.480000000000004,Sweden,sex_avg
SWE,1903,50,hld_n_tables_1,23.880000000000003,73.88,55.480000000000004,Sweden,sex_avg
SWE,1903,65,hld_n_tables_1,13.190000000000001,78.19,55.480000000000004,Sweden,sex_avg
SWE,1908,0,hld_n_tables_1,57.595,57.595,57.595,Sweden,sex_avg
SWE,1908,1,hld_n_tables_1,60.685,61.685,57.595,Sweden,sex_avg
SWE,1908,5,hld_n_tables_1,59.485,64.485,57.595,Sweden,sex_avg
SWE,1908,15,hld_n_tables_1,51.155,66.155,57.595,Sweden,sex_avg
SWE,1908,20,hld_n_tables_1,47.205,67.205,57.595,Sweden,sex_avg
SWE,1908,30,hld_n_tables_1,39.724999999999994,69.725,57.595,Sweden,sex_avg
SWE,1908,50,hld_n_tables_1,24.119999999999997,74.12,57.595,Sweden,sex_avg
SWE,1908,65,hld_n_tables_1,13.315000000000001,78.315,57.595,Sweden,sex_avg
SWE,1913,0,hld_n_tables_1,58.26,58.26,58.26,Sweden,sex_avg
SWE,1913,1,hld_n_tables_1,60.295,61.295,58.26,Sweden,sex_avg
SWE,1913,5,hld_n_tables_1,59.510000000000005,64.50999999999999,58.26,Sweden,sex_avg
SWE,1913,15,hld_n_tables_1,51.155,66.155,58.26,Sweden,sex_avg
SWE,1913,20,hld_n_tables_1,47.239999999999995,67.24,58.26,Sweden,sex_avg
SWE,1913,30,hld_n_tables_1,39.885000000000005,69.88499999999999,58.26,Sweden,sex_avg
SWE,1913,50,hld_n_tables_1,24.185000000000002,74.185,58.26,Sweden,sex_avg
SWE,1913,65,hld_n_tables_1,13.27,78.27000000000001,58.26,Sweden,sex_avg
SWE,1918,0,hld_n_tables_1,57.29,57.29,57.29,Sweden,sex_avg
SWE,1918,1,hld_n_tables_1,58.97,59.97,57.29,Sweden,sex_avg
SWE,1918,5,hld_n_tables_1,58.115,63.115,57.29,Sweden,sex_avg
SWE,1918,15,hld_n_tables_1,49.9,64.9,57.29,Sweden,sex_avg
SWE,1918,20,hld_n_tables_1,46.085,66.08500000000001,57.29,Sweden,sex_avg
SWE,1918,30,hld_n_tables_1,39.43,69.43,57.29,Sweden,sex_avg
SWE,1918,50,hld_n_tables_1,24.28,74.28,57.29,Sweden,sex_avg
SWE,1918,65,hld_n_tables_1,13.375,78.375,57.29,Sweden,sex_avg
SWE,1923,0,hld_n_tables_1,62.565,62.565,62.565,Sweden,sex_avg
SWE,1923,1,hld_n_tables_1,64.22,65.22,62.565,Sweden,sex_avg
SWE,1923,5,hld_n_tables_1,62.445,67.445,62.565,Sweden,sex_avg
SWE,1923,15,hld_n_tables_1,53.54,68.53999999999999,62.565,Sweden,sex_avg
SWE,1923,20,hld_n_tables_1,49.335,69.33500000000001,62.565,Sweden,sex_avg
SWE,1923,30,hld_n_tables_1,41.349999999999994,71.35,62.565,Sweden,sex_avg
SWE,1923,50,hld_n_tables_1,24.810000000000002,74.81,62.565,Sweden,sex_avg
SWE,1923,65,hld_n_tables_1,13.64,78.64,62.565,Sweden,sex_avg
SWE,1928,0,hld_n_tables_1,63.025000000000006,63.025000000000006,63.025000000000006,Sweden,sex_avg
SWE,1928,1,hld_n_tables_1,64.73,65.73,63.025000000000006,Sweden,sex_avg
SWE,1928,5,hld_n_tables_1,62.735,67.735,63.025000000000006,Sweden,sex_avg
SWE,1928,15,hld_n_tables_1,53.705,68.705,63.025000000000006,Sweden,sex_avg
SWE,1928,20,hld_n_tables_1,49.44,69.44,63.025000000000006,Sweden,sex_avg
SWE,1928,30,hld_n_tables_1,41.265,71.265,63.025000000000006,Sweden,sex_avg
SWE,1928,50,hld_n_tables_1,24.634999999999998,74.63499999999999,63.025000000000006,Sweden,sex_avg
SWE,1928,65,hld_n_tables_1,13.455,78.455,63.025000000000006,Sweden,sex_avg
SWE,1933,0,hld_n_tables_1,64.91499999999999,64.91499999999999,64.91499999999999,Sweden,sex_avg
SWE,1933,1,hld_n_tables_1,66.345,67.345,64.91499999999999,Sweden,sex_avg
SWE,1933,5,hld_n_tables_1,63.92,68.92,64.91499999999999,Sweden,sex_avg
SWE,1933,15,hld_n_tables_1,54.754999999999995,69.755,64.91499999999999,Sweden,sex_avg
SWE,1933,20,hld_n_tables_1,50.355000000000004,70.355,64.91499999999999,Sweden,sex_avg
SWE,1933,30,hld_n_tables_1,41.835,71.83500000000001,64.91499999999999,Sweden,sex_avg
SWE,1933,50,hld_n_tables_1,24.759999999999998,74.75999999999999,64.91499999999999,Sweden,sex_avg
SWE,1933,65,hld_n_tables_1,13.465,78.465,64.91499999999999,Sweden,sex_avg
SWE,1938,0,hld_n_tables_1,67.00999999999999,67.00999999999999,67.00999999999999,Sweden,sex_avg
SWE,1938,1,hld_n_tables_1,68.11,69.11,67.00999999999999,Sweden,sex_avg
SWE,1938,5,hld_n_tables_1,65.33,70.33,67.00999999999999,Sweden,sex_avg
SWE,1938,15,hld_n_tables_1,55.935,70.935,67.00999999999999,Sweden,sex_avg
SWE,1938,20,hld_n_tables_1,51.379999999999995,71.38,67.00999999999999,Sweden,sex_avg
SWE,1938,30,hld_n_tables_1,42.58,72.58,67.00999999999999,Sweden,sex_avg
SWE,1938,50,hld_n_tables_1,25.08,75.08000000000001,67.00999999999999,Sweden,sex_avg
SWE,1938,65,hld_n_tables_1,13.585,78.58500000000001,67.00999999999999,Sweden,sex_avg
SWE,1943,0,hld_n_tables_1,68.86,68.86,68.86,Sweden,sex_avg
SWE,1943,1,hld_n_tables_1,69.475,70.475,68.86,Sweden,sex_avg
SWE,1943,5,hld_n_tables_1,66.35499999999999,71.35499999999999,68.86,Sweden,sex_avg
SWE,1943,15,hld_n_tables_1,56.915,71.91499999999999,68.86,Sweden,sex_avg
SWE,1943,20,hld_n_tables_1,52.315,72.315,68.86,Sweden,sex_avg
SWE,1943,30,hld_n_tables_1,43.42,73.42,68.86,Sweden,sex_avg
SWE,1943,50,hld_n_tables_1,25.59,75.59,68.86,Sweden,sex_avg
SWE,1943,65,hld_n_tables_1,13.905000000000001,78.905,68.86,Sweden,sex_avg
SWE,1948,0,hld_n_tables_1,71.355,71.355,71.355,Sweden,sex_avg
SWE,1948,1,hld_n_tables_1,71.69999999999999,72.69999999999999,71.355,Sweden,sex_avg
SWE,1948,5,hld_n_tables_1,68.22,73.22,71.355,Sweden,sex_avg
SWE,1948,15,hld_n_tables_1,58.575,73.575,71.355,Sweden,sex_avg
SWE,1948,20,hld_n_tables_1,53.790000000000006,73.79,71.355,Sweden,sex_avg
SWE,1948,30,hld_n_tables_1,44.370000000000005,74.37,71.355,Sweden,sex_avg
SWE,1948,50,hld_n_tables_1,26.025,76.025,71.355,Sweden,sex_avg
SWE,1948,65,hld_n_tables_1,14.120000000000001,79.12,71.355,Sweden,sex_avg
SWE,1953,0,hld_n_tables_1,72.565,72.565,72.565,Sweden,sex_avg
SWE,1953,1,hld_n_tables_1,72.74000000000001,73.74000000000001,72.565,Sweden,sex_avg
SWE,1953,5,hld_n_tables_1,69.155,74.155,72.565,Sweden,sex_avg
SWE,1953,15,hld_n_tables_1,59.45,74.44999999999999,72.565,Sweden,sex_avg
SWE,1953,20,hld_n_tables_1,54.650000000000006,74.65,72.565,Sweden,sex_avg
SWE,1953,30,hld_n_tables_1,45.114999999999995,75.115,72.565,Sweden,sex_avg
SWE,1953,50,hld_n_tables_1,26.545,76.545,72.565,Sweden,sex_avg
SWE,1953,65,hld_n_tables_1,14.440000000000001,79.44,72.565,Sweden,sex_avg
SWE,1958,0,hld_n_tables_1,73.345,73.345,73.345,Sweden,sex_avg
SWE,1958,1,hld_n_tables_1,73.47999999999999,74.47999999999999,73.345,Sweden,sex_avg
SWE,1958,5,hld_n_tables_1,69.775,74.775,73.345,Sweden,sex_avg
SWE,1958,15,hld_n_tables_1,60.03,75.03,73.345,Sweden,sex_avg
SWE,1958,20,hld_n_tables_1,55.21,75.21000000000001,73.345,Sweden,sex_avg
SWE,1958,30,hld_n_tables_1,45.620000000000005,75.62,73.345,Sweden,sex_avg
SWE,1958,50,hld_n_tables_1,26.93,76.93,73.345,Sweden,sex_avg
SWE,1958,65,hld_n_tables_1,14.665,79.66499999999999,73.345,Sweden,sex_avg
SYR,1998,0,hld_n_tables_1,70.24000000000001,70.24000000000001,70.24000000000001,SYR,sex_avg
SYR,1998,1,hld_n_tables_1,71.22,72.22,70.24000000000001,SYR,sex_avg
SYR,1998,5,hld_n_tables_1,67.63,72.63,70.24000000000001,SYR,sex_avg
SYR,1998,15,hld_n_tables_1,57.959999999999994,72.96,70.24000000000001,SYR,sex_avg
SYR,1998,20,hld_n_tables_1,53.195,73.19500000000001,70.24000000000001,SYR,sex_avg
SYR,1998,30,hld_n_tables_1,43.785,73.785,70.24000000000001,SYR,sex_avg
SYR,1998,50,hld_n_tables_1,25.555,75.555,70.24000000000001,SYR,sex_avg
SYR,1998,65,hld_n_tables_1,13.870000000000001,78.87,70.24000000000001,SYR,sex_avg
TGO,1961,0,hld_n_tables_1,36.730000000000004,36.730000000000004,36.730000000000004,TGO,sex_avg
TGO,1961,1,hld_n_tables_1,41.175,42.175,36.730000000000004,TGO,sex_avg
TGO,1961,5,hld_n_tables_1,44.885,49.885,36.730000000000004,TGO,sex_avg
TGO,1961,15,hld_n_tables_1,38.230000000000004,53.230000000000004,36.730000000000004,TGO,sex_avg
TGO,1961,20,hld_n_tables_1,35.224999999999994,55.224999999999994,36.730000000000004,TGO,sex_avg
TGO,1961,30,hld_n_tables_1,29.644999999999996,59.644999999999996,36.730000000000004,TGO,sex_avg
TGO,1961,50,hld_n_tables_1,17.814999999999998,67.815,36.730000000000004,TGO,sex_avg
TGO,1961,65,hld_n_tables_1,10.195,75.195,36.730000000000004,TGO,sex_avg
THA,1960,0,hld_n_tables_1,60.245,60.245,60.245,THA,sex_avg
THA,1960,1,hld_n_tables_1,63.96,64.96000000000001,60.245,THA,sex_avg
THA,1960,5,hld_n_tables_1,62.725,67.725,60.245,THA,sex_avg
THA,1960,15,hld_n_tables_1,54.27,69.27000000000001,60.245,THA,sex_avg
THA,1960,20,hld_n_tables_1,49.82,69.82,60.245,THA,sex_avg
THA,1960,30,hld_n_tables_1,41.260000000000005,71.25999999999999,60.245,THA,sex_avg
THA,1960,50,hld_n_tables_1,25.33,75.33,60.245,THA,sex_avg
THA,1960,65,hld_n_tables_1,14.805,79.805,60.245,THA,sex_avg
THA,2005,0,hld_n_tables_1,72.58,72.58,72.58,THA,sex_avg
THA,2005,1,hld_n_tables_1,72.295,73.295,72.58,THA,sex_avg
THA,2005,5,hld_n_tables_1,68.555,73.555,72.58,THA,sex_avg
THA,2005,15,hld_n_tables_1,58.9,73.9,72.58,THA,sex_avg
THA,2005,20,hld_n_tables_1,54.225,74.225,72.58,THA,sex_avg
THA,2005,30,hld_n_tables_1,44.955,74.955,72.58,THA,sex_avg
THA,2005,50,hld_n_tables_1,27.134999999999998,77.13499999999999,72.58,THA,sex_avg
THA,2005,65,hld_n_tables_1,15.43,80.43,72.58,THA,sex_avg
TLS,2002,0,hld_n_tables_1,58.129999999999995,58.129999999999995,58.129999999999995,TLS,sex_avg
TLS,2002,1,hld_n_tables_1,63.394999999999996,64.395,58.129999999999995,TLS,sex_avg
TLS,2002,5,hld_n_tables_1,61.45,66.45,58.129999999999995,TLS,sex_avg
TLS,2002,15,hld_n_tables_1,52.46,67.46000000000001,58.129999999999995,TLS,sex_avg
TLS,2002,20,hld_n_tables_1,48.015,68.015,58.129999999999995,TLS,sex_avg
TLS,2002,30,hld_n_tables_1,39.41,69.41,58.129999999999995,TLS,sex_avg
TLS,2002,50,hld_n_tables_1,22.66,72.66,58.129999999999995,TLS,sex_avg
TLS,2002,65,hld_n_tables_1,12.07,77.07,58.129999999999995,TLS,sex_avg
TLS,2008,0,hld_n_tables_1,59.32,59.32,59.32,TLS,sex_avg
TLS,2008,1,hld_n_tables_1,63.015,64.015,59.32,TLS,sex_avg
TLS,2008,5,hld_n_tables_1,60.215,65.215,59.32,TLS,sex_avg
TLS,2008,15,hld_n_tables_1,52.07,67.07,59.32,TLS,sex_avg
TLS,2008,20,hld_n_tables_1,47.86,67.86,59.32,TLS,sex_avg
TLS,2008,30,hld_n_tables_1,39.754999999999995,69.755,59.32,TLS,sex_avg
TLS,2008,50,hld_n_tables_1,23.745,73.745,59.32,TLS,sex_avg
TLS,2008,65,hld_n_tables_1,13.005,78.005,59.32,TLS,sex_avg
TLS,2010,0,hld_n_tables_1,64.41499999999999,64.41499999999999,64.41499999999999,TLS,sex_avg
TLS,2010,1,hld_n_tables_1,67.21000000000001,68.21000000000001,64.41499999999999,TLS,sex_avg
TLS,2010,5,hld_n_tables_1,64.32499999999999,69.32499999999999,64.41499999999999,TLS,sex_avg
TLS,2010,15,hld_n_tables_1,56.105000000000004,71.10499999999999,64.41499999999999,TLS,sex_avg
TLS,2010,20,hld_n_tables_1,51.765,71.76499999999999,64.41499999999999,TLS,sex_avg
TLS,2010,30,hld_n_tables_1,43.265,73.265,64.41499999999999,TLS,sex_avg
TLS,2010,50,hld_n_tables_1,26.61,76.61,64.41499999999999,TLS,sex_avg
TLS,2010,65,hld_n_tables_1,15.535,80.535,64.41499999999999,TLS,sex_avg
TLS,2022,0,hld_n_tables_1,66.635,66.635,66.635,TLS,sex_avg
TLS,2022,1,hld_n_tables_1,68.57499999999999,69.57499999999999,66.635,TLS,sex_avg
TLS,2022,5,hld_n_tables_1,67.625,72.625,66.635,TLS,sex_avg
TLS,2022,15,hld_n_tables_1,59.135000000000005,74.135,66.635,TLS,sex_avg
TLS,2022,20,hld_n_tables_1,54.765,74.765,66.635,TLS,sex_avg
TLS,2022,30,hld_n_tables_1,46.23,76.22999999999999,66.635,TLS,sex_avg
TLS,2022,50,hld_n_tables_1,29.4,79.4,66.635,TLS,sex_avg
TLS,2022,65,hld_n_tables_1,18.195,83.195,66.635,TLS,sex_avg
TON,1996,0,hld_n_tables_1,70.785,70.785,70.785,TON,sex_avg
TON,1996,1,hld_n_tables_1,71.06,72.06,70.785,TON,sex_avg
TON,1996,5,hld_n_tables_1,67.36,72.36,70.785,TON,sex_avg
TON,1996,15,hld_n_tables_1,57.620000000000005,72.62,70.785,TON,sex_avg
TON,1996,20,hld_n_tables_1,52.805,72.805,70.785,TON,sex_avg
TON,1996,30,hld_n_tables_1,43.295,73.295,70.785,TON,sex_avg
TON,1996,50,hld_n_tables_1,24.92,74.92,70.785,TON,sex_avg
TON,1996,65,hld_n_tables_1,13.52,78.52,70.785,TON,sex_avg
TON,2006,0,hld_n_tables_1,70.28,70.28,70.28,TON,sex_avg
TON,2006,1,hld_n_tables_1,70.63,71.63,70.28,TON,sex_avg
TON,2006,5,hld_n_tables_1,66.83500000000001,71.83500000000001,70.28,TON,sex_avg
TON,2006,15,hld_n_tables_1,57.254999999999995,72.255,70.28,TON,sex_avg
TON,2006,20,hld_n_tables_1,52.555,72.555,70.28,TON,sex_avg
TON,2006,30,hld_n_tables_1,43.065,73.065,70.28,TON,sex_avg
TON,2006,50,hld_n_tables_1,25.4,75.4,70.28,TON,sex_avg
TON,2006,65,hld_n_tables_1,14.365,79.36500000000001,70.28,TON,sex_avg
TON,2011,0,hld_n_tables_1,71.375,71.375,71.375,TON,sex_avg
TON,2011,1,hld_n_tables_1,71.715,72.715,71.375,TON,sex_avg
TON,2011,5,hld_n_tables_1,67.92500000000001,72.92500000000001,71.375,TON,sex_avg
TON,2011,15,hld_n_tables_1,58.1,73.1,71.375,TON,sex_avg
TON,2011,20,hld_n_tables_1,53.269999999999996,73.27,71.375,TON,sex_avg
TON,2011,30,hld_n_tables_1,43.735,73.735,71.375,TON,sex_avg
TON,2011,50,hld_n_tables_1,25.744999999999997,75.745,71.375,TON,sex_avg
TON,2011,65,hld_n_tables_1,14.594999999999999,79.595,71.375,TON,sex_avg
TON,2016,0,hld_n_tables_1,72.145,72.145,72.145,TON,sex_avg
TON,2016,1,hld_n_tables_1,71.68,72.68,72.145,TON,sex_avg
TON,2016,5,hld_n_tables_1,67.855,72.855,72.145,TON,sex_avg
TON,2016,15,hld_n_tables_1,57.965,72.965,72.145,TON,sex_avg
TON,2016,20,hld_n_tables_1,53.065,73.065,72.145,TON,sex_avg
TON,2016,30,hld_n_tables_1,43.61,73.61,72.145,TON,sex_avg
TON,2016,50,hld_n_tables_1,25.625,75.625,72.145,TON,sex_avg
TON,2016,65,hld_n_tables_1,14.225,79.225,72.145,TON,sex_avg
TTO,1954,0,hld_n_tables_1,60.92,60.92,60.92,TTO,sex_avg
TTO,1954,1,hld_n_tables_1,64.36500000000001,65.36500000000001,60.92,TTO,sex_avg
TTO,1954,5,hld_n_tables_1,61.39,66.39,60.92,TTO,sex_avg
TTO,1954,15,hld_n_tables_1,51.9,66.9,60.92,TTO,sex_avg
TTO,1954,20,hld_n_tables_1,47.275000000000006,67.275,60.92,TTO,sex_avg
TTO,1954,30,hld_n_tables_1,38.505,68.50500000000001,60.92,TTO,sex_avg
TTO,1954,50,hld_n_tables_1,22.225,72.225,60.92,TTO,sex_avg
TTO,1954,65,hld_n_tables_1,12.335,77.335,60.92,TTO,sex_avg
TTO,1955,0,hld_n_tables_1,60.75,60.75,60.75,TTO,sex_avg
TTO,1955,1,hld_n_tables_1,63.849999999999994,64.85,60.75,TTO,sex_avg
TTO,1955,5,hld_n_tables_1,60.83,65.83,60.75,TTO,sex_avg
TTO,1955,15,hld_n_tables_1,51.3,66.3,60.75,TTO,sex_avg
TTO,1955,20,hld_n_tables_1,46.75,66.75,60.75,TTO,sex_avg
TTO,1955,30,hld_n_tables_1,37.925,67.925,60.75,TTO,sex_avg
TTO,1955,50,hld_n_tables_1,21.36,71.36,60.75,TTO,sex_avg
TTO,1955,65,hld_n_tables_1,11.365,76.36500000000001,60.75,TTO,sex_avg
TTO,1956,0,hld_n_tables_1,61.765,61.765,61.765,TTO,sex_avg
TTO,1956,1,hld_n_tables_1,64.8,65.80000000000001,61.765,TTO,sex_avg
TTO,1956,5,hld_n_tables_1,61.785,66.785,61.765,TTO,sex_avg
TTO,1956,15,hld_n_tables_1,52.295,67.295,61.765,TTO,sex_avg
TTO,1956,20,hld_n_tables_1,47.595,67.595,61.765,TTO,sex_avg
TTO,1956,30,hld_n_tables_1,38.445,68.445,61.765,TTO,sex_avg
TTO,1956,50,hld_n_tables_1,21.380000000000003,71.38,61.765,TTO,sex_avg
TTO,1956,65,hld_n_tables_1,11.205,76.205,61.765,TTO,sex_avg
TTO,1959,0,hld_n_tables_1,63.95,63.95,63.95,TTO,sex_avg
TTO,1959,1,hld_n_tables_1,66.595,67.595,63.95,TTO,sex_avg
TTO,1959,5,hld_n_tables_1,63.4,68.4,63.95,TTO,sex_avg
TTO,1959,15,hld_n_tables_1,53.760000000000005,68.76,63.95,TTO,sex_avg
TTO,1959,20,hld_n_tables_1,49.055,69.055,63.95,TTO,sex_avg
TTO,1959,30,hld_n_tables_1,39.82,69.82,63.95,TTO,sex_avg
TTO,1959,50,hld_n_tables_1,22.53,72.53,63.95,TTO,sex_avg
TTO,1959,65,hld_n_tables_1,12.575,77.57499999999999,63.95,TTO,sex_avg
TTO,1980,0,hld_n_tables_1,68.91999999999999,68.91999999999999,68.91999999999999,TTO,sex_avg
TTO,1980,1,hld_n_tables_1,69.21000000000001,70.21000000000001,68.91999999999999,TTO,sex_avg
TTO,1980,5,hld_n_tables_1,65.565,70.565,68.91999999999999,TTO,sex_avg
TTO,1980,15,hld_n_tables_1,55.845,70.845,68.91999999999999,TTO,sex_avg
TTO,1980,20,hld_n_tables_1,51.075,71.075,68.91999999999999,TTO,sex_avg
TTO,1980,30,hld_n_tables_1,41.705,71.705,68.91999999999999,TTO,sex_avg
TTO,1980,50,hld_n_tables_1,24.03,74.03,68.91999999999999,TTO,sex_avg
TTO,1980,65,hld_n_tables_1,13.434999999999999,78.435,68.91999999999999,TTO,sex_avg
TTO,1990,0,hld_n_tables_1,70.27,70.27,70.27,TTO,sex_avg
TTO,1990,1,hld_n_tables_1,70.07,71.07,70.27,TTO,sex_avg
TTO,1990,5,hld_n_tables_1,66.28,71.28,70.27,TTO,sex_avg
TTO,1990,15,hld_n_tables_1,56.519999999999996,71.52,70.27,TTO,sex_avg
TTO,1990,20,hld_n_tables_1,51.724999999999994,71.725,70.27,TTO,sex_avg
TTO,1990,30,hld_n_tables_1,42.405,72.405,70.27,TTO,sex_avg
TTO,1990,50,hld_n_tables_1,24.655,74.655,70.27,TTO,sex_avg
TTO,1990,65,hld_n_tables_1,13.93,78.93,70.27,TTO,sex_avg
TTO,2011,0,hld_n_tables_1,73.695,73.695,73.695,TTO,sex_avg
TTO,2011,1,hld_n_tables_1,73.78,74.78,73.695,TTO,sex_avg
TTO,2011,5,hld_n_tables_1,69.91,74.91,73.695,TTO,sex_avg
TTO,2011,15,hld_n_tables_1,60.08,75.08,73.695,TTO,sex_avg
TTO,2011,20,hld_n_tables_1,55.355000000000004,75.355,73.695,TTO,sex_avg
TTO,2011,30,hld_n_tables_1,46.345,76.345,73.695,TTO,sex_avg
TTO,2011,50,hld_n_tables_1,28.615000000000002,78.615,73.695,TTO,sex_avg
TTO,2011,65,hld_n_tables_1,16.66,81.66,73.695,TTO,sex_avg
TWN,1906,0,hld_n_tables_1,23.085,23.085,23.085,TWN,sex_avg
TWN,1906,1,hld_n_tables_1,31.759999999999998,32.76,23.085,TWN,sex_avg
TWN,1906,5,hld_n_tables_1,37.325,42.325,23.085,TWN,sex_avg
TWN,1906,15,hld_n_tables_1,31.91,46.91,23.085,TWN,sex_avg
TWN,1906,20,hld_n_tables_1,28.625,48.625,23.085,TWN,sex_avg
TWN,1906,30,hld_n_tables_1,23.119999999999997,53.12,23.085,TWN,sex_avg
TWN,1906,50,hld_n_tables_1,14.04,64.03999999999999,23.085,TWN,sex_avg
TWN,1906,65,hld_n_tables_1,8.395,73.39500000000001,23.085,TWN,sex_avg
TWN,1909,0,hld_n_tables_1,30.755000000000003,30.755000000000003,30.755000000000003,TWN,sex_avg
TWN,1909,1,hld_n_tables_1,39.11,40.11,30.755000000000003,TWN,sex_avg
TWN,1909,5,hld_n_tables_1,42.055,47.055,30.755000000000003,TWN,sex_avg
TWN,1909,15,hld_n_tables_1,35.28,50.28,30.755000000000003,TWN,sex_avg
TWN,1909,20,hld_n_tables_1,31.545,51.545,30.755000000000003,TWN,sex_avg
TWN,1909,30,hld_n_tables_1,25.355,55.355000000000004,30.755000000000003,TWN,sex_avg
TWN,1909,50,hld_n_tables_1,15.335,65.33500000000001,30.755000000000003,TWN,sex_avg
TWN,1909,65,hld_n_tables_1,9.065,74.065,30.755000000000003,TWN,sex_avg
TWN,1914,0,hld_n_tables_1,30.705,30.705,30.705,TWN,sex_avg
TWN,1914,1,hld_n_tables_1,38.975,39.975,30.705,TWN,sex_avg
TWN,1914,5,hld_n_tables_1,41.845,46.845,30.705,TWN,sex_avg
TWN,1914,15,hld_n_tables_1,34.985,49.985,30.705,TWN,sex_avg
TWN,1914,20,hld_n_tables_1,31.305,51.30500000000001,30.705,TWN,sex_avg
TWN,1914,30,hld_n_tables_1,25.229999999999997,55.23,30.705,TWN,sex_avg
TWN,1914,50,hld_n_tables_1,14.945,64.945,30.705,TWN,sex_avg
TWN,1914,65,hld_n_tables_1,8.64,73.64,30.705,TWN,sex_avg
TWN,1919,0,hld_n_tables_1,31.025,31.025,31.025,TWN,sex_avg
TWN,1919,1,hld_n_tables_1,39.55,40.55,31.025,TWN,sex_avg
TWN,1919,5,hld_n_tables_1,42.68,47.68,31.025,TWN,sex_avg
TWN,1919,15,hld_n_tables_1,35.894999999999996,50.894999999999996,31.025,TWN,sex_avg
TWN,1919,20,hld_n_tables_1,32.315,52.315,31.025,TWN,sex_avg
TWN,1919,30,hld_n_tables_1,26.465,56.465,31.025,TWN,sex_avg
TWN,1919,50,hld_n_tables_1,16.075,66.07499999999999,31.025,TWN,sex_avg
TWN,1919,65,hld_n_tables_1,9.235,74.235,31.025,TWN,sex_avg
TWN,1924,0,hld_n_tables_1,38.66,38.66,38.66,TWN,sex_avg
TWN,1924,1,hld_n_tables_1,46.375,47.375,38.66,TWN,sex_avg
TWN,1924,5,hld_n_tables_1,47.644999999999996,52.644999999999996,38.66,TWN,sex_avg
TWN,1924,15,hld_n_tables_1,40.005,55.005,38.66,TWN,sex_avg
TWN,1924,20,hld_n_tables_1,36.095,56.095,38.66,TWN,sex_avg
TWN,1924,30,hld_n_tables_1,29.195,59.19499999999999,38.66,TWN,sex_avg
TWN,1924,50,hld_n_tables_1,17.3,67.30000000000001,38.66,TWN,sex_avg
TWN,1924,65,hld_n_tables_1,9.760000000000002,74.75999999999999,38.66,TWN,sex_avg
TWN,1929,0,hld_n_tables_1,45.120000000000005,45.120000000000005,45.120000000000005,TWN,sex_avg
TWN,1929,1,hld_n_tables_1,51.855000000000004,52.855000000000004,45.120000000000005,TWN,sex_avg
TWN,1929,5,hld_n_tables_1,51.835,56.835,45.120000000000005,TWN,sex_avg
TWN,1929,15,hld_n_tables_1,43.625,58.625,45.120000000000005,TWN,sex_avg
TWN,1929,20,hld_n_tables_1,39.575,59.575,45.120000000000005,TWN,sex_avg
TWN,1929,30,hld_n_tables_1,32.18,62.18,45.120000000000005,TWN,sex_avg
TWN,1929,50,hld_n_tables_1,18.8,68.8,45.120000000000005,TWN,sex_avg
TWN,1929,65,hld_n_tables_1,10.425,75.42500000000001,45.120000000000005,TWN,sex_avg
TWN,1934,0,hld_n_tables_1,45.1,45.1,45.1,TWN,sex_avg
TWN,1934,1,hld_n_tables_1,51.980000000000004,52.980000000000004,45.1,TWN,sex_avg
TWN,1934,5,hld_n_tables_1,52.095,57.095,45.1,TWN,sex_avg
TWN,1934,15,hld_n_tables_1,43.95,58.95,45.1,TWN,sex_avg
TWN,1934,20,hld_n_tables_1,39.91,59.91,45.1,TWN,sex_avg
TWN,1934,30,hld_n_tables_1,32.47,62.470000000000006,45.1,TWN,sex_avg
TWN,1934,50,hld_n_tables_1,18.884999999999998,68.88499999999999,45.1,TWN,sex_avg
TWN,1934,65,hld_n_tables_1,10.469999999999999,75.47,45.1,TWN,sex_avg
TWN,1939,0,hld_n_tables_1,46.175,46.175,46.175,TWN,sex_avg
TWN,1939,1,hld_n_tables_1,53.0,54.0,46.175,TWN,sex_avg
TWN,1939,5,hld_n_tables_1,53.015,58.015,46.175,TWN,sex_avg
TWN,1939,15,hld_n_tables_1,44.775000000000006,59.775000000000006,46.175,TWN,sex_avg
TWN,1939,20,hld_n_tables_1,40.66,60.66,46.175,TWN,sex_avg
TWN,1939,30,hld_n_tables_1,33.0,63.0,46.175,TWN,sex_avg
TWN,1939,50,hld_n_tables_1,18.985,68.985,46.175,TWN,sex_avg
TWN,1939,65,hld_n_tables_1,10.52,75.52,46.175,TWN,sex_avg
TWN,1950,0,hld_n_tables_1,53.150000000000006,53.150000000000006,53.150000000000006,TWN,sex_avg
TWN,1950,1,hld_n_tables_1,59.245000000000005,60.245000000000005,53.150000000000006,TWN,sex_avg
TWN,1950,5,hld_n_tables_1,58.480000000000004,63.480000000000004,53.150000000000006,TWN,sex_avg
TWN,1950,15,hld_n_tables_1,49.94,64.94,53.150000000000006,TWN,sex_avg
TWN,1950,20,hld_n_tables_1,45.42,65.42,53.150000000000006,TWN,sex_avg
TWN,1950,30,hld_n_tables_1,36.894999999999996,66.89500000000001,53.150000000000006,TWN,sex_avg
TWN,1950,50,hld_n_tables_1,21.17,71.17,53.150000000000006,TWN,sex_avg
TWN,1950,65,hld_n_tables_1,11.69,76.69,53.150000000000006,TWN,sex_avg
TWN,1955,0,hld_n_tables_1,61.565,61.565,61.565,TWN,sex_avg
TWN,1955,1,hld_n_tables_1,64.645,65.645,61.565,TWN,sex_avg
TWN,1955,5,hld_n_tables_1,62.345,67.345,61.565,TWN,sex_avg
TWN,1955,15,hld_n_tables_1,53.129999999999995,68.13,61.565,TWN,sex_avg
TWN,1955,20,hld_n_tables_1,48.465,68.465,61.565,TWN,sex_avg
TWN,1955,30,hld_n_tables_1,39.42,69.42,61.565,TWN,sex_avg
TWN,1955,50,hld_n_tables_1,22.46,72.46,61.565,TWN,sex_avg
TWN,1955,65,hld_n_tables_1,12.190000000000001,77.19,61.565,TWN,sex_avg
TWN,1959,0,hld_n_tables_1,64.055,64.055,64.055,TWN,sex_avg
TWN,1959,1,hld_n_tables_1,65.22,66.22,64.055,TWN,sex_avg
TWN,1959,5,hld_n_tables_1,63.285000000000004,68.285,64.055,TWN,sex_avg
TWN,1959,15,hld_n_tables_1,53.85,68.85,64.055,TWN,sex_avg
TWN,1959,20,hld_n_tables_1,49.195,69.195,64.055,TWN,sex_avg
TWN,1959,30,hld_n_tables_1,40.215,70.215,64.055,TWN,sex_avg
TWN,1959,50,hld_n_tables_1,22.814999999999998,72.815,64.055,TWN,sex_avg
TWN,1959,65,hld_n_tables_1,12.08,77.08000000000001,64.055,TWN,sex_avg
TWN,1962,0,hld_n_tables_1,65.055,65.055,65.055,TWN,sex_avg
TWN,1962,1,hld_n_tables_1,66.10499999999999,67.10499999999999,65.055,TWN,sex_avg
TWN,1962,5,hld_n_tables_1,63.769999999999996,68.77,65.055,TWN,sex_avg
TWN,1962,15,hld_n_tables_1,54.3,69.30000000000001,65.055,TWN,sex_avg
TWN,1962,20,hld_n_tables_1,49.65,69.65,65.055,TWN,sex_avg
TWN,1962,30,hld_n_tables_1,40.635000000000005,70.635,65.055,TWN,sex_avg
TWN,1962,50,hld_n_tables_1,23.130000000000003,73.13,65.055,TWN,sex_avg
TWN,1962,65,hld_n_tables_1,12.245,77.245,65.055,TWN,sex_avg
TWN,1963,0,hld_n_tables_1,65.705,65.705,65.705,TWN,sex_avg
TWN,1963,1,hld_n_tables_1,66.58500000000001,67.58500000000001,65.705,TWN,sex_avg
TWN,1963,5,hld_n_tables_1,64.14,69.13999999999999,65.705,TWN,sex_avg
TWN,1963,15,hld_n_tables_1,54.64,69.64,65.705,TWN,sex_avg
TWN,1963,20,hld_n_tables_1,49.96,69.96000000000001,65.705,TWN,sex_avg
TWN,1963,30,hld_n_tables_1,40.92,70.92,65.705,TWN,sex_avg
TWN,1963,50,hld_n_tables_1,23.425,73.42500000000001,65.705,TWN,sex_avg
TWN,1963,65,hld_n_tables_1,12.41,77.41,65.705,TWN,sex_avg
TWN,1964,0,hld_n_tables_1,66.50999999999999,66.50999999999999,66.50999999999999,TWN,sex_avg
TWN,1964,1,hld_n_tables_1,67.215,68.215,66.50999999999999,TWN,sex_avg
TWN,1964,5,hld_n_tables_1,64.525,69.525,66.50999999999999,TWN,sex_avg
TWN,1964,15,hld_n_tables_1,54.95,69.95,66.50999999999999,TWN,sex_avg
TWN,1964,20,hld_n_tables_1,50.254999999999995,70.255,66.50999999999999,TWN,sex_avg
TWN,1964,30,hld_n_tables_1,41.225,71.225,66.50999999999999,TWN,sex_avg
TWN,1964,50,hld_n_tables_1,23.645,73.64500000000001,66.50999999999999,TWN,sex_avg
TWN,1964,65,hld_n_tables_1,12.635000000000002,77.635,66.50999999999999,TWN,sex_avg
TWN,1965,0,hld_n_tables_1,67.215,67.215,67.215,TWN,sex_avg
TWN,1965,1,hld_n_tables_1,67.81,68.81,67.215,TWN,sex_avg
TWN,1965,5,hld_n_tables_1,65.06,70.06,67.215,TWN,sex_avg
TWN,1965,15,hld_n_tables_1,55.465,70.465,67.215,TWN,sex_avg
TWN,1965,20,hld_n_tables_1,50.754999999999995,70.755,67.215,TWN,sex_avg
TWN,1965,30,hld_n_tables_1,41.67,71.66999999999999,67.215,TWN,sex_avg
TWN,1965,50,hld_n_tables_1,23.975,73.975,67.215,TWN,sex_avg
TWN,1965,65,hld_n_tables_1,12.91,77.91,67.215,TWN,sex_avg
TZA,1997,0,hld_n_tables_1,59.504999999999995,59.504999999999995,59.504999999999995,TZA,sex_avg
TZA,1999,0,hld_n_tables_1,54.925,54.925,54.925,TZA,sex_avg
URY,1950,0,hld_n_tables_1,65.895,65.895,65.895,URY,sex_avg
URY,1950,1,hld_n_tables_1,69.03,70.03,65.895,URY,sex_avg
URY,1950,5,hld_n_tables_1,65.525,70.525,65.895,URY,sex_avg
URY,1950,15,hld_n_tables_1,55.864999999999995,70.865,65.895,URY,sex_avg
URY,1950,20,hld_n_tables_1,51.155,71.155,65.895,URY,sex_avg
URY,1950,30,hld_n_tables_1,41.885,71.88499999999999,65.895,URY,sex_avg
URY,1950,50,hld_n_tables_1,24.325,74.32499999999999,65.895,URY,sex_avg
URY,1950,65,hld_n_tables_1,13.68,78.68,65.895,URY,sex_avg
URY,1960,0,hld_n_tables_1,67.935,67.935,67.935,URY,sex_avg
URY,1960,1,hld_n_tables_1,70.51499999999999,71.51499999999999,67.935,URY,sex_avg
URY,1960,5,hld_n_tables_1,66.935,71.935,67.935,URY,sex_avg
URY,1960,15,hld_n_tables_1,57.235,72.235,67.935,URY,sex_avg
URY,1960,20,hld_n_tables_1,52.485,72.485,67.935,URY,sex_avg
URY,1960,30,hld_n_tables_1,43.120000000000005,73.12,67.935,URY,sex_avg
URY,1960,50,hld_n_tables_1,25.28,75.28,67.935,URY,sex_avg
URY,1960,65,hld_n_tables_1,14.245000000000001,79.245,67.935,URY,sex_avg
URY,1970,0,hld_n_tables_1,68.83500000000001,68.83500000000001,68.83500000000001,URY,sex_avg
URY,1970,1,hld_n_tables_1,71.18,72.18,68.83500000000001,URY,sex_avg
URY,1970,5,hld_n_tables_1,67.57499999999999,72.57499999999999,68.83500000000001,URY,sex_avg
URY,1970,15,hld_n_tables_1,57.855000000000004,72.85499999999999,68.83500000000001,URY,sex_avg
URY,1970,20,hld_n_tables_1,53.09,73.09,68.83500000000001,URY,sex_avg
URY,1970,30,hld_n_tables_1,43.69,73.69,68.83500000000001,URY,sex_avg
URY,1970,50,hld_n_tables_1,25.73,75.73,68.83500000000001,URY,sex_avg
URY,1970,65,hld_n_tables_1,14.52,79.52000000000001,68.83500000000001,URY,sex_avg
URY,1980,0,hld_n_tables_1,70.43,70.43,70.43,URY,sex_avg
URY,1980,1,hld_n_tables_1,72.185,73.185,70.43,URY,sex_avg
URY,1980,5,hld_n_tables_1,68.50999999999999,73.50999999999999,70.43,URY,sex_avg
URY,1980,15,hld_n_tables_1,58.754999999999995,73.755,70.43,URY,sex_avg
URY,1980,20,hld_n_tables_1,53.965,73.965,70.43,URY,sex_avg
URY,1980,30,hld_n_tables_1,44.47,74.47,70.43,URY,sex_avg
URY,1980,50,hld_n_tables_1,26.314999999999998,76.315,70.43,URY,sex_avg
URY,1980,65,hld_n_tables_1,14.96,79.96000000000001,70.43,URY,sex_avg
URY,1990,0,hld_n_tables_1,72.64,72.64,72.64,URY,sex_avg
URY,1990,1,hld_n_tables_1,73.205,74.205,72.64,URY,sex_avg
URY,1990,5,hld_n_tables_1,69.445,74.445,72.64,URY,sex_avg
URY,1990,15,hld_n_tables_1,59.67,74.67,72.64,URY,sex_avg
URY,1990,20,hld_n_tables_1,54.86,74.86,72.64,URY,sex_avg
URY,1990,30,hld_n_tables_1,45.325,75.325,72.64,URY,sex_avg
URY,1990,50,hld_n_tables_1,27.07,77.07,72.64,URY,sex_avg
URY,1990,65,hld_n_tables_1,15.59,80.59,72.64,URY,sex_avg
URY,2000,0,hld_n_tables_1,74.75,74.75,74.75,URY,sex_avg
URY,2000,1,hld_n_tables_1,74.875,75.875,74.75,URY,sex_avg
URY,2000,5,hld_n_tables_1,71.095,76.095,74.75,URY,sex_avg
URY,2000,15,hld_n_tables_1,61.26,76.25999999999999,74.75,URY,sex_avg
URY,2000,20,hld_n_tables_1,56.445,76.44500000000001,74.75,URY,sex_avg
URY,2000,30,hld_n_tables_1,46.925,76.925,74.75,URY,sex_avg
URY,2000,50,hld_n_tables_1,28.455,78.455,74.75,URY,sex_avg
URY,2000,65,hld_n_tables_1,16.645,81.645,74.75,URY,sex_avg
URY,2005,0,hld_n_tables_1,75.675,75.675,75.675,URY,sex_avg
URY,2005,1,hld_n_tables_1,75.75,76.75,75.675,URY,sex_avg
URY,2005,5,hld_n_tables_1,71.98,76.98,75.675,URY,sex_avg
URY,2005,15,hld_n_tables_1,62.120000000000005,77.12,75.675,URY,sex_avg
URY,2005,20,hld_n_tables_1,57.269999999999996,77.27,75.675,URY,sex_avg
URY,2005,30,hld_n_tables_1,47.695,77.695,75.675,URY,sex_avg
URY,2005,50,hld_n_tables_1,29.049999999999997,79.05,75.675,URY,sex_avg
URY,2005,65,hld_n_tables_1,16.995,81.995,75.675,URY,sex_avg
URY,2006,0,hld_n_tables_1,75.795,75.795,75.795,URY,sex_avg
URY,2006,1,hld_n_tables_1,75.85499999999999,76.85499999999999,75.795,URY,sex_avg
URY,2006,5,hld_n_tables_1,72.075,77.075,75.795,URY,sex_avg
URY,2006,15,hld_n_tables_1,62.22,77.22,75.795,URY,sex_avg
URY,2006,20,hld_n_tables_1,57.36,77.36,75.795,URY,sex_avg
URY,2006,30,hld_n_tables_1,47.78,77.78,75.795,URY,sex_avg
URY,2006,50,hld_n_tables_1,29.12,79.12,75.795,URY,sex_avg
URY,2006,65,hld_n_tables_1,17.045,82.045,75.795,URY,sex_avg
URY,2010,0,hld_n_tables_1,76.445,76.445,76.445,URY,sex_avg
URY,2010,1,hld_n_tables_1,76.445,77.445,76.445,URY,sex_avg
URY,2010,5,hld_n_tables_1,72.635,77.635,76.445,URY,sex_avg
URY,2010,15,hld_n_tables_1,62.790000000000006,77.78999999999999,76.445,URY,sex_avg
URY,2010,20,hld_n_tables_1,57.96,77.96,76.445,URY,sex_avg
URY,2010,30,hld_n_tables_1,48.41,78.41,76.445,URY,sex_avg
URY,2010,50,hld_n_tables_1,29.845,79.845,76.445,URY,sex_avg
URY,2010,65,hld_n_tables_1,17.755000000000003,82.755,76.445,URY,sex_avg
VEN,1960,0,hld_n_tables_1,59.265,59.265,59.265,VEN,sex_avg
VEN,1960,1,hld_n_tables_1,63.58,64.58,59.265,VEN,sex_avg
VEN,1960,5,hld_n_tables_1,61.97,66.97,59.265,VEN,sex_avg
VEN,1960,15,hld_n_tables_1,52.760000000000005,67.76,59.265,VEN,sex_avg
VEN,1960,20,hld_n_tables_1,48.22,68.22,59.265,VEN,sex_avg
VEN,1960,30,hld_n_tables_1,39.485,69.48500000000001,59.265,VEN,sex_avg
VEN,1960,50,hld_n_tables_1,23.16,73.16,59.265,VEN,sex_avg
VEN,1960,65,hld_n_tables_1,13.455,78.455,59.265,VEN,sex_avg
VEN,1963,0,hld_n_tables_1,65.05,65.05,65.05,VEN,sex_avg
VEN,1963,1,hld_n_tables_1,67.69999999999999,68.69999999999999,65.05,VEN,sex_avg
VEN,1963,5,hld_n_tables_1,65.345,70.345,65.05,VEN,sex_avg
VEN,1963,15,hld_n_tables_1,56.095,71.095,65.05,VEN,sex_avg
VEN,1963,20,hld_n_tables_1,51.42,71.42,65.05,VEN,sex_avg
VEN,1963,30,hld_n_tables_1,42.495000000000005,72.495,65.05,VEN,sex_avg
VEN,1963,50,hld_n_tables_1,25.314999999999998,75.315,65.05,VEN,sex_avg
VEN,1963,65,hld_n_tables_1,15.25,80.25,65.05,VEN,sex_avg
VEN,1970,0,hld_n_tables_1,64.6,64.6,64.6,VEN,sex_avg
VEN,1970,1,hld_n_tables_1,67.36500000000001,68.36500000000001,64.6,VEN,sex_avg
VEN,1970,5,hld_n_tables_1,64.95,69.95,64.6,VEN,sex_avg
VEN,1970,15,hld_n_tables_1,55.545,70.545,64.6,VEN,sex_avg
VEN,1970,20,hld_n_tables_1,50.91,70.91,64.6,VEN,sex_avg
VEN,1970,30,hld_n_tables_1,41.915000000000006,71.915,64.6,VEN,sex_avg
VEN,1970,50,hld_n_tables_1,24.845,74.845,64.6,VEN,sex_avg
VEN,1970,65,hld_n_tables_1,14.395,79.39500000000001,64.6,VEN,sex_avg
VEN,1971,0,hld_n_tables_1,64.8,64.8,64.8,VEN,sex_avg
VEN,1971,1,hld_n_tables_1,67.445,68.445,64.8,VEN,sex_avg
VEN,1971,5,hld_n_tables_1,64.82000000000001,69.82000000000001,64.8,VEN,sex_avg
VEN,1971,15,hld_n_tables_1,55.365,70.365,64.8,VEN,sex_avg
VEN,1971,20,hld_n_tables_1,50.695,70.695,64.8,VEN,sex_avg
VEN,1971,30,hld_n_tables_1,41.58,71.58,64.8,VEN,sex_avg
VEN,1971,50,hld_n_tables_1,24.14,74.14,64.8,VEN,sex_avg
VEN,1971,65,hld_n_tables_1,13.5,78.5,64.8,VEN,sex_avg
VEN,1978,0,hld_n_tables_1,67.28999999999999,67.28999999999999,67.28999999999999,VEN,sex_avg
VEN,1978,1,hld_n_tables_1,68.86500000000001,69.86500000000001,67.28999999999999,VEN,sex_avg
VEN,1978,5,hld_n_tables_1,65.63499999999999,70.63499999999999,67.28999999999999,VEN,sex_avg
VEN,1978,15,hld_n_tables_1,56.129999999999995,71.13,67.28999999999999,VEN,sex_avg
VEN,1978,20,hld_n_tables_1,51.425,71.42500000000001,67.28999999999999,VEN,sex_avg
VEN,1978,30,hld_n_tables_1,42.24,72.24000000000001,67.28999999999999,VEN,sex_avg
VEN,1978,50,hld_n_tables_1,24.64,74.63999999999999,67.28999999999999,VEN,sex_avg
VEN,1978,65,hld_n_tables_1,13.785,78.785,67.28999999999999,VEN,sex_avg
VEN,1980,0,hld_n_tables_1,68.185,68.185,68.185,VEN,sex_avg
VEN,1980,1,hld_n_tables_1,69.78999999999999,70.78999999999999,68.185,VEN,sex_avg
VEN,1980,5,hld_n_tables_1,66.62,71.62,68.185,VEN,sex_avg
VEN,1980,15,hld_n_tables_1,57.035,72.035,68.185,VEN,sex_avg
VEN,1980,20,hld_n_tables_1,52.364999999999995,72.36500000000001,68.185,VEN,sex_avg
VEN,1980,30,hld_n_tables_1,43.269999999999996,73.27,68.185,VEN,sex_avg
VEN,1980,50,hld_n_tables_1,25.655,75.655,68.185,VEN,sex_avg
VEN,1980,65,hld_n_tables_1,14.690000000000001,79.69,68.185,VEN,sex_avg
VEN,1990,0,hld_n_tables_1,69.765,69.765,69.765,VEN,sex_avg
VEN,1990,1,hld_n_tables_1,70.565,71.565,69.765,VEN,sex_avg
VEN,1990,5,hld_n_tables_1,67.025,72.025,69.765,VEN,sex_avg
VEN,1990,15,hld_n_tables_1,57.269999999999996,72.27,69.765,VEN,sex_avg
VEN,1990,20,hld_n_tables_1,52.55,72.55000000000001,69.765,VEN,sex_avg
VEN,1990,30,hld_n_tables_1,43.260000000000005,73.25999999999999,69.765,VEN,sex_avg
VEN,1990,50,hld_n_tables_1,25.299999999999997,75.30000000000001,69.765,VEN,sex_avg
VEN,1990,65,hld_n_tables_1,14.36,79.36,69.765,VEN,sex_avg
VEN,2000,0,hld_n_tables_1,72.38499999999999,72.38499999999999,72.38499999999999,VEN,sex_avg
VEN,2000,1,hld_n_tables_1,72.885,73.885,72.38499999999999,VEN,sex_avg
VEN,2000,5,hld_n_tables_1,69.22,74.22,72.38499999999999,VEN,sex_avg
VEN,2000,15,hld_n_tables_1,59.42,74.42,72.38499999999999,VEN,sex_avg
VEN,2000,20,hld_n_tables_1,54.815,74.815,72.38499999999999,VEN,sex_avg
VEN,2000,30,hld_n_tables_1,45.935,75.935,72.38499999999999,VEN,sex_avg
VEN,2000,50,hld_n_tables_1,28.115000000000002,78.11500000000001,72.38499999999999,VEN,sex_avg
VEN,2000,65,hld_n_tables_1,16.505000000000003,81.505,72.38499999999999,VEN,sex_avg
VEN,2010,0,hld_n_tables_1,73.82,73.82,73.82,VEN,sex_avg
VEN,2010,1,hld_n_tables_1,73.91999999999999,74.91999999999999,73.82,VEN,sex_avg
VEN,2010,5,hld_n_tables_1,70.08,75.08,73.82,VEN,sex_avg
VEN,2010,15,hld_n_tables_1,60.27,75.27000000000001,73.82,VEN,sex_avg
VEN,2010,20,hld_n_tables_1,55.68,75.68,73.82,VEN,sex_avg
VEN,2010,30,hld_n_tables_1,46.77,76.77000000000001,73.82,VEN,sex_avg
VEN,2010,50,hld_n_tables_1,28.615000000000002,78.61500000000001,73.82,VEN,sex_avg
VEN,2010,65,hld_n_tables_1,16.880000000000003,81.88,73.82,VEN,sex_avg
YEM,1998,0,hld_n_tables_1,59.155,59.155,59.155,YEM,sex_avg
YEM,1998,1,hld_n_tables_1,63.040000000000006,64.04,59.155,YEM,sex_avg
YEM,1998,5,hld_n_tables_1,61.095,66.095,59.155,YEM,sex_avg
YEM,1998,15,hld_n_tables_1,52.155,67.155,59.155,YEM,sex_avg
YEM,1998,20,hld_n_tables_1,47.760000000000005,67.75999999999999,59.155,YEM,sex_avg
YEM,1998,30,hld_n_tables_1,39.285,69.285,59.155,YEM,sex_avg
YEM,1998,50,hld_n_tables_1,22.91,72.91,59.155,YEM,sex_avg
YEM,1998,65,hld_n_tables_1,12.48,77.47999999999999,59.155,YEM,sex_avg
YUG,1950,0,hld_n_tables_1,56.705,56.705,56.705,YUG,sex_avg
YUG,1950,1,hld_n_tables_1,62.45,63.45,56.705,YUG,sex_avg
YUG,1950,5,hld_n_tables_1,61.455,66.45500000000001,56.705,YUG,sex_avg
YUG,1950,15,hld_n_tables_1,52.495000000000005,67.495,56.705,YUG,sex_avg
YUG,1950,20,hld_n_tables_1,48.135,68.13499999999999,56.705,YUG,sex_avg
YUG,1950,30,hld_n_tables_1,39.905,69.905,56.705,YUG,sex_avg
YUG,1950,50,hld_n_tables_1,23.28,73.28,56.705,YUG,sex_avg
YUG,1950,65,hld_n_tables_1,12.68,77.68,56.705,YUG,sex_avg
YUG,1953,0,hld_n_tables_1,59.795,59.795,59.795,YUG,sex_avg
YUG,1953,1,hld_n_tables_1,65.5,66.5,59.795,YUG,sex_avg
YUG,1953,5,hld_n_tables_1,63.895,68.89500000000001,59.795,YUG,sex_avg
YUG,1953,15,hld_n_tables_1,54.635000000000005,69.63499999999999,59.795,YUG,sex_avg
YUG,1953,20,hld_n_tables_1,50.004999999999995,70.005,59.795,YUG,sex_avg
YUG,1953,30,hld_n_tables_1,41.004999999999995,71.005,59.795,YUG,sex_avg
YUG,1953,50,hld_n_tables_1,23.57,73.57,59.795,YUG,sex_avg
YUG,1953,65,hld_n_tables_1,12.735,77.735,59.795,YUG,sex_avg
YUG,1956,0,hld_n_tables_1,61.625,61.625,61.625,YUG,sex_avg
YUG,1956,1,hld_n_tables_1,67.13,68.13,61.625,YUG,sex_avg
YUG,1956,5,hld_n_tables_1,65.175,70.175,61.625,YUG,sex_avg
YUG,1956,15,hld_n_tables_1,55.765,70.76499999999999,61.625,YUG,sex_avg
YUG,1956,20,hld_n_tables_1,51.08,71.08,61.625,YUG,sex_avg
YUG,1956,30,hld_n_tables_1,41.925,71.92500000000001,61.625,YUG,sex_avg
YUG,1956,50,hld_n_tables_1,24.14,74.14,61.625,YUG,sex_avg
YUG,1956,65,hld_n_tables_1,13.025,78.025,61.625,YUG,sex_avg
YUG,1961,0,hld_n_tables_1,64.94,64.94,64.94,YUG,sex_avg
YUG,1961,1,hld_n_tables_1,69.44,70.44,64.94,YUG,sex_avg
YUG,1961,5,hld_n_tables_1,66.64500000000001,71.64500000000001,64.94,YUG,sex_avg
YUG,1961,15,hld_n_tables_1,57.03,72.03,64.94,YUG,sex_avg
YUG,1961,20,hld_n_tables_1,52.295,72.295,64.94,YUG,sex_avg
YUG,1961,30,hld_n_tables_1,43.0,73.0,64.94,YUG,sex_avg
YUG,1961,50,hld_n_tables_1,24.939999999999998,74.94,64.94,YUG,sex_avg
YUG,1961,65,hld_n_tables_1,13.405000000000001,78.405,64.94,YUG,sex_avg
YUG,1968,0,hld_n_tables_1,66.385,66.385,66.385,YUG,sex_avg
YUG,1968,1,hld_n_tables_1,69.435,70.435,66.385,YUG,sex_avg
YUG,1968,5,hld_n_tables_1,66.14,71.14,66.385,YUG,sex_avg
YUG,1968,15,hld_n_tables_1,56.45,71.44999999999999,66.385,YUG,sex_avg
YUG,1968,20,hld_n_tables_1,51.64,71.64,66.385,YUG,sex_avg
YUG,1968,30,hld_n_tables_1,42.144999999999996,72.14500000000001,66.385,YUG,sex_avg
YUG,1968,50,hld_n_tables_1,23.945,73.945,66.385,YUG,sex_avg
YUG,1968,65,hld_n_tables_1,12.43,77.43,66.385,YUG,sex_avg
ZAF,1910,0,hld_n_tables_1,52.39,52.39,52.39,ZAF,sex_avg
ZAF,1910,1,hld_n_tables_1,58.34,59.34,52.39,ZAF,sex_avg
ZAF,1910,5,hld_n_tables_1,57.5,62.5,52.39,ZAF,sex_avg
ZAF,1910,20,hld_n_tables_1,44.78,64.78,52.39,ZAF,sex_avg
ZAF,1910,30,hld_n_tables_1,36.655,66.655,52.39,ZAF,sex_avg
ZAF,1910,50,hld_n_tables_1,22.09,72.09,52.39,ZAF,sex_avg
ZAF,1920,0,hld_n_tables_1,57.425,57.425,57.425,ZAF,sex_avg
ZAF,1920,1,hld_n_tables_1,61.44,62.44,57.425,ZAF,sex_avg
ZAF,1920,5,hld_n_tables_1,59.89,64.89,57.425,ZAF,sex_avg
ZAF,1920,20,hld_n_tables_1,46.745,66.745,57.425,ZAF,sex_avg
ZAF,1920,30,hld_n_tables_1,38.555,68.55499999999999,57.425,ZAF,sex_avg
ZAF,1920,50,hld_n_tables_1,23.02,73.02000000000001,57.425,ZAF,sex_avg
ZAF,1921,0,hld_n_tables_1,58.09,58.09,58.09,ZAF,sex_avg
ZAF,1921,1,hld_n_tables_1,59.894999999999996,60.894999999999996,58.09,ZAF,sex_avg
ZAF,1921,5,hld_n_tables_1,57.37,62.36999999999999,58.09,ZAF,sex_avg
ZAF,1921,15,hld_n_tables_1,48.120000000000005,63.120000000000005,58.09,ZAF,sex_avg
ZAF,1921,20,hld_n_tables_1,45.945,65.945,58.09,ZAF,sex_avg
ZAF,1921,30,hld_n_tables_1,38.25,68.25,58.09,ZAF,sex_avg
ZAF,1921,50,hld_n_tables_1,22.585,72.58500000000001,58.09,ZAF,sex_avg
ZAF,1921,65,hld_n_tables_1,12.54,77.53999999999999,58.09,ZAF,sex_avg
ZAF,1926,0,hld_n_tables_1,59.435,59.435,59.435,ZAF,sex_avg
ZAF,1926,1,hld_n_tables_1,62.78,63.78,59.435,ZAF,sex_avg
ZAF,1926,5,hld_n_tables_1,60.915,65.91499999999999,59.435,ZAF,sex_avg
ZAF,1926,15,hld_n_tables_1,51.989999999999995,66.99,59.435,ZAF,sex_avg
ZAF,1926,20,hld_n_tables_1,47.86,67.86,59.435,ZAF,sex_avg
ZAF,1926,30,hld_n_tables_1,39.144999999999996,69.14500000000001,59.435,ZAF,sex_avg
ZAF,1926,50,hld_n_tables_1,23.06,73.06,59.435,ZAF,sex_avg
ZAF,1926,65,hld_n_tables_1,12.645,77.64500000000001,59.435,ZAF,sex_avg
ZAF,1940,0,hld_n_tables_1,36.519999999999996,36.519999999999996,36.519999999999996,ZAF,sex_avg
ZAF,1940,1,hld_n_tables_1,48.415,49.415,36.519999999999996,ZAF,sex_avg
ZAF,1940,5,hld_n_tables_1,47.825,52.825,36.519999999999996,ZAF,sex_avg
ZAF,1940,15,hld_n_tables_1,40.629999999999995,55.629999999999995,36.519999999999996,ZAF,sex_avg
ZAF,1940,20,hld_n_tables_1,37.555,57.555,36.519999999999996,ZAF,sex_avg
ZAF,1940,30,hld_n_tables_1,31.73,61.730000000000004,36.519999999999996,ZAF,sex_avg
ZAF,1940,50,hld_n_tables_1,20.085,70.08500000000001,36.519999999999996,ZAF,sex_avg
ZAF,1940,65,hld_n_tables_1,11.745000000000001,76.745,36.519999999999996,ZAF,sex_avg
ZAF,1953,0,hld_n_tables_1,67.935,67.935,67.935,ZAF,sex_avg
ZAF,1953,1,hld_n_tables_1,69.21000000000001,70.21000000000001,67.935,ZAF,sex_avg
ZAF,1953,5,hld_n_tables_1,65.725,70.725,67.935,ZAF,sex_avg
ZAF,1953,15,hld_n_tables_1,56.105,71.10499999999999,67.935,ZAF,sex_avg
ZAF,1953,20,hld_n_tables_1,51.36,71.36,67.935,ZAF,sex_avg
ZAF,1953,30,hld_n_tables_1,42.05,72.05000000000001,67.935,ZAF,sex_avg
ZAF,1953,50,hld_n_tables_1,24.4,74.4,67.935,ZAF,sex_avg
ZAF,1953,65,hld_n_tables_1,13.74,78.74000000000001,67.935,ZAF,sex_avg
ZAF,1955,0,hld_n_tables_1,50.995000000000005,50.995000000000005,50.995000000000005,ZAF,sex_avg
ZAF,1955,1,hld_n_tables_1,58.66,59.66,50.995000000000005,ZAF,sex_avg
ZAF,1955,5,hld_n_tables_1,55.974999999999994,60.974999999999994,50.995000000000005,ZAF,sex_avg
ZAF,1955,15,hld_n_tables_1,46.675,61.675,50.995000000000005,ZAF,sex_avg
ZAF,1955,20,hld_n_tables_1,42.24,62.24000000000001,50.995000000000005,ZAF,sex_avg
ZAF,1955,30,hld_n_tables_1,33.96,63.96000000000001,50.995000000000005,ZAF,sex_avg
ZAF,1955,50,hld_n_tables_1,19.355,69.355,50.995000000000005,ZAF,sex_avg
ZAF,1955,65,hld_n_tables_1,10.785,75.785,50.995000000000005,ZAF,sex_avg
ZAF,1956,0,hld_n_tables_1,68.005,68.005,68.005,ZAF,sex_avg
ZAF,1956,1,hld_n_tables_1,69.12,70.12,68.005,ZAF,sex_avg
ZAF,1956,5,hld_n_tables_1,65.59,70.59,68.005,ZAF,sex_avg
ZAF,1956,15,hld_n_tables_1,55.985,70.985,68.005,ZAF,sex_avg
ZAF,1956,20,hld_n_tables_1,51.275000000000006,71.275,68.005,ZAF,sex_avg
ZAF,1956,30,hld_n_tables_1,42.015,72.015,68.005,ZAF,sex_avg
ZAF,1956,50,hld_n_tables_1,24.37,74.37,68.005,ZAF,sex_avg
ZAF,1956,65,hld_n_tables_1,13.600000000000001,78.6,68.005,ZAF,sex_avg
ZAF,1957,0,hld_n_tables_1,50.05,50.05,50.05,ZAF,sex_avg
ZAF,1957,1,hld_n_tables_1,56.980000000000004,57.980000000000004,50.05,ZAF,sex_avg
ZAF,1957,5,hld_n_tables_1,57.84,62.84,50.05,ZAF,sex_avg
ZAF,1957,15,hld_n_tables_1,48.67,63.67,50.05,ZAF,sex_avg
ZAF,1957,20,hld_n_tables_1,44.25,64.25,50.05,ZAF,sex_avg
ZAF,1957,30,hld_n_tables_1,35.87,65.86999999999999,50.05,ZAF,sex_avg
ZAF,1957,50,hld_n_tables_1,20.405,70.405,50.05,ZAF,sex_avg
ZAF,1957,65,hld_n_tables_1,11.745000000000001,76.745,50.05,ZAF,sex_avg
ZAF,1965,0,hld_n_tables_1,52.33,52.33,52.33,ZAF,sex_avg
ZAF,1965,1,hld_n_tables_1,59.325,60.325,52.33,ZAF,sex_avg
ZAF,1965,5,hld_n_tables_1,56.525,61.52499999999999,52.33,ZAF,sex_avg
ZAF,1965,15,hld_n_tables_1,47.15,62.15,52.33,ZAF,sex_avg
ZAF,1965,20,hld_n_tables_1,42.72,62.72,52.33,ZAF,sex_avg
ZAF,1965,30,hld_n_tables_1,34.285000000000004,64.285,52.33,ZAF,sex_avg
ZAF,1965,50,hld_n_tables_1,20.060000000000002,70.06,52.33,ZAF,sex_avg
ZAF,1965,65,hld_n_tables_1,10.875,75.875,52.33,ZAF,sex_avg
ZAF,1995,0,hld_n_tables_1,70.935,70.935,70.935,ZAF,sex_avg
ZMB,1991,0,hld_n_tables_1,54.629999999999995,54.629999999999995,54.629999999999995,ZMB,sex_avg
