date,temperature_2m_max,temperature_2m_mean,apparent_temperature_max,relative_humidity_2m_mean,precipitation_sum,snowfall_sum
2010-01-01,17.4,14.5,5.8,75,0.0,0.14
2010-01-02,14.9,11.0,1.6,72,0.0,0.0
2010-01-03,18.8,14.3,7.5,77,0.0,0.0
2010-01-04,20.0,16.3,9.1,78,0.0,0.07
2010-01-05,23.3,19.6,13.8,79,0.0,0.0
2010-01-06,22.8,19.8,15.3,80,0.0,0.07
2010-01-07,22.2,19.6,14.3,83,8.4,6.02
2010-01-08,26.3,22.5,15.0,79,3.4,2.59
2010-01-09,22.5,17.0,13.9,82,0.0,0.0
2010-01-10,16.0,7.9,2.4,80,0.0,0.0
2010-01-11,26.1,21.5,14.8,78,0.4,1.05
2010-01-12,28.9,24.8,21.2,83,0.0,0.35
2010-01-13,30.9,23.1,20.8,83,0.0,0.0
2010-01-14,35.9,32.0,27.5,88,0.0,0.0
2010-01-15,32.2,29.8,25.6,89,0.0,0.0
2010-01-16,29.1,25.9,22.3,84,0.0,0.0
2010-01-17,29.2,23.8,23.4,87,0.0,0.0
2010-01-18,31.5,29.0,25.4,91,0.0,0.0
2010-01-19,31.5,27.6,25.4,82,0.0,0.0
2010-01-20,31.4,28.4,20.9,83,2.6,1.75
2010-01-21,33.2,30.1,24.0,82,0.7,0.21
2010-01-22,33.2,32.6,26.0,88,0.0,0.0
2010-01-23,39.2,35.5,31.0,94,0.0,0.0
2010-01-24,41.7,37.7,31.3,94,8.6,0.0
2010-01-25,31.6,28.6,19.8,79,0.2,0.77
2010-01-26,24.2,20.2,12.0,72,0.0,0.14
2010-01-27,24.0,16.9,12.1,70,0.2,0.49
2010-01-28,20.4,11.6,6.8,59,0.0,0.0
2010-01-29,18.7,12.5,10.6,64,0.0,0.0
2010-01-30,21.0,18.0,13.3,65,0.0,0.0
2010-01-31,27.4,18.2,17.6,68,0.0,0.0
2010-02-01,28.6,21.8,20.9,75,0.0,0.14
2010-02-02,32.1,27.8,26.0,85,2.4,1.82
2010-02-03,29.4,26.2,23.2,80,0.0,0.0
2010-02-04,31.6,26.2,25.2,85,0.0,0.0
2010-02-05,32.3,30.0,21.8,85,1.0,0.91
2010-02-06,27.6,23.1,14.0,75,0.0,0.07
2010-02-07,25.8,22.3,17.3,74,0.0,0.0
2010-02-08,28.2,22.9,20.4,72,0.0,0.21
2010-02-09,26.6,24.2,19.4,81,10.9,7.7
2010-02-10,24.8,21.3,15.3,78,1.2,0.98
2010-02-11,25.0,16.5,17.1,80,0.0,0.0
2010-02-12,26.7,16.0,19.0,82,0.0,0.0
2010-02-13,26.5,15.0,18.9,80,0.0,0.0
2010-02-14,27.1,16.1,19.9,81,0.0,0.0
2010-02-15,26.6,19.7,17.4,84,0.8,0.63
2010-02-16,28.8,24.9,19.3,79,0.1,0.35
2010-02-17,31.7,26.1,23.9,82,0.0,0.0
2010-02-18,34.1,29.1,28.2,85,0.0,0.0
2010-02-19,32.4,23.7,26.7,83,0.0,0.0
2010-02-20,33.6,29.9,27.5,90,1.1,1.26
2010-02-21,32.4,29.4,26.1,95,4.3,2.94
2010-02-22,31.5,30.2,23.5,93,8.7,6.16
2010-02-23,31.5,27.3,25.1,86,0.3,0.49
2010-02-24,27.8,23.7,16.7,85,2.9,2.59
2010-02-25,26.0,19.9,16.3,80,0.5,0.35
2010-02-26,30.7,21.6,20.9,78,0.5,0.42
2010-02-27,31.2,27.6,22.9,86,1.0,0.91
2010-02-28,32.5,29.2,25.6,89,0.0,0.0
2010-03-01,31.2,27.3,23.7,87,0.0,0.0
2010-03-02,29.8,25.1,21.9,87,0.0,0.0
2010-03-03,31.6,24.5,24.3,81,0.0,0.0
2010-03-04,33.3,24.8,27.8,81,0.0,0.0
2010-03-05,31.5,24.3,25.8,86,0.0,0.0
2010-03-06,35.4,28.6,31.2,84,0.0,0.0
2010-03-07,36.8,29.8,32.1,86,2.9,0.0
2010-03-08,36.0,31.2,31.8,97,0.0,0.0
2010-03-09,41.3,35.5,35.0,92,1.6,0.0
2010-03-10,51.6,43.4,46.9,90,1.0,0.0
2010-03-11,46.3,43.5,41.3,95,5.8,0.0
2010-03-12,41.7,38.6,36.4,96,2.1,0.0
2010-03-13,39.9,38.7,31.8,96,15.4,0.0
2010-03-14,38.6,36.5,28.2,85,0.0,0.0
2010-03-15,38.6,35.9,31.4,84,0.0,0.0
2010-03-16,44.0,37.2,40.1,79,0.0,0.0
2010-03-17,45.6,36.4,43.0,77,0.0,0.0
2010-03-18,53.0,44.0,46.6,74,0.0,0.0
2010-03-19,53.7,44.3,47.1,76,0.2,0.0
2010-03-20,35.9,31.8,25.8,87,11.4,7.91
2010-03-21,35.6,33.5,26.9,80,0.8,0.63
2010-03-22,39.2,36.4,30.3,66,0.0,0.0
2010-03-23,41.8,36.2,38.9,77,0.0,0.0
2010-03-24,43.1,37.9,36.6,76,1.4,0.0
2010-03-25,39.4,33.4,33.1,75,0.6,0.0
2010-03-26,32.3,29.7,26.7,59,0.0,0.0
2010-03-27,42.2,36.8,34.3,66,0.1,0.0
2010-03-28,41.3,37.8,32.0,77,1.8,0.0
2010-03-29,36.1,33.6,31.3,85,0.0,0.0
2010-03-30,51.2,41.3,44.0,77,0.0,0.0
2010-03-31,61.9,52.5,56.2,68,0.0,0.0
2010-04-01,65.5,57.5,60.1,70,0.0,0.0
2010-04-02,65.5,59.7,57.3,58,0.0,0.0
2010-04-03,59.3,50.2,53.0,71,7.5,0.0
2010-04-04,63.5,51.8,55.2,68,15.9,0.0
2010-04-05,60.7,51.5,60.7,84,14.4,0.0
2010-04-06,66.7,55.7,65.3,81,5.4,0.0
2010-04-07,53.1,41.0,48.3,95,18.4,0.0
2010-04-08,41.4,37.8,33.3,76,0.4,0.0
2010-04-09,44.9,39.5,42.9,67,0.0,0.0
2010-04-10,63.7,51.1,57.9,65,0.0,0.0
2010-04-11,50.5,46.6,46.4,73,0.8,0.0
2010-04-12,57.6,50.8,52.6,63,1.9,0.0
2010-04-13,53.9,50.0,48.7,69,0.1,0.0
2010-04-14,65.3,55.5,62.7,73,0.0,0.0
2010-04-15,70.5,63.4,66.0,59,0.0,0.0
2010-04-16,61.9,55.3,56.4,69,0.9,0.0
2010-04-17,48.1,43.7,43.5,55,0.0,0.0
2010-04-18,43.3,40.6,39.4,74,0.0,0.0
2010-04-19,46.9,42.2,44.2,84,0.0,0.0
2010-04-20,51.0,45.3,49.7,83,0.0,0.0
2010-04-21,52.0,43.6,47.9,85,0.0,0.0
2010-04-22,48.2,43.6,46.0,82,0.0,0.0
2010-04-23,56.6,50.1,54.4,81,7.4,0.0
2010-04-24,59.0,53.9,55.8,89,15.1,0.0
2010-04-25,54.1,50.9,49.6,91,15.7,0.0
2010-04-26,50.6,47.1,44.8,68,0.0,0.0
2010-04-27,45.2,43.1,36.5,61,0.0,0.0
2010-04-28,54.6,47.1,52.1,65,0.0,0.0
2010-04-29,67.5,58.5,59.6,60,0.0,0.0
2010-04-30,70.3,64.8,65.6,68,0.7,0.0
2010-05-01,68.3,63.6,68.4,83,3.3,0.0
2010-05-02,62.0,58.0,63.3,81,9.4,0.0
2010-05-03,68.3,60.1,67.7,72,1.8,0.0
2010-05-04,71.9,62.1,65.2,60,0.0,0.0
2010-05-05,67.4,61.9,63.3,54,0.7,0.0
2010-05-06,57.2,51.7,52.8,68,0.2,0.0
2010-05-07,57.8,52.1,54.4,85,20.7,0.0
2010-05-08,50.2,46.9,40.0,65,1.6,0.0
2010-05-09,51.3,47.2,49.3,55,0.0,0.0
2010-05-10,55.0,51.0,49.5,56,0.0,0.0
2010-05-11,56.5,50.1,57.0,88,28.7,0.0
2010-05-12,53.8,50.0,48.7,86,0.8,0.0
2010-05-13,71.4,60.7,69.6,84,43.4,0.0
2010-05-14,63.6,57.6,58.7,63,0.0,0.0
2010-05-15,56.2,53.4,52.6,72,0.0,0.0
2010-05-16,58.9,54.4,56.6,79,0.0,0.0
2010-05-17,54.8,53.8,50.6,76,0.5,0.0
2010-05-18,54.8,53.8,50.6,77,0.0,0.0
2010-05-19,62.4,56.9,62.0,74,0.0,0.0
2010-05-20,66.2,61.0,67.2,80,1.7,0.0
2010-05-21,65.2,62.1,66.9,88,13.0,0.0
2010-05-22,66.6,62.9,67.1,89,0.0,0.0
2010-05-23,80.5,71.9,84.0,79,0.0,0.0
2010-05-24,78.7,73.9,86.8,84,0.0,0.0
2010-05-25,78.7,73.1,82.9,77,0.0,0.0
2010-05-26,76.8,71.5,85.5,87,0.0,0.0
2010-05-27,67.5,65.7,68.5,74,0.0,0.0
2010-05-28,65.4,62.0,65.6,72,0.0,0.0
2010-05-29,75.5,67.6,81.2,84,0.0,0.0
2010-05-30,81.3,74.7,87.4,69,0.0,0.0
2010-05-31,77.6,72.2,86.3,83,6.7,0.0
2010-06-01,79.7,72.1,82.9,76,0.0,0.0
2010-06-02,73.7,70.3,76.0,82,55.2,0.0
2010-06-03,65.5,63.2,66.6,75,0.0,0.0
2010-06-04,78.3,69.8,79.9,73,0.9,0.0
2010-06-05,74.7,71.3,79.5,88,12.0,0.0
2010-06-06,70.1,65.0,69.5,77,2.1,0.0
2010-06-07,65.2,62.5,63.3,70,0.0,0.0
2010-06-08,64.0,62.4,62.5,81,24.2,0.0
2010-06-09,79.5,71.5,77.8,71,1.5,0.0
2010-06-10,69.6,66.8,72.5,71,0.5,0.0
2010-06-11,81.3,74.1,86.3,79,0.7,0.0
2010-06-12,76.5,71.0,82.8,90,2.1,0.0
2010-06-13,70.1,66.6,74.0,85,8.8,0.0
2010-06-14,70.5,68.0,73.3,85,9.0,0.0
2010-06-15,78.2,72.4,85.0,85,18.0,0.0
2010-06-16,77.4,72.1,79.7,70,0.0,0.0
2010-06-17,77.6,73.4,81.6,75,0.0,0.0
2010-06-18,84.5,75.4,92.8,81,6.5,0.0
2010-06-19,82.0,76.4,82.6,73,0.5,0.0
2010-06-20,75.4,72.3,82.2,70,0.0,0.0
2010-06-21,81.7,75.1,88.6,79,16.1,0.0
2010-06-22,83.6,77.3,91.2,80,17.2,0.0
2010-06-23,85.1,78.4,88.5,81,13.6,0.0
2010-06-24,74.1,71.6,78.9,73,0.0,0.0
2010-06-25,80.7,74.4,82.5,67,0.0,0.0
2010-06-26,81.2,75.3,91.3,78,3.5,0.0
2010-06-27,81.9,78.3,87.5,79,4.2,0.0
2010-06-28,78.7,74.2,78.8,67,0.0,0.0
2010-06-29,68.6,66.5,67.3,66,0.0,0.0
2010-06-30,70.5,66.2,72.0,63,0.0,0.0
2010-07-01,71.7,67.6,72.2,56,0.0,0.0
2010-07-02,78.1,71.4,78.3,60,0.0,0.0
2010-07-03,81.5,73.2,82.7,61,0.0,0.0
2010-07-04,84.8,77.5,89.5,72,0.0,0.0
2010-07-05,84.5,79.7,86.0,69,0.0,0.0
2010-07-06,85.7,78.8,92.5,72,5.0,0.0
2010-07-07,89.0,81.7,94.9,70,0.0,0.0
2010-07-08,81.5,77.7,91.5,79,5.0,0.0
2010-07-09,80.1,77.0,85.2,71,0.2,0.0
2010-07-10,84.5,77.9,85.1,57,0.0,0.0
2010-07-11,82.9,76.9,84.1,61,0.3,0.0
2010-07-12,79.9,74.3,85.5,74,1.0,0.0
2010-07-13,78.3,74.5,85.0,75,7.7,0.0
2010-07-14,86.2,79.3,90.5,72,0.0,0.0
2010-07-15,83.8,80.0,91.2,77,5.7,0.0
2010-07-16,86.0,78.7,89.5,61,0.0,0.0
2010-07-17,85.7,79.6,94.1,67,0.1,0.0
2010-07-18,83.4,79.4,89.4,78,3.1,0.0
2010-07-19,81.2,75.5,86.6,77,6.6,0.0
2010-07-20,80.3,75.4,86.0,80,4.6,0.0
2010-07-21,84.7,79.4,90.4,68,0.0,0.0
2010-07-22,84.0,79.1,89.0,80,8.5,0.0
2010-07-23,88.1,81.8,93.9,76,5.4,0.0
2010-07-24,85.4,78.3,90.9,86,34.3,0.0
2010-07-25,75.5,74.2,82.2,74,1.0,0.0
2010-07-26,80.5,75.9,83.7,65,0.0,0.0
2010-07-27,84.4,78.2,89.1,68,0.0,0.0
2010-07-28,83.3,79.0,92.9,82,6.3,0.0
2010-07-29,76.9,75.6,80.4,62,0.2,0.0
2010-07-30,77.8,74.1,80.3,66,0.1,0.0
2010-07-31,75.2,72.4,78.6,75,16.3,0.0
2010-08-01,79.6,74.7,84.4,71,0.2,0.0
2010-08-02,81.7,77.1,86.6,72,4.6,0.0
2010-08-03,83.4,76.9,92.8,83,17.7,0.0
2010-08-04,82.2,79.0,91.5,85,2.7,0.0
2010-08-05,81.1,76.5,83.6,68,0.0,0.0
2010-08-06,78.2,73.0,79.0,59,0.0,0.0
2010-08-07,79.8,74.4,81.4,70,0.3,0.0
2010-08-08,83.6,77.4,91.1,71,0.0,0.0
2010-08-09,83.6,79.2,91.2,72,1.0,0.0
2010-08-10,82.9,79.9,90.5,82,0.3,0.0
2010-08-11,85.9,81.4,94.8,81,2.2,0.0
2010-08-12,84.4,81.2,93.8,76,0.0,0.0
2010-08-13,87.6,81.9,93.9,73,0.0,0.0
2010-08-14,84.1,79.1,91.2,77,5.9,0.0
2010-08-15,82.3,78.3,86.3,69,0.0,0.0
2010-08-16,78.0,72.5,76.2,59,0.0,0.0
2010-08-17,76.1,71.6,78.7,68,0.0,0.0
2010-08-18,78.2,72.7,83.0,67,0.6,0.0
2010-08-19,84.6,77.9,89.0,67,0.0,0.0
2010-08-20,86.6,80.7,90.3,67,0.0,0.0
2010-08-21,81.5,76.4,86.5,79,7.3,0.0
2010-08-22,75.4,74.0,79.8,78,0.2,0.0
2010-08-23,74.4,72.3,76.9,74,0.0,0.0
2010-08-24,77.5,73.3,81.9,72,0.5,0.0
2010-08-25,76.0,71.7,72.9,54,0.2,0.0
2010-08-26,72.2,68.8,74.2,59,0.0,0.0
2010-08-27,78.9,71.2,79.5,64,0.0,0.0
2010-08-28,80.5,73.5,80.6,61,0.0,0.0
2010-08-29,86.1,77.9,90.8,66,0.0,0.0
2010-08-30,82.5,78.6,86.0,67,0.0,0.0
2010-08-31,85.2,79.4,89.1,69,0.0,0.0
2010-09-01,79.1,75.0,81.4,81,24.8,0.0
2010-09-02,79.8,73.5,84.5,87,6.1,0.0
2010-09-03,69.9,64.9,69.9,67,2.5,0.0
2010-09-04,64.7,60.3,56.8,56,0.0,0.0
2010-09-05,71.8,63.6,68.8,63,0.0,0.0
2010-09-06,76.3,71.4,74.2,56,0.2,0.0
2010-09-07,73.9,69.5,68.0,55,0.0,0.0
2010-09-08,66.3,61.4,64.1,61,0.0,0.0
2010-09-09,64.7,62.2,62.1,65,0.0,0.0
2010-09-10,70.9,65.2,67.1,64,0.0,0.0
2010-09-11,69.9,64.8,71.3,74,10.9,0.0
2010-09-12,77.6,68.6,76.8,65,0.0,0.0
2010-09-13,74.1,69.5,76.8,67,0.0,0.0
2010-09-14,70.7,67.5,71.9,58,0.0,0.0
2010-09-15,72.5,67.8,71.2,66,0.5,0.0
2010-09-16,69.3,65.8,67.6,80,4.0,0.0
2010-09-17,70.3,63.5,67.5,67,0.0,0.0
2010-09-18,70.1,65.4,71.7,76,0.5,0.0
2010-09-19,62.9,61.5,60.9,74,12.0,0.0
2010-09-20,73.2,66.8,75.1,83,3.2,0.0
2010-09-21,80.5,73.8,81.1,74,7.3,0.0
2010-09-22,70.6,68.7,74.1,88,11.7,0.0
2010-09-23,80.9,74.4,79.0,71,0.0,0.0
2010-09-24,76.2,66.4,70.1,67,4.8,0.0
2010-09-25,59.1,56.2,52.6,65,0.0,0.0
2010-09-26,56.1,55.1,52.3,64,0.4,0.0
2010-09-27,59.6,56.3,57.0,69,0.1,0.0
2010-09-28,66.3,60.2,63.9,69,0.0,0.0
2010-09-29,70.7,63.1,69.3,71,0.0,0.0
2010-09-30,66.2,63.3,63.4,72,0.0,0.0
2010-10-01,68.8,61.5,65.7,64,0.4,0.0
2010-10-02,59.0,53.2,52.8,80,12.4,0.0
2010-10-03,53.2,51.4,47.0,63,2.2,0.0
2010-10-04,54.8,51.9,50.8,61,0.0,0.0
2010-10-05,62.8,54.8,59.4,66,0.0,0.0
2010-10-06,69.3,60.3,66.7,70,0.0,0.0
2010-10-07,67.6,62.0,65.3,63,0.0,0.0
2010-10-08,72.1,62.4,67.3,62,0.0,0.0
2010-10-09,75.1,66.4,76.9,70,0.0,0.0
2010-10-10,77.0,69.1,78.4,69,0.0,0.0
2010-10-11,74.9,66.8,75.8,72,0.0,0.0
2010-10-12,69.2,64.8,69.8,81,0.0,0.0
2010-10-13,65.0,60.4,66.6,74,8.4,0.0
2010-10-14,62.5,56.9,54.5,49,0.0,0.0
2010-10-15,57.1,54.8,53.5,67,0.3,0.0
2010-10-16,66.0,56.3,58.9,65,0.0,0.0
2010-10-17,58.8,55.7,56.0,65,0.0,0.0
2010-10-18,55.9,53.4,51.8,67,0.6,0.0
2010-10-19,57.4,51.8,51.1,57,0.0,0.0
2010-10-20,64.3,55.7,54.6,53,0.0,0.0
2010-10-21,53.9,49.7,46.2,57,0.0,0.0
2010-10-22,59.3,51.7,54.2,55,0.0,0.0
2010-10-23,62.9,59.2,59.1,60,5.4,0.0
2010-10-24,67.5,60.9,62.4,68,10.8,0.0
2010-10-25,67.7,62.3,65.9,82,0.8,0.0
2010-10-26,65.1,59.6,58.8,68,15.6,0.0
2010-10-27,60.2,55.1,45.8,44,0.0,0.0
2010-10-28,45.0,43.8,35.2,59,0.0,0.0
2010-10-29,48.2,41.4,40.3,59,0.0,0.0
2010-10-30,58.1,49.4,52.6,58,0.0,0.0
2010-10-31,47.0,45.7,39.8,62,0.0,0.0
2010-11-01,48.5,45.1,42.3,67,0.0,0.0
2010-11-02,47.4,43.7,41.0,66,0.0,0.0
2010-11-03,51.6,44.4,46.0,69,0.5,0.0
2010-11-04,46.7,44.5,38.3,73,4.1,0.0
2010-11-05,39.7,37.5,28.4,66,1.0,0.0
2010-11-06,43.0,38.6,34.9,55,0.1,0.0
2010-11-07,53.9,44.5,47.3,57,0.0,0.0
2010-11-08,57.0,49.4,51.0,65,0.0,0.0
2010-11-09,56.9,50.6,52.3,71,0.0,0.0
2010-11-10,59.2,52.2,53.9,71,0.0,0.0
2010-11-11,61.5,54.0,60.3,72,0.1,0.0
2010-11-12,52.6,51.6,49.0,89,0.3,0.0
2010-11-13,53.9,49.5,47.6,71,0.8,0.0
2010-11-14,46.5,42.0,38.2,61,2.4,0.0
2010-11-15,48.6,43.2,41.4,74,1.0,0.0
2010-11-16,46.4,43.3,39.9,69,0.0,0.0
2010-11-17,45.8,42.5,39.3,81,0.9,0.0
2010-11-18,41.8,38.3,34.3,66,0.0,0.0
2010-11-19,48.7,40.2,41.1,69,0.0,0.0
2010-11-20,42.9,40.1,35.6,74,0.0,0.0
2010-11-21,56.0,48.9,49.2,86,1.0,0.0
2010-11-22,62.3,56.4,55.5,88,13.9,0.0
2010-11-23,44.4,33.6,33.9,58,0.0,0.0
2010-11-24,38.9,34.4,28.1,74,5.3,0.28
2010-11-25,40.2,36.6,36.1,79,4.3,0.0
2010-11-26,32.6,27.0,20.0,46,0.0,0.0
2010-11-27,32.7,28.9,24.5,58,0.0,0.0
2010-11-28,42.2,34.3,32.9,69,0.0,0.0
2010-11-29,46.7,41.2,38.4,74,11.0,0.0
2010-11-30,47.5,37.5,41.1,79,3.4,0.0
2010-12-01,28.7,25.6,15.7,58,0.0,0.0
2010-12-02,32.0,27.1,23.0,57,0.0,0.0
2010-12-03,30.6,28.5,24.4,66,0.0,0.07
2010-12-04,33.0,31.0,25.3,78,6.7,4.76
2010-12-05,29.0,24.9,17.8,76,0.0,0.0
2010-12-06,20.3,18.6,8.7,74,0.0,0.0
2010-12-07,20.4,18.4,9.6,74,0.0,0.0
2010-12-08,24.4,18.5,15.9,75,0.0,0.0
2010-12-09,27.9,22.6,15.5,73,3.0,2.17
2010-12-10,35.2,30.1,26.8,85,0.3,0.28
2010-12-11,37.7,33.6,29.7,92,13.3,0.0
2010-12-12,33.8,27.2,21.7,81,6.9,4.69
2010-12-13,19.7,17.6,5.6,75,0.2,0.84
2010-12-14,20.4,16.8,10.6,71,0.0,0.0
2010-12-15,20.2,14.8,11.7,69,0.0,0.0
2010-12-16,27.4,23.3,20.6,72,1.7,1.4
2010-12-17,22.1,17.7,13.0,73,0.0,0.07
2010-12-18,20.2,16.1,8.4,77,0.0,0.0
2010-12-19,21.4,14.0,12.3,75,0.0,0.0
2010-12-20,26.1,19.3,17.3,80,3.1,2.17
2010-12-21,30.9,28.9,24.1,91,2.6,2.17
2010-12-22,32.5,29.0,24.0,83,0.0,0.35
2010-12-23,29.7,27.6,22.8,82,0.0,0.0
2010-12-24,31.3,28.8,25.3,87,3.4,2.45
2010-12-25,30.1,29.2,22.2,79,1.9,1.47
2010-12-26,30.0,28.2,19.2,78,1.8,1.61
2010-12-27,27.2,21.3,17.7,84,0.0,0.0
2010-12-28,26.7,19.8,16.7,83,0.0,0.0
2010-12-29,34.3,25.7,24.8,89,0.0,0.0
2010-12-30,42.6,38.4,32.4,93,0.6,0.0
2010-12-31,47.5,44.5,41.0,98,10.1,0.0
2011-01-01,47.0,25.9,39.1,58,0.1,0.0
2011-01-02,24.1,18.6,13.2,49,0.0,0.0
2011-01-03,34.1,27.3,25.7,56,0.0,0.0
2011-01-04,27.1,23.3,19.2,63,0.0,0.0
2011-01-05,29.3,21.1,19.9,62,0.0,0.14
2011-01-06,26.9,24.1,17.6,65,0.0,0.07
2011-01-07,21.4,18.6,9.2,57,0.0,0.21
2011-01-08,23.6,16.2,12.6,66,0.4,0.42
2011-01-09,26.3,18.6,19.4,77,0.0,0.0
2011-01-10,27.5,22.8,19.3,76,0.0,0.14
2011-01-11,26.7,24.4,16.5,78,4.1,3.36
2011-01-12,26.5,22.2,16.6,77,0.0,0.14
2011-01-13,24.2,19.9,15.6,76,0.0,0.28
2011-01-14,25.5,20.4,18.4,73,0.0,0.07
2011-01-15,24.7,23.0,14.7,72,0.3,0.21
2011-01-16,21.8,17.3,15.0,77,0.0,0.14
2011-01-17,34.6,23.4,26.4,83,5.8,2.59
2011-01-18,34.1,28.6,26.5,90,3.0,1.4
2011-01-19,23.1,20.6,14.3,76,0.0,0.07
2011-01-20,21.5,16.4,10.0,71,0.0,0.21
2011-01-21,9.2,3.9,-0.6,57,0.0,0.0
2011-01-22,17.1,10.8,6.8,67,0.0,0.0
2011-01-23,16.3,11.5,6.0,72,0.3,0.35
2011-01-24,29.5,22.3,20.4,82,0.4,0.56
2011-01-25,29.4,24.6,23.5,83,0.0,0.0
2011-01-26,25.1,22.5,18.2,84,0.0,0.0
2011-01-27,26.1,21.8,18.3,80,1.8,1.33
2011-01-28,30.3,25.5,22.7,79,0.0,0.0
2011-01-29,31.7,29.0,24.4,85,0.0,0.28
2011-01-30,28.7,24.7,23.2,83,0.0,0.42
2011-01-31,21.0,18.9,9.6,75,0.8,0.63
2011-02-01,20.8,18.5,7.0,80,14.4,10.29
2011-02-02,17.9,15.6,7.2,75,14.4,10.22
2011-02-03,9.8,4.7,-1.1,71,0.0,0.0
2011-02-04,16.5,9.6,4.3,68,0.0,0.0
2011-02-05,20.8,12.9,12.4,78,0.0,0.0
2011-02-06,27.8,20.6,22.0,91,3.1,2.24
2011-02-07,26.0,22.0,17.2,85,0.7,0.56
2011-02-08,18.2,10.8,10.2,74,0.7,0.77
2011-02-09,9.4,3.4,-1.1,70,0.0,0.0
2011-02-10,8.9,-0.5,-2.5,75,0.0,0.0
2011-02-11,23.7,12.4,11.7,82,0.0,0.28
2011-02-12,34.0,27.8,23.4,85,0.0,0.0
2011-02-13,38.3,34.4,26.9,80,0.0,0.0
2011-02-14,37.2,33.3,27.6,82,0.0,0.0
2011-02-15,34.9,26.4,24.3,77,0.0,0.0
2011-02-16,41.1,36.6,34.3,87,0.2,0.0
2011-02-17,48.7,45.0,39.7,92,0.2,0.0
2011-02-18,46.1,38.3,37.5,65,0.1,0.0
2011-02-19,30.5,24.9,20.2,67,0.0,0.0
2011-02-20,34.6,28.9,26.8,86,27.3,2.31
2011-02-21,30.9,27.5,20.1,89,6.9,2.1
2011-02-22,24.5,22.6,17.0,79,3.0,2.24
2011-02-23,33.1,24.6,25.2,81,0.9,0.49
2011-02-24,32.5,30.1,25.6,89,0.3,0.21
2011-02-25,29.5,26.1,22.7,82,2.1,1.61
2011-02-26,29.3,26.4,23.5,89,3.2,2.59
2011-02-27,33.2,30.3,28.0,90,4.7,0.14
2011-02-28,31.0,26.8,21.5,83,6.2,1.12
2011-03-01,38.9,27.2,30.0,77,0.0,0.0
2011-03-02,31.4,24.0,21.6,76,0.0,0.0
2011-03-03,37.7,28.4,28.7,71,0.0,0.0
2011-03-04,48.9,37.6,46.0,85,8.7,0.0
2011-03-05,32.4,28.5,21.4,87,7.8,1.19
2011-03-06,28.7,22.4,21.6,81,0.0,0.0
2011-03-07,33.9,27.8,27.1,81,0.0,0.0
2011-03-08,37.7,32.8,30.7,78,0.4,0.0
2011-03-09,41.3,36.1,37.0,94,13.6,0.07
2011-03-10,34.7,31.7,26.3,79,0.4,0.7
2011-03-11,38.6,32.0,34.9,70,0.0,0.0
2011-03-12,39.3,36.3,29.0,69,0.2,0.0
2011-03-13,34.5,30.1,28.6,80,0.0,0.0
2011-03-14,34.6,29.4,29.2,85,0.0,0.0
2011-03-15,34.1,31.3,28.0,83,0.6,0.0
2011-03-16,49.4,39.1,44.1,78,0.0,0.0
2011-03-17,56.6,48.5,49.5,79,0.6,0.0
2011-03-18,48.5,40.1,42.2,81,0.0,0.0
2011-03-19,38.0,33.8,32.9,84,0.0,0.0
2011-03-20,51.8,42.4,46.3,76,9.1,0.0
2011-03-21,52.3,41.4,47.5,93,1.5,0.0
2011-03-22,38.7,36.8,29.2,89,7.9,0.0
2011-03-23,37.7,34.2,30.5,90,3.6,0.35
2011-03-24,28.9,26.3,20.7,71,0.2,0.28
2011-03-25,29.9,26.4,23.1,58,0.0,0.0
2011-03-26,27.7,25.9,17.3,64,0.0,0.0
2011-03-27,28.8,27.1,20.8,59,0.0,0.0
2011-03-28,30.2,26.8,22.8,56,0.0,0.0
2011-03-29,34.4,30.1,28.1,61,0.0,0.0
2011-03-30,35.6,32.2,30.2,71,0.0,0.0
2011-03-31,36.7,31.4,32.3,71,0.0,0.0
2011-04-01,40.1,35.1,34.2,79,3.2,0.0
2011-04-02,42.6,37.5,36.2,80,0.5,0.0
2011-04-03,60.0,47.6,56.2,71,3.5,0.0
2011-04-04,57.5,47.1,51.4,76,1.6,0.0
2011-04-05,44.0,39.4,37.3,61,0.0,0.0
2011-04-06,49.4,42.4,44.9,72,0.0,0.0
2011-04-07,42.7,38.3,35.1,92,2.3,0.0
2011-04-08,42.7,40.2,36.0,89,13.7,0.0
2011-04-09,54.4,45.1,49.7,91,0.0,0.0
2011-04-10,69.9,61.8,66.3,83,0.4,0.0
2011-04-11,59.9,51.6,55.2,72,0.0,0.0
2011-04-12,44.1,40.7,39.6,76,0.0,0.0
2011-04-13,50.8,44.3,48.5,71,0.0,0.0
2011-04-14,46.6,41.5,42.9,80,0.2,0.0
2011-04-15,47.8,43.8,38.9,76,13.0,0.0
2011-04-16,50.1,44.3,45.2,83,8.7,0.0
2011-04-17,48.9,42.2,41.5,61,0.0,0.0
2011-04-18,42.2,35.9,36.7,82,12.2,6.51
2011-04-19,38.3,37.0,28.3,87,18.9,0.0
2011-04-20,44.0,39.0,35.3,77,0.7,0.0
2011-04-21,44.4,40.0,37.5,77,0.5,0.0
2011-04-22,51.5,42.9,46.8,88,32.1,0.0
2011-04-23,58.7,52.3,53.0,77,0.5,0.0
2011-04-24,47.4,44.8,44.1,87,0.7,0.0
2011-04-25,49.0,44.6,41.7,87,11.7,0.0
2011-04-26,60.4,53.7,55.3,84,19.9,0.0
2011-04-27,51.5,48.1,50.1,89,13.9,0.0
2011-04-28,46.0,43.5,37.1,69,0.7,0.0
2011-04-29,52.1,45.8,52.6,69,0.0,0.0
2011-04-30,62.9,55.2,55.6,66,0.4,0.0
2011-05-01,59.3,55.1,54.6,66,1.4,0.0
2011-05-02,52.6,47.9,50.6,64,0.0,0.0
2011-05-03,43.7,41.3,38.0,72,0.0,0.0
2011-05-04,48.8,43.3,47.5,69,0.0,0.0
2011-05-05,56.5,49.2,50.7,73,1.0,0.0
2011-05-06,62.5,54.7,57.7,68,0.0,0.0
2011-05-07,55.9,52.3,52.2,80,6.2,0.0
2011-05-08,55.4,49.8,54.9,89,0.2,0.0
2011-05-09,65.0,57.9,59.9,69,0.1,0.0
2011-05-10,72.3,64.3,75.9,84,8.3,0.0
2011-05-11,75.4,67.5,80.7,93,13.8,0.0
2011-05-12,77.9,69.8,83.0,86,1.2,0.0
2011-05-13,66.7,58.3,69.8,94,4.9,0.0
2011-05-14,49.3,47.5,41.4,95,3.4,0.0
2011-05-15,47.6,45.5,38.6,81,11.3,0.0
2011-05-16,45.0,43.6,37.3,69,0.0,0.0
2011-05-17,50.0,46.3,44.5,75,0.0,0.0
2011-05-18,52.3,49.0,48.9,91,0.7,0.0
2011-05-19,57.9,53.0,58.3,91,0.0,0.0
2011-05-20,60.1,54.7,62.1,95,0.0,0.0
2011-05-21,69.2,63.6,69.3,86,2.3,0.0
2011-05-22,77.6,68.9,77.6,82,0.4,0.0
2011-05-23,73.9,67.7,71.7,78,7.4,0.0
2011-05-24,65.1,53.9,66.0,85,0.0,0.0
2011-05-25,70.7,58.7,73.0,90,12.5,0.0
2011-05-26,52.1,49.3,45.0,89,12.4,0.0
2011-05-27,52.8,50.0,49.1,80,0.4,0.0
2011-05-28,64.6,59.6,63.4,85,7.2,0.0
2011-05-29,66.4,62.0,66.3,94,1.5,0.0
2011-05-30,81.2,73.2,84.4,74,0.0,0.0
2011-05-31,78.9,72.3,80.9,77,21.8,0.0
2011-06-01,74.8,68.9,72.8,60,0.0,0.0
2011-06-02,64.9,61.0,65.4,73,0.0,0.0
2011-06-03,77.8,70.9,78.4,76,1.2,0.0
2011-06-04,83.1,74.2,95.2,84,9.6,0.0
2011-06-05,73.3,68.8,81.6,92,0.0,0.0
2011-06-06,84.4,75.8,88.4,75,0.0,0.0
2011-06-07,88.0,80.5,94.8,70,0.0,0.0
2011-06-08,86.7,80.7,91.3,65,1.1,0.0
2011-06-09,75.1,61.6,78.2,88,15.2,0.0
2011-06-10,74.6,64.2,79.4,89,7.0,0.0
2011-06-11,66.4,61.9,70.8,90,15.1,0.0
2011-06-12,58.6,57.2,55.4,75,0.0,0.0
2011-06-13,65.1,61.3,64.9,67,0.0,0.0
2011-06-14,70.7,65.7,71.4,69,0.0,0.0
2011-06-15,68.3,64.7,69.1,78,17.3,0.0
2011-06-16,75.0,68.5,77.6,75,0.0,0.0
2011-06-17,78.0,71.1,84.1,82,4.3,0.0
2011-06-18,75.8,72.6,84.3,88,1.2,0.0
2011-06-19,77.4,73.5,82.3,85,1.4,0.0
2011-06-20,75.5,72.6,79.7,87,5.2,0.0
2011-06-21,81.4,76.0,86.0,82,8.9,0.0
2011-06-22,71.5,69.0,73.8,80,3.1,0.0
2011-06-23,68.5,65.0,65.9,81,3.8,0.0
2011-06-24,67.5,64.0,65.9,74,0.1,0.0
2011-06-25,74.2,68.7,76.8,67,0.0,0.0
2011-06-26,75.5,71.5,78.4,65,0.0,0.0
2011-06-27,78.1,71.5,81.6,79,20.9,0.0
2011-06-28,77.1,70.7,76.3,62,0.0,0.0
2011-06-29,73.2,70.0,77.9,73,0.0,0.0
2011-06-30,81.0,73.0,86.8,78,4.1,0.0
2011-07-01,77.6,74.3,79.5,80,18.7,0.0
2011-07-02,86.0,77.5,95.5,82,6.0,0.0
2011-07-03,75.9,73.8,83.2,74,0.0,0.0
2011-07-04,80.8,75.2,84.2,54,0.0,0.0
2011-07-05,84.5,78.1,90.3,60,0.1,0.0
2011-07-06,77.6,75.8,86.4,73,0.5,0.0
2011-07-07,76.1,73.2,78.1,65,0.0,0.0
2011-07-08,78.1,74.0,81.8,66,0.0,0.0
2011-07-09,85.2,78.0,89.7,63,0.0,0.0
2011-07-10,86.3,80.5,91.1,70,0.5,0.0
2011-07-11,87.5,80.6,99.3,77,13.9,0.0
2011-07-12,80.0,76.7,88.2,73,0.0,0.0
2011-07-13,73.7,69.0,74.0,73,0.6,0.0
2011-07-14,75.0,71.0,77.4,67,0.0,0.0
2011-07-15,80.2,75.1,85.7,66,0.0,0.0
2011-07-16,83.9,78.7,88.0,63,0.0,0.0
2011-07-17,89.4,82.1,96.0,67,0.1,0.0
2011-07-18,89.0,83.6,94.4,77,0.3,0.0
2011-07-19,82.1,80.3,93.4,89,0.1,0.0
2011-07-20,94.6,86.7,104.2,72,0.0,0.0
2011-07-21,92.3,87.3,103.0,67,0.2,0.0
2011-07-22,88.3,83.1,98.2,77,7.3,0.0
2011-07-23,87.2,82.3,99.3,78,9.5,0.0
2011-07-24,83.2,80.8,92.0,81,7.9,0.0
2011-07-25,80.9,77.6,88.2,80,3.6,0.0
2011-07-26,79.1,76.0,85.2,68,0.0,0.0
2011-07-27,85.7,78.5,94.3,68,1.0,0.0
2011-07-28,87.7,82.2,96.2,74,2.2,0.0
2011-07-29,80.5,78.3,88.1,77,18.2,0.0
2011-07-30,85.0,79.7,90.2,61,0.0,0.0
2011-07-31,88.4,81.8,93.9,64,0.0,0.0
2011-08-01,86.8,82.2,97.0,72,0.0,0.0
2011-08-02,91.1,84.7,96.8,70,19.7,0.0
2011-08-03,78.2,76.3,85.7,82,15.6,0.0
2011-08-04,77.6,74.7,82.5,77,0.0,0.0
2011-08-05,79.6,76.9,85.4,75,0.6,0.0
2011-08-06,79.8,77.5,88.8,81,9.2,0.0
2011-08-07,83.6,78.1,90.7,78,1.7,0.0
2011-08-08,77.8,74.9,83.3,77,19.3,0.0
2011-08-09,78.7,73.7,79.7,70,11.6,0.0
2011-08-10,73.1,69.8,73.1,58,0.0,0.0
2011-08-11,77.5,71.4,78.5,55,0.0,0.0
2011-08-12,79.7,73.0,78.0,61,0.0,0.0
2011-08-13,79.1,72.0,83.3,75,9.3,0.0
2011-08-14,70.9,68.1,68.1,79,2.4,0.0
2011-08-15,75.7,69.4,78.0,69,0.0,0.0
2011-08-16,78.2,72.4,81.6,62,0.0,0.0
2011-08-17,81.8,74.8,83.5,63,0.0,0.0
2011-08-18,79.1,75.3,86.6,71,0.0,0.0
2011-08-19,81.0,75.6,85.3,65,0.0,0.0
2011-08-20,78.1,73.4,84.7,80,4.6,0.0
2011-08-21,77.2,72.9,77.3,61,0.0,0.0
2011-08-22,77.8,72.2,79.2,56,0.0,0.0
2011-08-23,78.2,72.7,76.9,72,16.7,0.0
2011-08-24,86.7,77.4,93.1,77,2.9,0.0
2011-08-25,74.6,71.7,79.2,66,0.0,0.0
2011-08-26,77.3,71.6,80.6,66,0.0,0.0
2011-08-27,76.3,72.8,81.1,77,1.0,0.0
2011-08-28,70.1,68.5,70.2,65,0.0,0.0
2011-08-29,74.6,70.2,77.3,61,0.0,0.0
2011-08-30,76.2,71.7,75.3,56,0.5,0.0
2011-08-31,82.2,73.7,88.3,72,5.5,0.0
2011-09-01,88.8,81.5,97.6,74,0.8,0.0
2011-09-02,87.3,82.7,96.5,66,0.0,0.0
2011-09-03,85.4,78.8,94.0,76,12.6,0.0
2011-09-04,73.7,69.1,77.8,69,5.1,0.0
2011-09-05,62.6,60.9,57.2,72,3.3,0.0
2011-09-06,62.2,59.9,57.8,63,0.0,0.0
2011-09-07,63.7,60.9,59.2,71,0.0,0.0
2011-09-08,66.6,64.1,64.0,76,0.7,0.0
2011-09-09,68.4,64.8,69.1,86,5.1,0.0
2011-09-10,71.8,68.1,73.6,79,0.6,0.0
2011-09-11,78.2,71.0,79.2,68,0.0,0.0
2011-09-12,80.6,74.0,80.2,64,0.0,0.0
2011-09-13,73.9,68.7,69.4,68,0.0,0.0
2011-09-14,64.7,59.9,64.6,66,1.8,0.0
2011-09-15,55.7,53.1,49.9,52,0.0,0.0
2011-09-16,57.4,54.5,52.7,59,0.1,0.0
2011-09-17,65.9,59.9,61.2,59,0.0,0.0
2011-09-18,63.2,59.8,60.1,79,14.8,0.0
2011-09-19,66.3,63.1,67.9,87,10.8,0.0
2011-09-20,70.2,62.9,68.1,81,0.0,0.0
2011-09-21,67.6,64.0,62.4,66,0.0,0.0
2011-09-22,61.5,58.2,58.4,66,0.2,0.0
2011-09-23,57.8,55.3,54.0,75,0.9,0.0
2011-09-24,58.6,55.2,55.9,80,8.7,0.0
2011-09-25,61.7,58.2,59.2,83,6.7,0.0
2011-09-26,60.2,57.6,60.6,81,29.2,0.0
2011-09-27,58.4,56.1,56.1,85,10.3,0.0
2011-09-28,60.2,57.2,58.1,85,4.0,0.0
2011-09-29,62.9,57.9,59.7,80,4.7,0.0
2011-09-30,55.9,52.4,46.2,67,2.6,0.0
2011-10-01,52.6,50.9,45.6,66,0.1,0.0
2011-10-02,60.2,53.8,56.4,67,0.0,0.0
2011-10-03,62.9,58.4,60.4,76,0.0,0.0
2011-10-04,65.4,58.7,65.7,83,0.0,0.0
2011-10-05,71.6,63.2,73.1,77,0.0,0.0
2011-10-06,72.5,65.5,73.6,77,0.0,0.0
2011-10-07,74.4,67.7,73.4,70,0.0,0.0
2011-10-08,74.2,67.8,75.5,73,0.0,0.0
2011-10-09,71.2,66.0,73.4,78,0.0,0.0
2011-10-10,71.3,65.6,70.9,70,0.0,0.0
2011-10-11,71.2,66.3,71.4,73,0.0,0.0
2011-10-12,70.3,65.6,69.2,67,0.0,0.0
2011-10-13,63.8,60.0,61.9,84,11.3,0.0
2011-10-14,58.2,55.3,49.0,61,0.0,0.0
2011-10-15,57.5,53.3,48.8,57,0.0,0.0
2011-10-16,57.9,53.0,51.1,62,3.7,0.0
2011-10-17,56.0,50.6,47.2,52,0.0,0.0
2011-10-18,51.8,48.2,47.1,72,2.2,0.0
2011-10-19,48.5,47.6,40.2,81,23.9,0.0
2011-10-20,47.5,45.5,37.7,79,16.2,0.0
2011-10-21,50.5,45.6,46.1,68,0.0,0.0
2011-10-22,58.7,50.0,56.4,73,0.0,0.0
2011-10-23,61.7,53.6,57.3,78,1.6,0.0
2011-10-24,58.6,53.2,52.9,68,5.0,0.0
2011-10-25,64.6,57.4,60.5,63,0.8,0.0
2011-10-26,58.6,50.8,57.0,84,0.3,0.0
2011-10-27,47.7,45.2,41.7,75,3.8,0.0
2011-10-28,51.3,45.1,45.1,67,0.1,0.0
2011-10-29,50.3,45.4,44.0,58,0.0,0.0
2011-10-30,53.8,45.9,43.2,69,3.1,0.0
2011-10-31,49.9,45.0,44.7,76,0.0,0.0
2011-11-01,58.1,49.4,51.5,69,0.0,0.0
2011-11-02,57.5,53.6,54.3,64,0.3,0.0
2011-11-03,49.0,47.2,39.8,84,10.7,0.0
2011-11-04,46.8,44.9,40.2,72,0.0,0.0
2011-11-05,51.6,44.9,44.7,67,0.0,0.0
2011-11-06,56.6,51.5,47.7,73,0.5,0.0
2011-11-07,52.9,51.6,51.9,90,0.0,0.0
2011-11-08,53.7,50.2,53.4,92,28.2,0.0
2011-11-09,55.5,47.0,50.2,87,12.6,0.0
2011-11-10,39.8,37.7,29.7,68,0.1,0.0
2011-11-11,43.2,37.3,33.9,67,0.0,0.0
2011-11-12,54.5,46.8,45.9,69,0.0,0.0
2011-11-13,62.3,55.7,52.3,65,0.0,0.0
2011-11-14,50.8,46.2,44.6,81,2.1,0.0
2011-11-15,56.8,47.6,50.2,79,0.0,0.0
2011-11-16,45.8,38.9,38.2,52,0.0,0.0
2011-11-17,34.3,32.0,23.7,51,0.0,0.0
2011-11-18,46.5,39.6,33.6,50,0.0,0.0
2011-11-19,53.8,47.1,45.8,63,1.4,0.0
2011-11-20,54.2,43.6,46.6,75,0.0,0.0
2011-11-21,42.7,41.0,36.2,77,0.0,0.0
2011-11-22,42.4,40.8,34.0,85,4.9,0.0
2011-11-23,45.2,40.4,39.8,83,0.0,0.0
2011-11-24,50.0,44.1,41.5,83,0.0,0.0
2011-11-25,52.9,48.1,44.9,72,0.2,0.0
2011-11-26,52.5,50.7,48.9,83,13.6,0.0
2011-11-27,48.3,41.3,42.8,85,11.0,0.0
2011-11-28,39.5,38.2,30.8,71,0.0,0.0
2011-11-29,42.0,39.5,28.4,73,0.0,0.0
2011-11-30,39.8,34.6,31.6,60,0.0,0.0
2011-12-01,42.7,36.6,36.7,71,0.0,0.0
2011-12-02,39.2,36.8,33.2,77,1.2,0.0
2011-12-03,47.8,43.6,40.4,75,4.2,0.0
2011-12-04,49.0,43.7,41.5,83,3.6,0.0
2011-12-05,40.1,37.6,32.9,74,0.3,0.0
2011-12-06,37.0,34.7,26.9,63,0.0,0.0
2011-12-07,33.1,30.5,24.0,63,0.0,0.0
2011-12-08,34.5,30.1,26.1,64,0.0,0.0
2011-12-09,31.6,27.2,23.0,55,0.2,0.49
2011-12-10,25.9,22.0,14.8,50,0.0,0.0
2011-12-11,39.6,31.7,29.8,67,0.0,0.0
2011-12-12,41.2,34.6,34.1,73,0.0,0.0
2011-12-13,40.0,38.1,35.4,79,0.0,0.0
2011-12-14,49.4,43.8,41.5,94,12.4,0.0
2011-12-15,51.5,42.0,44.5,77,1.7,0.0
2011-12-16,32.8,30.4,24.0,60,0.0,0.0
2011-12-17,32.7,30.6,24.9,72,1.4,1.12
2011-12-18,39.4,33.5,30.0,78,0.0,0.0
2011-12-19,44.7,41.8,37.8,73,0.0,0.0
2011-12-20,37.8,36.1,32.7,78,0.9,0.14
2011-12-21,39.5,38.8,35.2,95,0.8,0.0
2011-12-22,38.8,36.0,31.4,88,2.3,0.14
2011-12-23,34.8,30.8,24.5,64,0.0,0.0
2011-12-24,36.8,31.1,27.1,67,0.0,0.0
2011-12-25,41.1,36.2,30.6,66,0.0,0.0
2011-12-26,42.1,35.4,32.3,75,0.0,0.0
2011-12-27,38.4,34.5,28.5,82,2.7,0.14
2011-12-28,30.1,27.8,21.8,58,0.0,0.0
2011-12-29,43.7,36.3,35.3,80,0.5,0.0
2011-12-30,43.1,38.0,39.7,94,6.6,0.0
2011-12-31,39.9,35.4,30.6,84,0.0,0.0
2012-01-01,42.8,35.7,34.0,68,2.0,0.07
2012-01-02,28.7,23.5,14.5,56,0.0,0.35
2012-01-03,26.1,20.7,14.1,51,0.0,0.0
2012-01-04,37.3,31.5,28.0,57,0.0,0.0
2012-01-05,42.8,35.4,34.9,75,0.0,0.0
2012-01-06,46.8,41.5,41.7,80,0.0,0.0
2012-01-07,39.4,35.7,32.4,70,0.0,0.0
2012-01-08,37.6,33.1,31.6,84,0.0,0.0
2012-01-09,41.5,34.6,29.5,77,0.0,0.0
2012-01-10,43.5,36.8,36.9,79,0.0,0.0
2012-01-11,41.1,36.9,35.5,87,0.0,0.0
2012-01-12,36.0,32.4,31.1,92,12.8,7.21
2012-01-13,23.0,19.4,10.7,79,3.5,2.59
2012-01-14,18.6,15.1,10.8,79,0.0,0.0
2012-01-15,28.3,20.4,16.0,78,0.0,0.0
2012-01-16,41.6,35.3,37.9,86,1.2,0.0
2012-01-17,36.7,30.5,30.6,85,4.6,1.61
2012-01-18,25.6,19.7,14.2,60,0.0,0.0
2012-01-19,26.8,17.4,14.2,59,0.2,0.21
2012-01-20,21.2,15.9,11.8,71,11.9,8.4
2012-01-21,23.7,21.8,15.2,76,0.0,0.07
2012-01-22,39.7,27.5,31.2,90,1.1,0.07
2012-01-23,42.0,35.6,33.6,89,14.9,0.0
2012-01-24,33.0,28.0,24.7,73,0.0,0.0
2012-01-25,33.4,29.7,26.7,81,0.0,0.0
2012-01-26,34.1,31.1,29.0,92,0.0,0.0
2012-01-27,38.1,33.8,31.3,73,0.1,0.07
2012-01-28,32.3,30.5,22.3,69,1.4,1.12
2012-01-29,30.0,27.9,19.1,65,0.5,0.56
2012-01-30,45.4,33.9,35.5,70,0.5,0.0
2012-01-31,51.0,45.3,42.3,83,0.8,0.0
2012-02-01,43.4,35.7,35.8,87,0.0,0.0
2012-02-02,40.7,34.3,36.7,92,0.0,0.0
2012-02-03,35.0,33.6,28.4,93,0.0,0.0
2012-02-04,35.8,34.2,27.5,85,0.2,0.0
2012-02-05,36.0,32.8,29.9,87,0.0,0.0
2012-02-06,36.9,31.2,27.9,82,0.0,0.0
2012-02-07,33.2,30.3,26.8,81,0.0,0.35
2012-02-08,32.3,29.6,24.6,67,0.0,0.0
2012-02-09,33.2,27.9,23.0,57,0.0,0.0
2012-02-10,34.0,27.8,25.4,76,2.3,2.03
2012-02-11,19.8,16.2,7.3,54,0.0,0.14
2012-02-12,32.5,23.0,22.7,47,0.0,0.0
2012-02-13,33.4,26.8,23.0,52,0.0,0.21
2012-02-14,34.9,30.5,27.8,81,0.5,0.56
2012-02-15,39.0,33.7,30.9,87,1.7,0.0
2012-02-16,40.5,36.3,31.8,83,4.7,0.0
2012-02-17,42.6,34.2,34.2,67,0.1,0.0
2012-02-18,33.9,30.1,25.2,72,0.0,0.0
2012-02-19,31.6,28.4,23.7,70,0.0,0.0
2012-02-20,36.9,30.7,28.3,70,0.0,0.0
2012-02-21,39.4,35.5,29.7,78,2.8,1.4
2012-02-22,38.9,34.7,33.3,82,1.0,0.0
2012-02-23,37.4,33.5,29.6,92,5.6,0.98
2012-02-24,33.5,31.6,22.8,87,15.0,10.01
2012-02-25,28.0,23.6,19.8,68,0.0,0.0
2012-02-26,43.5,31.5,33.4,67,0.0,0.0
2012-02-27,37.7,31.8,29.2,67,0.0,0.0
2012-02-28,38.8,32.3,28.9,74,1.5,0.0
2012-02-29,52.1,44.4,44.8,73,12.1,0.0
2012-03-01,38.3,35.5,32.3,78,0.0,0.0
2012-03-02,38.6,35.3,31.4,89,9.1,1.4
2012-03-03,33.2,30.4,21.4,67,0.1,0.42
2012-03-04,31.0,27.7,23.6,75,2.6,2.03
2012-03-05,33.2,28.0,24.6,64,0.0,0.0
2012-03-06,56.9,43.5,44.8,58,0.0,0.0
2012-03-07,57.8,53.0,46.6,62,0.0,0.0
2012-03-08,54.6,41.9,44.5,68,4.7,0.0
2012-03-09,36.7,32.5,25.7,47,0.0,0.0
2012-03-10,50.1,37.9,38.8,57,0.0,0.0
2012-03-11,53.7,45.9,46.6,62,0.5,0.0
2012-03-12,57.1,51.1,50.3,86,9.6,0.0
2012-03-13,54.3,48.5,53.7,73,0.0,0.0
2012-03-14,64.1,56.0,60.3,80,0.0,0.0
2012-03-15,65.6,57.9,65.6,84,0.0,0.0
2012-03-16,62.4,51.5,62.6,89,0.1,0.0
2012-03-17,62.9,56.7,59.6,85,0.0,0.0
2012-03-18,61.9,57.0,60.1,88,0.0,0.0
2012-03-19,62.7,59.5,62.1,84,0.0,0.0
2012-03-20,68.4,62.5,63.6,66,0.0,0.0
2012-03-21,68.1,62.4,66.5,68,0.3,0.0
2012-03-22,65.0,60.7,65.9,78,2.4,0.0
2012-03-23,55.7,53.0,54.4,95,5.8,0.0
2012-03-24,50.9,47.8,47.9,95,0.0,0.0
2012-03-25,53.0,47.3,49.7,85,0.0,0.0
2012-03-26,43.7,39.4,34.8,67,0.0,0.0
2012-03-27,59.3,48.8,51.0,56,0.0,0.0
2012-03-28,58.5,52.6,52.7,72,0.0,0.0
2012-03-29,42.6,40.3,36.1,75,0.0,0.0
2012-03-30,56.4,45.0,52.4,84,4.5,0.0
2012-03-31,45.2,41.3,40.1,81,0.0,0.0
2012-04-01,55.9,47.6,52.2,88,3.7,0.0
2012-04-02,54.4,49.5,48.6,75,0.0,0.0
2012-04-03,62.1,51.5,63.0,77,0.0,0.0
2012-04-04,47.6,45.6,42.1,71,0.0,0.0
2012-04-05,44.2,41.9,35.1,73,0.0,0.0
2012-04-06,44.9,41.6,39.7,69,0.0,0.0
2012-04-07,57.6,49.4,53.6,69,0.5,0.0
2012-04-08,60.2,53.0,51.9,52,0.4,0.0
2012-04-09,57.0,51.3,47.1,54,1.0,0.0
2012-04-10,44.4,39.7,34.1,46,0.0,0.0
2012-04-11,44.4,40.5,40.0,60,0.0,0.0
2012-04-12,53.4,46.3,51.3,62,0.0,0.0
2012-04-13,58.4,51.8,51.9,62,0.0,0.0
2012-04-14,61.6,55.4,60.4,82,2.1,0.0
2012-04-15,69.0,64.0,64.5,75,10.5,0.0
2012-04-16,63.3,55.0,55.1,64,5.3,0.0
2012-04-17,47.4,45.0,42.7,72,0.0,0.0
2012-04-18,65.4,54.4,59.5,66,0.2,0.0
2012-04-19,57.2,53.1,54.4,80,1.3,0.0
2012-04-20,54.0,46.1,50.6,82,6.0,0.0
2012-04-21,44.9,43.3,40.5,63,0.0,0.0
2012-04-22,46.9,44.2,37.5,60,0.0,0.0
2012-04-23,48.7,44.9,42.4,61,0.0,0.0
2012-04-24,57.3,49.9,56.1,55,0.0,0.0
2012-04-25,59.2,54.1,54.9,78,3.5,0.0
2012-04-26,54.5,47.7,52.3,81,0.1,0.0
2012-04-27,46.3,43.0,40.6,56,0.0,0.0
2012-04-28,47.1,46.1,39.0,70,7.3,0.0
2012-04-29,54.8,48.6,50.0,74,11.5,0.0
2012-04-30,59.2,54.7,58.9,89,12.6,0.0
2012-05-01,61.5,56.9,59.4,87,6.0,0.0
2012-05-02,74.0,66.4,77.6,83,6.6,0.0
2012-05-03,76.5,69.9,77.5,80,11.1,0.0
2012-05-04,65.6,59.2,67.2,92,7.7,0.0
2012-05-05,63.7,58.5,62.6,90,0.4,0.0
2012-05-06,71.0,63.2,74.0,84,12.0,0.0
2012-05-07,62.2,59.0,63.9,92,28.4,0.0
2012-05-08,66.3,59.9,64.8,65,0.0,0.0
2012-05-09,57.7,53.4,52.7,73,2.7,0.0
2012-05-10,58.4,53.4,56.1,62,0.0,0.0
2012-05-11,70.9,61.2,67.7,58,0.0,0.0
2012-05-12,62.6,57.4,58.0,72,3.6,0.0
2012-05-13,60.6,57.2,58.2,63,0.0,0.0
2012-05-14,71.4,63.0,72.7,55,0.0,0.0
2012-05-15,76.5,68.0,73.8,58,0.0,0.0
2012-05-16,64.1,56.0,59.2,59,0.1,0.0
2012-05-17,65.7,59.5,63.7,60,0.0,0.0
2012-05-18,75.1,66.4,73.9,56,0.0,0.0
2012-05-19,80.8,72.2,83.9,58,0.0,0.0
2012-05-20,83.4,73.7,82.8,65,3.6,0.0
2012-05-21,67.5,59.6,66.7,68,0.0,0.0
2012-05-22,60.7,57.6,59.8,63,0.0,0.0
2012-05-23,74.5,64.7,74.4,65,0.0,0.0
2012-05-24,80.3,73.2,75.1,50,0.0,0.0
2012-05-25,75.5,68.7,71.1,63,0.0,0.0
2012-05-26,75.4,70.1,78.1,67,0.2,0.0
2012-05-27,88.6,80.6,93.0,61,0.0,0.0
2012-05-28,86.9,80.7,83.9,52,0.2,0.0
2012-05-29,80.3,73.8,74.6,48,0.0,0.0
2012-05-30,67.7,61.9,65.2,61,0.2,0.0
2012-05-31,56.7,53.5,51.1,78,15.9,0.0
2012-06-01,57.3,54.9,53.1,73,3.7,0.0
2012-06-02,69.9,61.6,65.4,58,0.0,0.0
2012-06-03,76.8,67.9,73.6,57,0.0,0.0
2012-06-04,67.6,65.6,67.4,66,0.0,0.0
2012-06-05,64.7,62.4,61.8,69,0.0,0.0
2012-06-06,69.4,65.1,69.2,60,0.0,0.0
2012-06-07,73.7,68.1,75.7,59,0.0,0.0
2012-06-08,81.0,73.0,82.0,52,0.0,0.0
2012-06-09,84.5,76.9,85.0,46,0.0,0.0
2012-06-10,84.6,78.3,84.4,53,0.0,0.0
2012-06-11,82.7,76.1,84.6,67,1.6,0.0
2012-06-12,73.2,68.4,73.6,51,0.0,0.0
2012-06-13,66.1,63.7,64.4,55,0.0,0.0
2012-06-14,78.3,70.6,77.6,53,0.0,0.0
2012-06-15,82.8,76.4,86.6,48,0.0,0.0
2012-06-16,85.5,78.1,87.7,60,0.5,0.0
2012-06-17,80.9,75.0,84.7,68,14.0,0.0
2012-06-18,86.1,79.5,85.4,60,0.0,0.0
2012-06-19,88.1,81.2,91.2,56,0.0,0.0
2012-06-20,87.7,82.1,89.8,55,0.0,0.0
2012-06-21,80.9,75.5,79.4,62,9.9,0.0
2012-06-22,76.6,73.6,79.1,55,0.0,0.0
2012-06-23,79.5,74.7,84.2,58,0.0,0.0
2012-06-24,84.5,78.5,89.7,56,0.0,0.0
2012-06-25,75.5,69.1,75.9,57,0.0,0.0
2012-06-26,75.1,70.2,76.3,54,0.0,0.0
2012-06-27,85.2,76.7,82.1,47,0.0,0.0
2012-06-28,94.0,83.9,103.9,60,0.1,0.0
2012-06-29,83.9,81.5,94.0,67,0.3,0.0
2012-06-30,86.3,79.7,95.3,70,3.8,0.0
2012-07-01,88.1,82.1,96.9,69,0.1,0.0
2012-07-02,89.0,82.6,97.8,69,0.9,0.0
2012-07-03,90.8,84.0,97.9,61,0.0,0.0
2012-07-04,94.8,87.2,100.9,59,0.7,0.0
2012-07-05,95.3,88.8,103.7,54,0.0,0.0
2012-07-06,93.9,89.0,107.4,63,0.0,0.0
2012-07-07,92.9,83.2,99.8,66,0.2,0.0
2012-07-08,77.5,75.6,78.2,64,0.0,0.0
2012-07-09,81.7,76.6,85.3,62,0.3,0.0
2012-07-10,77.2,75.8,75.8,56,0.0,0.0
2012-07-11,81.4,76.7,82.7,56,0.0,0.0
2012-07-12,84.3,79.3,85.7,50,0.0,0.0
2012-07-13,87.5,81.6,92.6,54,1.8,0.0
2012-07-14,86.7,79.9,95.8,66,3.7,0.0
2012-07-15,88.0,81.3,94.8,66,2.2,0.0
2012-07-16,91.7,85.0,95.7,57,0.0,0.0
2012-07-17,94.6,87.3,97.8,53,0.0,0.0
2012-07-18,86.1,82.6,95.1,74,2.4,0.0
2012-07-19,82.3,78.1,91.9,81,6.0,0.0
2012-07-20,75.5,73.1,77.3,70,1.1,0.0
2012-07-21,84.5,77.9,86.7,59,0.0,0.0
2012-07-22,87.8,82.1,91.3,58,0.2,0.0
2012-07-23,94.0,85.5,99.5,55,1.0,0.0
2012-07-24,86.2,79.2,92.3,72,4.5,0.0
2012-07-25,93.7,83.1,96.2,60,0.0,0.0
2012-07-26,86.0,78.7,89.4,75,15.1,0.0
2012-07-27,81.3,76.4,84.1,62,0.1,0.0
2012-07-28,76.0,73.4,79.2,69,1.4,0.0
2012-07-29,81.0,76.1,82.7,59,0.0,0.0
2012-07-30,87.0,80.8,92.3,57,0.0,0.0
2012-07-31,80.5,75.7,85.3,76,3.2,0.0
2012-08-01,81.9,76.5,88.7,65,0.0,0.0
2012-08-02,86.4,80.4,92.3,57,0.0,0.0
2012-08-03,86.1,81.7,91.9,62,0.0,0.0
2012-08-04,89.8,81.2,96.0,70,2.9,0.0
2012-08-05,79.8,76.0,81.3,58,0.4,0.0
2012-08-06,81.4,74.3,82.5,55,0.0,0.0
2012-08-07,88.3,78.4,90.7,57,0.5,0.0
2012-08-08,78.3,76.1,82.7,70,2.5,0.0
2012-08-09,73.7,70.6,73.7,72,3.7,0.0
2012-08-10,70.1,66.5,63.8,70,3.7,0.0
2012-08-11,71.5,66.9,71.8,63,0.0,0.0
2012-08-12,73.9,69.0,74.1,64,0.0,0.0
2012-08-13,71.0,66.7,70.7,79,9.0,0.0
2012-08-14,77.6,70.7,80.0,68,0.0,0.0
2012-08-15,82.2,75.2,82.8,61,0.0,0.0
2012-08-16,76.5,73.7,78.3,64,0.4,0.0
2012-08-17,70.7,66.9,71.2,61,0.0,0.0
2012-08-18,72.0,67.2,71.2,57,0.0,0.0
2012-08-19,73.4,69.3,74.2,51,0.2,0.0
2012-08-20,70.2,67.3,72.3,67,1.6,0.0
2012-08-21,73.2,68.9,74.4,56,0.0,0.0
2012-08-22,79.3,71.7,78.8,56,0.0,0.0
2012-08-23,85.4,76.8,86.9,54,0.0,0.0
2012-08-24,85.9,78.8,87.8,52,0.0,0.0
2012-08-25,85.9,79.7,88.5,55,0.0,0.0
2012-08-26,80.9,75.4,82.4,73,24.3,0.0
2012-08-27,80.2,74.8,84.5,75,8.5,0.0
2012-08-28,78.6,74.2,84.7,69,0.0,0.0
2012-08-29,77.6,73.6,80.2,64,0.0,0.0
2012-08-30,83.8,76.0,85.0,63,0.0,0.0
2012-08-31,87.3,79.0,93.1,64,0.0,0.0
2012-09-01,77.1,74.2,82.8,88,13.7,0.0
2012-09-02,76.0,73.9,79.9,89,2.6,0.0
2012-09-03,79.1,75.3,86.2,82,0.0,0.0
2012-09-04,81.1,77.1,89.7,82,3.0,0.0
2012-09-05,83.3,78.2,89.8,74,0.4,0.0
2012-09-06,79.3,75.0,83.5,69,0.8,0.0
2012-09-07,75.1,70.9,79.4,76,2.0,0.0
2012-09-08,69.3,64.3,64.7,60,0.9,0.0
2012-09-09,65.5,62.2,62.6,72,1.3,0.0
2012-09-10,71.9,65.6,68.9,61,0.0,0.0
2012-09-11,76.6,69.1,74.0,64,0.0,0.0
2012-09-12,79.7,71.5,79.2,64,0.0,0.0
2012-09-13,71.4,64.9,71.0,78,3.3,0.0
2012-09-14,71.1,63.3,68.3,58,0.0,0.0
2012-09-15,72.8,66.3,73.6,56,0.0,0.0
2012-09-16,74.6,67.2,71.1,59,0.0,0.0
2012-09-17,74.3,66.5,72.8,72,4.0,0.0
2012-09-18,60.5,56.4,55.9,58,0.0,0.0
2012-09-19,67.0,58.5,57.0,47,0.2,0.0
2012-09-20,68.8,62.1,62.4,52,0.6,0.0
2012-09-21,63.9,57.0,58.5,64,4.9,0.0
2012-09-22,56.6,52.6,49.3,69,2.6,0.0
2012-09-23,56.9,52.4,50.5,51,0.0,0.0
2012-09-24,64.6,55.3,56.8,55,0.0,0.0
2012-09-25,71.9,62.1,70.6,66,0.0,0.0
2012-09-26,62.7,60.3,61.6,75,0.0,0.0
2012-09-27,60.9,58.0,57.9,63,0.0,0.0
2012-09-28,61.3,59.3,58.7,74,0.6,0.0
2012-09-29,69.5,60.9,68.4,70,0.0,0.0
2012-09-30,61.4,59.0,58.2,65,0.0,0.0
2012-10-01,61.2,57.7,57.0,66,0.0,0.0
2012-10-02,63.3,60.6,60.1,69,0.1,0.0
2012-10-03,61.9,60.5,61.6,87,3.6,0.0
2012-10-04,72.9,61.5,67.5,73,2.4,0.0
2012-10-05,54.8,49.2,47.2,51,0.0,0.0
2012-10-06,46.7,44.3,38.5,51,0.0,0.0
2012-10-07,46.5,44.6,38.7,49,0.0,0.0
2012-10-08,55.7,47.3,45.4,53,0.0,0.0
2012-10-09,60.6,52.1,51.1,60,3.4,0.0
2012-10-10,49.4,44.8,40.4,58,1.3,0.0
2012-10-11,60.1,49.8,53.6,58,0.0,0.0
2012-10-12,48.5,46.6,40.9,56,0.0,0.0
2012-10-13,61.2,52.6,57.8,81,15.4,0.0
2012-10-14,63.9,58.5,58.4,88,26.0,0.0
2012-10-15,53.0,49.4,47.8,70,0.0,0.0
2012-10-16,61.7,53.4,54.4,72,0.0,0.0
2012-10-17,62.3,59.4,55.9,71,12.6,0.0
2012-10-18,55.1,49.3,46.7,69,3.8,0.0
2012-10-19,49.1,46.3,45.1,80,2.5,0.0
2012-10-20,54.9,48.2,50.7,76,0.0,0.0
2012-10-21,60.7,51.9,58.4,80,0.0,0.0
2012-10-22,62.9,58.9,63.5,89,11.0,0.0
2012-10-23,68.2,62.0,68.2,91,2.4,0.0
2012-10-24,70.6,65.0,69.4,82,0.0,0.0
2012-10-25,69.1,62.0,63.9,80,7.7,0.0
2012-10-26,45.3,43.8,38.6,60,1.2,0.0
2012-10-27,44.9,43.3,37.3,62,0.0,0.0
2012-10-28,45.4,44.3,35.2,62,0.0,0.0
2012-10-29,46.4,44.7,34.7,63,0.0,0.0
2012-10-30,43.5,42.1,31.4,67,0.0,0.0
2012-10-31,44.3,41.0,36.3,68,0.0,0.0
2012-11-01,48.6,42.6,42.7,57,0.0,0.0
2012-11-02,43.1,41.1,35.8,66,0.0,0.0
2012-11-03,42.2,41.6,35.6,68,0.3,0.0
2012-11-04,42.9,41.3,36.4,68,0.0,0.0
2012-11-05,40.6,39.6,34.2,70,0.0,0.0
2012-11-06,41.0,37.9,33.3,78,2.4,0.0
2012-11-07,44.0,41.8,39.3,78,0.4,0.0
2012-11-08,44.9,42.5,38.8,76,0.0,0.0
2012-11-09,51.3,45.1,47.2,81,0.0,0.0
2012-11-10,60.2,54.5,53.2,77,0.4,0.0
2012-11-11,61.6,57.0,53.1,68,6.3,0.0
2012-11-12,45.5,35.0,38.1,61,4.8,0.07
2012-11-13,36.2,31.8,29.1,56,0.0,0.0
2012-11-14,41.4,36.3,33.7,64,0.0,0.0
2012-11-15,43.7,37.2,37.4,75,0.0,0.0
2012-11-16,46.9,39.3,42.9,80,0.0,0.0
2012-11-17,47.2,40.9,41.4,79,0.0,0.0
2012-11-18,49.5,43.4,44.1,76,0.0,0.0
2012-11-19,51.7,46.1,45.8,77,3.1,0.0
2012-11-20,49.5,47.3,46.0,86,0.3,0.0
2012-11-21,50.7,44.9,45.4,92,0.0,0.0
2012-11-22,56.6,50.4,47.5,81,1.0,0.0
2012-11-23,51.4,35.6,41.7,57,0.0,0.0
2012-11-24,30.5,29.2,22.7,57,0.0,0.0
2012-11-25,40.0,34.4,32.7,63,0.0,0.0
2012-11-26,34.8,32.2,26.7,63,0.0,0.0
2012-11-27,31.8,28.8,23.2,56,0.0,0.0
2012-11-28,40.4,33.9,32.8,60,0.0,0.0
2012-11-29,45.8,38.8,39.1,72,0.0,0.0
2012-11-30,44.9,41.7,40.7,81,0.0,0.0
2012-12-01,53.2,45.3,47.5,89,0.1,0.0
2012-12-02,54.9,50.7,54.1,92,2.4,0.0
2012-12-03,61.1,54.1,54.7,91,0.9,0.0
2012-12-04,56.3,49.0,50.9,69,1.3,0.0
2012-12-05,41.3,35.4,32.4,65,0.0,0.0
2012-12-06,43.1,37.8,36.3,71,0.6,0.0
2012-12-07,42.1,41.0,37.3,86,3.1,0.0
2012-12-08,41.2,39.1,34.5,80,3.1,0.0
2012-12-09,40.5,37.8,37.1,87,5.3,0.14
2012-12-10,36.9,34.0,26.9,77,0.2,0.07
2012-12-11,34.0,30.2,22.8,63,0.0,0.0
2012-12-12,41.8,34.8,32.3,65,0.0,0.0
2012-12-13,45.0,38.1,34.5,65,0.0,0.0
2012-12-14,43.7,37.9,37.8,77,0.0,0.0
2012-12-15,46.0,42.7,39.6,83,7.6,0.0
2012-12-16,45.4,42.4,39.5,84,0.0,0.0
2012-12-17,38.2,37.1,33.1,76,0.0,0.0
2012-12-18,39.6,35.7,35.6,81,0.8,0.14
2012-12-19,39.4,35.5,33.0,87,0.8,0.0
2012-12-20,47.0,40.8,39.5,90,35.5,3.29
2012-12-21,34.1,29.3,17.8,73,3.3,2.03
2012-12-22,32.1,27.0,22.9,63,0.0,0.0
2012-12-23,33.7,30.5,25.5,75,0.0,0.0
2012-12-24,33.4,31.6,24.7,75,0.0,0.07
2012-12-25,32.5,31.4,25.0,71,0.4,0.42
2012-12-26,31.6,30.9,20.0,69,0.0,0.28
2012-12-27,33.0,31.7,27.6,71,0.0,0.0
2012-12-28,32.2,31.1,26.0,76,1.1,0.84
2012-12-29,30.8,29.0,24.8,78,0.3,0.42
2012-12-30,32.3,25.5,23.4,69,0.0,0.0
2012-12-31,33.2,30.5,23.9,69,0.0,0.21
2013-01-01,23.4,21.1,14.1,64,0.0,0.0
2013-01-02,27.4,19.6,16.9,62,0.0,0.0
2013-01-03,29.6,26.4,18.9,69,0.0,0.0
2013-01-04,35.0,25.5,23.8,69,0.0,0.0
2013-01-05,37.0,30.6,26.4,78,0.9,0.49
2013-01-06,33.9,30.2,23.9,77,0.0,0.0
2013-01-07,37.3,29.4,25.0,67,0.0,0.0
2013-01-08,38.0,32.9,28.8,72,0.0,0.0
2013-01-09,43.9,37.4,32.2,71,0.0,0.0
2013-01-10,39.5,34.5,30.5,81,8.0,0.0
2013-01-11,48.0,45.0,42.3,95,10.7,0.0
2013-01-12,46.7,42.5,37.7,75,0.6,0.14
2013-01-13,32.7,26.7,22.2,69,3.7,1.33
2013-01-14,23.5,18.6,16.6,56,0.0,0.0
2013-01-15,28.7,24.0,21.1,60,0.0,0.0
2013-01-16,35.1,28.2,23.4,60,0.0,0.0
2013-01-17,32.1,28.1,23.8,60,0.0,0.0
2013-01-18,40.0,31.0,25.7,58,0.0,0.0
2013-01-19,44.0,39.3,34.1,67,0.0,0.0
2013-01-20,34.7,20.2,17.8,43,0.0,0.0
2013-01-21,16.3,11.7,5.1,45,0.0,0.0
2013-01-22,11.7,7.2,0.3,45,0.0,0.0
2013-01-23,22.6,15.4,11.1,49,0.0,0.07
2013-01-24,20.6,17.1,11.9,57,0.0,0.21
2013-01-25,28.7,22.6,18.9,57,1.7,1.33
2013-01-26,24.1,20.2,17.7,64,0.0,0.0
2013-01-27,33.2,27.8,22.3,74,8.2,1.26
2013-01-28,43.8,39.3,38.5,97,4.6,0.0
2013-01-29,50.6,47.8,46.9,99,26.3,0.0
2013-01-30,48.2,32.5,44.9,90,16.0,1.26
2013-01-31,22.3,16.0,7.9,54,0.0,0.07
2013-02-01,13.1,8.1,1.7,54,0.1,0.07
2013-02-02,21.2,17.9,12.7,69,2.8,2.03
2013-02-03,22.4,15.8,11.0,66,0.0,0.07
2013-02-04,26.9,22.2,17.8,80,4.6,3.29
2013-02-05,29.9,22.4,20.9,84,1.4,1.12
2013-02-06,33.1,27.5,26.4,80,0.0,0.0
2013-02-07,32.9,30.8,26.3,91,20.4,10.71
2013-02-08,30.9,24.0,20.1,85,2.2,1.61
2013-02-09,32.5,24.6,24.5,79,0.0,0.0
2013-02-10,42.0,35.1,31.7,86,10.8,0.0
2013-02-11,40.9,32.4,30.2,70,0.0,0.0
2013-02-12,30.9,26.2,22.2,70,0.0,0.0
2013-02-13,37.4,27.3,30.7,79,0.0,0.0
2013-02-14,37.2,32.8,25.9,78,0.0,0.0
2013-02-15,29.5,25.6,19.6,65,0.1,0.21
2013-02-16,20.1,17.2,9.0,50,0.0,0.0
2013-02-17,26.8,18.4,17.8,53,0.0,0.0
2013-02-18,45.8,35.5,36.3,73,7.8,0.0
2013-02-19,34.0,19.6,21.9,61,1.6,0.49
2013-02-20,21.5,13.3,11.5,59,0.0,0.0
2013-02-21,27.5,20.1,16.4,70,0.9,0.7
2013-02-22,33.1,27.4,24.2,85,8.9,6.37
2013-02-23,26.9,24.9,17.0,77,0.0,0.0
2013-02-24,32.3,25.0,27.5,80,0.0,0.0
2013-02-25,33.9,27.7,27.8,80,0.0,0.0
2013-02-26,31.6,30.5,21.2,87,23.1,15.89
2013-02-27,32.3,31.4,24.5,95,8.7,5.88
2013-02-28,31.5,30.1,20.8,89,0.5,0.77
2013-03-01,27.7,24.0,16.3,84,0.0,0.42
2013-03-02,24.8,19.2,15.2,80,0.0,0.0
2013-03-03,26.4,17.4,20.7,78,0.0,0.0
2013-03-04,29.7,22.9,20.6,75,0.0,0.0
2013-03-05,29.6,28.6,19.9,87,15.8,11.06
2013-03-06,31.7,27.7,24.0,88,0.1,0.07
2013-03-07,31.8,28.7,26.1,90,0.0,0.0
2013-03-08,33.2,26.4,27.6,85,0.0,0.0
2013-03-09,38.0,32.6,28.6,82,1.5,0.0
2013-03-10,43.0,40.3,37.3,89,26.0,0.0
2013-03-11,42.2,35.8,36.4,93,1.7,0.0
2013-03-12,33.9,30.1,23.4,78,0.1,0.49
2013-03-13,30.9,24.8,20.9,67,0.1,0.14
2013-03-14,32.9,26.3,26.5,74,0.0,0.14
2013-03-15,37.1,29.8,32.3,90,3.0,0.0
2013-03-16,29.8,27.4,20.7,88,0.9,0.0
2013-03-17,31.3,26.5,21.9,74,0.0,0.0
2013-03-18,34.4,29.4,25.6,82,3.3,2.45
2013-03-19,32.6,23.5,19.3,57,0.0,0.0
2013-03-20,21.9,19.3,10.0,59,0.0,0.0
2013-03-21,29.2,21.0,22.0,62,0.0,0.0
2013-03-22,31.3,24.6,27.7,71,0.0,0.0
2013-03-23,31.8,25.9,25.4,80,0.0,0.0
2013-03-24,32.3,29.1,21.3,86,2.5,2.24
2013-03-25,32.1,29.1,21.1,82,0.1,0.21
2013-03-26,35.3,30.2,28.7,78,0.0,0.0
2013-03-27,36.3,30.7,30.2,76,0.0,0.0
2013-03-28,38.1,32.4,35.9,69,0.0,0.0
2013-03-29,41.5,34.8,39.4,68,0.0,0.0
2013-03-30,50.0,39.5,42.0,68,0.0,0.0
2013-03-31,49.1,43.4,44.0,73,0.6,0.0
2013-04-01,36.3,31.8,25.8,57,0.0,0.0
2013-04-02,35.9,31.1,30.1,56,0.0,0.0
2013-04-03,34.1,29.9,29.0,62,0.0,0.0
2013-04-04,46.2,37.4,40.0,64,0.0,0.0
2013-04-05,39.7,34.2,31.1,72,0.0,0.0
2013-04-06,57.4,44.8,47.3,63,1.8,0.14
2013-04-07,49.8,43.0,42.2,84,0.4,0.0
2013-04-08,57.1,45.0,47.8,83,14.5,0.0
2013-04-09,52.7,40.4,49.7,93,3.4,0.0
2013-04-10,37.4,36.3,30.6,96,13.7,0.0
2013-04-11,46.2,41.1,43.1,97,22.0,0.0
2013-04-12,42.6,39.4,32.8,72,0.0,0.0
2013-04-13,42.0,37.7,33.6,59,0.0,0.07
2013-04-14,57.1,44.9,49.9,70,0.1,0.0
2013-04-15,55.8,52.0,50.6,79,14.2,0.0
2013-04-16,44.3,41.6,41.5,76,3.1,0.0
2013-04-17,47.5,41.3,43.8,85,20.5,0.0
2013-04-18,59.8,52.7,59.7,95,49.7,0.0
2013-04-19,42.2,38.6,28.7,62,0.9,0.0
2013-04-20,38.1,35.3,32.3,55,0.0,0.0
2013-04-21,47.4,39.7,39.6,59,0.0,0.0
2013-04-22,53.4,46.6,49.7,65,0.0,0.0
2013-04-23,53.0,46.4,49.6,81,12.9,0.0
2013-04-24,45.2,39.5,39.0,71,1.0,0.0
2013-04-25,46.6,43.1,42.7,60,0.3,0.0
2013-04-26,57.6,47.9,50.9,65,0.0,0.0
2013-04-27,54.5,48.7,52.2,77,0.0,0.0
2013-04-28,49.9,47.9,47.1,90,2.1,0.0
2013-04-29,62.7,54.4,59.4,81,0.0,0.0
2013-04-30,69.4,61.7,66.5,73,0.0,0.0
2013-05-01,67.4,62.9,68.8,75,0.0,0.0
2013-05-02,60.8,45.9,59.4,87,2.8,0.0
2013-05-03,50.3,43.2,45.0,92,5.3,0.0
2013-05-04,58.4,55.2,55.6,74,0.2,0.0
2013-05-05,54.8,51.1,53.1,80,0.0,0.0
2013-05-06,54.6,50.3,52.3,76,0.0,0.0
2013-05-07,58.3,51.6,58.7,75,0.0,0.0
2013-05-08,60.6,55.0,61.7,76,0.0,0.0
2013-05-09,67.2,59.2,67.3,82,27.3,0.0
2013-05-10,56.6,46.4,54.3,90,4.5,0.0
2013-05-11,55.9,47.6,49.0,72,1.3,0.0
2013-05-12,46.6,44.0,41.5,55,0.0,0.0
2013-05-13,54.0,47.3,51.3,68,0.0,0.0
2013-05-14,74.7,63.3,79.5,65,0.0,0.0
2013-05-15,71.3,65.0,68.4,67,0.0,0.0
2013-05-16,71.3,60.1,73.3,73,0.0,0.0
2013-05-17,65.4,59.7,66.3,78,0.1,0.0
2013-05-18,67.5,62.7,70.6,84,0.0,0.0
2013-05-19,75.4,68.7,77.1,79,0.0,0.0
2013-05-20,78.4,72.8,77.6,73,0.0,0.0
2013-05-21,76.1,70.0,75.7,81,2.6,0.0
2013-05-22,68.9,65.4,67.7,80,3.6,0.0
2013-05-23,56.6,49.6,54.8,83,1.6,0.0
2013-05-24,48.7,45.9,45.8,67,0.0,0.0
2013-05-25,53.0,49.3,48.4,69,0.3,0.0
2013-05-26,61.7,55.8,61.0,75,6.1,0.0
2013-05-27,59.6,57.7,58.2,89,20.4,0.0
2013-05-28,71.6,65.6,74.6,90,20.2,0.0
2013-05-29,75.3,69.8,78.4,84,3.9,0.0
2013-05-30,76.4,72.4,76.2,72,3.0,0.0
2013-05-31,73.1,68.9,75.7,87,13.2,0.0
2013-06-01,74.8,68.6,76.2,86,2.0,0.0
2013-06-02,63.4,55.9,60.7,80,0.7,0.0
2013-06-03,61.2,55.6,61.4,64,0.0,0.0
2013-06-04,64.8,60.8,66.4,65,0.0,0.0
2013-06-05,67.4,62.5,68.4,74,1.3,0.0
2013-06-06,61.2,58.9,58.3,78,2.3,0.0
2013-06-07,60.0,57.1,58.7,77,0.0,0.0
2013-06-08,67.2,61.1,69.4,69,0.0,0.0
2013-06-09,74.6,68.7,73.9,73,1.3,0.0
2013-06-10,68.4,65.5,73.4,90,5.3,0.0
2013-06-11,78.4,70.6,83.7,80,0.1,0.0
2013-06-12,77.9,71.1,84.4,91,6.7,0.0
2013-06-13,65.2,62.0,65.0,82,0.0,0.0
2013-06-14,66.9,60.9,70.6,81,0.0,0.0
2013-06-15,74.4,67.8,78.1,82,13.1,0.0
2013-06-16,79.8,73.5,83.7,75,4.5,0.0
2013-06-17,82.9,74.6,84.8,62,0.0,0.0
2013-06-18,66.1,63.0,65.4,81,0.0,0.0
2013-06-19,67.8,63.9,68.4,64,0.0,0.0
2013-06-20,77.5,71.2,82.6,73,0.0,0.0
2013-06-21,80.3,75.3,86.4,74,0.1,0.0
2013-06-22,83.4,77.1,92.3,79,0.0,0.0
2013-06-23,82.3,76.5,87.7,80,0.0,0.0
2013-06-24,80.6,74.4,85.7,84,2.8,0.0
2013-06-25,83.2,77.1,90.4,81,8.8,0.0
2013-06-26,77.5,74.5,84.5,85,7.5,0.0
2013-06-27,85.9,76.3,92.1,76,1.3,0.0
2013-06-28,78.4,74.2,78.8,62,0.5,0.0
2013-06-29,67.9,65.8,68.5,86,6.3,0.0
2013-06-30,68.1,65.9,67.6,77,0.6,0.0
2013-07-01,69.2,66.4,67.1,72,0.0,0.0
2013-07-02,66.0,63.0,63.2,75,3.2,0.0
2013-07-03,70.2,67.2,73.2,81,2.7,0.0
2013-07-04,79.0,72.0,80.7,66,0.0,0.0
2013-07-05,80.0,73.8,82.2,67,0.0,0.0
2013-07-06,79.5,74.7,84.6,70,0.0,0.0
2013-07-07,83.4,75.9,87.4,78,0.8,0.0
2013-07-08,79.2,76.0,84.0,80,6.6,0.0
2013-07-09,84.3,78.1,91.0,83,2.2,0.0
2013-07-10,78.4,75.8,84.4,76,1.3,0.0
2013-07-11,74.6,71.3,75.4,61,0.0,0.0
2013-07-12,76.2,71.8,80.4,59,0.0,0.0
2013-07-13,77.7,74.0,81.8,70,0.0,0.0
2013-07-14,81.1,76.8,87.9,74,0.0,0.0
2013-07-15,84.2,79.5,93.9,83,0.8,0.0
2013-07-16,87.5,82.1,94.4,69,0.5,0.0
2013-07-17,89.4,83.4,95.2,63,0.0,0.0
2013-07-18,89.3,84.5,95.0,65,0.0,0.0
2013-07-19,89.9,84.2,91.9,61,0.2,0.0
2013-07-20,82.1,78.0,87.6,66,0.0,0.0
2013-07-21,83.2,77.0,87.5,65,2.5,0.0
2013-07-22,83.6,77.4,87.7,69,2.1,0.0
2013-07-23,78.5,71.6,80.4,76,2.7,0.0
2013-07-24,66.4,64.4,65.3,60,0.0,0.0
2013-07-25,76.8,70.0,76.7,55,0.0,0.0
2013-07-26,72.8,69.7,70.7,71,5.6,0.0
2013-07-27,67.3,63.3,68.0,70,0.8,0.0
2013-07-28,65.0,61.0,60.1,60,0.2,0.0
2013-07-29,68.5,64.6,70.0,67,0.0,0.0
2013-07-30,71.2,67.8,74.4,74,1.3,0.0
2013-07-31,73.0,69.8,76.6,77,0.0,0.0
2013-08-01,74.8,71.2,74.4,65,0.0,0.0
2013-08-02,79.4,71.7,83.8,72,11.4,0.0
2013-08-03,73.4,71.7,75.2,59,0.0,0.0
2013-08-04,69.1,67.2,69.3,67,0.0,0.0
2013-08-05,72.3,68.3,71.4,71,1.8,0.0
2013-08-06,80.7,73.2,84.5,76,0.9,0.0
2013-08-07,81.2,74.1,91.5,84,11.1,0.0
2013-08-08,73.2,70.8,74.0,66,0.0,0.0
2013-08-09,78.6,72.5,80.3,61,0.0,0.0
2013-08-10,74.6,72.5,76.9,59,0.0,0.0
2013-08-11,77.9,72.5,79.4,60,0.1,0.0
2013-08-12,79.5,73.9,82.4,70,1.8,0.0
2013-08-13,71.6,66.0,70.7,65,0.0,0.0
2013-08-14,65.7,63.5,64.8,59,0.0,0.0
2013-08-15,72.2,66.4,72.7,59,0.0,0.0
2013-08-16,74.9,69.5,76.6,60,0.0,0.0
2013-08-17,75.4,71.4,75.1,56,0.0,0.0
2013-08-18,76.1,72.3,78.1,61,0.0,0.0
2013-08-19,80.4,73.7,82.1,66,0.0,0.0
2013-08-20,82.1,76.1,83.4,65,0.0,0.0
2013-08-21,84.5,77.7,86.5,63,0.0,0.0
2013-08-22,77.8,72.6,78.8,83,13.7,0.0
2013-08-23,75.3,71.9,76.4,66,0.0,0.0
2013-08-24,79.6,73.0,82.2,64,0.0,0.0
2013-08-25,83.6,76.3,86.5,60,0.0,0.0
2013-08-26,86.3,78.5,91.6,65,0.0,0.0
2013-08-27,88.2,81.2,91.3,68,0.0,0.0
2013-08-28,81.6,76.1,81.6,78,0.0,0.0
2013-08-29,81.0,75.3,87.5,80,0.0,0.0
2013-08-30,89.4,80.2,94.3,72,0.0,0.0
2013-08-31,75.2,73.6,78.2,78,6.0,0.0
2013-09-01,81.9,76.0,85.4,73,0.1,0.0
2013-09-02,75.0,71.2,76.8,70,0.2,0.0
2013-09-03,72.3,68.3,73.6,57,0.0,0.0
2013-09-04,80.3,71.9,80.0,59,0.0,0.0
2013-09-05,71.9,68.8,75.6,67,0.0,0.0
2013-09-06,79.5,71.3,81.6,62,0.0,0.0
2013-09-07,81.3,75.3,82.6,66,1.1,0.0
2013-09-08,74.8,73.3,78.8,82,0.1,0.0
2013-09-09,87.5,78.3,93.4,73,0.0,0.0
2013-09-10,89.8,83.1,89.6,54,0.0,0.0
2013-09-11,85.5,79.2,90.2,63,1.8,0.0
2013-09-12,78.5,71.4,79.0,71,1.1,0.0
2013-09-13,63.1,60.8,57.0,63,0.3,0.0
2013-09-14,68.2,62.0,63.2,55,0.0,0.0
2013-09-15,62.8,60.6,60.9,67,12.7,0.0
2013-09-16,61.1,59.1,56.8,68,0.0,0.0
2013-09-17,66.3,60.5,62.6,68,0.0,0.0
2013-09-18,76.1,68.0,78.4,73,0.0,0.0
2013-09-19,76.7,72.3,79.1,83,1.4,0.0
2013-09-20,73.0,69.5,74.3,78,0.9,0.0
2013-09-21,63.4,60.8,59.3,61,0.0,0.0
2013-09-22,60.5,58.2,57.3,62,0.0,0.0
2013-09-23,63.6,58.4,60.6,68,0.0,0.0
2013-09-24,65.3,60.4,62.3,68,0.0,0.0
2013-09-25,64.6,61.1,63.0,71,0.0,0.0
2013-09-26,69.4,63.8,68.4,72,0.0,0.0
2013-09-27,72.8,66.1,71.6,65,0.0,0.0
2013-09-28,76.5,68.5,72.5,63,0.5,0.0
2013-09-29,68.1,61.1,67.8,69,9.3,0.0
2013-09-30,70.3,62.2,67.2,64,0.0,0.0
2013-10-01,73.6,67.3,72.6,77,0.0,0.0
2013-10-02,70.1,67.1,69.2,72,0.0,0.0
2013-10-03,74.8,69.6,78.2,87,3.2,0.0
2013-10-04,75.6,71.2,80.5,85,0.8,0.0
2013-10-05,75.2,71.3,78.0,86,3.0,0.0
2013-10-06,66.5,57.2,67.8,66,6.9,0.0
2013-10-07,63.8,54.6,60.7,67,0.0,0.0
2013-10-08,69.2,59.9,68.3,74,0.0,0.0
2013-10-09,65.8,60.6,62.5,67,0.0,0.0
2013-10-10,69.0,61.9,67.5,75,0.0,0.0
2013-10-11,69.6,63.6,66.6,71,0.0,0.0
2013-10-12,68.7,63.0,67.1,75,3.1,0.0
2013-10-13,59.6,56.4,54.6,59,0.0,0.0
2013-10-14,58.5,56.2,53.9,62,0.0,0.0
2013-10-15,62.0,58.0,60.1,79,3.8,0.0
2013-10-16,54.5,51.2,47.5,72,0.0,0.0
2013-10-17,51.6,49.7,46.5,77,5.8,0.0
2013-10-18,51.2,48.0,42.6,70,0.0,0.0
2013-10-19,51.4,47.7,42.0,59,0.1,0.0
2013-10-20,59.3,50.9,54.5,64,0.0,0.0
2013-10-21,55.7,46.6,49.5,60,0.0,0.0
2013-10-22,42.5,38.7,34.4,64,1.1,0.0
2013-10-23,43.1,40.1,32.7,60,0.1,0.0
2013-10-24,41.8,38.3,32.0,59,0.0,0.0
2013-10-25,48.4,41.2,38.1,58,0.0,0.0
2013-10-26,51.1,46.0,40.6,56,0.4,0.0
2013-10-27,51.2,44.1,43.0,64,0.0,0.0
2013-10-28,48.4,45.5,41.5,78,0.0,0.0
2013-10-29,52.1,47.2,46.9,78,0.0,0.0
2013-10-30,59.3,51.7,56.0,88,11.8,0.0
2013-10-31,60.4,56.4,56.6,94,21.5,0.0
2013-11-01,48.4,45.8,40.3,77,1.6,0.0
2013-11-02,45.7,43.5,38.8,81,1.6,0.0
2013-11-03,48.8,44.0,41.9,73,0.0,0.0
2013-11-04,53.4,48.2,44.5,68,0.0,0.0
2013-11-05,52.8,50.8,47.1,79,2.8,0.0
2013-11-06,54.8,49.6,48.2,79,13.6,0.0
2013-11-07,43.9,38.8,34.9,62,0.0,0.0
2013-11-08,45.8,39.6,37.8,69,0.0,0.0
2013-11-09,54.0,49.0,43.3,62,0.2,0.0
2013-11-10,45.8,41.8,39.0,60,0.0,0.0
2013-11-11,46.4,39.8,39.4,68,5.0,1.33
2013-11-12,32.3,29.8,21.4,56,0.0,0.0
2013-11-13,38.7,30.6,25.2,53,0.0,0.0
2013-11-14,46.8,39.4,36.0,53,0.0,0.0
2013-11-15,47.8,43.1,39.5,65,0.6,0.0
2013-11-16,53.9,47.9,45.5,88,5.6,0.0
2013-11-17,59.5,53.2,52.6,90,21.1,0.0
2013-11-18,43.6,39.3,32.2,59,0.0,0.0
2013-11-19,38.1,35.1,31.5,67,0.0,0.0
2013-11-20,42.2,37.9,34.0,70,2.5,0.0
2013-11-21,46.8,44.0,43.1,86,3.3,0.0
2013-11-22,43.0,37.5,37.6,78,2.5,0.07
2013-11-23,30.5,25.3,20.8,53,0.0,0.0
2013-11-24,24.6,21.1,14.3,47,0.0,0.0
2013-11-25,30.4,27.3,20.1,55,1.1,0.98
2013-11-26,34.5,30.6,25.5,68,0.0,0.07
2013-11-27,27.3,23.7,17.1,58,0.0,0.0
2013-11-28,31.7,26.9,22.3,52,0.0,0.0
2013-11-29,33.3,29.3,24.9,63,0.0,0.0
2013-11-30,43.2,35.9,35.2,72,0.0,0.0
2013-12-01,39.6,35.9,32.7,84,0.0,0.0
2013-12-02,39.0,36.2,31.7,79,0.9,0.0
2013-12-03,44.7,40.7,39.9,94,5.1,0.0
2013-12-04,51.1,45.7,44.0,96,3.0,0.0
2013-12-05,42.1,29.3,31.4,61,0.0,0.0
2013-12-06,25.4,21.6,14.9,52,0.0,0.0
2013-12-07,19.7,17.2,11.8,55,0.0,0.0
2013-12-08,26.5,23.9,17.5,68,5.5,4.06
2013-12-09,25.8,19.5,16.5,73,0.0,0.07
2013-12-10,22.7,13.3,7.6,67,0.0,0.07
2013-12-11,19.1,15.4,8.3,66,0.6,0.7
2013-12-12,20.3,11.2,9.4,70,0.0,0.0
2013-12-13,29.8,24.3,21.6,74,0.0,0.07
2013-12-14,28.8,28.0,20.4,87,8.5,6.09
2013-12-15,22.0,14.5,11.5,76,0.0,0.0
2013-12-16,19.6,14.9,11.6,78,2.4,1.75
2013-12-17,30.9,22.3,20.8,82,0.1,0.21
2013-12-18,34.6,23.1,23.4,78,0.0,0.0
2013-12-19,37.2,34.4,31.3,91,0.8,0.0
2013-12-20,36.5,33.8,30.8,95,7.7,0.0
2013-12-21,33.6,32.3,26.5,93,6.6,1.68
2013-12-22,32.5,30.6,25.1,89,12.6,6.23
2013-12-23,22.6,13.0,12.5,84,0.0,0.0
2013-12-24,15.4,5.3,3.8,78,0.0,0.0
2013-12-25,26.5,21.9,17.1,73,1.5,1.4
2013-12-26,31.7,25.1,21.7,76,0.2,0.35
2013-12-27,36.8,30.2,27.4,82,0.0,0.0
2013-12-28,42.6,36.9,32.7,76,0.0,0.0
2013-12-29,37.0,27.9,26.5,78,0.0,0.42
2013-12-30,13.8,10.2,4.4,60,0.6,0.49
2013-12-31,14.4,10.3,6.4,71,4.1,3.01
2014-01-01,20.7,19.5,10.9,80,7.3,5.11
2014-01-02,19.9,17.7,8.3,74,2.8,2.17
2014-01-03,17.5,9.1,1.7,78,0.0,0.0
2014-01-04,29.7,25.2,23.5,79,6.6,4.62
2014-01-05,28.9,21.5,22.0,85,12.3,8.68
2014-01-06,1.9,-10.6,-13.9,72,0.0,0.0
2014-01-07,0.3,-6.8,-9.8,72,0.0,0.0
2014-01-08,9.1,3.8,0.1,77,0.0,0.0
2014-01-09,23.9,12.9,14.8,84,0.5,0.56
2014-01-10,38.1,31.7,28.2,94,14.9,0.0
2014-01-11,37.3,33.3,28.2,92,3.4,0.0
2014-01-12,39.0,31.8,26.9,79,0.2,0.0
2014-01-13,39.1,36.4,30.1,81,0.0,0.0
2014-01-14,33.4,26.7,21.6,80,1.3,0.84
2014-01-15,22.1,17.4,8.6,68,0.0,0.28
2014-01-16,32.9,25.8,23.5,74,0.6,0.77
2014-01-17,21.1,15.8,9.6,71,0.0,0.0
2014-01-18,20.6,16.7,13.0,77,2.9,2.1
2014-01-19,33.0,22.3,22.2,79,0.4,0.0
2014-01-20,33.0,27.6,24.9,82,1.2,1.26
2014-01-21,20.4,10.7,6.4,73,1.6,1.12
2014-01-22,14.3,6.8,2.2,72,0.6,0.77
2014-01-23,10.1,2.4,-3.1,71,0.0,0.0
2014-01-24,23.8,7.4,9.2,69,1.6,1.19
2014-01-25,29.6,17.9,18.4,71,1.2,0.91
2014-01-26,27.8,16.0,16.4,75,5.4,3.78
2014-01-27,11.4,-1.5,-5.8,63,0.0,0.0
2014-01-28,0.6,-6.6,-12.1,64,0.0,0.0
2014-01-29,15.3,5.1,4.0,62,0.0,0.0
2014-01-30,28.9,22.4,18.3,67,0.9,0.63
2014-01-31,26.0,20.8,16.1,77,0.0,0.07
2014-02-01,28.4,25.0,19.5,91,8.9,6.44
2014-02-02,22.2,16.7,13.1,77,0.0,0.0
2014-02-03,14.7,8.5,6.1,82,0.0,0.0
2014-02-04,21.8,13.7,12.0,83,2.0,1.54
2014-02-05,22.6,20.7,10.9,80,7.0,5.11
2014-02-06,11.8,3.2,3.2,76,0.0,0.0
2014-02-07,6.7,-0.7,-4.5,72,0.0,0.0
2014-02-08,12.5,4.1,3.9,79,1.2,0.91
2014-02-09,16.4,11.6,6.5,79,0.0,0.21
2014-02-10,9.0,3.6,-1.2,72,0.0,0.0
2014-02-11,8.9,1.5,-0.7,75,0.0,0.0
2014-02-12,13.8,3.9,6.0,79,0.0,0.0
2014-02-13,27.2,13.9,16.7,80,0.0,0.07
2014-02-14,22.4,18.2,11.0,77,0.0,0.0
2014-02-15,19.1,13.7,9.5,78,0.8,0.56
2014-02-16,23.1,18.0,14.1,82,0.1,0.07
2014-02-17,24.7,20.0,15.2,86,7.7,5.46
2014-02-18,39.3,29.7,26.3,81,0.0,0.0
2014-02-19,36.2,30.7,30.0,87,0.2,0.07
2014-02-20,45.7,34.8,36.1,92,20.4,0.0
2014-02-21,34.1,28.5,19.3,76,0.6,0.42
2014-02-22,30.4,23.4,21.7,67,0.0,0.0
2014-02-23,24.1,17.2,13.6,69,0.0,0.0
2014-02-24,21.5,14.4,10.5,69,0.0,0.0
2014-02-25,19.8,15.0,9.0,69,0.0,0.21
2014-02-26,13.3,6.4,-1.1,60,0.0,0.0
2014-02-27,14.0,6.8,-0.2,54,0.0,0.0
2014-02-28,23.0,10.7,12.7,62,0.0,0.0
2014-03-01,22.6,19.3,13.5,76,5.2,3.92
2014-03-02,13.4,9.6,2.3,73,1.2,0.84
2014-03-03,13.0,6.5,4.6,69,0.0,0.0
2014-03-04,21.7,13.4,15.5,73,1.0,0.77
2014-03-05,21.5,18.8,12.2,80,5.5,4.06
2014-03-06,24.2,18.4,16.2,81,0.0,0.0
2014-03-07,38.1,26.3,30.3,78,0.1,0.0
2014-03-08,32.4,26.9,24.9,83,1.3,0.91
2014-03-09,37.2,28.2,26.0,76,0.0,0.0
2014-03-10,45.9,39.7,37.3,75,0.0,0.0
2014-03-11,36.7,34.0,29.5,89,2.5,0.35
2014-03-12,32.2,22.8,21.5,82,8.5,5.6
2014-03-13,32.3,20.0,21.1,77,0.0,0.0
2014-03-14,44.9,38.8,34.6,71,0.0,0.0
2014-03-15,34.7,30.4,24.5,79,0.2,0.35
2014-03-16,25.5,18.0,12.2,72,0.4,0.49
2014-03-17,30.5,20.4,22.2,69,0.0,0.0
2014-03-18,39.7,32.0,31.0,83,0.4,0.0
2014-03-19,40.3,37.7,32.8,84,4.3,0.0
2014-03-20,37.7,31.8,32.7,77,0.0,0.0
2014-03-21,44.3,35.4,37.7,80,1.0,0.14
2014-03-22,38.0,33.2,27.9,81,0.0,0.0
2014-03-23,27.8,23.4,19.0,62,0.0,0.0
2014-03-24,29.1,23.3,23.3,65,0.0,0.0
2014-03-25,25.9,24.4,14.9,57,0.4,0.42
2014-03-26,33.5,24.3,23.9,55,0.0,0.0
2014-03-27,45.3,37.2,33.5,80,8.4,1.68
2014-03-28,45.6,36.4,35.1,86,4.0,0.07
2014-03-29,32.8,30.8,24.0,85,0.0,0.07
2014-03-30,42.2,34.4,34.7,78,0.0,0.0
2014-03-31,52.9,44.1,42.5,66,0.7,0.0
2014-04-01,49.3,40.6,40.0,61,0.0,0.0
2014-04-02,37.9,34.9,30.6,77,0.9,0.0
2014-04-03,37.9,36.5,28.3,86,2.8,0.0
2014-04-04,42.6,38.0,35.5,80,1.3,0.0
2014-04-05,38.9,34.8,36.1,69,0.0,0.0
2014-04-06,43.7,37.7,39.6,72,0.0,0.0
2014-04-07,40.4,36.7,33.3,80,0.0,0.0
2014-04-08,41.9,39.1,39.0,85,1.9,0.0
2014-04-09,52.0,42.0,45.1,72,0.0,0.0
2014-04-10,55.4,49.8,51.2,63,0.3,0.0
2014-04-11,55.7,46.6,52.1,59,0.0,0.0
2014-04-12,63.4,52.9,58.2,67,4.1,0.0
2014-04-13,57.9,51.0,56.8,89,19.8,0.0
2014-04-14,57.0,39.9,48.2,83,10.7,1.89
2014-04-15,31.5,29.7,25.1,59,0.4,0.42
2014-04-16,45.0,37.3,35.0,59,0.0,0.0
2014-04-17,52.2,45.3,47.7,65,0.0,0.0
2014-04-18,44.9,38.9,42.0,82,0.0,0.0
2014-04-19,49.3,42.5,45.5,77,0.0,0.0
2014-04-20,59.7,50.8,56.0,68,0.0,0.0
2014-04-21,62.9,55.4,58.2,75,2.6,0.0
2014-04-22,52.2,42.9,48.0,74,0.0,0.0
2014-04-23,40.4,37.0,36.7,73,0.0,0.0
2014-04-24,53.9,46.8,45.3,69,6.7,0.0
2014-04-25,57.6,49.1,51.7,74,12.0,0.0
2014-04-26,47.9,40.8,43.3,78,0.0,0.0
2014-04-27,51.2,44.6,42.7,73,2.6,0.0
2014-04-28,49.4,45.7,42.4,81,11.2,0.0
2014-04-29,56.3,50.2,52.7,85,8.4,0.0
2014-04-30,50.3,47.3,45.9,80,0.4,0.0
2014-05-01,46.7,44.3,39.8,77,1.5,0.0
2014-05-02,49.6,46.6,43.6,79,1.6,0.0
2014-05-03,57.7,51.2,50.9,66,0.3,0.0
2014-05-04,49.2,45.8,42.9,67,0.0,0.0
2014-05-05,46.3,42.7,40.3,76,0.0,0.0
2014-05-06,52.3,46.2,45.6,78,1.6,0.0
2014-05-07,65.1,57.0,67.0,79,0.0,0.0
2014-05-08,73.7,66.9,72.4,73,0.0,0.0
2014-05-09,66.5,61.6,63.1,78,19.0,0.0
2014-05-10,63.0,56.3,62.8,67,0.0,0.0
2014-05-11,70.4,62.2,72.7,74,5.5,0.0
2014-05-12,72.7,67.2,74.3,85,0.5,0.0
2014-05-13,66.5,58.9,63.6,88,14.1,0.0
2014-05-14,53.1,47.6,49.4,77,2.8,0.0
2014-05-15,47.1,42.5,43.3,82,8.9,0.0
2014-05-16,40.0,38.8,35.4,82,3.0,0.0
2014-05-17,53.8,46.7,50.3,65,0.1,0.0
2014-05-18,60.3,53.1,57.4,59,0.0,0.0
2014-05-19,60.8,55.0,56.0,63,0.9,0.0
2014-05-20,73.8,64.1,76.1,75,4.5,0.0
2014-05-21,73.3,63.7,78.2,84,3.5,0.0
2014-05-22,56.8,51.4,52.7,87,0.0,0.0
2014-05-23,52.1,47.3,51.9,89,0.0,0.0
2014-05-24,57.2,50.6,58.4,83,0.0,0.0
2014-05-25,67.1,59.0,70.5,75,0.0,0.0
2014-05-26,73.5,66.9,78.6,79,2.1,0.0
2014-05-27,75.8,65.6,79.1,88,6.6,0.0
2014-05-28,54.1,50.4,52.6,88,1.7,0.0
2014-05-29,58.2,53.5,58.8,87,0.0,0.0
2014-05-30,61.5,55.5,63.4,86,0.0,0.0
2014-05-31,72.3,62.0,74.9,75,0.0,0.0
2014-06-01,79.5,70.8,79.1,63,0.0,0.0
2014-06-02,74.6,70.2,74.4,79,10.7,0.0
2014-06-03,69.1,66.5,72.7,68,0.0,0.0
2014-06-04,63.1,57.4,61.6,85,28.6,0.0
2014-06-05,61.9,55.1,63.1,77,0.0,0.0
2014-06-06,66.5,60.9,69.8,71,0.0,0.0
2014-06-07,72.5,63.8,75.0,73,0.4,0.0
2014-06-08,59.3,53.3,54.8,81,10.6,0.0
2014-06-09,62.8,56.0,65.7,82,0.0,0.0
2014-06-10,64.3,57.7,63.8,86,15.0,0.0
2014-06-11,62.5,58.2,62.9,93,15.2,0.0
2014-06-12,73.2,64.3,75.6,80,0.0,0.0
2014-06-13,62.5,59.4,64.8,68,0.0,0.0
2014-06-14,67.7,61.9,68.6,71,0.0,0.0
2014-06-15,74.5,66.3,70.8,70,2.2,0.0
2014-06-16,75.8,70.6,82.3,78,0.0,0.0
2014-06-17,78.5,74.3,84.4,75,7.6,0.0
2014-06-18,79.7,72.0,84.6,85,11.9,0.0
2014-06-19,67.6,62.5,71.1,92,9.6,0.0
2014-06-20,75.5,67.0,81.5,92,13.2,0.0
2014-06-21,72.7,62.6,79.2,93,18.9,0.0
2014-06-22,65.6,61.3,70.8,95,0.0,0.0
2014-06-23,71.9,65.8,76.7,95,11.6,0.0
2014-06-24,71.9,67.8,80.2,94,9.2,0.0
2014-06-25,62.2,58.7,63.5,95,0.0,0.0
2014-06-26,64.3,58.4,67.6,93,0.0,0.0
2014-06-27,77.8,69.0,82.0,80,0.0,0.0
2014-06-28,78.0,72.9,82.3,80,0.2,0.0
2014-06-29,80.1,73.8,84.0,79,1.3,0.0
2014-06-30,81.0,74.6,85.8,83,7.5,0.0
2014-07-01,77.8,72.5,79.7,72,0.8,0.0
2014-07-02,69.1,63.6,67.3,75,1.6,0.0
2014-07-03,67.4,62.4,69.2,70,2.8,0.0
2014-07-04,69.7,64.3,72.3,69,0.0,0.0
2014-07-05,73.8,67.7,72.5,66,0.0,0.0
2014-07-06,80.9,71.0,85.2,76,6.4,0.0
2014-07-07,78.2,73.5,86.9,83,6.2,0.0
2014-07-08,76.9,72.8,77.0,68,5.4,0.0
2014-07-09,71.6,67.1,74.4,73,0.0,0.0
2014-07-10,69.7,66.0,73.3,74,0.0,0.0
2014-07-11,74.3,68.1,78.4,71,0.0,0.0
2014-07-12,79.2,73.2,85.6,80,10.6,0.0
2014-07-13,78.7,73.1,83.6,79,25.1,0.0
2014-07-14,73.1,69.6,76.4,72,0.1,0.0
2014-07-15,65.6,61.8,61.6,64,1.3,0.0
2014-07-16,64.2,60.8,63.6,72,0.0,0.0
2014-07-17,70.3,65.4,72.6,63,0.0,0.0
2014-07-18,72.6,67.2,75.4,70,0.0,0.0
2014-07-19,71.9,67.2,74.6,72,0.0,0.0
2014-07-20,74.0,68.8,77.9,75,0.0,0.0
2014-07-21,77.4,71.4,83.1,75,0.0,0.0
2014-07-22,83.4,75.8,89.9,76,9.2,0.0
2014-07-23,70.8,63.6,74.4,77,0.7,0.0
2014-07-24,66.7,62.6,67.9,70,0.0,0.0
2014-07-25,71.0,65.4,71.0,73,0.6,0.0
2014-07-26,76.3,71.1,83.7,80,0.0,0.0
2014-07-27,80.1,72.1,82.1,75,0.0,0.0
2014-07-28,62.6,61.0,58.8,67,0.0,0.0
2014-07-29,73.3,66.3,72.9,65,0.2,0.0
2014-07-30,69.9,66.5,74.0,78,0.6,0.0
2014-07-31,79.6,70.6,79.6,66,0.0,0.0
2014-08-01,75.2,69.8,81.1,76,2.8,0.0
2014-08-02,72.7,67.6,78.2,85,0.0,0.0
2014-08-03,78.5,71.1,85.0,72,0.3,0.0
2014-08-04,75.5,71.3,82.1,74,0.0,0.0
2014-08-05,72.4,68.0,77.5,83,1.1,0.0
2014-08-06,71.4,67.0,75.6,78,0.0,0.0
2014-08-07,74.1,68.5,77.5,74,0.0,0.0
2014-08-08,73.7,69.4,75.3,72,0.0,0.0
2014-08-09,71.7,69.0,72.6,70,0.0,0.0
2014-08-10,74.0,70.0,75.8,76,0.4,0.0
2014-08-11,74.6,70.2,80.3,86,24.9,0.0
2014-08-12,69.3,65.0,70.9,81,5.4,0.0
2014-08-13,74.6,67.5,75.7,67,0.2,0.0
2014-08-14,67.0,63.3,67.7,68,0.0,0.0
2014-08-15,73.3,65.1,73.5,62,0.0,0.0
2014-08-16,77.0,70.6,81.7,73,0.2,0.0
2014-08-17,70.8,66.7,73.4,90,0.0,0.0
2014-08-18,76.5,69.4,81.6,85,0.4,0.0
2014-08-19,79.1,74.0,82.4,80,2.2,0.0
2014-08-20,78.3,73.2,85.4,77,1.2,0.0
2014-08-21,78.6,72.7,85.8,91,4.9,0.0
2014-08-22,78.3,73.2,86.2,91,33.9,0.0
2014-08-23,75.7,73.0,83.9,94,9.5,0.0
2014-08-24,78.5,73.5,84.9,88,11.1,0.0
2014-08-25,82.6,75.3,94.6,89,0.4,0.0
2014-08-26,80.0,73.3,88.4,89,0.2,0.0
2014-08-27,71.9,68.8,74.9,79,0.0,0.0
2014-08-28,70.7,67.3,73.6,78,0.0,0.0
2014-08-29,78.3,73.2,83.8,84,12.4,0.0
2014-08-30,77.7,74.4,80.4,80,1.0,0.0
2014-08-31,80.8,74.5,86.1,80,0.0,0.0
2014-09-01,78.5,74.8,80.6,78,1.4,0.0
2014-09-02,76.9,72.1,80.4,74,0.0,0.0
2014-09-03,76.9,71.9,82.1,73,0.0,0.0
2014-09-04,78.4,74.4,79.9,72,0.0,0.0
2014-09-05,81.9,74.6,87.4,79,20.5,0.0
2014-09-06,68.4,65.9,68.2,66,1.7,0.0
2014-09-07,72.6,66.5,74.8,63,0.0,0.0
2014-09-08,72.9,67.2,72.5,69,0.0,0.0
2014-09-09,74.2,69.1,76.4,76,0.0,0.0
2014-09-10,74.6,68.9,73.9,82,36.2,0.0
2014-09-11,57.6,54.2,50.3,73,0.0,0.0
2014-09-12,55.5,53.4,49.7,76,5.1,0.0
2014-09-13,54.4,49.8,50.7,71,1.1,0.0
2014-09-14,62.3,56.0,58.7,61,0.0,0.0
2014-09-15,59.5,56.7,58.0,79,1.6,0.0
2014-09-16,62.9,57.6,60.5,67,0.0,0.0
2014-09-17,64.7,58.7,63.7,68,0.0,0.0
2014-09-18,63.8,59.6,63.4,83,0.0,0.0
2014-09-19,68.1,61.5,64.1,73,0.0,0.0
2014-09-20,70.4,65.1,71.0,79,3.6,0.0
2014-09-21,65.0,59.0,63.5,76,0.0,0.0
2014-09-22,61.2,55.2,58.9,65,0.0,0.0
2014-09-23,67.3,60.2,67.8,71,0.0,0.0
2014-09-24,68.0,62.7,68.5,77,0.0,0.0
2014-09-25,69.0,63.1,70.7,82,0.0,0.0
2014-09-26,68.3,63.2,70.0,81,0.0,0.0
2014-09-27,68.1,63.2,69.4,84,0.0,0.0
2014-09-28,68.2,62.9,70.6,88,0.0,0.0
2014-09-29,74.6,62.2,76.8,86,0.6,0.0
2014-09-30,55.6,53.8,51.7,76,0.7,0.0
2014-10-01,64.5,58.2,62.6,76,0.3,0.0
2014-10-02,67.6,63.8,69.5,88,21.2,0.0
2014-10-03,64.5,56.1,66.0,81,30.6,0.0
2014-10-04,47.7,44.0,38.0,62,0.9,0.0
2014-10-05,52.9,48.1,46.8,62,0.2,0.0
2014-10-06,56.8,52.5,49.8,69,0.2,0.0
2014-10-07,62.1,55.2,56.7,69,0.2,0.0
2014-10-08,61.0,54.9,53.2,60,0.0,0.0
2014-10-09,55.0,52.5,51.9,60,0.0,0.0
2014-10-10,53.5,51.0,48.7,68,0.0,0.0
2014-10-11,54.4,50.7,49.8,59,0.0,0.0
2014-10-12,57.8,52.2,54.8,74,1.4,0.0
2014-10-13,64.5,59.4,63.1,91,21.5,0.0
2014-10-14,62.9,59.3,60.5,91,44.1,0.0
2014-10-15,55.7,52.9,51.8,89,3.4,0.0
2014-10-16,57.2,54.2,53.8,84,0.0,0.0
2014-10-17,57.5,54.8,50.9,76,0.2,0.0
2014-10-18,50.0,46.7,40.6,72,3.0,0.0
2014-10-19,53.3,47.5,46.5,71,0.4,0.0
2014-10-20,56.7,52.1,52.3,81,0.1,0.0
2014-10-21,50.0,48.2,46.4,76,0.0,0.0
2014-10-22,49.4,46.0,44.9,75,0.0,0.0
2014-10-23,56.2,49.0,52.5,81,0.4,0.0
2014-10-24,60.2,54.8,58.8,79,0.0,0.0
2014-10-25,65.1,59.1,59.9,69,0.0,0.0
2014-10-26,56.4,52.4,52.0,60,0.0,0.0
2014-10-27,68.4,61.0,63.7,73,0.0,0.0
2014-10-28,64.7,55.4,59.0,66,2.7,0.0
2014-10-29,47.6,45.6,41.0,58,0.0,0.0
2014-10-30,49.1,44.9,43.6,70,0.4,0.0
2014-10-31,45.2,39.4,38.7,78,5.6,1.12
2014-11-01,40.0,38.6,32.4,62,0.0,0.0
2014-11-02,48.6,40.6,39.6,66,0.0,0.0
2014-11-03,57.0,50.0,49.6,56,0.0,0.0
2014-11-04,56.4,51.1,48.2,72,1.5,0.0
2014-11-05,54.4,48.0,49.8,70,0.0,0.0
2014-11-06,48.5,43.5,41.2,73,2.6,0.0
2014-11-07,41.8,39.0,33.6,60,0.0,0.0
2014-11-08,44.0,42.0,35.1,63,0.6,0.0
2014-11-09,48.5,41.4,41.6,65,0.0,0.0
2014-11-10,56.0,48.8,47.3,74,0.0,0.0
2014-11-11,55.2,45.0,48.7,71,5.4,0.0
2014-11-12,33.6,30.0,21.2,55,0.0,0.0
2014-11-13,30.5,27.8,18.6,52,0.0,0.14
2014-11-14,28.4,26.6,20.1,56,0.0,0.0
2014-11-15,29.5,27.0,22.2,55,0.0,0.21
2014-11-16,32.2,29.2,22.5,66,0.0,0.0
2014-11-17,26.8,19.6,16.1,59,0.0,0.0
2014-11-18,20.3,17.2,8.6,59,0.0,0.0
2014-11-19,32.3,25.8,19.7,55,0.0,0.0
2014-11-20,26.9,24.3,13.8,49,0.0,0.0
2014-11-21,32.1,24.7,20.9,49,0.0,0.0
2014-11-22,46.8,41.0,39.8,84,4.3,0.0
2014-11-23,47.5,45.8,41.0,93,16.4,0.0
2014-11-24,44.5,36.4,39.4,89,13.7,2.87
2014-11-25,27.3,25.4,18.5,67,0.0,0.0
2014-11-26,29.8,26.4,22.9,71,0.0,0.0
2014-11-27,29.7,25.3,21.4,71,0.1,0.07
2014-11-28,33.5,26.3,23.8,64,0.6,0.49
2014-11-29,47.5,39.8,38.6,85,0.0,0.0
2014-11-30,45.0,39.5,38.3,89,0.7,0.07
2014-12-01,29.0,23.4,17.5,61,0.0,0.0
2014-12-02,33.2,28.4,24.6,63,0.0,0.0
2014-12-03,35.1,30.5,25.3,60,0.0,0.0
2014-12-04,33.5,30.7,25.9,63,0.0,0.0
2014-12-05,36.6,34.6,32.6,82,0.0,0.0
2014-12-06,36.9,35.8,29.3,77,0.0,0.0
2014-12-07,35.5,32.8,27.7,70,0.0,0.0
2014-12-08,36.8,34.3,30.6,83,5.6,0.63
2014-12-09,36.6,34.8,26.2,83,0.6,0.07
2014-12-10,32.7,31.9,23.5,75,0.0,0.07
2014-12-11,32.7,29.6,24.4,69,0.0,0.0
2014-12-12,34.3,30.1,27.0,82,0.0,0.0
2014-12-13,44.0,38.3,38.0,92,0.0,0.0
2014-12-14,45.3,42.4,41.2,96,0.3,0.0
2014-12-15,43.6,41.9,37.9,94,7.2,0.0
2014-12-16,40.9,38.1,37.6,89,4.5,0.0
2014-12-17,29.7,27.2,19.0,58,0.0,0.0
2014-12-18,28.3,26.2,21.1,61,0.0,0.0
2014-12-19,31.3,29.9,25.4,69,0.0,0.0
2014-12-20,32.8,30.6,26.0,71,0.0,0.0
2014-12-21,35.8,32.6,27.0,77,0.0,0.0
2014-12-22,39.3,34.5,30.0,86,8.3,0.0
2014-12-23,44.4,41.0,37.6,88,2.4,0.0
2014-12-24,38.2,36.6,33.6,93,4.9,0.0
2014-12-25,39.3,35.6,30.4,76,0.0,0.0
2014-12-26,44.5,39.5,38.4,81,0.0,0.0
2014-12-27,45.2,40.2,38.2,84,1.7,0.0
2014-12-28,32.6,29.5,25.5,65,0.0,0.0
2014-12-29,29.6,28.1,20.9,68,0.0,0.0
2014-12-30,25.4,19.5,15.2,51,0.0,0.0
2014-12-31,20.2,14.6,5.9,46,0.0,0.0
2015-01-01,29.9,23.9,18.3,51,0.0,0.0
2015-01-02,31.5,28.0,24.8,70,0.0,0.0
2015-01-03,33.1,31.9,28.2,91,19.6,4.41
2015-01-04,32.7,25.2,26.7,83,7.0,4.69
2015-01-05,9.2,4.3,0.4,65,2.0,1.4
2015-01-06,11.0,9.1,2.0,75,2.0,1.47
2015-01-07,8.5,2.5,-5.7,70,0.0,0.0
2015-01-08,19.1,3.5,4.9,73,3.3,2.45
2015-01-09,15.3,6.0,0.1,69,0.0,0.0
2015-01-10,21.6,9.3,9.3,70,0.0,0.0
2015-01-11,30.9,24.7,22.8,70,1.8,1.4
2015-01-12,27.6,22.2,20.5,77,0.2,0.21
2015-01-13,20.4,15.4,8.1,72,0.0,0.0
2015-01-14,17.1,11.4,8.4,83,0.0,0.0
2015-01-15,29.9,21.8,19.6,80,0.0,0.0
2015-01-16,29.9,26.8,22.3,87,0.0,0.0
2015-01-17,38.6,34.2,28.7,85,0.0,0.0
2015-01-18,35.8,33.7,28.7,85,1.9,0.28
2015-01-19,33.6,30.0,27.8,90,0.0,0.0
2015-01-20,33.2,30.6,26.2,93,2.2,0.98
2015-01-21,31.3,30.0,24.0,88,0.2,0.49
2015-01-22,31.7,28.1,25.3,78,0.0,0.0
2015-01-23,31.4,27.6,21.4,79,0.0,0.0
2015-01-24,37.7,31.8,30.9,83,0.0,0.0
2015-01-25,31.5,28.6,26.0,86,2.3,1.75
2015-01-26,25.8,23.2,18.3,74,0.9,0.91
2015-01-27,27.0,24.9,18.2,75,0.3,0.21
2015-01-28,31.6,26.2,20.9,69,0.3,0.0
2015-01-29,34.6,32.6,28.3,77,3.2,0.21
2015-01-30,28.9,24.1,19.6,63,0.0,0.07
2015-01-31,34.0,27.4,27.4,76,1.1,0.84
2015-02-01,30.3,26.6,22.3,90,27.2,19.04
2015-02-02,20.0,15.4,6.5,75,1.0,1.12
2015-02-03,23.7,15.2,18.2,80,1.7,1.33
2015-02-04,23.7,19.2,17.4,79,1.0,0.84
2015-02-05,12.0,7.1,1.3,70,0.0,0.0
2015-02-06,26.3,16.4,17.9,75,0.0,0.0
2015-02-07,35.8,28.6,28.8,90,0.0,0.0
2015-02-08,35.2,31.9,28.6,93,0.0,0.07
2015-02-09,27.7,24.4,16.4,80,0.0,0.0
2015-02-10,27.8,24.4,19.8,76,0.0,0.0
2015-02-11,33.2,28.3,24.0,77,0.0,0.0
2015-02-12,19.5,13.8,6.9,69,0.6,0.84
2015-02-13,23.2,13.0,12.4,74,0.2,0.21
2015-02-14,23.0,11.5,12.5,67,0.0,0.07
2015-02-15,10.9,5.0,2.8,71,0.1,0.35
2015-02-16,13.7,7.6,5.8,64,0.0,0.0
2015-02-17,17.9,11.3,7.2,74,0.0,0.0
2015-02-18,8.5,4.2,-3.0,67,0.0,0.0
2015-02-19,3.0,-3.7,-7.0,63,0.0,0.0
2015-02-20,17.7,4.4,6.5,72,0.2,0.28
2015-02-21,27.6,21.9,21.1,82,0.0,0.14
2015-02-22,26.0,16.4,20.7,74,0.0,0.14
2015-02-23,9.6,1.4,-0.1,67,0.0,0.0
2015-02-24,26.3,14.0,14.9,68,0.0,0.0
2015-02-25,21.7,17.5,14.3,75,2.7,1.89
2015-02-26,18.6,14.6,8.0,72,1.5,1.26
2015-02-27,13.4,5.5,4.7,70,0.0,0.0
2015-02-28,17.0,7.0,8.7,78,0.4,0.42
2015-03-01,25.3,19.0,15.6,83,0.1,0.35
2015-03-02,25.0,18.7,19.0,77,0.0,0.0
2015-03-03,33.9,27.7,24.7,86,8.8,4.48
2015-03-04,30.6,20.5,22.5,72,0.0,0.0
2015-03-05,14.6,9.4,5.7,68,0.0,0.0
2015-03-06,26.3,12.3,14.5,74,0.0,0.0
2015-03-07,38.7,30.3,31.3,83,1.9,0.49
2015-03-08,35.9,30.9,29.3,84,0.0,0.0
2015-03-09,40.1,31.9,34.9,83,0.0,0.0
2015-03-10,44.2,37.4,40.0,92,0.0,0.0
2015-03-11,38.0,34.8,32.4,88,0.0,0.0
2015-03-12,41.6,34.1,35.2,75,0.0,0.0
2015-03-13,44.8,38.5,41.7,82,0.0,0.0
2015-03-14,47.8,40.5,43.9,82,0.0,0.0
2015-03-15,50.2,41.0,42.1,75,0.0,0.0
2015-03-16,58.2,50.3,50.5,68,0.0,0.0
2015-03-17,37.6,34.2,30.0,66,0.0,0.0
2015-03-18,40.7,32.9,37.2,65,0.0,0.0
2015-03-19,38.5,35.2,31.0,69,0.0,0.0
2015-03-20,43.8,38.5,37.4,81,0.0,0.0
2015-03-21,39.9,36.1,31.8,87,0.0,0.0
2015-03-22,31.7,29.6,23.2,70,0.0,0.0
2015-03-23,30.3,29.5,22.4,76,7.6,5.46
2015-03-24,33.5,28.4,25.0,73,0.7,0.0
2015-03-25,43.1,38.7,35.1,82,7.0,0.0
2015-03-26,37.4,34.4,31.3,71,0.0,0.0
2015-03-27,30.0,25.2,20.9,61,0.4,0.49
2015-03-28,28.7,25.2,23.5,58,0.0,0.0
2015-03-29,42.2,33.6,32.9,68,3.4,0.0
2015-03-30,52.8,41.5,47.0,66,2.1,0.0
2015-03-31,48.0,39.5,37.0,81,0.0,0.0
2015-04-01,58.6,46.5,52.0,74,0.0,0.0
2015-04-02,56.4,50.7,54.7,78,5.6,0.0
2015-04-03,43.2,38.4,37.3,76,1.4,0.14
2015-04-04,49.2,39.0,40.5,61,0.3,0.0
2015-04-05,55.1,46.5,49.9,54,0.0,0.0
2015-04-06,47.6,42.4,43.0,77,0.5,0.0
2015-04-07,42.2,39.5,34.7,90,5.2,0.0
2015-04-08,42.4,40.0,38.1,95,7.4,0.0
2015-04-09,59.7,53.0,57.3,98,26.4,0.0
2015-04-10,54.7,45.5,46.2,68,0.6,0.0
2015-04-11,50.9,44.5,48.8,68,0.0,0.0
2015-04-12,56.9,48.8,50.7,65,0.0,0.0
2015-04-13,58.3,53.1,51.3,66,6.0,0.0
2015-04-14,48.4,45.0,45.2,64,0.0,0.0
2015-04-15,49.6,45.4,46.1,65,0.0,0.0
2015-04-16,46.7,43.6,43.8,82,1.2,0.0
2015-04-17,61.5,53.0,62.1,79,0.0,0.0
2015-04-18,53.7,47.4,50.4,80,0.0,0.0
2015-04-19,55.8,49.8,52.1,70,20.6,0.0
2015-04-20,48.8,45.6,45.7,79,7.5,0.0
2015-04-21,49.7,44.2,36.1,51,0.5,0.0
2015-04-22,43.9,39.6,34.8,54,0.1,0.0
2015-04-23,43.1,39.4,40.9,63,0.0,0.0
2015-04-24,48.4,42.1,45.7,71,0.6,0.0
2015-04-25,43.4,41.2,37.2,84,4.2,0.0
2015-04-26,43.5,40.0,38.5,72,0.0,0.0
2015-04-27,44.2,39.7,38.8,79,0.0,0.0
2015-04-28,45.1,40.0,42.9,85,0.0,0.0
2015-04-29,47.6,41.6,44.9,80,0.0,0.0
2015-04-30,41.6,40.1,35.4,81,0.0,0.0
2015-05-01,50.0,44.2,49.6,83,0.0,0.0
2015-05-02,63.9,55.6,64.1,68,0.1,0.0
2015-05-03,69.2,61.6,67.8,62,0.7,0.0
2015-05-04,62.5,55.9,63.9,86,3.7,0.0
2015-05-05,53.8,47.9,50.2,94,22.5,0.0
2015-05-06,61.2,52.4,62.6,92,0.0,0.0
2015-05-07,73.1,64.3,70.0,64,0.0,0.0
2015-05-08,69.5,64.4,72.9,82,15.9,0.0
2015-05-09,59.8,50.2,61.5,93,11.7,0.0
2015-05-10,48.7,45.3,44.1,95,3.8,0.0
2015-05-11,63.0,57.7,59.2,85,22.5,0.0
2015-05-12,53.2,50.2,44.8,61,0.0,0.0
2015-05-13,46.3,42.6,40.3,78,0.0,0.0
2015-05-14,58.2,50.8,52.8,77,4.8,0.0
2015-05-15,67.4,60.2,68.3,87,8.1,0.0
2015-05-16,68.9,64.3,71.9,90,1.1,0.0
2015-05-17,71.0,65.1,68.1,88,2.9,0.0
2015-05-18,71.2,64.2,71.2,73,0.0,0.0
2015-05-19,51.8,46.5,44.5,68,0.0,0.0
2015-05-20,44.0,42.4,38.6,68,1.6,0.0
2015-05-21,62.5,52.5,58.3,66,0.0,0.0
2015-05-22,55.4,50.8,52.7,69,0.0,0.0
2015-05-23,65.9,58.0,66.5,63,0.0,0.0
2015-05-24,69.3,62.8,69.6,70,0.4,0.0
2015-05-25,71.5,66.9,69.4,73,1.7,0.0
2015-05-26,68.7,64.5,65.0,84,7.5,0.0
2015-05-27,68.4,63.9,69.1,78,0.3,0.0
2015-05-28,69.2,63.4,71.1,78,0.0,0.0
2015-05-29,75.1,69.5,76.5,74,0.9,0.0
2015-05-30,68.0,56.2,68.4,93,31.7,0.0
2015-05-31,48.8,47.1,41.3,82,0.5,0.0
2015-06-01,50.4,48.1,47.4,79,0.0,0.0
2015-06-02,57.3,51.9,58.6,84,0.0,0.0
2015-06-03,63.6,59.1,65.8,80,0.0,0.0
2015-06-04,70.3,64.8,72.2,79,1.1,0.0
2015-06-05,65.0,53.2,67.2,92,0.0,0.0
2015-06-06,56.8,52.8,56.1,85,0.0,0.0
2015-06-07,69.3,63.9,72.3,87,18.1,0.0
2015-06-08,75.8,67.3,76.4,83,5.4,0.0
2015-06-09,75.9,67.1,76.8,73,0.0,0.0
2015-06-10,78.2,71.3,87.2,75,5.5,0.0
2015-06-11,67.6,62.3,69.6,91,1.0,0.0
2015-06-12,67.8,58.2,69.5,93,15.1,0.0
2015-06-13,76.0,64.9,83.1,89,11.9,0.0
2015-06-14,76.7,71.3,80.7,84,10.9,0.0
2015-06-15,75.0,69.1,82.5,94,18.6,0.0
2015-06-16,60.0,56.6,59.9,86,0.8,0.0
2015-06-17,64.7,58.2,67.4,84,5.1,0.0
2015-06-18,75.2,67.3,78.7,85,0.5,0.0
2015-06-19,57.9,55.4,56.5,86,0.0,0.0
2015-06-20,76.6,65.0,81.3,82,0.0,0.0
2015-06-21,76.9,70.8,81.9,82,3.6,0.0
2015-06-22,79.2,71.6,81.1,85,1.5,0.0
2015-06-23,69.5,65.9,73.7,77,0.0,0.0
2015-06-24,72.5,67.5,76.2,79,0.0,0.0
2015-06-25,67.9,64.9,70.2,92,8.6,0.0
2015-06-26,64.1,60.8,63.9,92,7.2,0.0
2015-06-27,64.7,59.9,62.8,76,1.1,0.0
2015-06-28,71.8,64.1,73.4,71,0.0,0.0
2015-06-29,67.7,65.5,71.4,85,0.7,0.0
2015-06-30,69.4,63.6,73.3,90,3.9,0.0
2015-07-01,59.7,56.3,60.4,84,0.0,0.0
2015-07-02,61.0,58.1,61.3,85,0.0,0.0
2015-07-03,68.0,62.5,71.5,79,0.0,0.0
2015-07-04,73.6,66.6,79.5,80,0.0,0.0
2015-07-05,75.3,70.1,81.6,77,0.0,0.0
2015-07-06,78.7,72.5,82.6,81,3.3,0.0
2015-07-07,71.1,61.4,75.4,80,20.9,0.0
2015-07-08,63.7,60.0,64.7,82,0.1,0.0
2015-07-09,66.5,63.6,69.2,84,5.6,0.0
2015-07-10,71.5,66.1,76.2,84,0.0,0.0
2015-07-11,73.5,68.0,76.8,85,27.5,0.0
2015-07-12,72.9,69.4,80.3,87,22.5,0.0
2015-07-13,79.3,72.2,86.8,87,25.0,0.0
2015-07-14,73.4,68.3,75.0,82,0.6,0.0
2015-07-15,66.1,62.1,68.4,81,0.0,0.0
2015-07-16,73.1,67.5,75.3,83,3.8,0.0
2015-07-17,82.9,76.1,94.0,86,4.7,0.0
2015-07-18,83.4,76.3,92.0,90,13.2,0.0
2015-07-19,79.0,74.4,86.3,83,0.0,0.0
2015-07-20,79.7,72.4,84.6,77,0.9,0.0
2015-07-21,72.0,69.2,77.1,76,0.0,0.0
2015-07-22,74.0,68.9,78.1,72,0.0,0.0
2015-07-23,75.2,70.0,82.0,77,0.0,0.0
2015-07-24,79.7,73.1,83.1,75,0.0,0.0
2015-07-25,80.1,73.5,89.9,83,1.3,0.0
2015-07-26,74.8,70.7,79.6,85,0.0,0.0
2015-07-27,78.6,72.9,84.8,80,0.0,0.0
2015-07-28,80.7,75.4,89.1,78,0.0,0.0
2015-07-29,81.9,76.4,85.8,74,3.4,0.0
2015-07-30,82.9,75.2,83.0,57,0.0,0.0
2015-07-31,81.2,74.9,82.0,59,0.0,0.0
2015-08-01,80.8,73.7,81.6,58,0.0,0.0
2015-08-02,81.7,75.0,84.0,73,6.6,0.0
2015-08-03,78.0,71.7,78.6,68,0.0,0.0
2015-08-04,78.2,72.5,79.2,57,0.0,0.0
2015-08-05,76.0,70.7,80.0,70,0.0,0.0
2015-08-06,74.6,70.5,78.2,75,0.0,0.0
2015-08-07,78.2,71.9,78.4,66,0.0,0.0
2015-08-08,77.3,72.1,82.4,76,0.0,0.0
2015-08-09,74.4,70.2,78.5,87,1.3,0.0
2015-08-10,77.3,72.2,85.0,86,3.3,0.0
2015-08-11,72.5,69.5,75.4,80,0.5,0.0
2015-08-12,70.1,67.5,73.3,75,0.0,0.0
2015-08-13,81.2,73.3,81.9,66,0.0,0.0
2015-08-14,82.9,76.4,90.8,73,2.7,0.0
2015-08-15,80.7,76.0,90.7,83,0.9,0.0
2015-08-16,84.0,77.4,90.0,71,0.0,0.0
2015-08-17,81.7,75.1,88.9,79,11.4,0.0
2015-08-18,76.8,72.1,83.8,87,5.7,0.0
2015-08-19,73.6,70.5,73.8,75,3.0,0.0
2015-08-20,70.1,65.1,65.9,63,0.0,0.0
2015-08-21,78.0,69.0,76.9,64,0.0,0.0
2015-08-22,77.2,71.4,76.1,61,0.0,0.0
2015-08-23,72.7,69.6,72.5,70,8.7,0.0
2015-08-24,70.1,64.5,63.3,59,0.0,0.0
2015-08-25,67.2,63.2,66.6,62,0.0,0.0
2015-08-26,64.7,63.2,64.4,70,0.1,0.0
2015-08-27,68.6,65.1,70.1,69,0.0,0.0
2015-08-28,73.2,68.7,75.8,76,0.0,0.0
2015-08-29,71.5,67.7,73.2,83,16.5,0.0
2015-08-30,70.9,67.3,78.1,88,0.0,0.0
2015-08-31,75.7,69.6,82.9,87,0.0,0.0
2015-09-01,82.3,75.5,87.3,76,0.0,0.0
2015-09-02,82.5,76.9,88.3,71,0.2,0.0
2015-09-03,84.8,76.7,88.4,72,0.3,0.0
2015-09-04,73.5,69.2,80.4,91,0.0,0.0
2015-09-05,74.9,71.2,79.6,89,15.4,0.0
2015-09-06,84.1,76.9,88.3,71,0.0,0.0
2015-09-07,81.6,77.5,87.4,68,0.0,0.0
2015-09-08,76.9,73.1,82.2,84,12.2,0.0
2015-09-09,68.3,66.3,70.6,81,0.0,0.0
2015-09-10,72.0,65.0,74.7,78,0.2,0.0
2015-09-11,63.9,61.4,65.7,82,11.0,0.0
2015-09-12,58.8,56.6,52.8,69,0.8,0.0
2015-09-13,66.2,59.4,64.1,62,0.0,0.0
2015-09-14,73.7,65.1,70.5,64,0.0,0.0
2015-09-15,75.4,68.7,74.0,64,0.0,0.0
2015-09-16,76.2,69.4,75.0,64,0.0,0.0
2015-09-17,77.4,70.7,77.9,72,2.5,0.0
2015-09-18,74.8,70.7,81.8,88,32.6,0.0
2015-09-19,70.5,64.7,71.4,73,1.2,0.0
2015-09-20,66.0,62.0,65.0,67,0.0,0.0
2015-09-21,67.1,61.9,66.2,69,0.0,0.0
2015-09-22,71.6,64.3,73.4,74,0.0,0.0
2015-09-23,70.2,64.7,72.4,78,0.0,0.0
2015-09-24,67.9,63.9,70.0,82,0.0,0.0
2015-09-25,66.2,63.7,66.7,85,0.0,0.0
2015-09-26,68.2,64.6,68.2,79,0.0,0.0
2015-09-27,69.8,66.3,71.3,82,0.3,0.0
2015-09-28,73.0,68.9,77.6,83,0.3,0.0
2015-09-29,68.2,62.0,71.2,83,1.2,0.0
2015-09-30,56.6,55.0,48.6,67,0.0,0.0
2015-10-01,54.8,52.1,46.6,67,0.0,0.0
2015-10-02,55.7,51.8,46.7,67,0.0,0.0
2015-10-03,50.7,49.7,41.3,67,1.5,0.0
2015-10-04,54.5,52.3,51.1,87,1.4,0.0
2015-10-05,59.6,57.0,59.4,89,0.0,0.0
2015-10-06,62.4,59.9,62.3,82,0.0,0.0
2015-10-07,65.0,60.2,64.3,84,0.0,0.0
2015-10-08,72.6,63.1,70.2,76,0.2,0.0
2015-10-09,63.7,56.9,62.5,76,0.0,0.0
2015-10-10,62.3,55.7,57.2,67,0.0,0.0
2015-10-11,70.4,61.6,65.3,61,0.0,0.0
2015-10-12,68.9,63.4,62.6,62,0.2,0.0
2015-10-13,58.5,54.7,56.0,62,0.0,0.0
2015-10-14,59.5,53.5,55.1,61,0.0,0.0
2015-10-15,64.3,55.9,55.4,54,1.5,0.0
2015-10-16,51.1,48.5,43.8,52,0.0,0.0
2015-10-17,50.3,44.7,42.2,46,0.0,0.0
2015-10-18,53.6,47.8,49.3,57,0.0,0.0
2015-10-19,65.2,56.2,55.0,46,0.0,0.0
2015-10-20,66.9,60.7,64.4,50,0.7,0.0
2015-10-21,68.5,61.7,64.4,69,6.8,0.0
2015-10-22,60.5,55.0,58.5,75,0.0,0.0
2015-10-23,59.3,55.0,54.6,75,6.7,0.0
2015-10-24,61.8,58.3,58.8,84,1.7,0.0
2015-10-25,55.7,51.5,52.3,64,0.0,0.0
2015-10-26,56.3,52.1,51.5,71,0.0,0.0
2015-10-27,55.1,52.2,47.3,71,9.5,0.0
2015-10-28,54.2,50.8,49.6,87,14.8,0.0
2015-10-29,46.8,43.3,40.1,61,0.0,0.0
2015-10-30,52.6,47.8,47.1,69,0.0,0.0
2015-10-31,52.0,48.6,46.6,82,10.0,0.0
2015-11-01,59.0,52.4,54.6,76,0.0,0.0
2015-11-02,64.3,56.6,58.6,70,0.0,0.0
2015-11-03,63.8,56.6,62.4,79,0.0,0.0
2015-11-04,65.8,59.4,63.9,82,0.0,0.0
2015-11-05,64.6,61.4,58.7,81,0.0,0.0
2015-11-06,61.1,51.7,54.9,71,5.5,0.0
2015-11-07,50.3,45.5,41.5,63,0.1,0.0
2015-11-08,49.5,43.8,44.1,62,0.0,0.0
2015-11-09,50.9,44.8,46.0,72,0.0,0.0
2015-11-10,52.3,46.7,48.5,74,0.0,0.0
2015-11-11,59.2,51.6,51.2,69,4.4,0.0
2015-11-12,53.9,47.6,46.7,72,3.5,0.0
2015-11-13,45.1,42.0,33.5,51,0.0,0.0
2015-11-14,53.0,43.4,44.4,63,0.0,0.0
2015-11-15,57.5,51.3,50.8,63,0.0,0.0
2015-11-16,54.1,50.5,46.6,66,0.8,0.0
2015-11-17,56.4,51.5,47.6,85,19.8,0.0
2015-11-18,58.2,55.5,50.2,73,10.5,0.0
2015-11-19,50.3,43.5,39.7,50,0.0,0.0
2015-11-20,40.5,37.8,33.5,42,1.3,0.84
2015-11-21,35.4,32.7,28.3,84,20.8,13.65
2015-11-22,26.5,21.8,15.1,77,0.0,0.0
2015-11-23,36.1,31.0,27.7,79,0.4,0.0
2015-11-24,38.3,34.8,31.4,89,0.0,0.0
2015-11-25,48.3,43.5,38.8,77,0.0,0.0
2015-11-26,56.6,52.4,49.3,80,5.2,0.0
2015-11-27,53.9,42.2,47.9,85,25.2,0.0
2015-11-28,37.6,36.3,27.9,72,0.0,0.0
2015-11-29,38.9,36.9,32.0,73,0.0,0.0
2015-11-30,43.7,39.4,35.1,75,5.1,0.0
2015-12-01,42.9,40.7,38.1,79,5.9,0.0
2015-12-02,37.9,35.0,29.7,78,4.4,1.75
2015-12-03,37.7,34.3,29.5,79,0.0,0.0
2015-12-04,43.9,36.7,37.2,86,0.0,0.0
2015-12-05,39.6,34.9,32.7,91,0.0,0.0
2015-12-06,44.3,38.1,40.4,85,0.2,0.0
2015-12-07,38.6,36.7,34.2,95,0.0,0.0
2015-12-08,45.3,41.2,40.0,88,0.1,0.0
2015-12-09,48.4,45.0,42.6,86,0.0,0.0
2015-12-10,53.8,47.3,41.7,73,0.0,0.0
2015-12-11,47.3,45.3,42.8,73,0.1,0.0
2015-12-12,54.2,50.4,54.2,96,2.7,0.0
2015-12-13,56.4,54.3,52.0,93,22.9,0.0
2015-12-14,56.2,49.9,49.8,83,12.9,0.0
2015-12-15,42.9,40.6,35.4,76,0.0,0.0
2015-12-16,51.2,42.5,41.5,78,4.4,0.0
2015-12-17,37.6,32.2,24.9,59,0.0,0.0
2015-12-18,30.5,28.4,21.7,58,0.1,0.14
2015-12-19,29.3,25.8,19.5,53,0.0,0.0
2015-12-20,46.0,38.9,34.4,61,0.0,0.0
2015-12-21,47.7,44.7,44.0,91,20.4,0.0
2015-12-22,41.7,39.2,37.1,87,0.2,0.0
2015-12-23,55.3,49.4,47.4,93,8.1,0.0
2015-12-24,45.6,39.3,35.4,69,0.0,0.0
2015-12-25,40.4,37.6,35.2,83,0.0,0.0
2015-12-26,41.3,39.3,36.5,88,8.5,0.0
2015-12-27,39.5,37.3,32.2,79,6.2,0.0
2015-12-28,42.0,33.5,35.3,81,45.9,3.85
2015-12-29,43.3,34.6,37.2,82,1.0,0.0
2015-12-30,30.3,29.4,23.2,72,0.5,0.49
2015-12-31,28.5,26.3,19.7,73,0.0,0.0
2016-01-01,29.9,24.9,18.5,72,0.0,0.0
2016-01-02,33.4,27.9,21.9,74,0.0,0.0
2016-01-03,30.3,27.9,19.1,69,0.0,0.0
2016-01-04,29.9,27.4,19.5,67,0.0,0.14
2016-01-05,33.3,27.5,23.1,66,0.0,0.0
2016-01-06,36.4,30.9,28.6,69,0.0,0.0
2016-01-07,38.6,35.5,31.8,72,0.0,0.0
2016-01-08,40.7,38.5,35.6,92,6.2,0.0
2016-01-09,40.4,35.7,34.4,97,9.2,4.76
2016-01-10,29.6,16.4,17.3,75,0.5,0.56
2016-01-11,25.4,11.7,13.5,70,2.0,1.54
2016-01-12,26.0,12.3,13.5,74,0.5,0.35
2016-01-13,25.5,11.7,15.4,77,0.8,0.7
2016-01-14,39.8,33.0,31.5,82,0.0,0.0
2016-01-15,39.0,36.3,32.3,90,1.0,0.0
2016-01-16,30.2,26.3,19.6,63,0.0,0.0
2016-01-17,17.8,7.2,5.0,55,0.0,0.0
2016-01-18,8.9,3.6,-2.8,59,0.0,0.0
2016-01-19,17.5,10.1,8.5,59,0.0,0.0
2016-01-20,21.4,18.5,14.7,64,1.4,0.98
2016-01-21,25.3,21.2,19.0,70,0.0,0.0
2016-01-22,28.7,26.3,18.4,70,0.0,0.21
2016-01-23,29.5,26.5,23.5,73,0.0,0.0
2016-01-24,34.0,27.8,27.9,72,0.0,0.0
2016-01-25,40.0,32.9,31.2,82,3.2,0.0
2016-01-26,39.9,30.3,30.6,76,0.6,0.14
2016-01-27,32.3,27.7,21.3,63,0.0,0.0
2016-01-28,37.9,33.4,27.7,74,0.4,0.0
2016-01-29,32.0,27.5,22.3,59,0.0,0.0
2016-01-30,41.6,37.0,37.1,81,0.0,0.0
2016-01-31,43.7,38.2,38.9,93,4.5,0.0
2016-02-01,39.2,32.4,34.4,87,0.0,0.0
2016-02-02,38.8,34.0,33.0,90,23.0,0.42
2016-02-03,38.4,34.2,34.3,85,0.0,0.07
2016-02-04,30.0,26.2,22.3,61,0.0,0.0
2016-02-05,30.6,28.1,23.6,71,0.0,0.0
2016-02-06,37.6,30.0,30.1,74,0.0,0.0
2016-02-07,40.4,35.7,31.4,74,0.0,0.0
2016-02-08,31.1,28.7,21.8,78,0.9,0.91
2016-02-09,24.6,20.2,13.1,66,1.1,1.75
2016-02-10,17.7,14.3,7.0,59,0.1,0.28
2016-02-11,20.1,16.0,11.9,51,0.0,0.0
2016-02-12,21.9,17.6,9.2,50,0.0,0.0
2016-02-13,15.2,9.6,6.8,51,0.0,0.0
2016-02-14,20.5,16.9,9.8,62,3.2,2.31
2016-02-15,29.8,24.4,22.7,77,0.0,0.21
2016-02-16,31.1,27.1,24.9,79,0.3,0.42
2016-02-17,29.2,26.5,21.8,77,0.0,0.0
2016-02-18,37.5,29.9,25.9,75,0.0,0.0
2016-02-19,54.3,45.5,40.9,61,0.0,0.0
2016-02-20,51.6,43.2,45.2,62,0.0,0.0
2016-02-21,35.7,33.8,27.3,88,0.0,0.0
2016-02-22,35.5,31.7,29.4,84,0.0,0.0
2016-02-23,35.9,31.7,28.5,81,0.0,0.0
2016-02-24,33.8,32.0,23.3,81,8.6,6.09
2016-02-25,33.7,31.3,22.9,71,0.9,0.98
2016-02-26,33.1,30.1,24.3,57,0.0,0.0
2016-02-27,46.4,36.8,36.5,67,0.0,0.0
2016-02-28,54.1,46.2,45.1,67,0.9,0.0
2016-02-29,48.0,36.0,39.4,70,0.7,0.56
2016-03-01,30.0,27.2,18.8,76,5.8,4.2
2016-03-02,29.1,23.7,21.4,51,0.0,0.07
2016-03-03,30.5,28.6,22.6,85,3.8,3.01
2016-03-04,32.5,29.1,25.3,70,0.6,0.42
2016-03-05,36.4,32.3,27.8,88,1.2,0.84
2016-03-06,44.9,35.4,35.7,79,0.0,0.0
2016-03-07,49.3,46.3,43.2,74,1.4,0.0
2016-03-08,57.1,52.2,50.2,80,0.2,0.0
2016-03-09,54.2,51.3,52.7,93,6.2,0.0
2016-03-10,44.7,38.5,39.4,92,0.0,0.0
2016-03-11,40.1,36.4,36.6,86,0.0,0.0
2016-03-12,44.6,39.0,40.8,91,1.3,0.0
2016-03-13,42.5,40.9,37.7,95,15.3,0.0
2016-03-14,42.2,39.4,38.8,96,0.5,0.0
2016-03-15,49.4,42.5,43.3,90,7.2,0.0
2016-03-16,50.4,47.3,42.4,64,2.1,0.0
2016-03-17,48.5,43.8,38.9,52,0.4,0.0
2016-03-18,39.5,36.0,33.3,76,0.0,0.0
2016-03-19,37.6,34.4,31.5,85,0.2,0.0
2016-03-20,36.1,33.6,29.3,78,0.0,0.0
2016-03-21,39.8,35.9,37.2,66,0.0,0.0
2016-03-22,55.7,46.3,50.9,64,1.3,0.0
2016-03-23,45.0,38.6,36.3,90,3.7,0.0
2016-03-24,43.7,37.2,40.2,93,21.2,1.05
2016-03-25,36.8,33.0,32.9,77,0.0,0.0
2016-03-26,43.4,38.6,38.3,80,0.0,0.0
2016-03-27,53.7,43.6,49.9,83,6.8,0.0
2016-03-28,42.2,39.8,36.7,83,0.0,0.0
2016-03-29,46.5,39.6,43.2,77,0.0,0.0
2016-03-30,55.6,47.3,47.5,72,2.9,0.0
2016-03-31,55.7,52.5,49.9,86,23.9,0.0
2016-04-01,44.0,39.8,39.2,81,2.7,0.0
2016-04-02,38.7,34.8,28.0,54,2.1,0.84
2016-04-03,59.4,43.0,49.7,55,0.9,0.0
2016-04-04,43.5,32.8,31.3,71,0.1,0.21
2016-04-05,41.5,34.3,32.6,59,1.7,0.0
2016-04-06,47.9,43.5,42.2,84,18.9,0.0
2016-04-07,40.9,36.9,33.9,82,2.8,0.0
2016-04-08,39.9,34.8,33.2,76,3.6,0.49
2016-04-09,31.0,28.9,26.2,57,0.5,0.35
2016-04-10,46.9,40.1,41.3,73,7.3,0.77
2016-04-11,46.9,43.1,41.7,75,0.4,0.0
2016-04-12,38.0,35.7,34.0,65,0.0,0.0
2016-04-13,46.0,39.8,41.1,75,0.0,0.0
2016-04-14,47.6,43.2,43.5,68,0.0,0.0
2016-04-15,51.5,45.6,49.2,69,0.0,0.0
2016-04-16,55.3,49.7,54.1,76,0.0,0.0
2016-04-17,59.1,53.0,57.9,72,0.0,0.0
2016-04-18,63.4,54.7,64.2,73,0.0,0.0
2016-04-19,50.3,46.4,44.6,82,0.0,0.0
2016-04-20,59.1,53.2,56.0,69,1.8,0.0
2016-04-21,58.4,54.5,60.5,90,4.8,0.0
2016-04-22,51.2,43.2,49.1,88,0.0,0.0
2016-04-23,47.9,43.2,45.8,83,0.0,0.0
2016-04-24,62.7,53.2,61.3,76,0.1,0.0
2016-04-25,69.4,61.2,64.6,72,6.5,0.0
2016-04-26,58.4,44.9,56.6,88,0.0,0.0
2016-04-27,46.7,43.7,40.0,82,7.4,0.0
2016-04-28,44.9,43.6,38.9,88,13.4,0.0
2016-04-29,43.7,42.2,39.2,85,0.3,0.0
2016-04-30,45.4,44.6,39.0,89,17.0,0.0
2016-05-01,45.7,44.3,40.5,91,5.6,0.0
2016-05-02,47.8,44.5,43.7,80,1.8,0.0
2016-05-03,59.9,51.1,56.9,66,0.1,0.0
2016-05-04,53.0,44.9,45.1,80,5.1,0.0
2016-05-05,47.4,43.0,44.2,82,0.1,0.0
2016-05-06,67.8,55.0,67.7,75,0.0,0.0
2016-05-07,62.4,52.9,57.6,66,0.0,0.0
2016-05-08,60.7,51.4,61.2,65,0.0,0.0
2016-05-09,53.0,50.3,46.0,82,8.2,0.0
2016-05-10,57.1,52.2,56.4,96,28.8,0.0
2016-05-11,59.2,55.0,58.6,93,1.6,0.0
2016-05-12,63.7,60.4,64.6,83,1.6,0.0
2016-05-13,60.6,53.9,57.9,69,16.2,0.0
2016-05-14,46.4,44.0,37.8,62,3.1,0.0
2016-05-15,47.5,43.7,43.0,57,0.0,0.0
2016-05-16,61.2,53.0,54.6,59,0.0,0.0
2016-05-17,52.2,47.1,46.2,79,1.1,0.0
2016-05-18,52.1,46.8,50.9,78,0.0,0.0
2016-05-19,56.7,50.4,55.6,66,0.0,0.0
2016-05-20,56.2,51.8,52.8,73,0.0,0.0
2016-05-21,58.2,52.4,56.7,68,0.0,0.0
2016-05-22,59.1,53.8,58.7,72,0.0,0.0
2016-05-23,69.0,60.0,68.8,69,0.0,0.0
2016-05-24,75.8,66.8,75.3,61,0.0,0.0
2016-05-25,72.5,67.6,77.1,77,4.3,0.0
2016-05-26,74.7,69.0,78.1,82,0.0,0.0
2016-05-27,70.2,67.4,72.1,87,4.0,0.0
2016-05-28,72.8,68.2,71.3,80,2.6,0.0
2016-05-29,74.2,68.3,73.5,75,0.0,0.0
2016-05-30,73.7,66.1,78.2,76,0.0,0.0
2016-05-31,70.4,65.0,72.9,79,2.4,0.0
2016-06-01,70.0,66.2,74.7,81,2.1,0.0
2016-06-02,68.7,64.9,73.5,71,0.0,0.0
2016-06-03,70.3,64.0,73.6,73,0.0,0.0
2016-06-04,67.9,64.6,67.2,83,2.5,0.0
2016-06-05,73.4,66.0,69.3,72,0.3,0.0
2016-06-06,74.2,67.3,72.5,62,0.4,0.0
2016-06-07,62.9,58.4,58.7,73,0.2,0.0
2016-06-08,59.2,57.2,60.3,75,0.0,0.0
2016-06-09,67.9,61.7,69.2,81,12.6,0.0
2016-06-10,84.9,73.9,87.4,71,0.6,0.0
2016-06-11,83.2,76.9,90.8,68,0.0,0.0
2016-06-12,75.7,61.2,81.0,67,1.2,0.0
2016-06-13,74.6,64.4,77.6,71,0.0,0.0
2016-06-14,75.9,68.9,80.4,81,5.8,0.0
2016-06-15,80.8,73.7,91.2,82,11.7,0.0
2016-06-16,76.0,65.6,77.3,82,0.0,0.0
2016-06-17,71.3,64.6,75.2,75,0.0,0.0
2016-06-18,75.0,68.8,80.3,71,0.0,0.0
2016-06-19,82.7,75.4,86.6,64,0.0,0.0
2016-06-20,83.0,77.8,85.4,67,0.0,0.0
2016-06-21,74.2,70.1,77.8,61,0.0,0.0
2016-06-22,72.6,68.0,76.8,82,25.8,0.0
2016-06-23,71.7,66.8,76.2,88,1.0,0.0
2016-06-24,72.5,67.8,77.1,78,0.0,0.0
2016-06-25,82.2,74.4,87.0,72,0.0,0.0
2016-06-26,81.9,77.6,89.9,77,4.8,0.0
2016-06-27,84.4,74.4,87.4,66,0.0,0.0
2016-06-28,66.1,62.4,67.3,72,0.1,0.0
2016-06-29,70.5,64.2,72.5,67,0.0,0.0
2016-06-30,75.6,69.5,76.4,64,0.6,0.0
2016-07-01,68.5,63.3,69.9,77,3.8,0.0
2016-07-02,70.4,65.3,71.1,62,0.0,0.0
2016-07-03,71.8,67.6,73.5,67,0.0,0.0
2016-07-04,73.3,69.2,77.5,79,0.0,0.0
2016-07-05,78.8,74.0,84.2,77,0.0,0.0
2016-07-06,82.5,76.0,88.3,80,6.6,0.0
2016-07-07,78.4,74.1,85.9,88,10.2,0.0
2016-07-08,82.3,74.7,85.9,74,0.1,0.0
2016-07-09,70.9,67.7,71.2,74,0.0,0.0
2016-07-10,74.8,69.8,79.3,73,0.0,0.0
2016-07-11,83.6,76.6,87.9,72,0.4,0.0
2016-07-12,83.8,78.3,87.5,72,0.0,0.0
2016-07-13,81.0,76.3,85.7,81,1.8,0.0
2016-07-14,83.6,76.2,83.9,67,0.0,0.0
2016-07-15,72.2,67.9,71.6,73,1.2,0.0
2016-07-16,71.2,67.2,73.8,69,0.0,0.0
2016-07-17,79.1,72.3,81.2,76,2.0,0.0
2016-07-18,79.7,75.0,87.4,80,0.0,0.0
2016-07-19,79.6,74.4,88.7,78,0.0,0.0
2016-07-20,84.2,78.2,91.1,73,0.0,0.0
2016-07-21,86.8,79.5,96.9,82,0.7,0.0
2016-07-22,83.9,78.6,93.3,85,0.2,0.0
2016-07-23,82.7,78.7,92.8,88,3.1,0.0
2016-07-24,84.9,77.7,91.7,85,13.9,0.0
2016-07-25,78.3,75.3,87.3,78,1.2,0.0
2016-07-26,79.6,75.3,87.1,75,0.0,0.0
2016-07-27,81.6,75.7,90.0,78,0.0,0.0
2016-07-28,78.2,74.3,86.3,86,11.7,0.0
2016-07-29,73.7,70.6,77.8,91,22.4,0.0
2016-07-30,71.2,68.4,73.2,89,12.0,0.0
2016-07-31,74.2,70.0,81.4,88,0.8,0.0
2016-08-01,76.0,71.5,82.9,86,0.0,0.0
2016-08-02,79.8,74.2,87.2,83,1.0,0.0
2016-08-03,81.8,76.5,90.8,79,0.0,0.0
2016-08-04,83.1,78.2,92.7,77,0.0,0.0
2016-08-05,79.4,76.6,86.9,79,0.3,0.0
2016-08-06,74.7,72.9,78.6,73,0.0,0.0
2016-08-07,76.2,71.6,79.2,76,0.0,0.0
2016-08-08,77.3,73.1,81.6,74,0.0,0.0
2016-08-09,80.8,75.4,87.7,69,0.0,0.0
2016-08-10,81.0,76.5,89.6,81,0.0,0.0
2016-08-11,87.3,79.5,91.7,77,5.1,0.0
2016-08-12,83.1,76.6,91.0,89,37.0,0.0
2016-08-13,77.8,74.7,83.3,88,6.1,0.0
2016-08-14,77.7,74.0,84.7,81,0.0,0.0
2016-08-15,73.3,70.9,79.0,90,7.0,0.0
2016-08-16,77.3,73.3,86.4,85,2.1,0.0
2016-08-17,81.8,75.7,88.9,78,0.5,0.0
2016-08-18,79.3,74.8,86.4,85,1.8,0.0
2016-08-19,79.6,74.9,89.2,85,2.3,0.0
2016-08-20,75.1,71.5,77.8,85,10.6,0.0
2016-08-21,70.8,66.5,67.7,66,0.0,0.0
2016-08-22,75.1,68.5,74.9,63,0.0,0.0
2016-08-23,77.2,71.3,78.0,71,0.0,0.0
2016-08-24,77.8,73.3,84.7,82,11.6,0.0
2016-08-25,78.1,74.3,85.3,85,16.1,0.0
2016-08-26,73.7,71.6,79.3,78,0.1,0.0
2016-08-27,80.3,73.8,86.1,86,9.0,0.0
2016-08-28,74.9,72.8,81.6,91,1.6,0.0
2016-08-29,78.7,73.7,87.5,91,5.4,0.0
2016-08-30,77.7,73.7,86.7,91,13.2,0.0
2016-08-31,72.0,69.3,78.0,81,0.0,0.0
2016-09-01,66.3,64.1,64.2,81,0.0,0.0
2016-09-02,68.1,64.6,68.2,76,0.0,0.0
2016-09-03,70.7,66.5,72.9,76,0.0,0.0
2016-09-04,76.4,70.2,77.1,72,0.0,0.0
2016-09-05,81.1,74.6,86.6,75,0.0,0.0
2016-09-06,82.9,78.2,90.2,83,4.0,0.0
2016-09-07,85.3,79.5,92.2,78,8.1,0.0
2016-09-08,79.8,75.3,86.9,87,11.8,0.0
2016-09-09,76.4,73.1,82.3,85,1.1,0.0
2016-09-10,70.1,68.3,75.1,79,2.0,0.0
2016-09-11,71.9,65.6,71.8,67,0.0,0.0
2016-09-12,74.0,67.9,72.8,69,0.0,0.0
2016-09-13,78.2,70.6,82.4,77,2.8,0.0
2016-09-14,69.6,67.7,71.5,78,1.3,0.0
2016-09-15,71.3,67.1,72.9,77,0.0,0.0
2016-09-16,75.4,68.8,77.2,81,5.7,0.0
2016-09-17,77.1,71.0,77.1,77,6.9,0.0
2016-09-18,72.9,68.7,77.2,74,0.0,0.0
2016-09-19,79.0,71.1,79.2,72,0.0,0.0
2016-09-20,73.9,69.8,77.0,79,0.0,0.0
2016-09-21,76.9,71.4,81.7,83,0.0,0.0
2016-09-22,77.9,72.7,82.4,78,0.0,0.0
2016-09-23,72.6,69.0,78.4,91,0.0,0.0
2016-09-24,68.9,66.6,71.3,84,0.0,0.0
2016-09-25,76.5,69.5,77.9,81,5.4,0.0
2016-09-26,66.5,62.6,63.7,55,0.4,0.0
2016-09-27,65.3,60.0,58.4,54,0.0,0.0
2016-09-28,59.4,56.6,53.9,79,8.0,0.0
2016-09-29,61.7,60.4,58.2,86,4.3,0.0
2016-09-30,62.9,60.2,59.7,92,7.4,0.0
2016-10-01,61.2,59.9,61.3,90,9.7,0.0
2016-10-02,63.7,60.5,62.3,83,0.2,0.0
2016-10-03,64.9,62.7,64.7,78,0.1,0.0
2016-10-04,69.5,65.3,69.2,77,0.0,0.0
2016-10-05,72.8,67.8,72.4,75,0.0,0.0
2016-10-06,71.5,66.5,75.8,87,1.2,0.0
2016-10-07,69.6,63.2,67.8,70,0.0,0.0
2016-10-08,59.6,53.9,56.5,59,0.0,0.0
2016-10-09,58.4,55.9,54.1,70,0.0,0.0
2016-10-10,64.9,57.9,63.4,74,0.0,0.0
2016-10-11,67.8,62.5,64.0,71,0.7,0.0
2016-10-12,66.7,60.1,63.4,77,7.5,0.0
2016-10-13,52.0,48.9,48.6,62,0.0,0.0
2016-10-14,62.0,54.2,57.7,71,0.0,0.0
2016-10-15,64.1,59.7,60.9,85,0.1,0.0
2016-10-16,68.4,65.1,72.2,89,26.8,0.0
2016-10-17,73.8,70.5,70.7,77,0.0,0.0
2016-10-18,70.3,66.6,68.8,77,0.0,0.0
2016-10-19,65.3,60.6,64.3,73,0.5,0.0
2016-10-20,60.9,55.8,58.9,79,0.0,0.0
2016-10-21,50.1,48.4,42.6,68,0.0,0.0
2016-10-22,56.4,48.8,50.9,66,0.0,0.0
2016-10-23,66.4,55.6,60.6,74,0.0,0.0
2016-10-24,52.6,49.6,47.5,73,0.0,0.0
2016-10-25,50.6,47.9,45.1,68,0.0,0.0
2016-10-26,51.9,48.6,51.8,81,23.3,0.0
2016-10-27,51.8,47.6,49.2,76,0.0,0.0
2016-10-28,60.0,52.1,54.4,81,0.0,0.0
2016-10-29,66.0,61.3,67.6,83,0.8,0.0
2016-10-30,55.5,52.0,51.1,78,5.6,0.0
2016-10-31,57.3,51.6,51.4,75,0.6,0.0
2016-11-01,68.9,62.6,69.1,82,0.8,0.0
2016-11-02,65.0,60.2,65.2,91,14.0,0.0
2016-11-03,58.3,55.1,57.2,85,1.2,0.0
2016-11-04,56.5,52.1,53.6,73,0.0,0.0
2016-11-05,62.1,54.2,59.7,79,0.0,0.0
2016-11-06,61.3,54.1,59.5,83,0.0,0.0
2016-11-07,60.0,53.8,57.1,79,0.0,0.0
2016-11-08,56.7,53.4,52.1,76,0.5,0.0
2016-11-09,52.5,48.3,48.2,68,0.0,0.0
2016-11-10,58.0,50.5,48.2,62,0.0,0.0
2016-11-11,52.2,47.7,44.8,65,0.0,0.0
2016-11-12,49.3,44.3,42.7,69,0.0,0.0
2016-11-13,52.9,45.6,43.3,63,0.0,0.0
2016-11-14,55.2,48.0,51.1,74,0.0,0.0
2016-11-15,52.4,47.6,50.1,91,0.0,0.0
2016-11-16,53.1,49.1,51.3,86,0.0,0.0
2016-11-17,63.7,56.2,57.5,75,0.0,0.0
2016-11-18,62.1,55.9,55.1,66,1.8,0.0
2016-11-19,41.5,37.1,27.9,56,0.0,0.0
2016-11-20,32.9,31.2,24.5,58,0.0,0.0
2016-11-21,36.0,33.1,29.4,64,0.0,0.0
2016-11-22,38.9,36.5,31.6,72,0.0,0.0
2016-11-23,43.4,41.0,38.3,87,13.1,0.0
2016-11-24,43.7,39.2,37.6,82,0.1,0.0
2016-11-25,40.9,38.4,32.6,74,0.0,0.0
2016-11-26,45.8,39.3,37.9,80,0.0,0.0
2016-11-27,45.6,41.0,38.7,82,1.2,0.0
2016-11-28,49.4,45.8,41.8,83,21.9,0.0
2016-11-29,53.3,48.4,47.5,79,1.5,0.0
2016-11-30,46.3,39.6,40.2,73,0.0,0.0
2016-12-01,41.3,38.3,30.9,71,0.0,0.0
2016-12-02,38.5,37.0,29.6,68,0.0,0.0
2016-12-03,34.8,33.6,28.7,61,0.0,0.0
2016-12-04,34.0,33.2,28.7,82,11.2,7.49
2016-12-05,35.4,33.5,28.4,88,0.0,0.0
2016-12-06,37.3,33.5,30.8,80,0.0,0.0
2016-12-07,28.7,25.9,17.2,64,0.0,0.0
2016-12-08,25.2,22.9,13.7,64,0.0,0.0
2016-12-09,26.2,24.2,15.9,65,0.0,0.0
2016-12-10,25.0,22.6,16.2,69,1.7,1.26
2016-12-11,32.4,29.2,25.9,87,14.1,9.66
2016-12-12,32.1,23.2,22.7,83,0.0,0.0
2016-12-13,21.9,16.2,13.5,78,0.4,0.42
2016-12-14,19.4,11.8,5.4,74,0.0,0.0
2016-12-15,9.5,5.3,-1.1,81,0.0,0.0
2016-12-16,23.7,17.1,13.9,71,3.3,2.73
2016-12-17,26.9,23.1,17.1,84,4.7,3.5
2016-12-18,26.1,10.2,12.7,81,3.0,2.17
2016-12-19,15.2,5.5,2.2,73,0.0,0.0
2016-12-20,28.2,22.4,16.4,67,0.0,0.0
2016-12-21,34.8,27.9,24.7,78,0.0,0.0
2016-12-22,34.4,31.7,26.4,83,0.0,0.0
2016-12-23,34.4,31.4,26.4,86,7.0,3.57
2016-12-24,35.0,33.2,30.4,91,0.0,0.0
2016-12-25,38.6,33.4,28.5,89,3.4,0.0
2016-12-26,52.9,45.0,44.4,80,5.2,0.0
2016-12-27,30.3,27.3,20.0,62,0.0,0.0
2016-12-28,40.7,32.9,29.3,71,0.0,0.0
2016-12-29,34.2,32.2,23.7,69,0.0,0.0
2016-12-30,32.7,29.2,23.0,62,0.2,0.14
2016-12-31,38.1,34.3,27.3,61,0.0,0.0
2017-01-01,38.8,28.8,31.0,73,0.0,0.0
2017-01-02,39.8,35.6,34.3,89,9.3,0.0
2017-01-03,39.3,37.0,34.5,95,4.7,0.0
2017-01-04,21.5,15.0,7.6,49,0.0,0.0
2017-01-05,15.8,10.8,2.8,42,0.0,0.0
2017-01-06,11.4,5.9,-0.6,41,0.0,0.0
2017-01-07,19.6,9.1,6.3,43,0.0,0.0
2017-01-08,20.0,11.2,8.6,43,0.0,0.0
2017-01-09,31.9,25.2,20.4,53,0.4,0.28
2017-01-10,50.6,38.1,36.2,82,5.7,0.07
2017-01-11,48.7,33.5,43.7,77,6.8,0.0
2017-01-12,31.0,27.1,20.5,74,3.6,1.4
2017-01-13,27.3,23.3,17.9,62,0.0,0.0
2017-01-14,33.7,28.9,26.8,60,0.0,0.0
2017-01-15,34.2,26.2,26.9,68,0.0,0.0
2017-01-16,37.8,33.2,30.7,88,17.4,0.0
2017-01-17,42.4,37.8,37.6,97,11.7,0.21
2017-01-18,40.9,34.8,32.8,90,0.1,0.0
2017-01-19,41.0,35.0,35.4,92,11.1,0.0
2017-01-20,42.9,39.3,39.0,95,13.1,0.0
2017-01-21,60.1,48.5,53.4,89,0.5,0.0
2017-01-22,42.5,38.3,37.8,96,0.0,0.0
2017-01-23,41.2,38.1,33.9,92,0.0,0.0
2017-01-24,41.9,36.9,36.9,86,1.5,0.35
2017-01-25,46.3,37.5,38.3,89,6.0,0.84
2017-01-26,35.8,32.9,25.8,81,0.4,0.0
2017-01-27,29.8,27.5,18.8,69,0.0,0.0
2017-01-28,30.6,27.8,19.6,72,0.0,0.0
2017-01-29,28.9,26.2,19.5,64,0.6,0.42
2017-01-30,32.7,24.1,21.5,56,1.1,0.77
2017-01-31,42.3,37.3,30.0,77,2.1,0.07
2017-02-01,38.1,32.6,27.9,68,0.6,0.0
2017-02-02,25.5,19.6,13.6,47,0.0,0.0
2017-02-03,28.3,20.4,16.0,40,0.0,0.0
2017-02-04,32.9,24.9,19.4,33,0.3,0.21
2017-02-05,40.9,32.2,31.2,60,0.0,0.0
2017-02-06,53.3,36.9,46.2,83,0.4,0.0
2017-02-07,51.8,42.8,49.3,98,12.4,0.0
2017-02-08,31.6,27.6,20.6,71,1.1,0.77
2017-02-09,25.6,18.4,14.5,42,0.0,0.0
2017-02-10,46.4,31.0,33.9,52,0.0,0.0
2017-02-11,44.8,37.8,40.5,85,0.0,0.0
2017-02-12,46.3,37.6,33.4,69,0.0,0.0
2017-02-13,43.9,34.0,33.1,58,0.0,0.0
2017-02-14,49.6,39.5,39.3,63,0.0,0.0
2017-02-15,35.5,30.3,24.0,60,0.0,0.0
2017-02-16,40.7,32.8,32.6,63,0.6,0.0
2017-02-17,61.3,45.1,53.9,72,0.0,0.0
2017-02-18,63.8,51.0,59.7,66,0.0,0.0
2017-02-19,53.8,44.6,49.4,78,0.0,0.0
2017-02-20,62.6,51.1,56.7,83,0.0,0.0
2017-02-21,65.4,56.5,63.5,85,4.4,0.0
2017-02-22,63.8,55.7,57.5,88,0.0,0.0
2017-02-23,56.7,44.4,50.2,90,6.5,0.0
2017-02-24,41.2,39.4,35.8,93,12.4,0.0
2017-02-25,35.3,27.1,28.7,62,0.0,0.0
2017-02-26,46.6,34.3,32.8,55,0.0,0.0
2017-02-27,50.6,40.3,42.3,73,0.0,0.0
2017-02-28,59.3,51.5,54.7,89,24.8,0.0
2017-03-01,55.3,41.4,53.0,87,15.1,0.21
2017-03-02,34.2,29.8,26.4,68,1.0,0.7
2017-03-03,32.3,26.1,23.5,52,0.0,0.0
2017-03-04,41.3,33.3,30.2,72,0.9,0.63
2017-03-05,57.0,43.5,48.8,70,0.0,0.0
2017-03-06,59.5,53.1,51.5,87,0.3,0.0
2017-03-07,62.5,50.8,52.5,57,5.3,0.0
2017-03-08,50.6,44.5,33.0,35,0.0,0.0
2017-03-09,38.5,35.4,30.8,65,0.1,0.0
2017-03-10,35.3,28.3,23.9,44,0.0,0.0
2017-03-11,24.7,22.2,17.0,40,0.0,0.0
2017-03-12,30.7,26.1,24.0,55,0.7,0.49
2017-03-13,30.7,28.8,20.8,76,6.0,4.2
2017-03-14,26.7,23.2,16.4,72,4.3,3.01
2017-03-15,28.3,19.1,18.8,68,0.0,0.0
2017-03-16,35.8,24.7,29.0,66,0.0,0.0
2017-03-17,47.8,38.5,42.6,81,6.1,0.28
2017-03-18,45.1,39.7,36.7,71,0.0,0.0
2017-03-19,44.0,38.7,36.9,78,0.1,0.0
2017-03-20,48.2,42.4,46.3,87,13.1,0.0
2017-03-21,48.2,39.2,40.2,72,0.0,0.0
2017-03-22,31.1,29.8,23.1,65,0.0,0.0
2017-03-23,46.4,37.8,36.7,64,3.9,0.0
2017-03-24,75.2,55.2,69.4,72,3.9,0.0
2017-03-25,50.3,43.0,44.4,97,28.0,0.0
2017-03-26,60.7,53.7,57.8,91,16.9,0.0
2017-03-27,51.3,43.9,47.4,96,0.7,0.0
2017-03-28,42.0,39.7,34.1,89,0.0,0.0
2017-03-29,45.1,41.3,36.4,84,3.6,0.0
2017-03-30,43.6,41.6,35.7,90,23.8,0.0
2017-03-31,39.0,37.8,30.8,88,5.5,0.0
2017-04-01,49.6,41.5,46.3,72,0.0,0.0
2017-04-02,55.0,45.2,48.7,70,1.9,0.0
2017-04-03,49.6,46.3,47.6,86,14.9,0.0
2017-04-04,49.3,46.1,44.9,88,0.8,0.0
2017-04-05,43.2,41.2,37.0,88,26.0,0.0
2017-04-06,45.0,40.6,30.6,73,4.0,0.0
2017-04-07,45.5,40.3,38.5,60,0.0,0.0
2017-04-08,64.0,49.5,55.6,57,0.0,0.0
2017-04-09,71.8,62.4,65.5,62,0.2,0.0
2017-04-10,73.7,61.4,67.7,78,16.0,0.0
2017-04-11,54.0,47.4,50.5,86,0.0,0.0
2017-04-12,49.1,44.1,46.4,81,0.0,0.0
2017-04-13,53.0,47.0,49.0,83,6.8,0.0
2017-04-14,63.1,51.6,64.4,85,4.2,0.0
2017-04-15,77.8,68.7,71.7,66,1.0,0.0
2017-04-16,71.2,64.7,69.3,64,0.6,0.0
2017-04-17,60.6,51.2,58.3,72,0.0,0.0
2017-04-18,72.2,58.2,66.5,69,0.0,0.0
2017-04-19,64.3,55.5,66.7,87,6.5,0.0
2017-04-20,72.1,59.2,69.9,77,2.6,0.0
2017-04-21,50.5,46.5,42.5,69,0.0,0.0
2017-04-22,50.7,45.7,44.1,70,0.0,0.0
2017-04-23,62.5,51.5,60.5,62,0.0,0.0
2017-04-24,61.5,52.1,59.3,71,0.0,0.0
2017-04-25,73.9,63.2,70.9,69,0.0,0.0
2017-04-26,73.7,66.4,70.0,73,3.9,0.0
2017-04-27,60.2,50.7,59.5,80,14.0,0.0
2017-04-28,52.0,47.1,48.5,84,0.0,0.0
2017-04-29,45.3,43.5,36.4,84,25.1,0.0
2017-04-30,46.8,44.3,40.6,94,24.1,0.0
2017-05-01,58.3,52.1,55.6,81,10.6,0.0
2017-05-02,50.9,45.8,40.5,71,2.0,0.0
2017-05-03,51.4,46.1,46.3,71,0.0,0.0
2017-05-04,48.3,46.1,42.3,80,0.5,0.0
2017-05-05,48.3,44.4,41.0,82,0.0,0.0
2017-05-06,50.3,46.1,41.3,69,2.1,0.0
2017-05-07,50.4,44.1,45.3,63,0.0,0.0
2017-05-08,47.6,43.8,42.5,60,0.7,0.0
2017-05-09,52.0,46.8,48.4,74,14.1,0.0
2017-05-10,59.5,52.6,59.0,80,21.5,0.0
2017-05-11,57.7,51.2,54.0,85,0.2,0.0
2017-05-12,60.0,52.4,60.2,81,0.0,0.0
2017-05-13,76.3,60.4,72.0,72,0.9,0.0
2017-05-14,60.0,53.1,59.8,79,0.4,0.0
2017-05-15,73.6,62.1,73.6,74,0.2,0.0
2017-05-16,82.5,73.9,81.6,64,0.0,0.0
2017-05-17,82.4,76.0,76.6,59,0.0,0.0
2017-05-18,78.4,69.7,75.5,66,0.0,0.0
2017-05-19,49.6,46.3,43.5,83,19.4,0.0
2017-05-20,66.8,55.9,65.9,89,12.1,0.0
2017-05-21,62.3,59.3,62.8,75,0.0,0.0
2017-05-22,72.0,59.2,64.4,63,0.4,0.0
2017-05-23,64.0,59.0,61.6,86,11.5,0.0
2017-05-24,56.0,53.1,51.4,92,11.1,0.0
2017-05-25,59.6,54.5,56.0,86,0.4,0.0
2017-05-26,63.1,57.3,62.4,89,15.9,0.0
2017-05-27,66.6,59.2,67.4,87,0.0,0.0
2017-05-28,71.6,63.3,72.8,86,0.6,0.0
2017-05-29,72.9,65.2,67.8,61,0.0,0.0
2017-05-30,68.6,61.8,62.2,64,0.2,0.0
2017-05-31,68.6,61.2,65.5,65,0.0,0.0
2017-06-01,70.9,62.0,73.7,64,0.0,0.0
2017-06-02,78.1,67.1,81.0,55,0.0,0.0
2017-06-03,86.8,73.3,89.4,57,0.0,0.0
2017-06-04,86.0,74.6,90.2,69,1.9,0.0
2017-06-05,69.4,60.2,67.9,80,0.0,0.0
2017-06-06,65.3,58.5,60.0,69,0.0,0.0
2017-06-07,71.1,62.7,66.0,64,0.0,0.0
2017-06-08,78.5,69.1,78.0,54,0.6,0.0
2017-06-09,85.2,71.5,83.1,57,0.4,0.0
2017-06-10,87.9,77.3,81.3,48,0.0,0.0
2017-06-11,91.5,81.6,91.1,48,0.0,0.0
2017-06-12,92.4,83.6,91.7,51,0.0,0.0
2017-06-13,79.3,74.2,84.5,80,2.0,0.0
2017-06-14,87.4,76.4,91.3,83,12.4,0.0
2017-06-15,87.3,78.6,89.3,66,0.3,0.0
2017-06-16,84.5,76.2,86.0,64,0.4,0.0
2017-06-17,87.2,77.0,89.6,76,4.0,0.0
2017-06-18,76.5,72.5,78.2,73,3.5,0.0
2017-06-19,73.0,67.5,74.7,72,2.5,0.0
2017-06-20,79.3,65.9,78.1,73,1.4,0.0
2017-06-21,72.4,66.9,74.2,75,0.1,0.0
2017-06-22,87.1,78.2,86.2,72,3.9,0.0
2017-06-23,78.5,72.1,84.2,79,12.1,0.0
2017-06-24,72.6,66.6,66.9,63,0.0,0.0
2017-06-25,68.3,62.6,61.6,61,0.1,0.0
2017-06-26,70.4,63.0,64.2,58,1.4,0.0
2017-06-27,73.1,64.3,71.0,59,0.0,0.0
2017-06-28,86.4,72.3,78.6,52,0.6,0.0
2017-06-29,82.7,75.7,80.7,70,7.2,0.0
2017-06-30,78.6,71.3,84.3,89,11.7,0.0
2017-07-01,79.7,71.9,81.6,73,0.4,0.0
2017-07-02,85.2,72.9,86.2,67,0.0,0.0
2017-07-03,72.4,68.5,75.9,88,3.1,0.0
2017-07-04,76.9,70.0,84.2,86,3.6,0.0
2017-07-05,80.8,75.0,83.8,69,0.0,0.0
2017-07-06,88.2,78.4,92.9,73,0.8,0.0
2017-07-07,82.0,73.4,87.0,79,30.3,0.0
2017-07-08,72.1,67.3,71.1,69,0.0,0.0
2017-07-09,83.8,73.5,85.6,60,0.5,0.0
2017-07-10,84.4,74.0,92.5,85,22.0,0.0
2017-07-11,83.9,75.7,90.5,87,0.5,0.0
2017-07-12,88.8,77.8,92.9,83,43.0,0.0
2017-07-13,83.0,76.8,82.9,81,0.4,0.0
2017-07-14,70.8,68.8,74.6,77,0.6,0.0
2017-07-15,81.4,71.3,83.6,73,0.0,0.0
2017-07-16,70.6,67.3,72.9,86,3.3,0.0
2017-07-17,71.5,66.6,74.7,82,0.0,0.0
2017-07-18,87.0,75.3,88.4,66,0.0,0.0
2017-07-19,81.4,75.9,87.6,78,13.9,0.0
2017-07-20,88.9,77.2,97.5,85,24.7,0.0
2017-07-21,85.1,79.3,90.7,77,10.8,0.0
2017-07-22,87.8,77.5,95.5,84,54.9,0.0
2017-07-23,85.2,76.2,90.2,80,16.1,0.0
2017-07-24,69.9,67.4,70.2,83,0.1,0.0
2017-07-25,79.4,71.2,79.8,71,0.0,0.0
2017-07-26,85.6,75.7,91.5,73,0.0,0.0
2017-07-27,76.8,72.8,82.8,86,5.4,0.0
2017-07-28,72.7,69.3,72.6,82,0.0,0.0
2017-07-29,74.0,68.8,72.6,68,0.0,0.0
2017-07-30,79.8,72.5,81.5,72,0.0,0.0
2017-07-31,83.6,75.1,85.5,69,0.0,0.0
2017-08-01,82.1,76.2,84.6,69,0.8,0.0
2017-08-02,83.2,74.5,88.2,77,1.3,0.0
2017-08-03,84.0,74.3,88.2,80,7.4,0.0
2017-08-04,68.2,61.3,67.4,74,0.4,0.0
2017-08-05,77.7,68.1,77.6,66,0.0,0.0
2017-08-06,76.2,68.4,76.1,70,0.1,0.0
2017-08-07,69.9,66.8,69.9,80,2.2,0.0
2017-08-08,77.6,68.9,80.5,67,0.0,0.0
2017-08-09,80.3,71.5,81.0,67,0.0,0.0
2017-08-10,83.9,73.1,83.2,67,11.1,0.0
2017-08-11,78.1,70.7,78.2,78,1.5,0.0
2017-08-12,71.3,66.9,70.9,76,0.0,0.0
2017-08-13,75.7,67.9,74.6,73,0.0,0.0
2017-08-14,83.4,74.0,82.5,68,0.4,0.0
2017-08-15,77.7,72.0,82.5,81,0.0,0.0
2017-08-16,83.7,74.5,86.8,79,12.5,0.0
2017-08-17,82.0,75.6,79.4,81,15.8,0.0
2017-08-18,80.5,73.1,81.5,73,0.4,0.0
2017-08-19,77.5,71.7,82.4,75,0.0,0.0
2017-08-20,86.2,76.0,89.3,70,0.2,0.0
2017-08-21,83.9,76.1,91.6,83,10.3,0.0
2017-08-22,79.5,73.2,78.2,72,3.6,0.0
2017-08-23,73.9,66.6,73.7,68,0.2,0.0
2017-08-24,71.3,64.6,69.4,75,1.7,0.0
2017-08-25,69.6,63.4,67.3,69,0.0,0.0
2017-08-26,76.6,68.7,73.4,60,0.9,0.0
2017-08-27,78.2,70.3,75.4,60,2.3,0.0
2017-08-28,76.4,69.1,77.4,78,9.8,0.0
2017-08-29,72.1,67.9,75.6,87,3.0,0.0
2017-08-30,75.2,69.3,78.1,83,0.0,0.0
2017-08-31,68.4,66.2,68.6,82,0.6,0.0
2017-09-01,65.0,61.4,61.2,67,0.0,0.0
2017-09-02,70.1,62.5,71.2,69,2.4,0.0
2017-09-03,80.0,69.2,80.2,69,0.0,0.0
2017-09-04,88.1,72.2,85.2,65,1.9,0.0
2017-09-05,66.9,61.3,60.8,67,0.5,0.0
2017-09-06,62.9,57.5,57.9,70,0.2,0.0
2017-09-07,67.8,59.5,64.9,69,0.2,0.0
2017-09-08,66.4,61.6,65.7,72,1.7,0.0
2017-09-09,67.4,62.6,64.0,70,0.0,0.0
2017-09-10,67.0,60.5,63.9,68,0.0,0.0
2017-09-11,68.6,61.4,67.6,73,0.0,0.0
2017-09-12,71.4,65.6,68.9,76,0.0,0.0
2017-09-13,71.3,66.3,73.0,83,1.3,0.0
2017-09-14,78.5,68.2,78.6,80,0.0,0.0
2017-09-15,83.8,73.0,85.3,71,0.0,0.0
2017-09-16,86.6,76.1,85.2,63,0.0,0.0
2017-09-17,81.8,73.6,85.5,76,5.3,0.0
2017-09-18,69.6,66.7,70.4,79,0.0,0.0
2017-09-19,72.1,67.6,75.3,92,22.1,0.0
2017-09-20,88.4,75.5,90.6,78,0.0,0.0
2017-09-21,89.5,80.1,95.2,74,0.0,0.0
2017-09-22,89.2,80.8,94.5,70,0.0,0.0
2017-09-23,87.8,79.4,92.4,69,0.0,0.0
2017-09-24,86.9,78.8,88.8,65,0.0,0.0
2017-09-25,86.5,78.5,87.6,54,0.0,0.0
2017-09-26,88.9,79.8,88.7,53,0.1,0.0
2017-09-27,72.4,66.9,74.8,61,0.3,0.0
2017-09-28,67.1,61.8,64.0,61,0.0,0.0
2017-09-29,65.9,62.4,58.5,59,0.0,0.0
2017-09-30,62.2,59.6,58.4,63,0.0,0.0
2017-10-01,69.8,61.2,63.0,54,0.0,0.0
2017-10-02,81.4,70.4,74.0,47,0.1,0.0
2017-10-03,77.3,71.0,76.6,73,2.4,0.0
2017-10-04,70.5,67.9,72.8,83,10.2,0.0
2017-10-05,70.5,64.6,70.4,73,4.9,0.0
2017-10-06,71.9,65.8,74.4,89,16.4,0.0
2017-10-07,78.8,68.9,74.0,77,7.3,0.0
2017-10-08,75.7,65.0,72.7,71,0.0,0.0
2017-10-09,74.9,65.0,76.8,80,0.0,0.0
2017-10-10,64.9,63.0,63.3,86,20.1,0.0
2017-10-11,61.9,58.9,56.7,86,14.9,0.0
2017-10-12,61.5,58.4,60.7,83,0.3,0.0
2017-10-13,71.1,62.3,69.6,84,0.0,0.0
2017-10-14,68.1,65.3,67.8,87,50.5,0.0
2017-10-15,69.0,57.9,66.1,77,10.8,0.0
2017-10-16,59.7,51.7,52.5,70,0.0,0.0
2017-10-17,66.5,56.4,58.3,62,0.0,0.0
2017-10-18,67.0,57.8,58.7,62,0.0,0.0
2017-10-19,64.0,57.9,59.2,59,0.0,0.0
2017-10-20,73.8,63.3,70.9,69,0.0,0.0
2017-10-21,71.4,64.7,66.4,66,0.1,0.0
2017-10-22,70.5,61.5,67.8,80,19.7,0.0
2017-10-23,55.1,53.3,50.6,87,28.6,0.0
2017-10-24,51.5,46.9,44.3,86,18.0,0.0
2017-10-25,50.6,44.2,45.0,69,0.0,0.0
2017-10-26,57.7,49.1,49.4,72,0.0,0.0
2017-10-27,55.0,42.6,47.2,63,0.0,0.0
2017-10-28,41.1,38.7,32.0,70,0.1,0.0
2017-10-29,44.8,39.7,36.2,65,0.0,0.0
2017-10-30,47.8,43.2,36.3,64,0.3,0.0
2017-10-31,40.0,36.7,31.2,59,0.0,0.0
2017-11-01,44.3,40.4,36.7,75,7.0,0.0
2017-11-02,51.3,48.5,49.3,94,5.3,0.0
2017-11-03,48.0,45.1,42.2,76,0.0,0.0
2017-11-04,49.7,46.5,48.4,90,22.3,0.0
2017-11-05,51.9,50.2,49.2,92,4.2,0.0
2017-11-06,46.0,39.7,37.3,74,0.0,0.0
2017-11-07,45.8,42.0,35.1,72,0.0,0.0
2017-11-08,44.6,36.9,37.2,77,0.0,0.0
2017-11-09,45.8,35.7,34.4,63,0.0,0.0
2017-11-10,31.2,27.7,22.9,61,0.7,0.49
2017-11-11,36.4,30.9,29.6,63,0.0,0.0
2017-11-12,41.6,38.4,37.2,83,2.2,0.14
2017-11-13,41.5,36.5,36.6,90,0.0,0.0
2017-11-14,47.5,41.3,39.6,79,0.0,0.0
2017-11-15,49.6,44.6,41.2,81,13.3,0.0
2017-11-16,38.8,35.4,32.3,72,0.0,0.0
2017-11-17,47.0,40.0,37.9,76,2.7,0.0
2017-11-18,47.8,42.2,45.0,88,12.2,0.0
2017-11-19,37.3,31.7,25.7,63,0.0,0.0
2017-11-20,51.3,40.4,39.1,60,0.0,0.0
2017-11-21,44.6,39.4,34.6,59,0.5,0.0
2017-11-22,33.5,28.5,25.3,63,0.0,0.0
2017-11-23,44.2,35.6,35.8,65,0.0,0.0
2017-11-24,56.8,45.5,46.0,69,0.0,0.0
2017-11-25,51.1,44.2,43.3,71,0.0,0.0
2017-11-26,46.5,37.1,37.4,69,0.0,0.0
2017-11-27,53.2,43.9,47.6,78,0.0,0.0
2017-11-28,57.7,52.6,50.3,59,0.3,0.0
2017-11-29,44.1,40.3,37.7,68,0.0,0.0
2017-11-30,50.4,44.5,41.1,61,0.4,0.0
2017-12-01,49.5,38.4,42.5,73,0.0,0.0
2017-12-02,50.5,40.8,43.5,74,0.0,0.0
2017-12-03,53.0,41.3,46.7,80,0.0,0.0
2017-12-04,61.0,55.3,50.4,68,1.3,0.0
2017-12-05,57.5,35.0,47.6,54,1.2,0.0
2017-12-06,34.0,30.0,20.1,55,0.1,0.07
2017-12-07,28.7,24.3,16.0,54,0.0,0.0
2017-12-08,33.6,26.1,21.2,46,0.1,0.07
2017-12-09,31.6,28.3,19.4,70,2.5,1.75
2017-12-10,35.8,27.4,25.8,63,0.0,0.0
2017-12-11,36.6,29.7,29.0,80,2.4,1.54
2017-12-12,30.6,21.9,16.3,51,0.0,0.0
2017-12-13,37.0,28.3,26.0,57,0.9,0.49
2017-12-14,29.8,22.7,18.4,64,0.2,0.14
2017-12-15,33.9,27.4,23.2,63,0.1,0.07
2017-12-16,45.2,37.0,39.4,71,0.0,0.0
2017-12-17,42.5,37.0,36.2,87,0.0,0.0
2017-12-18,44.3,41.8,37.1,89,1.2,0.0
2017-12-19,48.7,41.1,39.7,70,0.0,0.0
2017-12-20,34.1,31.0,25.0,70,0.0,0.0
2017-12-21,38.0,35.0,31.2,75,0.0,0.0
2017-12-22,38.8,36.9,32.4,85,0.5,0.0
2017-12-23,34.2,28.8,25.7,70,0.0,0.0
2017-12-24,26.0,23.0,19.9,72,7.0,4.9
2017-12-25,18.1,15.2,5.5,56,0.0,0.0
2017-12-26,9.9,4.1,-2.0,46,0.0,0.0
2017-12-27,10.0,3.2,-0.5,51,0.0,0.0
2017-12-28,16.5,9.8,4.8,55,1.3,0.84
2017-12-29,15.8,11.2,6.1,75,2.6,1.82
2017-12-30,12.6,4.7,2.6,63,0.1,0.07
2017-12-31,13.5,4.9,0.8,61,0.2,0.14
2018-01-01,6.5,-1.3,-5.3,55,0.0,0.0
2018-01-02,9.1,-0.1,-5.1,60,0.0,0.0
2018-01-03,17.4,12.4,5.5,60,0.4,0.28
2018-01-04,12.8,6.9,0.2,60,0.0,0.0
2018-01-05,11.9,5.3,0.1,55,0.0,0.0
2018-01-06,14.3,6.2,6.0,51,0.0,0.0
2018-01-07,31.1,21.1,20.3,61,1.2,0.56
2018-01-08,39.3,33.3,28.9,86,0.5,0.28
2018-01-09,39.2,30.0,32.7,87,0.0,0.0
2018-01-10,51.1,41.4,41.4,95,0.1,0.0
2018-01-11,57.4,49.9,52.0,94,5.8,0.0
2018-01-12,26.1,23.1,13.1,69,1.3,0.91
2018-01-13,19.3,12.9,6.4,43,0.2,0.14
2018-01-14,21.9,12.5,9.3,51,1.4,0.98
2018-01-15,27.0,18.3,17.3,75,3.7,2.66
2018-01-16,22.9,16.1,12.2,78,1.3,0.98
2018-01-17,16.4,10.3,4.1,76,0.0,0.0
2018-01-18,30.6,22.3,17.4,65,0.0,0.0
2018-01-19,39.0,32.3,26.8,64,0.0,0.0
2018-01-20,46.3,37.7,39.1,75,0.0,0.0
2018-01-21,43.2,39.7,38.6,98,0.9,0.0
2018-01-22,54.2,47.6,45.4,92,11.4,0.0
2018-01-23,35.7,31.5,27.3,80,2.6,1.75
2018-01-24,31.7,28.4,25.3,72,0.0,0.0
2018-01-25,44.3,30.6,36.3,78,0.0,0.0
2018-01-26,51.4,42.4,38.4,66,0.5,0.0
2018-01-27,48.0,42.7,37.2,65,0.0,0.0
2018-01-28,37.4,32.7,29.9,84,0.6,0.42
2018-01-29,30.9,25.9,19.0,68,1.2,0.84
2018-01-30,31.4,22.7,20.2,54,0.0,0.0
2018-01-31,42.4,34.8,32.0,59,0.0,0.0
2018-02-01,33.2,22.1,23.7,51,0.0,0.0
2018-02-02,20.7,12.8,9.2,38,0.0,0.0
2018-02-03,37.6,28.6,24.4,45,1.3,0.91
2018-02-04,32.8,22.9,23.1,67,4.1,2.87
2018-02-05,15.2,7.8,3.8,58,4.9,3.43
2018-02-06,20.5,11.5,14.0,74,0.3,0.21
2018-02-07,19.4,16.5,10.4,80,3.8,2.59
2018-02-08,20.1,9.9,11.8,80,2.0,1.4
2018-02-09,28.7,25.6,19.6,86,10.0,7.07
2018-02-10,24.4,21.1,15.4,85,2.3,1.61
2018-02-11,24.2,20.5,15.3,83,10.5,7.42
2018-02-12,18.6,11.8,8.6,77,0.0,0.0
2018-02-13,25.4,18.8,16.8,81,0.0,0.0
2018-02-14,38.4,31.3,30.3,88,0.0,0.0
2018-02-15,41.2,38.3,37.2,95,0.1,0.0
2018-02-16,35.1,28.6,26.8,77,0.0,0.0
2018-02-17,33.9,21.3,25.4,80,3.6,2.52
2018-02-18,38.1,27.8,28.4,83,0.0,0.0
2018-02-19,57.7,45.3,51.3,92,11.9,0.0
2018-02-20,62.8,54.6,58.8,95,40.8,0.0
2018-02-21,34.3,29.4,26.4,76,6.9,0.91
2018-02-22,37.0,33.6,29.2,82,0.0,0.0
2018-02-23,44.2,39.4,35.5,90,0.9,0.0
2018-02-24,42.9,35.7,33.4,91,2.0,0.0
2018-02-25,49.6,38.5,39.7,69,3.6,0.0
2018-02-26,52.7,38.6,41.9,65,0.0,0.0
2018-02-27,59.9,47.1,50.5,60,0.1,0.0
2018-02-28,56.4,44.5,53.6,81,1.7,0.0
2018-03-01,38.1,35.6,29.9,86,19.1,0.14
2018-03-02,40.2,33.5,33.2,77,0.0,0.0
2018-03-03,37.1,32.9,29.8,79,0.0,0.0
2018-03-04,40.4,35.1,31.1,68,0.0,0.0
2018-03-05,38.5,34.3,26.0,66,3.8,2.59
2018-03-06,40.4,34.2,35.0,89,3.2,1.19
2018-03-07,32.5,29.3,23.0,68,0.3,0.21
2018-03-08,34.4,27.2,23.4,62,0.0,0.0
2018-03-09,35.1,28.3,29.1,65,0.0,0.0
2018-03-10,36.2,31.2,28.9,67,0.0,0.0
2018-03-11,35.2,31.7,27.3,77,0.0,0.0
2018-03-12,40.7,34.0,31.6,76,0.6,0.28
2018-03-13,33.4,28.9,22.6,66,1.0,0.7
2018-03-14,44.2,32.4,31.7,55,0.0,0.0
2018-03-15,41.2,34.2,36.8,75,0.0,0.0
2018-03-16,32.8,30.6,25.1,71,0.0,0.0
2018-03-17,39.2,34.1,29.9,77,1.5,1.05
2018-03-18,51.5,37.5,47.7,68,0.0,0.0
2018-03-19,41.1,36.3,30.3,75,0.0,0.0
2018-03-20,33.5,31.0,20.7,72,0.0,0.0
2018-03-21,34.7,31.5,23.4,69,0.0,0.0
2018-03-22,39.5,33.1,33.8,72,0.0,0.0
2018-03-23,37.6,33.5,30.7,73,0.0,0.0
2018-03-24,38.9,34.7,26.6,69,0.0,0.0
2018-03-25,37.8,32.0,27.6,57,0.0,0.0
2018-03-26,51.7,39.9,42.8,69,1.8,0.0
2018-03-27,50.5,47.9,46.4,91,7.4,0.0
2018-03-28,45.0,40.6,40.0,88,1.1,0.0
2018-03-29,45.7,39.9,40.5,88,0.8,0.0
2018-03-30,41.7,36.8,35.3,76,0.3,0.0
2018-03-31,56.9,42.2,45.8,73,2.0,0.0
2018-04-01,35.0,30.6,28.6,54,0.0,0.0
2018-04-02,38.7,31.9,30.4,67,0.0,0.0
2018-04-03,39.2,37.4,31.7,92,9.0,0.0
2018-04-04,36.4,31.3,24.1,64,1.5,0.98
2018-04-05,40.5,31.9,32.6,66,3.9,2.17
2018-04-06,37.1,32.5,27.0,67,1.8,1.19
2018-04-07,36.0,27.5,28.9,56,0.0,0.0
2018-04-08,34.4,30.0,28.2,66,0.6,0.42
2018-04-09,36.7,33.4,30.8,84,3.2,2.1
2018-04-10,43.5,35.6,36.8,66,0.0,0.0
2018-04-11,61.5,47.3,57.2,68,0.8,0.35
2018-04-12,71.2,54.3,67.4,72,1.2,0.0
2018-04-13,51.5,42.9,45.6,89,1.2,0.0
2018-04-14,39.1,37.6,29.4,93,25.1,0.0
2018-04-15,36.5,34.8,28.4,90,18.8,0.77
2018-04-16,36.4,31.5,24.4,71,1.2,0.77
2018-04-17,40.6,33.1,34.1,68,0.0,0.0
2018-04-18,36.8,33.8,25.7,80,8.1,3.57
2018-04-19,44.3,38.7,38.1,74,3.6,2.17
2018-04-20,52.0,41.2,47.8,64,0.0,0.0
2018-04-21,52.3,42.0,46.7,68,0.0,0.0
2018-04-22,52.3,44.4,46.0,68,0.0,0.0
2018-04-23,48.9,44.5,42.3,68,0.1,0.0
2018-04-24,54.3,47.1,53.7,92,1.8,0.0
2018-04-25,44.0,41.0,37.3,79,0.0,0.0
2018-04-26,57.7,45.3,53.3,69,0.0,0.0
2018-04-27,48.9,44.0,43.9,75,3.9,0.0
2018-04-28,43.7,39.7,34.4,71,0.0,0.0
2018-04-29,48.6,41.0,44.4,65,0.0,0.0
2018-04-30,70.9,55.5,63.3,49,0.0,0.0
2018-05-01,79.6,67.4,75.0,47,0.0,0.0
2018-05-02,80.7,71.8,76.7,62,0.5,0.0
2018-05-03,66.4,58.1,66.4,94,16.1,0.0
2018-05-04,71.4,64.9,66.8,72,4.0,0.0
2018-05-05,77.7,64.1,75.2,63,0.0,0.0
2018-05-06,62.1,52.3,59.4,76,0.0,0.0
2018-05-07,63.7,55.4,64.8,71,0.0,0.0
2018-05-08,76.6,64.3,77.0,56,0.0,0.0
2018-05-09,76.6,66.1,72.6,67,3.9,0.0
2018-05-10,64.0,59.4,62.7,82,0.0,0.0
2018-05-11,54.1,49.2,46.5,84,18.6,0.0
2018-05-12,48.2,46.5,43.4,92,18.6,0.0
2018-05-13,56.4,51.6,55.0,93,35.3,0.0
2018-05-14,81.7,61.1,82.9,89,23.8,0.0
2018-05-15,62.2,55.5,63.7,90,0.7,0.0
2018-05-16,68.1,57.8,70.6,83,0.0,0.0
2018-05-17,63.6,55.2,64.6,84,0.0,0.0
2018-05-18,62.1,57.3,58.3,81,6.2,0.0
2018-05-19,69.7,59.1,69.8,92,5.6,0.0
2018-05-20,57.1,47.1,56.9,90,7.5,0.0
2018-05-21,68.8,57.2,71.2,96,27.0,0.0
2018-05-22,57.9,54.6,58.5,97,0.8,0.0
2018-05-23,68.4,58.6,72.7,95,0.0,0.0
2018-05-24,79.1,67.4,82.1,74,0.0,0.0
2018-05-25,84.0,73.6,86.6,65,0.5,0.0
2018-05-26,82.8,73.7,91.1,78,0.0,0.0
2018-05-27,86.0,77.6,97.0,78,0.0,0.0
2018-05-28,86.9,73.7,92.6,75,0.0,0.0
2018-05-29,74.8,69.2,79.1,80,0.0,0.0
2018-05-30,74.6,70.8,81.1,93,23.0,0.0
2018-05-31,84.1,76.6,89.3,75,0.6,0.0
2018-06-01,71.7,61.2,74.8,89,0.0,0.0
2018-06-02,66.5,60.0,67.2,89,2.1,0.0
2018-06-03,73.9,66.3,69.6,72,5.0,0.0
2018-06-04,77.3,66.0,74.8,62,0.0,0.0
2018-06-05,68.8,58.9,66.6,72,2.2,0.0
2018-06-06,76.3,63.9,77.4,74,0.6,0.0
2018-06-07,69.0,63.5,71.8,87,0.0,0.0
2018-06-08,64.8,58.4,66.4,89,6.1,0.0
2018-06-09,75.4,62.1,81.0,93,21.1,0.0
2018-06-10,73.7,64.5,77.6,96,11.6,0.0
2018-06-11,69.5,63.5,70.0,93,1.5,0.0
2018-06-12,76.0,69.9,83.2,92,4.0,0.0
2018-06-13,76.7,70.7,80.5,78,0.0,0.0
2018-06-14,77.5,68.3,79.9,68,0.0,0.0
2018-06-15,83.2,72.9,87.5,75,0.2,0.0
2018-06-16,88.5,77.6,95.6,84,1.0,0.0
2018-06-17,91.1,82.6,98.5,73,0.2,0.0
2018-06-18,91.2,80.7,98.7,77,4.9,0.0
2018-06-19,75.4,67.5,81.5,94,11.7,0.0
2018-06-20,69.1,65.0,71.1,93,5.1,0.0
2018-06-21,65.6,64.2,66.7,93,74.8,0.0
2018-06-22,63.8,61.7,60.6,91,27.8,0.0
2018-06-23,74.3,67.6,78.0,77,0.5,0.0
2018-06-24,71.3,66.5,74.8,87,0.4,0.0
2018-06-25,71.6,67.5,72.9,85,0.0,0.0
2018-06-26,81.1,71.4,83.5,85,28.9,0.0
2018-06-27,73.3,69.8,76.8,88,1.5,0.0
2018-06-28,81.8,74.3,88.9,86,0.0,0.0
2018-06-29,91.3,81.6,99.0,80,0.0,0.0
2018-06-30,90.1,84.0,99.6,80,1.4,0.0
2018-07-01,89.8,80.5,93.7,80,3.2,0.0
2018-07-02,75.9,72.6,82.3,80,0.0,0.0
2018-07-03,81.7,74.3,90.1,84,1.3,0.0
2018-07-04,87.1,79.7,97.7,86,17.8,0.0
2018-07-05,88.5,77.8,100.6,89,24.8,0.0
2018-07-06,75.8,68.4,83.2,73,0.6,0.0
2018-07-07,73.7,67.3,75.3,70,0.0,0.0
2018-07-08,80.7,71.9,84.7,70,0.0,0.0
2018-07-09,89.5,77.6,91.2,64,0.0,0.0
2018-07-10,80.2,74.9,84.7,69,0.9,0.0
2018-07-11,80.6,73.5,83.7,67,0.0,0.0
2018-07-12,88.8,79.0,89.8,62,0.0,0.0
2018-07-13,90.7,80.8,94.2,56,0.0,0.0
2018-07-14,76.6,74.8,83.7,84,17.8,0.0
2018-07-15,83.4,77.9,93.4,86,3.4,0.0
2018-07-16,84.0,76.9,93.5,90,3.2,0.0
2018-07-17,75.5,71.2,77.7,75,0.0,0.0
2018-07-18,72.8,69.2,74.2,71,0.0,0.0
2018-07-19,85.0,74.6,84.3,69,0.0,0.0
2018-07-20,77.4,71.8,78.1,85,20.4,0.0
2018-07-21,70.8,69.2,72.0,91,8.1,0.0
2018-07-22,71.7,68.4,72.8,92,8.8,0.0
2018-07-23,73.1,69.7,74.6,85,0.5,0.0
2018-07-24,80.4,73.5,86.0,81,0.4,0.0
2018-07-25,81.7,75.7,86.9,72,0.0,0.0
2018-07-26,79.4,73.5,78.6,65,2.4,0.0
2018-07-27,76.0,69.0,73.7,69,1.5,0.0
2018-07-28,75.7,69.7,77.9,69,0.1,0.0
2018-07-29,76.8,70.3,79.1,69,0.0,0.0
2018-07-30,75.0,69.6,76.8,79,0.1,0.0
2018-07-31,75.9,71.1,77.5,82,1.9,0.0
2018-08-01,83.8,73.3,85.4,71,0.5,0.0
2018-08-02,83.7,74.7,85.2,70,0.2,0.0
2018-08-03,79.2,72.7,83.6,78,0.0,0.0
2018-08-04,94.1,82.0,96.3,61,0.0,0.0
2018-08-05,93.7,83.4,92.4,56,6.6,0.0
2018-08-06,84.1,75.4,90.8,86,34.0,0.0
2018-08-07,79.6,73.8,86.5,87,3.7,0.0
2018-08-08,76.2,72.0,81.1,87,3.1,0.0
2018-08-09,86.4,75.5,91.1,81,3.6,0.0
2018-08-10,78.1,73.3,84.5,88,0.5,0.0
2018-08-11,81.8,75.0,89.3,77,0.0,0.0
2018-08-12,78.6,73.9,85.8,87,0.0,0.0
2018-08-13,81.6,75.0,89.2,83,0.0,0.0
2018-08-14,86.6,77.5,91.0,71,0.0,0.0
2018-08-15,79.7,74.4,84.8,83,17.5,0.0
2018-08-16,78.9,74.3,85.5,88,4.2,0.0
2018-08-17,77.6,73.4,84.2,88,10.9,0.0
2018-08-18,75.7,72.6,80.5,90,1.5,0.0
2018-08-19,79.2,74.0,85.1,86,0.6,0.0
2018-08-20,75.7,73.0,76.8,85,17.9,0.0
2018-08-21,73.0,69.7,75.8,89,25.4,0.0
2018-08-22,76.6,68.1,73.8,66,0.0,0.0
2018-08-23,77.2,67.9,76.4,67,0.0,0.0
2018-08-24,72.3,65.7,67.8,78,9.2,0.0
2018-08-25,81.4,73.5,87.7,86,2.1,0.0
2018-08-26,88.9,78.9,96.1,85,4.0,0.0
2018-08-27,89.4,82.1,90.9,72,0.0,0.0
2018-08-28,85.6,79.1,89.4,81,18.7,0.0
2018-08-29,74.9,70.8,79.4,86,18.1,0.0
2018-08-30,68.5,65.9,68.8,74,0.0,0.0
2018-08-31,83.8,72.4,86.9,79,0.8,0.0
2018-09-01,82.9,74.8,86.9,88,19.2,0.0
2018-09-02,86.3,78.1,89.7,81,6.8,0.0
2018-09-03,85.0,76.0,94.7,87,11.2,0.0
2018-09-04,87.7,80.5,93.3,76,0.0,0.0
2018-09-05,86.7,78.2,90.4,77,2.6,0.0
2018-09-06,70.6,67.4,72.7,86,14.4,0.0
2018-09-07,67.6,66.6,70.0,87,20.8,0.0
2018-09-08,66.9,64.7,62.0,73,0.0,0.0
2018-09-09,65.8,62.3,59.2,74,0.0,0.0
2018-09-10,67.5,63.5,66.9,81,0.0,0.0
2018-09-11,75.7,65.6,76.1,82,0.0,0.0
2018-09-12,75.1,68.3,77.6,76,0.0,0.0
2018-09-13,73.5,66.9,75.1,81,0.0,0.0
2018-09-14,77.6,70.0,82.4,81,0.0,0.0
2018-09-15,75.4,70.2,78.8,83,0.0,0.0
2018-09-16,79.6,73.3,86.7,85,0.0,0.0
2018-09-17,85.9,76.8,91.9,78,0.1,0.0
2018-09-18,74.7,70.3,79.8,87,0.5,0.0
2018-09-19,71.6,67.8,73.9,87,1.6,0.0
2018-09-20,87.9,77.2,92.3,78,4.6,0.0
2018-09-21,81.8,72.7,78.4,61,1.7,0.0
2018-09-22,61.0,58.6,57.9,64,0.0,0.0
2018-09-23,67.6,61.3,65.3,75,0.0,0.0
2018-09-24,74.6,66.6,76.5,79,2.8,0.0
2018-09-25,81.7,71.3,79.1,80,2.3,0.0
2018-09-26,66.5,59.5,59.3,61,0.0,0.0
2018-09-27,68.6,59.1,61.1,60,0.0,0.0
2018-09-28,63.9,56.4,59.3,68,2.7,0.0
2018-09-29,57.5,51.9,52.9,66,2.0,0.0
2018-09-30,66.5,59.5,68.2,86,6.7,0.0
2018-10-01,72.7,63.2,71.9,87,2.1,0.0
2018-10-02,70.5,62.5,68.7,87,1.5,0.0
2018-10-03,84.0,73.4,82.6,75,0.4,0.0
2018-10-04,77.4,59.1,75.4,75,2.2,0.0
2018-10-05,69.5,60.7,71.4,86,24.2,0.0
2018-10-06,72.3,63.9,75.9,89,21.2,0.0
2018-10-07,63.0,59.9,64.4,88,15.8,0.0
2018-10-08,80.9,72.7,83.2,83,4.7,0.0
2018-10-09,81.4,74.3,83.6,80,10.2,0.0
2018-10-10,73.2,68.7,71.8,84,15.6,0.0
2018-10-11,53.1,47.0,42.0,64,0.0,0.0
2018-10-12,42.3,40.0,36.0,78,1.8,0.0
2018-10-13,51.4,42.5,44.1,79,0.0,0.0
2018-10-14,58.0,48.8,53.5,77,3.7,0.0
2018-10-15,48.4,42.5,44.1,72,3.1,0.0
2018-10-16,54.7,45.0,43.8,65,0.0,0.0
2018-10-17,49.6,44.9,40.5,63,0.0,0.0
2018-10-18,54.9,45.0,46.6,65,0.0,0.0
2018-10-19,54.0,49.1,47.8,71,2.6,0.0
2018-10-20,52.4,44.6,46.9,64,0.6,0.0
2018-10-21,47.7,38.9,37.4,60,0.0,0.0
2018-10-22,60.1,48.0,53.5,63,0.0,0.0
2018-10-23,50.1,45.3,42.6,70,0.0,0.0
2018-10-24,46.9,43.6,42.2,80,0.1,0.0
2018-10-25,48.7,44.1,43.6,76,0.0,0.0
2018-10-26,49.1,47.5,44.4,79,0.1,0.0
2018-10-27,51.7,47.6,45.8,81,0.5,0.0
2018-10-28,52.2,47.1,43.3,84,6.8,0.0
2018-10-29,52.2,46.2,46.6,80,0.0,0.0
2018-10-30,65.7,54.4,62.6,78,5.8,0.0
2018-10-31,54.5,50.8,52.4,81,7.6,0.0
2018-11-01,50.6,48.5,44.0,75,0.7,0.0
2018-11-02,45.3,43.8,39.7,80,0.8,0.0
2018-11-03,47.1,43.6,40.8,76,2.6,0.0
2018-11-04,52.2,49.2,43.6,83,13.8,0.0
2018-11-05,50.6,47.1,43.5,82,3.7,0.0
2018-11-06,49.4,46.6,44.8,81,4.7,0.0
2018-11-07,44.0,37.8,32.2,64,0.0,0.0
2018-11-08,39.5,35.0,33.5,73,0.0,0.0
2018-11-09,38.9,32.6,31.9,78,4.4,2.38
2018-11-10,31.7,25.6,23.4,64,0.0,0.0
2018-11-11,40.7,33.1,31.6,66,0.0,0.0
2018-11-12,35.1,32.6,27.2,75,0.7,0.49
2018-11-13,28.4,24.2,18.4,62,0.0,0.0
2018-11-14,32.5,27.0,25.4,72,0.0,0.0
2018-11-15,35.2,32.1,28.2,83,4.9,3.43
2018-11-16,41.9,34.9,32.1,79,0.1,0.07
2018-11-17,36.8,34.3,28.7,87,5.2,2.38
2018-11-18,36.1,33.2,28.9,84,1.6,0.63
2018-11-19,36.0,28.5,27.2,83,0.7,0.49
2018-11-20,33.9,30.4,24.7,74,0.6,0.42
2018-11-21,35.2,31.6,25.6,74,0.0,0.0
2018-11-22,38.9,33.6,28.6,77,0.0,0.0
2018-11-23,50.3,42.1,40.0,82,2.0,0.0
2018-11-24,47.2,43.7,41.2,87,4.4,0.0
2018-11-25,39.2,37.0,32.5,91,22.2,6.37
2018-11-26,35.7,29.6,19.6,84,22.3,13.65
2018-11-27,23.1,20.3,12.7,80,0.0,0.0
2018-11-28,26.3,18.0,17.5,85,0.7,0.49
2018-11-29,34.3,30.5,29.1,80,0.8,0.56
2018-11-30,38.8,34.0,34.7,89,0.5,0.0
2018-12-01,44.2,39.6,36.7,92,19.6,0.0
2018-12-02,48.0,41.9,42.3,91,6.4,0.0
2018-12-03,34.7,32.9,25.7,83,2.4,1.61
2018-12-04,31.7,29.7,25.6,81,2.1,1.54
2018-12-05,33.3,28.2,22.4,73,0.0,0.0
2018-12-06,30.6,28.1,21.9,75,0.2,0.14
2018-12-07,27.4,21.1,16.2,68,0.0,0.0
2018-12-08,28.8,24.2,22.3,68,0.0,0.0
2018-12-09,31.7,24.2,24.4,81,0.0,0.0
2018-12-10,36.1,25.2,25.6,73,0.0,0.0
2018-12-11,39.3,30.5,32.9,75,0.0,0.0
2018-12-12,41.7,34.6,30.1,74,0.4,0.21
2018-12-13,43.1,34.4,36.7,83,4.9,0.0
2018-12-14,40.6,37.7,34.4,95,6.0,0.0
2018-12-15,40.9,36.9,32.6,86,0.0,0.0
2018-12-16,48.0,35.3,39.6,81,0.0,0.0
2018-12-17,36.5,32.5,29.0,71,0.0,0.0
2018-12-18,42.1,32.8,33.6,77,0.0,0.0
2018-12-19,48.6,38.7,39.5,72,0.0,0.0
2018-12-20,48.6,42.8,44.7,89,2.1,0.0
2018-12-21,38.3,33.8,29.3,82,2.3,0.56
2018-12-22,37.1,31.7,30.5,78,0.0,0.0
2018-12-23,38.7,32.3,28.0,76,0.0,0.0
2018-12-24,32.7,27.3,25.4,66,0.0,0.0
2018-12-25,45.1,34.6,38.6,82,0.0,0.0
2018-12-26,42.1,33.6,36.2,85,0.0,0.0
2018-12-27,50.7,42.9,43.2,83,12.4,0.0
2018-12-28,50.9,38.0,42.8,80,0.7,0.35
2018-12-29,32.0,29.6,25.9,80,2.3,1.68
2018-12-30,37.7,27.1,26.9,70,0.0,0.0
2018-12-31,38.5,34.8,31.9,91,24.8,1.12
2019-01-01,34.3,30.5,25.8,84,0.9,0.63
2019-01-02,32.0,29.0,22.3,81,0.1,0.14
2019-01-03,39.8,30.1,29.9,75,0.0,0.0
2019-01-04,47.1,35.8,40.3,73,0.0,0.0
2019-01-05,50.5,38.4,43.0,81,0.0,0.0
2019-01-06,37.9,36.7,29.7,85,0.0,0.0
2019-01-07,52.9,44.8,45.6,87,11.4,0.0
2019-01-08,44.5,38.3,35.5,78,0.2,0.0
2019-01-09,24.8,21.3,11.2,51,0.0,0.0
2019-01-10,25.3,20.8,18.8,60,0.0,0.0
2019-01-11,33.4,27.8,24.4,71,0.0,0.0
2019-01-12,30.8,29.6,21.5,81,8.6,6.02
2019-01-13,30.0,28.7,21.1,79,1.1,0.77
2019-01-14,29.9,26.1,20.3,79,0.0,0.0
2019-01-15,29.8,27.0,18.8,83,0.0,0.0
2019-01-16,32.9,30.8,24.5,78,0.0,0.0
2019-01-17,35.4,31.0,29.4,84,0.4,0.28
2019-01-18,30.7,29.6,23.1,82,1.5,1.05
2019-01-19,29.3,26.5,17.6,82,10.2,7.21
2019-01-20,21.5,12.0,6.8,76,0.9,0.63
2019-01-21,10.1,8.8,1.2,75,0.7,0.56
2019-01-22,34.3,22.5,26.6,77,3.3,1.33
2019-01-23,34.7,28.6,28.7,90,11.6,1.26
2019-01-24,22.1,13.3,9.9,82,0.1,0.0
2019-01-25,6.4,0.4,-4.1,70,1.0,0.7
2019-01-26,13.4,3.9,4.8,70,1.7,1.19
2019-01-27,9.5,2.2,-2.6,73,0.0,0.0
2019-01-28,33.7,21.7,22.9,82,10.8,7.49
2019-01-29,7.9,1.4,-5.9,70,0.1,0.07
2019-01-30,-8.4,-18.4,-22.6,59,0.0,0.0
2019-01-31,0.6,-14.5,-9.5,65,1.5,1.05
2019-02-01,14.8,9.4,6.3,80,0.6,0.35
2019-02-02,39.0,29.7,30.1,87,0.0,0.0
2019-02-03,46.7,42.5,39.9,94,0.3,0.0
2019-02-04,53.2,45.3,47.6,93,4.8,0.0
2019-02-05,32.9,28.5,26.6,83,7.9,0.0
2019-02-06,36.8,34.0,29.9,93,9.1,0.0
2019-02-07,50.7,34.5,46.4,90,8.8,0.0
2019-02-08,17.2,11.0,2.3,44,0.0,0.0
2019-02-09,22.4,14.6,14.3,61,0.0,0.0
2019-02-10,29.1,25.7,21.1,66,2.4,1.68
2019-02-11,32.5,29.8,21.9,85,2.8,1.82
2019-02-12,34.3,30.9,26.8,88,12.8,4.06
2019-02-13,32.5,23.7,21.6,64,0.5,0.42
2019-02-14,49.8,38.5,42.7,68,0.0,0.0
2019-02-15,35.7,21.5,24.8,60,0.0,0.0
2019-02-16,29.6,23.5,20.3,70,0.0,0.0
2019-02-17,28.4,26.2,20.0,78,6.2,4.41
2019-02-18,27.7,25.9,18.5,77,1.4,0.98
2019-02-19,29.7,21.5,20.5,77,0.0,0.0
2019-02-20,38.0,32.0,28.3,85,4.9,2.59
2019-02-21,35.2,29.7,25.2,71,0.0,0.0
2019-02-22,34.1,29.3,26.5,82,0.0,0.0
2019-02-23,45.4,36.1,36.4,85,8.4,0.0
2019-02-24,49.7,32.1,42.0,73,2.7,0.07
2019-02-25,25.0,16.0,15.6,42,0.0,0.0
2019-02-26,24.4,22.1,13.0,65,0.1,0.07
2019-02-27,34.6,26.6,24.9,66,1.1,0.77
2019-02-28,25.7,21.1,18.1,68,0.0,0.0
2019-03-01,31.8,27.7,23.7,78,0.0,0.0
2019-03-02,31.6,29.3,24.2,77,0.3,0.21
2019-03-03,27.1,21.0,18.8,57,0.4,0.35
2019-03-04,17.6,7.8,2.8,42,0.0,0.0
2019-03-05,23.7,15.1,10.1,43,0.0,0.0
2019-03-06,33.6,20.4,19.7,48,0.0,0.0
2019-03-07,25.7,22.2,17.5,68,0.0,0.0
2019-03-08,35.2,28.3,27.2,80,0.2,0.21
2019-03-09,41.8,35.2,33.5,84,26.7,0.0
2019-03-10,45.0,37.2,32.6,74,0.2,0.0
2019-03-11,43.1,31.5,33.3,58,0.0,0.0
2019-03-12,51.0,35.8,41.4,63,0.0,0.0
2019-03-13,60.1,48.6,54.1,76,3.4,0.0
2019-03-14,60.1,51.8,53.4,82,13.0,0.0
2019-03-15,39.9,37.5,28.0,75,1.8,0.14
2019-03-16,41.3,32.4,34.0,71,0.0,0.0
2019-03-17,43.0,33.3,35.3,76,0.6,0.42
2019-03-18,41.5,33.9,33.9,73,0.0,0.0
2019-03-19,49.9,38.1,41.4,65,0.0,0.0
2019-03-20,46.0,40.7,40.8,81,7.3,0.14
2019-03-21,45.9,38.4,39.9,87,1.1,0.0
2019-03-22,41.5,35.7,32.0,76,0.0,0.0
2019-03-23,46.2,35.3,40.3,81,0.0,0.0
2019-03-24,46.7,40.1,43.7,84,6.1,0.0
2019-03-25,36.2,34.3,25.1,72,0.0,0.0
2019-03-26,40.0,34.1,33.5,61,0.0,0.0
2019-03-27,55.6,41.9,45.5,56,1.0,0.0
2019-03-28,65.7,49.0,61.6,76,2.8,0.0
2019-03-29,45.9,40.5,41.4,81,8.1,0.0
2019-03-30,41.9,37.0,32.2,80,10.9,0.28
2019-03-31,37.5,30.3,28.8,55,0.1,0.07
2019-04-01,48.7,36.5,37.1,63,0.0,0.0
2019-04-02,54.2,43.1,43.8,65,0.0,0.0
2019-04-03,57.4,45.5,49.0,62,1.2,0.0
2019-04-04,44.8,41.7,40.5,91,12.2,0.0
2019-04-05,49.9,43.1,47.2,91,0.8,0.0
2019-04-06,55.0,47.4,53.5,94,0.0,0.0
2019-04-07,65.8,57.1,63.4,83,1.9,0.0
2019-04-08,62.9,57.3,63.3,78,0.0,0.0
2019-04-09,63.2,53.8,60.3,60,0.0,0.0
2019-04-10,40.0,37.6,30.1,84,3.1,0.0
2019-04-11,58.2,45.6,51.2,80,4.0,0.0
2019-04-12,57.2,48.1,53.6,61,7.3,0.0
2019-04-13,51.4,42.2,43.9,58,0.0,0.0
2019-04-14,38.8,35.1,29.7,87,19.3,12.18
2019-04-15,50.8,40.4,44.8,71,0.2,0.07
2019-04-16,73.0,53.6,70.7,72,0.0,0.0
2019-04-17,68.6,56.9,67.1,81,1.4,0.0
2019-04-18,64.1,53.2,59.0,87,9.7,0.0
2019-04-19,43.3,41.5,32.9,76,0.8,0.0
2019-04-20,53.9,44.8,43.8,61,0.0,0.0
2019-04-21,70.1,54.9,67.4,59,0.0,0.0
2019-04-22,73.5,62.4,68.6,63,0.2,0.0
2019-04-23,62.5,51.7,56.9,84,0.2,0.0
2019-04-24,57.3,48.3,52.5,77,0.2,0.0
2019-04-25,57.8,51.8,56.6,77,0.1,0.0
2019-04-26,61.8,53.7,52.8,60,2.4,0.0
2019-04-27,46.8,37.9,37.8,82,20.3,13.23
2019-04-28,41.5,38.8,37.0,73,0.1,0.0
2019-04-29,53.7,47.4,53.4,86,15.8,0.0
2019-04-30,48.4,43.9,45.0,93,15.5,0.0
2019-05-01,66.0,51.4,63.0,90,38.7,0.0
2019-05-02,45.2,42.5,38.0,92,11.9,0.0
2019-05-03,48.6,44.5,43.7,89,0.5,0.0
2019-05-04,54.2,46.6,51.1,83,0.0,0.0
2019-05-05,70.6,56.5,69.5,69,0.0,0.0
2019-05-06,64.2,51.7,61.2,82,0.4,0.0
2019-05-07,47.0,44.9,39.0,85,13.3,0.0
2019-05-08,63.0,52.7,56.4,79,2.3,0.0
2019-05-09,68.2,60.5,64.8,81,18.2,0.0
2019-05-10,50.6,47.2,46.9,71,0.0,0.0
2019-05-11,49.4,45.9,42.6,78,3.8,0.0
2019-05-12,48.1,44.9,41.0,82,4.7,0.0
2019-05-13,52.8,47.2,49.7,82,0.0,0.0
2019-05-14,62.3,51.8,61.3,72,0.0,0.0
2019-05-15,65.1,57.5,66.1,78,0.0,0.0
2019-05-16,80.9,66.3,78.6,80,28.0,0.0
2019-05-17,63.3,49.4,63.1,86,2.2,0.0
2019-05-18,82.1,63.5,81.4,77,0.0,0.0
2019-05-19,74.5,67.2,71.8,78,9.4,0.0
2019-05-20,56.8,50.5,50.1,73,0.0,0.0
2019-05-21,52.6,49.7,43.7,79,8.9,0.0
2019-05-22,80.2,65.8,76.7,71,20.0,0.0
2019-05-23,74.0,68.2,70.6,70,4.2,0.0
2019-05-24,77.7,63.0,80.5,82,16.3,0.0
2019-05-25,80.9,73.5,81.6,77,2.2,0.0
2019-05-26,68.7,59.8,69.9,89,9.0,0.0
2019-05-27,72.1,61.6,72.2,87,13.0,0.0
2019-05-28,68.3,57.1,68.9,92,9.3,0.0
2019-05-29,64.6,55.4,67.0,93,15.8,0.0
2019-05-30,70.4,62.9,71.7,90,12.9,0.0
2019-05-31,81.3,70.4,82.1,74,0.0,0.0
2019-06-01,79.0,66.0,83.7,84,5.3,0.0
2019-06-02,60.6,55.0,57.9,79,0.0,0.0
2019-06-03,59.1,53.7,57.7,70,0.0,0.0
2019-06-04,79.1,67.4,80.7,74,7.9,0.0
2019-06-05,81.3,68.4,85.0,87,8.2,0.0
2019-06-06,60.6,55.8,59.5,96,0.0,0.0
2019-06-07,63.9,57.1,65.3,93,0.0,0.0
2019-06-08,67.7,63.5,65.9,77,0.0,0.0
2019-06-09,68.6,63.4,72.7,94,4.2,0.0
2019-06-10,69.2,63.7,69.5,76,0.9,0.0
2019-06-11,77.2,66.9,75.6,58,0.0,0.0
2019-06-12,70.1,64.4,65.8,68,10.4,0.0
2019-06-13,62.5,56.8,61.1,76,16.7,0.0
2019-06-14,75.1,64.3,69.8,61,0.3,0.0
2019-06-15,71.2,66.0,74.0,86,24.8,0.0
2019-06-16,62.2,58.0,64.2,94,17.6,0.0
2019-06-17,60.9,56.4,60.8,92,0.2,0.0
2019-06-18,70.5,62.0,73.9,91,0.1,0.0
2019-06-19,64.9,59.0,67.5,95,10.0,0.0
2019-06-20,60.4,55.8,56.5,90,15.3,0.0
2019-06-21,65.8,58.4,66.1,77,0.5,0.0
2019-06-22,74.5,65.4,74.9,82,0.3,0.0
2019-06-23,76.1,69.7,79.8,89,13.5,0.0
2019-06-24,74.8,69.8,74.6,88,5.8,0.0
2019-06-25,83.0,72.5,82.8,71,0.8,0.0
2019-06-26,80.4,73.6,85.6,76,0.0,0.0
2019-06-27,86.4,75.1,93.8,85,4.3,0.0
2019-06-28,87.3,76.1,89.6,84,0.4,0.0
2019-06-29,74.7,71.1,82.1,95,0.0,0.0
2019-06-30,80.8,74.5,89.8,85,4.6,0.0
2019-07-01,84.4,76.3,94.3,85,0.4,0.0
2019-07-02,86.8,78.1,92.5,81,15.1,0.0
2019-07-03,79.1,71.5,85.1,96,0.1,0.0
2019-07-04,86.5,76.2,92.8,83,1.8,0.0
2019-07-05,86.6,78.9,96.6,84,5.7,0.0
2019-07-06,71.5,67.0,79.4,92,9.6,0.0
2019-07-07,68.6,64.6,67.7,84,0.2,0.0
2019-07-08,72.6,66.9,75.3,74,0.0,0.0
2019-07-09,82.0,73.9,85.0,73,0.0,0.0
2019-07-10,92.8,81.8,99.6,68,3.3,0.0
2019-07-11,75.8,71.2,77.3,74,0.0,0.0
2019-07-12,84.8,72.4,83.6,64,0.0,0.0
2019-07-13,93.1,80.6,96.9,61,1.0,0.0
2019-07-14,81.9,76.4,85.5,71,2.1,0.0
2019-07-15,91.2,81.6,92.3,65,0.0,0.0
2019-07-16,80.9,75.7,88.4,83,8.9,0.0
2019-07-17,85.0,78.5,97.1,87,1.1,0.0
2019-07-18,89.2,79.1,95.6,85,11.5,0.0
2019-07-19,90.8,81.9,97.9,83,4.0,0.0
2019-07-20,92.5,82.8,97.6,78,0.6,0.0
2019-07-21,76.3,71.9,84.0,88,8.2,0.0
2019-07-22,69.7,67.1,67.5,70,0.0,0.0
2019-07-23,75.7,68.1,77.4,71,0.5,0.0
2019-07-24,75.4,69.5,75.8,66,0.0,0.0
2019-07-25,81.3,71.8,83.6,62,0.0,0.0
2019-07-26,82.9,74.2,82.0,67,0.0,0.0
2019-07-27,87.4,77.9,85.8,64,0.8,0.0
2019-07-28,88.9,80.2,90.2,64,1.5,0.0
2019-07-29,80.8,75.0,85.3,81,12.0,0.0
2019-07-30,72.5,70.4,74.0,79,0.0,0.0
2019-07-31,70.3,67.3,69.8,73,0.0,0.0
2019-08-01,75.6,69.0,77.4,74,0.0,0.0
2019-08-02,79.4,72.1,81.6,72,0.0,0.0
2019-08-03,84.5,75.3,84.2,65,0.0,0.0
2019-08-04,80.6,75.2,87.7,77,1.9,0.0
2019-08-05,89.2,79.2,92.6,67,0.5,0.0
2019-08-06,77.3,74.2,80.7,77,3.8,0.0
2019-08-07,86.8,76.8,87.7,68,0.0,0.0
2019-08-08,86.7,77.6,85.2,63,0.0,0.0
2019-08-09,78.7,71.8,80.9,62,0.0,0.0
2019-08-10,81.4,72.9,84.1,63,0.0,0.0
2019-08-11,85.5,76.0,87.3,65,1.1,0.0
2019-08-12,78.2,74.1,85.3,90,30.4,0.0
2019-08-13,76.7,72.9,80.9,87,0.3,0.0
2019-08-14,78.2,71.3,86.4,85,8.7,0.0
2019-08-15,72.5,69.6,74.6,81,0.3,0.0
2019-08-16,80.7,72.4,83.6,80,1.4,0.0
2019-08-17,75.7,71.7,80.5,88,2.0,0.0
2019-08-18,82.5,74.1,83.3,79,4.8,0.0
2019-08-19,80.3,74.5,87.2,85,1.8,0.0
2019-08-20,80.1,74.6,87.5,91,3.9,0.0
2019-08-21,82.0,73.8,87.4,85,1.2,0.0
2019-08-22,74.6,70.2,77.2,78,0.6,0.0
2019-08-23,69.7,66.5,67.7,73,0.0,0.0
2019-08-24,70.5,66.9,69.0,71,0.0,0.0
2019-08-25,74.8,68.2,73.6,70,0.0,0.0
2019-08-26,76.5,70.6,79.3,86,23.2,0.0
2019-08-27,79.5,71.6,77.6,74,0.0,0.0
2019-08-28,74.8,67.4,68.7,62,0.0,0.0
2019-08-29,83.2,70.7,80.8,73,0.5,0.0
2019-08-30,70.6,66.8,70.2,68,0.0,0.0
2019-08-31,71.6,66.9,70.7,69,2.8,0.0
2019-09-01,71.6,66.8,74.3,85,11.5,0.0
2019-09-02,78.3,71.0,83.7,82,0.3,0.0
2019-09-03,80.8,71.9,83.3,86,8.7,0.0
2019-09-04,70.8,64.2,70.0,76,0.1,0.0
2019-09-05,69.3,63.7,71.1,78,0.0,0.0
2019-09-06,74.3,67.0,73.8,80,1.2,0.0
2019-09-07,77.3,66.9,77.4,76,0.0,0.0
2019-09-08,65.8,63.9,65.1,80,6.7,0.0
2019-09-09,73.7,67.2,76.6,87,1.4,0.0
2019-09-10,88.3,77.2,90.5,79,7.1,0.0
2019-09-11,86.2,76.8,92.4,86,15.7,0.0
2019-09-12,76.1,70.3,81.2,93,11.7,0.0
2019-09-13,78.5,71.8,78.0,78,7.6,0.0
2019-09-14,80.0,68.5,81.3,71,0.0,0.0
2019-09-15,78.3,71.4,83.1,80,6.1,0.0
2019-09-16,70.7,68.5,76.0,95,0.3,0.0
2019-09-17,73.0,68.2,77.1,91,0.0,0.0
2019-09-18,76.8,69.8,80.5,79,0.0,0.0
2019-09-19,80.2,71.3,86.2,71,0.0,0.0
2019-09-20,77.6,72.1,84.2,87,3.3,0.0
2019-09-21,82.0,74.9,81.7,83,8.9,0.0
2019-09-22,80.2,71.7,76.5,83,27.4,0.0
2019-09-23,73.0,65.7,68.1,73,0.1,0.0
2019-09-24,77.8,66.8,74.6,73,0.0,0.0
2019-09-25,78.2,69.1,75.8,67,0.0,0.0
2019-09-26,70.3,63.4,66.1,57,0.0,0.0
2019-09-27,71.9,65.6,74.9,72,34.4,0.0
2019-09-28,66.9,62.5,70.1,88,14.2,0.0
2019-09-29,68.3,63.8,72.1,93,16.9,0.0
2019-09-30,84.9,75.7,87.3,81,0.0,0.0
2019-10-01,85.4,78.0,88.9,76,0.3,0.0
2019-10-02,76.8,65.2,79.8,90,21.6,0.0
2019-10-03,66.5,62.5,68.8,80,28.5,0.0
2019-10-04,57.5,54.6,51.8,76,0.6,0.0
2019-10-05,64.1,56.8,60.1,76,3.1,0.0
2019-10-06,66.5,59.6,60.1,67,0.1,0.0
2019-10-07,67.7,57.9,63.2,67,0.0,0.0
2019-10-08,68.3,57.8,65.3,73,0.0,0.0
2019-10-09,66.6,59.5,63.3,69,0.0,0.0
2019-10-10,69.3,62.9,68.2,79,3.8,0.0
2019-10-11,66.1,55.4,65.3,81,23.0,0.0
2019-10-12,53.3,44.6,40.4,53,0.0,0.0
2019-10-13,53.3,45.8,41.8,67,0.0,0.0
2019-10-14,52.3,45.1,46.0,70,0.0,0.0
2019-10-15,66.5,53.2,62.6,77,2.5,0.0
2019-10-16,52.8,48.2,42.8,67,0.0,0.0
2019-10-17,52.0,46.6,46.5,75,0.0,0.0
2019-10-18,57.4,48.2,50.9,78,0.0,0.0
2019-10-19,65.5,54.9,60.3,69,0.0,0.0
2019-10-20,55.5,52.5,52.5,91,0.1,0.0
2019-10-21,63.1,58.0,56.8,78,6.3,0.0
2019-10-22,51.8,49.7,39.9,66,1.4,0.0
2019-10-23,58.0,49.0,51.2,65,1.3,0.0
2019-10-24,50.4,46.4,46.6,81,0.1,0.0
2019-10-25,50.1,45.0,45.2,81,0.0,0.0
2019-10-26,49.8,45.7,41.1,90,44.7,0.0
2019-10-27,57.4,49.8,51.1,79,6.6,0.0
2019-10-28,52.2,47.1,49.9,88,0.6,0.0
2019-10-29,47.2,41.5,44.3,79,4.0,0.0
2019-10-30,43.1,40.2,33.2,86,18.8,2.8
2019-10-31,41.8,34.8,31.5,87,24.0,7.7
2019-11-01,44.7,34.1,34.0,74,0.4,0.0
2019-11-02,43.0,37.7,32.6,79,0.4,0.0
2019-11-03,51.2,40.6,40.4,69,0.2,0.0
2019-11-04,52.1,46.5,43.5,65,0.0,0.0
2019-11-05,41.5,36.5,31.4,64,0.0,0.0
2019-11-06,54.3,39.5,46.8,72,0.9,0.21
2019-11-07,33.1,28.2,21.8,62,0.9,0.63
2019-11-08,32.6,25.7,22.6,54,0.0,0.0
2019-11-09,46.1,36.0,36.6,61,0.0,0.0
2019-11-10,41.1,38.5,33.3,83,1.1,0.0
2019-11-11,37.2,27.4,27.9,80,12.4,6.65
2019-11-12,15.6,11.3,4.1,64,0.0,0.0
2019-11-13,27.4,19.7,16.5,55,0.2,0.14
2019-11-14,33.4,28.4,24.9,72,0.2,0.14
2019-11-15,42.0,30.4,35.3,74,0.0,0.0
2019-11-16,38.5,34.8,30.5,80,0.0,0.0
2019-11-17,40.3,33.7,33.3,83,1.2,0.0
2019-11-18,40.7,36.9,34.8,88,0.1,0.0
2019-11-19,40.5,35.5,35.8,92,1.3,0.0
2019-11-20,47.4,39.6,41.3,90,0.0,0.0
2019-11-21,55.3,46.6,46.3,84,6.2,0.0
2019-11-22,39.8,33.4,31.0,74,0.0,0.0
2019-11-23,41.6,31.8,33.4,81,0.0,0.0
2019-11-24,48.8,39.7,40.3,79,0.0,0.0
2019-11-25,51.3,42.2,45.3,84,0.0,0.0
2019-11-26,46.9,40.5,40.0,88,9.8,0.0
2019-11-27,54.1,43.3,46.6,76,8.5,0.0
2019-11-28,37.5,34.4,30.8,75,0.0,0.0
2019-11-29,38.4,37.6,33.3,87,0.8,0.0
2019-11-30,38.8,37.4,30.3,90,13.2,0.0
2019-12-01,40.6,38.0,34.7,93,8.7,0.7
2019-12-02,35.8,32.5,27.5,78,0.3,0.21
2019-12-03,41.4,32.8,31.1,80,0.0,0.0
2019-12-04,42.7,36.1,30.4,72,0.0,0.0
2019-12-05,45.0,35.6,37.1,79,0.0,0.0
2019-12-06,40.3,35.2,32.4,80,0.0,0.0
2019-12-07,38.1,31.5,28.2,78,0.0,0.0
2019-12-08,46.6,40.5,39.7,79,0.0,0.0
2019-12-09,48.5,43.0,41.1,90,6.6,0.0
2019-12-10,25.5,20.8,11.4,54,0.0,0.0
2019-12-11,25.9,19.5,16.5,58,0.3,0.21
2019-12-12,45.1,33.1,31.5,64,0.0,0.0
2019-12-13,43.6,36.5,37.0,75,0.0,0.0
2019-12-14,34.9,31.4,28.1,83,0.0,0.0
2019-12-15,28.1,24.2,20.6,67,0.3,0.21
2019-12-16,32.0,28.9,23.3,82,0.7,0.49
2019-12-17,32.9,26.7,20.9,70,0.0,0.0
2019-12-18,27.4,19.3,17.5,44,0.1,0.07
2019-12-19,40.6,26.6,31.4,53,0.0,0.0
2019-12-20,41.9,30.3,33.4,79,0.0,0.0
2019-12-21,45.8,35.9,37.1,73,0.0,0.0
2019-12-22,49.4,38.7,40.4,73,0.0,0.0
2019-12-23,50.6,39.7,45.4,76,0.0,0.0
2019-12-24,51.8,39.5,44.6,89,0.0,0.0
2019-12-25,56.5,46.3,50.9,82,0.0,0.0
2019-12-26,60.9,53.3,55.7,85,0.0,0.0
2019-12-27,42.7,36.5,35.9,80,0.0,0.0
2019-12-28,46.6,36.5,39.1,91,1.1,0.0
2019-12-29,59.3,53.2,54.6,92,17.8,0.0
2019-12-30,49.0,35.0,45.1,77,7.0,0.7
2019-12-31,31.2,27.4,18.7,72,2.8,1.96
2020-01-01,40.9,31.2,30.2,73,0.0,0.0
2020-01-02,49.0,41.5,40.9,71,0.0,0.0
2020-01-03,39.8,35.6,33.5,88,0.0,0.0
2020-01-04,35.0,31.6,26.4,76,2.0,1.4
2020-01-05,45.0,32.3,32.9,75,0.1,0.07
2020-01-06,40.1,32.4,29.5,65,0.0,0.0
2020-01-07,40.6,33.2,29.5,69,0.2,0.14
2020-01-08,29.2,21.8,17.1,56,0.0,0.0
2020-01-09,48.4,38.4,35.1,64,0.3,0.0
2020-01-10,46.8,42.1,44.2,96,10.4,0.0
2020-01-11,37.0,33.7,25.6,88,37.8,4.48
2020-01-12,31.7,29.1,24.7,84,0.3,0.21
2020-01-13,34.4,32.4,27.1,83,0.0,0.0
2020-01-14,43.4,35.2,33.7,88,0.0,0.0
2020-01-15,35.7,31.9,29.7,94,0.7,0.0
2020-01-16,31.6,22.6,20.6,60,0.0,0.0
2020-01-17,29.0,25.5,17.1,70,5.6,3.92
2020-01-18,36.2,27.8,26.2,82,9.2,1.33
2020-01-19,20.5,11.4,9.5,61,0.0,0.0
2020-01-20,29.2,24.3,18.9,78,0.3,0.21
2020-01-21,31.7,22.6,21.4,71,0.0,0.0
2020-01-22,35.8,28.3,25.0,63,0.0,0.0
2020-01-23,33.5,31.7,26.1,84,5.7,3.78
2020-01-24,37.8,35.2,33.4,96,10.5,1.82
2020-01-25,34.9,33.3,26.3,95,7.6,4.41
2020-01-26,35.4,31.9,25.8,88,0.2,0.14
2020-01-27,35.2,31.1,29.6,88,0.0,0.0
2020-01-28,33.5,31.4,27.3,82,0.2,0.14
2020-01-29,33.1,31.3,26.8,79,0.0,0.0
2020-01-30,35.2,31.9,28.2,79,0.0,0.0
2020-01-31,38.8,33.6,31.4,79,0.8,0.56
2020-02-01,38.5,34.1,27.6,87,1.1,0.56
2020-02-02,52.9,42.5,42.0,70,0.0,0.0
2020-02-03,40.4,35.4,32.6,89,0.0,0.0
2020-02-04,35.9,33.7,24.5,78,0.0,0.0
2020-02-05,30.0,28.6,18.5,69,3.4,2.31
2020-02-06,30.1,28.9,19.4,77,4.8,3.36
2020-02-07,33.4,27.5,24.2,71,1.2,0.84
2020-02-08,33.8,26.5,26.6,79,0.0,0.0
2020-02-09,35.3,28.0,27.6,88,4.6,3.01
2020-02-10,34.6,29.2,26.7,88,0.0,0.0
2020-02-11,35.8,28.9,23.6,71,0.0,0.0
2020-02-12,37.8,29.1,28.3,80,5.6,3.85
2020-02-13,30.3,18.1,24.1,78,3.1,2.17
2020-02-14,11.3,1.8,1.0,63,0.0,0.0
2020-02-15,33.9,20.9,22.6,70,0.0,0.0
2020-02-16,31.8,24.5,25.9,84,0.0,0.0
2020-02-17,37.7,31.5,27.8,86,5.6,0.7
2020-02-18,37.7,33.9,28.9,79,1.1,0.0
2020-02-19,26.4,21.6,18.7,57,0.0,0.0
2020-02-20,22.3,17.1,12.4,47,0.0,0.0
2020-02-21,37.9,23.8,23.7,40,0.0,0.0
2020-02-22,48.3,35.2,37.6,51,0.0,0.0
2020-02-23,53.6,40.3,45.2,62,0.0,0.0
2020-02-24,37.9,35.5,29.9,85,1.2,0.0
2020-02-25,35.6,34.5,26.4,88,4.8,3.01
2020-02-26,32.5,29.6,19.1,76,3.4,2.38
2020-02-27,31.3,25.7,18.4,61,0.0,0.0
2020-02-28,29.8,22.1,18.4,55,0.0,0.0
2020-02-29,37.5,25.2,27.2,45,0.0,0.0
2020-03-01,57.3,41.7,48.6,65,0.0,0.0
2020-03-02,46.6,38.6,40.2,84,0.0,0.0
2020-03-03,48.9,37.9,36.5,73,0.3,0.0
2020-03-04,44.2,37.2,37.4,71,1.3,0.56
2020-03-05,51.3,39.5,40.0,63,0.1,0.0
2020-03-06,35.2,32.0,24.9,72,0.3,0.07
2020-03-07,48.5,35.3,36.9,64,0.0,0.0
2020-03-08,59.9,47.6,48.5,47,0.0,0.0
2020-03-09,54.6,51.4,47.1,74,15.2,0.0
2020-03-10,52.1,37.7,45.9,86,2.4,0.0
2020-03-11,47.5,39.7,42.5,83,0.1,0.07
2020-03-12,59.1,46.4,52.2,84,0.3,0.0
2020-03-13,47.5,40.3,35.0,57,0.0,0.0
2020-03-14,36.8,34.7,30.4,76,2.1,1.47
2020-03-15,36.1,33.5,28.0,80,0.0,0.0
2020-03-16,40.2,35.5,33.1,86,1.0,0.14
2020-03-17,41.3,36.8,36.8,72,0.0,0.0
2020-03-18,45.6,39.0,39.2,84,10.4,0.0
2020-03-19,60.6,46.3,54.7,94,12.3,0.0
2020-03-20,59.2,40.7,54.0,78,9.1,0.0
2020-03-21,30.9,28.2,20.0,66,0.0,0.0
2020-03-22,36.0,31.7,26.7,77,4.9,3.43
2020-03-23,40.4,34.7,36.1,89,1.5,1.05
2020-03-24,40.3,35.1,35.0,90,0.0,0.0
2020-03-25,59.4,43.8,52.8,83,0.1,0.0
2020-03-26,48.5,42.7,45.5,91,7.0,0.0
2020-03-27,47.3,41.3,40.5,95,7.0,0.0
2020-03-28,63.9,49.6,60.4,95,9.9,0.0
2020-03-29,63.2,49.5,56.9,67,0.8,0.0
2020-03-30,47.9,42.2,42.0,74,0.0,0.0
2020-03-31,39.0,37.3,29.9,86,0.0,0.0
2020-04-01,44.9,38.9,38.9,90,0.0,0.0
2020-04-02,45.6,39.8,42.2,91,0.0,0.0
2020-04-03,58.6,49.3,56.5,79,0.1,0.0
2020-04-04,56.0,42.0,51.9,86,2.4,0.0
2020-04-05,41.8,37.8,34.9,82,0.0,0.0
2020-04-06,55.7,45.5,51.5,80,1.5,0.0
2020-04-07,74.9,62.3,71.1,83,14.3,0.0
2020-04-08,56.3,48.2,52.4,96,2.5,0.0
2020-04-09,46.9,42.5,37.4,53,0.2,0.0
2020-04-10,45.4,38.9,40.5,64,0.0,0.0
2020-04-11,61.4,49.4,54.0,63,2.7,0.0
2020-04-12,65.1,54.4,59.9,81,3.1,0.0
2020-04-13,54.1,41.1,49.6,63,1.1,0.0
2020-04-14,40.9,34.1,27.0,55,1.0,0.7
2020-04-15,38.6,32.5,29.5,65,2.5,1.75
2020-04-16,46.8,36.0,36.6,55,0.0,0.0
2020-04-17,38.3,35.1,32.1,83,7.5,4.9
2020-04-18,55.7,43.8,43.9,65,0.0,0.0
2020-04-19,56.3,46.0,52.0,68,0.2,0.0
2020-04-20,60.1,47.6,51.1,64,1.1,0.0
2020-04-21,49.2,42.1,40.7,51,0.0,0.0
2020-04-22,57.4,46.1,52.7,71,2.9,0.42
2020-04-23,54.6,47.2,53.1,91,1.2,0.0
2020-04-24,44.9,42.0,38.2,89,1.0,0.0
2020-04-25,44.7,42.5,36.0,85,17.5,0.0
2020-04-26,52.7,45.0,45.2,72,0.0,0.0
2020-04-27,65.0,51.5,56.7,69,3.2,0.0
2020-04-28,67.2,59.1,67.8,87,11.0,0.0
2020-04-29,61.0,52.4,58.9,93,41.6,0.0
2020-04-30,48.0,44.0,40.3,81,9.6,0.0
2020-05-01,58.2,48.7,56.0,69,0.4,0.0
2020-05-02,74.8,63.0,74.1,64,0.0,0.0
2020-05-03,67.6,59.2,64.4,60,0.0,0.0
2020-05-04,45.1,41.4,34.7,79,0.0,0.0
2020-05-05,46.3,43.4,39.7,77,6.1,0.0
2020-05-06,54.5,47.0,49.9,58,0.0,0.0
2020-05-07,63.6,49.9,54.8,63,0.0,0.0
2020-05-08,42.8,38.8,38.2,66,0.0,0.0
2020-05-09,55.0,43.5,47.5,58,0.0,0.0
2020-05-10,51.1,44.5,44.2,75,7.6,0.0
2020-05-11,46.8,41.4,40.3,75,0.1,0.0
2020-05-12,57.1,46.0,52.0,64,0.0,0.0
2020-05-13,63.2,52.8,56.5,56,0.0,0.0
2020-05-14,71.6,60.7,72.8,88,17.6,0.0
2020-05-15,67.5,60.6,71.8,92,8.0,0.0
2020-05-16,54.8,50.0,52.6,90,0.2,0.0
2020-05-17,68.3,59.2,66.6,93,61.4,0.0
2020-05-18,64.4,56.5,64.0,91,0.3,0.0
2020-05-19,58.2,53.2,52.4,95,1.9,0.0
2020-05-20,59.7,54.2,56.7,84,0.0,0.0
2020-05-21,60.4,54.6,58.7,83,0.3,0.0
2020-05-22,61.9,55.8,61.8,95,0.0,0.0
2020-05-23,72.0,62.9,72.9,90,19.0,0.0
2020-05-24,81.9,71.3,90.6,81,0.0,0.0
2020-05-25,81.2,73.9,85.0,82,1.1,0.0
2020-05-26,79.4,73.8,85.1,84,2.7,0.0
2020-05-27,77.7,71.9,83.6,88,3.9,0.0
2020-05-28,75.5,69.0,75.7,90,13.8,0.0
2020-05-29,72.0,64.4,70.5,76,6.0,0.0
2020-05-30,62.6,58.2,63.4,79,1.3,0.0
2020-05-31,58.3,53.9,56.7,65,0.0,0.0
2020-06-01,69.4,61.4,64.4,64,1.2,0.0
2020-06-02,85.9,76.2,87.7,65,0.0,0.0
2020-06-03,78.8,73.2,80.9,76,1.6,0.0
2020-06-04,79.8,73.2,86.6,83,0.6,0.0
2020-06-05,85.6,75.5,89.6,76,0.2,0.0
2020-06-06,68.9,63.1,67.1,78,0.0,0.0
2020-06-07,70.5,63.0,71.5,75,0.0,0.0
2020-06-08,83.3,73.3,81.9,56,0.0,0.0
2020-06-09,86.0,75.8,84.9,68,15.1,0.0
2020-06-10,82.5,73.3,83.4,78,2.1,0.0
2020-06-11,77.4,68.3,73.3,57,0.0,0.0
2020-06-12,70.8,62.3,72.8,75,0.0,0.0
2020-06-13,61.8,57.3,57.0,74,1.9,0.0
2020-06-14,64.0,59.3,60.6,66,0.0,0.0
2020-06-15,67.8,61.6,65.2,63,0.0,0.0
2020-06-16,77.3,67.4,78.6,70,0.0,0.0
2020-06-17,81.4,71.6,80.1,57,0.0,0.0
2020-06-18,82.8,73.5,81.8,54,0.0,0.0
2020-06-19,87.5,77.9,89.3,53,0.0,0.0
2020-06-20,88.9,79.5,87.0,59,7.3,0.0
2020-06-21,76.9,72.7,83.8,88,8.9,0.0
2020-06-22,82.6,72.9,87.1,85,23.8,0.0
2020-06-23,75.3,68.1,72.4,75,2.5,0.0
2020-06-24,74.9,67.0,76.1,76,3.0,0.0
2020-06-25,74.7,68.9,79.1,77,0.5,0.0
2020-06-26,86.2,73.8,88.4,78,18.9,0.0
2020-06-27,84.5,76.2,93.8,85,1.0,0.0
2020-06-28,75.6,72.7,83.3,94,5.8,0.0
2020-06-29,84.7,76.0,93.4,85,3.4,0.0
2020-06-30,81.0,75.5,90.6,91,5.9,0.0
2020-07-01,79.3,74.5,84.4,81,0.0,0.0
2020-07-02,81.0,74.3,87.8,80,0.0,0.0
2020-07-03,83.7,75.6,88.4,72,0.0,0.0
2020-07-04,80.1,74.3,87.0,82,0.0,0.0
2020-07-05,85.1,77.6,88.8,72,0.0,0.0
2020-07-06,90.5,82.3,95.4,61,0.3,0.0
2020-07-07,89.9,82.7,98.1,63,3.2,0.0
2020-07-08,86.8,80.8,94.3,75,0.5,0.0
2020-07-09,92.8,83.4,95.9,67,3.1,0.0
2020-07-10,83.3,76.1,86.1,78,19.0,0.0
2020-07-11,85.1,76.6,87.7,68,1.9,0.0
2020-07-12,73.0,70.7,78.8,83,6.5,0.0
2020-07-13,76.6,70.7,78.8,78,0.6,0.0
2020-07-14,85.4,75.1,86.6,65,0.0,0.0
2020-07-15,85.7,76.9,87.2,68,58.1,0.0
2020-07-16,75.7,72.9,81.1,85,12.1,0.0
2020-07-17,85.5,76.2,90.2,76,0.0,0.0
2020-07-18,90.6,80.7,94.7,79,0.0,0.0
2020-07-19,87.8,79.4,91.1,75,13.1,0.0
2020-07-20,79.3,74.2,86.2,73,0.0,0.0
2020-07-21,81.1,75.2,85.1,76,4.7,0.0
2020-07-22,83.4,76.3,88.9,84,1.5,0.0
2020-07-23,75.5,71.6,79.4,80,0.1,0.0
2020-07-24,77.8,72.4,84.4,89,0.0,0.0
2020-07-25,86.5,77.3,92.5,76,0.0,0.0
2020-07-26,91.0,81.8,96.6,75,4.1,0.0
2020-07-27,83.6,77.1,89.1,81,15.7,0.0
2020-07-28,83.8,76.0,86.3,64,0.1,0.0
2020-07-29,84.2,76.1,90.2,73,1.3,0.0
2020-07-30,77.5,72.6,80.2,81,1.6,0.0
2020-07-31,76.1,71.5,78.8,76,0.0,0.0
2020-08-01,75.0,71.9,78.6,80,4.5,0.0
2020-08-02,80.5,72.2,85.1,80,10.9,0.0
2020-08-03,69.5,66.3,70.4,85,1.4,0.0
2020-08-04,67.4,64.5,64.4,70,0.3,0.0
2020-08-05,73.9,65.8,74.5,65,0.0,0.0
2020-08-06,75.8,69.0,75.9,66,0.0,0.0
2020-08-07,78.9,70.9,79.9,70,0.0,0.0
2020-08-08,89.1,77.0,90.1,61,0.0,0.0
2020-08-09,91.4,80.2,92.6,69,12.8,0.0
2020-08-10,85.2,76.1,91.7,86,7.5,0.0
2020-08-11,77.5,72.0,80.2,74,0.0,0.0
2020-08-12,77.5,71.0,81.6,77,0.0,0.0
2020-08-13,78.6,73.4,81.4,77,0.0,0.0
2020-08-14,81.1,74.6,85.7,77,0.0,0.0
2020-08-15,83.4,75.0,90.4,80,1.2,0.0
2020-08-16,77.5,72.4,79.7,67,0.2,0.0
2020-08-17,79.1,73.5,82.1,63,0.0,0.0
2020-08-18,72.8,70.6,74.5,66,0.0,0.0
2020-08-19,75.7,69.6,74.9,67,0.0,0.0
2020-08-20,84.9,73.0,84.1,56,0.0,0.0
2020-08-21,85.1,74.7,86.5,60,0.0,0.0
2020-08-22,87.9,76.6,87.2,58,0.0,0.0
2020-08-23,88.8,77.3,91.8,65,0.7,0.0
2020-08-24,95.6,82.6,97.4,67,0.2,0.0
2020-08-25,79.6,75.7,85.7,81,4.0,0.0
2020-08-26,92.4,82.1,94.5,66,0.0,0.0
2020-08-27,89.8,81.3,93.7,75,3.3,0.0
2020-08-28,88.2,80.1,93.1,78,2.2,0.0
2020-08-29,80.8,74.6,79.2,60,0.5,0.0
2020-08-30,73.6,70.0,73.1,67,0.0,0.0
2020-08-31,86.8,74.9,83.1,59,0.3,0.0
2020-09-01,72.4,70.7,78.9,85,4.9,0.0
2020-09-02,84.7,74.2,83.1,69,0.0,0.0
2020-09-03,85.6,73.6,80.3,58,0.0,0.0
2020-09-04,78.0,66.9,70.4,52,0.0,0.0
2020-09-05,80.9,70.7,76.9,55,0.0,0.0
2020-09-06,81.7,69.1,82.3,77,19.6,0.0
2020-09-07,72.8,68.7,73.8,77,3.0,0.0
2020-09-08,65.8,63.8,65.9,87,33.0,0.0
2020-09-09,66.1,63.3,65.7,87,4.7,0.0
2020-09-10,64.0,62.5,59.8,81,6.0,0.0
2020-09-11,68.2,64.5,67.3,83,3.1,0.0
2020-09-12,72.2,66.7,74.7,89,30.9,0.0
2020-09-13,73.4,65.4,74.6,80,0.0,0.0
2020-09-14,70.9,65.5,71.4,84,0.0,0.0
2020-09-15,76.7,66.7,75.4,74,0.0,0.0
2020-09-16,80.0,69.1,80.3,73,0.3,0.0
2020-09-17,68.1,63.7,70.4,73,0.3,0.0
2020-09-18,59.5,56.3,54.7,64,0.1,0.0
2020-09-19,60.0,54.5,56.3,66,0.0,0.0
2020-09-20,69.4,59.6,63.2,61,0.0,0.0
2020-09-21,73.0,62.4,68.7,58,0.0,0.0
2020-09-22,77.1,65.0,75.8,65,0.0,0.0
2020-09-23,76.9,66.7,75.4,69,0.0,0.0
2020-09-24,78.1,67.4,75.2,71,0.0,0.0
2020-09-25,80.0,69.2,75.1,59,0.0,0.0
2020-09-26,83.1,71.9,77.5,67,0.0,0.0
2020-09-27,79.0,69.6,78.0,64,0.1,0.0
2020-09-28,63.1,57.1,57.8,79,7.6,0.0
2020-09-29,60.1,53.7,52.9,75,0.0,0.0
2020-09-30,64.9,56.5,52.4,65,0.4,0.0
2020-10-01,56.8,51.3,50.8,77,5.2,0.0
2020-10-02,54.8,49.2,47.1,69,0.1,0.0
2020-10-03,56.9,49.6,51.4,69,2.8,0.0
2020-10-04,53.1,47.9,44.2,76,2.4,0.0
2020-10-05,59.5,49.3,49.4,64,0.0,0.0
2020-10-06,70.7,59.3,66.3,60,0.0,0.0
2020-10-07,72.5,64.0,67.4,60,0.0,0.0
2020-10-08,64.7,56.1,62.5,76,0.0,0.0
2020-10-09,78.9,65.5,73.0,63,0.0,0.0
2020-10-10,74.9,64.6,76.0,78,0.2,0.0
2020-10-11,66.8,61.8,66.0,82,0.9,0.0
2020-10-12,72.3,60.1,66.8,80,8.2,0.0
2020-10-13,68.4,55.9,58.1,57,0.0,0.0
2020-10-14,71.4,58.6,62.7,59,0.0,0.0
2020-10-15,61.6,52.0,53.2,52,0.2,0.0
2020-10-16,51.8,44.9,40.9,54,0.0,0.0
2020-10-17,61.9,50.3,47.6,49,0.0,0.0
2020-10-18,57.1,48.3,47.4,71,7.4,0.0
2020-10-19,49.7,44.1,43.8,78,5.4,0.0
2020-10-20,53.4,47.9,46.8,81,3.2,0.0
2020-10-21,54.5,50.7,51.2,82,1.7,0.0
2020-10-22,75.2,62.3,74.0,83,15.3,0.0
2020-10-23,68.5,55.2,65.4,81,16.5,0.0
2020-10-24,43.4,40.8,36.3,72,0.0,0.0
2020-10-25,46.7,45.1,38.3,71,0.4,0.0
2020-10-26,44.8,38.6,36.3,79,2.9,0.56
2020-10-27,37.6,36.7,31.5,76,2.4,1.33
2020-10-28,51.1,40.3,42.9,67,0.0,0.0
2020-10-29,48.6,43.3,38.9,75,0.2,0.0
2020-10-30,40.3,36.1,32.0,66,0.0,0.0
2020-10-31,55.1,43.8,44.5,68,0.0,0.0
2020-11-01,52.9,39.2,42.4,53,0.0,0.0
2020-11-02,48.4,37.2,35.6,56,0.0,0.0
2020-11-03,63.7,50.2,56.0,63,0.0,0.0
2020-11-04,68.3,58.5,60.2,61,0.0,0.0
2020-11-05,66.9,59.9,61.4,61,0.0,0.0
2020-11-06,70.7,59.0,65.9,71,0.0,0.0
2020-11-07,69.9,59.6,63.0,65,0.0,0.0
2020-11-08,74.0,63.7,69.5,73,0.2,0.0
2020-11-09,72.1,66.9,67.8,73,0.1,0.0
2020-11-10,73.0,66.1,66.2,78,7.6,0.0
2020-11-11,46.7,39.9,38.1,66,0.0,0.0
2020-11-12,51.7,41.8,43.1,72,0.3,0.0
2020-11-13,44.1,37.4,37.4,72,0.6,0.0
2020-11-14,49.8,38.8,39.7,76,2.1,0.0
2020-11-15,54.1,44.8,47.6,75,6.0,0.0
2020-11-16,46.0,38.0,38.5,64,0.8,0.0
2020-11-17,40.9,34.7,30.0,62,0.0,0.0
2020-11-18,49.0,39.0,35.4,57,0.0,0.0
2020-11-19,62.9,54.8,50.8,43,0.0,0.0
2020-11-20,58.7,53.4,52.4,59,0.0,0.0
2020-11-21,44.3,40.9,37.4,80,0.0,0.0
2020-11-22,45.0,41.8,39.7,79,3.5,0.0
2020-11-23,43.1,39.7,37.8,72,0.0,0.0
2020-11-24,43.7,38.7,35.4,88,11.5,1.12
2020-11-25,46.3,44.7,42.9,94,10.8,0.0
2020-11-26,47.3,42.5,39.0,86,0.0,0.0
2020-11-27,45.7,39.0,38.0,84,0.0,0.0
2020-11-28,48.7,37.4,39.2,71,0.0,0.0
2020-11-29,48.7,41.6,40.3,70,0.0,0.0
2020-11-30,37.9,32.4,26.5,65,1.0,0.7
2020-12-01,33.9,28.7,24.8,67,0.0,0.0
2020-12-02,45.4,32.6,35.9,60,0.0,0.0
2020-12-03,44.1,34.8,33.5,61,0.0,0.0
2020-12-04,44.2,36.8,36.8,72,0.0,0.0
2020-12-05,38.1,36.0,29.9,73,0.0,0.0
2020-12-06,35.7,34.8,30.7,85,0.1,0.0
2020-12-07,36.3,34.5,31.1,84,0.0,0.0
2020-12-08,37.8,34.1,28.7,79,0.0,0.0
2020-12-09,50.5,38.6,44.3,80,0.0,0.0
2020-12-10,51.5,40.0,44.6,80,0.0,0.0
2020-12-11,42.7,40.2,35.3,91,10.4,0.0
2020-12-12,40.9,38.3,32.8,91,25.4,0.28
2020-12-13,36.1,31.3,28.6,80,0.0,0.0
2020-12-14,31.0,26.8,20.1,70,0.0,0.0
2020-12-15,31.8,27.5,22.5,69,0.0,0.0
2020-12-16,32.9,31.1,25.9,74,0.5,0.35
2020-12-17,34.3,32.5,27.6,82,0.4,0.28
2020-12-18,37.1,30.3,27.0,78,0.0,0.0
2020-12-19,46.2,38.4,37.8,77,0.0,0.0
2020-12-20,39.7,34.8,29.2,79,0.0,0.0
2020-12-21,45.7,37.4,32.7,77,0.3,0.0
2020-12-22,41.0,36.1,32.7,76,0.0,0.0
2020-12-23,53.1,45.9,41.8,66,5.7,0.0
2020-12-24,30.7,18.2,15.0,47,0.1,0.07
2020-12-25,22.3,15.6,9.2,48,0.2,0.14
2020-12-26,34.3,24.9,26.5,57,0.0,0.0
2020-12-27,45.5,34.0,36.1,75,0.2,0.0
2020-12-28,32.7,29.1,22.0,71,0.0,0.0
2020-12-29,31.2,25.1,20.2,70,4.2,2.59
2020-12-30,36.1,31.6,26.4,82,9.1,0.0
2020-12-31,30.2,25.1,23.5,75,0.0,0.0
2021-01-01,33.6,30.3,24.1,87,15.7,8.61
2021-01-02,34.3,32.6,27.2,92,0.9,0.49
2021-01-03,36.3,32.4,29.6,91,3.2,2.24
2021-01-04,34.9,27.6,26.7,89,0.1,0.07
2021-01-05,38.3,29.2,32.3,86,0.0,0.0
2021-01-06,35.2,31.7,29.9,92,0.0,0.0
2021-01-07,37.3,34.9,29.1,78,0.0,0.0
2021-01-08,35.1,33.4,25.8,77,0.0,0.0
2021-01-09,35.0,30.7,26.6,81,0.0,0.0
2021-01-10,29.9,27.8,22.6,82,0.0,0.0
2021-01-11,29.7,25.9,18.7,79,0.0,0.0
2021-01-12,40.1,30.9,30.1,83,0.0,0.0
2021-01-13,44.2,35.9,35.4,83,0.0,0.0
2021-01-14,40.8,35.6,32.4,85,4.2,0.0
2021-01-15,37.2,33.3,32.0,89,1.8,0.84
2021-01-16,38.0,32.5,29.1,88,1.9,1.19
2021-01-17,32.4,30.8,25.7,90,3.2,2.17
2021-01-18,31.1,27.0,21.5,81,0.0,0.0
2021-01-19,31.3,25.1,21.5,77,2.4,1.68
2021-01-20,32.1,23.6,18.5,64,0.0,0.0
2021-01-21,39.9,34.1,26.1,71,0.0,0.0
2021-01-22,31.8,19.0,20.5,57,0.0,0.0
2021-01-23,31.6,21.3,22.1,49,0.0,0.0
2021-01-24,36.1,30.2,29.4,68,2.2,1.54
2021-01-25,33.1,31.4,25.8,84,3.6,2.52
2021-01-26,31.2,30.2,19.4,86,12.5,8.68
2021-01-27,27.6,24.5,19.1,85,0.7,0.49
2021-01-28,21.1,13.6,13.8,71,0.0,0.0
2021-01-29,29.7,18.9,21.0,74,0.0,0.0
2021-01-30,33.9,29.5,21.2,75,9.0,6.3
2021-01-31,32.6,30.9,20.5,88,14.7,10.22
2021-02-01,32.4,29.3,20.1,80,0.0,0.0
2021-02-02,31.6,26.3,20.5,79,0.0,0.0
2021-02-03,28.9,20.7,21.1,82,0.0,0.0
2021-02-04,34.3,30.2,21.8,84,8.5,5.25
2021-02-05,21.8,13.0,5.5,73,0.1,0.07
2021-02-06,12.3,7.0,0.8,74,2.0,1.4
2021-02-07,5.3,-1.0,-6.9,69,0.0,0.0
2021-02-08,12.8,5.5,5.0,75,1.9,1.33
2021-02-09,13.6,8.6,4.7,73,0.0,0.0
2021-02-10,17.5,11.8,4.8,76,0.7,0.49
2021-02-11,22.8,17.4,12.1,76,0.6,0.42
2021-02-12,20.8,15.3,11.6,75,1.5,0.98
2021-02-13,13.0,8.4,0.8,76,3.4,2.31
2021-02-14,4.3,0.2,-7.9,66,1.5,0.98
2021-02-15,18.2,11.3,3.6,73,9.7,6.79
2021-02-16,19.2,15.9,9.8,76,5.0,3.43
2021-02-17,18.9,12.0,10.1,76,0.0,0.0
2021-02-18,22.7,19.2,16.4,81,1.1,0.77
2021-02-19,18.5,13.2,8.0,79,0.0,0.0
2021-02-20,20.2,10.4,12.5,81,0.0,0.0
2021-02-21,34.7,23.9,22.0,81,4.1,2.31
2021-02-22,37.0,32.4,23.7,85,1.0,0.0
2021-02-23,40.6,36.4,33.4,81,0.0,0.0
2021-02-24,41.4,36.3,33.8,81,0.0,0.0
2021-02-25,36.6,26.0,31.2,83,0.0,0.0
2021-02-26,38.2,28.5,31.6,78,0.4,0.0
2021-02-27,50.7,37.7,46.4,86,2.2,0.28
2021-02-28,54.1,42.0,44.9,87,0.9,0.0
2021-03-01,32.7,27.5,23.5,70,0.0,0.0
2021-03-02,43.1,29.8,32.3,63,0.0,0.0
2021-03-03,50.3,39.6,48.4,78,0.0,0.0
2021-03-04,33.1,31.3,25.2,80,0.0,0.0
2021-03-05,43.3,32.6,36.3,74,0.0,0.0
2021-03-06,39.0,31.4,33.6,81,0.0,0.0
2021-03-07,46.3,35.7,38.8,71,0.0,0.0
2021-03-08,61.6,49.8,53.7,63,0.0,0.0
2021-03-09,62.8,50.5,54.0,66,0.0,0.0
2021-03-10,66.1,58.3,56.7,66,0.3,0.0
2021-03-11,60.4,52.1,51.8,68,1.7,0.0
2021-03-12,46.8,39.2,42.3,73,0.0,0.0
2021-03-13,55.9,41.3,49.3,64,0.0,0.0
2021-03-14,42.1,38.9,34.2,69,0.0,0.0
2021-03-15,37.5,33.3,26.2,71,5.3,3.71
2021-03-16,38.3,34.7,31.8,87,0.0,0.0
2021-03-17,39.0,34.8,33.4,90,10.1,0.0
2021-03-18,41.1,37.4,26.7,84,9.1,0.0
2021-03-19,38.9,34.3,30.8,70,0.0,0.0
2021-03-20,51.1,39.3,45.3,69,0.0,0.0
2021-03-21,60.9,47.7,52.5,55,0.0,0.0
2021-03-22,65.3,53.3,58.4,54,0.0,0.0
2021-03-23,61.2,53.0,54.3,76,7.6,0.0
2021-03-24,60.1,54.6,49.3,78,2.9,0.0
2021-03-25,46.2,42.2,41.6,87,5.4,0.0
2021-03-26,40.6,37.8,36.0,88,4.3,0.0
2021-03-27,65.8,50.0,59.7,85,2.4,0.0
2021-03-28,52.3,42.6,47.1,65,0.0,0.0
2021-03-29,59.8,44.1,48.0,61,0.0,0.0
2021-03-30,67.0,54.9,56.8,51,0.5,0.0
2021-03-31,45.6,38.9,34.6,46,0.1,0.07
2021-04-01,34.4,30.7,24.1,56,0.0,0.0
2021-04-02,47.8,36.9,38.4,56,0.0,0.0
2021-04-03,65.9,51.0,57.6,49,0.0,0.0
2021-04-04,66.1,54.7,62.4,69,0.0,0.0
2021-04-05,72.6,64.4,68.0,55,0.3,0.0
2021-04-06,79.8,68.6,74.5,51,0.0,0.0
2021-04-07,78.2,66.9,73.3,63,1.3,0.0
2021-04-08,63.3,58.6,59.9,82,13.7,0.0
2021-04-09,63.1,55.2,56.7,77,1.4,0.0
2021-04-10,53.8,48.4,49.8,95,10.1,0.0
2021-04-11,51.9,47.2,49.7,87,0.1,0.0
2021-04-12,62.1,53.8,55.6,72,1.8,0.0
2021-04-13,55.2,47.7,45.5,61,0.0,0.0
2021-04-14,48.6,42.4,39.1,61,0.0,0.0
2021-04-15,47.8,42.0,41.8,72,0.0,0.0
2021-04-16,46.7,42.3,42.5,80,0.0,0.0
2021-04-17,47.5,42.6,41.4,75,0.0,0.0
2021-04-18,61.3,48.8,53.8,57,0.2,0.0
2021-04-19,52.7,46.8,44.2,63,2.8,0.0
2021-04-20,41.2,37.5,33.0,59,2.9,2.03
2021-04-21,47.3,36.8,39.5,71,2.5,1.12
2021-04-22,56.5,43.6,48.7,56,0.0,0.0
2021-04-23,62.1,51.3,53.0,47,0.0,0.0
2021-04-24,55.9,51.3,52.2,78,2.2,0.0
2021-04-25,48.7,41.0,41.1,64,0.0,0.0
2021-04-26,75.5,57.6,64.9,47,0.0,0.0
2021-04-27,85.6,71.8,80.0,48,0.0,0.0
2021-04-28,69.4,51.0,67.8,81,8.8,0.0
2021-04-29,56.3,49.8,54.8,87,5.0,0.0
2021-04-30,54.1,46.0,43.0,70,0.0,0.0
2021-05-01,78.8,59.8,70.1,51,0.0,0.0
2021-05-02,82.3,71.5,76.7,51,0.1,0.0
2021-05-03,73.4,64.2,72.9,80,5.4,0.0
2021-05-04,60.6,51.9,56.5,87,0.7,0.0
2021-05-05,51.7,47.7,45.9,71,0.0,0.0
2021-05-06,50.0,47.1,47.2,76,6.8,0.0
2021-05-07,54.9,46.7,51.1,73,0.4,0.0
2021-05-08,48.4,44.1,42.8,69,4.3,0.28
2021-05-09,48.7,43.8,41.8,81,20.7,0.07
2021-05-10,45.7,43.1,40.4,77,0.4,0.0
2021-05-11,48.0,43.9,42.2,71,0.2,0.0
2021-05-12,55.8,48.4,51.8,62,0.0,0.0
2021-05-13,64.0,52.6,60.4,53,0.0,0.0
2021-05-14,67.1,57.0,63.3,46,0.0,0.0
2021-05-15,62.3,56.8,58.2,58,1.6,0.0
2021-05-16,69.3,59.6,69.2,62,0.0,0.0
2021-05-17,65.7,60.4,63.3,74,0.0,0.0
2021-05-18,74.1,64.9,69.7,77,4.4,0.0
2021-05-19,74.4,67.9,73.5,81,6.4,0.0
2021-05-20,83.0,74.3,80.8,65,0.0,0.0
2021-05-21,85.4,75.4,81.5,59,0.0,0.0
2021-05-22,87.0,77.0,86.5,57,0.2,0.0
2021-05-23,81.4,71.0,83.3,80,6.6,0.0
2021-05-24,86.6,72.0,87.4,69,0.2,0.0
2021-05-25,86.0,77.0,81.4,58,2.0,0.0
2021-05-26,81.5,71.1,78.6,67,2.6,0.0
2021-05-27,57.5,54.4,51.0,74,16.2,0.0
2021-05-28,51.3,48.5,41.2,83,9.1,0.0
2021-05-29,56.2,50.3,48.4,59,0.0,0.0
2021-05-30,64.2,55.3,61.8,64,0.0,0.0
2021-05-31,70.6,62.0,65.4,60,0.5,0.0
2021-06-01,71.8,60.9,70.2,66,0.0,0.0
2021-06-02,70.2,63.4,68.8,67,0.0,0.0
2021-06-03,84.6,70.5,80.0,54,0.0,0.0
2021-06-04,91.9,80.2,86.9,37,0.1,0.0
2021-06-05,91.8,81.3,87.8,44,0.0,0.0
2021-06-06,89.0,80.2,86.2,52,0.1,0.0
2021-06-07,79.2,73.6,83.6,84,24.2,0.0
2021-06-08,81.1,74.1,87.1,88,3.7,0.0
2021-06-09,76.3,70.5,82.2,93,1.0,0.0
2021-06-10,76.4,68.8,83.6,95,0.0,0.0
2021-06-11,82.9,74.3,88.9,85,0.0,0.0
2021-06-12,79.3,72.2,85.0,83,0.8,0.0
2021-06-13,79.0,72.6,79.7,69,0.0,0.0
2021-06-14,73.8,71.0,72.6,56,0.0,0.0
2021-06-15,72.0,66.9,70.5,67,0.0,0.0
2021-06-16,71.2,65.5,68.3,58,0.0,0.0
2021-06-17,91.9,76.2,87.2,47,0.0,0.0
2021-06-18,90.2,80.7,93.6,58,0.3,0.0
2021-06-19,92.1,76.7,87.3,65,0.2,0.0
2021-06-20,83.7,72.6,87.1,78,12.5,0.0
2021-06-21,72.7,67.6,74.5,68,2.5,0.0
2021-06-22,72.5,64.3,68.1,57,0.0,0.0
2021-06-23,78.4,68.2,71.0,61,0.7,0.0
2021-06-24,77.6,71.5,78.6,70,2.6,0.0
2021-06-25,79.6,73.0,82.2,89,45.6,0.0
2021-06-26,81.1,74.8,84.1,91,41.8,0.0
2021-06-27,82.4,75.5,85.3,81,1.7,0.0
2021-06-28,78.8,73.7,87.4,89,11.4,0.0
2021-06-29,82.6,75.6,90.5,88,23.1,0.0
2021-06-30,79.7,74.4,88.2,89,12.3,0.0
2021-07-01,71.0,65.2,76.6,90,0.8,0.0
2021-07-02,66.4,62.4,67.4,81,0.0,0.0
2021-07-03,85.4,71.7,86.9,69,0.0,0.0
2021-07-04,89.2,78.5,95.1,69,0.0,0.0
2021-07-05,90.5,80.9,92.5,69,0.0,0.0
2021-07-06,90.2,81.4,93.2,68,2.5,0.0
2021-07-07,85.2,76.2,88.6,78,3.1,0.0
2021-07-08,68.8,64.3,72.6,87,9.0,0.0
2021-07-09,71.3,65.7,71.6,73,0.0,0.0
2021-07-10,73.0,69.0,72.6,83,8.1,0.0
2021-07-11,68.6,66.2,69.1,90,23.2,0.0
2021-07-12,72.6,68.4,76.3,92,19.4,0.0
2021-07-13,77.3,71.4,83.2,89,18.8,0.0
2021-07-14,85.1,76.1,87.1,77,0.2,0.0
2021-07-15,78.2,73.9,81.2,84,12.7,0.0
2021-07-16,68.9,67.4,71.5,91,5.4,0.0
2021-07-17,70.1,67.2,72.8,87,0.2,0.0
2021-07-18,75.9,70.8,81.5,84,0.9,0.0
2021-07-19,77.5,71.9,82.5,83,0.0,0.0
2021-07-20,85.2,73.5,94.0,77,0.0,0.0
2021-07-21,70.5,67.1,72.7,86,0.2,0.0
2021-07-22,81.1,73.1,88.9,83,0.4,0.0
2021-07-23,86.2,78.8,91.6,78,3.2,0.0
2021-07-24,90.5,81.1,91.8,77,2.5,0.0
2021-07-25,88.6,80.2,89.4,61,0.0,0.0
2021-07-26,89.4,80.0,90.0,51,0.0,0.0
2021-07-27,91.8,79.6,92.4,63,0.0,0.0
2021-07-28,89.8,82.2,96.7,72,0.3,0.0
2021-07-29,87.9,78.3,89.3,78,0.0,0.0
2021-07-30,68.3,66.6,67.6,72,0.3,0.0
2021-07-31,80.9,70.6,82.4,67,0.0,0.0
2021-08-01,72.0,69.3,71.0,74,1.1,0.0
2021-08-02,74.8,69.2,73.6,70,0.5,0.0
2021-08-03,78.5,71.7,79.1,64,0.5,0.0
2021-08-04,81.2,73.1,82.2,66,0.0,0.0
2021-08-05,86.1,75.8,83.7,58,0.0,0.0
2021-08-06,77.5,72.2,78.3,80,8.9,0.0
2021-08-07,85.3,76.0,93.3,82,13.3,0.0
2021-08-08,87.2,79.8,90.1,75,2.2,0.0
2021-08-09,81.3,74.6,83.2,89,41.8,0.0
2021-08-10,90.1,78.4,95.4,85,7.1,0.0
2021-08-11,87.7,77.5,92.5,86,12.0,0.0
2021-08-12,89.2,78.8,93.4,80,0.3,0.0
2021-08-13,77.3,73.7,79.0,72,0.6,0.0
2021-08-14,76.0,71.9,75.7,60,0.0,0.0
2021-08-15,75.9,70.1,76.6,68,0.0,0.0
2021-08-16,75.7,70.6,76.0,71,0.0,0.0
2021-08-17,78.7,73.1,83.2,85,0.6,0.0
2021-08-18,79.1,75.1,86.0,88,6.7,0.0
2021-08-19,81.1,76.4,88.7,85,1.8,0.0
2021-08-20,83.1,77.5,89.5,82,0.5,0.0
2021-08-21,87.4,79.5,90.3,75,1.0,0.0
2021-08-22,75.6,72.4,80.7,81,0.1,0.0
2021-08-23,89.2,76.7,92.7,77,1.8,0.0
2021-08-24,90.7,78.6,95.5,82,11.1,0.0
2021-08-25,90.4,80.6,100.8,80,16.4,0.0
2021-08-26,83.1,77.8,92.7,86,4.7,0.0
2021-08-27,88.4,79.4,95.0,82,1.4,0.0
2021-08-28,89.8,80.4,97.1,82,4.3,0.0
2021-08-29,86.9,79.4,89.4,79,2.4,0.0
2021-08-30,80.0,74.4,83.3,72,0.0,0.0
2021-08-31,78.6,73.6,80.0,67,0.0,0.0
2021-09-01,73.3,70.4,71.9,69,0.3,0.0
2021-09-02,75.0,69.7,75.3,68,0.0,0.0
2021-09-03,76.7,70.3,73.7,65,1.3,0.0
2021-09-04,76.9,70.5,78.9,76,4.1,0.0
2021-09-05,81.1,70.7,77.6,61,0.0,0.0
2021-09-06,74.6,69.3,76.1,67,0.0,0.0
2021-09-07,87.1,73.0,81.8,74,17.8,0.0
2021-09-08,76.6,67.8,70.7,62,0.0,0.0
2021-09-09,70.3,65.2,70.8,71,0.1,0.0
2021-09-10,77.8,68.4,75.9,66,0.0,0.0
2021-09-11,86.5,74.8,87.0,67,0.0,0.0
2021-09-12,89.0,76.3,88.6,69,0.0,0.0
2021-09-13,88.1,76.5,89.8,76,0.0,0.0
2021-09-14,86.5,77.5,84.2,63,0.2,0.0
2021-09-15,73.3,67.9,71.1,63,0.0,0.0
2021-09-16,79.3,69.7,77.1,64,0.0,0.0
2021-09-17,88.0,75.8,85.3,59,0.0,0.0
2021-09-18,72.0,69.9,72.9,77,0.0,0.0
2021-09-19,83.4,74.7,85.1,71,0.3,0.0
2021-09-20,80.2,74.2,79.6,80,11.6,0.0
2021-09-21,72.6,66.6,72.3,84,16.8,0.0
2021-09-22,61.8,60.0,55.6,71,2.8,0.0
2021-09-23,64.1,57.7,58.0,69,0.0,0.0
2021-09-24,75.0,64.2,67.5,58,0.8,0.0
2021-09-25,68.2,59.3,59.8,59,0.7,0.0
2021-09-26,78.9,67.0,71.5,50,0.0,0.0
2021-09-27,85.5,72.2,82.2,61,0.2,0.0
2021-09-28,68.5,66.2,67.0,76,0.0,0.0
2021-09-29,75.5,67.0,74.9,75,0.0,0.0
2021-09-30,75.1,67.8,72.7,71,0.0,0.0
2021-10-01,83.0,71.7,83.8,66,0.0,0.0
2021-10-02,73.7,69.6,74.8,80,18.1,0.0
2021-10-03,74.1,68.2,78.8,89,24.3,0.0
2021-10-04,66.7,64.3,67.9,94,11.7,0.0
2021-10-05,65.2,63.1,65.1,94,0.6,0.0
2021-10-06,67.1,64.6,67.9,94,2.6,0.0
2021-10-07,72.7,67.2,74.4,91,18.0,0.0
2021-10-08,72.0,65.7,73.9,90,12.2,0.0
2021-10-09,75.6,67.9,77.9,85,0.5,0.0
2021-10-10,78.0,72.7,78.4,76,0.3,0.0
2021-10-11,75.0,71.3,74.5,81,25.3,0.0
2021-10-12,70.5,63.8,69.8,85,0.7,0.0
2021-10-13,70.9,63.3,67.8,88,1.3,0.0
2021-10-14,69.8,66.1,70.9,79,14.7,0.0
2021-10-15,62.9,57.8,58.9,82,2.1,0.0
2021-10-16,57.8,51.8,48.6,60,0.0,0.0
2021-10-17,63.6,52.9,56.1,61,0.0,0.0
2021-10-18,68.8,55.5,64.6,69,0.0,0.0
2021-10-19,67.8,58.7,63.2,69,0.0,0.0
2021-10-20,69.9,61.2,67.0,70,0.4,0.0
2021-10-21,62.3,54.4,59.5,80,2.8,0.0
2021-10-22,55.3,49.4,49.1,69,0.0,0.0
2021-10-23,54.1,48.0,49.3,67,0.0,0.0
2021-10-24,51.0,48.7,43.0,83,38.5,0.0
2021-10-25,52.0,50.9,43.3,79,23.1,0.0
2021-10-26,54.0,50.1,48.3,75,0.0,0.0
2021-10-27,52.9,48.7,45.9,78,0.0,0.0
2021-10-28,55.9,52.4,52.6,88,10.3,0.0
2021-10-29,55.3,54.5,53.0,92,24.0,0.0
2021-10-30,55.6,53.0,48.4,85,1.4,0.0
2021-10-31,53.4,47.8,45.1,76,0.0,0.0
2021-11-01,47.9,41.6,36.5,62,0.0,0.0
2021-11-02,45.3,38.6,34.1,66,0.0,0.0
2021-11-03,43.8,37.4,36.7,69,0.0,0.0
2021-11-04,46.0,38.2,38.9,71,0.0,0.0
2021-11-05,50.2,40.5,40.8,71,0.0,0.0
2021-11-06,56.1,45.7,47.6,67,0.0,0.0
2021-11-07,62.5,51.5,56.5,75,0.0,0.0
2021-11-08,63.0,53.7,59.1,73,0.0,0.0
2021-11-09,54.6,51.6,52.3,87,0.0,0.0
2021-11-10,54.8,50.2,48.6,83,0.1,0.0
2021-11-11,54.9,51.0,46.2,75,11.7,0.0
2021-11-12,43.3,39.3,31.4,69,0.7,0.07
2021-11-13,41.0,37.4,30.1,73,0.2,0.14
2021-11-14,38.1,36.0,27.8,76,3.8,2.1
2021-11-15,35.3,31.8,30.1,77,0.8,0.56
2021-11-16,50.3,41.0,41.0,81,0.0,0.0
2021-11-17,60.3,53.6,57.8,85,8.6,0.0
2021-11-18,42.6,34.9,31.8,57,0.0,0.0
2021-11-19,37.9,32.3,28.5,68,0.0,0.0
2021-11-20,47.8,39.5,41.0,69,0.0,0.0
2021-11-21,52.7,40.6,42.5,73,0.3,0.0
2021-11-22,34.3,28.4,22.5,54,0.0,0.0
2021-11-23,41.5,31.7,29.8,54,0.0,0.0
2021-11-24,49.7,42.9,41.7,63,0.3,0.0
2021-11-25,47.8,39.6,42.7,82,3.9,0.0
2021-11-26,31.0,25.0,22.6,52,0.0,0.0
2021-11-27,39.9,33.5,33.8,72,0.7,0.0
2021-11-28,36.5,31.2,23.7,65,0.0,0.0
2021-11-29,38.7,31.9,28.1,61,0.6,0.28
2021-11-30,47.8,38.5,39.4,73,0.0,0.0
2021-12-01,48.9,41.8,42.8,84,0.4,0.0
2021-12-02,55.8,47.6,47.8,65,0.8,0.0
2021-12-03,46.3,41.9,40.1,83,0.5,0.07
2021-12-04,40.4,35.9,31.4,71,0.0,0.0
2021-12-05,47.4,38.9,42.7,76,5.4,0.0
2021-12-06,38.7,29.5,30.9,62,0.0,0.0
2021-12-07,25.6,19.7,15.2,35,0.0,0.0
2021-12-08,33.3,27.2,24.8,61,0.0,0.0
2021-12-09,44.8,35.5,36.6,73,0.0,0.0
2021-12-10,56.9,42.1,47.2,87,19.2,0.0
2021-12-11,57.8,42.3,52.4,75,3.0,0.0
2021-12-12,47.2,38.4,34.9,60,0.0,0.0
2021-12-13,48.4,39.7,41.4,69,0.0,0.0
2021-12-14,50.3,41.3,43.5,81,4.2,0.0
2021-12-15,63.8,57.2,57.3,88,0.7,0.0
2021-12-16,62.2,45.3,51.0,64,1.1,0.0
2021-12-17,38.2,32.3,29.9,73,0.0,0.0
2021-12-18,39.3,36.0,31.4,81,7.2,1.75
2021-12-19,35.9,31.0,27.2,77,0.0,0.0
2021-12-20,41.0,33.1,31.2,78,0.0,0.0
2021-12-21,40.7,33.1,28.7,76,0.0,0.0
2021-12-22,30.7,24.8,20.4,55,0.0,0.0
2021-12-23,46.0,35.2,36.8,71,0.2,0.14
2021-12-24,56.8,45.0,50.2,93,0.0,0.0
2021-12-25,52.8,41.9,48.8,88,4.8,0.0
2021-12-26,40.4,35.8,34.2,85,0.0,0.0
2021-12-27,49.7,40.0,42.2,85,11.1,0.0
2021-12-28,36.9,33.8,31.4,85,10.5,5.6
2021-12-29,36.1,34.3,31.1,82,1.4,0.98
2021-12-30,37.1,35.2,30.7,78,1.5,1.05
2021-12-31,44.1,37.3,39.9,91,0.0,0.0
2022-01-01,39.5,34.8,30.6,84,9.1,6.3
2022-01-02,29.0,23.1,16.0,82,3.4,2.38
2022-01-03,20.7,12.4,9.2,72,0.0,0.0
2022-01-04,33.4,26.4,21.3,71,0.0,0.0
2022-01-05,31.2,18.3,18.5,71,0.1,0.07
2022-01-06,13.1,9.1,0.1,74,0.0,0.0
2022-01-07,12.4,4.3,1.5,69,0.0,0.0
2022-01-08,33.1,21.2,25.2,69,0.7,0.0
2022-01-09,33.8,23.1,26.2,72,0.6,0.0
2022-01-10,17.0,11.7,5.0,50,0.2,0.14
2022-01-11,34.8,19.0,22.3,48,0.0,0.0
2022-01-12,40.6,34.0,34.5,80,0.2,0.0
2022-01-13,38.3,32.6,31.2,92,0.0,0.0
2022-01-14,34.1,30.7,24.7,82,0.4,0.28
2022-01-15,26.2,22.8,14.5,74,1.0,0.7
2022-01-16,26.4,20.5,19.5,61,0.4,0.28
2022-01-17,29.5,25.3,17.6,72,0.0,0.0
2022-01-18,42.4,30.6,30.6,75,0.0,0.0
2022-01-19,39.7,24.4,26.7,64,0.0,0.0
2022-01-20,18.1,13.3,6.6,55,0.0,0.0
2022-01-21,25.2,18.5,15.1,55,0.0,0.0
2022-01-22,33.3,23.6,19.5,54,0.4,0.28
2022-01-23,24.5,16.5,14.0,72,6.9,4.83
2022-01-24,27.1,17.6,16.5,76,3.5,2.45
2022-01-25,9.6,3.9,-1.9,71,0.0,0.0
2022-01-26,9.1,-2.0,-4.4,68,0.0,0.0
2022-01-27,30.5,22.5,21.2,70,0.4,0.28
2022-01-28,27.2,20.4,16.0,76,4.1,2.87
2022-01-29,17.9,8.6,8.1,73,0.0,0.0
2022-01-30,28.9,19.2,20.5,80,0.1,0.07
2022-01-31,30.1,25.2,20.2,81,0.0,0.0
2022-02-01,42.9,36.0,34.9,81,5.2,0.28
2022-02-02,33.0,24.1,25.1,86,16.7,11.76
2022-02-03,25.5,23.8,11.7,76,2.5,1.75
2022-02-04,22.5,18.0,12.0,79,0.3,0.21
2022-02-05,13.6,8.4,2.1,73,0.0,0.0
2022-02-06,27.1,21.4,15.9,77,0.0,0.0
2022-02-07,26.1,20.1,15.2,81,0.0,0.0
2022-02-08,35.9,20.6,25.4,80,0.0,0.0
2022-02-09,39.0,33.9,29.6,84,0.1,0.0
2022-02-10,31.8,28.6,21.7,77,0.2,0.14
2022-02-11,42.7,35.5,32.0,81,3.1,2.1
2022-02-12,27.1,17.3,16.9,59,0.3,0.21
2022-02-13,17.7,13.7,7.6,56,0.0,0.0
2022-02-14,27.5,19.2,18.1,51,0.0,0.0
2022-02-15,37.6,27.0,25.2,69,0.0,0.0
2022-02-16,55.5,47.5,43.4,74,14.6,0.0
2022-02-17,42.9,29.2,35.3,81,20.4,4.9
2022-02-18,29.1,18.1,13.5,62,0.1,0.07
2022-02-19,30.4,14.7,16.1,57,0.3,0.21
2022-02-20,50.5,33.6,37.6,60,0.0,0.0
2022-02-21,52.3,37.8,46.8,89,0.0,0.0
2022-02-22,52.7,37.9,48.4,91,12.8,0.0
2022-02-23,25.0,21.8,14.3,59,0.1,0.07
2022-02-24,27.9,25.9,18.7,69,2.6,1.82
2022-02-25,27.1,25.3,19.5,76,3.1,2.17
2022-02-26,34.4,22.5,22.4,61,0.0,0.0
2022-02-27,42.6,31.2,35.4,62,0.0,0.0
2022-02-28,53.7,37.0,41.7,71,0.0,0.0
2022-03-01,45.6,38.6,40.0,79,0.0,0.0
2022-03-02,53.9,37.8,49.8,79,0.5,0.0
2022-03-03,33.6,29.5,22.5,70,0.0,0.0
2022-03-04,37.3,31.9,28.6,71,0.0,0.0
2022-03-05,67.9,52.1,61.3,65,5.7,0.0
2022-03-06,58.2,43.7,49.6,74,3.5,0.0
2022-03-07,35.7,33.0,29.2,84,13.0,8.33
2022-03-08,37.9,28.6,29.2,73,0.0,0.0
2022-03-09,42.5,32.8,34.1,68,0.0,0.0
2022-03-10,27.4,25.0,19.9,70,1.2,0.84
2022-03-11,34.9,25.4,22.0,57,2.2,1.54
2022-03-12,23.8,16.4,12.0,45,0.0,0.0
2022-03-13,51.4,34.5,41.4,52,0.1,0.07
2022-03-14,59.5,43.7,51.0,71,0.0,0.0
2022-03-15,42.1,36.0,37.6,90,0.0,0.0
2022-03-16,66.7,49.7,59.4,75,0.0,0.0
2022-03-17,63.4,50.4,63.0,78,4.1,0.0
2022-03-18,40.6,39.1,32.8,89,18.5,0.0
2022-03-19,41.4,38.1,35.5,92,6.7,0.0
2022-03-20,58.6,43.7,54.9,76,0.0,0.0
2022-03-21,70.0,54.0,63.7,63,0.0,0.0
2022-03-22,54.0,48.9,46.6,81,6.2,0.0
2022-03-23,60.2,51.4,57.5,88,19.8,0.0
2022-03-24,46.5,42.2,37.8,89,3.4,0.0
2022-03-25,47.8,41.0,36.0,75,1.1,0.0
2022-03-26,34.2,31.4,21.7,60,0.0,0.0
2022-03-27,33.2,27.0,26.4,58,0.0,0.0
2022-03-28,29.1,26.4,20.6,60,0.0,0.0
2022-03-29,40.4,34.0,29.7,63,0.2,0.0
2022-03-30,61.1,51.7,55.9,85,34.9,0.0
2022-03-31,52.2,39.7,49.4,84,16.9,0.35
2022-04-01,39.8,34.4,32.7,74,0.6,0.42
2022-04-02,42.3,35.1,35.0,84,5.3,0.07
2022-04-03,43.5,37.1,38.1,91,1.1,0.0
2022-04-04,54.3,46.1,47.5,78,9.7,0.0
2022-04-05,49.1,42.4,42.7,90,0.0,0.0
2022-04-06,56.6,50.3,44.7,75,15.2,0.0
2022-04-07,46.3,41.9,34.4,71,2.0,0.0
2022-04-08,39.3,36.9,32.1,89,5.1,0.98
2022-04-09,42.8,36.6,36.7,75,0.2,0.14
2022-04-10,57.1,45.5,48.2,66,0.0,0.0
2022-04-11,58.6,53.4,52.9,65,2.5,0.0
2022-04-12,64.9,52.7,59.2,79,0.6,0.0
2022-04-13,71.1,62.5,67.1,83,18.7,0.0
2022-04-14,50.0,43.3,34.0,53,0.0,0.0
2022-04-15,53.6,44.6,43.0,53,1.1,0.35
2022-04-16,46.2,38.9,38.0,62,0.0,0.0
2022-04-17,38.6,35.7,31.3,73,0.0,0.0
2022-04-18,43.9,37.2,33.8,80,6.6,1.96
2022-04-19,44.2,39.2,38.8,73,0.0,0.0
2022-04-20,50.8,45.1,40.5,74,5.1,0.0
2022-04-21,67.1,56.1,60.6,74,1.7,0.0
2022-04-22,58.0,51.0,53.4,82,3.8,0.0
2022-04-23,78.4,68.3,75.0,72,0.0,0.0
2022-04-24,71.5,66.7,66.6,76,5.0,0.0
2022-04-25,54.2,49.4,47.4,60,0.0,0.0
2022-04-26,51.5,42.2,38.5,59,0.0,0.0
2022-04-27,38.8,35.8,29.5,73,0.1,0.0
2022-04-28,47.5,43.2,40.7,80,1.2,0.0
2022-04-29,57.7,51.0,51.6,69,1.5,0.0
2022-04-30,67.6,56.6,64.9,80,29.8,0.0
2022-05-01,57.5,52.8,54.5,73,0.0,0.0
2022-05-02,55.6,49.6,54.7,76,0.1,0.0
2022-05-03,48.5,45.4,40.1,91,26.3,0.0
2022-05-04,48.0,43.6,44.0,86,0.0,0.0
2022-05-05,49.9,45.3,46.5,95,10.8,0.0
2022-05-06,47.6,46.5,39.2,90,7.7,0.0
2022-05-07,54.1,48.2,49.3,70,0.0,0.0
2022-05-08,61.6,53.6,57.1,70,0.0,0.0
2022-05-09,74.4,64.2,70.8,68,0.0,0.0
2022-05-10,84.8,74.1,87.5,79,2.5,0.0
2022-05-11,75.0,69.1,80.5,96,0.8,0.0
2022-05-12,85.4,75.4,87.2,71,0.0,0.0
2022-05-13,84.1,73.8,84.5,57,0.0,0.0
2022-05-14,75.7,67.6,76.8,75,0.0,0.0
2022-05-15,69.6,64.4,67.3,67,0.8,0.0
2022-05-16,76.3,65.9,67.8,52,0.1,0.0
2022-05-17,60.8,55.5,57.0,62,0.0,0.0
2022-05-18,60.5,55.2,57.3,81,7.2,0.0
2022-05-19,83.2,68.5,80.4,73,0.2,0.0
2022-05-20,86.9,72.2,82.7,78,17.8,0.0
2022-05-21,61.4,58.9,61.5,83,22.2,0.0
2022-05-22,61.0,55.3,58.9,66,0.1,0.0
2022-05-23,56.0,51.9,51.9,69,0.0,0.0
2022-05-24,59.6,53.5,57.1,78,0.0,0.0
2022-05-25,74.7,65.0,76.1,83,9.0,0.0
2022-05-26,74.6,68.7,75.4,86,3.8,0.0
2022-05-27,60.6,54.8,62.4,89,30.6,0.0
2022-05-28,69.0,60.6,70.8,81,0.0,0.0
2022-05-29,80.6,70.5,80.6,73,0.0,0.0
2022-05-30,84.3,76.3,83.3,63,0.0,0.0
2022-05-31,83.3,76.9,83.9,69,7.8,0.0
2022-06-01,69.4,63.8,72.9,83,1.3,0.0
2022-06-02,70.4,64.3,72.3,72,0.7,0.0
2022-06-03,80.1,68.3,74.1,48,0.0,0.0
2022-06-04,67.3,61.0,64.4,67,0.0,0.0
2022-06-05,71.2,64.4,70.8,66,0.6,0.0
2022-06-06,78.5,68.6,83.2,72,24.1,0.0
2022-06-07,59.3,56.4,58.4,91,0.2,0.0
2022-06-08,66.5,59.4,65.2,83,6.4,0.0
2022-06-09,76.3,63.5,72.3,74,0.0,0.0
2022-06-10,77.2,65.7,74.7,66,0.6,0.0
2022-06-11,73.7,65.7,74.0,80,0.0,0.0
2022-06-12,64.9,57.9,69.1,91,2.2,0.0
2022-06-13,85.0,68.8,90.0,84,7.7,0.0
2022-06-14,96.5,85.0,102.8,70,0.0,0.0
2022-06-15,96.4,87.6,96.4,55,0.0,0.0
2022-06-16,94.8,84.1,91.7,51,0.0,0.0
2022-06-17,82.9,75.6,85.5,52,0.0,0.0
2022-06-18,66.2,62.8,63.3,58,0.0,0.0
2022-06-19,85.6,71.2,81.6,46,0.0,0.0
2022-06-20,95.0,80.7,92.7,40,0.0,0.0
2022-06-21,99.3,85.9,99.3,48,0.0,0.0
2022-06-22,85.6,79.9,87.8,55,0.0,0.0
2022-06-23,78.8,73.5,78.0,57,0.0,0.0
2022-06-24,87.9,77.1,86.8,48,0.0,0.0
2022-06-25,79.0,73.1,81.4,70,18.4,0.0
2022-06-26,80.7,73.8,79.1,68,0.4,0.0
2022-06-27,72.3,65.9,72.6,61,0.0,0.0
2022-06-28,83.7,71.8,81.4,53,0.0,0.0
2022-06-29,81.5,74.0,86.4,62,2.4,0.0
2022-06-30,93.1,82.1,89.2,46,0.0,0.0
2022-07-01,81.2,73.8,83.4,63,0.3,0.0
2022-07-02,79.1,72.3,77.9,58,0.0,0.0
2022-07-03,81.6,73.8,83.5,61,0.0,0.0
2022-07-04,91.3,79.4,89.0,61,0.2,0.0
2022-07-05,85.1,78.5,97.5,88,16.7,0.0
2022-07-06,71.9,69.2,76.0,92,32.9,0.0
2022-07-07,80.2,72.8,85.6,88,0.0,0.0
2022-07-08,73.4,71.3,80.6,93,15.9,0.0
2022-07-09,71.5,68.3,71.3,78,0.0,0.0
2022-07-10,82.0,72.2,83.4,69,0.0,0.0
2022-07-11,86.2,76.9,88.0,67,0.0,0.0
2022-07-12,86.3,76.6,82.9,57,0.0,0.0
2022-07-13,77.7,70.7,80.0,74,0.4,0.0
2022-07-14,73.9,68.6,76.3,79,0.0,0.0
2022-07-15,76.3,69.8,78.3,89,23.9,0.0
2022-07-16,73.0,69.7,76.9,91,2.7,0.0
2022-07-17,74.0,70.6,78.1,92,2.6,0.0
2022-07-18,84.1,75.2,89.8,74,0.0,0.0
2022-07-19,86.5,78.0,90.6,72,0.0,0.0
2022-07-20,88.3,80.5,86.3,66,0.7,0.0
2022-07-21,86.8,78.1,90.4,66,3.0,0.0
2022-07-22,88.2,78.4,89.6,62,0.0,0.0
2022-07-23,86.5,78.0,90.7,78,12.1,0.0
2022-07-24,86.4,79.0,90.6,78,10.4,0.0
2022-07-25,72.8,70.2,75.5,76,0.2,0.0
2022-07-26,76.9,70.6,79.7,73,0.0,0.0
2022-07-27,83.8,74.8,87.9,79,1.1,0.0
2022-07-28,81.4,72.6,79.6,66,0.6,0.0
2022-07-29,79.4,70.5,77.6,64,0.2,0.0
2022-07-30,78.6,71.5,81.5,75,0.0,0.0
2022-07-31,83.5,74.5,84.9,68,0.0,0.0
2022-08-01,87.4,77.8,87.0,70,2.3,0.0
2022-08-02,87.4,77.0,93.8,72,0.0,0.0
2022-08-03,85.6,78.7,96.5,79,6.6,0.0
2022-08-04,79.0,73.8,86.7,89,2.3,0.0
2022-08-05,81.0,75.1,89.2,86,0.0,0.0
2022-08-06,90.2,80.9,96.9,79,3.8,0.0
2022-08-07,83.9,77.9,92.5,88,46.6,0.0
2022-08-08,82.0,74.0,87.1,88,16.3,0.0
2022-08-09,70.4,67.3,70.5,80,0.2,0.0
2022-08-10,79.0,69.9,84.3,81,0.0,0.0
2022-08-11,74.6,70.7,73.4,75,0.1,0.0
2022-08-12,75.1,69.2,76.4,71,0.0,0.0
2022-08-13,78.0,70.0,76.0,69,1.8,0.0
2022-08-14,73.5,69.5,75.9,88,1.1,0.0
2022-08-15,73.4,69.2,74.5,84,0.8,0.0
2022-08-16,74.3,69.8,74.6,78,0.0,0.0
2022-08-17,76.1,69.9,79.7,83,0.1,0.0
2022-08-18,80.4,71.7,82.4,71,0.3,0.0
2022-08-19,85.6,75.1,82.7,63,0.0,0.0
2022-08-20,78.7,71.6,83.9,80,19.5,0.0
2022-08-21,72.2,68.9,76.3,91,15.2,0.0
2022-08-22,74.8,69.8,79.9,83,0.1,0.0
2022-08-23,78.8,70.9,83.0,77,0.0,0.0
2022-08-24,80.0,72.3,83.4,76,0.0,0.0
2022-08-25,82.6,71.8,87.5,80,9.0,0.0
2022-08-26,71.2,68.5,72.0,86,0.0,0.0
2022-08-27,76.6,68.9,80.1,85,0.0,0.0
2022-08-28,87.8,75.8,89.0,75,17.8,0.0
2022-08-29,90.1,78.5,93.5,77,0.3,0.0
2022-08-30,80.4,72.5,77.3,64,0.0,0.0
2022-08-31,84.8,72.8,83.1,62,0.0,0.0
2022-09-01,87.4,76.7,89.9,65,0.0,0.0
2022-09-02,86.1,77.3,84.5,64,0.0,0.0
2022-09-03,80.1,72.7,86.5,80,0.5,0.0
2022-09-04,72.0,69.1,73.8,90,3.8,0.0
2022-09-05,70.5,67.6,70.0,85,0.3,0.0
2022-09-06,75.2,70.6,79.6,86,1.1,0.0
2022-09-07,74.8,70.5,75.8,79,1.0,0.0
2022-09-08,81.1,71.2,82.6,73,0.0,0.0
2022-09-09,82.9,72.2,81.9,60,0.0,0.0
2022-09-10,82.4,72.8,83.2,71,0.0,0.0
2022-09-11,70.4,66.2,75.6,90,47.6,0.0
2022-09-12,62.7,58.9,61.6,79,1.3,0.0
2022-09-13,73.1,65.1,74.6,84,0.5,0.0
2022-09-14,73.0,65.0,76.7,83,0.0,0.0
2022-09-15,81.2,70.3,82.5,78,0.0,0.0
2022-09-16,82.9,72.4,80.9,71,0.0,0.0
2022-09-17,86.5,75.4,81.5,65,0.4,0.0
2022-09-18,85.3,75.8,85.4,67,5.2,0.0
2022-09-19,70.8,68.1,73.3,86,0.3,0.0
2022-09-20,87.6,71.6,91.0,80,9.2,0.0
2022-09-21,82.9,75.2,87.1,66,0.0,0.0
2022-09-22,62.8,58.9,57.0,61,0.0,0.0
2022-09-23,63.2,58.0,58.6,62,0.0,0.0
2022-09-24,72.7,62.2,67.0,69,5.8,0.0
2022-09-25,67.5,61.1,63.2,78,5.5,0.0
2022-09-26,61.7,56.2,52.5,66,0.1,0.0
2022-09-27,57.5,52.4,48.0,62,0.5,0.0
2022-09-28,56.1,53.0,49.7,72,0.1,0.0
2022-09-29,58.6,53.5,55.4,75,0.0,0.0
2022-09-30,61.0,55.0,59.1,78,0.0,0.0
2022-10-01,64.2,60.1,59.3,72,0.0,0.0
2022-10-02,61.3,58.5,57.1,81,0.0,0.0
2022-10-03,61.0,55.6,57.8,73,0.0,0.0
2022-10-04,70.7,58.0,68.5,69,0.0,0.0
2022-10-05,74.8,61.1,68.9,53,0.0,0.0
2022-10-06,74.8,61.9,68.9,62,2.1,0.0
2022-10-07,53.4,49.9,42.2,67,2.9,0.0
2022-10-08,56.9,47.6,45.6,61,0.0,0.0
2022-10-09,67.0,54.7,59.1,51,0.1,0.0
2022-10-10,67.2,56.5,65.9,74,0.0,0.0
2022-10-11,71.9,59.7,64.3,75,11.9,0.0
2022-10-12,69.4,59.6,60.8,76,6.4,0.0
2022-10-13,53.9,47.0,43.6,57,0.5,0.0
2022-10-14,58.9,46.2,46.1,58,3.9,0.0
2022-10-15,52.5,44.7,42.3,71,0.0,0.0
2022-10-16,54.8,48.1,46.4,63,0.0,0.0
2022-10-17,43.1,39.6,31.8,67,1.0,0.07
2022-10-18,45.7,40.1,33.8,59,0.2,0.14
2022-10-19,46.7,39.6,35.9,59,0.0,0.0
2022-10-20,58.3,44.2,49.5,49,0.0,0.0
2022-10-21,71.5,56.9,62.0,55,0.0,0.0
2022-10-22,76.0,65.1,70.8,55,0.0,0.0
2022-10-23,75.1,67.6,68.0,58,0.0,0.0
2022-10-24,73.0,67.5,66.0,56,2.3,0.0
2022-10-25,68.1,59.2,61.5,78,30.5,0.0
2022-10-26,53.8,47.6,46.4,75,12.3,0.0
2022-10-27,49.6,45.5,42.8,79,0.0,0.0
2022-10-28,53.0,47.9,48.5,77,0.0,0.0
2022-10-29,56.7,49.1,53.0,84,0.0,0.0
2022-10-30,56.2,50.9,53.4,84,7.0,0.0
2022-10-31,56.5,54.0,56.4,96,5.8,0.0
2022-11-01,65.5,53.0,60.3,77,0.0,0.0
2022-11-02,67.7,55.3,64.6,78,0.0,0.0
2022-11-03,69.5,60.0,62.6,72,0.0,0.0
2022-11-04,68.5,64.4,63.7,70,1.8,0.0
2022-11-05,67.1,57.3,58.6,74,14.1,0.0
2022-11-06,60.4,51.3,52.1,68,0.0,0.0
2022-11-07,50.3,45.4,43.1,57,0.0,0.0
2022-11-08,51.7,47.6,44.9,72,0.0,0.0
2022-11-09,67.2,56.0,62.3,60,0.4,0.0
2022-11-10,70.9,63.3,63.5,59,0.0,0.0
2022-11-11,58.8,46.3,52.6,67,0.0,0.0
2022-11-12,37.9,34.6,27.1,64,0.0,0.0
2022-11-13,37.0,32.3,27.9,66,0.0,0.0
2022-11-14,39.9,33.8,31.2,71,0.0,0.0
2022-11-15,37.0,35.8,31.9,81,6.0,2.52
2022-11-16,35.6,33.5,26.7,88,2.9,1.61
2022-11-17,35.7,31.0,21.6,71,0.2,0.14
2022-11-18,28.1,25.7,16.1,64,0.2,0.14
2022-11-19,29.9,23.3,13.8,49,0.0,0.0
2022-11-20,32.6,23.3,19.8,47,0.0,0.0
2022-11-21,45.3,35.0,34.5,51,0.0,0.0
2022-11-22,48.5,36.6,39.5,67,0.0,0.0
2022-11-23,53.8,41.2,47.9,81,0.0,0.0
2022-11-24,51.8,43.8,45.0,77,0.0,0.0
2022-11-25,50.0,40.6,41.3,75,0.0,0.0
2022-11-26,52.7,41.6,42.9,66,0.0,0.0
2022-11-27,44.6,41.9,37.6,86,7.3,0.0
2022-11-28,46.4,38.2,37.7,79,0.0,0.0
2022-11-29,56.9,47.0,47.2,84,5.7,0.0
2022-11-30,39.3,27.6,26.0,60,0.0,0.0
2022-12-01,35.2,26.2,24.1,55,0.0,0.0
2022-12-02,50.1,42.5,38.0,55,0.0,0.0
2022-12-03,49.0,30.7,39.8,64,0.3,0.0
2022-12-04,38.1,28.4,26.2,50,0.0,0.0
2022-12-05,43.1,35.3,37.1,65,0.1,0.0
2022-12-06,43.8,40.0,39.3,90,0.0,0.0
2022-12-07,45.7,38.9,39.5,91,0.0,0.0
2022-12-08,41.4,38.1,33.8,78,0.0,0.0
2022-12-09,37.5,36.1,28.6,90,12.1,1.82
2022-12-10,39.3,37.7,34.7,89,0.0,0.0
2022-12-11,39.7,37.8,33.2,84,0.1,0.0
2022-12-12,41.1,38.6,35.8,79,0.3,0.0
2022-12-13,38.5,35.9,27.1,76,2.4,0.0
2022-12-14,45.1,39.5,36.4,88,20.6,0.0
2022-12-15,40.5,35.8,35.2,82,15.3,0.56
2022-12-16,32.5,29.9,20.5,69,0.5,0.35
2022-12-17,27.8,24.9,14.7,68,0.0,0.0
2022-12-18,24.1,19.6,12.2,65,0.0,0.0
2022-12-19,25.7,18.5,18.6,61,0.0,0.0
2022-12-20,35.9,28.3,28.6,63,0.0,0.0
2022-12-21,31.5,25.3,23.8,76,0.0,0.0
2022-12-22,34.2,22.7,27.2,70,5.4,3.78
2022-12-23,-0.8,-4.3,-18.4,52,0.5,0.35
2022-12-24,15.0,6.2,-1.5,56,0.0,0.0
2022-12-25,14.7,9.1,2.2,55,0.0,0.0
2022-12-26,22.9,17.7,15.5,64,1.1,0.77
2022-12-27,27.3,17.4,14.3,67,0.0,0.0
2022-12-28,44.7,35.2,30.4,65,0.0,0.0
2022-12-29,56.5,49.3,49.1,87,0.0,0.0
2022-12-30,53.4,42.5,46.9,91,0.3,0.0
2022-12-31,36.1,31.2,30.6,89,0.3,0.14
2023-01-01,47.3,39.4,42.2,92,3.3,0.0
2023-01-02,40.2,35.7,34.2,97,0.3,0.0
2023-01-03,54.9,45.2,52.6,98,13.1,0.0
2023-01-04,47.8,36.7,41.2,87,0.0,0.0
2023-01-05,33.6,32.3,25.4,84,1.3,0.91
2023-01-06,33.6,30.9,25.7,79,0.0,0.0
2023-01-07,33.3,29.9,25.8,81,0.0,0.0
2023-01-08,34.6,30.3,27.4,84,0.0,0.0
2023-01-09,42.3,31.5,33.8,80,0.0,0.0
2023-01-10,46.4,38.0,40.9,86,0.4,0.0
2023-01-11,51.1,42.2,46.4,88,0.0,0.0
2023-01-12,44.0,37.3,39.8,87,0.1,0.0
2023-01-13,34.4,30.8,24.8,74,0.8,0.49
2023-01-14,32.5,26.8,24.1,72,0.0,0.0
2023-01-15,41.2,32.3,30.4,70,0.0,0.0
2023-01-16,47.6,41.0,39.8,77,8.8,0.0
2023-01-17,47.6,41.0,40.3,82,0.0,0.0
2023-01-18,38.2,35.5,32.4,86,8.4,1.05
2023-01-19,41.5,38.0,35.5,92,9.6,0.42
2023-01-20,34.5,32.3,23.7,79,0.2,0.0
2023-01-21,36.5,30.6,28.1,76,0.0,0.0
2023-01-22,33.4,30.9,27.6,88,2.5,1.75
2023-01-23,31.5,26.8,19.4,77,0.1,0.07
2023-01-24,35.0,30.5,27.9,83,0.0,0.0
2023-01-25,33.5,32.1,25.0,93,9.2,6.16
2023-01-26,30.8,26.5,22.1,87,1.8,1.33
2023-01-27,37.1,24.1,25.2,77,0.3,0.21
2023-01-28,30.7,23.6,21.4,78,1.9,1.33
2023-01-29,30.9,26.7,21.0,88,1.7,1.26
2023-01-30,18.2,11.8,7.0,66,1.1,0.77
2023-01-31,13.5,4.3,2.4,59,0.0,0.0
2023-02-01,26.9,14.1,15.2,57,0.0,0.0
2023-02-02,31.6,23.2,19.9,63,0.0,0.0
2023-02-03,13.4,7.3,4.0,49,0.0,0.0
2023-02-04,41.7,27.2,30.1,47,0.0,0.0
2023-02-05,42.4,35.8,33.2,73,0.0,0.0
2023-02-06,41.4,32.6,31.6,79,0.0,0.0
2023-02-07,49.4,41.5,40.4,76,0.0,0.0
2023-02-08,41.8,32.7,35.1,79,0.0,0.0
2023-02-09,48.7,38.5,42.6,91,19.2,0.0
2023-02-10,37.5,33.2,26.6,72,0.1,0.0
2023-02-11,44.5,31.3,33.9,64,0.0,0.0
2023-02-12,50.0,37.4,40.7,64,0.0,0.0
2023-02-13,49.6,40.2,40.6,63,0.0,0.0
2023-02-14,52.7,42.4,43.6,71,2.5,0.0
2023-02-15,49.5,43.8,38.8,77,2.7,0.0
2023-02-16,35.4,32.7,25.3,87,13.0,6.93
2023-02-17,25.4,21.6,15.3,73,0.8,0.49
2023-02-18,45.3,34.2,35.5,60,0.0,0.0
2023-02-19,50.7,42.1,40.3,63,0.0,0.0
2023-02-20,38.8,35.2,31.8,81,0.0,0.0
2023-02-21,37.9,32.0,28.3,65,0.0,0.0
2023-02-22,35.4,33.5,24.8,85,31.0,0.0
2023-02-23,45.2,35.8,36.0,79,0.1,0.0
2023-02-24,26.5,24.2,17.5,69,1.4,0.98
2023-02-25,39.1,31.8,29.7,75,0.3,0.21
2023-02-26,44.2,33.9,39.9,78,0.0,0.0
2023-02-27,58.5,45.6,50.8,81,19.1,0.0
2023-02-28,46.1,38.7,42.3,79,0.0,0.0
2023-03-01,57.4,43.4,50.1,81,4.2,0.0
2023-03-02,39.7,34.9,29.7,81,0.0,0.0
2023-03-03,36.8,34.1,27.0,91,6.5,3.71
2023-03-04,47.8,37.0,39.5,85,0.8,0.0
2023-03-05,41.2,36.5,35.9,85,0.3,0.0
2023-03-06,55.1,42.9,52.3,85,9.6,1.54
2023-03-07,39.6,36.7,31.3,77,0.0,0.0
2023-03-08,40.3,36.4,30.9,67,0.0,0.0
2023-03-09,37.6,35.7,28.1,77,6.7,3.08
2023-03-10,35.0,33.8,26.4,90,6.6,3.99
2023-03-11,38.2,35.2,30.6,83,1.9,1.12
2023-03-12,38.0,34.3,32.1,85,3.8,1.89
2023-03-13,33.3,29.2,21.3,75,1.2,0.91
2023-03-14,32.1,26.3,25.4,73,0.0,0.0
2023-03-15,48.9,35.8,37.9,65,0.0,0.0
2023-03-16,50.2,43.6,40.9,70,2.6,0.0
2023-03-17,49.6,35.5,42.3,69,3.2,0.0
2023-03-18,26.8,20.5,11.7,46,0.0,0.0
2023-03-19,40.4,28.7,28.1,44,0.0,0.0
2023-03-20,49.8,38.2,36.3,43,0.0,0.0
2023-03-21,49.9,41.6,39.7,60,0.0,0.0
2023-03-22,55.8,44.7,49.8,87,2.5,0.0
2023-03-23,42.7,38.1,39.4,87,2.7,0.0
2023-03-24,40.3,37.0,31.1,80,1.7,0.0
2023-03-25,42.0,36.5,31.1,79,17.6,1.05
2023-03-26,42.4,36.9,35.3,80,0.3,0.07
2023-03-27,39.9,35.7,31.4,80,0.0,0.0
2023-03-28,48.2,37.2,42.2,70,0.6,0.0
2023-03-29,40.4,34.5,29.4,62,0.2,0.07
2023-03-30,49.3,37.4,40.6,68,0.0,0.0
2023-03-31,68.7,57.5,63.1,75,11.8,0.0
2023-04-01,53.1,40.2,41.1,69,1.3,0.0
2023-04-02,52.4,41.5,44.6,74,0.0,0.0
2023-04-03,54.3,46.6,49.5,75,8.9,0.0
2023-04-04,69.5,51.8,64.3,89,11.3,0.0
2023-04-05,71.9,59.8,66.1,75,18.0,0.0
2023-04-06,51.6,41.3,42.7,55,0.0,0.0
2023-04-07,42.8,39.0,36.9,71,0.0,0.0
2023-04-08,55.0,45.2,50.6,72,0.0,0.0
2023-04-09,63.8,50.8,57.7,60,0.0,0.0
2023-04-10,67.6,54.7,61.3,57,0.0,0.0
2023-04-11,73.7,60.9,68.6,58,0.0,0.0
2023-04-12,76.5,65.7,68.8,55,0.0,0.0
2023-04-13,78.3,66.1,74.1,51,0.0,0.0
2023-04-14,76.5,63.5,75.2,53,0.2,0.0
2023-04-15,80.1,69.1,76.4,57,0.6,0.0
2023-04-16,60.9,48.4,60.9,82,7.0,0.07
2023-04-17,41.8,36.5,28.2,66,2.9,1.96
2023-04-18,55.3,42.6,50.2,65,0.0,0.0
2023-04-19,67.6,50.2,66.4,71,1.0,0.0
2023-04-20,78.4,64.9,69.5,69,5.0,0.0
2023-04-21,60.7,51.4,50.3,58,0.0,0.0
2023-04-22,45.9,41.9,39.6,63,1.9,0.14
2023-04-23,43.1,38.6,35.7,71,2.9,0.07
2023-04-24,49.6,42.1,43.7,61,0.2,0.0
2023-04-25,43.7,40.8,37.4,80,4.0,0.07
2023-04-26,44.0,40.5,38.5,75,0.0,0.0
2023-04-27,60.3,47.5,56.5,66,0.0,0.0
2023-04-28,50.5,47.2,44.8,72,0.0,0.0
2023-04-29,58.6,48.2,50.2,76,3.0,0.0
2023-04-30,47.9,42.6,37.9,77,3.1,0.0
2023-05-01,46.6,41.9,37.1,81,5.9,0.0
2023-05-02,52.7,45.3,42.0,65,0.4,0.0
2023-05-03,46.5,43.2,42.5,76,0.0,0.0
2023-05-04,64.1,51.8,62.4,68,0.0,0.0
2023-05-05,74.9,62.1,68.5,50,0.0,0.0
2023-05-06,76.4,64.5,71.5,64,0.6,0.0
2023-05-07,76.3,62.5,82.9,92,1.7,0.0
2023-05-08,58.8,49.4,58.2,95,10.8,0.0
2023-05-09,55.5,50.0,55.2,90,0.0,0.0
2023-05-10,65.5,54.8,68.1,84,0.0,0.0
2023-05-11,74.1,62.2,75.0,67,0.0,0.0
2023-05-12,67.3,61.0,70.9,89,19.0,0.0
2023-05-13,59.5,55.7,58.5,90,1.0,0.0
2023-05-14,56.7,53.9,52.2,78,0.0,0.0
2023-05-15,55.9,52.2,51.8,75,0.0,0.0
2023-05-16,77.3,59.5,74.3,65,0.0,0.0
2023-05-17,55.0,49.6,50.7,79,0.0,0.0
2023-05-18,66.3,56.7,62.5,58,0.0,0.0
2023-05-19,74.0,63.3,69.6,66,5.2,0.0
2023-05-20,64.7,55.2,61.4,69,0.0,0.0
2023-05-21,72.7,62.0,75.2,58,0.0,0.0
2023-05-22,73.0,63.4,72.1,58,0.0,0.0
2023-05-23,79.1,67.5,76.3,49,0.0,0.0
2023-05-24,60.4,56.7,60.6,71,0.0,0.0
2023-05-25,56.0,51.1,48.2,57,0.0,0.0
2023-05-26,62.7,55.0,56.7,61,0.0,0.0
2023-05-27,67.4,58.6,61.2,59,0.0,0.0
2023-05-28,72.1,62.4,68.7,56,0.0,0.0
2023-05-29,73.1,63.7,71.3,57,0.0,0.0
2023-05-30,79.2,67.5,77.3,55,0.0,0.0
2023-05-31,86.3,73.6,88.4,63,2.5,0.0
2023-06-01,86.3,75.0,88.8,66,0.0,0.0
2023-06-02,81.1,70.8,80.5,60,0.0,0.0
2023-06-03,78.0,67.7,77.9,66,0.0,0.0
2023-06-04,73.5,66.4,68.7,57,0.0,0.0
2023-06-05,77.2,67.2,76.8,60,0.0,0.0
2023-06-06,68.7,63.7,67.3,75,0.2,0.0
2023-06-07,66.2,60.9,64.8,71,0.0,0.0
2023-06-08,67.5,61.3,64.9,65,0.0,0.0
2023-06-09,74.0,65.8,71.8,54,0.0,0.0
2023-06-10,83.9,72.9,83.0,36,0.0,0.0
2023-06-11,69.0,57.3,67.8,83,4.4,0.0
2023-06-12,66.0,57.0,63.0,62,1.1,0.0
2023-06-13,66.8,60.8,62.6,75,10.8,0.0
2023-06-14,66.4,61.0,67.1,87,0.0,0.0
2023-06-15,81.0,61.6,80.9,80,0.2,0.0
2023-06-16,63.1,56.3,59.6,85,0.0,0.0
2023-06-17,72.4,62.6,72.9,77,0.0,0.0
2023-06-18,78.3,69.1,78.3,61,0.0,0.0
2023-06-19,78.5,69.8,77.1,63,0.0,0.0
2023-06-20,73.4,66.2,70.5,68,0.0,0.0
2023-06-21,79.3,69.4,80.1,72,0.0,0.0
2023-06-22,76.9,69.6,76.0,67,0.0,0.0
2023-06-23,77.5,70.7,77.5,66,0.0,0.0
2023-06-24,83.6,74.5,83.7,64,0.0,0.0
2023-06-25,85.1,75.5,89.4,63,7.1,0.0
2023-06-26,75.7,70.3,73.8,76,5.1,0.0
2023-06-27,69.0,65.8,68.3,76,0.2,0.0
2023-06-28,77.6,68.3,79.4,73,0.1,0.0
2023-06-29,86.5,75.2,93.4,77,32.8,0.0
2023-06-30,87.2,77.4,94.2,82,0.0,0.0
2023-07-01,79.8,72.6,91.1,90,23.4,0.0
2023-07-02,70.5,65.9,77.9,98,137.8,0.0
2023-07-03,74.7,68.9,80.7,82,0.0,0.0
2023-07-04,85.3,76.1,91.9,74,0.1,0.0
2023-07-05,85.5,76.0,95.4,84,38.9,0.0
2023-07-06,70.4,68.6,76.9,89,1.0,0.0
2023-07-07,73.5,68.6,76.9,80,0.1,0.0
2023-07-08,69.0,65.9,70.7,84,7.8,0.0
2023-07-09,79.0,70.1,82.3,70,0.3,0.0
2023-07-10,84.3,73.7,85.9,64,0.0,0.0
2023-07-11,83.8,70.5,90.3,77,7.0,0.0
2023-07-12,77.5,68.2,80.6,85,33.8,0.0
2023-07-13,74.1,67.0,76.0,84,0.0,0.0
2023-07-14,87.8,75.5,89.2,77,6.1,0.0
2023-07-15,82.9,74.5,91.0,81,5.8,0.0
2023-07-16,81.9,73.4,80.8,64,0.0,0.0
2023-07-17,74.2,69.8,79.8,71,0.0,0.0
2023-07-18,73.0,67.9,74.1,74,0.0,0.0
2023-07-19,78.4,70.6,82.1,77,0.0,0.0
2023-07-20,85.9,74.5,86.0,72,0.9,0.0
2023-07-21,74.5,69.1,76.8,78,0.1,0.0
2023-07-22,82.9,72.3,85.4,66,0.0,0.0
2023-07-23,79.3,72.3,84.0,75,0.0,0.0
2023-07-24,82.1,73.7,87.1,74,0.0,0.0
2023-07-25,87.6,77.3,89.9,67,0.0,0.0
2023-07-26,89.6,79.4,94.8,79,21.1,0.0
2023-07-27,83.8,77.9,92.3,88,0.0,0.0
2023-07-28,89.9,78.6,103.4,83,23.1,0.0
2023-07-29,74.3,71.8,78.9,85,0.9,0.0
2023-07-30,74.8,69.7,78.1,81,0.1,0.0
2023-07-31,77.1,70.4,79.9,70,0.2,0.0
2023-08-01,82.2,73.7,84.6,69,0.3,0.0
2023-08-02,82.9,74.6,85.4,68,0.0,0.0
2023-08-03,82.4,74.1,88.4,80,0.0,0.0
2023-08-04,78.2,73.5,85.2,83,0.0,0.0
2023-08-05,73.2,70.4,77.9,89,23.3,0.0
2023-08-06,70.3,68.1,69.9,86,5.8,0.0
2023-08-07,73.3,69.2,75.5,81,0.6,0.0
2023-08-08,82.3,72.1,84.1,67,0.4,0.0
2023-08-09,80.7,71.8,81.0,78,0.0,0.0
2023-08-10,82.0,72.4,85.7,78,2.5,0.0
2023-08-11,82.1,73.6,84.4,83,8.7,0.0
2023-08-12,79.5,74.4,86.2,79,7.8,0.0
2023-08-13,75.8,69.7,80.0,81,1.2,0.0
2023-08-14,73.9,69.3,78.9,88,23.3,0.0
2023-08-15,70.2,66.4,71.1,84,4.0,0.0
2023-08-16,79.4,68.8,80.8,73,0.0,0.0
2023-08-17,78.7,70.1,75.2,66,10.4,0.0
2023-08-18,73.0,65.8,73.9,68,0.0,0.0
2023-08-19,79.8,70.2,79.5,71,0.3,0.0
2023-08-20,81.8,75.1,92.0,85,0.0,0.0
2023-08-21,73.6,71.4,77.9,87,0.0,0.0
2023-08-22,82.3,74.8,89.2,86,0.0,0.0
2023-08-23,97.9,85.9,106.6,76,0.0,0.0
2023-08-24,98.6,86.8,106.3,76,21.8,0.0
2023-08-25,76.5,72.1,80.8,88,0.2,0.0
2023-08-26,72.9,69.6,77.3,87,0.8,0.0
2023-08-27,69.4,66.0,67.8,75,0.0,0.0
2023-08-28,74.2,68.7,74.2,67,0.0,0.0
2023-08-29,84.0,70.5,85.4,70,0.2,0.0
2023-08-30,66.0,63.1,62.6,73,0.3,0.0
2023-08-31,71.1,65.3,70.3,71,0.0,0.0
2023-09-01,79.5,69.1,81.2,67,0.0,0.0
2023-09-02,88.5,75.1,84.7,60,0.0,0.0
2023-09-03,94.3,80.8,91.6,54,0.0,0.0
2023-09-04,91.9,81.4,94.3,67,0.2,0.0
2023-09-05,90.7,81.6,91.0,64,0.0,0.0
2023-09-06,85.5,76.7,83.4,72,8.3,0.0
2023-09-07,68.9,67.4,69.7,80,0.1,0.0
2023-09-08,65.2,63.9,63.9,84,13.1,0.0
2023-09-09,69.5,64.6,69.1,76,0.0,0.0
2023-09-10,73.8,66.6,76.6,77,0.0,0.0
2023-09-11,66.3,64.7,66.8,87,48.3,0.0
2023-09-12,64.4,61.4,62.3,82,0.8,0.0
2023-09-13,64.3,59.6,63.7,81,4.8,0.0
2023-09-14,67.4,61.1,67.6,79,0.0,0.0
2023-09-15,73.9,64.2,74.0,71,0.0,0.0
2023-09-16,66.2,62.8,67.4,76,1.8,0.0
2023-09-17,64.0,60.7,61.6,90,50.9,0.0
2023-09-18,64.0,60.4,63.6,85,0.4,0.0
2023-09-19,66.7,61.6,66.8,84,8.4,0.0
2023-09-20,77.9,68.2,77.2,68,0.0,0.0
2023-09-21,72.1,67.9,74.1,82,0.1,0.0
2023-09-22,74.4,68.9,78.2,80,1.5,0.0
2023-09-23,72.2,67.4,71.6,70,0.0,0.0
2023-09-24,71.4,64.4,71.5,74,0.0,0.0
2023-09-25,70.3,65.7,72.2,82,3.8,0.0
2023-09-26,70.9,65.5,72.3,88,23.0,0.0
2023-09-27,67.2,64.5,66.3,88,3.5,0.0
2023-09-28,67.2,64.0,67.7,89,0.9,0.0
2023-09-29,70.6,64.5,73.1,88,0.1,0.0
2023-09-30,77.4,67.7,79.5,82,0.0,0.0
2023-10-01,76.5,68.4,81.6,82,0.0,0.0
2023-10-02,79.8,69.6,83.9,80,0.0,0.0
2023-10-03,82.0,71.1,81.5,66,0.0,0.0
2023-10-04,82.0,73.9,76.9,60,0.4,0.0
2023-10-05,71.1,65.7,71.2,84,11.3,0.0
2023-10-06,60.4,52.9,53.2,66,0.4,0.0
2023-10-07,56.7,49.9,47.8,65,0.1,0.0
2023-10-08,54.0,49.0,48.0,66,0.0,0.0
2023-10-09,54.7,47.9,46.5,64,0.0,0.0
2023-10-10,59.4,49.4,51.3,57,0.0,0.0
2023-10-11,63.1,51.9,59.8,67,12.7,0.0
2023-10-12,59.5,56.6,55.4,86,9.1,0.0
2023-10-13,58.0,55.9,53.3,87,16.6,0.0
2023-10-14,55.2,53.6,49.1,82,18.3,0.0
2023-10-15,56.8,51.4,49.9,76,1.5,0.0
2023-10-16,54.5,51.6,47.3,81,1.9,0.0
2023-10-17,59.8,49.0,54.8,81,0.0,0.0
2023-10-18,64.5,54.8,57.1,75,1.3,0.0
2023-10-19,60.4,56.1,56.4,86,6.0,0.0
2023-10-20,58.3,52.8,51.2,79,3.4,0.0
2023-10-21,63.6,51.5,57.5,82,3.3,0.0
2023-10-22,52.3,47.3,47.1,81,0.0,0.0
2023-10-23,62.2,52.5,56.7,73,0.0,0.0
2023-10-24,76.0,65.6,72.7,66,0.3,0.0
2023-10-25,66.0,62.7,67.0,85,9.5,0.0
2023-10-26,67.1,64.7,63.7,86,11.6,0.0
2023-10-27,70.5,62.7,68.6,86,4.3,0.0
2023-10-28,49.6,45.9,44.0,72,1.1,0.0
2023-10-29,49.9,47.3,43.3,81,11.3,0.0
2023-10-30,40.9,36.3,30.4,63,0.0,0.0
2023-10-31,37.0,33.1,25.5,69,1.8,0.91
2023-11-01,41.5,35.1,31.1,72,0.2,0.0
2023-11-02,51.0,41.8,41.2,63,0.0,0.0
2023-11-03,53.2,48.1,48.0,60,0.1,0.0
2023-11-04,54.4,48.4,48.9,82,0.0,0.0
2023-11-05,56.8,45.6,50.6,82,0.0,0.0
2023-11-06,67.5,57.3,61.5,67,1.3,0.0
2023-11-07,54.2,47.9,47.7,77,0.0,0.0
2023-11-08,59.5,51.1,59.8,88,12.2,0.0
2023-11-09,53.8,46.3,43.5,68,0.0,0.0
2023-11-10,46.7,42.3,37.2,66,0.0,0.0
2023-11-11,49.9,41.2,43.9,76,0.0,0.0
2023-11-12,53.2,45.8,44.0,62,0.0,0.0
2023-11-13,58.6,47.7,50.3,62,0.0,0.0
2023-11-14,57.0,44.3,48.9,65,0.0,0.0
2023-11-15,60.0,48.3,55.2,64,0.0,0.0
2023-11-16,62.2,52.8,55.1,72,0.0,0.0
2023-11-17,59.6,47.9,53.3,79,0.7,0.0
2023-11-18,49.6,39.1,39.7,66,0.0,0.0
2023-11-19,49.6,43.3,44.2,79,0.0,0.0
2023-11-20,46.7,44.6,39.0,77,3.6,0.0
2023-11-21,45.1,42.1,40.3,85,13.4,0.0
2023-11-22,45.1,38.9,37.1,80,0.0,0.0
2023-11-23,44.2,38.5,34.7,72,0.0,0.0
2023-11-24,38.8,33.2,29.9,73,0.0,0.0
2023-11-25,35.4,32.5,29.6,70,0.0,0.0
2023-11-26,34.6,31.6,26.4,81,3.3,2.31
2023-11-27,28.0,24.3,16.8,63,0.0,0.0
2023-11-28,24.5,18.5,13.3,53,0.0,0.0
2023-11-29,42.0,29.8,31.6,65,0.0,0.0
2023-11-30,50.6,40.2,41.4,78,0.2,0.0
2023-12-01,43.9,42.0,38.8,91,18.1,0.0
2023-12-02,42.9,40.8,36.9,86,0.6,0.0
2023-12-03,40.2,38.4,35.9,90,7.6,0.0
2023-12-04,40.6,35.4,33.3,83,0.0,0.0
2023-12-05,40.1,35.4,31.2,88,3.2,1.33
2023-12-06,38.1,33.7,29.3,79,0.0,0.0
2023-12-07,51.4,42.0,45.3,73,0.0,0.0
2023-12-08,55.8,49.3,47.8,73,0.0,0.0
2023-12-09,53.8,47.3,46.3,75,2.0,0.0
2023-12-10,36.0,33.8,26.9,70,0.0,0.0
2023-12-11,34.9,30.1,26.3,73,0.0,0.0
2023-12-12,36.7,32.3,26.5,69,0.0,0.0
2023-12-13,38.7,29.5,28.8,61,0.0,0.0
2023-12-14,47.1,36.1,39.1,69,0.0,0.0
2023-12-15,50.5,39.8,43.9,71,0.0,0.0
2023-12-16,43.0,41.2,37.0,79,9.1,0.0
2023-12-17,44.0,41.7,38.0,89,0.0,0.0
2023-12-18,35.9,29.8,26.8,61,0.1,0.07
2023-12-19,32.6,25.2,21.0,51,0.0,0.0
2023-12-20,41.9,33.1,35.9,66,0.0,0.0
2023-12-21,42.3,37.4,36.2,86,1.0,0.0
2023-12-22,46.6,42.8,41.3,88,12.0,0.0
2023-12-23,46.9,44.3,43.8,98,0.9,0.0
2023-12-24,55.9,48.7,51.8,95,0.0,0.0
2023-12-25,52.2,50.0,44.8,87,8.2,0.0
2023-12-26,52.3,41.1,46.7,84,0.6,0.0
2023-12-27,40.6,36.9,32.1,82,0.0,0.0
2023-12-28,40.5,38.8,33.6,92,4.1,0.0
2023-12-29,40.7,38.6,32.7,92,4.5,0.0
2023-12-30,42.2,32.8,33.6,85,0.0,0.0
2023-12-31,33.6,31.9,24.9,82,1.5,1.05
2024-01-01,34.4,31.2,25.5,75,0.4,0.28
2024-01-02,36.5,29.2,26.3,78,0.0,0.0
2024-01-03,35.7,32.2,27.3,79,0.0,0.0
2024-01-04,33.8,29.3,28.0,75,0.0,0.0
2024-01-05,35.8,29.0,27.9,78,0.0,0.0
2024-01-06,33.3,31.7,28.1,89,5.2,3.57
2024-01-07,34.7,31.7,26.3,85,1.2,0.84
2024-01-08,37.4,32.6,28.9,82,0.2,0.07
2024-01-09,36.3,34.1,27.9,96,27.9,10.5
2024-01-10,33.4,31.2,22.3,82,1.2,0.77
2024-01-11,33.8,30.3,25.1,82,0.9,0.63
2024-01-12,37.6,33.7,27.8,92,22.8,8.96
2024-01-13,33.2,22.1,22.7,78,2.3,1.61
2024-01-14,2.8,-5.8,-14.2,63,0.5,0.35
2024-01-15,0.8,-6.0,-12.1,63,0.0,0.0
2024-01-16,2.0,-1.7,-13.4,62,0.0,0.14
2024-01-17,18.3,10.2,7.8,64,0.1,0.07
2024-01-18,24.6,19.9,16.6,72,0.9,0.63
2024-01-19,13.6,11.3,2.0,69,3.6,2.52
2024-01-20,19.8,10.4,7.6,64,0.0,0.0
2024-01-21,22.9,11.2,11.0,60,0.0,0.0
2024-01-22,32.9,27.9,25.0,71,1.6,0.21
2024-01-23,35.6,32.8,31.2,94,9.1,0.0
2024-01-24,36.7,33.8,30.2,99,5.5,0.0
2024-01-25,39.5,36.1,34.0,97,7.5,0.0
2024-01-26,39.1,36.5,32.4,96,9.5,0.0
2024-01-27,37.7,35.2,31.6,98,2.3,0.0
2024-01-28,37.3,35.3,28.1,90,2.9,0.0
2024-01-29,43.3,33.5,34.8,86,0.0,0.0
2024-01-30,40.4,35.6,32.4,87,3.2,0.7
2024-01-31,45.0,35.8,36.3,84,0.0,0.0
2024-02-01,51.1,38.1,47.3,87,0.0,0.0
2024-02-02,37.8,34.5,29.4,90,0.0,0.0
2024-02-03,37.9,32.3,29.8,88,0.0,0.0
2024-02-04,37.4,32.9,28.7,87,0.0,0.0
2024-02-05,37.6,33.6,27.7,90,0.0,0.0
2024-02-06,44.6,34.4,39.4,91,0.0,0.0
2024-02-07,46.0,36.8,38.8,79,0.0,0.0
2024-02-08,57.7,48.6,47.5,69,0.0,0.0
2024-02-09,55.1,46.4,46.1,72,0.0,0.0
2024-02-10,41.7,34.0,33.7,75,0.0,0.0
2024-02-11,38.5,31.5,32.7,80,0.0,0.0
2024-02-12,43.0,31.6,36.7,75,0.0,0.0
2024-02-13,39.7,32.2,31.5,73,0.0,0.0
2024-02-14,42.5,33.5,34.8,73,0.0,0.0
2024-02-15,42.4,37.3,31.4,64,6.5,1.61
2024-02-16,30.5,28.3,21.5,61,0.8,0.56
2024-02-17,28.6,20.6,14.3,42,0.0,0.0
2024-02-18,43.8,31.4,33.0,50,0.0,0.0
2024-02-19,46.5,31.8,39.6,67,0.0,0.0
2024-02-20,54.5,39.0,44.6,66,0.0,0.0
2024-02-21,59.5,47.6,51.9,67,0.1,0.0
2024-02-22,47.4,43.2,42.0,81,0.2,0.0
2024-02-23,46.5,37.8,40.4,74,2.8,1.89
2024-02-24,30.3,27.4,23.5,66,0.3,0.21
2024-02-25,57.2,41.5,49.9,61,0.0,0.0
2024-02-26,65.7,49.3,58.0,73,0.0,0.0
2024-02-27,71.2,58.9,68.4,83,5.6,0.0
2024-02-28,52.7,30.9,47.1,54,0.3,0.07
2024-02-29,42.4,30.2,30.1,37,0.0,0.0
2024-03-01,42.5,36.4,33.1,59,0.0,0.0
2024-03-02,55.6,42.5,48.6,78,0.0,0.0
2024-03-03,66.2,52.7,57.6,73,0.0,0.0
2024-03-04,72.4,61.1,65.4,77,0.3,0.0
2024-03-05,50.1,40.3,43.4,86,14.3,0.0
2024-03-06,42.7,40.0,33.9,84,0.0,0.0
2024-03-07,44.3,40.1,39.0,84,0.0,0.0
2024-03-08,44.4,42.0,39.2,94,23.7,0.0
2024-03-09,45.0,39.5,36.4,70,0.1,0.0
2024-03-10,43.9,34.8,34.9,61,0.0,0.0
2024-03-11,61.6,45.5,50.8,58,0.0,0.0
2024-03-12,66.2,55.7,58.0,57,0.0,0.0
2024-03-13,54.8,49.5,52.8,79,2.9,0.0
2024-03-14,65.2,47.4,60.1,87,24.4,0.0
2024-03-15,41.9,38.9,35.9,86,0.0,0.0
2024-03-16,57.7,45.9,47.2,65,0.0,0.0
2024-03-17,40.8,35.2,29.2,54,0.1,0.07
2024-03-18,37.1,30.2,26.6,57,0.0,0.0
2024-03-19,54.8,39.8,43.6,55,0.0,0.0
2024-03-20,39.5,35.0,30.5,54,0.0,0.0
2024-03-21,36.8,31.7,31.3,66,0.0,0.0
2024-03-22,37.9,34.5,30.1,75,13.1,9.1
2024-03-23,34.5,32.4,25.3,70,0.4,0.28
2024-03-24,43.6,37.4,33.5,63,0.0,0.0
2024-03-25,59.5,51.0,50.9,63,12.1,0.0
2024-03-26,55.1,48.2,46.9,77,7.1,0.0
2024-03-27,43.7,35.3,33.7,59,0.0,0.0
2024-03-28,51.1,38.2,41.3,63,0.0,0.0
2024-03-29,44.0,38.4,36.6,72,5.2,0.0
2024-03-30,61.1,47.0,57.8,87,6.2,0.0
2024-03-31,42.8,39.7,37.6,90,8.7,0.0
2024-04-01,46.1,43.1,39.6,90,17.4,0.0
2024-04-02,60.2,43.7,56.5,90,5.5,0.0
2024-04-03,37.0,36.0,26.0,88,10.1,3.22
2024-04-04,40.5,37.3,29.2,84,2.7,0.7
2024-04-05,44.2,39.2,35.7,73,0.0,0.0
2024-04-06,44.7,38.8,40.3,81,0.0,0.0
2024-04-07,52.8,44.9,43.0,76,11.4,0.0
2024-04-08,70.7,57.2,63.8,63,0.0,0.0
2024-04-09,62.0,55.2,57.3,60,0.0,0.0
2024-04-10,59.5,49.8,57.4,74,0.0,0.0
2024-04-11,51.2,48.2,46.3,86,8.7,0.0
2024-04-12,60.4,51.4,51.2,73,4.9,0.0
2024-04-13,66.7,53.9,61.3,57,0.0,0.0
2024-04-14,74.6,62.1,75.0,62,0.0,0.0
2024-04-15,64.9,53.8,65.3,70,0.0,0.0
2024-04-16,69.0,57.8,65.3,70,19.6,0.0
2024-04-17,65.9,61.8,60.6,71,1.4,0.0
2024-04-18,53.3,49.3,50.0,80,6.7,0.0
2024-04-19,55.3,48.0,45.7,57,0.0,0.0
2024-04-20,44.8,40.5,34.4,52,0.0,0.0
2024-04-21,55.4,43.6,49.4,63,0.0,0.0
2024-04-22,63.1,51.5,55.2,55,0.0,0.0
2024-04-23,62.4,55.5,56.4,62,1.5,0.0
2024-04-24,41.7,39.1,33.1,75,0.0,0.0
2024-04-25,50.2,42.6,47.1,79,0.0,0.0
2024-04-26,58.8,50.8,52.6,73,2.3,0.0
2024-04-27,78.0,67.9,75.0,79,1.5,0.0
2024-04-28,76.8,68.0,72.8,77,6.5,0.0
2024-04-29,70.8,65.1,65.8,76,9.5,0.0
2024-04-30,70.1,59.2,71.1,70,0.0,0.0
2024-05-01,72.4,65.6,68.3,61,1.0,0.0
2024-05-02,77.3,61.8,79.1,76,2.0,0.0
2024-05-03,63.5,57.4,64.3,90,2.8,0.0
2024-05-04,70.5,60.5,75.9,90,0.8,0.0
2024-05-05,58.8,53.2,54.7,83,0.0,0.0
2024-05-06,62.3,54.9,61.8,83,0.0,0.0
2024-05-07,71.5,61.9,74.7,82,19.1,0.0
2024-05-08,73.0,62.3,74.4,64,0.0,0.0
2024-05-09,57.0,53.3,51.4,89,7.4,0.0
2024-05-10,65.8,55.5,62.9,77,0.1,0.0
2024-05-11,63.3,55.8,56.6,73,2.1,0.0
2024-05-12,77.9,63.0,74.5,66,0.6,0.0
2024-05-13,76.9,66.9,77.7,69,14.6,0.0
2024-05-14,61.9,54.8,64.4,91,10.1,0.0
2024-05-15,57.1,53.3,52.7,81,0.0,0.0
2024-05-16,73.3,61.2,72.8,83,1.5,0.0
2024-05-17,71.6,61.1,77.6,94,0.0,0.0
2024-05-18,80.8,68.6,83.3,76,0.6,0.0
2024-05-19,67.9,63.9,68.2,72,0.0,0.0
2024-05-20,83.3,71.1,82.9,67,1.3,0.0
2024-05-21,88.3,73.6,85.2,70,0.3,0.0
2024-05-22,75.6,69.3,70.4,56,0.0,0.0
2024-05-23,77.2,67.0,75.2,54,0.0,0.0
2024-05-24,76.0,69.5,76.3,72,2.2,0.0
2024-05-25,67.4,63.7,67.3,63,0.0,0.0
2024-05-26,69.2,63.3,73.2,78,18.6,0.0
2024-05-27,71.8,63.0,67.2,74,0.3,0.0
2024-05-28,67.5,60.3,70.0,81,7.7,0.0
2024-05-29,60.8,56.1,57.9,78,5.1,0.0
2024-05-30,62.1,55.0,60.4,73,0.0,0.0
2024-05-31,73.9,63.4,73.9,69,0.0,0.0
2024-06-01,68.5,63.8,69.3,79,15.4,0.0
2024-06-02,67.9,61.8,70.7,88,0.0,0.0
2024-06-03,82.9,70.6,84.7,75,0.0,0.0
2024-06-04,81.1,73.7,85.6,74,4.4,0.0
2024-06-05,79.1,71.7,78.4,78,11.3,0.0
2024-06-06,75.7,69.6,68.7,54,0.1,0.0
2024-06-07,76.7,66.4,71.3,62,0.0,0.0
2024-06-08,80.1,64.1,77.9,77,2.0,0.0
2024-06-09,78.4,65.3,71.8,64,0.0,0.0
2024-06-10,60.6,57.1,56.7,67,0.0,0.0
2024-06-11,75.5,63.4,73.9,60,0.0,0.0
2024-06-12,90.4,76.8,88.5,48,0.0,0.0
2024-06-13,88.6,77.7,89.9,66,4.6,0.0
2024-06-14,76.0,69.3,79.1,71,0.0,0.0
2024-06-15,85.2,72.8,83.7,57,0.0,0.0
2024-06-16,92.3,79.6,91.2,50,0.4,0.0
2024-06-17,93.7,84.9,94.4,58,0.1,0.0
2024-06-18,91.4,82.4,90.4,62,2.8,0.0
2024-06-19,92.5,84.3,93.1,55,0.0,0.0
2024-06-20,78.5,71.2,84.9,83,1.6,0.0
2024-06-21,92.6,77.8,94.4,69,0.0,0.0
2024-06-22,94.7,85.6,90.7,49,0.1,0.0
2024-06-23,80.0,74.2,82.0,80,3.4,0.0
2024-06-24,81.7,74.6,83.6,67,0.0,0.0
2024-06-25,91.9,80.6,96.2,67,7.2,0.0
2024-06-26,85.6,76.5,89.9,74,0.8,0.0
2024-06-27,66.6,64.6,65.6,66,0.0,0.0
2024-06-28,73.4,69.0,77.4,82,14.3,0.0
2024-06-29,88.1,78.8,93.8,75,4.2,0.0
2024-06-30,71.2,62.4,69.2,71,0.0,0.0
2024-07-01,69.7,63.9,68.8,69,0.0,0.0
2024-07-02,83.9,72.5,80.0,57,0.2,0.0
2024-07-03,87.9,78.6,94.1,66,13.3,0.0
2024-07-04,78.4,73.8,82.6,82,0.9,0.0
2024-07-05,81.1,73.7,80.7,70,1.2,0.0
2024-07-06,76.6,70.0,78.5,75,0.2,0.0
2024-07-07,86.5,73.2,89.5,76,10.5,0.0
2024-07-08,87.4,77.4,88.3,68,0.7,0.0
2024-07-09,76.2,71.9,80.2,87,15.6,0.0
2024-07-10,74.9,70.4,81.1,86,16.0,0.0
2024-07-11,72.8,69.2,78.1,90,0.0,0.0
2024-07-12,78.3,71.5,85.2,85,0.0,0.0
2024-07-13,87.7,76.7,94.1,77,2.6,0.0
2024-07-14,89.3,78.1,92.8,80,44.2,0.0
2024-07-15,91.0,78.9,100.1,78,29.8,0.0
2024-07-16,86.7,76.8,91.3,83,7.2,0.0
2024-07-17,79.3,71.8,80.7,76,0.5,0.0
2024-07-18,69.3,66.4,69.8,69,0.1,0.0
2024-07-19,75.0,67.5,78.0,72,0.0,0.0
2024-07-20,76.3,69.9,79.2,71,0.0,0.0
2024-07-21,79.1,71.0,83.1,78,0.0,0.0
2024-07-22,75.4,71.3,81.3,86,0.5,0.0
2024-07-23,85.3,73.6,87.7,80,2.3,0.0
2024-07-24,71.9,69.4,75.1,84,0.7,0.0
2024-07-25,72.1,68.4,73.7,74,0.0,0.0
2024-07-26,77.4,70.0,78.9,70,0.0,0.0
2024-07-27,82.3,73.2,82.5,66,0.0,0.0
2024-07-28,83.0,74.6,86.7,78,10.4,0.0
2024-07-29,81.1,74.5,85.5,85,11.7,0.0
2024-07-30,84.9,77.6,95.6,83,0.0,0.0
2024-07-31,89.2,79.3,97.3,77,2.9,0.0
2024-08-01,85.6,77.6,91.3,81,10.5,0.0
2024-08-02,77.9,74.2,83.1,85,0.6,0.0
2024-08-03,82.8,75.7,92.0,80,0.0,0.0
2024-08-04,87.6,77.9,92.1,72,0.1,0.0
2024-08-05,85.2,76.0,96.4,81,4.5,0.0
2024-08-06,77.5,69.9,82.3,85,0.8,0.0
2024-08-07,74.9,69.4,73.8,74,0.0,0.0
2024-08-08,82.6,74.0,87.2,71,0.0,0.0
2024-08-09,76.6,69.1,71.9,55,0.0,0.0
2024-08-10,78.4,67.6,70.7,52,0.0,0.0
2024-08-11,81.2,70.2,75.7,50,0.0,0.0
2024-08-12,80.5,70.7,82.4,58,0.0,0.0
2024-08-13,81.3,73.0,83.2,61,0.0,0.0
2024-08-14,81.4,74.3,81.3,68,0.0,0.0
2024-08-15,73.7,71.2,77.1,83,13.9,0.0
2024-08-16,85.6,75.3,89.7,80,13.3,0.0
2024-08-17,79.0,71.8,81.7,84,20.3,0.0
2024-08-18,72.6,69.1,71.6,86,0.7,0.0
2024-08-19,70.3,66.5,68.6,77,0.0,0.0
2024-08-20,68.2,64.4,66.5,69,0.0,0.0
2024-08-21,70.8,64.4,70.7,72,0.0,0.0
2024-08-22,76.4,65.4,76.3,69,0.0,0.0
2024-08-23,81.0,69.2,79.9,65,0.0,0.0
2024-08-24,84.1,73.2,89.5,73,0.1,0.0
2024-08-25,92.1,81.8,92.7,59,0.0,0.0
2024-08-26,96.3,85.3,99.6,54,0.2,0.0
2024-08-27,97.2,85.8,106.0,65,0.3,0.0
2024-08-28,85.9,76.9,91.6,82,0.5,0.0
2024-08-29,79.9,74.3,84.9,81,0.0,0.0
2024-08-30,88.8,78.2,93.9,75,4.3,0.0
2024-08-31,82.5,74.2,84.5,63,0.0,0.0
2024-09-01,72.5,67.9,71.4,69,0.0,0.0
2024-09-02,71.1,65.7,69.2,62,0.0,0.0
2024-09-03,73.2,66.0,71.5,61,0.0,0.0
2024-09-04,79.4,69.3,77.3,63,0.0,0.0
2024-09-05,88.7,75.7,86.7,59,10.0,0.0
2024-09-06,69.1,65.2,72.5,74,0.8,0.0
2024-09-07,61.3,56.5,54.2,66,0.7,0.0
2024-09-08,73.7,61.0,68.6,59,0.0,0.0
2024-09-09,81.4,68.4,77.8,49,0.0,0.0
2024-09-10,82.9,69.6,78.1,49,0.0,0.0
2024-09-11,85.0,72.0,82.6,54,0.0,0.0
2024-09-12,81.8,72.5,82.5,69,0.0,0.0
2024-09-13,80.0,73.2,79.5,65,0.0,0.0
2024-09-14,82.9,74.9,83.7,65,0.0,0.0
2024-09-15,84.6,75.3,84.9,65,0.0,0.0
2024-09-16,84.1,74.3,83.2,56,0.0,0.0
2024-09-17,78.3,70.7,78.5,69,0.0,0.0
2024-09-18,80.6,70.8,80.0,65,0.0,0.0
2024-09-19,86.5,73.7,85.7,55,0.0,0.0
2024-09-20,88.7,76.3,89.2,67,5.1,0.0
2024-09-21,87.0,75.3,86.5,63,0.0,0.0
2024-09-22,74.8,70.4,76.6,80,23.6,0.0
2024-09-23,65.2,62.9,63.9,78,1.1,0.0
2024-09-24,67.2,64.2,70.1,90,22.3,0.0
2024-09-25,71.8,64.0,71.4,80,0.0,0.0
2024-09-26,71.0,64.2,70.8,82,0.0,0.0
2024-09-27,67.2,65.6,63.8,76,0.0,0.0
2024-09-28,66.2,64.1,63.5,84,3.3,0.0
2024-09-29,68.8,66.0,67.1,84,0.1,0.0
2024-09-30,72.7,67.7,75.5,86,0.0,0.0
2024-10-01,66.5,63.3,66.5,65,0.1,0.0
2024-10-02,68.3,59.1,61.3,56,0.0,0.0
2024-10-03,73.7,62.2,72.0,63,0.0,0.0
2024-10-04,67.8,63.3,64.3,72,1.2,0.0
2024-10-05,79.3,67.9,73.5,65,0.0,0.0
2024-10-06,73.3,67.6,68.4,46,0.0,0.0
2024-10-07,66.0,57.3,60.0,49,0.0,0.0
2024-10-08,72.2,59.8,64.6,52,0.0,0.0
2024-10-09,65.4,58.2,62.9,73,0.0,0.0
2024-10-10,67.1,60.4,61.6,62,0.0,0.0
2024-10-11,82.7,66.8,74.0,46,0.0,0.0
2024-10-12,67.6,60.9,62.1,76,18.0,0.0
2024-10-13,65.2,58.1,58.4,73,0.8,0.0
2024-10-14,53.5,49.0,45.7,74,2.7,0.0
2024-10-15,48.7,45.9,39.8,74,5.3,0.21
2024-10-16,53.7,46.0,49.1,67,0.0,0.0
2024-10-17,61.4,48.5,53.4,57,0.0,0.0
2024-10-18,65.1,52.8,57.6,57,0.0,0.0
2024-10-19,68.5,54.7,63.3,61,0.0,0.0
2024-10-20,75.3,61.0,68.9,51,0.0,0.0
2024-10-21,77.8,63.9,72.2,49,0.0,0.0
2024-10-22,72.9,63.1,65.6,53,0.2,0.0
2024-10-23,64.2,57.9,57.8,60,0.0,0.0
2024-10-24,62.6,51.7,55.2,63,0.0,0.0
2024-10-25,65.0,55.3,62.0,72,21.3,0.0
2024-10-26,53.9,48.7,47.1,63,0.0,0.0
2024-10-27,56.5,46.1,49.2,71,0.0,0.0
2024-10-28,64.0,53.2,56.1,61,0.0,0.0
2024-10-29,77.9,70.7,72.4,62,0.0,0.0
2024-10-30,76.6,70.6,71.5,61,0.0,0.0
2024-10-31,69.2,60.7,62.9,67,4.2,0.0
2024-11-01,50.6,44.6,47.0,73,0.0,0.0
2024-11-02,54.5,46.7,48.1,76,0.0,0.0
2024-11-03,62.7,54.5,58.9,71,1.1,0.0
2024-11-04,69.1,64.5,66.8,89,9.1,0.0
2024-11-05,68.1,64.1,63.7,89,32.3,0.0
2024-11-06,58.6,53.7,56.6,82,0.0,0.0
2024-11-07,56.0,48.5,51.4,78,0.0,0.0
2024-11-08,58.7,49.8,52.6,75,0.0,0.0
2024-11-09,54.3,50.3,48.0,78,0.6,0.0
2024-11-10,61.4,54.0,53.2,78,3.8,0.0
2024-11-11,56.0,49.3,47.4,72,0.0,0.0
2024-11-12,47.0,45.8,40.5,70,0.0,0.0
2024-11-13,50.3,45.3,44.7,79,7.0,0.0
2024-11-14,55.7,51.4,52.1,90,13.0,0.0
2024-11-15,52.5,48.7,49.5,84,0.2,0.0
2024-11-16,52.2,47.4,46.2,80,0.0,0.0
2024-11-17,58.6,51.5,56.3,84,2.7,0.0
2024-11-18,57.7,53.2,52.7,95,10.9,0.0
2024-11-19,62.3,58.0,57.5,77,2.2,0.0
2024-11-20,47.5,42.3,42.9,72,2.1,0.21
2024-11-21,40.8,35.0,31.1,82,9.4,5.46
2024-11-22,47.0,42.4,40.7,83,0.0,0.0
2024-11-23,43.7,40.4,36.9,83,0.0,0.0
2024-11-24,48.5,42.3,43.8,86,0.0,0.0
2024-11-25,51.9,47.3,48.2,85,0.5,0.0
2024-11-26,37.3,32.9,29.0,68,0.0,0.0
2024-11-27,41.5,37.7,36.5,77,0.0,0.0
2024-11-28,39.7,30.7,32.3,75,0.1,0.0
2024-11-29,27.9,24.5,17.4,53,0.0,0.0
2024-11-30,26.5,20.6,15.6,53,0.0,0.0
2024-12-01,26.2,20.0,16.4,52,0.0,0.0
2024-12-02,27.0,21.0,18.4,65,0.0,0.0
2024-12-03,29.7,23.7,20.3,69,0.0,0.0
2024-12-04,38.1,29.6,27.0,67,0.5,0.14
2024-12-05,29.1,20.0,18.5,46,0.0,0.0
2024-12-06,30.7,23.0,20.0,55,0.0,0.0
2024-12-07,44.4,34.4,34.5,53,0.0,0.0
2024-12-08,49.7,44.3,45.4,73,0.0,0.0
2024-12-09,47.8,45.6,42.1,81,0.1,0.0
2024-12-10,41.8,33.8,34.4,76,0.0,0.0
2024-12-11,32.8,27.0,22.8,63,0.7,0.49
2024-12-12,15.9,11.4,6.7,43,0.0,0.0
2024-12-13,25.8,17.9,16.6,73,0.0,0.0
2024-12-14,36.9,31.0,28.5,78,7.1,0.0
2024-12-15,45.9,41.5,42.3,96,3.4,0.0
2024-12-16,52.2,43.5,48.0,93,1.4,0.0
2024-12-17,39.7,35.8,33.9,81,0.0,0.0
2024-12-18,34.1,31.4,27.6,81,0.6,0.42
2024-12-19,32.3,28.9,25.6,72,2.0,1.4
2024-12-20,33.9,30.4,27.0,86,2.4,1.54
2024-12-21,22.8,19.7,14.0,76,0.0,0.0
2024-12-22,31.7,24.5,23.1,75,0.0,0.0
2024-12-23,39.6,34.6,33.2,79,0.7,0.35
2024-12-24,36.8,34.6,29.3,83,0.0,0.0
2024-12-25,37.0,34.5,31.2,87,0.0,0.0
2024-12-26,46.7,41.2,42.5,95,1.0,0.0
2024-12-27,49.4,44.7,44.0,95,5.8,0.0
2024-12-28,49.8,47.4,45.0,88,1.1,0.0
2024-12-29,43.5,40.4,40.2,95,14.5,0.0
2024-12-30,42.3,36.9,37.9,90,0.0,0.0
2024-12-31,40.3,37.0,32.6,90,7.5,0.0
2025-01-01,33.4,29.9,25.8,70,0.1,0.07
2025-01-02,31.5,27.7,22.9,63,0.2,0.14
2025-01-03,26.5,23.2,17.9,56,0.0,0.0
2025-01-04,22.8,17.7,13.0,49,0.0,0.0
2025-01-05,27.9,20.2,18.0,56,0.4,0.21
2025-01-06,30.5,28.1,19.3,75,3.2,2.17
2025-01-07,24.6,21.1,16.8,60,0.0,0.0
2025-01-08,24.7,19.3,15.9,57,0.0,0.0
2025-01-09,25.3,18.4,15.2,62,0.0,0.0
2025-01-10,28.5,25.4,21.7,86,4.0,2.8
2025-01-11,30.5,26.0,23.4,83,0.0,0.0
2025-01-12,34.7,29.4,26.0,84,2.1,1.4
2025-01-13,23.6,14.7,13.5,65,0.0,0.0
2025-01-14,15.8,10.9,7.2,70,1.4,0.98
2025-01-15,16.9,9.9,5.2,70,0.1,0.07
2025-01-16,35.9,28.1,27.8,77,0.4,0.28
2025-01-17,41.1,32.5,30.7,77,0.0,0.0
2025-01-18,38.7,28.4,30.5,61,0.0,0.0
2025-01-19,17.4,8.7,5.8,38,0.0,0.0
2025-01-20,10.9,4.8,-1.7,41,0.0,0.0
2025-01-21,4.3,-1.2,-6.6,37,0.0,0.0
2025-01-22,23.1,12.3,12.8,56,0.8,0.56
2025-01-23,24.4,16.8,15.1,75,0.9,0.63
2025-01-24,19.3,10.5,8.5,67,0.0,0.0
2025-01-25,37.1,27.4,26.9,66,0.0,0.0
2025-01-26,29.9,23.7,21.3,55,0.0,0.0
2025-01-27,39.5,28.6,28.4,48,0.0,0.0
2025-01-28,44.2,36.4,32.9,57,0.0,0.0
2025-01-29,43.5,38.6,34.5,62,0.0,0.0
2025-01-30,47.2,37.0,38.7,73,15.9,0.0
2025-01-31,39.7,36.5,35.9,93,30.8,0.0
2025-02-01,33.5,30.2,24.0,73,0.0,0.0
2025-02-02,47.8,37.9,43.4,82,0.5,0.28
2025-02-03,45.1,38.3,42.0,92,0.0,0.0
2025-02-04,33.7,26.8,24.6,75,0.0,0.0
2025-02-05,31.6,27.9,22.6,71,0.9,0.14
2025-02-06,36.8,32.8,27.2,71,1.1,0.21
2025-02-07,30.7,24.8,23.6,49,0.0,0.0
2025-02-08,32.4,30.1,24.5,74,0.4,0.28
2025-02-09,30.5,27.3,23.3,65,0.0,0.0
2025-02-10,32.2,25.0,25.6,52,0.0,0.0
2025-02-11,26.9,25.3,20.3,73,0.4,0.28
2025-02-12,27.3,26.1,20.2,83,8.9,6.16
2025-02-13,26.9,15.5,19.7,78,0.9,0.56
2025-02-14,25.2,12.4,15.3,73,4.9,3.43
2025-02-15,31.7,29.8,26.1,85,0.0,0.0
2025-02-16,29.7,23.5,19.8,81,0.8,0.56
2025-02-17,9.4,3.9,-1.9,68,0.0,0.0
2025-02-18,6.3,-0.1,-3.2,65,0.0,0.0
2025-02-19,11.6,6.7,1.8,67,0.1,0.07
2025-02-20,18.1,10.9,8.4,73,0.0,0.0
2025-02-21,23.7,16.7,15.3,72,0.0,0.0
2025-02-22,30.0,22.2,20.7,67,0.0,0.0
2025-02-23,40.9,31.2,36.1,71,0.0,0.0
2025-02-24,52.6,43.8,46.5,71,0.3,0.0
2025-02-25,51.1,41.8,48.1,85,2.1,0.0
2025-02-26,46.5,38.5,41.4,89,1.3,0.0
2025-02-27,47.6,40.0,39.4,77,1.1,0.0
2025-02-28,55.8,43.3,46.1,61,0.0,0.0
2025-03-01,35.4,26.3,25.8,54,0.0,0.0
2025-03-02,33.2,26.3,28.0,57,0.0,0.0
2025-03-03,45.9,37.3,37.2,55,0.0,0.0
2025-03-04,52.1,45.6,48.3,74,10.9,0.0
2025-03-05,51.4,42.9,45.1,85,11.6,0.91
2025-03-06,39.5,32.5,31.0,61,0.0,0.0
2025-03-07,35.3,33.5,30.7,86,3.9,1.82
2025-03-08,48.5,37.7,40.5,71,0.0,0.0
2025-03-09,55.7,43.9,48.0,63,0.0,0.0
2025-03-10,63.8,51.0,58.2,58,0.0,0.0
2025-03-11,54.7,42.5,45.5,69,0.0,0.0
2025-03-12,43.8,38.6,39.4,65,0.0,0.0
2025-03-13,49.3,41.4,46.5,75,0.0,0.0
2025-03-14,73.9,60.5,69.0,58,0.2,0.0
2025-03-15,67.4,59.0,58.5,67,10.2,0.0
2025-03-16,42.1,34.4,35.5,86,13.4,4.34
2025-03-17,50.4,37.9,40.7,68,0.2,0.07
2025-03-18,67.3,55.0,63.3,60,0.0,0.0
2025-03-19,55.0,43.2,52.4,91,14.1,0.0
2025-03-20,40.9,35.6,33.0,75,5.9,3.57
2025-03-21,56.2,43.0,46.0,62,0.2,0.0
2025-03-22,45.4,37.1,37.2,74,0.2,0.14
2025-03-23,48.4,40.9,40.5,74,7.4,0.0
2025-03-24,47.0,39.6,37.3,59,0.0,0.0
2025-03-25,44.3,37.3,39.4,75,0.6,0.07
2025-03-26,43.5,37.6,40.2,80,1.6,0.98
2025-03-27,55.3,46.8,50.3,69,0.0,0.0
2025-03-28,75.6,59.7,74.1,72,6.7,0.0
2025-03-29,68.5,63.0,66.4,76,0.7,0.0
2025-03-30,71.5,60.2,70.4,85,5.4,0.0
2025-03-31,44.2,39.2,38.5,76,0.9,0.0
2025-04-01,43.2,37.5,34.2,69,0.0,0.0
2025-04-02,69.3,52.7,65.6,82,20.9,0.0
2025-04-03,60.1,49.7,56.1,68,0.1,0.0
2025-04-04,45.2,42.9,40.2,85,2.9,0.0
2025-04-05,51.2,43.8,46.2,85,5.5,0.0
2025-04-06,43.1,40.2,39.2,65,0.0,0.0
2025-04-07,42.4,36.2,34.2,65,0.7,0.21
2025-04-08,38.5,33.5,35.6,59,0.0,0.0
2025-04-09,45.9,38.2,36.9,72,2.2,0.0
2025-04-10,41.9,38.3,36.4,90,0.0,0.0
2025-04-11,46.3,41.1,42.1,73,0.0,0.0
2025-04-12,54.1,44.9,53.0,62,0.3,0.0
2025-04-13,61.9,54.1,54.7,53,0.7,0.0
2025-04-14,64.4,57.5,54.9,51,0.0,0.0
2025-04-15,51.2,46.6,44.4,56,1.2,0.0
2025-04-16,45.0,41.0,41.1,62,0.0,0.0
2025-04-17,68.3,53.4,59.3,51,0.6,0.0
2025-04-18,80.7,68.3,79.3,62,0.7,0.0
2025-04-19,64.2,51.4,62.4,85,0.8,0.0
2025-04-20,57.7,51.7,50.6,76,2.0,0.0
2025-04-21,61.1,55.8,57.5,72,11.9,0.0
2025-04-22,69.2,55.6,68.5,76,6.9,0.0
2025-04-23,69.5,60.1,71.7,80,7.0,0.0
2025-04-24,64.6,55.9,68.0,78,0.0,0.0
2025-04-25,55.2,49.0,54.2,83,0.1,0.0
2025-04-26,48.7,45.6,44.4,77,0.0,0.0
2025-04-27,61.6,51.6,60.8,70,0.0,0.0
2025-04-28,81.8,67.3,77.5,52,0.0,0.0
2025-04-29,75.4,67.4,72.1,58,0.0,0.0
2025-04-30,58.4,52.6,53.8,71,0.2,0.0
2025-05-01,70.5,60.8,70.2,82,17.9,0.0
2025-05-02,56.8,49.7,56.4,89,0.9,0.0
2025-05-03,47.8,45.4,43.4,85,0.0,0.0
2025-05-04,50.1,45.7,43.2,85,5.7,0.0
2025-05-05,56.8,50.2,57.5,89,1.5,0.0
2025-05-06,72.4,59.1,70.5,74,0.0,0.0
2025-05-07,64.7,53.6,65.9,80,0.0,0.0
2025-05-08,53.4,48.4,48.9,76,0.0,0.0
2025-05-09,58.8,50.6,54.3,49,0.0,0.0
2025-05-10,71.5,54.1,67.0,47,0.0,0.0
2025-05-11,64.5,55.2,63.1,61,0.0,0.0
2025-05-12,71.2,63.2,69.6,54,1.1,0.0
2025-05-13,72.5,63.1,75.1,83,0.0,0.0
2025-05-14,69.8,59.8,71.8,87,0.0,0.0
2025-05-15,90.1,72.8,91.3,70,3.2,0.0
2025-05-16,85.1,74.9,80.1,39,0.6,0.0
2025-05-17,66.6,61.1,60.5,54,0.1,0.0
2025-05-18,58.6,53.4,55.1,75,0.0,0.0
2025-05-19,54.1,47.5,47.2,81,0.0,0.0
2025-05-20,56.8,52.8,52.1,86,22.2,0.0
2025-05-21,53.8,50.7,49.9,91,4.0,0.0
2025-05-22,52.7,49.9,49.3,80,0.9,0.0
2025-05-23,57.4,50.0,56.9,78,0.0,0.0
2025-05-24,57.0,52.0,56.5,74,0.0,0.0
2025-05-25,58.7,53.6,57.9,71,0.4,0.0
2025-05-26,60.1,53.3,58.0,69,0.0,0.0
2025-05-27,61.0,55.9,57.0,69,0.1,0.0
2025-05-28,59.0,54.6,59.1,85,9.8,0.0
2025-05-29,68.5,59.0,69.2,80,0.2,0.0
2025-05-30,78.0,65.2,74.4,62,2.7,0.0
2025-05-31,63.8,53.9,60.9,60,0.0,0.0
2025-06-01,61.4,55.3,58.7,52,0.0,0.0
2025-06-02,85.6,69.2,83.4,37,0.0,0.0
2025-06-03,89.2,78.6,86.1,49,0.9,0.0
2025-06-04,74.8,61.5,74.2,89,31.8,0.0
2025-06-05,64.5,57.0,66.5,92,0.0,0.0
2025-06-06,68.1,60.9,72.1,78,0.0,0.0
2025-06-07,68.9,62.0,70.4,77,0.3,0.0
2025-06-08,78.6,66.5,81.2,76,3.5,0.0
2025-06-09,71.8,63.1,71.8,68,8.9,0.0
2025-06-10,78.5,66.9,74.6,58,0.0,0.0
2025-06-11,91.6,77.8,92.1,50,0.0,0.0
2025-06-12,77.5,69.9,77.9,67,0.2,0.0
2025-06-13,71.3,65.6,74.7,86,2.5,0.0
2025-06-14,68.4,62.5,70.8,87,0.0,0.0
2025-06-15,74.9,65.3,78.8,80,0.0,0.0
2025-06-16,82.4,72.2,84.8,66,0.0,0.0
2025-06-17,92.3,80.1,95.6,64,2.7,0.0
2025-06-18,76.5,71.1,82.2,90,41.1,0.0
2025-06-19,78.3,70.5,86.0,83,9.3,0.0
2025-06-20,81.1,74.2,84.1,73,0.0,0.0
2025-06-21,91.7,83.1,96.9,69,0.0,0.0
2025-06-22,93.7,86.2,99.7,65,0.0,0.0
2025-06-23,96.1,87.6,100.0,56,0.0,0.0
2025-06-24,95.4,81.6,101.8,74,9.8,0.0
2025-06-25,78.7,73.8,87.4,90,2.8,0.0
2025-06-26,87.2,81.0,98.2,76,7.5,0.0
2025-06-27,84.7,79.2,89.2,76,2.0,0.0
2025-06-28,77.8,73.1,85.7,82,0.0,0.0
2025-06-29,87.6,78.8,96.9,77,0.0,0.0
2025-06-30,87.4,78.4,93.6,75,0.7,0.0
2025-07-01,81.4,76.1,86.2,66,0.0,0.0
2025-07-02,90.1,80.4,90.1,53,0.0,0.0
2025-07-03,89.2,81.2,93.9,55,0.0,0.0
2025-07-04,87.0,79.7,95.0,68,12.6,0.0
2025-07-05,92.9,84.7,94.4,53,0.0,0.0
2025-07-06,83.8,77.2,90.5,75,6.1,0.0
2025-07-07,72.4,69.4,77.5,80,0.1,0.0
2025-07-08,88.1,76.4,92.0,70,1.6,0.0
2025-07-09,78.9,72.0,88.7,89,7.6,0.0
2025-07-10,78.7,72.7,84.5,80,2.1,0.0
2025-07-11,87.8,76.7,95.9,81,20.0,0.0
2025-07-12,82.9,77.4,88.1,76,0.2,0.0
2025-07-13,80.8,74.7,85.0,74,0.0,0.0
2025-07-14,83.5,74.7,88.5,74,0.0,0.0
2025-07-15,87.1,79.3,93.5,68,0.6,0.0
2025-07-16,92.0,81.0,96.1,73,2.8,0.0
2025-07-17,73.9,67.5,75.4,80,0.4,0.0
2025-07-18,75.8,69.9,81.2,76,0.0,0.0
2025-07-19,83.4,76.0,89.8,79,3.2,0.0
2025-07-20,74.8,71.3,81.0,87,6.9,0.0
2025-07-21,76.9,71.7,84.0,82,0.0,0.0
2025-07-22,84.1,76.0,87.8,70,0.0,0.0
2025-07-23,92.7,81.7,100.5,67,0.0,0.0
2025-07-24,95.0,83.9,100.3,72,1.5,0.0
2025-07-25,81.1,76.1,91.3,90,4.3,0.0
2025-07-26,83.6,76.6,91.4,89,3.9,0.0
2025-07-27,84.2,78.2,96.8,89,0.4,0.0
2025-07-28,85.1,79.3,97.9,88,1.5,0.0
2025-07-29,89.9,80.2,99.5,78,0.0,0.0
2025-07-30,76.9,73.1,84.5,90,19.0,0.0
2025-07-31,69.5,67.4,70.7,81,7.7,0.0
2025-08-01,71.6,67.9,73.7,73,0.0,0.0
2025-08-02,74.5,69.0,77.6,71,0.0,0.0
2025-08-03,74.6,70.0,78.0,73,0.0,0.0
2025-08-04,75.8,71.9,80.3,76,0.2,0.0
2025-08-05,77.0,72.9,83.2,79,0.0,0.0
2025-08-06,83.2,74.9,87.8,77,0.0,0.0
2025-08-07,86.6,78.0,92.9,75,1.5,0.0
2025-08-08,91.8,82.3,96.0,68,0.0,0.0
2025-08-09,92.5,83.7,95.9,61,0.0,0.0
2025-08-10,90.4,82.6,93.4,65,0.5,0.0
2025-08-11,89.0,79.8,93.7,71,8.7,0.0
2025-08-12,84.9,75.5,94.3,87,10.2,0.0
2025-08-13,79.7,74.7,86.3,80,0.0,0.0
2025-08-14,79.3,74.0,83.6,73,0.0,0.0
2025-08-15,90.5,80.3,94.8,64,0.0,0.0
2025-08-16,92.8,83.0,102.0,67,0.0,0.0
2025-08-17,78.9,75.3,85.9,84,0.3,0.0
2025-08-18,84.2,76.2,90.9,85,7.0,0.0
2025-08-19,75.7,73.2,81.0,89,8.7,0.0
2025-08-20,72.0,70.4,76.3,84,0.4,0.0
2025-08-21,72.8,69.9,74.7,82,0.5,0.0
2025-08-22,78.1,72.0,83.4,79,0.0,0.0
2025-08-23,82.0,73.4,85.1,68,0.6,0.0
2025-08-24,74.2,67.1,70.3,62,0.0,0.0
2025-08-25,70.0,63.8,65.0,59,0.0,0.0
2025-08-26,71.5,64.0,68.2,58,0.1,0.0
2025-08-27,76.2,66.5,73.7,59,0.0,0.0
2025-08-28,73.9,66.2,79.2,78,3.0,0.0
2025-08-29,65.8,63.0,66.8,72,0.6,0.0
2025-08-30,70.6,65.5,71.6,73,0.2,0.0
2025-08-31,72.8,66.2,74.7,70,0.0,0.0
2025-09-01,73.7,67.4,75.2,70,0.0,0.0
2025-09-02,76.1,69.1,78.9,74,0.1,0.0
2025-09-03,68.6,64.8,69.0,77,13.7,0.0
2025-09-04,65.7,58.6,60.7,63,0.0,0.0
2025-09-05,65.6,61.1,58.5,59,0.0,0.0
2025-09-06,64.8,57.8,58.3,60,0.0,0.0
2025-09-07,66.2,57.7,64.4,65,0.0,0.0
2025-09-08,69.8,60.9,68.1,60,0.0,0.0
2025-09-09,74.1,64.3,72.3,57,0.0,0.0
2025-09-10,79.7,69.6,80.1,58,0.0,0.0
2025-09-11,73.9,68.3,76.5,78,0.0,0.0
2025-09-12,82.5,70.9,82.8,67,0.0,0.0
2025-09-13,79.2,70.9,84.2,73,7.5,0.0
2025-09-14,76.9,70.7,81.2,81,0.0,0.0
2025-09-15,75.7,70.2,79.6,71,0.0,0.0
2025-09-16,77.7,70.3,80.5,70,0.0,0.0
2025-09-17,77.7,69.8,80.9,75,0.0,0.0
2025-09-18,81.8,71.1,84.5,70,0.0,0.0
2025-09-19,82.9,74.0,84.5,64,0.0,0.0
2025-09-20,78.4,70.3,83.0,81,5.5,0.0
2025-09-21,77.5,70.2,81.1,86,4.5,0.0
2025-09-22,76.3,70.3,78.5,84,0.4,0.0
2025-09-23,74.1,67.2,78.5,88,6.2,0.0
2025-09-24,67.1,64.3,66.6,87,0.2,0.0
2025-09-25,68.5,63.4,70.7,87,0.4,0.0
2025-09-26,78.7,68.0,79.0,71,0.0,0.0
2025-09-27,85.5,74.3,84.8,52,0.0,0.0
2025-09-28,73.5,69.8,76.0,71,0.0,0.0
2025-09-29,79.3,70.3,82.9,74,0.0,0.0
2025-09-30,76.6,70.3,78.4,76,0.0,0.0
2025-10-01,72.3,67.4,72.5,69,0.0,0.0
2025-10-02,77.7,67.5,77.7,61,0.0,0.0
2025-10-03,86.8,74.1,87.5,57,0.0,0.0
2025-10-04,85.5,75.8,85.4,56,0.0,0.0
2025-10-05,84.0,74.0,79.4,50,0.0,0.0
2025-10-06,82.9,71.3,84.2,69,6.2,0.0
2025-10-07,66.5,61.8,71.1,84,14.5,0.0
2025-10-08,61.2,57.5,56.9,71,0.1,0.0
2025-10-09,60.3,54.8,57.0,70,0.0,0.0
2025-10-10,67.3,57.1,63.3,69,0.0,0.0
2025-10-11,63.0,59.5,60.2,71,0.1,0.0
2025-10-12,64.4,57.8,62.6,74,0.0,0.0
2025-10-13,66.6,60.8,66.6,70,0.0,0.0
2025-10-14,66.7,62.0,65.6,83,0.0,0.0
2025-10-15,59.8,57.7,57.6,85,4.2,0.0
2025-10-16,64.2,59.4,61.5,71,0.0,0.0
2025-10-17,73.3,63.6,69.0,57,0.0,0.0
2025-10-18,74.1,66.3,75.7,79,11.6,0.0
2025-10-19,61.3,54.4,61.2,75,16.1,0.0
2025-10-20,63.1,52.6,56.2,65,0.2,0.0
2025-10-21,55.0,49.8,50.0,75,2.4,0.0
2025-10-22,49.7,47.3,41.1,71,0.1,0.0
2025-10-23,51.2,45.0,43.8,71,0.0,0.0
2025-10-24,49.3,42.9,44.6,75,0.0,0.0
2025-10-25,52.6,46.4,47.8,77,0.0,0.0
2025-10-26,55.0,51.0,49.2,72,0.0,0.0
2025-10-27,54.6,50.4,48.2,73,0.0,0.0
2025-10-28,55.8,50.9,50.6,71,0.0,0.0
2025-10-29,53.2,50.7,45.8,73,0.0,0.0
2025-10-30,52.6,48.7,45.7,74,0.0,0.0
2025-10-31,52.5,45.8,45.4,76,0.8,0.0
2025-11-01,49.4,44.7,44.3,77,0.2,0.0
2025-11-02,52.0,46.1,45.2,75,1.8,0.0
2025-11-03,58.6,48.8,51.6,60,0.8,0.0
2025-11-04,59.7,49.6,53.4,55,0.0,0.0
2025-11-05,59.4,53.6,53.5,63,0.0,0.0
2025-11-06,56.7,46.8,49.7,55,0.0,0.0
2025-11-07,62.0,53.8,56.3,68,5.4,0.0
2025-11-08,49.5,45.3,45.2,82,10.0,0.0
2025-11-09,40.8,33.9,33.2,76,11.2,3.36
2025-11-10,33.1,30.0,22.4,74,4.9,3.43
2025-11-11,37.8,31.3,29.1,76,0.0,0.0
2025-11-12,51.9,43.1,43.3,66,0.0,0.0
2025-11-13,51.6,43.5,46.5,66,0.0,0.0
2025-11-14,63.0,51.7,61.8,70,0.0,0.0
2025-11-15,67.6,60.2,64.6,73,0.0,0.0
2025-11-16,51.3,43.1,41.9,44,0.0,0.0
2025-11-17,45.6,39.5,39.8,54,0.0,0.0
2025-11-18,42.6,41.6,36.7,85,12.3,2.24
2025-11-19,44.9,43.3,41.2,85,0.1,0.0
2025-11-20,48.1,44.9,43.8,89,0.0,0.0
2025-11-21,46.9,44.4,43.4,88,0.4,0.0
2025-11-22,47.6,42.8,41.0,78,0.0,0.0
2025-11-23,52.5,44.5,47.6,71,0.0,0.0
2025-11-24,49.6,43.2,43.8,80,0.9,0.0
2025-11-25,52.3,48.9,48.6,91,6.3,0.0
2025-11-26,45.8,35.5,37.7,65,0.1,0.0
2025-11-27,32.8,30.2,21.7,62,0.2,0.14
2025-11-28,31.7,27.5,23.2,61,0.0,0.0
2025-11-29,31.1,28.5,22.2,82,16.3,11.41
2025-11-30,33.4,28.8,25.0,87,2.8,1.89
2025-12-01,27.5,22.8,20.7,88,3.3,2.31
2025-12-02,25.1,19.9,18.1,91,0.7,0.49
2025-12-03,29.8,25.2,22.7,87,1.2,0.84
2025-12-04,20.8,13.7,10.1,70,0.0,0.0
2025-12-05,25.1,17.0,15.1,76,0.0,0.0
2025-12-06,31.0,28.8,25.5,84,0.0,0.0
2025-12-07,33.6,28.9,25.2,88,9.3,6.51
2025-12-08,27.2,20.9,19.2,81,0.0,0.0
2025-12-09,36.8,28.9,27.4,86,3.3,0.42
2025-12-10,38.8,32.5,28.8,84,3.2,0.84
2025-12-11,26.5,24.5,19.8,77,0.0,0.0
2025-12-12,29.7,26.1,22.1,83,0.0,0.0
2025-12-13,25.9,12.8,16.2,68,1.1,0.77
2025-12-14,8.1,2.9,-1.2,64,0.0,0.0
2025-12-15,20.5,10.8,12.2,70,0.0,0.0
2025-12-16,36.6,25.2,27.0,78,0.0,0.0
2025-12-17,38.0,35.8,33.6,82,0.6,0.0
2025-12-18,50.2,40.9,42.0,87,6.9,0.0
2025-12-19,21.7,17.7,11.9,54,0.1,0.07
2025-12-20,40.2,33.6,31.4,61,0.0,0.0
2025-12-21,31.4,26.1,23.8,52,0.0,0.0
2025-12-22,42.5,36.6,33.8,60,0.1,0.0
2025-12-23,49.7,41.6,45.2,77,0.0,0.0
2025-12-24,42.9,38.8,38.5,82,0.3,0.0
2025-12-25,41.8,39.3,38.2,87,0.2,0.0
2025-12-26,47.8,42.6,43.2,90,2.1,0.0
2025-12-27,42.5,39.5,36.6,90,0.1,0.0
2025-12-28,52.4,46.9,50.1,96,41.2,0.07
2025-12-29,26.4,20.7,12.9,74,2.2,1.54
2025-12-30,24.5,17.2,16.4,77,2.4,1.68
2025-12-31,34.2,29.7,25.8,87,2.4,1.05
