id,case_number,date,block,iucr,primary_type,description,location_description,arrest,domestic,beat,district,ward,community_area,fbi_code,x_coordinate,y_coordinate,year,updated_on,latitude,longitude,location
14075483,JK105557,2025-12-31T23:58:00.000,050XX S PAULINA ST,0560,ASSAULT,SIMPLE,RESIDENCE,False,False,0931,009,20,61,08A,1165860,1871343,2025,2026-03-14T15:41:39.000,41.802549018,-87.667246428,"{'latitude': '41.802549018', 'longitude': '-87.667246428', 'human_address': '{""address"": """", ""city"": """", ""state"": """", ""zip"": """"}'}"
14070833,JK100050,2025-12-31T23:55:00.000,053XX W WASHINGTON BLVD,0930,MOTOR VEHICLE THEFT,THEFT / RECOVERY - AUTOMOBILE,APARTMENT,False,True,1522,015,37,25,07,1140809,1900235,2025,2026-03-14T15:41:39.000,41.882328854,-87.758411303,"{'latitude': '41.882328854', 'longitude': '-87.758411303', 'human_address': '{""address"": """", ""city"": """", ""state"": """", ""zip"": """"}'}"
14070845,JK100006,2025-12-31T23:54:00.000,013XX W LAKE ST,0454,BATTERY,"AGGRAVATED P.O. - HANDS, FISTS, FEET, NO / MINOR INJURY",RESTAURANT,True,False,1215,012,27,28,08B,1167120,1901555,2025,2026-03-14T15:41:39.000,41.885426714,-87.661759042,"{'latitude': '41.885426714', 'longitude': '-87.661759042', 'human_address': '{""address"": """", ""city"": """", ""state"": """", ""zip"": """"}'}"
14070799,JK100014,2025-12-31T23:54:00.000,100XX W OHARE ST,2890,PUBLIC PEACE VIOLATION,OTHER VIOLATION,AIRCRAFT,False,False,1651,016,41,76,24,1100658,1934241,2025,2026-03-14T15:41:39.000,41.976290414,-87.905227221,"{'latitude': '41.976290414', 'longitude': '-87.905227221', 'human_address': '{""address"": """", ""city"": """", ""state"": """", ""zip"": """"}'}"
14070745,JK100011,2025-12-31T23:54:00.000,100XX W OHARE ST,2890,PUBLIC PEACE VIOLATION,OTHER VIOLATION,AIRCRAFT,False,False,1651,016,41,76,24,1100658,1934241,2025,2026-03-14T15:41:39.000,41.976290414,-87.905227221,"{'latitude': '41.976290414', 'longitude': '-87.905227221', 'human_address': '{""address"": """", ""city"": """", ""state"": """", ""zip"": """"}'}"
14071367,JK100694,2025-12-31T23:50:00.000,005XX S MICHIGAN AVE,0460,BATTERY,SIMPLE,HOTEL / MOTEL,False,False,0123,001,4,32,08B,1177364,1897937,2025,2026-03-14T15:41:39.000,41.875272573,-87.624251314,"{'latitude': '41.875272573', 'longitude': '-87.624251314', 'human_address': '{""address"": """", ""city"": """", ""state"": """", ""zip"": """"}'}"
14070841,JK100162,2025-12-31T23:50:00.000,068XX S PERRY AVE,0486,BATTERY,DOMESTIC BATTERY SIMPLE,APARTMENT,False,True,0722,007,6,69,08B,1176577,1859676,2025,2026-03-14T15:41:39.000,41.77029895,-87.628293582,"{'latitude': '41.77029895', 'longitude': '-87.628293582', 'human_address': '{""address"": """", ""city"": """", ""state"": """", ""zip"": """"}'}"
14070783,JK100009,2025-12-31T23:49:00.000,0000X E WACKER DR,143A,WEAPONS VIOLATION,UNLAWFUL POSSESSION - HANDGUN,SIDEWALK,True,False,0111,001,42,32,15,1177013,1902660,2025,2026-03-14T15:41:39.000,41.888240695,-87.625396986,"{'latitude': '41.888240695', 'longitude': '-87.625396986', 'human_address': '{""address"": """", ""city"": """", ""state"": """", ""zip"": """"}'}"
14070846,JK100015,2025-12-31T23:47:00.000,004XX W SURF ST,0486,BATTERY,DOMESTIC BATTERY SIMPLE,STREET,False,True,1934,019,44,6,08B,1172790,1919420,2025,2026-03-14T15:41:39.000,41.934325528,-87.640407923,"{'latitude': '41.934325528', 'longitude': '-87.640407923', 'human_address': '{""address"": """", ""city"": """", ""state"": """", ""zip"": """"}'}"
14071619,JK100615,2025-12-31T23:45:00.000,006XX E GRAND AVE,0810,THEFT,OVER $500,OTHER (SPECIFY),False,False,1834,018,42,8,06,1180796,1904058,2025,2026-03-14T15:41:39.000,41.891990384,-87.611461502,"{'latitude': '41.891990384', 'longitude': '-87.611461502', 'human_address': '{""address"": """", ""city"": """", ""state"": """", ""zip"": """"}'}"
14071594,JK100608,2025-12-31T23:45:00.000,006XX E GRAND AVE,1150,DECEPTIVE PRACTICE,CREDIT CARD FRAUD,OTHER (SPECIFY),False,False,1834,018,42,8,11,1180796,1904058,2025,2026-03-14T15:41:39.000,41.891990384,-87.611461502,"{'latitude': '41.891990384', 'longitude': '-87.611461502', 'human_address': '{""address"": """", ""city"": """", ""state"": """", ""zip"": """"}'}"
14070790,JK100020,2025-12-31T23:44:00.000,011XX W CHESTNUT ST,0486,BATTERY,DOMESTIC BATTERY SIMPLE,APARTMENT,True,True,1213,012,27,24,08B,1168708,1906291,2025,2026-03-14T15:41:39.000,41.898388369,-87.65579031,"{'latitude': '41.898388369', 'longitude': '-87.65579031', 'human_address': '{""address"": """", ""city"": """", ""state"": """", ""zip"": """"}'}"
14071314,JK100467,2025-12-31T23:40:00.000,003XX N STATE ST,0460,BATTERY,SIMPLE,BAR OR TAVERN,False,False,1831,018,42,8,08B,1176295,1902683,2025,2026-03-14T15:41:39.000,41.888320033,-87.628033006,"{'latitude': '41.888320033', 'longitude': '-87.628033006', 'human_address': '{""address"": """", ""city"": """", ""state"": """", ""zip"": """"}'}"
14070890,JK100047,2025-12-31T23:40:00.000,068XX S HARPER AVE,0320,ROBBERY,STRONG ARM - NO WEAPON,RESIDENCE - PORCH / HALLWAY,False,False,0332,003,5,43,03,1187562,1860004,2025,2026-03-14T15:41:39.000,41.770944848,-87.588017121,"{'latitude': '41.770944848', 'longitude': '-87.588017121', 'human_address': '{""address"": """", ""city"": """", ""state"": """", ""zip"": """"}'}"
14070769,JJ540674,2025-12-31T23:40:00.000,027XX W 71ST ST,143A,WEAPONS VIOLATION,UNLAWFUL POSSESSION - HANDGUN,STREET,True,False,0831,008,17,66,15,1159146,1857446,2025,2026-03-14T15:41:39.000,41.764553844,-87.692249695,"{'latitude': '41.764553844', 'longitude': '-87.692249695', 'human_address': '{""address"": """", ""city"": """", ""state"": """", ""zip"": """"}'}"
14077012,JK107087,2025-12-31T23:30:00.000,001XX N MICHIGAN AVE,0320,ROBBERY,STRONG ARM - NO WEAPON,SIDEWALK,False,False,0111,001,34,32,03,1177270,1901551,2025,2026-03-14T15:41:39.000,41.885191719,-87.624486846,"{'latitude': '41.885191719', 'longitude': '-87.624486846', 'human_address': '{""address"": """", ""city"": """", ""state"": """", ""zip"": """"}'}"
14075391,JK105338,2025-12-31T23:30:00.000,028XX W 85TH PL,0460,BATTERY,SIMPLE,RESIDENCE,False,False,0835,008,18,70,08B,1158722,1847962,2025,2026-03-14T15:41:39.000,41.738536927,-87.694062059,"{'latitude': '41.738536927', 'longitude': '-87.694062059', 'human_address': '{""address"": """", ""city"": """", ""state"": """", ""zip"": """"}'}"
14073744,JK103358,2025-12-31T23:30:00.000,003XX E ILLINOIS ST,0486,BATTERY,DOMESTIC BATTERY SIMPLE,BOWLING ALLEY,False,True,1834,018,2,8,08B,1178708,1903688,2025,2026-03-14T15:41:39.000,41.891023035,-87.619141016,"{'latitude': '41.891023035', 'longitude': '-87.619141016', 'human_address': '{""address"": """", ""city"": """", ""state"": """", ""zip"": """"}'}"
14075482,JK105561,2025-12-31T23:30:00.000,073XX S KIMBARK AVE,0810,THEFT,OVER $500,STREET,False,False,0324,003,5,43,06,1186147,1856627,2025,2026-03-14T15:41:39.000,41.761711585,-87.593310416,"{'latitude': '41.761711585', 'longitude': '-87.593310416', 'human_address': '{""address"": """", ""city"": """", ""state"": """", ""zip"": """"}'}"
14071123,JK100418,2025-12-31T23:30:00.000,015XX N KINGSBURY ST,0460,BATTERY,SIMPLE,SIDEWALK,False,False,1822,018,27,8,08B,1169525,1910220,2025,2026-03-14T15:41:39.000,41.909152038,-87.652675042,"{'latitude': '41.909152038', 'longitude': '-87.652675042', 'human_address': '{""address"": """", ""city"": """", ""state"": """", ""zip"": """"}'}"
14070750,JJ540666,2025-12-31T23:30:00.000,031XX W LEXINGTON ST,0820,THEFT,$500 AND UNDER,APARTMENT,False,True,1134,011,24,27,06,1155568,1896532,2025,2026-03-14T15:41:39.000,41.87188334,-87.704315401,"{'latitude': '41.87188334', 'longitude': '-87.704315401', 'human_address': '{""address"": """", ""city"": """", ""state"": """", ""zip"": """"}'}"
14070821,JK100040,2025-12-31T23:30:00.000,051XX S CALUMET AVE,0560,ASSAULT,SIMPLE,APARTMENT,False,True,0231,002,3,40,08A,1179365,1870976,2025,2026-03-14T15:41:39.000,41.801244072,-87.617729246,"{'latitude': '41.801244072', 'longitude': '-87.617729246', 'human_address': '{""address"": """", ""city"": """", ""state"": """", ""zip"": """"}'}"
14070778,JK100019,2025-12-31T23:28:00.000,003XX W WOLF POINT PLZ,1330,CRIMINAL TRESPASS,TO LAND,HOTEL / MOTEL,True,False,1831,018,42,8,26,1173778,1902508,2025,2026-03-14T15:41:39.000,41.88789622,-87.637281436,"{'latitude': '41.88789622', 'longitude': '-87.637281436', 'human_address': '{""address"": """", ""city"": """", ""state"": """", ""zip"": """"}'}"
14070933,JJ540676,2025-12-31T23:25:00.000,017XX W 21ST PL,0454,BATTERY,"AGGRAVATED P.O. - HANDS, FISTS, FEET, NO / MINOR INJURY",APARTMENT,True,True,1234,012,25,31,08B,1165162,1889790,2025,2026-03-14T15:41:39.000,41.853184362,-87.669283371,"{'latitude': '41.853184362', 'longitude': '-87.669283371', 'human_address': '{""address"": """", ""city"": """", ""state"": """", ""zip"": """"}'}"
14093462,JK128336,2025-12-31T23:20:00.000,113XX S EWING AVE,0710,THEFT,THEFT FROM MOTOR VEHICLE,STREET,False,False,0433,004,10,52,06,1202223,1830408,2025,2026-03-14T15:41:39.000,41.689370123,-87.535282452,"{'latitude': '41.689370123', 'longitude': '-87.535282452', 'human_address': '{""address"": """", ""city"": """", ""state"": """", ""zip"": """"}'}"
14070735,JJ540655,2025-12-31T23:20:00.000,006XX N WESTERN AVE,033A,ROBBERY,ATTEMPT ARMED - HANDGUN,CTA BUS,False,False,1221,012,36,24,03,1160297,1904021,2025,2026-03-14T15:41:39.000,41.892337422,-87.686746115,"{'latitude': '41.892337422', 'longitude': '-87.686746115', 'human_address': '{""address"": """", ""city"": """", ""state"": """", ""zip"": """"}'}"
14070851,JK100034,2025-12-31T23:19:00.000,060XX N KIMBALL AVE,0610,BURGLARY,FORCIBLE ENTRY,RESIDENCE,False,False,1711,017,50,13,05,1152614,1939957,2025,2026-03-14T15:41:39.000,41.99110394,-87.714009156,"{'latitude': '41.99110394', 'longitude': '-87.714009156', 'human_address': '{""address"": """", ""city"": """", ""state"": """", ""zip"": """"}'}"
14070751,JJ540658,2025-12-31T23:06:00.000,006XX N CENTRAL PARK AVE,051A,ASSAULT,AGGRAVATED - HANDGUN,RESIDENCE - PORCH / HALLWAY,False,False,1121,011,27,23,04A,1152269,1904032,2025,2026-03-14T15:41:39.000,41.892529831,-87.716229454,"{'latitude': '41.892529831', 'longitude': '-87.716229454', 'human_address': '{""address"": """", ""city"": """", ""state"": """", ""zip"": """"}'}"
14070794,JK100018,2025-12-31T23:01:00.000,067XX S ABERDEEN ST,0486,BATTERY,DOMESTIC BATTERY SIMPLE,RESIDENCE,False,True,0724,007,16,68,08B,1170144,1860111,2025,2026-03-14T15:41:39.000,41.771634934,-87.651861652,"{'latitude': '41.771634934', 'longitude': '-87.651861652', 'human_address': '{""address"": """", ""city"": """", ""state"": """", ""zip"": """"}'}"
14070736,JJ540657,2025-12-31T23:01:00.000,021XX N ASHLAND AVE,1345,CRIMINAL DAMAGE,TO CITY OF CHICAGO PROPERTY,STREET,False,False,1432,014,32,22,14,1165183,1914408,2025,2026-03-14T15:41:39.000,41.920737619,-87.668506257,"{'latitude': '41.920737619', 'longitude': '-87.668506257', 'human_address': '{""address"": """", ""city"": """", ""state"": """", ""zip"": """"}'}"
14255635,JK325573,2025-12-31T23:00:00.000,009XX W BELLE PLAINE AVE,0810,THEFT,OVER $500,APARTMENT,False,False,1915,019,46,3,06,1169249,1927520,2025,2026-07-11T15:41:46.000,41.956630056,-87.653184766,"{'latitude': '41.956630056', 'longitude': '-87.653184766', 'human_address': '{""address"": """", ""city"": """", ""state"": """", ""zip"": """"}'}"
14089547,JK123337,2025-12-31T23:00:00.000,020XX E 72ND ST,0810,THEFT,OVER $500,APARTMENT,False,False,0333,003,5,43,06,1191058,1857629,2025,2026-03-14T15:41:39.000,41.76434381,-87.575279025,"{'latitude': '41.76434381', 'longitude': '-87.575279025', 'human_address': '{""address"": """", ""city"": """", ""state"": """", ""zip"": """"}'}"
14072213,JK101748,2025-12-31T23:00:00.000,085XX S EAST END AVE,1320,CRIMINAL DAMAGE,TO VEHICLE,STREET,False,False,0412,004,8,45,14,1189085,1848518,2025,2026-03-14T15:41:39.000,41.739389881,-87.582801756,"{'latitude': '41.739389881', 'longitude': '-87.582801756', 'human_address': '{""address"": """", ""city"": """", ""state"": """", ""zip"": """"}'}"
14071921,JK101352,2025-12-31T23:00:00.000,045XX S DREXEL BLVD,1320,CRIMINAL DAMAGE,TO VEHICLE,VEHICLE NON-COMMERCIAL,False,False,0221,002,4,39,14,1182957,1875015,2025,2026-03-14T15:41:39.000,41.812244589,-87.604430616,"{'latitude': '41.812244589', 'longitude': '-87.604430616', 'human_address': '{""address"": """", ""city"": """", ""state"": """", ""zip"": """"}'}"
14072087,JK101473,2025-12-31T23:00:00.000,016XX N MERRIMAC AVE,0920,MOTOR VEHICLE THEFT,ATTEMPT - AUTOMOBILE,STREET,False,False,2513,025,29,25,07,1134390,1910320,2025,2026-03-14T15:41:39.000,41.910118996,-87.781744243,"{'latitude': '41.910118996', 'longitude': '-87.781744243', 'human_address': '{""address"": """", ""city"": """", ""state"": """", ""zip"": """"}'}"
14071189,JK100554,2025-12-31T23:00:00.000,087XX S VINCENNES AVE,1320,CRIMINAL DAMAGE,TO VEHICLE,STREET,False,False,2222,022,21,71,14,1171997,1846885,2025,2026-03-14T15:41:39.000,41.735300602,-87.64545681,"{'latitude': '41.735300602', 'longitude': '-87.64545681', 'human_address': '{""address"": """", ""city"": """", ""state"": """", ""zip"": """"}'}"
14071392,JK100837,2025-12-31T23:00:00.000,019XX N KOSTNER AVE,1320,CRIMINAL DAMAGE,TO VEHICLE,STREET,False,False,2533,025,26,20,14,1146748,1912464,2025,2026-03-14T15:41:39.000,41.915775297,-87.736290493,"{'latitude': '41.915775297', 'longitude': '-87.736290493', 'human_address': '{""address"": """", ""city"": """", ""state"": """", ""zip"": """"}'}"
14070926,JJ540670,2025-12-31T23:00:00.000,027XX W BELMONT AVE,0820,THEFT,$500 AND UNDER,RESIDENCE,False,True,1411,014,35,21,06,1157382,1921149,2025,2026-03-14T15:41:39.000,41.93939779,-87.696984978,"{'latitude': '41.93939779', 'longitude': '-87.696984978', 'human_address': '{""address"": """", ""city"": """", ""state"": """", ""zip"": """"}'}"
14071161,JK100481,2025-12-31T23:00:00.000,051XX N EAST RIVER RD,0620,BURGLARY,UNLAWFUL ENTRY,APARTMENT,False,False,1614,016,41,76,05,1116628,1932910,2025,2026-03-14T15:41:39.000,41.972403959,-87.846525133,"{'latitude': '41.972403959', 'longitude': '-87.846525133', 'human_address': '{""address"": """", ""city"": """", ""state"": """", ""zip"": """"}'}"
14070849,JK100062,2025-12-31T23:00:00.000,051XX S DAMEN AVE,041A,BATTERY,AGGRAVATED - HANDGUN,SIDEWALK,False,False,0932,009,16,61,04B,1163887,1870718,2025,2026-03-14T15:41:39.000,41.800875671,-87.674499861,"{'latitude': '41.800875671', 'longitude': '-87.674499861', 'human_address': '{""address"": """", ""city"": """", ""state"": """", ""zip"": """"}'}"
14071286,JK100651,2025-12-31T23:00:00.000,022XX N LINCOLN AVE,0810,THEFT,OVER $500,BAR OR TAVERN,False,False,1812,018,43,7,06,1171478,1915284,2025,2026-03-14T15:41:39.000,41.923005158,-87.645351431,"{'latitude': '41.923005158', 'longitude': '-87.645351431', 'human_address': '{""address"": """", ""city"": """", ""state"": """", ""zip"": """"}'}"
14070717,JJ540662,2025-12-31T23:00:00.000,052XX W ADDISON ST,0910,MOTOR VEHICLE THEFT,AUTOMOBILE,STREET,False,False,1634,016,31,15,07,1140749,1923433,2025,2026-03-14T15:41:39.000,41.945987845,-87.758060262,"{'latitude': '41.945987845', 'longitude': '-87.758060262', 'human_address': '{""address"": """", ""city"": """", ""state"": """", ""zip"": """"}'}"
14070808,JJ540673,2025-12-31T22:57:00.000,028XX W ARTHINGTON ST,051A,ASSAULT,AGGRAVATED - HANDGUN,APARTMENT,True,True,1135,011,28,27,04A,1157473,1895911,2025,2026-03-14T15:41:39.000,41.870140733,-87.697338234,"{'latitude': '41.870140733', 'longitude': '-87.697338234', 'human_address': '{""address"": """", ""city"": """", ""state"": """", ""zip"": """"}'}"
14070982,JJ540634,2025-12-31T22:45:00.000,001XX W HURON ST,031A,ROBBERY,ARMED - HANDGUN,STREET,False,False,1832,018,42,8,03,1175253,1905045,2025,2026-03-14T15:41:39.000,41.894824927,-87.631788635,"{'latitude': '41.894824927', 'longitude': '-87.631788635', 'human_address': '{""address"": """", ""city"": """", ""state"": """", ""zip"": """"}'}"
14070770,JJ540651,2025-12-31T22:45:00.000,025XX W GUNNISON ST,0560,ASSAULT,SIMPLE,APARTMENT,False,True,2031,020,40,4,08A,1158564,1932193,2025,2026-03-14T15:41:39.000,41.969679008,-87.692337191,"{'latitude': '41.969679008', 'longitude': '-87.692337191', 'human_address': '{""address"": """", ""city"": """", ""state"": """", ""zip"": """"}'}"
14070749,JK100003,2025-12-31T22:43:00.000,020XX S INDIANA AVE,0498,BATTERY,"AGG. DOMESTIC BATTERY - HANDS, FISTS, FEET, SERIOUS INJURY",APARTMENT,True,True,0132,001,3,33,04B,1177964,1890631,2025,2026-03-14T15:41:39.000,41.855210839,-87.622270562,"{'latitude': '41.855210839', 'longitude': '-87.622270562', 'human_address': '{""address"": """", ""city"": """", ""state"": """", ""zip"": """"}'}"
14071117,JK100468,2025-12-31T22:39:00.000,014XX W LAKE ST,0810,THEFT,OVER $500,BAR OR TAVERN,False,False,1224,012,27,28,06,1166633,1901539,2025,2026-03-14T15:41:39.000,41.885393253,-87.663547848,"{'latitude': '41.885393253', 'longitude': '-87.663547848', 'human_address': '{""address"": """", ""city"": """", ""state"": """", ""zip"": """"}'}"
14070811,JJ540647,2025-12-31T22:34:00.000,0000X E WACKER PL,1310,CRIMINAL DAMAGE,TO PROPERTY,RESIDENCE,True,False,0111,001,42,32,14,1177077,1902140,2025,2026-03-14T15:41:39.000,41.886812339,-87.625177717,"{'latitude': '41.886812339', 'longitude': '-87.625177717', 'human_address': '{""address"": """", ""city"": """", ""state"": """", ""zip"": """"}'}"
14072634,JK102170,2025-12-31T22:30:00.000,032XX W 83RD ST,1320,CRIMINAL DAMAGE,TO VEHICLE,STREET,False,False,0834,008,18,70,14,1156033,1849376,2025,2026-03-14T15:41:39.000,41.74247157,-87.703876175,"{'latitude': '41.74247157', 'longitude': '-87.703876175', 'human_address': '{""address"": """", ""city"": """", ""state"": """", ""zip"": """"}'}"
14074246,JK104022,2025-12-31T22:30:00.000,116XX S CARPENTER ST,0910,MOTOR VEHICLE THEFT,AUTOMOBILE,STREET,False,False,0524,005,21,53,07,1171413,1827688,2025,2026-03-14T15:41:39.000,41.682633922,-87.648155966,"{'latitude': '41.682633922', 'longitude': '-87.648155966', 'human_address': '{""address"": """", ""city"": """", ""state"": """", ""zip"": """"}'}"
14070854,JK100209,2025-12-31T22:30:00.000,002XX W ILLINOIS ST,1320,CRIMINAL DAMAGE,TO VEHICLE,PARKING LOT / GARAGE (NON RESIDENTIAL),False,False,1831,018,42,8,14,1174505,1903564,2025,2026-03-14T15:41:39.000,41.890777731,-87.634580101,"{'latitude': '41.890777731', 'longitude': '-87.634580101', 'human_address': '{""address"": """", ""city"": """", ""state"": """", ""zip"": """"}'}"
14070812,JK100139,2025-12-31T22:30:00.000,033XX W LAWRENCE AVE,1305,CRIMINAL DAMAGE,CRIMINAL DEFACEMENT,CTA TRAIN,False,False,1713,017,33,14,14,1153017,1931689,2025,2026-03-14T15:41:39.000,41.968408072,-87.712747145,"{'latitude': '41.968408072', 'longitude': '-87.712747145', 'human_address': '{""address"": """", ""city"": """", ""state"": """", ""zip"": """"}'}"
14071067,JK100369,2025-12-31T22:30:00.000,111XX S LOOMIS ST,0820,THEFT,$500 AND UNDER,STREET,False,False,2234,022,21,75,06,1168985,1830899,2025,2026-03-14T15:41:39.000,41.691498087,-87.656951643,"{'latitude': '41.691498087', 'longitude': '-87.656951643', 'human_address': '{""address"": """", ""city"": """", ""state"": """", ""zip"": """"}'}"
14072517,JK101280,2025-12-31T22:30:00.000,003XX N ABERDEEN ST,0810,THEFT,OVER $500,PARKING LOT / GARAGE (NON RESIDENTIAL),False,False,1214,012,27,28,06,1169077,1902542,2025,2026-03-14T15:41:39.000,41.888092859,-87.654543943,"{'latitude': '41.888092859', 'longitude': '-87.654543943', 'human_address': '{""address"": """", ""city"": """", ""state"": """", ""zip"": """"}'}"
14078430,JJ540637,2025-12-31T22:25:00.000,034XX N SHEFFIELD AVE,5011,OTHER OFFENSE,LICENSE VIOLATION,SMALL RETAIL STORE,True,False,1924,019,44,6,26,1169001,1922917,2025,2026-03-14T15:41:39.000,41.944004642,-87.654230558,"{'latitude': '41.944004642', 'longitude': '-87.654230558', 'human_address': '{""address"": """", ""city"": """", ""state"": """", ""zip"": """"}'}"
14070777,JJ540644,2025-12-31T22:25:00.000,027XX W 111TH ST,5011,OTHER OFFENSE,LICENSE VIOLATION,COMMERCIAL / BUSINESS OFFICE,True,False,2212,022,19,75,26,1159871,1830901,2025,2026-03-14T15:41:39.000,41.691695117,-87.690319165,"{'latitude': '41.691695117', 'longitude': '-87.690319165', 'human_address': '{""address"": """", ""city"": """", ""state"": """", ""zip"": """"}'}"
14071101,JK100412,2025-12-31T22:12:00.000,054XX W PARKER AVE,0620,BURGLARY,UNLAWFUL ENTRY,APARTMENT,False,False,2514,025,31,19,05,1139574,1917750,2025,2026-03-14T15:41:39.000,41.930414675,-87.762518314,"{'latitude': '41.930414675', 'longitude': '-87.762518314', 'human_address': '{""address"": """", ""city"": """", ""state"": """", ""zip"": """"}'}"
14070949,JJ540653,2025-12-31T22:12:00.000,057XX S STONY ISLAND AVE,0486,BATTERY,DOMESTIC BATTERY SIMPLE,APARTMENT,False,True,0235,002,5,41,08B,1187859,1867208,2025,2026-03-14T15:41:39.000,41.790706133,-87.586699156,"{'latitude': '41.790706133', 'longitude': '-87.586699156', 'human_address': '{""address"": """", ""city"": """", ""state"": """", ""zip"": """"}'}"
14070820,JJ540642,2025-12-31T22:09:00.000,058XX N JERSEY AVE,1320,CRIMINAL DAMAGE,TO VEHICLE,RESIDENCE,False,True,1711,017,39,13,14,1153664,1938662,2025,2026-03-14T15:41:39.000,41.987529492,-87.710181628,"{'latitude': '41.987529492', 'longitude': '-87.710181628', 'human_address': '{""address"": """", ""city"": """", ""state"": """", ""zip"": """"}'}"
14070753,JJ540638,2025-12-31T22:08:00.000,029XX W FILLMORE ST,0820,THEFT,$500 AND UNDER,APARTMENT,False,True,1135,011,28,29,06,1157095,1895238,2025,2026-03-14T15:41:39.000,41.868301629,-87.698744259,"{'latitude': '41.868301629', 'longitude': '-87.698744259', 'human_address': '{""address"": """", ""city"": """", ""state"": """", ""zip"": """"}'}"
14070837,JJ540628,2025-12-31T22:04:00.000,004XX W DIVERSEY PKWY,0460,BATTERY,SIMPLE,TAVERN / LIQUOR STORE,False,False,1934,019,44,6,08B,1172689,1918893,2025,2026-03-14T15:41:39.000,41.932881659,-87.640794738,"{'latitude': '41.932881659', 'longitude': '-87.640794738', 'human_address': '{""address"": """", ""city"": """", ""state"": """", ""zip"": """"}'}"
14090432,JK124364,2025-12-31T22:00:00.000,073XX S JEFFERY BLVD,0498,BATTERY,"AGG. DOMESTIC BATTERY - HANDS, FISTS, FEET, SERIOUS INJURY",APARTMENT,False,True,0333,003,7,43,04B,1190818,1856521,2025,2026-03-14T15:41:39.000,41.761309168,-87.576194416,"{'latitude': '41.761309168', 'longitude': '-87.576194416', 'human_address': '{""address"": """", ""city"": """", ""state"": """", ""zip"": """"}'}"
14076883,JK107302,2025-12-31T22:00:00.000,067XX S WESTERN AVE,1320,CRIMINAL DAMAGE,TO VEHICLE,VEHICLE NON-COMMERCIAL,False,False,0832,008,16,66,14,1161538,1859812,2025,2026-03-14T15:41:39.000,41.77099723,-87.683416799,"{'latitude': '41.77099723', 'longitude': '-87.683416799', 'human_address': '{""address"": """", ""city"": """", ""state"": """", ""zip"": """"}'}"
14076754,JK107058,2025-12-31T22:00:00.000,046XX S DREXEL BLVD,0820,THEFT,$500 AND UNDER,STREET,False,True,0222,002,4,39,06,1183101,1874422,2025,2026-03-14T15:41:39.000,41.810613999,-87.603920894,"{'latitude': '41.810613999', 'longitude': '-87.603920894', 'human_address': '{""address"": """", ""city"": """", ""state"": """", ""zip"": """"}'}"
14071435,JK100703,2025-12-31T22:00:00.000,033XX W ADAMS ST,0486,BATTERY,DOMESTIC BATTERY SIMPLE,APARTMENT,False,True,1124,011,28,27,08B,1154122,1898876,2025,2026-03-14T15:41:39.000,41.878344478,-87.709561745,"{'latitude': '41.878344478', 'longitude': '-87.709561745', 'human_address': '{""address"": """", ""city"": """", ""state"": """", ""zip"": """"}'}"
14071109,JK100393,2025-12-31T22:00:00.000,092XX S MAY ST,1310,CRIMINAL DAMAGE,TO PROPERTY,RESIDENCE,False,False,2222,022,21,73,14,1170276,1843599,2025,2026-03-14T15:41:39.000,41.726320921,-87.651857175,"{'latitude': '41.726320921', 'longitude': '-87.651857175', 'human_address': '{""address"": """", ""city"": """", ""state"": """", ""zip"": """"}'}"
14071403,JK100741,2025-12-31T22:00:00.000,029XX W 57TH ST,0820,THEFT,$500 AND UNDER,STREET,False,False,0824,008,15,63,06,1157844,1866708,2025,2026-03-14T15:41:39.000,41.789996649,-87.696770616,"{'latitude': '41.789996649', 'longitude': '-87.696770616', 'human_address': '{""address"": """", ""city"": """", ""state"": """", ""zip"": """"}'}"
14070714,JJ540636,2025-12-31T22:00:00.000,001XX S CALIFORNIA AVE,1822,NARCOTICS,MANUFACTURE / DELIVER - CANNABIS OVER 10 GRAMS,STREET,False,False,1124,011,27,27,18,1157744,1899407,2025,2026-03-14T15:41:39.000,41.879728587,-87.696248039,"{'latitude': '41.879728587', 'longitude': '-87.696248039', 'human_address': '{""address"": """", ""city"": """", ""state"": """", ""zip"": """"}'}"
14070746,JJ540623,2025-12-31T21:54:00.000,002XX W RANDOLPH ST,0560,ASSAULT,SIMPLE,STREET,False,False,0122,001,42,32,08A,1174560,1901264,2025,2026-03-14T15:41:39.000,41.88446517,-87.634446911,"{'latitude': '41.88446517', 'longitude': '-87.634446911', 'human_address': '{""address"": """", ""city"": """", ""state"": """", ""zip"": """"}'}"
14070715,JJ540625,2025-12-31T21:53:00.000,029XX E 83RD ST,143A,WEAPONS VIOLATION,UNLAWFUL POSSESSION - HANDGUN,GAS STATION,True,False,0424,004,7,46,15,1197409,1850508,2025,2026-03-14T15:41:39.000,41.744647338,-87.552238463,"{'latitude': '41.744647338', 'longitude': '-87.552238463', 'human_address': '{""address"": """", ""city"": """", ""state"": """", ""zip"": """"}'}"
14073335,JK102341,2025-12-31T21:45:00.000,011XX W WRIGHTWOOD AVE,0890,THEFT,FROM BUILDING,STREET,False,False,1932,019,43,7,06,1168174,1917422,2025,2026-03-14T15:41:39.000,41.92894404,-87.657429455,"{'latitude': '41.92894404', 'longitude': '-87.657429455', 'human_address': '{""address"": """", ""city"": """", ""state"": """", ""zip"": """"}'}"
14071275,JK100663,2025-12-31T21:40:00.000,100XX W OHARE ST,1310,CRIMINAL DAMAGE,TO PROPERTY,AIRPORT TERMINAL LOWER LEVEL - SECURE AREA,False,False,1651,016,41,76,14,1100658,1934241,2025,2026-03-14T15:41:39.000,41.976290414,-87.905227221,"{'latitude': '41.976290414', 'longitude': '-87.905227221', 'human_address': '{""address"": """", ""city"": """", ""state"": """", ""zip"": """"}'}"
14070741,JJ540627,2025-12-31T21:40:00.000,001XX E 63RD ST,1330,CRIMINAL TRESPASS,TO LAND,OTHER RAILROAD PROPERTY / TRAIN DEPOT,True,False,0312,003,20,69,26,1178527,1863245,2025,2026-03-14T15:41:39.000,41.780048569,-87.621037369,"{'latitude': '41.780048569', 'longitude': '-87.621037369', 'human_address': '{""address"": """", ""city"": """", ""state"": """", ""zip"": """"}'}"
14070729,JJ540612,2025-12-31T21:39:00.000,015XX W 69TH ST,0497,BATTERY,AGGRAVATED DOMESTIC BATTERY - OTHER DANGEROUS WEAPON,SIDEWALK,False,True,0725,007,17,67,04B,1167046,1858966,2025,2026-03-14T15:41:39.000,41.768559705,-87.663250604,"{'latitude': '41.768559705', 'longitude': '-87.663250604', 'human_address': '{""address"": """", ""city"": """", ""state"": """", ""zip"": """"}'}"
14070722,JJ540610,2025-12-31T21:35:00.000,062XX S MOZART ST,502R,OTHER OFFENSE,VEHICLE TITLE / REGISTRATION OFFENSE,STREET,False,False,0823,008,15,66,26,1158451,1863138,2025,2026-03-14T15:41:39.000,41.780187713,-87.69464214,"{'latitude': '41.780187713', 'longitude': '-87.69464214', 'human_address': '{""address"": """", ""city"": """", ""state"": """", ""zip"": """"}'}"
14070806,JJ540668,2025-12-31T21:30:00.000,0000X W TERMINAL ST,0810,THEFT,OVER $500,AIRPORT TERMINAL UPPER LEVEL - NON-SECURE AREA,False,False,1652,016,41,76,06,1100726,1934289,2025,2026-03-14T15:41:39.000,41.9764212,-87.904976266,"{'latitude': '41.9764212', 'longitude': '-87.904976266', 'human_address': '{""address"": """", ""city"": """", ""state"": """", ""zip"": """"}'}"
14071111,JK100426,2025-12-31T21:30:00.000,004XX W FULLERTON PKWY,1220,DECEPTIVE PRACTICE,THEFT OF LOST / MISLAID PROPERTY,"VEHICLE - OTHER RIDE SHARE SERVICE (LYFT, UBER, ETC.)",False,False,1814,018,43,7,11,1173008,1916241,2025,2026-03-14T15:41:39.000,41.925597386,-87.639701295,"{'latitude': '41.925597386', 'longitude': '-87.639701295', 'human_address': '{""address"": """", ""city"": """", ""state"": """", ""zip"": """"}'}"
14071198,JK100483,2025-12-31T21:30:00.000,032XX S STATE ST,0910,MOTOR VEHICLE THEFT,AUTOMOBILE,STREET,False,False,0211,002,3,35,07,1176864,1883625,2025,2026-03-14T15:41:39.000,41.836010789,-87.626519656,"{'latitude': '41.836010789', 'longitude': '-87.626519656', 'human_address': '{""address"": """", ""city"": """", ""state"": """", ""zip"": """"}'}"
14071469,JK100687,2025-12-31T21:30:00.000,051XX S INDIANA AVE,0810,THEFT,OVER $500,APARTMENT,False,False,0231,002,3,40,06,1178476,1870768,2025,2026-03-14T15:41:39.000,41.800693565,-87.620995822,"{'latitude': '41.800693565', 'longitude': '-87.620995822', 'human_address': '{""address"": """", ""city"": """", ""state"": """", ""zip"": """"}'}"
14071287,JK100472,2025-12-31T21:30:00.000,0000X S CLINTON ST,0610,BURGLARY,FORCIBLE ENTRY,RESTAURANT,False,False,0121,001,34,28,05,1172740,1899998,2025,2026-03-14T15:41:39.000,41.881031663,-87.641167624,"{'latitude': '41.881031663', 'longitude': '-87.641167624', 'human_address': '{""address"": """", ""city"": """", ""state"": """", ""zip"": """"}'}"
14071459,JK100721,2025-12-31T21:30:00.000,0000X W 36TH ST,1330,CRIMINAL TRESPASS,TO LAND,RESIDENCE - YARD (FRONT / BACK),False,False,0213,002,3,35,26,1176411,1881123,2025,2026-03-14T15:41:39.000,41.829155317,-87.628257211,"{'latitude': '41.829155317', 'longitude': '-87.628257211', 'human_address': '{""address"": """", ""city"": """", ""state"": """", ""zip"": """"}'}"
14070692,JJ540609,2025-12-31T21:25:00.000,0000X N LAMON AVE,0486,BATTERY,DOMESTIC BATTERY SIMPLE,APARTMENT,False,True,1533,015,28,25,08B,1143718,1899721,2025,2026-03-14T15:41:39.000,41.880864402,-87.747742173,"{'latitude': '41.880864402', 'longitude': '-87.747742173', 'human_address': '{""address"": """", ""city"": """", ""state"": """", ""zip"": """"}'}"
14070712,JJ540597,2025-12-31T21:25:00.000,001XX E OHIO ST,143A,WEAPONS VIOLATION,UNLAWFUL POSSESSION - HANDGUN,STREET,True,False,1834,018,42,8,15,1177083,1904225,2025,2026-03-14T15:41:39.000,41.89253355,-87.625092487,"{'latitude': '41.89253355', 'longitude': '-87.625092487', 'human_address': '{""address"": """", ""city"": """", ""state"": """", ""zip"": """"}'}"
14071609,JK100791,2025-12-31T21:15:00.000,009XX W IRVING PARK RD,0860,THEFT,RETAIL THEFT,DRUG STORE,False,False,1923,019,46,6,06,1169204,1926746,2025,2026-03-14T15:41:39.000,41.954507152,-87.653372774,"{'latitude': '41.954507152', 'longitude': '-87.653372774', 'human_address': '{""address"": """", ""city"": """", ""state"": """", ""zip"": """"}'}"
14084041,JJ540601,2025-12-31T21:15:00.000,010XX W BELMONT AVE,2250,LIQUOR LAW VIOLATION,LIQUOR LICENSE VIOLATION,SMALL RETAIL STORE,True,False,1924,019,44,6,22,1168599,1921413,2025,2026-03-14T15:41:39.000,41.93988633,-87.655751816,"{'latitude': '41.93988633', 'longitude': '-87.655751816', 'human_address': '{""address"": """", ""city"": """", ""state"": """", ""zip"": """"}'}"
14070710,JJ540603,2025-12-31T21:12:00.000,063XX S COTTAGE GROVE AVE,143A,WEAPONS VIOLATION,UNLAWFUL POSSESSION - HANDGUN,STREET,True,False,0312,003,20,42,15,1182651,1863219,2025,2026-03-14T15:41:39.000,41.779882486,-87.60591913,"{'latitude': '41.779882486', 'longitude': '-87.60591913', 'human_address': '{""address"": """", ""city"": """", ""state"": """", ""zip"": """"}'}"
14070691,JJ540595,2025-12-31T21:12:00.000,003XX W 64TH ST,0460,BATTERY,SIMPLE,VEHICLE NON-COMMERCIAL,False,True,0722,007,20,68,08B,1175044,1862506,2025,2026-03-14T15:41:39.000,41.778099133,-87.633828531,"{'latitude': '41.778099133', 'longitude': '-87.633828531', 'human_address': '{""address"": """", ""city"": """", ""state"": """", ""zip"": """"}'}"
14070703,JJ540616,2025-12-31T21:11:00.000,0000X E CERMAK RD,2028,NARCOTICS,POSSESS - SYNTHETIC DRUGS,STREET,True,False,0131,001,3,33,18,1177368,1889770,2025,2026-03-14T15:41:39.000,41.852861719,-87.624484216,"{'latitude': '41.852861719', 'longitude': '-87.624484216', 'human_address': '{""address"": """", ""city"": """", ""state"": """", ""zip"": """"}'}"
14070850,JK100219,2025-12-31T21:10:00.000,013XX W GARFIELD BLVD,0560,ASSAULT,SIMPLE,APARTMENT,False,True,0713,007,16,67,08A,1168150,1868150,2025,2026-03-14T15:41:39.000,41.793738055,-87.658939875,"{'latitude': '41.793738055', 'longitude': '-87.658939875', 'human_address': '{""address"": """", ""city"": """", ""state"": """", ""zip"": """"}'}"
14070747,JJ540593,2025-12-31T21:04:00.000,0000X N CENTRAL AVE,0486,BATTERY,DOMESTIC BATTERY SIMPLE,APARTMENT,False,True,1522,015,29,25,08B,1139048,1899810,2025,2026-03-14T15:41:39.000,41.88119479,-87.764888143,"{'latitude': '41.88119479', 'longitude': '-87.764888143', 'human_address': '{""address"": """", ""city"": """", ""state"": """", ""zip"": """"}'}"
14070759,JJ540598,2025-12-31T21:02:00.000,042XX W FIFTH AVE,0810,THEFT,OVER $500,RESIDENCE,False,True,1132,011,24,26,06,1148398,1896355,2025,2026-03-14T15:41:39.000,41.871538795,-87.730644182,"{'latitude': '41.871538795', 'longitude': '-87.730644182', 'human_address': '{""address"": """", ""city"": """", ""state"": """", ""zip"": """"}'}"
14094252,JK129237,2025-12-31T21:00:00.000,015XX W NORTH AVE,1120,DECEPTIVE PRACTICE,FORGERY,OTHER (SPECIFY),False,False,1433,014,1,24,10,1165854,1910738,2025,2026-03-14T15:41:39.000,41.91065261,-87.66614577,"{'latitude': '41.91065261', 'longitude': '-87.66614577', 'human_address': '{""address"": """", ""city"": """", ""state"": """", ""zip"": """"}'}"
14073040,JK102684,2025-12-31T21:00:00.000,007XX E 82ND ST,0910,MOTOR VEHICLE THEFT,AUTOMOBILE,STREET,False,False,0631,006,6,44,07,1182770,1850795,2025,2026-03-14T15:41:39.000,41.745787021,-87.605868063,"{'latitude': '41.745787021', 'longitude': '-87.605868063', 'human_address': '{""address"": """", ""city"": """", ""state"": """", ""zip"": """"}'}"
14071516,JK100924,2025-12-31T21:00:00.000,0000X E WASHINGTON ST,0820,THEFT,$500 AND UNDER,SMALL RETAIL STORE,False,False,0112,001,34,32,06,1177126,1900833,2025,2026-03-14T15:41:39.000,41.883224751,-87.625037394,"{'latitude': '41.883224751', 'longitude': '-87.625037394', 'human_address': '{""address"": """", ""city"": """", ""state"": """", ""zip"": """"}'}"
14072896,JK102516,2025-12-31T21:00:00.000,025XX N ORCHARD ST,0810,THEFT,OVER $500,APARTMENT,False,False,1935,019,43,7,06,1171171,1917173,2025,2026-03-14T15:41:39.000,41.928195415,-87.646423843,"{'latitude': '41.928195415', 'longitude': '-87.646423843', 'human_address': '{""address"": """", ""city"": """", ""state"": """", ""zip"": """"}'}"
14071409,JK100754,2025-12-31T21:00:00.000,047XX W BARRY AVE,1320,CRIMINAL DAMAGE,TO VEHICLE,STREET,False,False,2521,025,31,19,14,1144060,1920186,2025,2026-03-14T15:41:39.000,41.937016154,-87.74597178,"{'latitude': '41.937016154', 'longitude': '-87.74597178', 'human_address': '{""address"": """", ""city"": """", ""state"": """", ""zip"": """"}'}"
14071277,JK100614,2025-12-31T21:00:00.000,105XX S PRAIRIE AVE,1320,CRIMINAL DAMAGE,TO VEHICLE,DRIVEWAY - RESIDENTIAL,False,False,0512,005,9,49,14,1179778,1835166,2025,2026-03-14T15:41:39.000,41.702967972,-87.617307583,"{'latitude': '41.702967972', 'longitude': '-87.617307583', 'human_address': '{""address"": """", ""city"": """", ""state"": """", ""zip"": """"}'}"
14070727,JJ540590,2025-12-31T21:00:00.000,028XX N NARRAGANSETT AVE,0460,BATTERY,SIMPLE,RESTAURANT,False,False,2511,025,30,19,08B,1133261,1918124,2025,2026-03-14T15:41:39.000,41.931553962,-87.785708738,"{'latitude': '41.931553962', 'longitude': '-87.785708738', 'human_address': '{""address"": """", ""city"": """", ""state"": """", ""zip"": """"}'}"
14071261,JK100581,2025-12-31T21:00:00.000,080XX S MICHIGAN AVE,1310,CRIMINAL DAMAGE,TO PROPERTY,RESIDENCE,False,False,0623,006,6,44,14,1178547,1851748,2025,2026-03-14T15:41:39.000,41.748499094,-87.621312947,"{'latitude': '41.748499094', 'longitude': '-87.621312947', 'human_address': '{""address"": """", ""city"": """", ""state"": """", ""zip"": """"}'}"
14071379,JK100801,2025-12-31T21:00:00.000,088XX S MUSKEGON AVE,1320,CRIMINAL DAMAGE,TO VEHICLE,STREET,False,False,0423,004,10,46,14,1196542,1847003,2025,2026-03-14T15:41:39.000,41.735050891,-87.555531269,"{'latitude': '41.735050891', 'longitude': '-87.555531269', 'human_address': '{""address"": """", ""city"": """", ""state"": """", ""zip"": """"}'}"
14070711,JJ540599,2025-12-31T21:00:00.000,038XX W IRVING PARK RD,0486,BATTERY,DOMESTIC BATTERY SIMPLE,RESIDENCE,False,True,1723,017,45,16,08B,1149881,1926305,2025,2026-03-14T15:41:39.000,41.953695743,-87.724418817,"{'latitude': '41.953695743', 'longitude': '-87.724418817', 'human_address': '{""address"": """", ""city"": """", ""state"": """", ""zip"": """"}'}"
14071282,JK100587,2025-12-31T21:00:00.000,047XX W FULTON ST,0820,THEFT,$500 AND UNDER,ALLEY,False,True,1113,011,28,25,06,1144694,1901370,2025,2026-03-14T15:41:39.000,41.885371124,-87.744116759,"{'latitude': '41.885371124', 'longitude': '-87.744116759', 'human_address': '{""address"": """", ""city"": """", ""state"": """", ""zip"": """"}'}"
14071338,JK100747,2025-12-31T21:00:00.000,008XX W LAKE ST,0810,THEFT,OVER $500,RESTAURANT,False,False,1214,012,27,28,06,1170544,1901658,2025,2026-03-14T15:41:39.000,41.885635134,-87.649182539,"{'latitude': '41.885635134', 'longitude': '-87.649182539', 'human_address': '{""address"": """", ""city"": """", ""state"": """", ""zip"": """"}'}"
14070719,JJ540608,2025-12-31T21:00:00.000,016XX E 91ST PL,0486,BATTERY,DOMESTIC BATTERY SIMPLE,SIDEWALK,False,True,0413,004,8,48,08B,1188846,1844634,2025,2026-03-14T15:41:39.000,41.728737511,-87.583801325,"{'latitude': '41.728737511', 'longitude': '-87.583801325', 'human_address': '{""address"": """", ""city"": """", ""state"": """", ""zip"": """"}'}"
14071254,JK100413,2025-12-31T21:00:00.000,003XX N DEARBORN ST,0710,THEFT,THEFT FROM MOTOR VEHICLE,STREET,False,False,1831,018,42,8,06,1175883,1902611,2025,2026-03-14T15:41:39.000,41.888131743,-87.629548167,"{'latitude': '41.888131743', 'longitude': '-87.629548167', 'human_address': '{""address"": """", ""city"": """", ""state"": """", ""zip"": """"}'}"
14070706,JJ540586,2025-12-31T20:52:00.000,014XX W 95TH ST,143A,WEAPONS VIOLATION,UNLAWFUL POSSESSION - HANDGUN,PARKING LOT / GARAGE (NON RESIDENTIAL),True,False,2222,022,21,73,15,1168202,1841736,2025,2026-03-14T15:41:39.000,41.721253374,-87.659507847,"{'latitude': '41.721253374', 'longitude': '-87.659507847', 'human_address': '{""address"": """", ""city"": """", ""state"": """", ""zip"": """"}'}"
14140413,JK185361,2025-12-31T20:30:00.000,027XX W 51ST ST,0460,BATTERY,SIMPLE,RESIDENCE,False,False,0923,009,15,63,08B,1158999,1870732,2025,2026-03-21T15:47:05.000,41.8010155,-87.692425524,"{'latitude': '41.8010155', 'longitude': '-87.692425524', 'human_address': '{""address"": """", ""city"": """", ""state"": """", ""zip"": """"}'}"
14071209,JK100517,2025-12-31T20:30:00.000,006XX N DEARBORN ST,0760,BURGLARY,BURGLARY FROM MOTOR VEHICLE,PARKING LOT / GARAGE (NON RESIDENTIAL),False,False,1832,018,42,8,06,1175833,1904257,2025,2026-03-14T15:41:39.000,41.892649581,-87.629682213,"{'latitude': '41.892649581', 'longitude': '-87.629682213', 'human_address': '{""address"": """", ""city"": """", ""state"": """", ""zip"": """"}'}"
14070689,JJ540562,2025-12-31T20:27:00.000,032XX W 63RD ST,1822,NARCOTICS,MANUFACTURE / DELIVER - CANNABIS OVER 10 GRAMS,STREET,True,False,0823,008,14,66,18,1155777,1862668,2025,2026-03-14T15:41:39.000,41.778952046,-87.704458131,"{'latitude': '41.778952046', 'longitude': '-87.704458131', 'human_address': '{""address"": """", ""city"": """", ""state"": """", ""zip"": """"}'}"
14126184,JK168135,2025-12-31T20:25:00.000,010XX W GARFIELD BLVD,1753,OFFENSE INVOLVING CHILDREN,SEXUAL ASSAULT OF CHILD BY FAMILY MEMBER,APARTMENT,False,True,0712,007,16,68,02,1170502,1868217,2025,2026-03-14T15:41:39.000,41.793870956,-87.650313315,"{'latitude': '41.793870956', 'longitude': '-87.650313315', 'human_address': '{""address"": """", ""city"": """", ""state"": """", ""zip"": """"}'}"
14070760,JJ540560,2025-12-31T20:16:00.000,024XX W MADISON ST,1345,CRIMINAL DAMAGE,TO CITY OF CHICAGO PROPERTY,CTA BUS,False,False,1125,011,27,28,14,1160273,1899946,2025,2026-03-14T15:41:39.000,41.881155761,-87.686946988,"{'latitude': '41.881155761', 'longitude': '-87.686946988', 'human_address': '{""address"": """", ""city"": """", ""state"": """", ""zip"": """"}'}"
14076649,JJ540575,2025-12-31T20:10:00.000,008XX W IRVING PARK RD,5011,OTHER OFFENSE,LICENSE VIOLATION,SMALL RETAIL STORE,False,False,1915,019,46,3,26,1170079,1926770,2025,2026-03-14T15:41:39.000,41.954553913,-87.650155462,"{'latitude': '41.954553913', 'longitude': '-87.650155462', 'human_address': '{""address"": """", ""city"": """", ""state"": """", ""zip"": """"}'}"
14070666,JJ540572,2025-12-31T20:10:00.000,070XX S BELL AVE,2022,NARCOTICS,POSSESS - COCAINE,STREET,True,False,0832,008,17,66,18,1162612,1858031,2025,2026-03-14T15:41:39.000,41.766087577,-87.679529517,"{'latitude': '41.766087577', 'longitude': '-87.679529517', 'human_address': '{""address"": """", ""city"": """", ""state"": """", ""zip"": """"}'}"
14070754,JJ540553,2025-12-31T20:10:00.000,063XX S KEDZIE AVE,143A,WEAPONS VIOLATION,UNLAWFUL POSSESSION - HANDGUN,PARKING LOT / GARAGE (NON RESIDENTIAL),True,False,0823,008,14,66,15,1156138,1862630,2025,2026-03-14T15:41:39.000,41.778840516,-87.703135682,"{'latitude': '41.778840516', 'longitude': '-87.703135682', 'human_address': '{""address"": """", ""city"": """", ""state"": """", ""zip"": """"}'}"
14070730,JJ540632,2025-12-31T20:10:00.000,005XX W 43RD ST,5002,OTHER OFFENSE,OTHER VEHICLE OFFENSE,STREET,False,False,0925,009,11,61,26,1173224,1876404,2025,2026-03-14T15:41:39.000,41.816277128,-87.640089799,"{'latitude': '41.816277128', 'longitude': '-87.640089799', 'human_address': '{""address"": """", ""city"": """", ""state"": """", ""zip"": """"}'}"
14070679,JJ540558,2025-12-31T20:09:00.000,052XX W DIVERSEY AVE,0460,BATTERY,SIMPLE,STREET,True,False,2514,025,31,19,08B,1141044,1918116,2025,2026-03-14T15:41:39.000,41.931392034,-87.757107294,"{'latitude': '41.931392034', 'longitude': '-87.757107294', 'human_address': '{""address"": """", ""city"": """", ""state"": """", ""zip"": """"}'}"
14070667,JJ540555,2025-12-31T20:06:00.000,056XX S WESTERN AVE,5111,OTHER OFFENSE,GUN OFFENDER - ANNUAL REGISTRATION,STREET,True,False,0824,008,15,63,26,1161331,1867224,2025,2026-03-14T15:41:39.000,41.791341061,-87.683970411,"{'latitude': '41.791341061', 'longitude': '-87.683970411', 'human_address': '{""address"": """", ""city"": """", ""state"": """", ""zip"": """"}'}"
14082428,JK113795,2025-12-31T20:00:00.000,063XX S ELLIS AVE,1153,DECEPTIVE PRACTICE,FINANCIAL IDENTITY THEFT OVER $ 300,OTHER (SPECIFY),False,False,0314,003,20,42,11,1184148,1863106,2025,2026-03-14T15:41:39.000,41.779537523,-87.600434516,"{'latitude': '41.779537523', 'longitude': '-87.600434516', 'human_address': '{""address"": """", ""city"": """", ""state"": """", ""zip"": """"}'}"
14073066,JK102035,2025-12-31T20:00:00.000,032XX W WABANSIA AVE,1310,CRIMINAL DAMAGE,TO PROPERTY,APARTMENT,False,True,1422,014,26,23,14,1154113,1911108,2025,2026-03-14T15:41:39.000,41.911910434,-87.709268107,"{'latitude': '41.911910434', 'longitude': '-87.709268107', 'human_address': '{""address"": """", ""city"": """", ""state"": """", ""zip"": """"}'}"
14071464,JK100896,2025-12-31T20:00:00.000,013XX N PAULINA ST,1130,DECEPTIVE PRACTICE,FRAUD OR CONFIDENCE GAME,STREET,False,False,1433,014,1,24,11,1164814,1909135,2025,2026-03-14T15:41:39.000,41.906276004,-87.670011875,"{'latitude': '41.906276004', 'longitude': '-87.670011875', 'human_address': '{""address"": """", ""city"": """", ""state"": """", ""zip"": """"}'}"
14070758,JJ540581,2025-12-31T20:00:00.000,063XX N WESTERN AVE,0910,MOTOR VEHICLE THEFT,AUTOMOBILE,STREET,False,False,2413,024,50,2,07,1159168,1942004,2025,2026-03-14T15:41:39.000,41.996588393,-87.689845238,"{'latitude': '41.996588393', 'longitude': '-87.689845238', 'human_address': '{""address"": """", ""city"": """", ""state"": """", ""zip"": """"}'}"
14070840,JJ540649,2025-12-31T20:00:00.000,020XX S WENTWORTH AVE,0430,BATTERY,AGGRAVATED - OTHER DANGEROUS WEAPON,RESTAURANT,False,False,0914,009,11,34,04B,1175356,1890576,2025,2026-03-14T15:41:39.000,41.855118781,-87.631844657,"{'latitude': '41.855118781', 'longitude': '-87.631844657', 'human_address': '{""address"": """", ""city"": """", ""state"": """", ""zip"": """"}'}"
14071132,JK100439,2025-12-31T20:00:00.000,080XX S THROOP ST,0910,MOTOR VEHICLE THEFT,AUTOMOBILE,STREET,False,False,0612,006,17,71,07,1169055,1851524,2025,2026-03-14T15:41:39.000,41.748094688,-87.65610137,"{'latitude': '41.748094688', 'longitude': '-87.65610137', 'human_address': '{""address"": """", ""city"": """", ""state"": """", ""zip"": """"}'}"
14077125,JK106558,2025-12-31T20:00:00.000,006XX N LA SALLE DR,0820,THEFT,$500 AND UNDER,STREET,False,False,1832,018,42,8,06,1175021,1904606,2025,2026-03-14T15:41:39.000,41.89362549,-87.632653865,"{'latitude': '41.89362549', 'longitude': '-87.632653865', 'human_address': '{""address"": """", ""city"": """", ""state"": """", ""zip"": """"}'}"
14077682,JK108125,2025-12-31T20:00:00.000,022XX W MARQUETTE RD,4387,OTHER OFFENSE,VIOLATE ORDER OF PROTECTION,APARTMENT,False,False,0832,008,16,66,26,1162455,1860183,2025,2026-03-14T15:41:39.000,41.771996241,-87.680045067,"{'latitude': '41.771996241', 'longitude': '-87.680045067', 'human_address': '{""address"": """", ""city"": """", ""state"": """", ""zip"": """"}'}"
14070693,JJ540568,2025-12-31T19:54:00.000,027XX N PULASKI RD,1812,NARCOTICS,POSSESS - CANNABIS MORE THAN 30 GRAMS,STREET,True,False,2524,025,35,22,18,1149253,1917879,2025,2026-03-14T15:41:39.000,41.930586329,-87.726946547,"{'latitude': '41.930586329', 'longitude': '-87.726946547', 'human_address': '{""address"": """", ""city"": """", ""state"": """", ""zip"": """"}'}"
14070670,JJ540543,2025-12-31T19:44:00.000,039XX W POLK ST,143A,WEAPONS VIOLATION,UNLAWFUL POSSESSION - HANDGUN,STREET,True,False,1132,011,24,26,15,1150182,1896075,2025,2026-03-14T15:41:39.000,41.870735884,-87.724101663,"{'latitude': '41.870735884', 'longitude': '-87.724101663', 'human_address': '{""address"": """", ""city"": """", ""state"": """", ""zip"": """"}'}"
14126657,JK168269,2025-12-31T19:41:00.000,014XX N MONTICELLO AVE,1310,CRIMINAL DAMAGE,TO PROPERTY,RESIDENCE,False,False,2535,025,26,23,14,1151771,1909307,2025,2026-03-14T15:41:39.000,41.907014761,-87.717919446,"{'latitude': '41.907014761', 'longitude': '-87.717919446', 'human_address': '{""address"": """", ""city"": """", ""state"": """", ""zip"": """"}'}"
14072505,JK101429,2025-12-31T19:40:00.000,006XX W 31ST ST,1150,DECEPTIVE PRACTICE,CREDIT CARD FRAUD,GAS STATION,False,False,0915,009,11,60,11,1172315,1884344,2025,2026-03-14T15:41:39.000,41.838085292,-87.643190224,"{'latitude': '41.838085292', 'longitude': '-87.643190224', 'human_address': '{""address"": """", ""city"": """", ""state"": """", ""zip"": """"}'}"
14070674,JJ540536,2025-12-31T19:35:00.000,029XX E 83RD ST,143A,WEAPONS VIOLATION,UNLAWFUL POSSESSION - HANDGUN,VEHICLE NON-COMMERCIAL,True,False,0423,004,7,46,15,1197136,1850500,2025,2026-03-14T15:41:39.000,41.744632181,-87.553239014,"{'latitude': '41.744632181', 'longitude': '-87.553239014', 'human_address': '{""address"": """", ""city"": """", ""state"": """", ""zip"": """"}'}"
14070726,JJ540529,2025-12-31T19:35:00.000,073XX S YALE AVE,1310,CRIMINAL DAMAGE,TO PROPERTY,COMMERCIAL / BUSINESS OFFICE,False,False,0731,007,6,69,14,1175893,1856331,2025,2026-03-14T15:41:39.000,41.761135248,-87.630900966,"{'latitude': '41.761135248', 'longitude': '-87.630900966', 'human_address': '{""address"": """", ""city"": """", ""state"": """", ""zip"": """"}'}"
14077542,JJ540539,2025-12-31T19:25:00.000,034XX N BROADWAY,5011,OTHER OFFENSE,LICENSE VIOLATION,SMALL RETAIL STORE,True,False,1925,019,44,6,26,1171375,1923098,2025,2026-03-14T15:41:39.000,41.94444937,-87.645499537,"{'latitude': '41.94444937', 'longitude': '-87.645499537', 'human_address': '{""address"": """", ""city"": """", ""state"": """", ""zip"": """"}'}"
14070780,JJ540523,2025-12-31T19:24:00.000,098XX S THROOP ST,0486,BATTERY,DOMESTIC BATTERY SIMPLE,RESIDENCE,False,True,2213,022,21,73,08B,1169389,1839616,2025,2026-03-14T15:41:39.000,41.715410197,-87.655221259,"{'latitude': '41.715410197', 'longitude': '-87.655221259', 'human_address': '{""address"": """", ""city"": """", ""state"": """", ""zip"": """"}'}"
14070676,JJ540518,2025-12-31T19:22:00.000,025XX W MARQUETTE RD,2022,NARCOTICS,POSSESS - COCAINE,ALLEY,True,False,0832,008,16,66,18,1160741,1860147,2025,2026-03-14T15:41:39.000,41.771933007,-87.686329087,"{'latitude': '41.771933007', 'longitude': '-87.686329087', 'human_address': '{""address"": """", ""city"": """", ""state"": """", ""zip"": """"}'}"
14071604,JK100442,2025-12-31T19:21:00.000,032XX N CLARK ST,0860,THEFT,RETAIL THEFT,DEPARTMENT STORE,False,False,1924,019,44,6,06,1169868,1921628,2025,2026-03-14T15:41:39.000,41.94044868,-87.651081589,"{'latitude': '41.94044868', 'longitude': '-87.651081589', 'human_address': '{""address"": """", ""city"": """", ""state"": """", ""zip"": """"}'}"
14090081,JJ540512,2025-12-31T19:15:00.000,045XX N SHERIDAN RD,5011,OTHER OFFENSE,LICENSE VIOLATION,SMALL RETAIL STORE,True,False,1914,019,46,3,26,1168792,1930459,2025,2026-03-14T15:41:39.000,41.964704713,-87.654779253,"{'latitude': '41.964704713', 'longitude': '-87.654779253', 'human_address': '{""address"": """", ""city"": """", ""state"": """", ""zip"": """"}'}"
14070686,JJ540538,2025-12-31T19:10:00.000,004XX E 111TH ST,143A,WEAPONS VIOLATION,UNLAWFUL POSSESSION - HANDGUN,STREET,True,False,0531,005,9,49,15,1181084,1831452,2025,2026-03-14T15:41:39.000,41.692746355,-87.612639157,"{'latitude': '41.692746355', 'longitude': '-87.612639157', 'human_address': '{""address"": """", ""city"": """", ""state"": """", ""zip"": """"}'}"
14070678,JJ540507,2025-12-31T19:09:00.000,026XX N EMMETT ST,0486,BATTERY,DOMESTIC BATTERY SIMPLE,APARTMENT,False,True,1412,014,35,22,08B,1154448,1917894,2025,2026-03-14T15:41:39.000,41.930525082,-87.707855577,"{'latitude': '41.930525082', 'longitude': '-87.707855577', 'human_address': '{""address"": """", ""city"": """", ""state"": """", ""zip"": """"}'}"
14071238,JK100579,2025-12-31T19:07:00.000,012XX W 79TH ST,0860,THEFT,RETAIL THEFT,DRUG STORE,False,False,0612,006,17,71,06,1169539,1852401,2025,2026-03-14T15:41:39.000,41.750490827,-87.654302474,"{'latitude': '41.750490827', 'longitude': '-87.654302474', 'human_address': '{""address"": """", ""city"": """", ""state"": """", ""zip"": """"}'}"
14072023,JK101499,2025-12-31T19:00:00.000,051XX S CALUMET AVE,1320,CRIMINAL DAMAGE,TO VEHICLE,DRIVEWAY - RESIDENTIAL,False,False,0231,002,3,40,14,1179365,1870976,2025,2026-03-14T15:41:39.000,41.801244072,-87.617729246,"{'latitude': '41.801244072', 'longitude': '-87.617729246', 'human_address': '{""address"": """", ""city"": """", ""state"": """", ""zip"": """"}'}"
14075486,JK105565,2025-12-31T19:00:00.000,105XX S WABASH AVE,1130,DECEPTIVE PRACTICE,FRAUD OR CONFIDENCE GAME,APARTMENT,False,False,0512,005,9,49,11,1178443,1834993,2025,2026-03-14T15:41:39.000,41.70252359,-87.622201235,"{'latitude': '41.70252359', 'longitude': '-87.622201235', 'human_address': '{""address"": """", ""city"": """", ""state"": """", ""zip"": """"}'}"
14078431,JK108941,2025-12-31T19:00:00.000,004XX W EVERGREEN AVE,0460,BATTERY,SIMPLE,SIDEWALK,False,False,1821,018,27,8,08B,1173299,1909288,2025,2026-03-14T15:41:39.000,41.906511566,-87.638838917,"{'latitude': '41.906511566', 'longitude': '-87.638838917', 'human_address': '{""address"": """", ""city"": """", ""state"": """", ""zip"": """"}'}"
14072122,JK101665,2025-12-31T19:00:00.000,012XX W 76TH ST,0810,THEFT,OVER $500,SMALL RETAIL STORE,False,False,0612,006,17,71,06,1169395,1854429,2025,2026-03-14T15:41:39.000,41.756059048,-87.654771544,"{'latitude': '41.756059048', 'longitude': '-87.654771544', 'human_address': '{""address"": """", ""city"": """", ""state"": """", ""zip"": """"}'}"
14083078,JK114525,2025-12-31T19:00:00.000,014XX S CALIFORNIA BLVD,1320,CRIMINAL DAMAGE,TO VEHICLE,VEHICLE - COMMERCIAL,False,False,1023,010,28,29,14,1157917,1893055,2025,2026-03-14T15:41:39.000,41.862294538,-87.695786038,"{'latitude': '41.862294538', 'longitude': '-87.695786038', 'human_address': '{""address"": """", ""city"": """", ""state"": """", ""zip"": """"}'}"
14072324,JK101978,2025-12-31T19:00:00.000,041XX W 69TH ST,1320,CRIMINAL DAMAGE,TO VEHICLE,STREET,False,False,0833,008,23,65,14,1150058,1858525,2025,2026-03-14T15:41:39.000,41.767695839,-87.725532079,"{'latitude': '41.767695839', 'longitude': '-87.725532079', 'human_address': '{""address"": """", ""city"": """", ""state"": """", ""zip"": """"}'}"
14071227,JK100502,2025-12-31T19:00:00.000,033XX N LAKE SHORE DR,0560,ASSAULT,SIMPLE,APARTMENT,False,True,1925,019,44,6,08A,1172831,1922482,2025,2026-03-14T15:41:39.000,41.942726859,-87.640166261,"{'latitude': '41.942726859', 'longitude': '-87.640166261', 'human_address': '{""address"": """", ""city"": """", ""state"": """", ""zip"": """"}'}"
14071356,JK100682,2025-12-31T19:00:00.000,051XX S KEDZIE AVE,0880,THEFT,PURSE-SNATCHING,SIDEWALK,False,False,0822,008,14,63,06,1155912,1870472,2025,2026-03-14T15:41:39.000,41.80036463,-87.703753695,"{'latitude': '41.80036463', 'longitude': '-87.703753695', 'human_address': '{""address"": """", ""city"": """", ""state"": """", ""zip"": """"}'}"
14070681,JJ540521,2025-12-31T19:00:00.000,023XX N LEAVITT ST,0430,BATTERY,AGGRAVATED - OTHER DANGEROUS WEAPON,RESIDENCE,False,False,1432,014,32,22,04B,1161306,1915461,2025,2026-03-14T15:41:39.000,41.923708718,-87.682721802,"{'latitude': '41.923708718', 'longitude': '-87.682721802', 'human_address': '{""address"": """", ""city"": """", ""state"": """", ""zip"": """"}'}"
14071187,JK100477,2025-12-31T19:00:00.000,025XX S SACRAMENTO AVE,1320,CRIMINAL DAMAGE,TO VEHICLE,STREET,False,False,1033,010,25,30,14,1156763,1887092,2025,2026-03-14T15:41:39.000,41.845954846,-87.70018363,"{'latitude': '41.845954846', 'longitude': '-87.70018363', 'human_address': '{""address"": """", ""city"": """", ""state"": """", ""zip"": """"}'}"
14071077,JK100380,2025-12-31T19:00:00.000,064XX N SACRAMENTO AVE,0820,THEFT,$500 AND UNDER,STREET,False,False,2412,024,50,2,06,1155165,1942619,2025,2026-03-14T15:41:39.000,41.998357581,-87.704553989,"{'latitude': '41.998357581', 'longitude': '-87.704553989', 'human_address': '{""address"": """", ""city"": """", ""state"": """", ""zip"": """"}'}"
14070844,JJ540602,2025-12-31T19:00:00.000,035XX W 26TH ST,0910,MOTOR VEHICLE THEFT,AUTOMOBILE,STREET,False,False,1024,010,22,30,07,1153009,1886496,2025,2026-03-14T15:41:39.000,41.84439447,-87.713976387,"{'latitude': '41.84439447', 'longitude': '-87.713976387', 'human_address': '{""address"": """", ""city"": """", ""state"": """", ""zip"": """"}'}"
14071512,JK100822,2025-12-31T19:00:00.000,022XX S INDIANA AVE,0910,MOTOR VEHICLE THEFT,AUTOMOBILE,PARKING LOT / GARAGE (NON RESIDENTIAL),False,False,0132,001,3,33,07,1177975,1889553,2025,2026-03-14T15:41:39.000,41.852252485,-87.622262954,"{'latitude': '41.852252485', 'longitude': '-87.622262954', 'human_address': '{""address"": """", ""city"": """", ""state"": """", ""zip"": """"}'}"
14072902,JK102408,2025-12-31T18:54:00.000,056XX S SHIELDS AVE,1581,SEX OFFENSE,NON-CONSENSUAL DISSEMINATION OF PRIVATE SEXUAL IMAGES,OTHER (SPECIFY),False,True,0711,007,20,68,17,1174929,1867621,2025,2026-03-14T15:41:39.000,41.792137805,-87.634097628,"{'latitude': '41.792137805', 'longitude': '-87.634097628', 'human_address': '{""address"": """", ""city"": """", ""state"": """", ""zip"": """"}'}"
14099362,JK135430,2025-12-31T18:50:00.000,062XX S MAPLEWOOD AVE,501A,OTHER OFFENSE,ANIMAL ABUSE / NEGLECT,RESIDENCE - YARD (FRONT / BACK),False,False,0825,008,16,66,26,1160442,1863260,2025,2026-03-14T15:41:39.000,41.780481685,-87.687339414,"{'latitude': '41.780481685', 'longitude': '-87.687339414', 'human_address': '{""address"": """", ""city"": """", ""state"": """", ""zip"": """"}'}"
14077232,JK107537,2025-12-31T18:50:00.000,042XX N DRAKE AVE,2825,OTHER OFFENSE,HARASSMENT BY TELEPHONE,APARTMENT,False,True,1723,017,33,16,26,1151965,1927900,2025,2026-03-14T15:41:39.000,41.958031648,-87.716715578,"{'latitude': '41.958031648', 'longitude': '-87.716715578', 'human_address': '{""address"": """", ""city"": """", ""state"": """", ""zip"": """"}'}"
14089239,JJ540491,2025-12-31T18:45:00.000,037XX N CLARK ST,5011,OTHER OFFENSE,LICENSE VIOLATION,CONVENIENCE STORE,True,False,1923,019,44,6,26,1167796,1925017,2025,2026-03-14T15:41:39.000,41.949793244,-87.658598805,"{'latitude': '41.949793244', 'longitude': '-87.658598805', 'human_address': '{""address"": """", ""city"": """", ""state"": """", ""zip"": """"}'}"
14071251,JK100452,2025-12-31T18:40:00.000,001XX E 47TH ST,0460,BATTERY,SIMPLE,STREET,False,False,0224,002,3,38,08B,1178086,1873899,2025,2026-03-14T15:41:39.000,41.809294171,-87.622331081,"{'latitude': '41.809294171', 'longitude': '-87.622331081', 'human_address': '{""address"": """", ""city"": """", ""state"": """", ""zip"": """"}'}"
14070684,JJ540530,2025-12-31T18:31:00.000,005XX N TROY ST,0486,BATTERY,DOMESTIC BATTERY SIMPLE,RESIDENCE,False,True,1221,012,27,23,08B,1155280,1903506,2025,2026-03-14T15:41:39.000,41.89102648,-87.705185365,"{'latitude': '41.89102648', 'longitude': '-87.705185365', 'human_address': '{""address"": """", ""city"": """", ""state"": """", ""zip"": """"}'}"
14071992,JK101495,2025-12-31T18:30:00.000,026XX S STEWART AVE,1320,CRIMINAL DAMAGE,TO VEHICLE,STREET,False,False,0914,009,11,34,14,1174106,1886864,2025,2026-03-14T15:41:39.000,41.844960699,-87.636543229,"{'latitude': '41.844960699', 'longitude': '-87.636543229', 'human_address': '{""address"": """", ""city"": """", ""state"": """", ""zip"": """"}'}"
14070668,JJ540493,2025-12-31T18:30:00.000,018XX W 107TH ST,1310,CRIMINAL DAMAGE,TO PROPERTY,STREET,True,True,2212,022,19,72,14,1165961,1833713,2025,2026-03-14T15:41:39.000,41.699284805,-87.667943289,"{'latitude': '41.699284805', 'longitude': '-87.667943289', 'human_address': '{""address"": """", ""city"": """", ""state"": """", ""zip"": """"}'}"
14070598,JJ540541,2025-12-31T18:30:00.000,052XX S KENWOOD AVE,0430,BATTERY,AGGRAVATED - OTHER DANGEROUS WEAPON,APARTMENT,False,False,0234,002,4,41,04B,1186051,1870728,2025,2026-03-14T15:41:39.000,41.80040818,-87.593217433,"{'latitude': '41.80040818', 'longitude': '-87.593217433', 'human_address': '{""address"": """", ""city"": """", ""state"": """", ""zip"": """"}'}"
14071090,JK100384,2025-12-31T18:30:00.000,015XX N KARLOV AVE,1320,CRIMINAL DAMAGE,TO VEHICLE,STREET,False,False,2534,025,26,23,14,1148772,1909791,2025,2026-03-14T15:41:39.000,41.908401419,-87.728923604,"{'latitude': '41.908401419', 'longitude': '-87.728923604', 'human_address': '{""address"": """", ""city"": """", ""state"": """", ""zip"": """"}'}"
14076046,JK106272,2025-12-31T18:30:00.000,049XX S EAST END AVE,0620,BURGLARY,UNLAWFUL ENTRY,RESIDENCE,False,True,0222,002,5,39,05,1188061,1872496,2025,2026-03-14T15:41:39.000,41.805211965,-87.585789862,"{'latitude': '41.805211965', 'longitude': '-87.585789862', 'human_address': '{""address"": """", ""city"": """", ""state"": """", ""zip"": """"}'}"
14084052,JJ540485,2025-12-31T18:14:00.000,037XX N HALSTED ST,5011,OTHER OFFENSE,LICENSE VIOLATION,SMALL RETAIL STORE,True,False,1923,019,46,6,26,1170259,1924879,2025,2026-03-14T15:41:39.000,41.949361002,-87.649549222,"{'latitude': '41.949361002', 'longitude': '-87.649549222', 'human_address': '{""address"": """", ""city"": """", ""state"": """", ""zip"": """"}'}"
14071412,JK100793,2025-12-31T18:04:00.000,071XX W FOSTER PL,2820,OTHER OFFENSE,TELEPHONE THREAT,RESIDENCE,False,False,1613,016,41,10,08A,1127888,1934047,2025,2026-03-14T15:41:39.000,41.975340963,-87.805093348,"{'latitude': '41.975340963', 'longitude': '-87.805093348', 'human_address': '{""address"": """", ""city"": """", ""state"": """", ""zip"": """"}'}"
14071649,JK101046,2025-12-31T18:00:00.000,013XX N SEDGWICK ST,0430,BATTERY,AGGRAVATED - OTHER DANGEROUS WEAPON,APARTMENT,False,False,1821,018,27,8,04B,1173413,1909042,2025,2026-03-14T15:41:39.000,41.905833996,-87.638427474,"{'latitude': '41.905833996', 'longitude': '-87.638427474', 'human_address': '{""address"": """", ""city"": """", ""state"": """", ""zip"": """"}'}"
14081692,JK112550,2025-12-31T18:00:00.000,027XX N MOZART ST,0710,THEFT,THEFT FROM MOTOR VEHICLE,STREET,False,False,1411,014,1,22,06,1156906,1918119,2025,2026-03-14T15:41:39.000,41.931092938,-87.698816838,"{'latitude': '41.931092938', 'longitude': '-87.698816838', 'human_address': '{""address"": """", ""city"": """", ""state"": """", ""zip"": """"}'}"
14070590,JJ540483,2025-12-31T18:00:00.000,118XX S PRINCETON AVE,0820,THEFT,$500 AND UNDER,RESIDENCE,False,True,0522,005,21,53,06,1176412,1826402,2025,2026-03-14T15:41:39.000,41.678994385,-87.629895077,"{'latitude': '41.678994385', 'longitude': '-87.629895077', 'human_address': '{""address"": """", ""city"": """", ""state"": """", ""zip"": """"}'}"
14070582,JJ540488,2025-12-31T18:00:00.000,114XX S MICHIGAN AVE,0910,MOTOR VEHICLE THEFT,AUTOMOBILE,PARKING LOT / GARAGE (NON RESIDENTIAL),False,False,0531,005,9,49,07,1178868,1828958,2025,2026-03-14T15:41:39.000,41.685953051,-87.620827806,"{'latitude': '41.685953051', 'longitude': '-87.620827806', 'human_address': '{""address"": """", ""city"": """", ""state"": """", ""zip"": """"}'}"
14073783,JK103531,2025-12-31T18:00:00.000,008XX W KINZIE ST,1320,CRIMINAL DAMAGE,TO VEHICLE,PARKING LOT / GARAGE (NON RESIDENTIAL),False,False,1214,012,27,24,14,1170846,1902903,2025,2026-03-14T15:41:39.000,41.889044884,-87.648037032,"{'latitude': '41.889044884', 'longitude': '-87.648037032', 'human_address': '{""address"": """", ""city"": """", ""state"": """", ""zip"": """"}'}"
14083675,JK115613,2025-12-31T17:45:00.000,048XX N SHERIDAN RD,1154,DECEPTIVE PRACTICE,FINANCIAL IDENTITY THEFT $300 AND UNDER,,False,False,2024,020,46,3,11,1168755,1932522,2025,2026-03-14T15:41:39.000,41.970366453,-87.654855225,"{'latitude': '41.970366453', 'longitude': '-87.654855225', 'human_address': '{""address"": """", ""city"": """", ""state"": """", ""zip"": """"}'}"
14071589,JK100443,2025-12-31T17:43:00.000,027XX N CLYBOURN AVE,0860,THEFT,RETAIL THEFT,SMALL RETAIL STORE,False,False,1931,019,32,7,06,1162872,1918208,2025,2026-03-14T15:41:39.000,41.93121391,-87.676890454,"{'latitude': '41.93121391', 'longitude': '-87.676890454', 'human_address': '{""address"": """", ""city"": """", ""state"": """", ""zip"": """"}'}"
14070855,JJ540574,2025-12-31T17:40:00.000,010XX W CATALPA AVE,0281,CRIMINAL SEXUAL ASSAULT,NON-AGGRAVATED,APARTMENT,False,False,2023,020,48,77,02,1168102,1936700,2025,2026-03-14T15:41:39.000,41.981845169,-87.657135064,"{'latitude': '41.981845169', 'longitude': '-87.657135064', 'human_address': '{""address"": """", ""city"": """", ""state"": """", ""zip"": """"}'}"
14070556,JJ540447,2025-12-31T17:38:00.000,106XX S PULASKI RD,5011,OTHER OFFENSE,LICENSE VIOLATION,COMMERCIAL / BUSINESS OFFICE,True,False,2211,022,19,74,26,1151566,1833541,2025,2026-03-14T15:41:39.000,41.699105901,-87.720656409,"{'latitude': '41.699105901', 'longitude': '-87.720656409', 'human_address': '{""address"": """", ""city"": """", ""state"": """", ""zip"": """"}'}"
14125960,JK167886,2025-12-31T17:30:00.000,003XX E OHIO ST,0870,THEFT,POCKET-PICKING,STREET,False,False,1834,018,2,8,06,1178915,1904276,2025,2026-03-14T15:41:39.000,41.892631803,-87.618362824,"{'latitude': '41.892631803', 'longitude': '-87.618362824', 'human_address': '{""address"": """", ""city"": """", ""state"": """", ""zip"": """"}'}"
14072331,JK101993,2025-12-31T17:30:00.000,075XX S ASHLAND AVE,0820,THEFT,$500 AND UNDER,OTHER (SPECIFY),False,False,0612,006,17,71,06,1166987,1854622,2025,2026-03-14T15:41:39.000,41.756640447,-87.663590843,"{'latitude': '41.756640447', 'longitude': '-87.663590843', 'human_address': '{""address"": """", ""city"": """", ""state"": """", ""zip"": """"}'}"
14076514,JJ540434,2025-12-31T17:30:00.000,024XX N CLARK ST,5011,OTHER OFFENSE,LICENSE VIOLATION,SMALL RETAIL STORE,False,False,1935,019,43,7,26,1172527,1916825,2025,2026-03-14T15:41:39.000,41.927210571,-87.641451394,"{'latitude': '41.927210571', 'longitude': '-87.641451394', 'human_address': '{""address"": """", ""city"": """", ""state"": """", ""zip"": """"}'}"
14071610,JK100907,2025-12-31T17:30:00.000,041XX W PETERSON AVE,1150,DECEPTIVE PRACTICE,CREDIT CARD FRAUD,OTHER (SPECIFY),False,False,1711,017,39,12,11,1147650,1939551,2025,2026-03-14T15:41:39.000,41.990086907,-87.732278643,"{'latitude': '41.990086907', 'longitude': '-87.732278643', 'human_address': '{""address"": """", ""city"": """", ""state"": """", ""zip"": """"}'}"
14070535,JJ540439,2025-12-31T17:25:00.000,019XX N NATOMA AVE,0486,BATTERY,DOMESTIC BATTERY SIMPLE,RESIDENCE,False,True,2513,025,29,25,08B,1131774,1912191,2025,2026-03-14T15:41:39.000,41.915299019,-87.791311131,"{'latitude': '41.915299019', 'longitude': '-87.791311131', 'human_address': '{""address"": """", ""city"": """", ""state"": """", ""zip"": """"}'}"
14070554,JJ540448,2025-12-31T17:17:00.000,041XX W 57TH PL,0486,BATTERY,DOMESTIC BATTERY SIMPLE,STREET,False,True,0813,008,13,62,08B,1149817,1866154,2025,2026-03-14T15:41:39.000,41.788635709,-87.726218038,"{'latitude': '41.788635709', 'longitude': '-87.726218038', 'human_address': '{""address"": """", ""city"": """", ""state"": """", ""zip"": """"}'}"
14070602,JJ540473,2025-12-31T17:17:00.000,087XX S MORGAN ST,2825,OTHER OFFENSE,HARASSMENT BY TELEPHONE,RESIDENCE,False,True,2222,022,21,71,26,1171173,1846867,2025,2026-03-14T15:41:39.000,41.73526924,-87.648476137,"{'latitude': '41.73526924', 'longitude': '-87.648476137', 'human_address': '{""address"": """", ""city"": """", ""state"": """", ""zip"": """"}'}"
14073324,JK102349,2025-12-31T17:15:00.000,019XX S MICHIGAN AVE,1320,CRIMINAL DAMAGE,TO VEHICLE,STREET,False,False,0131,001,3,33,14,1177520,1890961,2025,2026-03-14T15:41:39.000,41.856126459,-87.623890217,"{'latitude': '41.856126459', 'longitude': '-87.623890217', 'human_address': '{""address"": """", ""city"": """", ""state"": """", ""zip"": """"}'}"
14070988,JJ540432,2025-12-31T17:12:00.000,058XX S RACINE AVE,0486,BATTERY,DOMESTIC BATTERY SIMPLE,VEHICLE NON-COMMERCIAL,False,True,0713,007,16,67,08B,1169313,1866253,2025,2026-03-14T15:41:39.000,41.788507353,-87.654730146,"{'latitude': '41.788507353', 'longitude': '-87.654730146', 'human_address': '{""address"": """", ""city"": """", ""state"": """", ""zip"": """"}'}"
14070570,JJ540442,2025-12-31T17:08:00.000,028XX W JACKSON BLVD,0496,BATTERY,AGGRAVATED DOMESTIC BATTERY - KNIFE / CUTTING INSTRUMENT,APARTMENT,False,True,1124,011,27,27,04B,1157560,1898567,2025,2026-03-14T15:41:39.000,41.877427291,-87.696946533,"{'latitude': '41.877427291', 'longitude': '-87.696946533', 'human_address': '{""address"": """", ""city"": """", ""state"": """", ""zip"": """"}'}"
14072374,JK101899,2025-12-31T17:00:00.000,053XX S SHORE DR,0820,THEFT,$500 AND UNDER,STREET,False,False,0234,002,5,41,06,1189030,1870252,2025,2026-03-14T15:41:39.000,41.799031097,-87.582307942,"{'latitude': '41.799031097', 'longitude': '-87.582307942', 'human_address': '{""address"": """", ""city"": """", ""state"": """", ""zip"": """"}'}"
14072922,JJ540470,2025-12-31T17:00:00.000,020XX W 47TH ST,051A,ASSAULT,AGGRAVATED - HANDGUN,STREET,False,False,0924,009,15,61,04A,1163779,1873499,2025,2026-03-14T15:41:39.000,41.808509341,-87.674817794,"{'latitude': '41.808509341', 'longitude': '-87.674817794', 'human_address': '{""address"": """", ""city"": """", ""state"": """", ""zip"": """"}'}"
14071322,JK100629,2025-12-31T17:00:00.000,047XX S HONORE ST,1310,CRIMINAL DAMAGE,TO PROPERTY,VEHICLE NON-COMMERCIAL,False,False,0931,009,15,61,14,1164818,1873165,2025,2026-03-14T15:41:39.000,41.807570896,-87.671016409,"{'latitude': '41.807570896', 'longitude': '-87.671016409', 'human_address': '{""address"": """", ""city"": """", ""state"": """", ""zip"": """"}'}"
14071268,JK100592,2025-12-31T17:00:00.000,101XX S LAFAYETTE AVE,1320,CRIMINAL DAMAGE,TO VEHICLE,DRIVEWAY - RESIDENTIAL,False,False,0511,005,9,49,14,1177714,1837671,2025,2026-03-14T15:41:39.000,41.709888882,-87.624789943,"{'latitude': '41.709888882', 'longitude': '-87.624789943', 'human_address': '{""address"": """", ""city"": """", ""state"": """", ""zip"": """"}'}"
14073152,JK102904,2025-12-31T17:00:00.000,027XX N WOLCOTT AVE,0910,MOTOR VEHICLE THEFT,AUTOMOBILE,STREET,False,False,1931,019,32,7,07,1163354,1918103,2025,2026-03-14T15:41:39.000,41.930915643,-87.67512216,"{'latitude': '41.930915643', 'longitude': '-87.67512216', 'human_address': '{""address"": """", ""city"": """", ""state"": """", ""zip"": """"}'}"
14070661,JJ540411,2025-12-31T16:50:00.000,033XX N ASHLAND AVE,1154,DECEPTIVE PRACTICE,FINANCIAL IDENTITY THEFT $300 AND UNDER,,False,False,1922,019,32,6,11,1165066,1922064,2025,2026-03-14T15:41:39.000,41.941748603,-87.668718084,"{'latitude': '41.941748603', 'longitude': '-87.668718084', 'human_address': '{""address"": """", ""city"": """", ""state"": """", ""zip"": """"}'}"
14070595,JJ540418,2025-12-31T16:46:00.000,032XX N CLARK ST,0860,THEFT,RETAIL THEFT,DEPARTMENT STORE,True,False,1924,019,44,6,06,1169868,1921628,2025,2026-03-14T15:41:39.000,41.94044868,-87.651081589,"{'latitude': '41.94044868', 'longitude': '-87.651081589', 'human_address': '{""address"": """", ""city"": """", ""state"": """", ""zip"": """"}'}"
14070552,JJ540416,2025-12-31T16:45:00.000,086XX S KEDZIE AVE,0486,BATTERY,DOMESTIC BATTERY SIMPLE,PARKING LOT / GARAGE (NON RESIDENTIAL),True,True,0834,008,18,70,08B,1156555,1846885,2025,2026-03-14T15:41:39.000,41.735625357,-87.702030498,"{'latitude': '41.735625357', 'longitude': '-87.702030498', 'human_address': '{""address"": """", ""city"": """", ""state"": """", ""zip"": """"}'}"
14070540,JJ540414,2025-12-31T16:40:00.000,048XX N SPAULDING AVE,0560,ASSAULT,SIMPLE,APARTMENT,False,False,1713,017,33,14,08A,1153507,1931974,2025,2026-03-14T15:41:39.000,41.969180376,-87.710937818,"{'latitude': '41.969180376', 'longitude': '-87.710937818', 'human_address': '{""address"": """", ""city"": """", ""state"": """", ""zip"": """"}'}"
14070662,JJ540433,2025-12-31T16:31:00.000,015XX S KOMENSKY AVE,143A,WEAPONS VIOLATION,UNLAWFUL POSSESSION - HANDGUN,STREET,True,False,1012,010,24,29,15,1149636,1892144,2025,2026-03-14T15:41:39.000,41.859959371,-87.726208299,"{'latitude': '41.859959371', 'longitude': '-87.726208299', 'human_address': '{""address"": """", ""city"": """", ""state"": """", ""zip"": """"}'}"
14071976,JK101446,2025-12-31T16:30:00.000,013XX W BARRY AVE,0910,MOTOR VEHICLE THEFT,AUTOMOBILE,STREET,False,False,1933,019,32,6,07,1166888,1920701,2025,2026-03-14T15:41:39.000,41.937969506,-87.662060731,"{'latitude': '41.937969506', 'longitude': '-87.662060731', 'human_address': '{""address"": """", ""city"": """", ""state"": """", ""zip"": """"}'}"
14071450,JK100873,2025-12-31T16:30:00.000,001XX N SANGAMON ST,0910,MOTOR VEHICLE THEFT,AUTOMOBILE,VEHICLE NON-COMMERCIAL,False,False,1224,012,27,28,07,1170077,1900946,2025,2026-03-14T15:41:39.000,41.883691561,-87.650918236,"{'latitude': '41.883691561', 'longitude': '-87.650918236', 'human_address': '{""address"": """", ""city"": """", ""state"": """", ""zip"": """"}'}"
14070561,JJ540425,2025-12-31T16:30:00.000,091XX S DR MARTIN LUTHER KING JR DR,0486,BATTERY,DOMESTIC BATTERY SIMPLE,RESIDENCE,True,True,0633,006,6,49,08B,1180528,1844133,2025,2026-03-14T15:41:39.000,41.727557426,-87.614287067,"{'latitude': '41.727557426', 'longitude': '-87.614287067', 'human_address': '{""address"": """", ""city"": """", ""state"": """", ""zip"": """"}'}"
14071518,JK101007,2025-12-31T16:30:00.000,021XX W ADAMS ST,0710,THEFT,THEFT FROM MOTOR VEHICLE,STREET,False,False,1225,012,27,28,06,1161956,1899053,2025,2026-03-14T15:41:39.000,41.87867034,-87.680792042,"{'latitude': '41.87867034', 'longitude': '-87.680792042', 'human_address': '{""address"": """", ""city"": """", ""state"": """", ""zip"": """"}'}"
14070536,JJ540397,2025-12-31T16:26:00.000,007XX N HAMLIN AVE,0820,THEFT,$500 AND UNDER,APARTMENT,False,True,1112,011,27,23,06,1150923,1904668,2025,2026-03-14T15:41:39.000,41.894301538,-87.721156134,"{'latitude': '41.894301538', 'longitude': '-87.721156134', 'human_address': '{""address"": """", ""city"": """", ""state"": """", ""zip"": """"}'}"
14070568,JJ540379,2025-12-31T16:21:00.000,065XX N OLMSTED AVE,502R,OTHER OFFENSE,VEHICLE TITLE / REGISTRATION OFFENSE,STREET,False,False,1612,016,41,9,26,1125809,1942857,2025,2026-03-14T15:41:39.000,41.999551415,-87.81254172,"{'latitude': '41.999551415', 'longitude': '-87.81254172', 'human_address': '{""address"": """", ""city"": """", ""state"": """", ""zip"": """"}'}"
14070511,JJ540374,2025-12-31T16:20:00.000,023XX N LINCOLN AVE,0560,ASSAULT,SIMPLE,AUTO / BOAT / RV DEALERSHIP,False,False,1812,018,43,7,08A,1170819,1915906,2025,2026-03-14T15:41:39.000,41.924726439,-87.647754531,"{'latitude': '41.924726439', 'longitude': '-87.647754531', 'human_address': '{""address"": """", ""city"": """", ""state"": """", ""zip"": """"}'}"
14196202,JK253431,2025-12-31T16:15:00.000,005XX W ROOSEVELT RD,1130,DECEPTIVE PRACTICE,FRAUD OR CONFIDENCE GAME,DEPARTMENT STORE,False,False,0124,001,28,28,11,1172744,1894970,2025,2026-05-16T15:41:19.000,41.867234401,-87.641301791,"{'latitude': '41.867234401', 'longitude': '-87.641301791', 'human_address': '{""address"": """", ""city"": """", ""state"": """", ""zip"": """"}'}"
14070716,JJ540437,2025-12-31T16:15:00.000,041XX W ROOSEVELT RD,0810,THEFT,OVER $500,CTA BUS,False,False,1132,011,24,29,06,1148757,1894380,2025,2026-03-14T15:41:39.000,41.866112237,-87.729377157,"{'latitude': '41.866112237', 'longitude': '-87.729377157', 'human_address': '{""address"": """", ""city"": """", ""state"": """", ""zip"": """"}'}"
14070533,JJ540388,2025-12-31T16:09:00.000,015XX S AVERS AVE,0910,MOTOR VEHICLE THEFT,AUTOMOBILE,APARTMENT,False,True,1014,010,24,29,07,1150962,1892221,2025,2026-03-14T15:41:39.000,41.860144834,-87.721338861,"{'latitude': '41.860144834', 'longitude': '-87.721338861', 'human_address': '{""address"": """", ""city"": """", ""state"": """", ""zip"": """"}'}"
14087072,JK119534,2025-12-31T16:08:00.000,034XX N LAKE SHORE DR,1154,DECEPTIVE PRACTICE,FINANCIAL IDENTITY THEFT $300 AND UNDER,,False,False,1925,019,44,6,11,1172449,1923411,2025,2026-03-14T15:41:39.000,41.945284535,-87.641542722,"{'latitude': '41.945284535', 'longitude': '-87.641542722', 'human_address': '{""address"": """", ""city"": """", ""state"": """", ""zip"": """"}'}"
14085149,JK117765,2025-12-31T16:03:00.000,007XX W 71ST ST,4650,OTHER OFFENSE,SEX OFFENDER - FAIL TO REGISTER,APARTMENT,True,False,0732,007,6,68,26,1172779,1857801,2025,2026-03-14T15:41:39.000,41.765238318,-87.642270673,"{'latitude': '41.765238318', 'longitude': '-87.642270673', 'human_address': '{""address"": """", ""city"": """", ""state"": """", ""zip"": """"}'}"
14072124,JK101629,2025-12-31T16:00:00.000,033XX W THORNDALE AVE,0610,BURGLARY,FORCIBLE ENTRY,RESIDENCE,False,False,1711,017,39,13,05,1152883,1938999,2025,2026-03-14T15:41:39.000,41.988469795,-87.713045222,"{'latitude': '41.988469795', 'longitude': '-87.713045222', 'human_address': '{""address"": """", ""city"": """", ""state"": """", ""zip"": """"}'}"
14072433,JK101891,2025-12-31T16:00:00.000,119XX S PERRY AVE,0910,MOTOR VEHICLE THEFT,AUTOMOBILE,STREET,False,False,0522,005,9,53,07,1177727,1825835,2025,2026-03-14T15:41:39.000,41.677408888,-87.625098732,"{'latitude': '41.677408888', 'longitude': '-87.625098732', 'human_address': '{""address"": """", ""city"": """", ""state"": """", ""zip"": """"}'}"
14075599,JK105640,2025-12-31T16:00:00.000,008XX W NORTH AVE,0620,BURGLARY,UNLAWFUL ENTRY,BANK,False,False,1822,018,2,8,05,1170250,1910860,2025,2026-03-14T15:41:39.000,41.910892416,-87.649993009,"{'latitude': '41.910892416', 'longitude': '-87.649993009', 'human_address': '{""address"": """", ""city"": """", ""state"": """", ""zip"": """"}'}"
14071361,JK100794,2025-12-31T16:00:00.000,024XX W BALMORAL AVE,0760,BURGLARY,BURGLARY FROM MOTOR VEHICLE,STREET,False,False,2011,020,40,4,06,1159280,1935785,2025,2026-03-14T15:41:39.000,41.979520895,-87.689605191,"{'latitude': '41.979520895', 'longitude': '-87.689605191', 'human_address': '{""address"": """", ""city"": """", ""state"": """", ""zip"": """"}'}"
14070954,JJ540559,2025-12-31T16:00:00.000,079XX S BURNHAM AVE,0486,BATTERY,DOMESTIC BATTERY SIMPLE,APARTMENT,False,True,0422,004,7,46,08B,1196221,1852785,2025,2026-03-14T15:41:39.000,41.750925109,-87.556516033,"{'latitude': '41.750925109', 'longitude': '-87.556516033', 'human_address': '{""address"": """", ""city"": """", ""state"": """", ""zip"": """"}'}"
14071054,JJ540436,2025-12-31T16:00:00.000,029XX W WILCOX ST,0545,ASSAULT,"PROTECTED EMPLOYEE - HANDS, FISTS, FEET, NO / MINOR INJURY",SIDEWALK,False,False,1124,011,27,27,08A,1156727,1899212,2025,2026-03-14T15:41:39.000,41.879214143,-87.699987616,"{'latitude': '41.879214143', 'longitude': '-87.699987616', 'human_address': '{""address"": """", ""city"": """", ""state"": """", ""zip"": """"}'}"
14070665,JJ540566,2025-12-31T16:00:00.000,061XX N HERMITAGE AVE,2820,OTHER OFFENSE,TELEPHONE THREAT,APARTMENT,False,True,2433,024,40,77,08A,1163654,1940857,2025,2026-03-14T15:41:39.000,41.993347301,-87.673375711,"{'latitude': '41.993347301', 'longitude': '-87.673375711', 'human_address': '{""address"": """", ""city"": """", ""state"": """", ""zip"": """"}'}"
14071166,JK100551,2025-12-31T16:00:00.000,079XX S HONORE ST,1320,CRIMINAL DAMAGE,TO VEHICLE,STREET,False,False,0611,006,17,71,14,1165398,1852125,2025,2026-03-14T15:41:39.000,41.749822122,-87.669484857,"{'latitude': '41.749822122', 'longitude': '-87.669484857', 'human_address': '{""address"": """", ""city"": """", ""state"": """", ""zip"": """"}'}"
14071553,JK101055,2025-12-31T16:00:00.000,008XX E 90TH ST,1320,CRIMINAL DAMAGE,TO VEHICLE,STREET,False,False,0633,006,8,44,14,1183385,1845481,2025,2026-03-14T15:41:39.000,41.731190527,-87.603779671,"{'latitude': '41.731190527', 'longitude': '-87.603779671', 'human_address': '{""address"": """", ""city"": """", ""state"": """", ""zip"": """"}'}"
14071240,JK100561,2025-12-31T16:00:00.000,048XX W WRIGHTWOOD AVE,0890,THEFT,FROM BUILDING,APARTMENT,False,False,2521,025,31,19,06,1143614,1916858,2025,2026-03-14T15:41:39.000,41.927892173,-87.747694461,"{'latitude': '41.927892173', 'longitude': '-87.747694461', 'human_address': '{""address"": """", ""city"": """", ""state"": """", ""zip"": """"}'}"
14070514,JJ540368,2025-12-31T15:55:00.000,010XX W 14TH PL,1310,CRIMINAL DAMAGE,TO PROPERTY,CHA APARTMENT,False,True,1232,012,28,28,14,1169588,1893227,2025,2026-03-14T15:41:39.000,41.862520701,-87.652938558,"{'latitude': '41.862520701', 'longitude': '-87.652938558', 'human_address': '{""address"": """", ""city"": """", ""state"": """", ""zip"": """"}'}"
14070545,JJ540366,2025-12-31T15:46:00.000,034XX W BELMONT AVE,0860,THEFT,RETAIL THEFT,DRUG STORE,True,False,1732,017,35,21,06,1152928,1921067,2025,2026-03-14T15:41:39.000,41.939262335,-87.71335694,"{'latitude': '41.939262335', 'longitude': '-87.71335694', 'human_address': '{""address"": """", ""city"": """", ""state"": """", ""zip"": """"}'}"
14072514,JK101601,2025-12-31T15:40:00.000,056XX W BELMONT AVE,0860,THEFT,RETAIL THEFT,GROCERY FOOD STORE,False,False,1633,016,30,15,06,1138058,1920707,2025,2026-03-14T15:41:39.000,41.938556557,-87.768017693,"{'latitude': '41.938556557', 'longitude': '-87.768017693', 'human_address': '{""address"": """", ""city"": """", ""state"": """", ""zip"": """"}'}"
14070553,JJ540441,2025-12-31T15:30:00.000,011XX N AUSTIN BLVD,1310,CRIMINAL DAMAGE,TO PROPERTY,APARTMENT,False,True,1511,015,29,25,14,1136157,1907022,2025,2026-03-14T15:41:39.000,41.901037512,-87.77533169,"{'latitude': '41.901037512', 'longitude': '-87.77533169', 'human_address': '{""address"": """", ""city"": """", ""state"": """", ""zip"": """"}'}"
14070542,JJ540342,2025-12-31T15:21:00.000,049XX N BERNARD ST,0560,ASSAULT,SIMPLE,NURSING / RETIREMENT HOME,False,False,1712,017,33,14,08A,1152494,1932484,2025,2026-03-14T15:41:39.000,41.970599981,-87.714649091,"{'latitude': '41.970599981', 'longitude': '-87.714649091', 'human_address': '{""address"": """", ""city"": """", ""state"": """", ""zip"": """"}'}"
14074154,JK103802,2025-12-31T15:20:00.000,001XX E WACKER DR,0810,THEFT,OVER $500,BRIDGE,False,False,0114,001,42,32,06,1177437,1902681,2025,2026-03-14T15:41:39.000,41.888288711,-87.623839292,"{'latitude': '41.888288711', 'longitude': '-87.623839292', 'human_address': '{""address"": """", ""city"": """", ""state"": """", ""zip"": """"}'}"
14070471,JJ540350,2025-12-31T15:15:00.000,065XX S KEDZIE AVE,0810,THEFT,OVER $500,GAS STATION,False,False,0831,008,14,66,06,1156172,1861266,2025,2026-03-14T15:41:39.000,41.775096813,-87.703047685,"{'latitude': '41.775096813', 'longitude': '-87.703047685', 'human_address': '{""address"": """", ""city"": """", ""state"": """", ""zip"": """"}'}"
14070486,JJ540323,2025-12-31T15:14:00.000,072XX S VINCENNES AVE,0486,BATTERY,DOMESTIC BATTERY SIMPLE,APARTMENT,False,True,0731,007,6,69,08B,1176403,1857070,2025,2026-03-14T15:41:39.000,41.763151705,-87.629009613,"{'latitude': '41.763151705', 'longitude': '-87.629009613', 'human_address': '{""address"": """", ""city"": """", ""state"": """", ""zip"": """"}'}"
14070519,JJ540319,2025-12-31T15:10:00.000,055XX S RICHMOND ST,0486,BATTERY,DOMESTIC BATTERY SIMPLE,RESIDENCE,True,True,0824,008,14,63,08B,1157656,1867715,2025,2026-03-14T15:41:39.000,41.792763814,-87.697432653,"{'latitude': '41.792763814', 'longitude': '-87.697432653', 'human_address': '{""address"": """", ""city"": """", ""state"": """", ""zip"": """"}'}"
14070513,JJ540362,2025-12-31T15:09:00.000,077XX S EMERALD AVE,0486,BATTERY,DOMESTIC BATTERY SIMPLE,APARTMENT,False,True,0621,006,17,71,08B,1172640,1853622,2025,2026-03-14T15:41:39.000,41.753773687,-87.642903084,"{'latitude': '41.753773687', 'longitude': '-87.642903084', 'human_address': '{""address"": """", ""city"": """", ""state"": """", ""zip"": """"}'}"
14070443,JJ540310,2025-12-31T15:08:00.000,001XX S HALSTED ST,0860,THEFT,RETAIL THEFT,DEPARTMENT STORE,False,False,1232,012,34,28,06,1171070,1899648,2025,2026-03-14T15:41:39.000,41.880108035,-87.647309981,"{'latitude': '41.880108035', 'longitude': '-87.647309981', 'human_address': '{""address"": """", ""city"": """", ""state"": """", ""zip"": """"}'}"
14078813,JK109575,2025-12-31T15:00:00.000,077XX S SOUTH SHORE DR,0820,THEFT,$500 AND UNDER,OTHER (SPECIFY),False,False,0421,004,7,43,06,1197289,1854704,2025,2026-03-14T15:41:39.000,41.756164455,-87.552538628,"{'latitude': '41.756164455', 'longitude': '-87.552538628', 'human_address': '{""address"": """", ""city"": """", ""state"": """", ""zip"": """"}'}"
14070641,JJ540399,2025-12-31T15:00:00.000,026XX N HALSTED ST,0860,THEFT,RETAIL THEFT,SMALL RETAIL STORE,False,False,1935,019,43,7,06,1170485,1917862,2025,2026-03-14T15:41:39.000,41.930101116,-87.648924417,"{'latitude': '41.930101116', 'longitude': '-87.648924417', 'human_address': '{""address"": """", ""city"": """", ""state"": """", ""zip"": """"}'}"
14070408,JJ540303,2025-12-31T15:00:00.000,065XX S MOZART ST,1581,SEX OFFENSE,NON-CONSENSUAL DISSEMINATION OF PRIVATE SEXUAL IMAGES,APARTMENT,False,True,0831,008,15,66,17,1158505,1861118,2025,2026-03-14T15:41:39.000,41.774643441,-87.69449918,"{'latitude': '41.774643441', 'longitude': '-87.69449918', 'human_address': '{""address"": """", ""city"": """", ""state"": """", ""zip"": """"}'}"
14071070,JK100331,2025-12-31T15:00:00.000,076XX N BOSWORTH AVE,2820,OTHER OFFENSE,TELEPHONE THREAT,APARTMENT,False,True,2422,024,49,1,08A,1164635,1950640,2025,2026-03-14T15:41:39.000,42.020171252,-87.669488191,"{'latitude': '42.020171252', 'longitude': '-87.669488191', 'human_address': '{""address"": """", ""city"": """", ""state"": """", ""zip"": """"}'}"
14137632,JK182153,2025-12-31T14:45:00.000,039XX W ROOSEVELT RD,0810,THEFT,OVER $500,STREET,False,False,1011,010,24,29,06,1150099,1894415,2025,2026-03-18T15:45:19.000,41.866182267,-87.724449615,"{'latitude': '41.866182267', 'longitude': '-87.724449615', 'human_address': '{""address"": """", ""city"": """", ""state"": """", ""zip"": """"}'}"
14070520,JJ540283,2025-12-31T14:44:00.000,079XX S VERNON AVE,1320,CRIMINAL DAMAGE,TO VEHICLE,ALLEY,False,True,0624,006,6,44,14,1180619,1852513,2025,2026-03-14T15:41:39.000,41.750551037,-87.613697029,"{'latitude': '41.750551037', 'longitude': '-87.613697029', 'human_address': '{""address"": """", ""city"": """", ""state"": """", ""zip"": """"}'}"
14071115,JK100482,2025-12-31T14:44:00.000,062XX N OAKLEY AVE,1320,CRIMINAL DAMAGE,TO VEHICLE,PARKING LOT / GARAGE (NON RESIDENTIAL),False,False,2413,024,50,2,14,1159856,1941314,2025,2026-03-14T15:41:39.000,41.994680793,-87.687333528,"{'latitude': '41.994680793', 'longitude': '-87.687333528', 'human_address': '{""address"": """", ""city"": """", ""state"": """", ""zip"": """"}'}"
14070537,JJ540281,2025-12-31T14:43:00.000,016XX W 76TH ST,051A,ASSAULT,AGGRAVATED - HANDGUN,APARTMENT,True,True,0611,006,17,71,04A,1166793,1854316,2025,2026-03-14T15:41:39.000,41.755804883,-87.664310539,"{'latitude': '41.755804883', 'longitude': '-87.664310539', 'human_address': '{""address"": """", ""city"": """", ""state"": """", ""zip"": """"}'}"
14070548,JJ540282,2025-12-31T14:43:00.000,002XX W 71ST ST,143A,WEAPONS VIOLATION,UNLAWFUL POSSESSION - HANDGUN,STREET,True,False,0731,007,6,69,15,1175717,1857887,2025,2026-03-14T15:41:39.000,41.765409034,-87.631499485,"{'latitude': '41.765409034', 'longitude': '-87.631499485', 'human_address': '{""address"": """", ""city"": """", ""state"": """", ""zip"": """"}'}"
14070524,JJ540272,2025-12-31T14:35:00.000,0000X W 69TH ST,143A,WEAPONS VIOLATION,UNLAWFUL POSSESSION - HANDGUN,STREET,True,False,0322,003,6,69,15,1177336,1859277,2025,2026-03-14T15:41:39.000,41.769186943,-87.625523451,"{'latitude': '41.769186943', 'longitude': '-87.625523451', 'human_address': '{""address"": """", ""city"": """", ""state"": """", ""zip"": """"}'}"
14078959,JK109689,2025-12-31T14:30:00.000,038XX S VINCENNES AVE,0820,THEFT,$500 AND UNDER,APARTMENT,False,False,0212,002,4,35,06,1180774,1879690,2025,2026-03-14T15:41:39.000,41.825123682,-87.61229385,"{'latitude': '41.825123682', 'longitude': '-87.61229385', 'human_address': '{""address"": """", ""city"": """", ""state"": """", ""zip"": """"}'}"
14070466,JJ540292,2025-12-31T14:30:00.000,001XX W 112TH PL,0910,MOTOR VEHICLE THEFT,AUTOMOBILE,STREET,False,False,0522,005,9,49,07,1177249,1830354,2025,2026-03-14T15:41:39.000,41.689820475,-87.626712685,"{'latitude': '41.689820475', 'longitude': '-87.626712685', 'human_address': '{""address"": """", ""city"": """", ""state"": """", ""zip"": """"}'}"
14070469,JJ540385,2025-12-31T14:30:00.000,048XX S LAKE PARK AVE,0560,ASSAULT,SIMPLE,STREET,False,False,0222,002,4,39,08A,1186953,1873098,2025,2026-03-14T15:41:39.000,41.806890268,-87.589834384,"{'latitude': '41.806890268', 'longitude': '-87.589834384', 'human_address': '{""address"": """", ""city"": """", ""state"": """", ""zip"": """"}'}"
14070549,JJ540301,2025-12-31T14:30:00.000,106XX S AVENUE M,0486,BATTERY,DOMESTIC BATTERY SIMPLE,APARTMENT,False,True,0432,004,10,52,08B,1201519,1835022,2025,2026-03-14T15:41:39.000,41.702049219,-87.53770369,"{'latitude': '41.702049219', 'longitude': '-87.53770369', 'human_address': '{""address"": """", ""city"": """", ""state"": """", ""zip"": """"}'}"
14070546,JJ540340,2025-12-31T14:24:00.000,010XX S MICHIGAN AVE,1330,CRIMINAL TRESPASS,TO LAND,APARTMENT,True,False,0123,001,4,32,26,1177416,1895928,2025,2026-03-14T15:41:39.000,41.86975858,-87.624121338,"{'latitude': '41.86975858', 'longitude': '-87.624121338', 'human_address': '{""address"": """", ""city"": """", ""state"": """", ""zip"": """"}'}"
14070411,JJ540253,2025-12-31T14:23:00.000,061XX W DIVERSEY AVE,0460,BATTERY,SIMPLE,OTHER (SPECIFY),False,False,2512,025,36,19,08B,1134790,1917961,2025,2026-03-14T15:41:39.000,41.931079735,-87.780093686,"{'latitude': '41.931079735', 'longitude': '-87.780093686', 'human_address': '{""address"": """", ""city"": """", ""state"": """", ""zip"": """"}'}"
14070496,JJ540259,2025-12-31T14:22:00.000,003XX S STATE ST,0560,ASSAULT,SIMPLE,RESTAURANT,False,False,0113,001,4,32,08A,1176427,1898800,2025,2026-03-14T15:41:39.000,41.877661886,-87.627665516,"{'latitude': '41.877661886', 'longitude': '-87.627665516', 'human_address': '{""address"": """", ""city"": """", ""state"": """", ""zip"": """"}'}"
14072017,JJ540431,2025-12-31T14:20:00.000,054XX S ARCHER AVE,5000,OTHER OFFENSE,OTHER CRIME AGAINST PERSON,DRUG STORE,False,False,0814,008,23,56,26,1145070,1869741,2025,2026-03-14T15:41:39.000,41.798569683,-87.743533609,"{'latitude': '41.798569683', 'longitude': '-87.743533609', 'human_address': '{""address"": """", ""city"": """", ""state"": """", ""zip"": """"}'}"
14070382,JJ540304,2025-12-31T14:20:00.000,0000X E GRAND AVE,0320,ROBBERY,STRONG ARM - NO WEAPON,SIDEWALK,False,False,1834,018,42,8,03,1176796,1903917,2025,2026-03-14T15:41:39.000,41.891694878,-87.626155832,"{'latitude': '41.891694878', 'longitude': '-87.626155832', 'human_address': '{""address"": """", ""city"": """", ""state"": """", ""zip"": """"}'}"
14070476,JJ540299,2025-12-31T14:17:00.000,039XX N LARAMIE AVE,1811,NARCOTICS,POSSESS - CANNABIS 30 GRAMS OR LESS,STREET,True,False,1634,016,45,15,18,1140986,1925860,2025,2026-03-14T15:41:39.000,41.952643392,-87.757129144,"{'latitude': '41.952643392', 'longitude': '-87.757129144', 'human_address': '{""address"": """", ""city"": """", ""state"": """", ""zip"": """"}'}"
14070435,JJ540267,2025-12-31T14:15:00.000,025XX W 71ST ST,0486,BATTERY,DOMESTIC BATTERY SIMPLE,ALLEY,False,True,0832,008,17,66,08B,1160685,1857490,2025,2026-03-14T15:41:39.000,41.764642972,-87.686607602,"{'latitude': '41.764642972', 'longitude': '-87.686607602', 'human_address': '{""address"": """", ""city"": """", ""state"": """", ""zip"": """"}'}"
14070392,JJ540247,2025-12-31T14:14:00.000,032XX W 66TH ST,2170,NARCOTICS,POSSESSION OF DRUG EQUIPMENT,SIDEWALK,True,False,0831,008,14,66,18,1156008,1860683,2025,2026-03-14T15:41:39.000,41.77350027,-87.703664541,"{'latitude': '41.77350027', 'longitude': '-87.703664541', 'human_address': '{""address"": """", ""city"": """", ""state"": """", ""zip"": """"}'}"
14070405,JJ540239,2025-12-31T14:10:00.000,066XX S STATE ST,0530,ASSAULT,AGGRAVATED - OTHER DANGEROUS WEAPON,GAS STATION,False,False,0322,003,6,69,04A,1177427,1860815,2025,2026-03-14T15:41:39.000,41.773405326,-87.625143469,"{'latitude': '41.773405326', 'longitude': '-87.625143469', 'human_address': '{""address"": """", ""city"": """", ""state"": """", ""zip"": """"}'}"
14070638,JJ540270,2025-12-31T14:06:00.000,061XX N LINCOLN AVE,0860,THEFT,RETAIL THEFT,SMALL RETAIL STORE,False,False,1711,017,50,13,06,1152908,1940938,2025,2026-03-14T15:41:39.000,41.993790014,-87.7129016,"{'latitude': '41.993790014', 'longitude': '-87.7129016', 'human_address': '{""address"": """", ""city"": """", ""state"": """", ""zip"": """"}'}"
14070922,JJ540390,2025-12-31T14:04:00.000,030XX W 64TH ST,0820,THEFT,$500 AND UNDER,APARTMENT,False,False,0823,008,15,66,06,1157376,1862047,2025,2026-03-14T15:41:39.000,41.777215693,-87.698612813,"{'latitude': '41.777215693', 'longitude': '-87.698612813', 'human_address': '{""address"": """", ""city"": """", ""state"": """", ""zip"": """"}'}"
14073653,JK103379,2025-12-31T14:00:00.000,030XX W 40TH ST,2870,PUBLIC PEACE VIOLATION,PEEPING TOM,APARTMENT,False,False,0921,009,12,58,24,1156791,1877949,2025,2026-03-14T15:41:39.000,41.820864788,-87.700328132,"{'latitude': '41.820864788', 'longitude': '-87.700328132', 'human_address': '{""address"": """", ""city"": """", ""state"": """", ""zip"": """"}'}"
14072172,JK101766,2025-12-31T14:00:00.000,061XX S KENWOOD AVE,0495,BATTERY,AGGRAVATED OF A SENIOR CITIZEN,APARTMENT,False,False,0314,003,20,42,04B,1186129,1864575,2025,2026-03-14T15:41:39.000,41.783522021,-87.593125671,"{'latitude': '41.783522021', 'longitude': '-87.593125671', 'human_address': '{""address"": """", ""city"": """", ""state"": """", ""zip"": """"}'}"
14074441,JK104288,2025-12-31T14:00:00.000,015XX N LOTUS AVE,0820,THEFT,$500 AND UNDER,RESIDENCE,False,False,2532,025,37,25,06,1139732,1909639,2025,2026-03-14T15:41:39.000,41.908154308,-87.76213622,"{'latitude': '41.908154308', 'longitude': '-87.76213622', 'human_address': '{""address"": """", ""city"": """", ""state"": """", ""zip"": """"}'}"
14072108,JK101622,2025-12-31T14:00:00.000,066XX S KENWOOD AVE,0910,MOTOR VEHICLE THEFT,AUTOMOBILE,STREET,False,False,0321,003,20,42,07,1186210,1861213,2025,2026-03-14T15:41:39.000,41.774294494,-87.59293483,"{'latitude': '41.774294494', 'longitude': '-87.59293483', 'human_address': '{""address"": """", ""city"": """", ""state"": """", ""zip"": """"}'}"
14071252,JK100602,2025-12-31T14:00:00.000,050XX S INDIANA AVE,0560,ASSAULT,SIMPLE,APARTMENT,False,True,0224,002,3,38,08A,1178450,1871751,2025,2026-03-14T15:41:39.000,41.803391597,-87.621061298,"{'latitude': '41.803391597', 'longitude': '-87.621061298', 'human_address': '{""address"": """", ""city"": """", ""state"": """", ""zip"": """"}'}"
14071176,JK100518,2025-12-31T14:00:00.000,003XX N MORGAN ST,0910,MOTOR VEHICLE THEFT,AUTOMOBILE,STREET,False,False,1214,012,27,28,07,1169707,1902732,2025,2026-03-14T15:41:39.000,41.888600534,-87.652224845,"{'latitude': '41.888600534', 'longitude': '-87.652224845', 'human_address': '{""address"": """", ""city"": """", ""state"": """", ""zip"": """"}'}"
14070572,JJ540295,2025-12-31T13:58:00.000,035XX N PULASKI RD,2027,NARCOTICS,POSSESS - CRACK,PARKING LOT / GARAGE (NON RESIDENTIAL),False,False,1732,017,30,21,18,1149094,1923468,2025,2026-03-14T15:41:39.000,41.9459261,-87.727385667,"{'latitude': '41.9459261', 'longitude': '-87.727385667', 'human_address': '{""address"": """", ""city"": """", ""state"": """", ""zip"": """"}'}"
14070464,JJ540275,2025-12-31T13:56:00.000,015XX N CALIFORNIA AVE,2024,NARCOTICS,POSSESS - HEROIN (WHITE),PARKING LOT / GARAGE (NON RESIDENTIAL),True,False,1423,014,26,24,18,1157451,1910146,2025,2026-03-14T15:41:39.000,41.909203327,-87.697031461,"{'latitude': '41.909203327', 'longitude': '-87.697031461', 'human_address': '{""address"": """", ""city"": """", ""state"": """", ""zip"": """"}'}"
14071190,JK100562,2025-12-31T13:48:00.000,021XX N LAMON AVE,0890,THEFT,FROM BUILDING,APARTMENT,False,False,2522,025,26,19,06,1143372,1913991,2025,2026-03-14T15:41:39.000,41.920029366,-87.748655563,"{'latitude': '41.920029366', 'longitude': '-87.748655563', 'human_address': '{""address"": """", ""city"": """", ""state"": """", ""zip"": """"}'}"
14070378,JJ540205,2025-12-31T13:46:00.000,007XX W 31ST ST,0860,THEFT,RETAIL THEFT,COMMERCIAL / BUSINESS OFFICE,True,False,0915,009,11,60,06,1171697,1884328,2025,2026-03-14T15:41:39.000,41.83805499,-87.645458414,"{'latitude': '41.83805499', 'longitude': '-87.645458414', 'human_address': '{""address"": """", ""city"": """", ""state"": """", ""zip"": """"}'}"
14070455,JJ540287,2025-12-31T13:45:00.000,040XX W POLK ST,0820,THEFT,$500 AND UNDER,RESIDENCE - PORCH / HALLWAY,False,False,1132,011,24,26,06,1149648,1896141,2025,2026-03-14T15:41:39.000,41.870927379,-87.726060463,"{'latitude': '41.870927379', 'longitude': '-87.726060463', 'human_address': '{""address"": """", ""city"": """", ""state"": """", ""zip"": """"}'}"
14070566,JJ540251,2025-12-31T13:40:00.000,007XX W 69TH ST,143A,WEAPONS VIOLATION,UNLAWFUL POSSESSION - HANDGUN,STREET,True,False,0732,007,6,68,15,1172333,1859113,2025,2026-03-14T15:41:39.000,41.768848426,-87.643866847,"{'latitude': '41.768848426', 'longitude': '-87.643866847', 'human_address': '{""address"": """", ""city"": """", ""state"": """", ""zip"": """"}'}"
14070532,JJ540393,2025-12-31T13:40:00.000,064XX N MOZART ST,0520,ASSAULT,AGGRAVATED - KNIFE / CUTTING INSTRUMENT,APARTMENT,False,True,2412,024,50,2,04A,1156163,1942542,2025,2026-03-14T15:41:39.000,41.998126121,-87.700884754,"{'latitude': '41.998126121', 'longitude': '-87.700884754', 'human_address': '{""address"": """", ""city"": """", ""state"": """", ""zip"": """"}'}"
14070402,JJ540221,2025-12-31T13:38:00.000,028XX W JACKSON BLVD,0486,BATTERY,DOMESTIC BATTERY SIMPLE,APARTMENT,True,True,1124,011,27,27,08B,1157541,1898567,2025,2026-03-14T15:41:39.000,41.877427678,-87.697016296,"{'latitude': '41.877427678', 'longitude': '-87.697016296', 'human_address': '{""address"": """", ""city"": """", ""state"": """", ""zip"": """"}'}"
14070657,JJ540279,2025-12-31T13:35:00.000,001XX N MICHIGAN AVE,0890,THEFT,FROM BUILDING,RESTAURANT,False,False,0114,001,34,32,06,1177270,1901551,2025,2026-03-14T15:41:39.000,41.885191719,-87.624486846,"{'latitude': '41.885191719', 'longitude': '-87.624486846', 'human_address': '{""address"": """", ""city"": """", ""state"": """", ""zip"": """"}'}"
14070425,JJ540191,2025-12-31T13:34:00.000,012XX N MONTICELLO AVE,1812,NARCOTICS,POSSESS - CANNABIS MORE THAN 30 GRAMS,SIDEWALK,True,False,2535,025,36,23,18,1151815,1907916,2025,2026-03-14T15:41:39.000,41.903196858,-87.71779448,"{'latitude': '41.903196858', 'longitude': '-87.71779448', 'human_address': '{""address"": """", ""city"": """", ""state"": """", ""zip"": """"}'}"
14076160,JK105611,2025-12-31T13:34:00.000,061XX N LINCOLN AVE,0860,THEFT,RETAIL THEFT,DEPARTMENT STORE,False,False,1711,017,50,13,06,1152804,1941021,2025,2026-03-14T15:41:39.000,41.994019837,-87.713281946,"{'latitude': '41.994019837', 'longitude': '-87.713281946', 'human_address': '{""address"": """", ""city"": """", ""state"": """", ""zip"": """"}'}"
14071278,JJ540569,2025-12-31T13:30:00.000,041XX W 57TH PL,2826,OTHER OFFENSE,HARASSMENT BY ELECTRONIC MEANS,RESIDENCE,False,False,0813,008,13,62,26,1149817,1866154,2025,2026-03-14T15:41:39.000,41.788635709,-87.726218038,"{'latitude': '41.788635709', 'longitude': '-87.726218038', 'human_address': '{""address"": """", ""city"": """", ""state"": """", ""zip"": """"}'}"
14070384,JJ540255,2025-12-31T13:30:00.000,0000X E CEDAR ST,0760,BURGLARY,BURGLARY FROM MOTOR VEHICLE,DRIVEWAY - RESIDENTIAL,False,False,1824,018,2,8,06,1176531,1907814,2025,2026-03-14T15:41:39.000,41.902394425,-87.62701122,"{'latitude': '41.902394425', 'longitude': '-87.62701122', 'human_address': '{""address"": """", ""city"": """", ""state"": """", ""zip"": """"}'}"
14070332,JJ540173,2025-12-31T13:30:00.000,021XX S SPAULDING AVE,502P,OTHER OFFENSE,FALSE / STOLEN / ALTERED TRP,STREET,False,False,1024,010,24,30,26,1154698,1889350,2025,2026-03-14T15:41:39.000,41.852192589,-87.707701693,"{'latitude': '41.852192589', 'longitude': '-87.707701693', 'human_address': '{""address"": """", ""city"": """", ""state"": """", ""zip"": """"}'}"
14070415,JJ540185,2025-12-31T13:30:00.000,006XX E 67TH ST,0460,BATTERY,SIMPLE,SIDEWALK,False,False,0321,003,20,42,08B,1181868,1860736,2025,2026-03-14T15:41:39.000,41.773087037,-87.608866374,"{'latitude': '41.773087037', 'longitude': '-87.608866374', 'human_address': '{""address"": """", ""city"": """", ""state"": """", ""zip"": """"}'}"
14077497,JK107845,2025-12-31T13:29:00.000,043XX N HONORE ST,4386,OTHER OFFENSE,VIOLATION OF CIVIL NO CONTACT ORDER,APARTMENT,False,True,1912,019,47,5,26,1163249,1928914,2025,2026-03-14T15:41:39.000,41.960583812,-87.67520297,"{'latitude': '41.960583812', 'longitude': '-87.67520297', 'human_address': '{""address"": """", ""city"": """", ""state"": """", ""zip"": """"}'}"
14070390,JJ540203,2025-12-31T13:29:00.000,069XX S LAFAYETTE AVE,1121,DECEPTIVE PRACTICE,COUNTERFEITING DOCUMENT,RESTAURANT,False,False,0731,007,6,69,10,1177024,1859232,2025,2026-03-14T15:41:39.000,41.769070498,-87.626668445,"{'latitude': '41.769070498', 'longitude': '-87.626668445', 'human_address': '{""address"": """", ""city"": """", ""state"": """", ""zip"": """"}'}"
14075085,JK104543,2025-12-31T13:25:00.000,013XX W 97TH PL,0820,THEFT,$500 AND UNDER,RESIDENCE,False,False,2213,022,21,73,06,1169093,1840174,2025,2026-03-14T15:41:39.000,41.716947827,-87.65628928,"{'latitude': '41.716947827', 'longitude': '-87.65628928', 'human_address': '{""address"": """", ""city"": """", ""state"": """", ""zip"": """"}'}"
14070671,JJ540519,2025-12-31T13:20:00.000,077XX S WOLCOTT AVE,2820,OTHER OFFENSE,TELEPHONE THREAT,RESIDENCE,False,True,0611,006,17,71,08A,1165032,1853363,2025,2026-03-14T15:41:39.000,41.753227113,-87.670791108,"{'latitude': '41.753227113', 'longitude': '-87.670791108', 'human_address': '{""address"": """", ""city"": """", ""state"": """", ""zip"": """"}'}"
14070538,JJ540177,2025-12-31T13:15:00.000,041XX S FEDERAL ST,2820,OTHER OFFENSE,TELEPHONE THREAT,APARTMENT,False,True,0213,002,3,38,08A,1176378,1877703,2025,2026-03-14T15:41:39.000,41.819771291,-87.628481227,"{'latitude': '41.819771291', 'longitude': '-87.628481227', 'human_address': '{""address"": """", ""city"": """", ""state"": """", ""zip"": """"}'}"
14075219,JK105193,2025-12-31T13:10:00.000,006XX N LA SALLE DR,0890,THEFT,FROM BUILDING,RESIDENCE,False,False,1832,018,42,8,06,1175015,1904892,2025,2026-03-14T15:41:39.000,41.894410424,-87.632667323,"{'latitude': '41.894410424', 'longitude': '-87.632667323', 'human_address': '{""address"": """", ""city"": """", ""state"": """", ""zip"": """"}'}"
14070461,JJ540178,2025-12-31T13:08:00.000,079XX S HERMITAGE AVE,1330,CRIMINAL TRESPASS,TO LAND,OTHER (SPECIFY),False,False,0611,006,17,71,26,1166058,1852095,2025,2026-03-14T15:41:39.000,41.749725799,-87.667067181,"{'latitude': '41.749725799', 'longitude': '-87.667067181', 'human_address': '{""address"": """", ""city"": """", ""state"": """", ""zip"": """"}'}"
14070391,JJ540153,2025-12-31T13:05:00.000,029XX W ADDISON ST,0860,THEFT,RETAIL THEFT,DEPARTMENT STORE,True,False,1733,017,33,21,06,1155975,1923781,2025,2026-03-14T15:41:39.000,41.946648722,-87.702084879,"{'latitude': '41.946648722', 'longitude': '-87.702084879', 'human_address': '{""address"": """", ""city"": """", ""state"": """", ""zip"": """"}'}"
14071734,JK101123,2025-12-31T13:00:00.000,050XX N WESTERN AVE,0710,THEFT,THEFT FROM MOTOR VEHICLE,PARKING LOT / GARAGE (NON RESIDENTIAL),False,False,2031,020,40,4,06,1159454,1933219,2025,2026-03-14T15:41:39.000,41.972476083,-87.689036266,"{'latitude': '41.972476083', 'longitude': '-87.689036266', 'human_address': '{""address"": """", ""city"": """", ""state"": """", ""zip"": """"}'}"
14076682,JK106969,2025-12-31T13:00:00.000,046XX S ELLIS AVE,0910,MOTOR VEHICLE THEFT,AUTOMOBILE,STREET,False,False,0222,002,4,39,07,1183699,1874497,2025,2026-03-14T15:41:39.000,41.810805856,-87.601725179,"{'latitude': '41.810805856', 'longitude': '-87.601725179', 'human_address': '{""address"": """", ""city"": """", ""state"": """", ""zip"": """"}'}"
14072075,JK101369,2025-12-31T13:00:00.000,069XX S GREEN ST,0610,BURGLARY,FORCIBLE ENTRY,RESIDENCE,False,False,0733,007,16,68,05,1171831,1858865,2025,2026-03-14T15:41:39.000,41.768178912,-87.645714196,"{'latitude': '41.768178912', 'longitude': '-87.645714196', 'human_address': '{""address"": """", ""city"": """", ""state"": """", ""zip"": """"}'}"
14070592,JJ540336,2025-12-31T13:00:00.000,005XX E 75TH ST,1710,OFFENSE INVOLVING CHILDREN,ENDANGERING LIFE / HEALTH OF CHILD,DAY CARE CENTER,False,True,0323,003,6,69,20,1181039,1855400,2025,2026-03-14T15:41:39.000,41.758463627,-87.612069274,"{'latitude': '41.758463627', 'longitude': '-87.612069274', 'human_address': '{""address"": """", ""city"": """", ""state"": """", ""zip"": """"}'}"
14071463,JK100930,2025-12-31T13:00:00.000,076XX S KEDZIE AVE,502R,OTHER OFFENSE,VEHICLE TITLE / REGISTRATION OFFENSE,STREET,False,False,0835,008,18,70,26,1156366,1853877,2025,2026-03-14T15:41:39.000,41.754816353,-87.702535145,"{'latitude': '41.754816353', 'longitude': '-87.702535145', 'human_address': '{""address"": """", ""city"": """", ""state"": """", ""zip"": """"}'}"
14071511,JK101022,2025-12-31T13:00:00.000,002XX W 24TH PL,1320,CRIMINAL DAMAGE,TO VEHICLE,STREET,False,False,0914,009,11,34,14,1174961,1888062,2025,2026-03-14T15:41:39.000,41.848229025,-87.633369687,"{'latitude': '41.848229025', 'longitude': '-87.633369687', 'human_address': '{""address"": """", ""city"": """", ""state"": """", ""zip"": """"}'}"
14070406,JJ540157,2025-12-31T12:56:00.000,033XX W SUNNYSIDE AVE,0560,ASSAULT,SIMPLE,RESIDENCE - PORCH / HALLWAY,False,False,1724,017,33,14,08A,1153139,1929707,2025,2026-03-14T15:41:39.000,41.962966913,-87.712351374,"{'latitude': '41.962966913', 'longitude': '-87.712351374', 'human_address': '{""address"": """", ""city"": """", ""state"": """", ""zip"": """"}'}"
14070346,JJ540155,2025-12-31T12:50:00.000,044XX N LINCOLN AVE,1330,CRIMINAL TRESPASS,TO LAND,LIBRARY,True,False,1911,019,47,4,26,1160731,1929529,2025,2026-03-14T15:41:39.000,41.962324098,-87.684443267,"{'latitude': '41.962324098', 'longitude': '-87.684443267', 'human_address': '{""address"": """", ""city"": """", ""state"": """", ""zip"": """"}'}"
14070423,JJ540254,2025-12-31T12:49:00.000,075XX N PAULINA ST,4650,OTHER OFFENSE,SEX OFFENDER - FAIL TO REGISTER,SIDEWALK,True,False,2422,024,49,1,26,1163669,1950095,2025,2026-03-14T15:41:39.000,42.018696268,-87.673058465,"{'latitude': '42.018696268', 'longitude': '-87.673058465', 'human_address': '{""address"": """", ""city"": """", ""state"": """", ""zip"": """"}'}"
14070403,JJ540139,2025-12-31T12:46:00.000,013XX W WELLINGTON AVE,0486,BATTERY,DOMESTIC BATTERY SIMPLE,STREET,False,True,1933,019,32,6,08B,1166765,1920033,2025,2026-03-14T15:41:39.000,41.936139123,-87.662531989,"{'latitude': '41.936139123', 'longitude': '-87.662531989', 'human_address': '{""address"": """", ""city"": """", ""state"": """", ""zip"": """"}'}"
14071520,JK100992,2025-12-31T12:40:00.000,024XX N SACRAMENTO AVE,0560,ASSAULT,SIMPLE,STREET,False,False,1414,014,35,22,08A,1155968,1915892,2025,2026-03-14T15:41:39.000,41.925000877,-87.702324043,"{'latitude': '41.925000877', 'longitude': '-87.702324043', 'human_address': '{""address"": """", ""city"": """", ""state"": """", ""zip"": """"}'}"
14070432,JJ540179,2025-12-31T12:39:00.000,118XX S WESTERN AVE,0860,THEFT,RETAIL THEFT,SMALL RETAIL STORE,False,False,2212,022,19,75,06,1162524,1826086,2025,2026-03-14T15:41:39.000,41.678427129,-87.680739677,"{'latitude': '41.678427129', 'longitude': '-87.680739677', 'human_address': '{""address"": """", ""city"": """", ""state"": """", ""zip"": """"}'}"
14071611,JK100414,2025-12-31T12:30:00.000,011XX E 46TH ST,0810,THEFT,OVER $500,RESIDENCE,False,False,0222,002,4,39,06,1184536,1874736,2025,2026-03-14T15:41:39.000,41.811442095,-87.598647689,"{'latitude': '41.811442095', 'longitude': '-87.598647689', 'human_address': '{""address"": """", ""city"": """", ""state"": """", ""zip"": """"}'}"
14070289,JJ540121,2025-12-31T12:30:00.000,044XX N TRIPP AVE,0580,STALKING,SIMPLE,STREET,False,True,1722,017,39,16,08A,1147197,1929107,2025,2026-03-14T15:41:39.000,41.961436557,-87.734213551,"{'latitude': '41.961436557', 'longitude': '-87.734213551', 'human_address': '{""address"": """", ""city"": """", ""state"": """", ""zip"": """"}'}"
14070290,JJ540140,2025-12-31T12:30:00.000,085XX S MARSHFIELD AVE,0820,THEFT,$500 AND UNDER,APARTMENT,False,False,0614,006,18,71,06,1166828,1848117,2025,2026-03-14T15:41:39.000,41.738793199,-87.664358896,"{'latitude': '41.738793199', 'longitude': '-87.664358896', 'human_address': '{""address"": """", ""city"": """", ""state"": """", ""zip"": """"}'}"
14070479,JJ540133,2025-12-31T12:30:00.000,063XX S WOOD ST,0486,BATTERY,DOMESTIC BATTERY SIMPLE,RESIDENCE,False,True,0726,007,15,67,08B,1165429,1862608,2025,2026-03-14T15:41:39.000,41.778588251,-87.66907461,"{'latitude': '41.778588251', 'longitude': '-87.66907461', 'human_address': '{""address"": """", ""city"": """", ""state"": """", ""zip"": """"}'}"
14070433,JJ540244,2025-12-31T12:29:00.000,118XX S WESTERN AVE,0860,THEFT,RETAIL THEFT,SMALL RETAIL STORE,False,False,2212,022,19,75,06,1162526,1826017,2025,2026-03-14T15:41:39.000,41.678237739,-87.68073427,"{'latitude': '41.678237739', 'longitude': '-87.68073427', 'human_address': '{""address"": """", ""city"": """", ""state"": """", ""zip"": """"}'}"
14070473,JJ540122,2025-12-31T12:27:00.000,006XX N LOCKWOOD AVE,0560,ASSAULT,SIMPLE,APARTMENT,False,False,1524,015,37,25,08A,1140915,1903718,2025,2026-03-14T15:41:39.000,41.891884688,-87.757936305,"{'latitude': '41.891884688', 'longitude': '-87.757936305', 'human_address': '{""address"": """", ""city"": """", ""state"": """", ""zip"": """"}'}"
14070396,JJ540322,2025-12-31T12:26:00.000,002XX W 63RD ST,2820,OTHER OFFENSE,TELEPHONE THREAT,GAS STATION,False,False,0722,007,20,68,08A,1175510,1863188,2025,2026-03-14T15:41:39.000,41.779960201,-87.632099778,"{'latitude': '41.779960201', 'longitude': '-87.632099778', 'human_address': '{""address"": """", ""city"": """", ""state"": """", ""zip"": """"}'}"
14070647,JJ540148,2025-12-31T12:25:00.000,094XX S ASHLAND AVE,0820,THEFT,$500 AND UNDER,GROCERY FOOD STORE,False,False,2221,022,21,73,06,1167325,1842212,2025,2026-03-14T15:41:39.000,41.722578383,-87.662706548,"{'latitude': '41.722578383', 'longitude': '-87.662706548', 'human_address': '{""address"": """", ""city"": """", ""state"": """", ""zip"": """"}'}"
14070500,JJ540150,2025-12-31T12:22:00.000,002XX W RANDOLPH ST,0810,THEFT,OVER $500,RESTAURANT,False,False,0122,001,42,32,06,1174601,1901265,2025,2026-03-14T15:41:39.000,41.884466997,-87.634296325,"{'latitude': '41.884466997', 'longitude': '-87.634296325', 'human_address': '{""address"": """", ""city"": """", ""state"": """", ""zip"": """"}'}"
14070512,JJ540131,2025-12-31T12:16:00.000,057XX N CENTRAL PARK AVE,0930,MOTOR VEHICLE THEFT,THEFT / RECOVERY - AUTOMOBILE,STREET,False,False,1711,017,39,13,07,1151347,1937856,2025,2026-03-14T15:41:39.000,41.985363727,-87.718724993,"{'latitude': '41.985363727', 'longitude': '-87.718724993', 'human_address': '{""address"": """", ""city"": """", ""state"": """", ""zip"": """"}'}"
14071961,JK101408,2025-12-31T12:15:00.000,072XX S MERRILL AVE,0910,MOTOR VEHICLE THEFT,AUTOMOBILE,VEHICLE NON-COMMERCIAL,False,False,0333,003,5,43,07,1191806,1857504,2025,2026-03-14T15:41:39.000,41.763982679,-87.572541517,"{'latitude': '41.763982679', 'longitude': '-87.572541517', 'human_address': '{""address"": """", ""city"": """", ""state"": """", ""zip"": """"}'}"
14071977,JK101469,2025-12-31T12:13:00.000,002XX W DIVISION ST,2825,OTHER OFFENSE,HARASSMENT BY TELEPHONE,COMMERCIAL / BUSINESS OFFICE,False,False,1821,018,2,8,26,1174353,1908326,2025,2026-03-14T15:41:39.000,41.903848309,-87.634995965,"{'latitude': '41.903848309', 'longitude': '-87.634995965', 'human_address': '{""address"": """", ""city"": """", ""state"": """", ""zip"": """"}'}"
14071001,JJ540181,2025-12-31T12:04:00.000,078XX S MARYLAND AVE,1330,CRIMINAL TRESPASS,TO LAND,APARTMENT,False,False,0624,006,8,69,26,1183261,1853219,2025,2026-03-14T15:41:39.000,41.752427329,-87.603993674,"{'latitude': '41.752427329', 'longitude': '-87.603993674', 'human_address': '{""address"": """", ""city"": """", ""state"": """", ""zip"": """"}'}"
14083044,JK114367,2025-12-31T12:01:00.000,003XX W 105TH ST,0915,MOTOR VEHICLE THEFT,"TRUCK, BUS, MOTOR HOME",DRIVEWAY - RESIDENTIAL,False,False,0512,005,21,49,07,1175884,1835298,2025,2026-03-14T15:41:39.000,41.703418158,-87.631562476,"{'latitude': '41.703418158', 'longitude': '-87.631562476', 'human_address': '{""address"": """", ""city"": """", ""state"": """", ""zip"": """"}'}"
14070287,JJ540107,2025-12-31T12:01:00.000,038XX W ROOSEVELT RD,1310,CRIMINAL DAMAGE,TO PROPERTY,COMMERCIAL / BUSINESS OFFICE,False,False,1011,010,24,29,14,1150785,1894432,2025,2026-03-14T15:41:39.000,41.866215538,-87.721930788,"{'latitude': '41.866215538', 'longitude': '-87.721930788', 'human_address': '{""address"": """", ""city"": """", ""state"": """", ""zip"": """"}'}"
14141398,JK187019,2025-12-31T12:00:00.000,043XX W OGDEN AVE,1120,DECEPTIVE PRACTICE,FORGERY,RESIDENCE,False,False,1013,010,22,29,10,1147635,1887749,2025,2026-03-23T15:42:13.000,41.847937523,-87.733666162,"{'latitude': '41.847937523', 'longitude': '-87.733666162', 'human_address': '{""address"": """", ""city"": """", ""state"": """", ""zip"": """"}'}"
14095210,JK130608,2025-12-31T12:00:00.000,034XX W FLOURNOY ST,0890,THEFT,FROM BUILDING,APARTMENT,False,False,1133,011,24,27,06,1153526,1896819,2025,2026-03-14T15:41:39.000,41.872711717,-87.711804831,"{'latitude': '41.872711717', 'longitude': '-87.711804831', 'human_address': '{""address"": """", ""city"": """", ""state"": """", ""zip"": """"}'}"
14076804,JK106316,2025-12-31T12:00:00.000,007XX E 91ST PL,0910,MOTOR VEHICLE THEFT,AUTOMOBILE,STREET,False,False,0633,006,8,44,07,1182748,1844465,2025,2026-03-14T15:41:39.000,41.728417297,-87.606144656,"{'latitude': '41.728417297', 'longitude': '-87.606144656', 'human_address': '{""address"": """", ""city"": """", ""state"": """", ""zip"": """"}'}"
14083969,JK116146,2025-12-31T12:00:00.000,020XX N LINCOLN PARK WEST,1122,DECEPTIVE PRACTICE,COUNTERFEIT CHECK,APARTMENT,False,False,1814,018,43,7,10,1173928,1913970,2025,2026-03-14T15:41:39.000,41.919345195,-87.636388619,"{'latitude': '41.919345195', 'longitude': '-87.636388619', 'human_address': '{""address"": """", ""city"": """", ""state"": """", ""zip"": """"}'}"
14073935,JK103758,2025-12-31T12:00:00.000,035XX N BROADWAY,0870,THEFT,POCKET-PICKING,SMALL RETAIL STORE,False,False,1925,019,46,6,06,1171076,1923738,2025,2026-03-14T15:41:39.000,41.946212132,-87.646579678,"{'latitude': '41.946212132', 'longitude': '-87.646579678', 'human_address': '{""address"": """", ""city"": """", ""state"": """", ""zip"": """"}'}"
14070349,JJ540090,2025-12-31T12:00:00.000,071XX S AVERS AVE,2820,OTHER OFFENSE,TELEPHONE THREAT,RESIDENCE,False,False,0833,008,23,65,08A,1151935,1856950,2025,2026-03-14T15:41:39.000,41.763337179,-87.718693205,"{'latitude': '41.763337179', 'longitude': '-87.718693205', 'human_address': '{""address"": """", ""city"": """", ""state"": """", ""zip"": """"}'}"
14070329,JJ540097,2025-12-31T12:00:00.000,003XX E GARFIELD BLVD,0486,BATTERY,DOMESTIC BATTERY SIMPLE,CTA TRAIN,False,True,0231,002,3,40,08B,1179210,1868614,2025,2026-03-14T15:41:39.000,41.794766069,-87.618369729,"{'latitude': '41.794766069', 'longitude': '-87.618369729', 'human_address': '{""address"": """", ""city"": """", ""state"": """", ""zip"": """"}'}"
14071118,JJ540098,2025-12-31T12:00:00.000,078XX S BURNHAM AVE,4255,KIDNAPPING,UNLAWFUL VISITATION INTERFERENCE,APARTMENT,False,False,0421,004,7,43,26,1196081,1853571,2025,2026-03-14T15:41:39.000,41.753085419,-87.557003062,"{'latitude': '41.753085419', 'longitude': '-87.557003062', 'human_address': '{""address"": """", ""city"": """", ""state"": """", ""zip"": """"}'}"
14070304,JJ540093,2025-12-31T12:00:00.000,042XX W WASHINGTON BLVD,2024,NARCOTICS,POSSESS - HEROIN (WHITE),ALLEY,True,False,1115,011,28,26,18,1148212,1900158,2025,2026-03-14T15:41:39.000,41.881978249,-87.731229119,"{'latitude': '41.881978249', 'longitude': '-87.731229119', 'human_address': '{""address"": """", ""city"": """", ""state"": """", ""zip"": """"}'}"
14071519,JK101005,2025-12-31T12:00:00.000,050XX S LARAMIE AVE,0910,MOTOR VEHICLE THEFT,AUTOMOBILE,STREET,True,False,0814,008,23,56,07,1142548,1870670,2025,2026-03-14T15:41:39.000,41.801166124,-87.752759453,"{'latitude': '41.801166124', 'longitude': '-87.752759453', 'human_address': '{""address"": """", ""city"": """", ""state"": """", ""zip"": """"}'}"
14118422,JK158761,2025-12-31T11:59:00.000,008XX W 70TH ST,1153,DECEPTIVE PRACTICE,FINANCIAL IDENTITY THEFT OVER $ 300,APARTMENT,False,False,0733,007,16,68,11,1171732,1858433,2025,2026-03-14T15:41:39.000,41.766995622,-87.64608973,"{'latitude': '41.766995622', 'longitude': '-87.64608973', 'human_address': '{""address"": """", ""city"": """", ""state"": """", ""zip"": """"}'}"
14070555,JJ540086,2025-12-31T11:56:00.000,016XX W JACKSON BLVD,0545,ASSAULT,"PROTECTED EMPLOYEE - HANDS, FISTS, FEET, NO / MINOR INJURY",HOSPITAL BUILDING / GROUNDS,False,False,1231,012,34,28,08A,1165476,1898692,2025,2026-03-14T15:41:39.000,41.87760556,-87.667877617,"{'latitude': '41.87760556', 'longitude': '-87.667877617', 'human_address': '{""address"": """", ""city"": """", ""state"": """", ""zip"": """"}'}"
14070359,JJ540105,2025-12-31T11:55:00.000,003XX S WESTERN AVE,1310,CRIMINAL DAMAGE,TO PROPERTY,APARTMENT,False,True,1225,012,27,28,14,1160451,1898423,2025,2026-03-14T15:41:39.000,41.87697283,-87.68633554,"{'latitude': '41.87697283', 'longitude': '-87.68633554', 'human_address': '{""address"": """", ""city"": """", ""state"": """", ""zip"": """"}'}"
14070370,JJ540112,2025-12-31T11:51:00.000,0000X E 112TH PL,0420,BATTERY,AGGRAVATED - KNIFE / CUTTING INSTRUMENT,APARTMENT,True,False,0531,005,9,49,04B,1178433,1830383,2025,2026-03-14T15:41:39.000,41.689873321,-87.62237719,"{'latitude': '41.689873321', 'longitude': '-87.62237719', 'human_address': '{""address"": """", ""city"": """", ""state"": """", ""zip"": """"}'}"
14072190,JK101647,2025-12-31T11:50:00.000,070XX W NORTH AVE,0460,BATTERY,SIMPLE,COMMERCIAL / BUSINESS OFFICE,False,False,2513,025,29,25,08B,1129287,1909862,2025,2026-03-14T15:41:39.000,41.908950704,-87.800501462,"{'latitude': '41.908950704', 'longitude': '-87.800501462', 'human_address': '{""address"": """", ""city"": """", ""state"": """", ""zip"": """"}'}"
14071360,JK100760,2025-12-31T11:50:00.000,047XX W BELLE PLAINE AVE,1477,WEAPONS VIOLATION,RECKLESS FIREARM DISCHARGE,RESIDENCE,False,False,1722,017,45,15,15,1143931,1926916,2025,2026-03-14T15:41:39.000,41.955486303,-87.746276475,"{'latitude': '41.955486303', 'longitude': '-87.746276475', 'human_address': '{""address"": """", ""city"": """", ""state"": """", ""zip"": """"}'}"
14070457,JJ540256,2025-12-31T11:49:00.000,018XX N AUSTIN AVE,1152,DECEPTIVE PRACTICE,ILLEGAL USE CASH CARD,APARTMENT,False,False,2513,025,29,25,11,1136119,1911556,2025,2026-03-14T15:41:39.000,41.913480042,-87.775362939,"{'latitude': '41.913480042', 'longitude': '-87.775362939', 'human_address': '{""address"": """", ""city"": """", ""state"": """", ""zip"": """"}'}"
14072511,JK101502,2025-12-31T11:46:00.000,064XX W ARCHER AVE,0810,THEFT,OVER $500,OTHER (SPECIFY),False,False,0811,008,13,56,06,1134180,1867387,2025,2026-03-14T15:41:39.000,41.792307985,-87.783525543,"{'latitude': '41.792307985', 'longitude': '-87.783525543', 'human_address': '{""address"": """", ""city"": """", ""state"": """", ""zip"": """"}'}"
14070270,JJ540085,2025-12-31T11:45:00.000,100XX W OHARE ST,2850,PUBLIC PEACE VIOLATION,BOMB THREAT,AIRPORT EXTERIOR - NON-SECURE AREA,False,False,1651,016,41,76,24,1100658,1934241,2025,2026-03-14T15:41:39.000,41.976290414,-87.905227221,"{'latitude': '41.976290414', 'longitude': '-87.905227221', 'human_address': '{""address"": """", ""city"": """", ""state"": """", ""zip"": """"}'}"
14070458,JJ540073,2025-12-31T11:44:00.000,008XX E 63RD ST,1330,CRIMINAL TRESPASS,TO LAND,PARKING LOT / GARAGE (NON RESIDENTIAL),True,False,0313,003,20,42,26,1182846,1863417,2025,2026-03-14T15:41:39.000,41.780421287,-87.605198095,"{'latitude': '41.780421287', 'longitude': '-87.605198095', 'human_address': '{""address"": """", ""city"": """", ""state"": """", ""zip"": """"}'}"
14075076,JK104568,2025-12-31T11:30:00.000,016XX N WELLS ST,1150,DECEPTIVE PRACTICE,CREDIT CARD FRAUD,APARTMENT,False,False,1814,018,2,7,11,1174397,1911377,2025,2026-03-14T15:41:39.000,41.912219416,-87.634743071,"{'latitude': '41.912219416', 'longitude': '-87.634743071', 'human_address': '{""address"": """", ""city"": """", ""state"": """", ""zip"": """"}'}"
14070350,JJ540072,2025-12-31T11:30:00.000,028XX W SUMMERDALE AVE,0486,BATTERY,DOMESTIC BATTERY SIMPLE,APARTMENT,False,True,2011,020,39,4,08B,1156492,1935412,2025,2026-03-14T15:41:39.000,41.9785544,-87.699868476,"{'latitude': '41.9785544', 'longitude': '-87.699868476', 'human_address': '{""address"": """", ""city"": """", ""state"": """", ""zip"": """"}'}"
14071071,JK100364,2025-12-31T11:30:00.000,007XX W COUCH PL,0810,THEFT,OVER $500,BAR OR TAVERN,False,False,1224,012,27,28,06,1171175,1901470,2025,2026-03-14T15:41:39.000,41.885105422,-87.646870922,"{'latitude': '41.885105422', 'longitude': '-87.646870922', 'human_address': '{""address"": """", ""city"": """", ""state"": """", ""zip"": """"}'}"
14071283,JK100661,2025-12-31T11:30:00.000,025XX S KEDZIE AVE,0820,THEFT,$500 AND UNDER,RESTAURANT,False,False,1033,010,25,30,06,1155429,1887055,2025,2026-03-14T15:41:39.000,41.845880198,-87.705080327,"{'latitude': '41.845880198', 'longitude': '-87.705080327', 'human_address': '{""address"": """", ""city"": """", ""state"": """", ""zip"": """"}'}"
14070449,JJ540271,2025-12-31T11:25:00.000,041XX S DR MARTIN LUTHER KING JR SD,0910,MOTOR VEHICLE THEFT,AUTOMOBILE,STREET,False,False,0214,002,3,38,07,1179609,1877794,2025,2026-03-14T15:41:39.000,41.81994766,-87.616625893,"{'latitude': '41.81994766', 'longitude': '-87.616625893', 'human_address': '{""address"": """", ""city"": """", ""state"": """", ""zip"": """"}'}"
14074159,JK103756,2025-12-31T11:22:00.000,090XX S MUSKEGON AVE,0890,THEFT,FROM BUILDING,RESIDENCE - PORCH / HALLWAY,False,False,0423,004,10,46,06,1196584,1845506,2025,2026-03-14T15:41:39.000,41.730941957,-87.55542697,"{'latitude': '41.730941957', 'longitude': '-87.55542697', 'human_address': '{""address"": """", ""city"": """", ""state"": """", ""zip"": """"}'}"
14070298,JJ540051,2025-12-31T11:20:00.000,004XX N MICHIGAN AVE,0860,THEFT,RETAIL THEFT,SMALL RETAIL STORE,True,False,1834,018,42,8,06,1177361,1903270,2025,2026-03-14T15:41:39.000,41.889906681,-87.624100509,"{'latitude': '41.889906681', 'longitude': '-87.624100509', 'human_address': '{""address"": """", ""city"": """", ""state"": """", ""zip"": """"}'}"
14076047,JK106200,2025-12-31T11:15:00.000,036XX W FILLMORE ST,0430,BATTERY,AGGRAVATED - OTHER DANGEROUS WEAPON,OTHER (SPECIFY),False,False,1133,011,24,29,04B,1152346,1895131,2025,2026-03-14T15:41:39.000,41.868103022,-87.716181735,"{'latitude': '41.868103022', 'longitude': '-87.716181735', 'human_address': '{""address"": """", ""city"": """", ""state"": """", ""zip"": """"}'}"
14070307,JJ540172,2025-12-31T11:15:00.000,014XX S CANAL ST,0460,BATTERY,SIMPLE,RESIDENCE,False,True,0124,001,25,28,08B,1173362,1893147,2025,2026-03-14T15:41:39.000,41.862218265,-87.639087164,"{'latitude': '41.862218265', 'longitude': '-87.639087164', 'human_address': '{""address"": """", ""city"": """", ""state"": """", ""zip"": """"}'}"
14070246,JJ540024,2025-12-31T11:15:00.000,067XX S PEORIA ST,0460,BATTERY,SIMPLE,RESIDENCE - PORCH / HALLWAY,False,False,0723,007,16,68,08B,1171471,1860073,2025,2026-03-14T15:41:39.000,41.7715017,-87.646998429,"{'latitude': '41.7715017', 'longitude': '-87.646998429', 'human_address': '{""address"": """", ""city"": """", ""state"": """", ""zip"": """"}'}"
14070300,JJ540060,2025-12-31T11:15:00.000,027XX W CERMAK RD,0860,THEFT,RETAIL THEFT,SMALL RETAIL STORE,False,False,1023,010,25,30,06,1158262,1889274,2025,2026-03-14T15:41:39.000,41.851912036,-87.694622835,"{'latitude': '41.851912036', 'longitude': '-87.694622835', 'human_address': '{""address"": """", ""city"": """", ""state"": """", ""zip"": """"}'}"
14070379,JJ540043,2025-12-31T11:10:00.000,011XX S MOZART ST,041A,BATTERY,AGGRAVATED - HANDGUN,STREET,False,False,1135,011,28,29,04B,1157533,1894906,2025,2026-03-14T15:41:39.000,41.867381691,-87.697145299,"{'latitude': '41.867381691', 'longitude': '-87.697145299', 'human_address': '{""address"": """", ""city"": """", ""state"": """", ""zip"": """"}'}"
14070452,JJ540053,2025-12-31T11:06:00.000,008XX N WESTERN AVE,0430,BATTERY,AGGRAVATED - OTHER DANGEROUS WEAPON,BANK,False,False,1212,012,36,24,04B,1160257,1905422,2025,2026-03-14T15:41:39.000,41.89618271,-87.68685425,"{'latitude': '41.89618271', 'longitude': '-87.68685425', 'human_address': '{""address"": """", ""city"": """", ""state"": """", ""zip"": """"}'}"
14088284,JK121755,2025-12-31T11:00:00.000,005XX N CLARK ST,1130,DECEPTIVE PRACTICE,FRAUD OR CONFIDENCE GAME,STREET,False,False,1831,018,42,8,11,1175448,1903688,2025,2026-03-14T15:41:39.000,41.891096869,-87.631113251,"{'latitude': '41.891096869', 'longitude': '-87.631113251', 'human_address': '{""address"": """", ""city"": """", ""state"": """", ""zip"": """"}'}"
14071608,JK100756,2025-12-31T11:00:00.000,001XX W WASHINGTON ST,1150,DECEPTIVE PRACTICE,CREDIT CARD FRAUD,RESTAURANT,False,False,0122,001,34,32,11,1174864,1900808,2025,2026-03-14T15:41:39.000,41.88320708,-87.633344253,"{'latitude': '41.88320708', 'longitude': '-87.633344253', 'human_address': '{""address"": """", ""city"": """", ""state"": """", ""zip"": """"}'}"
14071906,JK101326,2025-12-31T11:00:00.000,028XX N SPAULDING AVE,2826,OTHER OFFENSE,HARASSMENT BY ELECTRONIC MEANS,RESIDENCE,False,False,1412,014,35,21,26,1153894,1918619,2025,2026-03-14T15:41:39.000,41.932525611,-87.709872038,"{'latitude': '41.932525611', 'longitude': '-87.709872038', 'human_address': '{""address"": """", ""city"": """", ""state"": """", ""zip"": """"}'}"
14070705,JJ540577,2025-12-31T11:00:00.000,040XX N MENARD AVE,0486,BATTERY,DOMESTIC BATTERY SIMPLE,RESIDENCE,True,True,1624,016,38,15,08B,1136964,1926173,2025,2026-03-14T15:41:39.000,41.953575546,-87.771906878,"{'latitude': '41.953575546', 'longitude': '-87.771906878', 'human_address': '{""address"": """", ""city"": """", ""state"": """", ""zip"": """"}'}"
14070321,JJ540175,2025-12-31T11:00:00.000,006XX N LOCKWOOD AVE,0530,ASSAULT,AGGRAVATED - OTHER DANGEROUS WEAPON,APARTMENT,False,False,1524,015,37,25,04A,1140915,1903718,2025,2026-03-14T15:41:39.000,41.891884688,-87.757936305,"{'latitude': '41.891884688', 'longitude': '-87.757936305', 'human_address': '{""address"": """", ""city"": """", ""state"": """", ""zip"": """"}'}"
14071564,JK100949,2025-12-31T11:00:00.000,029XX W 60TH ST,0486,BATTERY,DOMESTIC BATTERY SIMPLE,APARTMENT,False,True,0823,008,15,66,08B,1157606,1864709,2025,2026-03-14T15:41:39.000,41.784515943,-87.69769749,"{'latitude': '41.784515943', 'longitude': '-87.69769749', 'human_address': '{""address"": """", ""city"": """", ""state"": """", ""zip"": """"}'}"
14070529,JJ540333,2025-12-31T11:00:00.000,070XX W NORTH AVE,0810,THEFT,OVER $500,COMMERCIAL / BUSINESS OFFICE,False,False,2513,025,29,25,06,1129287,1909862,2025,2026-03-14T15:41:39.000,41.908950704,-87.800501462,"{'latitude': '41.908950704', 'longitude': '-87.800501462', 'human_address': '{""address"": """", ""city"": """", ""state"": """", ""zip"": """"}'}"
14070534,JJ540400,2025-12-31T11:00:00.000,061XX S OAK PARK AVE,0910,MOTOR VEHICLE THEFT,AUTOMOBILE,STREET,False,False,0812,008,13,64,07,1132138,1863124,2025,2026-03-14T15:41:39.000,41.780645106,-87.791112009,"{'latitude': '41.780645106', 'longitude': '-87.791112009', 'human_address': '{""address"": """", ""city"": """", ""state"": """", ""zip"": """"}'}"
14070292,JJ540080,2025-12-31T11:00:00.000,053XX N CALIFORNIA AVE,0910,MOTOR VEHICLE THEFT,AUTOMOBILE,ALLEY,False,False,2011,020,39,4,07,1156722,1935532,2025,2026-03-14T15:41:39.000,41.978879016,-87.699019373,"{'latitude': '41.978879016', 'longitude': '-87.699019373', 'human_address': '{""address"": """", ""city"": """", ""state"": """", ""zip"": """"}'}"
14070315,JJ540031,2025-12-31T11:00:00.000,070XX S FAIRFIELD AVE,0810,THEFT,OVER $500,APARTMENT,False,True,0831,008,17,66,06,1159257,1857845,2025,2026-03-14T15:41:39.000,41.765646488,-87.69183194,"{'latitude': '41.765646488', 'longitude': '-87.69183194', 'human_address': '{""address"": """", ""city"": """", ""state"": """", ""zip"": """"}'}"
14070294,JJ540106,2025-12-31T11:00:00.000,081XX S ANTHONY AVE,0910,MOTOR VEHICLE THEFT,AUTOMOBILE,STREET,False,False,0414,004,8,45,07,1189198,1851211,2025,2026-03-14T15:41:39.000,41.746777025,-87.582301637,"{'latitude': '41.746777025', 'longitude': '-87.582301637', 'human_address': '{""address"": """", ""city"": """", ""state"": """", ""zip"": """"}'}"
14070325,JJ540159,2025-12-31T10:54:00.000,029XX E 81ST ST,0486,BATTERY,DOMESTIC BATTERY SIMPLE,APARTMENT,True,True,0422,004,7,46,08B,1197447,1851834,2025,2026-03-14T15:41:39.000,41.748285033,-87.552055115,"{'latitude': '41.748285033', 'longitude': '-87.552055115', 'human_address': '{""address"": """", ""city"": """", ""state"": """", ""zip"": """"}'}"
14070286,JJ540013,2025-12-31T10:48:00.000,007XX N TRUMBULL AVE,2014,NARCOTICS,MANUFACTURE / DELIVER -  HEROIN (WHITE),STREET,True,False,1121,011,27,23,18,1153245,1904776,2025,2026-03-14T15:41:39.000,41.894552122,-87.712625215,"{'latitude': '41.894552122', 'longitude': '-87.712625215', 'human_address': '{""address"": """", ""city"": """", ""state"": """", ""zip"": """"}'}"
14070526,JJ540037,2025-12-31T10:47:00.000,016XX E 79TH ST,041A,BATTERY,AGGRAVATED - HANDGUN,STREET,False,False,0414,004,8,46,04B,1188940,1852936,2025,2026-03-14T15:41:39.000,41.751516761,-87.583191893,"{'latitude': '41.751516761', 'longitude': '-87.583191893', 'human_address': '{""address"": """", ""city"": """", ""state"": """", ""zip"": """"}'}"
14071621,JK100942,2025-12-31T10:45:00.000,0000X S FRANKLIN ST,0890,THEFT,FROM BUILDING,HOTEL / MOTEL,False,False,0122,001,34,32,06,1174333,1900280,2025,2026-03-14T15:41:39.000,41.881770084,-87.635309866,"{'latitude': '41.881770084', 'longitude': '-87.635309866', 'human_address': '{""address"": """", ""city"": """", ""state"": """", ""zip"": """"}'}"
14071590,JK100606,2025-12-31T10:30:00.000,033XX S WELLS ST,1320,CRIMINAL DAMAGE,TO VEHICLE,STREET,False,False,0915,009,11,34,14,1175165,1882819,2025,2026-03-14T15:41:39.000,41.833837254,-87.632777952,"{'latitude': '41.833837254', 'longitude': '-87.632777952', 'human_address': '{""address"": """", ""city"": """", ""state"": """", ""zip"": """"}'}"
14081498,JK112709,2025-12-31T10:30:00.000,079XX S MARYLAND AVE,0650,BURGLARY,HOME INVASION,RESIDENCE,False,False,0624,006,8,44,05,1183279,1852561,2025,2026-03-14T15:41:39.000,41.750621289,-87.603948154,"{'latitude': '41.750621289', 'longitude': '-87.603948154', 'human_address': '{""address"": """", ""city"": """", ""state"": """", ""zip"": """"}'}"
14070245,JJ540026,2025-12-31T10:30:00.000,117XX S STATE ST,1320,CRIMINAL DAMAGE,TO VEHICLE,STREET,False,True,0532,005,9,53,14,1178352,1827293,2025,2026-03-14T15:41:39.000,41.68139574,-87.622767037,"{'latitude': '41.68139574', 'longitude': '-87.622767037', 'human_address': '{""address"": """", ""city"": """", ""state"": """", ""zip"": """"}'}"
14070235,JJ540058,2025-12-31T10:30:00.000,004XX W 28TH PL,0760,BURGLARY,BURGLARY FROM MOTOR VEHICLE,STREET,False,False,0914,009,11,60,06,1173450,1886033,2025,2026-03-14T15:41:39.000,41.842694948,-87.638975298,"{'latitude': '41.842694948', 'longitude': '-87.638975298', 'human_address': '{""address"": """", ""city"": """", ""state"": """", ""zip"": """"}'}"
14070309,JJ540050,2025-12-31T10:30:00.000,046XX S SPAULDING AVE,0560,ASSAULT,SIMPLE,RESIDENCE,False,False,0821,008,12,58,08A,1155161,1873610,2025,2026-03-14T15:41:39.000,41.808990794,-87.70642393,"{'latitude': '41.808990794', 'longitude': '-87.70642393', 'human_address': '{""address"": """", ""city"": """", ""state"": """", ""zip"": """"}'}"
14070231,JJ540062,2025-12-31T10:30:00.000,012XX N MAPLEWOOD AVE,2825,OTHER OFFENSE,HARASSMENT BY TELEPHONE,APARTMENT,False,True,1423,014,26,24,26,1159177,1908242,2025,2026-03-14T15:41:39.000,41.903943288,-87.690743302,"{'latitude': '41.903943288', 'longitude': '-87.690743302', 'human_address': '{""address"": """", ""city"": """", ""state"": """", ""zip"": """"}'}"
14070220,JJ540017,2025-12-31T10:28:00.000,004XX S STATE ST,0460,BATTERY,SIMPLE,LIBRARY,True,False,0113,001,4,32,08B,1176436,1898416,2025,2026-03-14T15:41:39.000,41.876607964,-87.627644063,"{'latitude': '41.876607964', 'longitude': '-87.627644063', 'human_address': '{""address"": """", ""city"": """", ""state"": """", ""zip"": """"}'}"
14070258,JJ540006,2025-12-31T10:25:00.000,0000X W 44TH ST,0486,BATTERY,DOMESTIC BATTERY SIMPLE,APARTMENT,False,True,0215,002,3,38,08B,1176921,1875852,2025,2026-03-14T15:41:39.000,41.814679746,-87.626545144,"{'latitude': '41.814679746', 'longitude': '-87.626545144', 'human_address': '{""address"": """", ""city"": """", ""state"": """", ""zip"": """"}'}"
14070223,JJ540001,2025-12-31T10:18:00.000,047XX W NORTH AVE,0320,ROBBERY,STRONG ARM - NO WEAPON,SMALL RETAIL STORE,False,False,2533,025,37,25,03,1144311,1910210,2025,2026-03-14T15:41:39.000,41.909636288,-87.745300725,"{'latitude': '41.909636288', 'longitude': '-87.745300725', 'human_address': '{""address"": """", ""city"": """", ""state"": """", ""zip"": """"}'}"
14070234,JJ539992,2025-12-31T10:12:00.000,055XX S ABERDEEN ST,0560,ASSAULT,SIMPLE,APARTMENT,False,False,0712,007,16,68,08A,1169929,1867996,2025,2026-03-14T15:41:39.000,41.79327698,-87.652420886,"{'latitude': '41.79327698', 'longitude': '-87.652420886', 'human_address': '{""address"": """", ""city"": """", ""state"": """", ""zip"": """"}'}"
14070274,JJ539998,2025-12-31T10:11:00.000,077XX S COLES AVE,0620,BURGLARY,UNLAWFUL ENTRY,APARTMENT,False,False,0421,004,7,43,05,1197052,1854260,2025,2026-03-14T15:41:39.000,41.754951987,-87.553421914,"{'latitude': '41.754951987', 'longitude': '-87.553421914', 'human_address': '{""address"": """", ""city"": """", ""state"": """", ""zip"": """"}'}"
14071080,JK100391,2025-12-31T10:06:00.000,004XX N HARDING AVE,0560,ASSAULT,SIMPLE,RESIDENCE,False,False,1122,011,37,23,08A,1149977,1902739,2025,2026-03-14T15:41:39.000,41.889026629,-87.724680785,"{'latitude': '41.889026629', 'longitude': '-87.724680785', 'human_address': '{""address"": """", ""city"": """", ""state"": """", ""zip"": """"}'}"
14078566,JK109130,2025-12-31T10:00:00.000,073XX S MARSHFIELD AVE,1155,DECEPTIVE PRACTICE,AGGRAVATED FINANCIAL IDENTITY THEFT,RESIDENCE,False,False,0735,007,17,67,11,1166616,1855941,2025,2026-03-14T15:41:39.000,41.760267881,-87.664912932,"{'latitude': '41.760267881', 'longitude': '-87.664912932', 'human_address': '{""address"": """", ""city"": """", ""state"": """", ""zip"": """"}'}"
14071817,JJ540665,2025-12-31T10:00:00.000,063XX S DR MARTIN LUTHER KING JR DR,0610,BURGLARY,FORCIBLE ENTRY,APARTMENT,False,False,0312,003,20,69,05,1180013,1862902,2025,2026-03-14T15:41:39.000,41.779073436,-87.615600014,"{'latitude': '41.779073436', 'longitude': '-87.615600014', 'human_address': '{""address"": """", ""city"": """", ""state"": """", ""zip"": """"}'}"
14082452,JK113810,2025-12-31T10:00:00.000,038XX S ARCHER AVE,1122,DECEPTIVE PRACTICE,COUNTERFEIT CHECK,APARTMENT,False,False,0911,009,12,58,10,1160159,1879150,2025,2026-03-14T15:41:39.000,41.824091721,-87.687939526,"{'latitude': '41.824091721', 'longitude': '-87.687939526', 'human_address': '{""address"": """", ""city"": """", ""state"": """", ""zip"": """"}'}"
14070383,JJ539993,2025-12-31T10:00:00.000,063XX S KOLIN AVE,1320,CRIMINAL DAMAGE,TO VEHICLE,STREET,False,False,0813,008,13,65,14,1148467,1862066,2025,2026-03-14T15:41:39.000,41.777443634,-87.731273023,"{'latitude': '41.777443634', 'longitude': '-87.731273023', 'human_address': '{""address"": """", ""city"": """", ""state"": """", ""zip"": """"}'}"
14070328,JJ540124,2025-12-31T10:00:00.000,131XX S FORRESTVILLE AVE,2826,OTHER OFFENSE,HARASSMENT BY ELECTRONIC MEANS,RESIDENCE,False,False,0533,005,10,54,26,1182313,1818274,2025,2026-03-14T15:41:39.000,41.656555718,-87.608545425,"{'latitude': '41.656555718', 'longitude': '-87.608545425', 'human_address': '{""address"": """", ""city"": """", ""state"": """", ""zip"": """"}'}"
14071406,JK100847,2025-12-31T10:00:00.000,056XX S KENNETH AVE,1581,SEX OFFENSE,NON-CONSENSUAL DISSEMINATION OF PRIVATE SEXUAL IMAGES,RESIDENCE,False,False,0813,008,13,62,17,1147662,1866757,2025,2026-03-14T15:41:39.000,41.790331923,-87.734104348,"{'latitude': '41.790331923', 'longitude': '-87.734104348', 'human_address': '{""address"": """", ""city"": """", ""state"": """", ""zip"": """"}'}"
14071408,JK100862,2025-12-31T10:00:00.000,034XX S ASHLAND AVE,0917,MOTOR VEHICLE THEFT,"CYCLE, SCOOTER, BIKE WITH VIN",RESIDENCE - GARAGE,False,False,0912,009,11,59,07,1166228,1882021,2025,2026-03-14T15:41:39.000,41.831842784,-87.665592495,"{'latitude': '41.831842784', 'longitude': '-87.665592495', 'human_address': '{""address"": """", ""city"": """", ""state"": """", ""zip"": """"}'}"
14070277,JJ540111,2025-12-31T10:00:00.000,049XX S WOLCOTT AVE,0910,MOTOR VEHICLE THEFT,AUTOMOBILE,STREET,False,False,0931,009,15,61,07,1164521,1871869,2025,2026-03-14T15:41:39.000,41.804020794,-87.672142292,"{'latitude': '41.804020794', 'longitude': '-87.672142292', 'human_address': '{""address"": """", ""city"": """", ""state"": """", ""zip"": """"}'}"
14071372,JK100772,2025-12-31T10:00:00.000,011XX W GRANVILLE AVE,031A,ROBBERY,ARMED - HANDGUN,CTA BUS,False,False,2433,024,48,77,03,1167543,1941332,2025,2026-03-14T15:41:39.000,41.994567578,-87.65905678,"{'latitude': '41.994567578', 'longitude': '-87.65905678', 'human_address': '{""address"": """", ""city"": """", ""state"": """", ""zip"": """"}'}"
14073168,JK102849,2025-12-31T10:00:00.000,070XX S OAKLEY AVE,1320,CRIMINAL DAMAGE,TO VEHICLE,STREET,False,False,0832,008,17,66,14,1162280,1858031,2025,2026-03-14T15:41:39.000,41.766094496,-87.68074642,"{'latitude': '41.766094496', 'longitude': '-87.68074642', 'human_address': '{""address"": """", ""city"": """", ""state"": """", ""zip"": """"}'}"
14070301,JJ540046,2025-12-31T09:57:00.000,091XX S COTTAGE GROVE AVE,0810,THEFT,OVER $500,HOTEL / MOTEL,False,False,0633,006,8,44,06,1183159,1844621,2025,2026-03-14T15:41:39.000,41.728835841,-87.604634255,"{'latitude': '41.728835841', 'longitude': '-87.604634255', 'human_address': '{""address"": """", ""city"": """", ""state"": """", ""zip"": """"}'}"
14070261,JJ539970,2025-12-31T09:50:00.000,075XX S STONY ISLAND AVE,0860,THEFT,RETAIL THEFT,SMALL RETAIL STORE,False,False,0411,004,8,43,06,1188123,1855151,2025,2026-03-14T15:41:39.000,41.757614433,-87.586115266,"{'latitude': '41.757614433', 'longitude': '-87.586115266', 'human_address': '{""address"": """", ""city"": """", ""state"": """", ""zip"": """"}'}"
14070354,JJ539996,2025-12-31T09:41:00.000,070XX S FAIRFIELD AVE,0486,BATTERY,DOMESTIC BATTERY SIMPLE,APARTMENT,False,True,0831,008,17,66,08B,1159257,1857845,2025,2026-03-14T15:41:39.000,41.765646488,-87.69183194,"{'latitude': '41.765646488', 'longitude': '-87.69183194', 'human_address': '{""address"": """", ""city"": """", ""state"": """", ""zip"": """"}'}"
14070610,JJ540308,2025-12-31T09:35:00.000,084XX S Euclid Ave,0890,THEFT,FROM BUILDING,RESIDENCE,False,False,0412,004,8,45,06,1190658,1849330,2025,2026-03-14T15:41:39.000,41.741580296,-87.577012496,"{'latitude': '41.741580296', 'longitude': '-87.577012496', 'human_address': '{""address"": """", ""city"": """", ""state"": """", ""zip"": """"}'}"
14071094,JK100345,2025-12-31T09:32:00.000,082XX S WABASH AVE,0486,BATTERY,DOMESTIC BATTERY SIMPLE,APARTMENT,True,True,0631,006,6,44,08B,1178143,1850440,2025,2026-03-14T15:41:39.000,41.744918951,-87.622832912,"{'latitude': '41.744918951', 'longitude': '-87.622832912', 'human_address': '{""address"": """", ""city"": """", ""state"": """", ""zip"": """"}'}"
14077612,JK107902,2025-12-31T09:30:00.000,012XX W VAN BUREN ST,1750,OFFENSE INVOLVING CHILDREN,CHILD ABUSE,APARTMENT,False,True,1231,012,34,28,08B,1168185,1898312,2025,2026-03-14T15:41:39.000,41.876504743,-87.657941902,"{'latitude': '41.876504743', 'longitude': '-87.657941902', 'human_address': '{""address"": """", ""city"": """", ""state"": """", ""zip"": """"}'}"
14070306,JJ540025,2025-12-31T09:30:00.000,009XX S CICERO AVE,0910,MOTOR VEHICLE THEFT,AUTOMOBILE,STREET,False,False,1131,011,24,25,07,1144531,1895566,2025,2026-03-14T15:41:39.000,41.869447309,-87.744861466,"{'latitude': '41.869447309', 'longitude': '-87.744861466', 'human_address': '{""address"": """", ""city"": """", ""state"": """", ""zip"": """"}'}"
14070394,JJ539964,2025-12-31T09:30:00.000,069XX S ADA ST,0560,ASSAULT,SIMPLE,ALLEY,False,False,0734,007,17,67,08A,1168525,1858807,2025,2026-03-14T15:41:39.000,41.768091641,-87.657833912,"{'latitude': '41.768091641', 'longitude': '-87.657833912', 'human_address': '{""address"": """", ""city"": """", ""state"": """", ""zip"": """"}'}"
14070226,JJ539952,2025-12-31T09:12:00.000,013XX N NOBLE ST,1330,CRIMINAL TRESPASS,TO LAND,CHURCH / SYNAGOGUE / PLACE OF WORSHIP,False,False,1433,014,1,24,26,1166808,1908990,2025,2026-03-14T15:41:39.000,41.905835569,-87.662691346,"{'latitude': '41.905835569', 'longitude': '-87.662691346', 'human_address': '{""address"": """", ""city"": """", ""state"": """", ""zip"": """"}'}"
14167925,JK218828,2025-12-31T09:00:00.000,050XX W BARRY AVE,1153,DECEPTIVE PRACTICE,FINANCIAL IDENTITY THEFT OVER $ 300,APARTMENT,False,False,2521,025,31,19,11,1142227,1920141,2025,2026-04-18T15:40:54.000,41.936926934,-87.752709525,"{'latitude': '41.936926934', 'longitude': '-87.752709525', 'human_address': '{""address"": """", ""city"": """", ""state"": """", ""zip"": """"}'}"
14070434,JJ539997,2025-12-31T09:00:00.000,017XX E 86TH ST,0520,ASSAULT,AGGRAVATED - KNIFE / CUTTING INSTRUMENT,RESIDENCE,False,True,0412,004,8,45,04A,1189378,1848302,2025,2026-03-14T15:41:39.000,41.738790139,-87.581735181,"{'latitude': '41.738790139', 'longitude': '-87.581735181', 'human_address': '{""address"": """", ""city"": """", ""state"": """", ""zip"": """"}'}"
14070273,JJ539972,2025-12-31T09:00:00.000,032XX W WASHINGTON BLVD,0820,THEFT,$500 AND UNDER,STREET,False,False,1123,011,28,27,06,1154661,1900496,2025,2026-03-14T15:41:39.000,41.882779156,-87.707539272,"{'latitude': '41.882779156', 'longitude': '-87.707539272', 'human_address': '{""address"": """", ""city"": """", ""state"": """", ""zip"": """"}'}"
14071121,JJ540378,2025-12-31T09:00:00.000,064XX N BELL AVE,0760,BURGLARY,BURGLARY FROM MOTOR VEHICLE,APARTMENT,False,False,2412,024,50,2,06,1160140,1942717,2025,2026-03-14T15:41:39.000,41.99852479,-87.686249845,"{'latitude': '41.99852479', 'longitude': '-87.686249845', 'human_address': '{""address"": """", ""city"": """", ""state"": """", ""zip"": """"}'}"
14070224,JJ539985,2025-12-31T09:00:00.000,043XX N LARAMIE AVE,4387,OTHER OFFENSE,VIOLATE ORDER OF PROTECTION,APARTMENT,False,True,1624,016,45,15,26,1140914,1928216,2025,2026-03-14T15:41:39.000,41.959109797,-87.757335611,"{'latitude': '41.959109797', 'longitude': '-87.757335611', 'human_address': '{""address"": """", ""city"": """", ""state"": """", ""zip"": """"}'}"
14070313,JJ540125,2025-12-31T09:00:00.000,050XX S ADA ST,0820,THEFT,$500 AND UNDER,ALLEY,False,False,0933,009,20,61,06,1168179,1871427,2025,2026-03-14T15:41:39.000,41.802729894,-87.658739231,"{'latitude': '41.802729894', 'longitude': '-87.658739231', 'human_address': '{""address"": """", ""city"": """", ""state"": """", ""zip"": """"}'}"
14070704,JJ540596,2025-12-31T09:00:00.000,087XX S STONY ISLAND AVE,5011,OTHER OFFENSE,LICENSE VIOLATION,ALLEY,True,False,0412,004,8,48,26,1188437,1847378,2025,2026-03-14T15:41:39.000,41.736277091,-87.585212192,"{'latitude': '41.736277091', 'longitude': '-87.585212192', 'human_address': '{""address"": """", ""city"": """", ""state"": """", ""zip"": """"}'}"
14070165,JJ539921,2025-12-31T08:57:00.000,042XX S MICHIGAN AVE,0920,MOTOR VEHICLE THEFT,ATTEMPT - AUTOMOBILE,STREET,False,False,0213,002,3,38,07,1177863,1876910,2025,2026-03-14T15:41:39.000,41.817561675,-87.623057718,"{'latitude': '41.817561675', 'longitude': '-87.623057718', 'human_address': '{""address"": """", ""city"": """", ""state"": """", ""zip"": """"}'}"
14070440,JJ539930,2025-12-31T08:56:00.000,079XX S HERMITAGE AVE,0930,MOTOR VEHICLE THEFT,THEFT / RECOVERY - AUTOMOBILE,RESIDENCE - GARAGE,False,False,0611,006,17,71,07,1166060,1852013,2025,2026-03-14T15:41:39.000,41.749500737,-87.667062179,"{'latitude': '41.749500737', 'longitude': '-87.667062179', 'human_address': '{""address"": """", ""city"": """", ""state"": """", ""zip"": """"}'}"
14070295,JJ539931,2025-12-31T08:55:00.000,042XX W WILCOX ST,0486,BATTERY,DOMESTIC BATTERY SIMPLE,APARTMENT,False,True,1115,011,28,26,08B,1148208,1899000,2025,2026-03-14T15:41:39.000,41.878800642,-87.731273637,"{'latitude': '41.878800642', 'longitude': '-87.731273637', 'human_address': '{""address"": """", ""city"": """", ""state"": """", ""zip"": """"}'}"
14070219,JJ539946,2025-12-31T08:53:00.000,015XX W LELAND AVE,1320,CRIMINAL DAMAGE,TO VEHICLE,STREET,False,False,1912,019,47,3,14,1165111,1931289,2025,2026-03-14T15:41:39.000,41.967061461,-87.668289576,"{'latitude': '41.967061461', 'longitude': '-87.668289576', 'human_address': '{""address"": """", ""city"": """", ""state"": """", ""zip"": """"}'}"
14070645,JJ539969,2025-12-31T08:50:00.000,052XX N LINCOLN AVE,0860,THEFT,RETAIL THEFT,GROCERY FOOD STORE,False,False,2011,020,40,4,06,1158514,1934867,2025,2026-03-14T15:41:39.000,41.977017622,-87.692447486,"{'latitude': '41.977017622', 'longitude': '-87.692447486', 'human_address': '{""address"": """", ""city"": """", ""state"": """", ""zip"": """"}'}"
14070217,JJ539933,2025-12-31T08:45:00.000,015XX W LELAND AVE,0460,BATTERY,SIMPLE,STREET,False,False,1912,019,47,3,08B,1165090,1931289,2025,2026-03-14T15:41:39.000,41.967061908,-87.66836679,"{'latitude': '41.967061908', 'longitude': '-87.66836679', 'human_address': '{""address"": """", ""city"": """", ""state"": """", ""zip"": """"}'}"
14070227,JJ539906,2025-12-31T08:35:00.000,024XX W NORTH AVE,0530,ASSAULT,AGGRAVATED - OTHER DANGEROUS WEAPON,SMALL RETAIL STORE,False,False,1434,014,1,24,04A,1159674,1910563,2025,2026-03-14T15:41:39.000,41.910302064,-87.68885364,"{'latitude': '41.910302064', 'longitude': '-87.68885364', 'human_address': '{""address"": """", ""city"": """", ""state"": """", ""zip"": """"}'}"
14070241,JJ540009,2025-12-31T08:30:00.000,019XX S HARDING AVE,1206,DECEPTIVE PRACTICE,"THEFT BY LESSEE, MOTOR VEHICLE",STREET,False,False,1014,010,24,29,11,1150365,1890186,2025,2026-03-14T15:41:39.000,41.854572204,-87.723583358,"{'latitude': '41.854572204', 'longitude': '-87.723583358', 'human_address': '{""address"": """", ""city"": """", ""state"": """", ""zip"": """"}'}"
14070195,JJ539935,2025-12-31T08:25:00.000,006XX W 65TH ST,0460,BATTERY,SIMPLE,APARTMENT,False,False,0723,007,6,68,08B,1172916,1861779,2025,2026-03-14T15:41:39.000,41.776151397,-87.641651267,"{'latitude': '41.776151397', 'longitude': '-87.641651267', 'human_address': '{""address"": """", ""city"": """", ""state"": """", ""zip"": """"}'}"
14070311,JJ540163,2025-12-31T08:21:00.000,058XX S LAFLIN ST,2825,OTHER OFFENSE,HARASSMENT BY TELEPHONE,RESIDENCE,False,False,0713,007,16,67,26,1167331,1866160,2025,2026-03-14T15:41:39.000,41.788294848,-87.662000074,"{'latitude': '41.788294848', 'longitude': '-87.662000074', 'human_address': '{""address"": """", ""city"": """", ""state"": """", ""zip"": """"}'}"
14070171,JJ539902,2025-12-31T08:15:00.000,038XX W CHICAGO AVE,2024,NARCOTICS,POSSESS - HEROIN (WHITE),STREET,True,False,1112,011,37,23,18,1150433,1905063,2025,2026-03-14T15:41:39.000,41.895395038,-87.722945447,"{'latitude': '41.895395038', 'longitude': '-87.722945447', 'human_address': '{""address"": """", ""city"": """", ""state"": """", ""zip"": """"}'}"
14070527,JJ540375,2025-12-31T08:15:00.000,022XX N CALIFORNIA AVE,0860,THEFT,RETAIL THEFT,SMALL RETAIL STORE,False,False,1431,014,1,22,06,1157335,1914811,2025,2026-03-14T15:41:39.000,41.922006818,-87.697330509,"{'latitude': '41.922006818', 'longitude': '-87.697330509', 'human_address': '{""address"": """", ""city"": """", ""state"": """", ""zip"": """"}'}"
14070230,JJ539923,2025-12-31T08:10:00.000,052XX W NORTH AVE,0560,ASSAULT,SIMPLE,APARTMENT,False,False,2532,025,37,25,08A,1140917,1910129,2025,2026-03-14T15:41:39.000,41.909477187,-87.757770996,"{'latitude': '41.909477187', 'longitude': '-87.757770996', 'human_address': '{""address"": """", ""city"": """", ""state"": """", ""zip"": """"}'}"
14070507,JJ539912,2025-12-31T08:10:00.000,032XX N MONTICELLO AVE,0486,BATTERY,DOMESTIC BATTERY SIMPLE,APARTMENT,False,True,1732,017,30,21,08B,1151486,1921342,2025,2026-03-14T15:41:39.000,41.940045452,-87.718649472,"{'latitude': '41.940045452', 'longitude': '-87.718649472', 'human_address': '{""address"": """", ""city"": """", ""state"": """", ""zip"": """"}'}"
14072166,JK101643,2025-12-31T08:00:00.000,106XX S LANGLEY AVE,1154,DECEPTIVE PRACTICE,FINANCIAL IDENTITY THEFT $300 AND UNDER,RESIDENCE,False,False,0512,005,9,50,11,1182799,1834509,2025,2026-03-14T15:41:39.000,41.70109562,-87.606265809,"{'latitude': '41.70109562', 'longitude': '-87.606265809', 'human_address': '{""address"": """", ""city"": """", ""state"": """", ""zip"": """"}'}"
14076435,JK106630,2025-12-31T08:00:00.000,078XX S SEELEY AVE,0810,THEFT,OVER $500,STREET,False,False,0611,006,18,71,06,1164056,1852703,2025,2026-03-14T15:41:39.000,41.751436547,-87.674386315,"{'latitude': '41.751436547', 'longitude': '-87.674386315', 'human_address': '{""address"": """", ""city"": """", ""state"": """", ""zip"": """"}'}"
14070163,JJ539929,2025-12-31T08:00:00.000,043XX S BERKELEY AVE,0920,MOTOR VEHICLE THEFT,ATTEMPT - AUTOMOBILE,STREET,False,False,0222,002,4,39,07,1183983,1876474,2025,2026-03-14T15:41:39.000,41.816224249,-87.600621679,"{'latitude': '41.816224249', 'longitude': '-87.600621679', 'human_address': '{""address"": """", ""city"": """", ""state"": """", ""zip"": """"}'}"
14070586,JJ540500,2025-12-31T08:00:00.000,063XX S ASHLAND AVE,0810,THEFT,OVER $500,STREET,False,False,0725,007,16,67,06,1166757,1862692,2025,2026-03-14T15:41:39.000,41.778790504,-87.66420367,"{'latitude': '41.778790504', 'longitude': '-87.66420367', 'human_address': '{""address"": """", ""city"": """", ""state"": """", ""zip"": """"}'}"
14070437,JJ540306,2025-12-31T08:00:00.000,118XX S EWING AVE,1110,DECEPTIVE PRACTICE,BOGUS CHECK,FACTORY / MANUFACTURING BUILDING,False,False,0433,004,10,55,11,1202184,1827157,2025,2026-03-14T15:41:39.000,41.680450069,-87.535535443,"{'latitude': '41.680450069', 'longitude': '-87.535535443', 'human_address': '{""address"": """", ""city"": """", ""state"": """", ""zip"": """"}'}"
14070189,JJ539954,2025-12-31T07:54:00.000,047XX S PRAIRIE AVE,2826,OTHER OFFENSE,HARASSMENT BY ELECTRONIC MEANS,APARTMENT,False,True,0224,002,3,38,26,1178840,1873646,2025,2026-03-14T15:41:39.000,41.808582767,-87.619573277,"{'latitude': '41.808582767', 'longitude': '-87.619573277', 'human_address': '{""address"": """", ""city"": """", ""state"": """", ""zip"": """"}'}"
14070214,JJ539889,2025-12-31T07:48:00.000,001XX N STATE ST,0460,BATTERY,SIMPLE,CTA TRAIN,True,False,0111,001,42,32,08B,1176330,1901649,2025,2026-03-14T15:41:39.000,41.885481891,-87.627935689,"{'latitude': '41.885481891', 'longitude': '-87.627935689', 'human_address': '{""address"": """", ""city"": """", ""state"": """", ""zip"": """"}'}"
14072037,JK101491,2025-12-31T07:30:00.000,061XX S COTTAGE GROVE AVE,1320,CRIMINAL DAMAGE,TO VEHICLE,CHA PARKING LOT / GROUNDS,False,False,0313,003,20,42,14,1182620,1864459,2025,2026-03-14T15:41:39.000,41.783285879,-87.605994327,"{'latitude': '41.783285879', 'longitude': '-87.605994327', 'human_address': '{""address"": """", ""city"": """", ""state"": """", ""zip"": """"}'}"
14070153,JJ539880,2025-12-31T07:29:00.000,081XX S EUCLID AVE,0910,MOTOR VEHICLE THEFT,AUTOMOBILE,STREET,False,False,0414,004,8,46,07,1190610,1851406,2025,2026-03-14T15:41:39.000,41.747278187,-87.577121518,"{'latitude': '41.747278187', 'longitude': '-87.577121518', 'human_address': '{""address"": """", ""city"": """", ""state"": """", ""zip"": """"}'}"
14070255,JJ539885,2025-12-31T07:27:00.000,017XX S STATE ST,0320,ROBBERY,STRONG ARM - NO WEAPON,POLICE FACILITY / VEHICLE PARKING LOT,True,False,0131,001,3,33,03,1176607,1891853,2025,2026-03-14T15:41:39.000,41.858594819,-87.627214427,"{'latitude': '41.858594819', 'longitude': '-87.627214427', 'human_address': '{""address"": """", ""city"": """", ""state"": """", ""zip"": """"}'}"
14123057,JK163499,2025-12-31T07:21:00.000,026XX N CLARK ST,0860,THEFT,RETAIL THEFT,SMALL RETAIL STORE,False,False,1935,019,43,7,06,1171818,1918166,2025,2026-03-14T15:41:39.000,41.930906002,-87.644017035,"{'latitude': '41.930906002', 'longitude': '-87.644017035', 'human_address': '{""address"": """", ""city"": """", ""state"": """", ""zip"": """"}'}"
14071615,JK100406,2025-12-31T07:15:00.000,001XX W WASHINGTON ST,1150,DECEPTIVE PRACTICE,CREDIT CARD FRAUD,TAXICAB,False,False,0122,001,34,32,11,1175383,1900814,2025,2026-03-14T15:41:39.000,41.883211912,-87.631438294,"{'latitude': '41.883211912', 'longitude': '-87.631438294', 'human_address': '{""address"": """", ""city"": """", ""state"": """", ""zip"": """"}'}"
14070148,JJ539865,2025-12-31T07:12:00.000,034XX W CHICAGO AVE,2024,NARCOTICS,POSSESS - HEROIN (WHITE),STREET,True,False,1121,011,27,23,18,1153142,1905118,2025,2026-03-14T15:41:39.000,41.895492647,-87.712994425,"{'latitude': '41.895492647', 'longitude': '-87.712994425', 'human_address': '{""address"": """", ""city"": """", ""state"": """", ""zip"": """"}'}"
14070723,JJ540578,2025-12-31T07:00:00.000,040XX W DIVERSEY AVE,1150,DECEPTIVE PRACTICE,CREDIT CARD FRAUD,STREET,False,False,2524,025,31,22,11,1148945,1918310,2025,2026-03-14T15:41:39.000,41.931775003,-87.728067206,"{'latitude': '41.931775003', 'longitude': '-87.728067206', 'human_address': '{""address"": """", ""city"": """", ""state"": """", ""zip"": """"}'}"
14070151,JJ539869,2025-12-31T07:00:00.000,095XX S GENOA AVE,0560,ASSAULT,SIMPLE,COMMERCIAL / BUSINESS OFFICE,False,False,2223,022,21,73,08A,1170896,1841460,2025,2026-03-14T15:41:39.000,41.720437703,-87.649648288,"{'latitude': '41.720437703', 'longitude': '-87.649648288', 'human_address': '{""address"": """", ""city"": """", ""state"": """", ""zip"": """"}'}"
14070299,JJ540108,2025-12-31T07:00:00.000,095XX S GENOA AVE,0560,ASSAULT,SIMPLE,GOVERNMENT BUILDING / PROPERTY,False,False,2223,022,21,73,08A,1170905,1841492,2025,2026-03-14T15:41:39.000,41.72052532,-87.649614393,"{'latitude': '41.72052532', 'longitude': '-87.649614393', 'human_address': '{""address"": """", ""city"": """", ""state"": """", ""zip"": """"}'}"
14070143,JJ539870,2025-12-31T06:58:00.000,057XX S CICERO AVE,1310,CRIMINAL DAMAGE,TO PROPERTY,AIRPORT TERMINAL UPPER LEVEL - NON-SECURE AREA,False,False,0813,008,13,56,14,1145654,1866253,2025,2026-03-14T15:41:39.000,41.788987036,-87.74147999,"{'latitude': '41.788987036', 'longitude': '-87.74147999', 'human_address': '{""address"": """", ""city"": """", ""state"": """", ""zip"": """"}'}"
14070463,JJ540328,2025-12-31T06:56:00.000,113XX S INDIANA AVE,0610,BURGLARY,FORCIBLE ENTRY,RESIDENCE - GARAGE,False,False,0531,005,9,49,05,1179596,1829727,2025,2026-03-14T15:41:39.000,41.688046745,-87.618139392,"{'latitude': '41.688046745', 'longitude': '-87.618139392', 'human_address': '{""address"": """", ""city"": """", ""state"": """", ""zip"": """"}'}"
14071244,JJ540424,2025-12-31T06:50:00.000,029XX S WENTWORTH AVE,0910,MOTOR VEHICLE THEFT,AUTOMOBILE,STREET,True,False,0914,009,11,34,07,1175433,1885186,2025,2026-05-09T15:41:14.000,41.84032649,-87.631723666,"{'latitude': '41.84032649', 'longitude': '-87.631723666', 'human_address': '{""address"": """", ""city"": """", ""state"": """", ""zip"": """"}'}"
14070388,JJ539872,2025-12-31T06:45:00.000,058XX S KOLMAR AVE,0520,ASSAULT,AGGRAVATED - KNIFE / CUTTING INSTRUMENT,RESIDENCE,False,True,0813,008,13,62,04A,1147032,1865497,2025,2026-03-14T15:41:39.000,41.786886308,-87.736446501,"{'latitude': '41.786886308', 'longitude': '-87.736446501', 'human_address': '{""address"": """", ""city"": """", ""state"": """", ""zip"": """"}'}"
14070154,JJ539888,2025-12-31T06:45:00.000,029XX S CALUMET AVE,0820,THEFT,$500 AND UNDER,STREET,False,False,0133,001,4,35,06,1178961,1885716,2025,2026-03-14T15:41:39.000,41.841701035,-87.618761277,"{'latitude': '41.841701035', 'longitude': '-87.618761277', 'human_address': '{""address"": """", ""city"": """", ""state"": """", ""zip"": """"}'}"
14072043,JK101341,2025-12-31T06:30:00.000,006XX W MADISON ST,0470,PUBLIC PEACE VIOLATION,RECKLESS CONDUCT,RESIDENCE - PORCH / HALLWAY,False,False,0121,001,34,28,24,1172208,1900286,2025,2026-03-14T15:41:39.000,41.881833712,-87.643112572,"{'latitude': '41.881833712', 'longitude': '-87.643112572', 'human_address': '{""address"": """", ""city"": """", ""state"": """", ""zip"": """"}'}"
14070480,JJ540348,2025-12-31T06:30:00.000,012XX N CLARK ST,0460,BATTERY,SIMPLE,CTA TRAIN,False,False,1821,018,2,8,08B,1175314,1908524,2025,2026-03-14T15:41:39.000,41.904370109,-87.631460067,"{'latitude': '41.904370109', 'longitude': '-87.631460067', 'human_address': '{""address"": """", ""city"": """", ""state"": """", ""zip"": """"}'}"
14070140,JJ539864,2025-12-31T06:30:00.000,016XX W 78TH ST,1320,CRIMINAL DAMAGE,TO VEHICLE,STREET,False,False,0611,006,17,71,14,1166900,1852992,2025,2026-03-14T15:41:39.000,41.752169359,-87.663956159,"{'latitude': '41.752169359', 'longitude': '-87.663956159', 'human_address': '{""address"": """", ""city"": """", ""state"": """", ""zip"": """"}'}"
14070505,JJ539868,2025-12-31T06:30:00.000,014XX S INDIANA AVE,0810,THEFT,OVER $500,APARTMENT,False,False,0132,001,3,33,06,1177886,1893687,2025,2026-03-14T15:41:39.000,41.863598471,-87.622463983,"{'latitude': '41.863598471', 'longitude': '-87.622463983', 'human_address': '{""address"": """", ""city"": """", ""state"": """", ""zip"": """"}'}"
14071062,JJ539856,2025-12-31T06:13:00.000,021XX W NORTH AVE,1310,CRIMINAL DAMAGE,TO PROPERTY,COMMERCIAL / BUSINESS OFFICE,False,False,1424,014,1,24,14,1161848,1910623,2025,2026-03-14T15:41:39.000,41.910421607,-87.680865532,"{'latitude': '41.910421607', 'longitude': '-87.680865532', 'human_address': '{""address"": """", ""city"": """", ""state"": """", ""zip"": """"}'}"
14070142,JJ539860,2025-12-31T06:10:00.000,013XX N CALIFORNIA AVE,0910,MOTOR VEHICLE THEFT,AUTOMOBILE,CHA PARKING LOT / GROUNDS,False,False,1423,014,26,24,07,1157489,1908643,2025,2026-03-14T15:41:39.000,41.905078196,-87.69693283,"{'latitude': '41.905078196', 'longitude': '-87.69693283', 'human_address': '{""address"": """", ""city"": """", ""state"": """", ""zip"": """"}'}"
14070126,JJ539855,2025-12-31T06:06:00.000,070XX S ELIZABETH ST,1320,CRIMINAL DAMAGE,TO VEHICLE,STREET,False,False,0734,007,17,67,14,1169208,1858047,2025,2026-03-14T15:41:39.000,41.765991357,-87.655352357,"{'latitude': '41.765991357', 'longitude': '-87.655352357', 'human_address': '{""address"": """", ""city"": """", ""state"": """", ""zip"": """"}'}"
14070184,JJ539890,2025-12-31T06:02:00.000,052XX W ALTGELD ST,0560,ASSAULT,SIMPLE,APARTMENT,True,True,2515,025,31,19,08A,1140942,1916131,2025,2026-03-14T15:41:39.000,41.925946869,-87.757531118,"{'latitude': '41.925946869', 'longitude': '-87.757531118', 'human_address': '{""address"": """", ""city"": """", ""state"": """", ""zip"": """"}'}"
14076685,JK106899,2025-12-31T06:00:00.000,031XX W 63RD ST,0820,THEFT,$500 AND UNDER,STREET,False,False,0823,008,15,66,06,1156668,1862692,2025,2026-03-14T15:41:39.000,41.778999978,-87.701190972,"{'latitude': '41.778999978', 'longitude': '-87.701190972', 'human_address': '{""address"": """", ""city"": """", ""state"": """", ""zip"": """"}'}"
14070187,JJ539905,2025-12-31T05:37:00.000,070XX S ELIZABETH ST,1320,CRIMINAL DAMAGE,TO VEHICLE,STREET,False,False,0734,007,17,67,14,1169208,1858047,2025,2026-03-14T15:41:39.000,41.765991357,-87.655352357,"{'latitude': '41.765991357', 'longitude': '-87.655352357', 'human_address': '{""address"": """", ""city"": """", ""state"": """", ""zip"": """"}'}"
14070218,JJ539878,2025-12-31T05:30:00.000,116XX S LOOMIS ST,0910,MOTOR VEHICLE THEFT,AUTOMOBILE,STREET,False,False,0524,005,21,53,07,1169091,1827520,2025,2026-03-14T15:41:39.000,41.682223263,-87.656660736,"{'latitude': '41.682223263', 'longitude': '-87.656660736', 'human_address': '{""address"": """", ""city"": """", ""state"": """", ""zip"": """"}'}"
14070130,JJ539852,2025-12-31T05:30:00.000,057XX S MAY ST,0520,ASSAULT,AGGRAVATED - KNIFE / CUTTING INSTRUMENT,APARTMENT,False,False,0712,007,16,68,04A,1169630,1866818,2025,2026-03-14T15:41:39.000,41.790050907,-87.653551445,"{'latitude': '41.790050907', 'longitude': '-87.653551445', 'human_address': '{""address"": """", ""city"": """", ""state"": """", ""zip"": """"}'}"
14070111,JJ539831,2025-12-31T05:05:00.000,056XX W FULTON ST,051A,ASSAULT,AGGRAVATED - HANDGUN,APARTMENT,False,False,1512,015,29,25,04A,1138324,1901440,2025,2026-03-14T15:41:39.000,41.885680851,-87.767507209,"{'latitude': '41.885680851', 'longitude': '-87.767507209', 'human_address': '{""address"": """", ""city"": """", ""state"": """", ""zip"": """"}'}"
14070188,JJ539859,2025-12-31T05:00:00.000,030XX E CHELTENHAM PL,0910,MOTOR VEHICLE THEFT,AUTOMOBILE,STREET,False,False,0421,004,7,43,07,1197871,1853556,2025,2026-03-14T15:41:39.000,41.752999749,-87.550444056,"{'latitude': '41.752999749', 'longitude': '-87.550444056', 'human_address': '{""address"": """", ""city"": """", ""state"": """", ""zip"": """"}'}"
14070265,JJ539845,2025-12-31T04:58:00.000,083XX S HOLLAND RD,0610,BURGLARY,FORCIBLE ENTRY,RESTAURANT,False,False,0622,006,21,44,05,1175640,1849717,2025,2026-03-14T15:41:39.000,41.742991296,-87.632025815,"{'latitude': '41.742991296', 'longitude': '-87.632025815', 'human_address': '{""address"": """", ""city"": """", ""state"": """", ""zip"": """"}'}"
14070132,JJ539851,2025-12-31T04:52:00.000,056XX S ASHLAND AVE,3730,INTERFERENCE WITH PUBLIC OFFICER,OBSTRUCTING JUSTICE,STREET,True,False,0715,007,16,67,24,1166633,1867381,2025,2026-03-14T15:41:39.000,41.791660348,-87.66452455,"{'latitude': '41.791660348', 'longitude': '-87.66452455', 'human_address': '{""address"": """", ""city"": """", ""state"": """", ""zip"": """"}'}"
14070314,JJ540110,2025-12-31T04:50:00.000,043XX W 60TH ST,0820,THEFT,$500 AND UNDER,STREET,False,False,0813,008,13,65,06,1148309,1864462,2025,2026-03-14T15:41:39.000,41.78402168,-87.731790812,"{'latitude': '41.78402168', 'longitude': '-87.731790812', 'human_address': '{""address"": """", ""city"": """", ""state"": """", ""zip"": """"}'}"
14070146,JJ539827,2025-12-31T04:48:00.000,051XX S CALUMET AVE,5002,OTHER OFFENSE,OTHER VEHICLE OFFENSE,APARTMENT,False,False,0231,002,3,40,26,1179366,1870935,2025,2026-03-14T15:41:39.000,41.801131542,-87.61772683,"{'latitude': '41.801131542', 'longitude': '-87.61772683', 'human_address': '{""address"": """", ""city"": """", ""state"": """", ""zip"": """"}'}"
14070128,JJ539829,2025-12-31T04:46:00.000,012XX N WOOD ST,0920,MOTOR VEHICLE THEFT,ATTEMPT - AUTOMOBILE,STREET,False,False,1424,014,1,24,07,1164161,1908714,2025,2026-03-14T15:41:39.000,41.905134582,-87.672422502,"{'latitude': '41.905134582', 'longitude': '-87.672422502', 'human_address': '{""address"": """", ""city"": """", ""state"": """", ""zip"": """"}'}"
14070213,JJ540028,2025-12-31T04:45:00.000,057XX S CICERO AVE,0820,THEFT,$500 AND UNDER,AIRPORT TERMINAL LOWER LEVEL - NON-SECURE AREA,False,False,0813,008,13,56,06,1145654,1866253,2025,2026-03-14T15:41:39.000,41.788987036,-87.74147999,"{'latitude': '41.788987036', 'longitude': '-87.74147999', 'human_address': '{""address"": """", ""city"": """", ""state"": """", ""zip"": """"}'}"
14070149,JJ539901,2025-12-31T04:45:00.000,012XX W 112TH PL,0910,MOTOR VEHICLE THEFT,AUTOMOBILE,STREET,False,False,2234,022,21,75,07,1170104,1830139,2025,2026-03-14T15:41:39.000,41.689388338,-87.652876836,"{'latitude': '41.689388338', 'longitude': '-87.652876836', 'human_address': '{""address"": """", ""city"": """", ""state"": """", ""zip"": """"}'}"
14070124,JJ539822,2025-12-31T04:37:00.000,069XX S PAXTON AVE,0486,BATTERY,DOMESTIC BATTERY SIMPLE,APARTMENT,False,True,0331,003,5,43,08B,1192074,1859473,2025,2026-03-14T15:41:39.000,41.769379258,-87.571495332,"{'latitude': '41.769379258', 'longitude': '-87.571495332', 'human_address': '{""address"": """", ""city"": """", ""state"": """", ""zip"": """"}'}"
14070110,JJ539828,2025-12-31T04:31:00.000,001XX W 106TH PL,1365,CRIMINAL TRESPASS,TO RESIDENCE,RESIDENCE,False,True,0512,005,9,49,26,1177047,1834329,2025,2026-03-14T15:41:39.000,41.700732999,-87.627332925,"{'latitude': '41.700732999', 'longitude': '-87.627332925', 'human_address': '{""address"": """", ""city"": """", ""state"": """", ""zip"": """"}'}"
14070652,JJ539919,2025-12-31T04:30:00.000,058XX S BLACKSTONE AVE,0810,THEFT,OVER $500,RESIDENCE - YARD (FRONT / BACK),False,False,0235,002,5,41,06,1186909,1866613,2025,2026-03-14T15:41:39.000,41.789095994,-87.59020138,"{'latitude': '41.789095994', 'longitude': '-87.59020138', 'human_address': '{""address"": """", ""city"": """", ""state"": """", ""zip"": """"}'}"
14070107,JJ539824,2025-12-31T04:29:00.000,077XX N PAULINA ST,1020,ARSON,BY FIRE,APARTMENT,False,False,2422,024,49,1,09,1163657,1951168,2025,2026-03-14T15:41:39.000,42.021640851,-87.673072164,"{'latitude': '42.021640851', 'longitude': '-87.673072164', 'human_address': '{""address"": """", ""city"": """", ""state"": """", ""zip"": """"}'}"
14070108,JJ539816,2025-12-31T04:25:00.000,039XX W LAWRENCE AVE,1210,DECEPTIVE PRACTICE,THEFT OF LABOR / SERVICES,STREET,False,False,1712,017,33,14,11,1149081,1931603,2025,2026-03-14T15:41:39.000,41.968249403,-87.72722196,"{'latitude': '41.968249403', 'longitude': '-87.72722196', 'human_address': '{""address"": """", ""city"": """", ""state"": """", ""zip"": """"}'}"
14070118,JJ539821,2025-12-31T04:15:00.000,005XX N DESPLAINES ST,0760,BURGLARY,BURGLARY FROM MOTOR VEHICLE,STREET,False,False,1214,012,27,24,06,1171835,1903834,2025,2026-03-14T15:41:39.000,41.891577874,-87.644377611,"{'latitude': '41.891577874', 'longitude': '-87.644377611', 'human_address': '{""address"": """", ""city"": """", ""state"": """", ""zip"": """"}'}"
14070113,JJ539817,2025-12-31T04:11:00.000,025XX N MILWAUKEE AVE,1310,CRIMINAL DAMAGE,TO PROPERTY,RESIDENCE - YARD (FRONT / BACK),True,False,1414,014,1,22,14,1155258,1916813,2025,2026-03-14T15:41:39.000,41.927542481,-87.704908115,"{'latitude': '41.927542481', 'longitude': '-87.704908115', 'human_address': '{""address"": """", ""city"": """", ""state"": """", ""zip"": """"}'}"
14071466,JK100945,2025-12-31T04:00:00.000,072XX S LOWE AVE,1310,CRIMINAL DAMAGE,TO PROPERTY,STREET,False,True,0732,007,6,68,14,1173401,1856800,2025,2026-03-14T15:41:39.000,41.762477718,-87.640020433,"{'latitude': '41.762477718', 'longitude': '-87.640020433', 'human_address': '{""address"": """", ""city"": """", ""state"": """", ""zip"": """"}'}"
14070116,JJ539853,2025-12-31T04:00:00.000,007XX N FAIRBANKS CT,0460,BATTERY,SIMPLE,HOSPITAL BUILDING / GROUNDS,False,False,1834,018,2,8,08B,1178370,1905271,2025,2026-03-14T15:41:39.000,41.895374574,-87.620333997,"{'latitude': '41.895374574', 'longitude': '-87.620333997', 'human_address': '{""address"": """", ""city"": """", ""state"": """", ""zip"": """"}'}"
14070297,JJ540084,2025-12-31T04:00:00.000,010XX N WALLER AVE,0930,MOTOR VEHICLE THEFT,THEFT / RECOVERY - AUTOMOBILE,STREET,False,False,1511,015,29,25,07,1138167,1906276,2025,2026-03-14T15:41:39.000,41.898954284,-87.767966738,"{'latitude': '41.898954284', 'longitude': '-87.767966738', 'human_address': '{""address"": """", ""city"": """", ""state"": """", ""zip"": """"}'}"
14070096,JJ539814,2025-12-31T04:00:00.000,012XX S KILDARE AVE,0486,BATTERY,DOMESTIC BATTERY SIMPLE,APARTMENT,True,True,1011,010,24,29,08B,1147912,1894069,2025,2026-03-14T15:41:39.000,41.865275087,-87.73248724,"{'latitude': '41.865275087', 'longitude': '-87.73248724', 'human_address': '{""address"": """", ""city"": """", ""state"": """", ""zip"": """"}'}"
14070424,JJ540227,2025-12-31T04:00:00.000,115XX S AVENUE H,0810,THEFT,OVER $500,STREET,False,False,0433,004,10,52,06,1202898,1829094,2025,2026-03-14T15:41:39.000,41.685747203,-87.532856048,"{'latitude': '41.685747203', 'longitude': '-87.532856048', 'human_address': '{""address"": """", ""city"": """", ""state"": """", ""zip"": """"}'}"
14070120,JJ539812,2025-12-31T03:54:00.000,077XX N PAULINA ST,1310,CRIMINAL DAMAGE,TO PROPERTY,APARTMENT,False,False,2422,024,49,1,14,1163657,1951168,2025,2026-03-14T15:41:39.000,42.021640851,-87.673072164,"{'latitude': '42.021640851', 'longitude': '-87.673072164', 'human_address': '{""address"": """", ""city"": """", ""state"": """", ""zip"": """"}'}"
14070386,JJ539974,2025-12-31T03:45:00.000,063XX S KOLIN AVE,1320,CRIMINAL DAMAGE,TO VEHICLE,STREET,False,False,0813,008,13,65,14,1148466,1862084,2025,2026-03-14T15:41:39.000,41.777493048,-87.731276227,"{'latitude': '41.777493048', 'longitude': '-87.731276227', 'human_address': '{""address"": """", ""city"": """", ""state"": """", ""zip"": """"}'}"
14070092,JJ539805,2025-12-31T03:37:00.000,032XX W CORTEZ ST,0486,BATTERY,DOMESTIC BATTERY SIMPLE,APARTMENT,False,True,1121,011,26,23,08B,1154499,1906816,2025,2026-03-14T15:41:39.000,41.900125086,-87.707965002,"{'latitude': '41.900125086', 'longitude': '-87.707965002', 'human_address': '{""address"": """", ""city"": """", ""state"": """", ""zip"": """"}'}"
14070105,JJ539810,2025-12-31T03:31:00.000,082XX S COMMERCIAL AVE,0930,MOTOR VEHICLE THEFT,THEFT / RECOVERY - AUTOMOBILE,STREET,False,False,0424,004,7,46,07,1197620,1851010,2025,2026-03-14T15:41:39.000,41.746019604,-87.551448636,"{'latitude': '41.746019604', 'longitude': '-87.551448636', 'human_address': '{""address"": """", ""city"": """", ""state"": """", ""zip"": """"}'}"
14072025,JK101458,2025-12-31T03:30:00.000,016XX W HARRISON ST,1150,DECEPTIVE PRACTICE,CREDIT CARD FRAUD,PARKING LOT / GARAGE (NON RESIDENTIAL),False,False,1231,012,27,28,11,1165430,1897441,2025,2026-03-14T15:41:39.000,41.874173691,-87.668082118,"{'latitude': '41.874173691', 'longitude': '-87.668082118', 'human_address': '{""address"": """", ""city"": """", ""state"": """", ""zip"": """"}'}"
14070112,JJ539806,2025-12-31T03:28:00.000,052XX S MICHIGAN AVE,031A,ROBBERY,ARMED - HANDGUN,STREET,False,False,0231,002,3,40,03,1178048,1870225,2025,2026-03-14T15:41:39.000,41.799213245,-87.622581891,"{'latitude': '41.799213245', 'longitude': '-87.622581891', 'human_address': '{""address"": """", ""city"": """", ""state"": """", ""zip"": """"}'}"
14070093,JJ539808,2025-12-31T03:20:00.000,005XX N STATE ST,0320,ROBBERY,STRONG ARM - NO WEAPON,CTA TRAIN,False,False,1834,018,42,8,03,1176278,1903807,2025,2026-03-14T15:41:39.000,41.891404732,-87.628061509,"{'latitude': '41.891404732', 'longitude': '-87.628061509', 'human_address': '{""address"": """", ""city"": """", ""state"": """", ""zip"": """"}'}"
14070191,JJ539956,2025-12-31T03:15:00.000,057XX S MICHIGAN AVE,031A,ROBBERY,ARMED - HANDGUN,STREET,False,False,0232,002,20,40,03,1178138,1866922,2025,2026-03-14T15:41:39.000,41.790147457,-87.622352022,"{'latitude': '41.790147457', 'longitude': '-87.622352022', 'human_address': '{""address"": """", ""city"": """", ""state"": """", ""zip"": """"}'}"
14070101,JJ539803,2025-12-31T03:14:00.000,001XX S CENTRAL AVE,0486,BATTERY,DOMESTIC BATTERY SIMPLE,APARTMENT,False,True,1513,015,29,25,08B,1139076,1898876,2025,2026-03-14T15:41:39.000,41.878631263,-87.764808046,"{'latitude': '41.878631263', 'longitude': '-87.764808046', 'human_address': '{""address"": """", ""city"": """", ""state"": """", ""zip"": """"}'}"
14070515,JJ540166,2025-12-31T03:09:00.000,118XX S SANGAMON ST,0820,THEFT,$500 AND UNDER,RESIDENCE,False,False,0524,005,21,53,06,1172121,1826368,2025,2026-03-14T15:41:39.000,41.678996146,-87.645602827,"{'latitude': '41.678996146', 'longitude': '-87.645602827', 'human_address': '{""address"": """", ""city"": """", ""state"": """", ""zip"": """"}'}"
14071477,JK100739,2025-12-31T03:00:00.000,056XX W PATTERSON AVE,0760,BURGLARY,BURGLARY FROM MOTOR VEHICLE,STREET,False,False,1633,016,38,15,06,1138065,1923703,2025,2026-03-14T15:41:39.000,41.946777759,-87.767919335,"{'latitude': '41.946777759', 'longitude': '-87.767919335', 'human_address': '{""address"": """", ""city"": """", ""state"": """", ""zip"": """"}'}"
14070115,JJ539847,2025-12-31T03:00:00.000,077XX N HASKINS AVE,1305,CRIMINAL DAMAGE,CRIMINAL DEFACEMENT,CTA TRAIN,False,False,2422,024,49,1,14,1163173,1951318,2025,2026-03-14T15:41:39.000,42.022062685,-87.67484904,"{'latitude': '42.022062685', 'longitude': '-87.67484904', 'human_address': '{""address"": """", ""city"": """", ""state"": """", ""zip"": """"}'}"
14071368,JK100817,2025-12-31T03:00:00.000,079XX S ELLIS AVE,0710,THEFT,THEFT FROM MOTOR VEHICLE,STREET,False,False,0624,006,8,44,06,1184267,1852664,2025,2026-03-14T15:41:39.000,41.750880891,-87.600324481,"{'latitude': '41.750880891', 'longitude': '-87.600324481', 'human_address': '{""address"": """", ""city"": """", ""state"": """", ""zip"": """"}'}"
14070732,JJ539798,2025-12-31T02:55:00.000,061XX W HIGGINS AVE,0760,BURGLARY,BURGLARY FROM MOTOR VEHICLE,STREET,False,False,1622,016,45,11,06,1134078,1933779,2025,2026-03-14T15:41:39.000,41.974498548,-87.782336473,"{'latitude': '41.974498548', 'longitude': '-87.782336473', 'human_address': '{""address"": """", ""city"": """", ""state"": """", ""zip"": """"}'}"
14070161,JJ539811,2025-12-31T02:55:00.000,083XX S ABERDEEN ST,051A,ASSAULT,AGGRAVATED - HANDGUN,APARTMENT,False,False,0613,006,17,71,04A,1170440,1849414,2025,2026-03-14T15:41:39.000,41.742274536,-87.651087579,"{'latitude': '41.742274536', 'longitude': '-87.651087579', 'human_address': '{""address"": """", ""city"": """", ""state"": """", ""zip"": """"}'}"
14070087,JJ539797,2025-12-31T02:55:00.000,046XX N LECLAIRE AVE,0486,BATTERY,DOMESTIC BATTERY SIMPLE,RESIDENCE,True,True,1623,016,45,15,08B,1141537,1930376,2025,2026-03-14T15:41:39.000,41.96502551,-87.754991576,"{'latitude': '41.96502551', 'longitude': '-87.754991576', 'human_address': '{""address"": """", ""city"": """", ""state"": """", ""zip"": """"}'}"
14070076,JJ539793,2025-12-31T02:40:00.000,059XX S KOLIN AVE,033A,ROBBERY,ATTEMPT ARMED - HANDGUN,SIDEWALK,False,False,0813,008,13,65,03,1148386,1864860,2025,2026-03-14T15:41:39.000,41.785112377,-87.731498283,"{'latitude': '41.785112377', 'longitude': '-87.731498283', 'human_address': '{""address"": """", ""city"": """", ""state"": """", ""zip"": """"}'}"
14070074,JJ539791,2025-12-31T02:39:00.000,076XX S WOOD ST,0910,MOTOR VEHICLE THEFT,AUTOMOBILE,STREET,False,False,0611,006,17,71,07,1165677,1853968,2025,2026-03-14T15:41:39.000,41.754873664,-87.668410286,"{'latitude': '41.754873664', 'longitude': '-87.668410286', 'human_address': '{""address"": """", ""city"": """", ""state"": """", ""zip"": """"}'}"
14070084,JJ539800,2025-12-31T02:25:00.000,0000X N MICHIGAN AVE,051A,ASSAULT,AGGRAVATED - HANDGUN,PARK PROPERTY,False,False,0114,001,42,32,04A,1177306,1900580,2025,2026-03-14T15:41:39.000,41.882526427,-87.624384106,"{'latitude': '41.882526427', 'longitude': '-87.624384106', 'human_address': '{""address"": """", ""city"": """", ""state"": """", ""zip"": """"}'}"
14070062,JJ539788,2025-12-31T02:23:00.000,006XX S LA SALLE ST,1320,CRIMINAL DAMAGE,TO VEHICLE,PARKING LOT / GARAGE (NON RESIDENTIAL),False,False,0123,001,34,32,14,1175343,1897535,2025,2026-03-14T15:41:39.000,41.874215036,-87.631683611,"{'latitude': '41.874215036', 'longitude': '-87.631683611', 'human_address': '{""address"": """", ""city"": """", ""state"": """", ""zip"": """"}'}"
14070070,JJ539795,2025-12-31T02:18:00.000,044XX W 59TH ST,1320,CRIMINAL DAMAGE,TO VEHICLE,DRIVEWAY - RESIDENTIAL,False,False,0813,008,13,62,14,1147589,1865112,2025,2026-03-14T15:41:39.000,41.785819177,-87.734414041,"{'latitude': '41.785819177', 'longitude': '-87.734414041', 'human_address': '{""address"": """", ""city"": """", ""state"": """", ""zip"": """"}'}"
14084204,JK116554,2025-12-31T02:00:00.000,040XX N KENMORE AVE,0486,BATTERY,DOMESTIC BATTERY SIMPLE,APARTMENT,False,True,1915,019,46,3,08B,1168441,1927164,2025,2026-03-14T15:41:39.000,41.955670737,-87.656165518,"{'latitude': '41.955670737', 'longitude': '-87.656165518', 'human_address': '{""address"": """", ""city"": """", ""state"": """", ""zip"": """"}'}"
14070525,JJ539846,2025-12-31T02:00:00.000,076XX S EUCLID AVE,0910,MOTOR VEHICLE THEFT,AUTOMOBILE,RESIDENCE,False,False,0414,004,8,43,07,1190530,1854677,2025,2026-03-14T15:41:39.000,41.756256028,-87.577309335,"{'latitude': '41.756256028', 'longitude': '-87.577309335', 'human_address': '{""address"": """", ""city"": """", ""state"": """", ""zip"": """"}'}"
14070177,JJ539871,2025-12-31T02:00:00.000,011XX N CLARK ST,0320,ROBBERY,STRONG ARM - NO WEAPON,RESTAURANT,False,False,1824,018,27,8,03,1175324,1908189,2025,2026-03-14T15:41:39.000,41.903450628,-87.631433403,"{'latitude': '41.903450628', 'longitude': '-87.631433403', 'human_address': '{""address"": """", ""city"": """", ""state"": """", ""zip"": """"}'}"
14070508,JJ540246,2025-12-31T02:00:00.000,027XX W HADDON AVE,051A,ASSAULT,AGGRAVATED - HANDGUN,STREET,False,False,1211,012,36,24,04A,1157925,1907527,2025,2026-03-14T15:41:39.000,41.902006911,-87.695361749,"{'latitude': '41.902006911', 'longitude': '-87.695361749', 'human_address': '{""address"": """", ""city"": """", ""state"": """", ""zip"": """"}'}"
14070125,JJ539807,2025-12-31T02:00:00.000,061XX S KENWOOD AVE,0486,BATTERY,DOMESTIC BATTERY SIMPLE,APARTMENT,False,True,0314,003,20,42,08B,1186131,1864459,2025,2026-03-14T15:41:39.000,41.78320366,-87.593121999,"{'latitude': '41.78320366', 'longitude': '-87.593121999', 'human_address': '{""address"": """", ""city"": """", ""state"": """", ""zip"": """"}'}"
14070176,JJ539897,2025-12-31T02:00:00.000,001XX N STATE ST,0281,CRIMINAL SEXUAL ASSAULT,NON-AGGRAVATED,OTHER (SPECIFY),False,False,0111,001,34,32,02,1176352,1900918,2025,2026-03-14T15:41:39.000,41.883475491,-87.627876969,"{'latitude': '41.883475491', 'longitude': '-87.627876969', 'human_address': '{""address"": """", ""city"": """", ""state"": """", ""zip"": """"}'}"
14070063,JJ539785,2025-12-31T01:57:00.000,053XX S INDIANA AVE,1320,CRIMINAL DAMAGE,TO VEHICLE,VEHICLE NON-COMMERCIAL,True,True,0231,002,3,40,14,1178507,1869626,2025,2026-03-14T15:41:39.000,41.797559107,-87.620916846,"{'latitude': '41.797559107', 'longitude': '-87.620916846', 'human_address': '{""address"": """", ""city"": """", ""state"": """", ""zip"": """"}'}"
14070571,JJ540291,2025-12-31T01:45:00.000,007XX E 62ND ST,143A,WEAPONS VIOLATION,UNLAWFUL POSSESSION - HANDGUN,SIDEWALK,True,False,0313,003,20,42,15,1182398,1864068,2025,2026-03-14T15:41:39.000,41.78221809,-87.606820356,"{'latitude': '41.78221809', 'longitude': '-87.606820356', 'human_address': '{""address"": """", ""city"": """", ""state"": """", ""zip"": """"}'}"
14070672,JJ539779,2025-12-31T01:38:00.000,046XX S ALBANY AVE,0486,BATTERY,DOMESTIC BATTERY SIMPLE,APARTMENT,True,True,0922,009,12,58,08B,1156481,1873814,2025,2026-03-14T15:41:39.000,41.809524073,-87.701576892,"{'latitude': '41.809524073', 'longitude': '-87.701576892', 'human_address': '{""address"": """", ""city"": """", ""state"": """", ""zip"": """"}'}"
14070103,JJ539790,2025-12-31T01:37:00.000,040XX W ARMITAGE AVE,1811,NARCOTICS,POSSESS - CANNABIS 30 GRAMS OR LESS,STREET,True,False,2525,025,26,20,18,1149310,1912987,2025,2026-03-14T15:41:39.000,41.917161131,-87.726864226,"{'latitude': '41.917161131', 'longitude': '-87.726864226', 'human_address': '{""address"": """", ""city"": """", ""state"": """", ""zip"": """"}'}"
14101530,JK138265,2025-12-31T01:32:00.000,012XX W 19TH ST,1350,CRIMINAL TRESPASS,TO STATE SUP LAND,SCHOOL - PUBLIC BUILDING,False,False,1235,012,25,31,26,1168231,1890880,2025,2026-03-14T15:41:39.000,41.856109737,-87.657987678,"{'latitude': '41.856109737', 'longitude': '-87.657987678', 'human_address': '{""address"": """", ""city"": """", ""state"": """", ""zip"": """"}'}"
14071160,JK100448,2025-12-31T01:30:00.000,014XX E 73RD ST,1477,WEAPONS VIOLATION,RECKLESS FIREARM DISCHARGE,APARTMENT,False,False,0324,003,8,43,15,1187040,1856878,2025,2026-03-14T15:41:39.000,41.762379224,-87.590029575,"{'latitude': '41.762379224', 'longitude': '-87.590029575', 'human_address': '{""address"": """", ""city"": """", ""state"": """", ""zip"": """"}'}"
14070242,JJ539995,2025-12-31T01:30:00.000,013XX W ESTES AVE,051B,ASSAULT,AGGRAVATED - OTHER FIREARM,APARTMENT,False,False,2423,024,49,1,04A,1166101,1947525,2025,2026-03-14T15:41:39.000,42.011592324,-87.664183046,"{'latitude': '42.011592324', 'longitude': '-87.664183046', 'human_address': '{""address"": """", ""city"": """", ""state"": """", ""zip"": """"}'}"
14102667,JK139384,2025-12-31T01:28:00.000,051XX W 55TH ST,1206,DECEPTIVE PRACTICE,"THEFT BY LESSEE, MOTOR VEHICLE",AIRPORT BUILDING NON-TERMINAL - SECURE AREA,False,False,0814,008,23,56,11,1142940,1867661,2025,2026-03-14T15:41:39.000,41.79290166,-87.751396529,"{'latitude': '41.79290166', 'longitude': '-87.751396529', 'human_address': '{""address"": """", ""city"": """", ""state"": """", ""zip"": """"}'}"
14070065,JJ539773,2025-12-31T01:10:00.000,040XX S DR MARTIN LUTHER KING JR DR,0486,BATTERY,DOMESTIC BATTERY SIMPLE,APARTMENT,False,True,0213,002,3,38,08B,1179520,1878393,2025,2026-03-14T15:41:39.000,41.8215934,-87.616934059,"{'latitude': '41.8215934', 'longitude': '-87.616934059', 'human_address': '{""address"": """", ""city"": """", ""state"": """", ""zip"": """"}'}"
14070056,JJ539774,2025-12-31T01:05:00.000,008XX N MENARD AVE,4387,OTHER OFFENSE,VIOLATE ORDER OF PROTECTION,RESIDENCE,True,True,1511,015,29,25,26,1137538,1905204,2025,2026-03-14T15:41:39.000,41.896023933,-87.770302907,"{'latitude': '41.896023933', 'longitude': '-87.770302907', 'human_address': '{""address"": """", ""city"": """", ""state"": """", ""zip"": """"}'}"
14070083,JJ539765,2025-12-31T01:03:00.000,082XX S EVANS AVE,051A,ASSAULT,AGGRAVATED - HANDGUN,APARTMENT,False,False,0631,006,6,44,04A,1182659,1850611,2025,2026-03-14T15:41:39.000,41.745284679,-87.606280482,"{'latitude': '41.745284679', 'longitude': '-87.606280482', 'human_address': '{""address"": """", ""city"": """", ""state"": """", ""zip"": """"}'}"
14070269,JJ540066,2025-12-31T01:00:00.000,016XX E 91ST ST,0910,MOTOR VEHICLE THEFT,AUTOMOBILE,STREET,False,False,0413,004,8,48,07,1188918,1844969,2025,2026-03-14T15:41:39.000,41.729655065,-87.583526886,"{'latitude': '41.729655065', 'longitude': '-87.583526886', 'human_address': '{""address"": """", ""city"": """", ""state"": """", ""zip"": """"}'}"
14070031,JJ539770,2025-12-31T01:00:00.000,004XX E OHIO ST,0486,BATTERY,DOMESTIC BATTERY SIMPLE,APARTMENT,True,True,1834,018,2,8,08B,1179501,1904294,2025,2026-03-14T15:41:39.000,41.892667777,-87.616210158,"{'latitude': '41.892667777', 'longitude': '-87.616210158', 'human_address': '{""address"": """", ""city"": """", ""state"": """", ""zip"": """"}'}"
14070200,JJ539955,2025-12-31T01:00:00.000,038XX S RHODES AVE,1320,CRIMINAL DAMAGE,TO VEHICLE,STREET,False,False,0212,002,4,35,14,1180211,1879314,2025,2026-03-14T15:41:39.000,41.824104857,-87.614370863,"{'latitude': '41.824104857', 'longitude': '-87.614370863', 'human_address': '{""address"": """", ""city"": """", ""state"": """", ""zip"": """"}'}"
14070764,JJ540570,2025-12-31T01:00:00.000,048XX S BISHOP ST,031A,ROBBERY,ARMED - HANDGUN,STREET,False,False,0933,009,20,61,03,1167486,1872554,2025,2026-03-14T15:41:39.000,41.805837407,-87.66124845,"{'latitude': '41.805837407', 'longitude': '-87.66124845', 'human_address': '{""address"": """", ""city"": """", ""state"": """", ""zip"": """"}'}"
14070251,JJ540047,2025-12-31T01:00:00.000,024XX E 75TH ST,0910,MOTOR VEHICLE THEFT,AUTOMOBILE,STREET,False,False,0421,004,7,43,07,1193917,1855709,2025,2026-03-14T15:41:39.000,41.759005568,-87.564863136,"{'latitude': '41.759005568', 'longitude': '-87.564863136', 'human_address': '{""address"": """", ""city"": """", ""state"": """", ""zip"": """"}'}"
14070068,JJ539766,2025-12-31T00:56:00.000,048XX W MONROE ST,1750,OFFENSE INVOLVING CHILDREN,CHILD ABUSE,APARTMENT,True,True,1533,015,28,25,08B,1144196,1899224,2025,2026-03-14T15:41:39.000,41.87949161,-87.745999461,"{'latitude': '41.87949161', 'longitude': '-87.745999461', 'human_address': '{""address"": """", ""city"": """", ""state"": """", ""zip"": """"}'}"
14070069,JJ539768,2025-12-31T00:55:00.000,011XX S LAFLIN ST,1780,OFFENSE INVOLVING CHILDREN,OTHER OFFENSE,CHA APARTMENT,False,True,1231,012,28,28,20,1166546,1895280,2025,2026-03-14T15:41:39.000,41.868219921,-87.664046556,"{'latitude': '41.868219921', 'longitude': '-87.664046556', 'human_address': '{""address"": """", ""city"": """", ""state"": """", ""zip"": """"}'}"
14070058,JJ539777,2025-12-31T00:48:00.000,062XX S PARK SHORE EAST CT,2825,OTHER OFFENSE,HARASSMENT BY TELEPHONE,APARTMENT,False,False,0314,003,5,42,26,1187570,1863935,2025,2026-03-14T15:41:39.000,41.781731648,-87.587862886,"{'latitude': '41.781731648', 'longitude': '-87.587862886', 'human_address': '{""address"": """", ""city"": """", ""state"": """", ""zip"": """"}'}"
14070095,JJ539767,2025-12-31T00:45:00.000,041XX N SHERIDAN RD,0560,ASSAULT,SIMPLE,APARTMENT,False,True,1915,019,46,3,08A,1168851,1927924,2025,2026-03-14T15:41:39.000,41.957747305,-87.65463615,"{'latitude': '41.957747305', 'longitude': '-87.65463615', 'human_address': '{""address"": """", ""city"": """", ""state"": """", ""zip"": """"}'}"
14070037,JJ539756,2025-12-31T00:34:00.000,010XX W BELMONT AVE,0910,MOTOR VEHICLE THEFT,AUTOMOBILE,STREET,False,False,1924,019,44,6,07,1168964,1921423,2025,2026-03-14T15:41:39.000,41.939905846,-87.654410045,"{'latitude': '41.939905846', 'longitude': '-87.654410045', 'human_address': '{""address"": """", ""city"": """", ""state"": """", ""zip"": """"}'}"
14070088,JJ539758,2025-12-31T00:32:00.000,105XX S GREEN ST,1310,CRIMINAL DAMAGE,TO PROPERTY,RESIDENCE - PORCH / HALLWAY,False,True,2233,022,21,73,14,1172515,1834914,2025,2026-03-14T15:41:39.000,41.702439078,-87.643910268,"{'latitude': '41.702439078', 'longitude': '-87.643910268', 'human_address': '{""address"": """", ""city"": """", ""state"": """", ""zip"": """"}'}"
14084300,JK116788,2025-12-31T00:30:00.000,005XX E 47TH ST,0630,BURGLARY,ATTEMPT FORCIBLE ENTRY,TAVERN / LIQUOR STORE,False,False,0223,002,3,38,05,1180542,1873970,2025,2026-03-14T15:41:39.000,41.809432891,-87.613320823,"{'latitude': '41.809432891', 'longitude': '-87.613320823', 'human_address': '{""address"": """", ""city"": """", ""state"": """", ""zip"": """"}'}"
14072001,JK101308,2025-12-31T00:30:00.000,020XX N PULASKI RD,0610,BURGLARY,FORCIBLE ENTRY,DRUG STORE,False,False,2525,025,26,20,05,1149389,1913096,2025,2026-03-14T15:41:39.000,41.917458703,-87.726571144,"{'latitude': '41.917458703', 'longitude': '-87.726571144', 'human_address': '{""address"": """", ""city"": """", ""state"": """", ""zip"": """"}'}"
14072245,JK101443,2025-12-31T00:30:00.000,101XX S YALE AVE,2826,OTHER OFFENSE,HARASSMENT BY ELECTRONIC MEANS,RESIDENCE,False,False,0511,005,9,49,26,1176401,1837803,2025,2026-03-14T15:41:39.000,41.710280656,-87.629594378,"{'latitude': '41.710280656', 'longitude': '-87.629594378', 'human_address': '{""address"": """", ""city"": """", ""state"": """", ""zip"": """"}'}"
14070014,JJ539753,2025-12-31T00:24:00.000,013XX E 47TH PL,1320,CRIMINAL DAMAGE,TO VEHICLE,STREET,False,False,0222,002,4,39,14,1186136,1873771,2025,2026-03-14T15:41:39.000,41.808756383,-87.592809567,"{'latitude': '41.808756383', 'longitude': '-87.592809567', 'human_address': '{""address"": """", ""city"": """", ""state"": """", ""zip"": """"}'}"
14070081,JJ539750,2025-12-31T00:13:00.000,080XX S VINCENNES AVE,0486,BATTERY,DOMESTIC BATTERY SIMPLE,RESIDENCE,False,True,0621,006,6,44,08B,1174844,1851614,2025,2026-03-14T15:41:39.000,41.748214668,-87.634885958,"{'latitude': '41.748214668', 'longitude': '-87.634885958', 'human_address': '{""address"": """", ""city"": """", ""state"": """", ""zip"": """"}'}"
14070051,JJ539761,2025-12-31T00:12:00.000,001XX S CICERO AVE,2027,NARCOTICS,POSSESS - CRACK,GAS STATION,True,False,1113,011,28,25,18,1144415,1898849,2025,2026-03-14T15:41:39.000,41.878458449,-87.745204753,"{'latitude': '41.878458449', 'longitude': '-87.745204753', 'human_address': '{""address"": """", ""city"": """", ""state"": """", ""zip"": """"}'}"
14070587,JJ539741,2025-12-31T00:08:00.000,036XX N OLEANDER AVE,502P,OTHER OFFENSE,FALSE / STOLEN / ALTERED TRP,STREET,False,False,1631,016,38,17,26,1125104,1923152,2025,2026-03-14T15:41:39.000,41.945490481,-87.815573402,"{'latitude': '41.945490481', 'longitude': '-87.815573402', 'human_address': '{""address"": """", ""city"": """", ""state"": """", ""zip"": """"}'}"
14070067,JJ539744,2025-12-31T00:03:00.000,035XX S RHODES AVE,0498,BATTERY,"AGG. DOMESTIC BATTERY - HANDS, FISTS, FEET, SERIOUS INJURY",APARTMENT,False,True,0212,002,4,35,04B,1180173,1881301,2025,2026-03-14T15:41:39.000,41.829558206,-87.614449274,"{'latitude': '41.829558206', 'longitude': '-87.614449274', 'human_address': '{""address"": """", ""city"": """", ""state"": """", ""zip"": """"}'}"
14099463,JK135962,2025-12-31T00:01:00.000,002XX N MICHIGAN AVE,0486,BATTERY,DOMESTIC BATTERY SIMPLE,HOTEL / MOTEL,False,True,0111,001,42,32,08B,1177257,1901911,2025,2026-03-14T15:41:39.000,41.886179873,-87.624523664,"{'latitude': '41.886179873', 'longitude': '-87.624523664', 'human_address': '{""address"": """", ""city"": """", ""state"": """", ""zip"": """"}'}"
14084258,JK116655,2025-12-31T00:01:00.000,115XX S LA SALLE ST,1477,WEAPONS VIOLATION,RECKLESS FIREARM DISCHARGE,ALLEY,False,False,0522,005,9,53,15,1177333,1828177,2025,2026-03-14T15:41:39.000,41.683844571,-87.626470557,"{'latitude': '41.683844571', 'longitude': '-87.626470557', 'human_address': '{""address"": """", ""city"": """", ""state"": """", ""zip"": """"}'}"
14076614,JK106911,2025-12-31T00:01:00.000,090XX S NORMAL AVE,1130,DECEPTIVE PRACTICE,FRAUD OR CONFIDENCE GAME,RESIDENCE,False,False,2223,022,21,71,11,1174546,1845152,2025,2026-03-14T15:41:39.000,41.730488734,-87.636169749,"{'latitude': '41.730488734', 'longitude': '-87.636169749', 'human_address': '{""address"": """", ""city"": """", ""state"": """", ""zip"": """"}'}"
14072508,JK101795,2025-12-31T00:01:00.000,086XX S STONY ISLAND AVE,1152,DECEPTIVE PRACTICE,ILLEGAL USE CASH CARD,ATM (AUTOMATIC TELLER MACHINE),False,False,0412,004,8,45,11,1188315,1847809,2025,2026-03-14T15:41:39.000,41.737462708,-87.585645433,"{'latitude': '41.737462708', 'longitude': '-87.585645433', 'human_address': '{""address"": """", ""city"": """", ""state"": """", ""zip"": """"}'}"
14201408,JK260079,2025-12-31T00:00:00.000,047XX N KENMORE AVE,1150,DECEPTIVE PRACTICE,CREDIT CARD FRAUD,APARTMENT,False,False,1914,019,46,3,11,1168394,1931582,2025,2026-05-21T15:42:40.000,41.967794901,-87.656209954,"{'latitude': '41.967794901', 'longitude': '-87.656209954', 'human_address': '{""address"": """", ""city"": """", ""state"": """", ""zip"": """"}'}"
14196816,JK254238,2025-12-31T00:00:00.000,049XX W WASHINGTON BLVD,0810,THEFT,OVER $500,APARTMENT,False,False,1532,015,28,25,06,1143411,1900049,2025,2026-05-17T15:41:15.000,41.881770217,-87.748861265,"{'latitude': '41.881770217', 'longitude': '-87.748861265', 'human_address': '{""address"": """", ""city"": """", ""state"": """", ""zip"": """"}'}"
14189038,JK244780,2025-12-31T00:00:00.000,043XX W GLADYS AVE,0810,THEFT,OVER $500,RESIDENCE - YARD (FRONT / BACK),False,False,1131,011,28,26,06,1147512,1898001,2025,2026-05-09T15:41:14.000,41.876072639,-87.73385486,"{'latitude': '41.876072639', 'longitude': '-87.73385486', 'human_address': '{""address"": """", ""city"": """", ""state"": """", ""zip"": """"}'}"
14177021,JK230147,2025-12-31T00:00:00.000,051XX W AINSLIE ST,2820,OTHER OFFENSE,TELEPHONE THREAT,RESIDENCE,False,False,1623,016,45,11,08A,1141176,1932095,2025,2026-04-27T15:47:52.000,41.96974927,-87.756276333,"{'latitude': '41.96974927', 'longitude': '-87.756276333', 'human_address': '{""address"": """", ""city"": """", ""state"": """", ""zip"": """"}'}"
14173580,JK225681,2025-12-31T00:00:00.000,001XX E 111TH ST,1310,CRIMINAL DAMAGE,TO PROPERTY,APARTMENT,False,False,0531,005,9,49,14,1179312,1831398,2025,2026-04-24T15:41:54.000,41.692638673,-87.619128365,"{'latitude': '41.692638673', 'longitude': '-87.619128365', 'human_address': '{""address"": """", ""city"": """", ""state"": """", ""zip"": """"}'}"
14156245,JK204491,2025-12-31T00:00:00.000,014XX W 103RD ST,1242,DECEPTIVE PRACTICE,COMPUTER FRAUD,RESIDENCE,False,False,2213,022,19,72,11,1168277,1836445,2025,2026-04-07T16:00:21.000,41.706732438,-87.65938483,"{'latitude': '41.706732438', 'longitude': '-87.65938483', 'human_address': '{""address"": """", ""city"": """", ""state"": """", ""zip"": """"}'}"
14136607,JK180765,2025-12-31T00:00:00.000,101XX S EXCHANGE AVE,1780,OFFENSE INVOLVING CHILDREN,OTHER OFFENSE,RESIDENCE,False,False,0431,004,10,51,20,1197499,1838295,2025,2026-03-18T15:45:19.000,41.711131607,-87.552314729,"{'latitude': '41.711131607', 'longitude': '-87.552314729', 'human_address': '{""address"": """", ""city"": """", ""state"": """", ""zip"": """"}'}"
14099106,JK135382,2025-12-31T00:00:00.000,042XX N SHERIDAN RD,0760,BURGLARY,BURGLARY FROM MOTOR VEHICLE,RESIDENCE - GARAGE,False,False,1915,019,46,3,06,1168838,1928364,2025,2026-03-14T15:41:39.000,41.958954963,-87.654671132,"{'latitude': '41.958954963', 'longitude': '-87.654671132', 'human_address': '{""address"": """", ""city"": """", ""state"": """", ""zip"": """"}'}"
14104243,JK141624,2025-12-31T00:00:00.000,061XX N TALMAN AVE,1242,DECEPTIVE PRACTICE,COMPUTER FRAUD,APARTMENT,False,False,2413,024,40,2,11,1157550,1940725,2025,2026-03-14T15:41:39.000,41.993111976,-87.695832203,"{'latitude': '41.993111976', 'longitude': '-87.695832203', 'human_address': '{""address"": """", ""city"": """", ""state"": """", ""zip"": """"}'}"
14092563,JK124221,2025-12-31T00:00:00.000,079XX S MARSHFIELD AVE,0560,ASSAULT,SIMPLE,APARTMENT,False,True,0611,006,17,71,08A,1166726,1851936,2025,2026-03-14T15:41:39.000,41.74927526,-87.664623871,"{'latitude': '41.74927526', 'longitude': '-87.664623871', 'human_address': '{""address"": """", ""city"": """", ""state"": """", ""zip"": """"}'}"
14085384,JK118209,2025-12-31T00:00:00.000,045XX N HAZEL ST,0890,THEFT,FROM BUILDING,APARTMENT,False,False,1914,019,46,3,06,1169442,1930507,2025,2026-03-14T15:41:39.000,41.964822277,-87.652387987,"{'latitude': '41.964822277', 'longitude': '-87.652387987', 'human_address': '{""address"": """", ""city"": """", ""state"": """", ""zip"": """"}'}"
14088257,JK121636,2025-12-31T00:00:00.000,080XX S VERNON AVE,1130,DECEPTIVE PRACTICE,FRAUD OR CONFIDENCE GAME,RESIDENCE,False,False,0631,006,6,44,11,1180637,1851875,2025,2026-03-14T15:41:39.000,41.748799881,-87.613650624,"{'latitude': '41.748799881', 'longitude': '-87.613650624', 'human_address': '{""address"": """", ""city"": """", ""state"": """", ""zip"": """"}'}"
14088250,JK121655,2025-12-31T00:00:00.000,023XX S HOYNE AVE,1752,OFFENSE INVOLVING CHILDREN,AGGRAVATED CRIMINAL SEXUAL ABUSE BY FAMILY MEMBER,RESIDENCE,False,True,1034,010,25,31,17,1162740,1888310,2025,2026-03-14T15:41:39.000,41.849174148,-87.678214366,"{'latitude': '41.849174148', 'longitude': '-87.678214366', 'human_address': '{""address"": """", ""city"": """", ""state"": """", ""zip"": """"}'}"
14075764,JK105897,2025-12-31T00:00:00.000,015XX E 55TH ST,1750,OFFENSE INVOLVING CHILDREN,CHILD ABUSE,HOSPITAL BUILDING / GROUNDS,False,False,0235,002,5,41,08B,1187444,1868839,2025,2026-03-14T15:41:39.000,41.795191599,-87.588168999,"{'latitude': '41.795191599', 'longitude': '-87.588168999', 'human_address': '{""address"": """", ""city"": """", ""state"": """", ""zip"": """"}'}"
14074595,JK104437,2025-12-31T00:00:00.000,065XX S FAIRFIELD AVE,1310,CRIMINAL DAMAGE,TO PROPERTY,RESIDENCE,False,False,0831,008,16,66,14,1159170,1861170,2025,2026-03-14T15:41:39.000,41.774772555,-87.692059957,"{'latitude': '41.774772555', 'longitude': '-87.692059957', 'human_address': '{""address"": """", ""city"": """", ""state"": """", ""zip"": """"}'}"
14073960,JK103795,2025-12-31T00:00:00.000,057XX S WASHTENAW AVE,1153,DECEPTIVE PRACTICE,FINANCIAL IDENTITY THEFT OVER $ 300,RESIDENCE,False,False,0824,008,15,63,11,1159355,1866492,2025,2026-03-14T15:41:39.000,41.789373081,-87.691236085,"{'latitude': '41.789373081', 'longitude': '-87.691236085', 'human_address': '{""address"": """", ""city"": """", ""state"": """", ""zip"": """"}'}"
14071873,JK100656,2025-12-31T00:00:00.000,019XX W 48TH ST,1310,CRIMINAL DAMAGE,TO PROPERTY,APARTMENT,False,False,0931,009,15,61,14,1164374,1872848,2025,2026-03-14T15:41:39.000,41.806710389,-87.672653819,"{'latitude': '41.806710389', 'longitude': '-87.672653819', 'human_address': '{""address"": """", ""city"": """", ""state"": """", ""zip"": """"}'}"
14072811,JK102006,2025-12-31T00:00:00.000,023XX N LEAVITT ST,1320,CRIMINAL DAMAGE,TO VEHICLE,STREET,False,False,1432,014,32,22,14,1161314,1915210,2025,2026-03-14T15:41:39.000,41.92301979,-87.682699405,"{'latitude': '41.92301979', 'longitude': '-87.682699405', 'human_address': '{""address"": """", ""city"": """", ""state"": """", ""zip"": """"}'}"
14079468,JK110200,2025-12-31T00:00:00.000,007XX E 100TH PL,0890,THEFT,FROM BUILDING,RESTAURANT,False,False,0511,005,8,50,06,1183033,1838598,2025,2026-03-14T15:41:39.000,41.712310931,-87.605282405,"{'latitude': '41.712310931', 'longitude': '-87.605282405', 'human_address': '{""address"": """", ""city"": """", ""state"": """", ""zip"": """"}'}"
14081886,JK112947,2025-12-31T00:00:00.000,100XX S HOXIE AVE,0560,ASSAULT,SIMPLE,RESIDENCE,False,True,0431,004,7,51,08A,1195128,1838944,2025,2026-03-14T15:41:39.000,41.712971213,-87.560976368,"{'latitude': '41.712971213', 'longitude': '-87.560976368', 'human_address': '{""address"": """", ""city"": """", ""state"": """", ""zip"": """"}'}"
14072163,JK101734,2025-12-31T00:00:00.000,075XX S YALE AVE,1187,DECEPTIVE PRACTICE,STATE BENEFITS FRAUD,OTHER (SPECIFY),False,False,0623,006,6,69,11,1175814,1854954,2025,2026-03-14T15:41:39.000,41.757358368,-87.631231695,"{'latitude': '41.757358368', 'longitude': '-87.631231695', 'human_address': '{""address"": """", ""city"": """", ""state"": """", ""zip"": """"}'}"
14074430,JK104265,2025-12-31T00:00:00.000,039XX S LAKE PARK AVE,1150,DECEPTIVE PRACTICE,CREDIT CARD FRAUD,APARTMENT,False,False,0214,002,4,36,11,1183292,1879180,2025,2026-03-14T15:41:39.000,41.823665846,-87.603072021,"{'latitude': '41.823665846', 'longitude': '-87.603072021', 'human_address': '{""address"": """", ""city"": """", ""state"": """", ""zip"": """"}'}"
14070701,JJ539743,2025-12-31T00:00:00.000,062XX S CENTRAL AVE,2826,OTHER OFFENSE,HARASSMENT BY ELECTRONIC MEANS,RESIDENCE,False,True,0812,008,13,64,26,1140142,1862732,2025,2026-03-14T15:41:39.000,41.779427143,-87.76177681,"{'latitude': '41.779427143', 'longitude': '-87.76177681', 'human_address': '{""address"": """", ""city"": """", ""state"": """", ""zip"": """"}'}"
14070904,JK100035,2025-12-31T00:00:00.000,061XX S ARTESIAN AVE,1310,CRIMINAL DAMAGE,TO PROPERTY,APARTMENT,False,False,0825,008,16,66,14,1161089,1863977,2025,2026-03-14T15:41:39.000,41.782435869,-87.684947566,"{'latitude': '41.782435869', 'longitude': '-87.684947566', 'human_address': '{""address"": """", ""city"": """", ""state"": """", ""zip"": """"}'}"
14070167,JJ539904,2025-12-31T00:00:00.000,076XX S EBERHART AVE,0760,BURGLARY,BURGLARY FROM MOTOR VEHICLE,STREET,False,False,0624,006,6,69,06,1180898,1854449,2025,2026-03-14T15:41:39.000,41.755857224,-87.612615222,"{'latitude': '41.755857224', 'longitude': '-87.612615222', 'human_address': '{""address"": """", ""city"": """", ""state"": """", ""zip"": """"}'}"
14073061,JK102693,2025-12-31T00:00:00.000,052XX S CHRISTIANA AVE,0810,THEFT,OVER $500,RESIDENCE,False,True,0822,008,14,63,06,1154932,1869672,2025,2026-03-14T15:41:39.000,41.798188958,-87.707369056,"{'latitude': '41.798188958', 'longitude': '-87.707369056', 'human_address': '{""address"": """", ""city"": """", ""state"": """", ""zip"": """"}'}"
14070079,JJ539742,2025-12-30T23:47:00.000,053XX W CHICAGO AVE,2820,OTHER OFFENSE,TELEPHONE THREAT,APARTMENT,False,False,1524,015,37,25,08A,1140681,1904818,2025,2026-03-14T15:41:39.000,41.894907524,-87.758768643,"{'latitude': '41.894907524', 'longitude': '-87.758768643', 'human_address': '{""address"": """", ""city"": """", ""state"": """", ""zip"": """"}'}"
14070033,JJ539722,2025-12-30T23:45:00.000,040XX N LINCOLN AVE,0860,THEFT,RETAIL THEFT,DEPARTMENT STORE,False,False,1911,019,47,5,06,1162053,1927029,2025,2026-03-14T15:41:39.000,41.955436401,-87.679652922,"{'latitude': '41.955436401', 'longitude': '-87.679652922', 'human_address': '{""address"": """", ""city"": """", ""state"": """", ""zip"": """"}'}"
14070055,JJ539738,2025-12-30T23:44:00.000,019XX N WESTERN AVE,1330,CRIMINAL TRESPASS,TO LAND,RESTAURANT,False,False,1434,014,32,22,26,1160053,1913029,2025,2026-03-14T15:41:39.000,41.917061131,-87.687393113,"{'latitude': '41.917061131', 'longitude': '-87.687393113', 'human_address': '{""address"": """", ""city"": """", ""state"": """", ""zip"": """"}'}"
14070528,JJ540408,2025-12-30T23:40:00.000,129XX S NORMAL AVE,0820,THEFT,$500 AND UNDER,STREET,False,False,0523,005,9,53,06,1175333,1819112,2025,2026-03-14T15:41:39.000,41.659013549,-87.634061162,"{'latitude': '41.659013549', 'longitude': '-87.634061162', 'human_address': '{""address"": """", ""city"": """", ""state"": """", ""zip"": """"}'}"
14070117,JJ539749,2025-12-30T23:33:00.000,011XX S CANAL ST,0820,THEFT,$500 AND UNDER,RESTAURANT,False,False,0124,001,28,28,06,1173310,1895266,2025,2026-03-14T15:41:39.000,41.868034106,-87.639215155,"{'latitude': '41.868034106', 'longitude': '-87.639215155', 'human_address': '{""address"": """", ""city"": """", ""state"": """", ""zip"": """"}'}"
14070252,JJ539966,2025-12-30T23:30:00.000,013XX W 68TH ST,0820,THEFT,$500 AND UNDER,VEHICLE NON-COMMERCIAL,False,False,0724,007,17,67,06,1168736,1859676,2025,2026-03-14T15:41:39.000,41.770471738,-87.657035452,"{'latitude': '41.770471738', 'longitude': '-87.657035452', 'human_address': '{""address"": """", ""city"": """", ""state"": """", ""zip"": """"}'}"
14070136,JJ539879,2025-12-30T23:30:00.000,112XX S DR MARTIN LUTHER KING JR DR,0910,MOTOR VEHICLE THEFT,AUTOMOBILE,STREET,False,False,0531,005,9,49,07,1180914,1830449,2025,2026-03-14T15:41:39.000,41.689997885,-87.613292249,"{'latitude': '41.689997885', 'longitude': '-87.613292249', 'human_address': '{""address"": """", ""city"": """", ""state"": """", ""zip"": """"}'}"
14070032,JJ539725,2025-12-30T23:27:00.000,035XX W MONTROSE AVE,0486,BATTERY,DOMESTIC BATTERY SIMPLE,RESTAURANT,False,True,1723,017,33,14,08B,1151838,1929010,2025,2026-03-14T15:41:39.000,41.961080071,-87.717153134,"{'latitude': '41.961080071', 'longitude': '-87.717153134', 'human_address': '{""address"": """", ""city"": """", ""state"": """", ""zip"": """"}'}"
14070047,JJ539735,2025-12-30T23:23:00.000,013XX N HUDSON AVE,0560,ASSAULT,SIMPLE,APARTMENT,False,False,1821,018,27,8,08A,1173068,1909520,2025,2026-03-14T15:41:39.000,41.907153315,-87.639680572,"{'latitude': '41.907153315', 'longitude': '-87.639680572', 'human_address': '{""address"": """", ""city"": """", ""state"": """", ""zip"": """"}'}"
14070013,JJ539721,2025-12-30T23:20:00.000,042XX S MOZART ST,0486,BATTERY,DOMESTIC BATTERY SIMPLE,APARTMENT,True,True,0921,009,12,58,08B,1158067,1876432,2025,2026-03-14T15:41:39.000,41.816676059,-87.695688418,"{'latitude': '41.816676059', 'longitude': '-87.695688418', 'human_address': '{""address"": """", ""city"": """", ""state"": """", ""zip"": """"}'}"
14070052,JJ539759,2025-12-30T23:20:00.000,080XX S CLYDE AVE,0560,ASSAULT,SIMPLE,RESIDENCE,False,True,0414,004,8,46,08A,1191594,1851993,2025,2026-03-14T15:41:39.000,41.748865179,-87.573496934,"{'latitude': '41.748865179', 'longitude': '-87.573496934', 'human_address': '{""address"": """", ""city"": """", ""state"": """", ""zip"": """"}'}"
14070009,JJ539718,2025-12-30T23:17:00.000,062XX S MULLIGAN AVE,4387,OTHER OFFENSE,VIOLATE ORDER OF PROTECTION,RESIDENCE,False,True,0812,008,13,64,26,1135152,1862427,2025,2026-03-14T15:41:39.000,41.778679724,-87.780078315,"{'latitude': '41.778679724', 'longitude': '-87.780078315', 'human_address': '{""address"": """", ""city"": """", ""state"": """", ""zip"": """"}'}"
14070042,JJ539760,2025-12-30T23:15:00.000,062XX S MC VICKER AVE,4387,OTHER OFFENSE,VIOLATE ORDER OF PROTECTION,ALLEY,True,True,0812,008,13,64,26,1137149,1862499,2025,2026-03-14T15:41:39.000,41.778841815,-87.772755289,"{'latitude': '41.778841815', 'longitude': '-87.772755289', 'human_address': '{""address"": """", ""city"": """", ""state"": """", ""zip"": """"}'}"
14182753,JK236793,2025-12-30T23:00:00.000,0000X W 26TH ST,1150,DECEPTIVE PRACTICE,CREDIT CARD FRAUD,HOTEL / MOTEL,False,False,0133,001,3,35,11,1176575,1887109,2025,2026-05-03T15:41:51.000,41.845577671,-87.627475027,"{'latitude': '41.845577671', 'longitude': '-87.627475027', 'human_address': '{""address"": """", ""city"": """", ""state"": """", ""zip"": """"}'}"
14098559,JK134850,2025-12-30T23:00:00.000,031XX W WASHINGTON BLVD,0910,MOTOR VEHICLE THEFT,AUTOMOBILE,STREET,False,False,1222,012,27,27,07,1155536,1900515,2025,2026-03-14T15:41:39.000,41.88281374,-87.704325717,"{'latitude': '41.88281374', 'longitude': '-87.704325717', 'human_address': '{""address"": """", ""city"": """", ""state"": """", ""zip"": """"}'}"
14072039,JK101551,2025-12-30T23:00:00.000,020XX W 13TH ST,0910,MOTOR VEHICLE THEFT,AUTOMOBILE,STREET,False,False,1233,012,28,28,07,1163079,1894054,2025,2026-03-14T15:41:39.000,41.864929134,-87.676809007,"{'latitude': '41.864929134', 'longitude': '-87.676809007', 'human_address': '{""address"": """", ""city"": """", ""state"": """", ""zip"": """"}'}"
14077633,JK106807,2025-12-30T23:00:00.000,053XX S PRINCETON AVE,1320,CRIMINAL DAMAGE,TO VEHICLE,ALLEY,False,False,0935,009,20,37,14,1175191,1869582,2025,2026-03-14T15:41:39.000,41.797513136,-87.633078348,"{'latitude': '41.797513136', 'longitude': '-87.633078348', 'human_address': '{""address"": """", ""city"": """", ""state"": """", ""zip"": """"}'}"
14073383,JK102789,2025-12-30T23:00:00.000,024XX W MEDILL AVE,2826,OTHER OFFENSE,HARASSMENT BY ELECTRONIC MEANS,APARTMENT,False,True,1431,014,1,22,26,1159795,1915580,2025,2026-03-14T15:41:39.000,41.924066587,-87.688270505,"{'latitude': '41.924066587', 'longitude': '-87.688270505', 'human_address': '{""address"": """", ""city"": """", ""state"": """", ""zip"": """"}'}"
14074551,JK104408,2025-12-30T23:00:00.000,041XX W POTOMAC AVE,0610,BURGLARY,FORCIBLE ENTRY,APARTMENT,False,False,2534,025,37,23,05,1148610,1908341,2025,2026-03-14T15:41:39.000,41.904425604,-87.729556209,"{'latitude': '41.904425604', 'longitude': '-87.729556209', 'human_address': '{""address"": """", ""city"": """", ""state"": """", ""zip"": """"}'}"
14070376,JJ540245,2025-12-30T23:00:00.000,079XX S HONORE ST,1320,CRIMINAL DAMAGE,TO VEHICLE,STREET,False,False,0611,006,17,71,14,1165399,1852071,2025,2026-03-14T15:41:39.000,41.749673917,-87.66948272,"{'latitude': '41.749673917', 'longitude': '-87.66948272', 'human_address': '{""address"": """", ""city"": """", ""state"": """", ""zip"": """"}'}"
14070185,JJ539881,2025-12-30T23:00:00.000,061XX S LANGLEY AVE,0910,MOTOR VEHICLE THEFT,AUTOMOBILE,STREET,False,False,0313,003,20,42,07,1181953,1864356,2025,2026-03-14T15:41:39.000,41.783018694,-87.608442929,"{'latitude': '41.783018694', 'longitude': '-87.608442929', 'human_address': '{""address"": """", ""city"": """", ""state"": """", ""zip"": """"}'}"
14070400,JJ540302,2025-12-30T23:00:00.000,001XX E KENSINGTON AVE,0710,THEFT,THEFT FROM MOTOR VEHICLE,STREET,False,False,0532,005,9,53,06,1179281,1828231,2025,2026-03-14T15:41:39.000,41.683948674,-87.619337963,"{'latitude': '41.683948674', 'longitude': '-87.619337963', 'human_address': '{""address"": """", ""city"": """", ""state"": """", ""zip"": """"}'}"
14087406,JK120574,2025-12-30T23:00:00.000,006XX S WABASH AVE,0810,THEFT,OVER $500,APARTMENT,False,False,0123,001,4,32,06,1176895,1897458,2025,2026-03-14T15:41:39.000,41.873968788,-87.625987769,"{'latitude': '41.873968788', 'longitude': '-87.625987769', 'human_address': '{""address"": """", ""city"": """", ""state"": """", ""zip"": """"}'}"
14071383,JK100716,2025-12-30T22:59:00.000,029XX W 63RD ST,2820,OTHER OFFENSE,TELEPHONE THREAT,APARTMENT,False,False,0823,008,15,66,08A,1157682,1862720,2025,2026-03-14T15:41:39.000,41.779056299,-87.697472768,"{'latitude': '41.779056299', 'longitude': '-87.697472768', 'human_address': '{""address"": """", ""city"": """", ""state"": """", ""zip"": """"}'}"
14070059,JJ539752,2025-12-30T22:54:00.000,071XX S DAMEN AVE,1710,OFFENSE INVOLVING CHILDREN,ENDANGERING LIFE / HEALTH OF CHILD,RESIDENCE,False,True,0735,007,17,67,20,1164261,1857220,2025,2026-03-14T15:41:39.000,41.763827526,-87.673508129,"{'latitude': '41.763827526', 'longitude': '-87.673508129', 'human_address': '{""address"": """", ""city"": """", ""state"": """", ""zip"": """"}'}"
14070023,JJ539712,2025-12-30T22:52:00.000,065XX S SACRAMENTO AVE,0560,ASSAULT,SIMPLE,ALLEY,True,True,0831,008,15,66,08A,1157508,1861139,2025,2026-03-14T15:41:39.000,41.774721333,-87.698153484,"{'latitude': '41.774721333', 'longitude': '-87.698153484', 'human_address': '{""address"": """", ""city"": """", ""state"": """", ""zip"": """"}'}"
14070036,JJ539709,2025-12-30T22:33:00.000,055XX S CLAREMONT AVE,0560,ASSAULT,SIMPLE,STREET,False,False,0824,008,15,63,08A,1161790,1867842,2025,2026-03-14T15:41:39.000,41.793027408,-87.682270183,"{'latitude': '41.793027408', 'longitude': '-87.682270183', 'human_address': '{""address"": """", ""city"": """", ""state"": """", ""zip"": """"}'}"
14069998,JJ539702,2025-12-30T22:32:00.000,109XX S DOTY AVE W,0860,THEFT,RETAIL THEFT,GROCERY FOOD STORE,True,False,0513,005,9,50,06,1185441,1832670,2025,2026-03-14T15:41:39.000,41.69598756,-87.596649418,"{'latitude': '41.69598756', 'longitude': '-87.596649418', 'human_address': '{""address"": """", ""city"": """", ""state"": """", ""zip"": """"}'}"
14070492,JJ539825,2025-12-30T22:30:00.000,047XX N SHERIDAN RD,0820,THEFT,$500 AND UNDER,APARTMENT,False,False,1914,019,46,3,06,1168772,1931824,2025,2026-03-14T15:41:39.000,41.968450751,-87.654813042,"{'latitude': '41.968450751', 'longitude': '-87.654813042', 'human_address': '{""address"": """", ""city"": """", ""state"": """", ""zip"": """"}'}"
14070640,JJ540349,2025-12-30T22:30:00.000,017XX W CHICAGO AVE,1152,DECEPTIVE PRACTICE,ILLEGAL USE CASH CARD,RESTAURANT,False,False,1215,012,1,24,11,1164789,1905399,2025,2026-03-14T15:41:39.000,41.896024683,-87.670209791,"{'latitude': '41.896024683', 'longitude': '-87.670209791', 'human_address': '{""address"": """", ""city"": """", ""state"": """", ""zip"": """"}'}"
14070228,JJ539907,2025-12-30T22:30:00.000,052XX W NORTH AVE,0650,BURGLARY,HOME INVASION,APARTMENT,False,False,2532,025,37,25,05,1140917,1910129,2025,2026-03-14T15:41:39.000,41.909477187,-87.757770996,"{'latitude': '41.909477187', 'longitude': '-87.757770996', 'human_address': '{""address"": """", ""city"": """", ""state"": """", ""zip"": """"}'}"
14070001,JJ539693,2025-12-30T22:15:00.000,016XX E 95TH ST,1812,NARCOTICS,POSSESS - CANNABIS MORE THAN 30 GRAMS,STREET,True,False,0431,004,7,51,18,1188729,1842306,2025,2026-03-14T15:41:39.000,41.72235203,-87.58430412,"{'latitude': '41.72235203', 'longitude': '-87.58430412', 'human_address': '{""address"": """", ""city"": """", ""state"": """", ""zip"": """"}'}"
14070639,JJ540325,2025-12-30T22:15:00.000,017XX W CHICAGO AVE,0890,THEFT,FROM BUILDING,RESTAURANT,False,False,1215,012,1,24,06,1164789,1905399,2025,2026-03-14T15:41:39.000,41.896024683,-87.670209791,"{'latitude': '41.896024683', 'longitude': '-87.670209791', 'human_address': '{""address"": """", ""city"": """", ""state"": """", ""zip"": """"}'}"
14070019,JJ539695,2025-12-30T22:04:00.000,081XX S STONY ISLAND AVE,0460,BATTERY,SIMPLE,HOTEL / MOTEL,True,True,0411,004,8,45,08B,1188340,1851428,2025,2026-03-14T15:41:39.000,41.747393001,-87.585438607,"{'latitude': '41.747393001', 'longitude': '-87.585438607', 'human_address': '{""address"": """", ""city"": """", ""state"": """", ""zip"": """"}'}"
14075077,JK104572,2025-12-30T22:00:00.000,005XX W ARLINGTON PL,1153,DECEPTIVE PRACTICE,FINANCIAL IDENTITY THEFT OVER $ 300,,False,False,1935,019,43,7,11,1172257,1916656,2025,2026-03-14T15:41:39.000,41.926752802,-87.642448526,"{'latitude': '41.926752802', 'longitude': '-87.642448526', 'human_address': '{""address"": """", ""city"": """", ""state"": """", ""zip"": """"}'}"
14072082,JK101466,2025-12-30T22:00:00.000,040XX W PALMER ST,051A,ASSAULT,AGGRAVATED - HANDGUN,SIDEWALK,False,False,2525,025,35,20,04A,1148926,1914312,2025,2026-03-14T15:41:39.000,41.920804498,-87.728240707,"{'latitude': '41.920804498', 'longitude': '-87.728240707', 'human_address': '{""address"": """", ""city"": """", ""state"": """", ""zip"": """"}'}"
14070456,JJ540337,2025-12-30T22:00:00.000,029XX W PALMER ST,1320,CRIMINAL DAMAGE,TO VEHICLE,VEHICLE NON-COMMERCIAL,False,False,1414,014,1,22,14,1156087,1914610,2025,2026-03-14T15:41:39.000,41.921480565,-87.701921468,"{'latitude': '41.921480565', 'longitude': '-87.701921468', 'human_address': '{""address"": """", ""city"": """", ""state"": """", ""zip"": """"}'}"
14070211,JJ539909,2025-12-30T22:00:00.000,048XX W HIRSCH ST,0610,BURGLARY,FORCIBLE ENTRY,CONSTRUCTION SITE,False,False,2533,025,37,25,05,1143754,1908871,2025,2026-03-14T15:41:39.000,41.905972387,-87.747380532,"{'latitude': '41.905972387', 'longitude': '-87.747380532', 'human_address': '{""address"": """", ""city"": """", ""state"": """", ""zip"": """"}'}"
14070198,JJ539990,2025-12-30T22:00:00.000,017XX W 105TH PL,0930,MOTOR VEHICLE THEFT,THEFT / RECOVERY - AUTOMOBILE,STREET,False,False,2212,022,19,72,07,1166665,1834705,2025,2026-03-14T15:41:39.000,41.701992063,-87.665337375,"{'latitude': '41.701992063', 'longitude': '-87.665337375', 'human_address': '{""address"": """", ""city"": """", ""state"": """", ""zip"": """"}'}"
14070002,JJ539699,2025-12-30T22:00:00.000,110XX S INDIANA AVE,1310,CRIMINAL DAMAGE,TO PROPERTY,APARTMENT,True,True,0513,005,9,49,14,1179541,1831876,2025,2026-03-14T15:41:39.000,41.693945159,-87.618275434,"{'latitude': '41.693945159', 'longitude': '-87.618275434', 'human_address': '{""address"": """", ""city"": """", ""state"": """", ""zip"": """"}'}"
14069990,JJ539700,2025-12-30T21:58:00.000,063XX S MOZART ST,1320,CRIMINAL DAMAGE,TO VEHICLE,STREET,False,False,0823,008,15,66,14,1158468,1862555,2025,2026-03-14T15:41:39.000,41.778587531,-87.694595691,"{'latitude': '41.778587531', 'longitude': '-87.694595691', 'human_address': '{""address"": """", ""city"": """", ""state"": """", ""zip"": """"}'}"
14069986,JJ539697,2025-12-30T21:53:00.000,038XX W ROOSEVELT RD,1811,NARCOTICS,POSSESS - CANNABIS 30 GRAMS OR LESS,SIDEWALK,True,False,1011,010,24,29,18,1151056,1894439,2025,2026-03-14T15:41:39.000,41.866229446,-87.720935733,"{'latitude': '41.866229446', 'longitude': '-87.720935733', 'human_address': '{""address"": """", ""city"": """", ""state"": """", ""zip"": """"}'}"
14070310,JJ540156,2025-12-30T21:45:00.000,013XX N KINGSBURY ST,0910,MOTOR VEHICLE THEFT,AUTOMOBILE,STREET,False,False,1822,018,27,8,07,1170384,1908867,2025,2026-03-14T15:41:39.000,41.905420581,-87.649559108,"{'latitude': '41.905420581', 'longitude': '-87.649559108', 'human_address': '{""address"": """", ""city"": """", ""state"": """", ""zip"": """"}'}"
14070446,JJ540061,2025-12-30T21:45:00.000,005XX N STATE ST,0320,ROBBERY,STRONG ARM - NO WEAPON,SIDEWALK,False,False,1831,018,42,8,03,1176277,1903831,2025,2026-03-14T15:41:39.000,41.891470611,-87.628064457,"{'latitude': '41.891470611', 'longitude': '-87.628064457', 'human_address': '{""address"": """", ""city"": """", ""state"": """", ""zip"": """"}'}"
14069997,JJ539677,2025-12-30T21:45:00.000,002XX N LATROBE AVE,143A,WEAPONS VIOLATION,UNLAWFUL POSSESSION - HANDGUN,STREET,True,False,1523,015,37,25,15,1141337,1901120,2025,2026-03-14T15:41:39.000,41.884747682,-87.75645061,"{'latitude': '41.884747682', 'longitude': '-87.75645061', 'human_address': '{""address"": """", ""city"": """", ""state"": """", ""zip"": """"}'}"
14071863,JK101277,2025-12-30T21:30:00.000,027XX N WOLCOTT AVE,0910,MOTOR VEHICLE THEFT,AUTOMOBILE,STREET,False,False,1931,019,32,7,07,1163352,1918203,2025,2026-03-14T15:41:39.000,41.931190091,-87.675126688,"{'latitude': '41.931190091', 'longitude': '-87.675126688', 'human_address': '{""address"": """", ""city"": """", ""state"": """", ""zip"": """"}'}"
14070141,JJ539866,2025-12-30T21:30:00.000,067XX S ADA ST,0760,BURGLARY,BURGLARY FROM MOTOR VEHICLE,STREET,False,False,0724,007,17,67,06,1168487,1860120,2025,2026-03-14T15:41:39.000,41.771695499,-87.657935406,"{'latitude': '41.771695499', 'longitude': '-87.657935406', 'human_address': '{""address"": """", ""city"": """", ""state"": """", ""zip"": """"}'}"
14070222,JJ540012,2025-12-30T21:30:00.000,059XX W CORTLAND ST,0910,MOTOR VEHICLE THEFT,AUTOMOBILE,STREET,False,False,2531,025,29,25,07,1136572,1911844,2025,2026-03-14T15:41:39.000,41.914262249,-87.773691779,"{'latitude': '41.914262249', 'longitude': '-87.773691779', 'human_address': '{""address"": """", ""city"": """", ""state"": """", ""zip"": """"}'}"
14070034,JJ539731,2025-12-30T21:24:00.000,055XX S CHRISTIANA AVE,0486,BATTERY,DOMESTIC BATTERY SIMPLE,RESIDENCE,False,True,0822,008,14,63,08B,1154991,1867649,2025,2026-03-14T15:41:39.000,41.792636379,-87.707206724,"{'latitude': '41.792636379', 'longitude': '-87.707206724', 'human_address': '{""address"": """", ""city"": """", ""state"": """", ""zip"": """"}'}"
14069971,JJ539651,2025-12-30T21:22:00.000,047XX S HONORE ST,143A,WEAPONS VIOLATION,UNLAWFUL POSSESSION - HANDGUN,SIDEWALK,True,False,0931,009,15,61,15,1164818,1873172,2025,2026-03-14T15:41:39.000,41.807590105,-87.671016212,"{'latitude': '41.807590105', 'longitude': '-87.671016212', 'human_address': '{""address"": """", ""city"": """", ""state"": """", ""zip"": """"}'}"
14070614,JJ540149,2025-12-30T21:00:00.000,052XX W ROSCOE ST,0760,BURGLARY,BURGLARY FROM MOTOR VEHICLE,VEHICLE NON-COMMERCIAL,False,False,1634,016,31,15,06,1140748,1922102,2025,2026-03-14T15:41:39.000,41.942335471,-87.758096769,"{'latitude': '41.942335471', 'longitude': '-87.758096769', 'human_address': '{""address"": """", ""city"": """", ""state"": """", ""zip"": """"}'}"
14070385,JJ539987,2025-12-30T21:00:00.000,063XX S KOLIN AVE,0820,THEFT,$500 AND UNDER,STREET,False,False,0813,008,13,65,06,1148466,1862084,2025,2026-03-14T15:41:39.000,41.777493048,-87.731276227,"{'latitude': '41.777493048', 'longitude': '-87.731276227', 'human_address': '{""address"": """", ""city"": """", ""state"": """", ""zip"": """"}'}"
14071341,JJ539672,2025-12-30T21:00:00.000,061XX W SCHUBERT AVE,0460,BATTERY,SIMPLE,STREET,False,False,2512,025,36,19,08B,1134855,1917296,2025,2026-03-14T15:41:39.000,41.929253749,-87.779870595,"{'latitude': '41.929253749', 'longitude': '-87.779870595', 'human_address': '{""address"": """", ""city"": """", ""state"": """", ""zip"": """"}'}"
14070293,JJ540071,2025-12-30T21:00:00.000,053XX N KEDZIE AVE,0560,ASSAULT,SIMPLE,APARTMENT,False,True,1712,017,39,13,08A,1154078,1935351,2025,2026-03-14T15:41:39.000,41.978435656,-87.708747712,"{'latitude': '41.978435656', 'longitude': '-87.708747712', 'human_address': '{""address"": """", ""city"": """", ""state"": """", ""zip"": """"}'}"
14073897,JK103709,2025-12-30T21:00:00.000,023XX N LINCOLN PARK WEST,0920,MOTOR VEHICLE THEFT,ATTEMPT - AUTOMOBILE,STREET,False,False,1814,018,43,7,07,1173873,1915843,2025,2026-03-14T15:41:39.000,41.924486013,-87.636534776,"{'latitude': '41.924486013', 'longitude': '-87.636534776', 'human_address': '{""address"": """", ""city"": """", ""state"": """", ""zip"": """"}'}"
14069933,JJ539646,2025-12-30T20:57:00.000,076XX S SANGAMON ST,1310,CRIMINAL DAMAGE,TO PROPERTY,SIDEWALK,True,False,0621,006,17,71,14,1171301,1854085,2025,2026-03-14T15:41:39.000,41.755073601,-87.647796524,"{'latitude': '41.755073601', 'longitude': '-87.647796524', 'human_address': '{""address"": """", ""city"": """", ""state"": """", ""zip"": """"}'}"
14069987,JJ539658,2025-12-30T20:45:00.000,059XX W 63RD ST,0486,BATTERY,DOMESTIC BATTERY SIMPLE,APARTMENT,False,True,0812,008,13,64,08B,1137912,1862158,2025,2026-03-14T15:41:39.000,41.777892365,-87.7699662,"{'latitude': '41.777892365', 'longitude': '-87.7699662', 'human_address': '{""address"": """", ""city"": """", ""state"": """", ""zip"": """"}'}"
14071509,JJ539649,2025-12-30T20:45:00.000,058XX S RICHMOND ST,1320,CRIMINAL DAMAGE,TO VEHICLE,RESIDENCE,False,False,0824,008,15,63,14,1157713,1865726,2025,2026-03-14T15:41:39.000,41.787304564,-87.697277598,"{'latitude': '41.787304564', 'longitude': '-87.697277598', 'human_address': '{""address"": """", ""city"": """", ""state"": """", ""zip"": """"}'}"
14069973,JJ539675,2025-12-30T20:45:00.000,061XX S KENWOOD AVE,0460,BATTERY,SIMPLE,HOSPITAL BUILDING / GROUNDS,False,False,0314,003,20,42,08B,1186129,1864575,2025,2026-03-14T15:41:39.000,41.783522021,-87.593125671,"{'latitude': '41.783522021', 'longitude': '-87.593125671', 'human_address': '{""address"": """", ""city"": """", ""state"": """", ""zip"": """"}'}"
14069988,JJ539687,2025-12-30T20:30:00.000,055XX W CHICAGO AVE,0486,BATTERY,DOMESTIC BATTERY SIMPLE,COMMERCIAL / BUSINESS OFFICE,False,True,1524,015,37,25,08B,1139179,1904791,2025,2026-03-14T15:41:39.000,41.894860902,-87.764285821,"{'latitude': '41.894860902', 'longitude': '-87.764285821', 'human_address': '{""address"": """", ""city"": """", ""state"": """", ""zip"": """"}'}"
14069967,JJ539661,2025-12-30T20:30:00.000,010XX W BELMONT AVE,0560,ASSAULT,SIMPLE,CTA BUS,False,False,1924,019,44,6,08A,1168952,1921423,2025,2026-03-14T15:41:39.000,41.939906106,-87.654454148,"{'latitude': '41.939906106', 'longitude': '-87.654454148', 'human_address': '{""address"": """", ""city"": """", ""state"": """", ""zip"": """"}'}"
14070172,JJ539622,2025-12-30T20:22:00.000,084XX S HOYNE AVE,1320,CRIMINAL DAMAGE,TO VEHICLE,STREET,False,True,0614,006,18,71,14,1163830,1848616,2025,2026-03-14T15:41:39.000,41.740225957,-87.675329027,"{'latitude': '41.740225957', 'longitude': '-87.675329027', 'human_address': '{""address"": """", ""city"": """", ""state"": """", ""zip"": """"}'}"
14070253,JJ539980,2025-12-30T20:15:00.000,090XX S ASHLAND AVE,0610,BURGLARY,FORCIBLE ENTRY,SMALL RETAIL STORE,False,False,2221,022,21,73,05,1167254,1844859,2025,2026-03-14T15:41:39.000,41.729843669,-87.662891098,"{'latitude': '41.729843669', 'longitude': '-87.662891098', 'human_address': '{""address"": """", ""city"": """", ""state"": """", ""zip"": """"}'}"
14074608,JK104438,2025-12-30T20:15:00.000,007XX E 103RD ST,0910,MOTOR VEHICLE THEFT,AUTOMOBILE,GAS STATION,False,False,0512,005,9,50,07,1182951,1836828,2025,2026-03-14T15:41:39.000,41.707455731,-87.605637491,"{'latitude': '41.707455731', 'longitude': '-87.605637491', 'human_address': '{""address"": """", ""city"": """", ""state"": """", ""zip"": """"}'}"
14072243,JK101510,2025-12-30T20:15:00.000,115XX S PERRY AVE,1153,DECEPTIVE PRACTICE,FINANCIAL IDENTITY THEFT OVER $ 300,RESIDENCE,False,False,0522,005,9,53,11,1177648,1828371,2025,2026-03-14T15:41:39.000,41.684369838,-87.625311613,"{'latitude': '41.684369838', 'longitude': '-87.625311613', 'human_address': '{""address"": """", ""city"": """", ""state"": """", ""zip"": """"}'}"
14069947,JJ539652,2025-12-30T20:08:00.000,087XX S EMERALD AVE,5000,OTHER OFFENSE,OTHER CRIME AGAINST PERSON,RESIDENCE,False,True,2223,022,21,71,26,1172839,1846855,2025,2026-03-14T15:41:39.000,41.735199769,-87.642372947,"{'latitude': '41.735199769', 'longitude': '-87.642372947', 'human_address': '{""address"": """", ""city"": """", ""state"": """", ""zip"": """"}'}"
14069966,JJ539656,2025-12-30T20:06:00.000,029XX W GLENLAKE AVE,1780,OFFENSE INVOLVING CHILDREN,OTHER OFFENSE,APARTMENT,False,True,2413,024,50,2,20,1155825,1940368,2025,2026-03-14T15:41:39.000,41.992167414,-87.70218709,"{'latitude': '41.992167414', 'longitude': '-87.70218709', 'human_address': '{""address"": """", ""city"": """", ""state"": """", ""zip"": """"}'}"
14069969,JJ539634,2025-12-30T20:05:00.000,050XX S EAST END AVE,0460,BATTERY,SIMPLE,APARTMENT,True,False,0222,002,5,39,08B,1188165,1871757,2025,2026-03-14T15:41:39.000,41.803181616,-87.585432024,"{'latitude': '41.803181616', 'longitude': '-87.585432024', 'human_address': '{""address"": """", ""city"": """", ""state"": """", ""zip"": """"}'}"
14070038,JJ539703,2025-12-30T20:00:00.000,017XX N MILWAUKEE AVE,0890,THEFT,FROM BUILDING,ATHLETIC CLUB,False,False,1434,014,32,24,06,1161914,1911347,2025,2026-03-14T15:41:39.000,41.912406937,-87.680602833,"{'latitude': '41.912406937', 'longitude': '-87.680602833', 'human_address': '{""address"": """", ""city"": """", ""state"": """", ""zip"": """"}'}"
14070197,JJ539867,2025-12-30T20:00:00.000,066XX S ABERDEEN ST,0810,THEFT,OVER $500,STREET,False,False,0724,007,16,68,06,1170123,1860875,2025,2026-03-14T15:41:39.000,41.7737319,-87.651916442,"{'latitude': '41.7737319', 'longitude': '-87.651916442', 'human_address': '{""address"": """", ""city"": """", ""state"": """", ""zip"": """"}'}"
14070397,JJ540321,2025-12-30T20:00:00.000,005XX W GRAND AVE,0910,MOTOR VEHICLE THEFT,AUTOMOBILE,STREET,False,False,1214,012,27,24,07,1172652,1903775,2025,2026-03-14T15:41:39.000,41.891397934,-87.64137892,"{'latitude': '41.891397934', 'longitude': '-87.64137892', 'human_address': '{""address"": """", ""city"": """", ""state"": """", ""zip"": """"}'}"
14070421,JJ540116,2025-12-30T20:00:00.000,075XX S ESSEX AVE,0910,MOTOR VEHICLE THEFT,AUTOMOBILE,STREET,False,False,0421,004,7,43,07,1194173,1855470,2025,2026-03-14T15:41:39.000,41.758343454,-87.563932761,"{'latitude': '41.758343454', 'longitude': '-87.563932761', 'human_address': '{""address"": """", ""city"": """", ""state"": """", ""zip"": """"}'}"
14070029,JJ539707,2025-12-30T20:00:00.000,068XX S WESTERN AVE,1310,CRIMINAL DAMAGE,TO PROPERTY,RESTAURANT,False,False,0832,008,16,66,14,1161556,1859175,2025,2026-03-14T15:41:39.000,41.769248838,-87.683368463,"{'latitude': '41.769248838', 'longitude': '-87.683368463', 'human_address': '{""address"": """", ""city"": """", ""state"": """", ""zip"": """"}'}"
14072550,JK102094,2025-12-30T20:00:00.000,027XX W WASHINGTON BLVD,1320,CRIMINAL DAMAGE,TO VEHICLE,RESIDENCE,False,True,1222,012,27,27,14,1158019,1900568,2025,2026-03-14T15:41:39.000,41.882908875,-87.695206577,"{'latitude': '41.882908875', 'longitude': '-87.695206577', 'human_address': '{""address"": """", ""city"": """", ""state"": """", ""zip"": """"}'}"
14074725,JJ539611,2025-12-30T20:00:00.000,0000X W TERMINAL ST,0470,PUBLIC PEACE VIOLATION,RECKLESS CONDUCT,AIRPORT EXTERIOR - SECURE AREA,False,False,1653,016,41,76,24,1101811,1934419,2025,2026-03-14T15:41:39.000,41.976762981,-87.900983721,"{'latitude': '41.976762981', 'longitude': '-87.900983721', 'human_address': '{""address"": """", ""city"": """", ""state"": """", ""zip"": """"}'}"
14069970,JJ539628,2025-12-30T19:58:00.000,0000X W 103RD ST,0460,BATTERY,SIMPLE,HOTEL / MOTEL,False,True,0512,005,9,49,08B,1177576,1836668,2025,2026-03-14T15:41:39.000,41.707139627,-87.625325518,"{'latitude': '41.707139627', 'longitude': '-87.625325518', 'human_address': '{""address"": """", ""city"": """", ""state"": """", ""zip"": """"}'}"
14070319,JJ540199,2025-12-30T19:52:00.000,053XX S MICHIGAN AVE,0560,ASSAULT,SIMPLE,APARTMENT,False,True,0225,002,3,40,08A,1178065,1869613,2025,2026-03-14T15:41:39.000,41.797533474,-87.622538107,"{'latitude': '41.797533474', 'longitude': '-87.622538107', 'human_address': '{""address"": """", ""city"": """", ""state"": """", ""zip"": """"}'}"
14070134,JJ539877,2025-12-30T19:45:00.000,011XX N MARSHFIELD AVE,0910,MOTOR VEHICLE THEFT,AUTOMOBILE,STREET,False,False,1213,012,1,24,07,1165181,1907779,2025,2026-03-14T15:41:39.000,41.902547251,-87.668702341,"{'latitude': '41.902547251', 'longitude': '-87.668702341', 'human_address': '{""address"": """", ""city"": """", ""state"": """", ""zip"": """"}'}"
14069934,JJ539615,2025-12-30T19:43:00.000,031XX W PERSHING RD,0610,BURGLARY,FORCIBLE ENTRY,APARTMENT,False,False,0911,009,12,58,05,1156014,1878581,2025,2026-03-14T15:41:39.000,41.822614749,-87.703161559,"{'latitude': '41.822614749', 'longitude': '-87.703161559', 'human_address': '{""address"": """", ""city"": """", ""state"": """", ""zip"": """"}'}"
14069920,JJ539614,2025-12-30T19:41:00.000,050XX S DREXEL BLVD,1310,CRIMINAL DAMAGE,TO PROPERTY,APARTMENT,False,False,0222,002,4,39,14,1183165,1871825,2025,2026-03-14T15:41:39.000,41.803486138,-87.603767011,"{'latitude': '41.803486138', 'longitude': '-87.603767011', 'human_address': '{""address"": """", ""city"": """", ""state"": """", ""zip"": """"}'}"
14069756,JJ539599,2025-12-30T19:40:00.000,047XX S INGLESIDE AVE,1310,CRIMINAL DAMAGE,TO PROPERTY,APARTMENT,False,False,0222,002,4,39,14,1183415,1873733,2025,2026-03-14T15:41:39.000,41.808716012,-87.602790672,"{'latitude': '41.808716012', 'longitude': '-87.602790672', 'human_address': '{""address"": """", ""city"": """", ""state"": """", ""zip"": """"}'}"
14074916,JK104696,2025-12-30T19:40:00.000,070XX S EAST END AVE,1130,DECEPTIVE PRACTICE,FRAUD OR CONFIDENCE GAME,RESIDENCE,False,False,0332,003,5,43,11,1188992,1858707,2025,2026-03-14T15:41:39.000,41.767351647,-87.582816839,"{'latitude': '41.767351647', 'longitude': '-87.582816839', 'human_address': '{""address"": """", ""city"": """", ""state"": """", ""zip"": """"}'}"
14069797,JJ539601,2025-12-30T19:30:00.000,016XX W GARFIELD BLVD,1812,NARCOTICS,POSSESS - CANNABIS MORE THAN 30 GRAMS,STREET,True,False,0715,007,16,67,18,1166531,1868111,2025,2026-03-14T15:41:39.000,41.793665733,-87.664877752,"{'latitude': '41.793665733', 'longitude': '-87.664877752', 'human_address': '{""address"": """", ""city"": """", ""state"": """", ""zip"": """"}'}"
14070308,JJ540083,2025-12-30T19:30:00.000,014XX E 62ND PL,031A,ROBBERY,ARMED - HANDGUN,STREET,False,False,0314,003,20,42,03,1186751,1863837,2025,2026-03-14T15:41:39.000,41.781482173,-87.590868599,"{'latitude': '41.781482173', 'longitude': '-87.590868599', 'human_address': '{""address"": """", ""city"": """", ""state"": """", ""zip"": """"}'}"
14070422,JJ540169,2025-12-30T19:30:00.000,115XX S HALSTED ST,0320,ROBBERY,STRONG ARM - NO WEAPON,GAS STATION,False,False,0524,005,21,53,03,1173048,1828494,2025,2026-03-14T15:41:39.000,41.684809877,-87.642147208,"{'latitude': '41.684809877', 'longitude': '-87.642147208', 'human_address': '{""address"": """", ""city"": """", ""state"": """", ""zip"": """"}'}"
14070040,JJ539772,2025-12-30T19:30:00.000,003XX N GREEN ST,0910,MOTOR VEHICLE THEFT,AUTOMOBILE,PARKING LOT / GARAGE (NON RESIDENTIAL),False,False,1214,012,27,28,07,1170673,1902415,2025,2026-03-14T15:41:39.000,41.887709569,-87.64868665,"{'latitude': '41.887709569', 'longitude': '-87.64868665', 'human_address': '{""address"": """", ""city"": """", ""state"": """", ""zip"": """"}'}"
14071626,JK101025,2025-12-30T19:22:00.000,031XX N MASON AVE,2825,OTHER OFFENSE,HARASSMENT BY TELEPHONE,OTHER (SPECIFY),False,True,2514,025,30,19,26,1136171,1920257,2025,2026-03-14T15:41:39.000,41.937355645,-87.774963744,"{'latitude': '41.937355645', 'longitude': '-87.774963744', 'human_address': '{""address"": """", ""city"": """", ""state"": """", ""zip"": """"}'}"
14070138,JJ539857,2025-12-30T19:20:00.000,063XX S KILBOURN AVE,1320,CRIMINAL DAMAGE,TO VEHICLE,RESIDENCE,False,False,0813,008,13,65,14,1147465,1862175,2025,2026-03-14T15:41:39.000,41.777761939,-87.73494363,"{'latitude': '41.777761939', 'longitude': '-87.73494363', 'human_address': '{""address"": """", ""city"": """", ""state"": """", ""zip"": """"}'}"
14069817,JJ539589,2025-12-30T19:19:00.000,036XX W DOUGLAS BLVD,0486,BATTERY,DOMESTIC BATTERY SIMPLE,APARTMENT,True,True,1011,010,24,29,08B,1152116,1893208,2025,2026-03-14T15:41:39.000,41.862830626,-87.717076794,"{'latitude': '41.862830626', 'longitude': '-87.717076794', 'human_address': '{""address"": """", ""city"": """", ""state"": """", ""zip"": """"}'}"
14069807,JJ539608,2025-12-30T19:13:00.000,033XX W OGDEN AVE,0460,BATTERY,SIMPLE,SIDEWALK,True,False,1021,010,24,29,08B,1154216,1890938,2025,2026-03-14T15:41:39.000,41.856559867,-87.70942843,"{'latitude': '41.856559867', 'longitude': '-87.70942843', 'human_address': '{""address"": """", ""city"": """", ""state"": """", ""zip"": """"}'}"
14069984,JJ539581,2025-12-30T19:08:00.000,002XX S LARAMIE AVE,0860,THEFT,RETAIL THEFT,TAVERN / LIQUOR STORE,False,False,1522,015,29,25,06,1141751,1898753,2025,2026-03-14T15:41:39.000,41.878244691,-87.754988896,"{'latitude': '41.878244691', 'longitude': '-87.754988896', 'human_address': '{""address"": """", ""city"": """", ""state"": """", ""zip"": """"}'}"
14070504,JJ539938,2025-12-30T19:01:00.000,005XX W ROOSEVELT RD,1310,CRIMINAL DAMAGE,TO PROPERTY,SMALL RETAIL STORE,False,False,0124,001,28,28,14,1173209,1894980,2025,2026-03-14T15:41:39.000,41.867251542,-87.639594427,"{'latitude': '41.867251542', 'longitude': '-87.639594427', 'human_address': '{""address"": """", ""city"": """", ""state"": """", ""zip"": """"}'}"
14070597,JJ540450,2025-12-30T19:00:00.000,076XX S PRAIRIE AVE,0910,MOTOR VEHICLE THEFT,AUTOMOBILE,STREET,False,False,0623,006,6,69,07,1179356,1854487,2025,2026-03-14T15:41:39.000,41.75599681,-87.618265094,"{'latitude': '41.75599681', 'longitude': '-87.618265094', 'human_address': '{""address"": """", ""city"": """", ""state"": """", ""zip"": """"}'}"
14069951,JJ539568,2025-12-30T19:00:00.000,036XX S ARCHER AVE,051B,ASSAULT,AGGRAVATED - OTHER FIREARM,GROCERY FOOD STORE,False,False,0912,009,12,59,04A,1161614,1880357,2025,2026-03-14T15:41:39.000,41.827373751,-87.682568055,"{'latitude': '41.827373751', 'longitude': '-87.682568055', 'human_address': '{""address"": """", ""city"": """", ""state"": """", ""zip"": """"}'}"
14070003,JJ539688,2025-12-30T19:00:00.000,119XX S LAFAYETTE AVE,0910,MOTOR VEHICLE THEFT,AUTOMOBILE,STREET,False,False,0522,005,9,53,07,1178065,1825694,2025,2026-03-14T15:41:39.000,41.677014332,-87.623865803,"{'latitude': '41.677014332', 'longitude': '-87.623865803', 'human_address': '{""address"": """", ""city"": """", ""state"": """", ""zip"": """"}'}"
14070633,JJ539918,2025-12-30T19:00:00.000,0000X N HALSTED ST,1242,DECEPTIVE PRACTICE,COMPUTER FRAUD,OTHER (SPECIFY),False,False,1224,012,34,28,11,1171049,1900319,2025,2026-03-14T15:41:39.000,41.881949766,-87.647367397,"{'latitude': '41.881949766', 'longitude': '-87.647367397', 'human_address': '{""address"": """", ""city"": """", ""state"": """", ""zip"": """"}'}"
14070008,JJ539728,2025-12-30T19:00:00.000,060XX N SHERIDAN RD,3960,INTIMIDATION,INTIMIDATION,APARTMENT,False,False,2433,024,48,77,08A,1168539,1940184,2025,2026-03-14T15:41:39.000,41.991395865,-87.65542649,"{'latitude': '41.991395865', 'longitude': '-87.65542649', 'human_address': '{""address"": """", ""city"": """", ""state"": """", ""zip"": """"}'}"
14078720,JK109415,2025-12-30T19:00:00.000,061XX S KEELER AVE,0460,BATTERY,SIMPLE,RESIDENCE,False,False,0813,008,13,65,08B,1149426,1863466,2025,2026-03-14T15:41:39.000,41.78126698,-87.727721134,"{'latitude': '41.78126698', 'longitude': '-87.727721134', 'human_address': '{""address"": """", ""city"": """", ""state"": """", ""zip"": """"}'}"
14071730,JJ539584,2025-12-30T19:00:00.000,067XX N FAIRFIELD AVE,0486,BATTERY,DOMESTIC BATTERY SIMPLE,RESIDENCE,False,True,2412,024,50,2,08B,1156775,1944552,2025,2026-03-14T15:41:39.000,42.003629214,-87.698578592,"{'latitude': '42.003629214', 'longitude': '-87.698578592', 'human_address': '{""address"": """", ""city"": """", ""state"": """", ""zip"": """"}'}"
14075285,JK105257,2025-12-30T19:00:00.000,058XX S MAPLEWOOD AVE,1563,SEX OFFENSE,CRIMINAL SEXUAL ABUSE,APARTMENT,False,True,0824,008,15,63,17,1160370,1865879,2025,2026-03-14T15:41:39.000,41.787670065,-87.687531264,"{'latitude': '41.787670065', 'longitude': '-87.687531264', 'human_address': '{""address"": """", ""city"": """", ""state"": """", ""zip"": """"}'}"
14081954,JK113176,2025-12-30T19:00:00.000,121XX S HARVARD AVE,0820,THEFT,$500 AND UNDER,RESIDENCE,False,False,0523,005,9,53,06,1176145,1824335,2025,2026-03-14T15:41:39.000,41.67332819,-87.630934077,"{'latitude': '41.67332819', 'longitude': '-87.630934077', 'human_address': '{""address"": """", ""city"": """", ""state"": """", ""zip"": """"}'}"
14069962,JJ539621,2025-12-30T18:59:00.000,046XX N CLIFTON AVE,4387,OTHER OFFENSE,VIOLATE ORDER OF PROTECTION,APARTMENT,False,True,1913,019,46,3,26,1167678,1930890,2025,2026-03-14T15:41:39.000,41.965911528,-87.65886264,"{'latitude': '41.965911528', 'longitude': '-87.65886264', 'human_address': '{""address"": """", ""city"": """", ""state"": """", ""zip"": """"}'}"
14070012,JJ539666,2025-12-30T18:59:00.000,075XX N PAULINA ST,0454,BATTERY,"AGGRAVATED P.O. - HANDS, FISTS, FEET, NO / MINOR INJURY",CTA PLATFORM,True,False,2422,024,49,1,08B,1163690,1950023,2025,2026-03-14T15:41:39.000,42.018498254,-87.672983233,"{'latitude': '42.018498254', 'longitude': '-87.672983233', 'human_address': '{""address"": """", ""city"": """", ""state"": """", ""zip"": """"}'}"
14070650,JJ539843,2025-12-30T18:53:00.000,019XX W Berwyn Ave,0820,THEFT,$500 AND UNDER,RESIDENCE - PORCH / HALLWAY,False,False,2012,020,40,4,06,1162700,1935215,2025,2026-03-14T15:41:39.000,41.977885578,-87.67704391,"{'latitude': '41.977885578', 'longitude': '-87.67704391', 'human_address': '{""address"": """", ""city"": """", ""state"": """", ""zip"": """"}'}"
14069835,JJ539582,2025-12-30T18:50:00.000,016XX N KARLOV AVE,0486,BATTERY,DOMESTIC BATTERY SIMPLE,APARTMENT,True,True,2534,025,26,23,08B,1148801,1910567,2025,2026-03-14T15:41:39.000,41.910530279,-87.72879698,"{'latitude': '41.910530279', 'longitude': '-87.72879698', 'human_address': '{""address"": """", ""city"": """", ""state"": """", ""zip"": """"}'}"
14069924,JJ539577,2025-12-30T18:46:00.000,0000X N STATE ST,0460,BATTERY,SIMPLE,CONVENIENCE STORE,True,False,0112,001,34,32,08B,1176365,1900502,2025,2026-03-14T15:41:39.000,41.88233367,-87.627841791,"{'latitude': '41.88233367', 'longitude': '-87.627841791', 'human_address': '{""address"": """", ""city"": """", ""state"": """", ""zip"": """"}'}"
14070607,JJ539913,2025-12-30T18:45:00.000,011XX W MADISON ST,0870,THEFT,POCKET-PICKING,RESTAURANT,False,False,1224,012,34,28,06,1168918,1900194,2025,2026-03-14T15:41:39.000,41.881653231,-87.65519598,"{'latitude': '41.881653231', 'longitude': '-87.65519598', 'human_address': '{""address"": """", ""city"": """", ""state"": """", ""zip"": """"}'}"
14072475,JK101503,2025-12-30T18:40:00.000,053XX N BROADWAY,1130,DECEPTIVE PRACTICE,FRAUD OR CONFIDENCE GAME,GROCERY FOOD STORE,False,False,2023,020,48,77,11,1167347,1935654,2025,2026-03-14T15:41:39.000,41.978991238,-87.659941972,"{'latitude': '41.978991238', 'longitude': '-87.659941972', 'human_address': '{""address"": """", ""city"": """", ""state"": """", ""zip"": """"}'}"
14069961,JJ539554,2025-12-30T18:39:00.000,035XX W CONGRESS PKWY,0910,MOTOR VEHICLE THEFT,AUTOMOBILE,STREET,False,False,1133,011,28,27,07,1152958,1897467,2025,2026-03-14T15:41:39.000,41.874501166,-87.713873061,"{'latitude': '41.874501166', 'longitude': '-87.713873061', 'human_address': '{""address"": """", ""city"": """", ""state"": """", ""zip"": """"}'}"
14069733,JJ539528,2025-12-30T18:31:00.000,043XX N SHERIDAN RD,1330,CRIMINAL TRESPASS,TO LAND,SMALL RETAIL STORE,False,False,1915,019,46,3,26,1168812,1929247,2025,2026-03-14T15:41:39.000,41.96137851,-87.65474101,"{'latitude': '41.96137851', 'longitude': '-87.65474101', 'human_address': '{""address"": """", ""city"": """", ""state"": """", ""zip"": """"}'}"
14072513,JK101603,2025-12-30T18:30:00.000,034XX N BOSWORTH AVE,0820,THEFT,$500 AND UNDER,STREET,False,False,1922,019,47,6,06,1165369,1922990,2025,2026-03-14T15:41:39.000,41.944283142,-87.667578003,"{'latitude': '41.944283142', 'longitude': '-87.667578003', 'human_address': '{""address"": """", ""city"": """", ""state"": """", ""zip"": """"}'}"
14072535,JJ539531,2025-12-30T18:27:00.000,075XX S COLFAX AVE,0486,BATTERY,DOMESTIC BATTERY SIMPLE,APARTMENT,False,True,0421,004,7,43,08B,1194834,1855484,2025,2026-03-14T15:41:39.000,41.758365623,-87.561509844,"{'latitude': '41.758365623', 'longitude': '-87.561509844', 'human_address': '{""address"": """", ""city"": """", ""state"": """", ""zip"": """"}'}"
14069942,JJ539521,2025-12-30T18:22:00.000,063XX S RICHMOND ST,0560,ASSAULT,SIMPLE,STREET,False,False,0823,008,15,66,08A,1157806,1862448,2025,2026-03-14T15:41:39.000,41.778307375,-87.697025548,"{'latitude': '41.778307375', 'longitude': '-87.697025548', 'human_address': '{""address"": """", ""city"": """", ""state"": """", ""zip"": """"}'}"
14069935,JJ539597,2025-12-30T18:17:00.000,009XX W RANDOLPH ST,0810,THEFT,OVER $500,RESTAURANT,False,False,1224,012,27,28,06,1170162,1901147,2025,2026-03-14T15:41:39.000,41.884241264,-87.650600239,"{'latitude': '41.884241264', 'longitude': '-87.650600239', 'human_address': '{""address"": """", ""city"": """", ""state"": """", ""zip"": """"}'}"
14069781,JJ539527,2025-12-30T18:15:00.000,011XX W ARGYLE ST,0910,MOTOR VEHICLE THEFT,AUTOMOBILE,STREET,False,False,2033,020,48,3,07,1167734,1933570,2025,2026-03-14T15:41:39.000,41.973264324,-87.658579133,"{'latitude': '41.973264324', 'longitude': '-87.658579133', 'human_address': '{""address"": """", ""city"": """", ""state"": """", ""zip"": """"}'}"
14072109,JK101618,2025-12-30T18:10:00.000,048XX S LAKE PARK AVE,0910,MOTOR VEHICLE THEFT,AUTOMOBILE,STREET,False,False,0222,002,4,39,07,1186996,1873010,2025,2026-03-14T15:41:39.000,41.806647769,-87.589679469,"{'latitude': '41.806647769', 'longitude': '-87.589679469', 'human_address': '{""address"": """", ""city"": """", ""state"": """", ""zip"": """"}'}"
14100182,JK136803,2025-12-30T18:07:00.000,042XX W MADISON ST,0810,THEFT,OVER $500,GOVERNMENT BUILDING / PROPERTY,False,False,1115,011,28,26,06,1148152,1899676,2025,2026-03-14T15:41:39.000,41.880656741,-87.731461853,"{'latitude': '41.880656741', 'longitude': '-87.731461853', 'human_address': '{""address"": """", ""city"": """", ""state"": """", ""zip"": """"}'}"
14069799,JJ539546,2025-12-30T18:00:00.000,021XX S JEFFERSON ST,0760,BURGLARY,BURGLARY FROM MOTOR VEHICLE,PARKING LOT / GARAGE (NON RESIDENTIAL),False,False,1235,012,25,31,06,1172668,1889965,2025,2026-03-14T15:41:39.000,41.853501987,-87.641728805,"{'latitude': '41.853501987', 'longitude': '-87.641728805', 'human_address': '{""address"": """", ""city"": """", ""state"": """", ""zip"": """"}'}"
14071618,JK100415,2025-12-30T18:00:00.000,011XX E 52ND ST,0810,THEFT,OVER $500,APARTMENT,False,False,0233,002,5,41,06,1184393,1870891,2025,2026-03-14T15:41:39.000,41.800894478,-87.599292648,"{'latitude': '41.800894478', 'longitude': '-87.599292648', 'human_address': '{""address"": """", ""city"": """", ""state"": """", ""zip"": """"}'}"
14079466,JK110233,2025-12-30T18:00:00.000,121XX S ADA ST,2820,OTHER OFFENSE,TELEPHONE THREAT,RESIDENCE,False,True,0524,005,21,53,08A,1169529,1824199,2025,2026-03-14T15:41:39.000,41.673100423,-87.655153083,"{'latitude': '41.673100423', 'longitude': '-87.655153083', 'human_address': '{""address"": """", ""city"": """", ""state"": """", ""zip"": """"}'}"
14070606,JJ539830,2025-12-30T17:53:00.000,005XX W WEBSTER AVE,0860,THEFT,RETAIL THEFT,DEPARTMENT STORE,False,False,1812,018,43,7,06,1172220,1914889,2025,2026-03-14T15:41:39.000,41.921904892,-87.642636783,"{'latitude': '41.921904892', 'longitude': '-87.642636783', 'human_address': '{""address"": """", ""city"": """", ""state"": """", ""zip"": """"}'}"
14069828,JJ539487,2025-12-30T17:48:00.000,056XX S MICHIGAN AVE,1477,WEAPONS VIOLATION,RECKLESS FIREARM DISCHARGE,APARTMENT,False,False,0225,002,20,40,15,1178117,1867725,2025,2026-03-14T15:41:39.000,41.792351443,-87.622404674,"{'latitude': '41.792351443', 'longitude': '-87.622404674', 'human_address': '{""address"": """", ""city"": """", ""state"": """", ""zip"": """"}'}"
14070626,JJ539840,2025-12-30T17:47:00.000,054XX N PAULINA ST,0820,THEFT,$500 AND UNDER,RESIDENCE - PORCH / HALLWAY,False,False,2012,020,40,77,06,1164008,1936377,2025,2026-03-14T15:41:39.000,41.981046547,-87.672200776,"{'latitude': '41.981046547', 'longitude': '-87.672200776', 'human_address': '{""address"": """", ""city"": """", ""state"": """", ""zip"": """"}'}"
14070627,JJ539965,2025-12-30T17:45:00.000,003XX N CLARK ST,0870,THEFT,POCKET-PICKING,RESTAURANT,False,False,1831,018,42,8,06,1175473,1902813,2025,2026-03-14T15:41:39.000,41.88869526,-87.631047739,"{'latitude': '41.88869526', 'longitude': '-87.631047739', 'human_address': '{""address"": """", ""city"": """", ""state"": """", ""zip"": """"}'}"
14069830,JJ539454,2025-12-30T17:45:00.000,041XX W 21ST PL,0486,BATTERY,DOMESTIC BATTERY SIMPLE,APARTMENT,False,True,1012,010,24,29,08B,1149066,1889435,2025,2026-03-14T15:41:39.000,41.85253658,-87.728370695,"{'latitude': '41.85253658', 'longitude': '-87.728370695', 'human_address': '{""address"": """", ""city"": """", ""state"": """", ""zip"": """"}'}"
14069945,JJ539519,2025-12-30T17:41:00.000,008XX N SACRAMENTO BLVD,502R,OTHER OFFENSE,VEHICLE TITLE / REGISTRATION OFFENSE,STREET,False,False,1211,012,27,23,26,1156072,1905440,2025,2026-03-14T15:41:39.000,41.896317608,-87.702224485,"{'latitude': '41.896317608', 'longitude': '-87.702224485', 'human_address': '{""address"": """", ""city"": """", ""state"": """", ""zip"": """"}'}"
14070617,JJ539835,2025-12-30T17:36:00.000,005XX W WEBSTER AVE,0860,THEFT,RETAIL THEFT,DEPARTMENT STORE,False,False,1812,018,43,7,06,1172220,1914889,2025,2026-03-14T15:41:39.000,41.921904892,-87.642636783,"{'latitude': '41.921904892', 'longitude': '-87.642636783', 'human_address': '{""address"": """", ""city"": """", ""state"": """", ""zip"": """"}'}"
14148123,JK192448,2025-12-30T17:35:00.000,007XX N ELIZABETH ST,1582,OFFENSE INVOLVING CHILDREN,CHILD PORNOGRAPHY,APARTMENT,False,False,1215,012,27,24,17,1167722,1905117,2025,2026-03-29T15:46:37.000,41.895188145,-87.659445669,"{'latitude': '41.895188145', 'longitude': '-87.659445669', 'human_address': '{""address"": """", ""city"": """", ""state"": """", ""zip"": """"}'}"
14069753,JJ539478,2025-12-30T17:35:00.000,051XX W BELMONT AVE,0460,BATTERY,SIMPLE,SMALL RETAIL STORE,False,False,2521,025,31,19,08B,1141544,1920790,2025,2026-03-14T15:41:39.000,41.93872052,-87.755203594,"{'latitude': '41.93872052', 'longitude': '-87.755203594', 'human_address': '{""address"": """", ""city"": """", ""state"": """", ""zip"": """"}'}"
14070028,JJ539623,2025-12-30T17:34:00.000,122XX S ABERDEEN ST,4210,KIDNAPPING,KIDNAPPING,RESIDENCE,False,True,0524,005,21,53,26,1171212,1823608,2025,2026-03-14T15:41:39.000,41.671442105,-87.649010365,"{'latitude': '41.671442105', 'longitude': '-87.649010365', 'human_address': '{""address"": """", ""city"": """", ""state"": """", ""zip"": """"}'}"
14069739,JJ539464,2025-12-30T17:30:00.000,074XX S ASHLAND AVE,0560,ASSAULT,SIMPLE,STREET,False,False,0735,007,17,67,08A,1166970,1855462,2025,2026-03-14T15:41:39.000,41.758945884,-87.66362918,"{'latitude': '41.758945884', 'longitude': '-87.66362918', 'human_address': '{""address"": """", ""city"": """", ""state"": """", ""zip"": """"}'}"
14069932,JJ539556,2025-12-30T17:30:00.000,002XX N WABASH AVE,0820,THEFT,$500 AND UNDER,RESTAURANT,False,False,0111,001,42,32,06,1176773,1901888,2025,2026-03-14T15:41:39.000,41.886127716,-87.626301698,"{'latitude': '41.886127716', 'longitude': '-87.626301698', 'human_address': '{""address"": """", ""city"": """", ""state"": """", ""zip"": """"}'}"
14069726,JJ539523,2025-12-30T17:30:00.000,017XX S HALSTED ST,1320,CRIMINAL DAMAGE,TO VEHICLE,STREET,False,False,1235,012,25,31,14,1171312,1891693,2025,2026-03-14T15:41:39.000,41.858273619,-87.646655052,"{'latitude': '41.858273619', 'longitude': '-87.646655052', 'human_address': '{""address"": """", ""city"": """", ""state"": """", ""zip"": """"}'}"
14069707,JJ539463,2025-12-30T17:30:00.000,016XX W DIVISION ST,0460,BATTERY,SIMPLE,RESTAURANT,False,False,1213,012,1,24,08B,1165293,1908067,2025,2026-03-14T15:41:39.000,41.903335161,-87.668282746,"{'latitude': '41.903335161', 'longitude': '-87.668282746', 'human_address': '{""address"": """", ""city"": """", ""state"": """", ""zip"": """"}'}"
14077050,JK107470,2025-12-30T17:30:00.000,018XX W CHICAGO AVE,0810,THEFT,OVER $500,APARTMENT,False,False,1221,012,36,24,06,1163980,1905374,2025,2026-03-14T15:41:39.000,41.895973201,-87.673181781,"{'latitude': '41.895973201', 'longitude': '-87.673181781', 'human_address': '{""address"": """", ""city"": """", ""state"": """", ""zip"": """"}'}"
14082254,JK113612,2025-12-30T17:25:00.000,067XX N GLENWOOD AVE,1310,CRIMINAL DAMAGE,TO PROPERTY,APARTMENT,False,False,2432,024,49,1,14,1165710,1944824,2025,2026-03-14T15:41:39.000,42.004189109,-87.665699202,"{'latitude': '42.004189109', 'longitude': '-87.665699202', 'human_address': '{""address"": """", ""city"": """", ""state"": """", ""zip"": """"}'}"
14069816,JJ539468,2025-12-30T17:23:00.000,005XX N STATE ST,0460,BATTERY,SIMPLE,CTA PLATFORM,False,False,1834,018,42,8,08B,1176278,1903807,2025,2026-03-14T15:41:39.000,41.891404732,-87.628061509,"{'latitude': '41.891404732', 'longitude': '-87.628061509', 'human_address': '{""address"": """", ""city"": """", ""state"": """", ""zip"": """"}'}"
14069752,JJ539460,2025-12-30T17:15:00.000,093XX S CALUMET AVE,1365,CRIMINAL TRESPASS,TO RESIDENCE,RESIDENCE,True,True,0633,006,6,49,26,1180224,1843148,2025,2026-03-28T16:02:17.000,41.724861428,-87.61543075,"{'latitude': '41.724861428', 'longitude': '-87.61543075', 'human_address': '{""address"": """", ""city"": """", ""state"": """", ""zip"": """"}'}"
14069674,JJ539492,2025-12-30T17:15:00.000,013XX W FULTON ST,1320,CRIMINAL DAMAGE,TO VEHICLE,PARKING LOT / GARAGE (NON RESIDENTIAL),False,False,1215,012,27,28,14,1167599,1901998,2025,2026-03-14T15:41:39.000,41.886632038,-87.659987308,"{'latitude': '41.886632038', 'longitude': '-87.659987308', 'human_address': '{""address"": """", ""city"": """", ""state"": """", ""zip"": """"}'}"
14069745,JJ539451,2025-12-30T17:14:00.000,022XX S HALSTED ST,1330,CRIMINAL TRESPASS,TO LAND,RESIDENCE,True,False,1235,012,25,31,26,1171385,1889202,2025,2026-03-14T15:41:39.000,41.851436512,-87.646460241,"{'latitude': '41.851436512', 'longitude': '-87.646460241', 'human_address': '{""address"": """", ""city"": """", ""state"": """", ""zip"": """"}'}"
14069815,JJ539433,2025-12-30T17:14:00.000,081XX S STONY ISLAND AVE,031A,ROBBERY,ARMED - HANDGUN,PARKING LOT / GARAGE (NON RESIDENTIAL),False,True,0411,004,8,45,03,1188219,1851425,2025,2026-03-14T15:41:39.000,41.747387654,-87.585882075,"{'latitude': '41.747387654', 'longitude': '-87.585882075', 'human_address': '{""address"": """", ""city"": """", ""state"": """", ""zip"": """"}'}"
14069701,JJ539421,2025-12-30T17:13:00.000,035XX N KIMBALL AVE,0860,THEFT,RETAIL THEFT,DEPARTMENT STORE,True,False,1732,017,35,21,06,1153099,1923246,2025,2026-03-14T15:41:39.000,41.945238279,-87.712670479,"{'latitude': '41.945238279', 'longitude': '-87.712670479', 'human_address': '{""address"": """", ""city"": """", ""state"": """", ""zip"": """"}'}"
14069768,JJ539436,2025-12-30T17:09:00.000,071XX W IRVING PARK RD,0560,ASSAULT,SIMPLE,RESTAURANT,False,False,1632,016,38,17,08A,1127555,1925819,2025,2026-03-14T15:41:39.000,41.95276806,-87.806503971,"{'latitude': '41.95276806', 'longitude': '-87.806503971', 'human_address': '{""address"": """", ""city"": """", ""state"": """", ""zip"": """"}'}"
14071467,JK100975,2025-12-30T17:09:00.000,010XX N MARSHFIELD AVE,2820,OTHER OFFENSE,TELEPHONE THREAT,APARTMENT,False,False,1213,012,1,24,08A,1165192,1907431,2025,2026-03-14T15:41:39.000,41.901592081,-87.66867184,"{'latitude': '41.901592081', 'longitude': '-87.66867184', 'human_address': '{""address"": """", ""city"": """", ""state"": """", ""zip"": """"}'}"
14069684,JJ539403,2025-12-30T17:05:00.000,068XX S STONY ISLAND AVE,0710,THEFT,THEFT FROM MOTOR VEHICLE,ALLEY,False,True,0332,003,5,43,06,1188039,1860024,2025,2026-03-14T15:41:39.000,41.770988374,-87.586268005,"{'latitude': '41.770988374', 'longitude': '-87.586268005', 'human_address': '{""address"": """", ""city"": """", ""state"": """", ""zip"": """"}'}"
14083657,JK115548,2025-12-30T17:01:00.000,015XX N KINGSBURY ST,0860,THEFT,RETAIL THEFT,DEPARTMENT STORE,False,False,1822,018,27,8,06,1169206,1910721,2025,2026-03-14T15:41:39.000,41.910533752,-87.653832316,"{'latitude': '41.910533752', 'longitude': '-87.653832316', 'human_address': '{""address"": """", ""city"": """", ""state"": """", ""zip"": """"}'}"
14182772,JK236789,2025-12-30T17:00:00.000,0000X W 26TH ST,0820,THEFT,$500 AND UNDER,HOTEL / MOTEL,False,False,0133,001,3,35,06,1176575,1887109,2025,2026-05-03T15:41:51.000,41.845577671,-87.627475027,"{'latitude': '41.845577671', 'longitude': '-87.627475027', 'human_address': '{""address"": """", ""city"": """", ""state"": """", ""zip"": """"}'}"
14069729,JJ539397,2025-12-30T17:00:00.000,002XX E RANDOLPH ST,1330,CRIMINAL TRESPASS,TO LAND,COMMERCIAL / BUSINESS OFFICE,True,False,0114,001,42,32,26,1177922,1901312,2025,2026-03-14T15:41:39.000,41.884521087,-87.622099893,"{'latitude': '41.884521087', 'longitude': '-87.622099893', 'human_address': '{""address"": """", ""city"": """", ""state"": """", ""zip"": """"}'}"
14069843,JJ539470,2025-12-30T17:00:00.000,006XX N ORLEANS ST,1120,DECEPTIVE PRACTICE,FORGERY,APARTMENT,False,False,1831,018,42,8,10,1173814,1904547,2025,2026-03-14T15:41:39.000,41.893490553,-87.637088476,"{'latitude': '41.893490553', 'longitude': '-87.637088476', 'human_address': '{""address"": """", ""city"": """", ""state"": """", ""zip"": """"}'}"
14069930,JJ539479,2025-12-30T17:00:00.000,020XX S STATE ST,0486,BATTERY,DOMESTIC BATTERY SIMPLE,SIDEWALK,False,True,0131,001,3,33,08B,1176640,1890526,2025,2026-03-14T15:41:39.000,41.854952696,-87.627133359,"{'latitude': '41.854952696', 'longitude': '-87.627133359', 'human_address': '{""address"": """", ""city"": """", ""state"": """", ""zip"": """"}'}"
14070137,JJ539854,2025-12-30T17:00:00.000,027XX W CONGRESS PKWY,0910,MOTOR VEHICLE THEFT,AUTOMOBILE,STREET,False,False,1135,011,28,27,07,1158326,1897654,2025,2026-03-14T15:41:39.000,41.874906311,-87.694158947,"{'latitude': '41.874906311', 'longitude': '-87.694158947', 'human_address': '{""address"": """", ""city"": """", ""state"": """", ""zip"": """"}'}"
14070150,JJ539893,2025-12-30T17:00:00.000,059XX W DIVISION ST,1150,DECEPTIVE PRACTICE,CREDIT CARD FRAUD,CONVENIENCE STORE,False,False,1511,015,29,25,11,1136597,1907384,2025,2026-03-14T15:41:39.000,41.902023021,-87.773706834,"{'latitude': '41.902023021', 'longitude': '-87.773706834', 'human_address': '{""address"": """", ""city"": """", ""state"": """", ""zip"": """"}'}"
14069901,JJ539466,2025-12-30T17:00:00.000,051XX S DORCHESTER AVE,0890,THEFT,FROM BUILDING,RESIDENCE,False,False,0234,002,4,41,06,1186422,1871258,2025,2026-03-14T15:41:39.000,41.801853765,-87.591840113,"{'latitude': '41.801853765', 'longitude': '-87.591840113', 'human_address': '{""address"": """", ""city"": """", ""state"": """", ""zip"": """"}'}"
14070204,JJ539982,2025-12-30T17:00:00.000,023XX W 25TH ST,0820,THEFT,$500 AND UNDER,RESIDENCE,False,False,1034,010,25,31,06,1161166,1887366,2025,2026-03-14T15:41:39.000,41.846616518,-87.684017317,"{'latitude': '41.846616518', 'longitude': '-87.684017317', 'human_address': '{""address"": """", ""city"": """", ""state"": """", ""zip"": """"}'}"
14069682,JJ539423,2025-12-30T17:00:00.000,077XX S WOOD ST,0910,MOTOR VEHICLE THEFT,AUTOMOBILE,RESIDENCE,False,False,0611,006,17,71,07,1165695,1853311,2025,2026-03-14T15:41:39.000,41.753070382,-87.66836293,"{'latitude': '41.753070382', 'longitude': '-87.66836293', 'human_address': '{""address"": """", ""city"": """", ""state"": """", ""zip"": """"}'}"
14069694,JJ539525,2025-12-30T17:00:00.000,043XX N PULASKI RD,1310,CRIMINAL DAMAGE,TO PROPERTY,APARTMENT,False,False,1722,017,39,16,14,1148951,1928377,2025,2026-03-14T15:41:39.000,41.959399549,-87.727783797,"{'latitude': '41.959399549', 'longitude': '-87.727783797', 'human_address': '{""address"": """", ""city"": """", ""state"": """", ""zip"": """"}'}"
14072116,JK101620,2025-12-30T17:00:00.000,047XX S KEDZIE AVE,0870,THEFT,POCKET-PICKING,STREET,False,False,0821,008,14,58,06,1155847,1872745,2025,2026-03-14T15:41:39.000,41.806603358,-87.703931031,"{'latitude': '41.806603358', 'longitude': '-87.703931031', 'human_address': '{""address"": """", ""city"": """", ""state"": """", ""zip"": """"}'}"
14089439,JK123221,2025-12-30T17:00:00.000,034XX W FULTON BLVD,2826,OTHER OFFENSE,HARASSMENT BY ELECTRONIC MEANS,APARTMENT,False,True,1123,011,28,27,26,1153362,1901783,2025,2026-03-14T15:41:39.000,41.886336709,-87.712275069,"{'latitude': '41.886336709', 'longitude': '-87.712275069', 'human_address': '{""address"": """", ""city"": """", ""state"": """", ""zip"": """"}'}"
14087365,JK120475,2025-12-30T16:58:00.000,030XX S HALSTED ST,1242,DECEPTIVE PRACTICE,COMPUTER FRAUD,DRUG STORE,False,False,0913,009,11,60,11,1171460,1884820,2025,2026-03-14T15:41:39.000,41.839410287,-87.646313633,"{'latitude': '41.839410287', 'longitude': '-87.646313633', 'human_address': '{""address"": """", ""city"": """", ""state"": """", ""zip"": """"}'}"
14069938,JJ539400,2025-12-30T16:57:00.000,060XX W NORTH AVE,0320,ROBBERY,STRONG ARM - NO WEAPON,SMALL RETAIL STORE,True,False,2513,025,29,25,03,1135929,1910012,2025,2026-03-14T15:41:39.000,41.909246509,-87.776097824,"{'latitude': '41.909246509', 'longitude': '-87.776097824', 'human_address': '{""address"": """", ""city"": """", ""state"": """", ""zip"": """"}'}"
14069717,JJ539410,2025-12-30T16:56:00.000,002XX W 104TH PL,0495,BATTERY,AGGRAVATED OF A SENIOR CITIZEN,RESIDENCE,False,True,0512,005,21,49,04B,1176474,1835645,2025,2026-03-14T15:41:39.000,41.704357162,-87.629391644,"{'latitude': '41.704357162', 'longitude': '-87.629391644', 'human_address': '{""address"": """", ""city"": """", ""state"": """", ""zip"": """"}'}"
14069784,JJ539399,2025-12-30T16:53:00.000,027XX W DEVON AVE,1330,CRIMINAL TRESPASS,TO LAND,BAR OR TAVERN,True,False,2413,024,50,2,26,1156745,1942345,2025,2026-03-14T15:41:39.000,41.99757373,-87.698749139,"{'latitude': '41.99757373', 'longitude': '-87.698749139', 'human_address': '{""address"": """", ""city"": """", ""state"": """", ""zip"": """"}'}"
14069633,JJ539415,2025-12-30T16:50:00.000,003XX N CANAL ST,0810,THEFT,OVER $500,STREET,False,False,1214,012,34,28,06,1173048,1902595,2025,2026-03-14T15:41:39.000,41.888151171,-87.63995963,"{'latitude': '41.888151171', 'longitude': '-87.63995963', 'human_address': '{""address"": """", ""city"": """", ""state"": """", ""zip"": """"}'}"
14069751,JJ539406,2025-12-30T16:48:00.000,047XX W NORTH AVE,0860,THEFT,RETAIL THEFT,SMALL RETAIL STORE,False,False,2533,025,37,25,06,1144311,1910210,2025,2026-03-14T15:41:39.000,41.909636288,-87.745300725,"{'latitude': '41.909636288', 'longitude': '-87.745300725', 'human_address': '{""address"": """", ""city"": """", ""state"": """", ""zip"": """"}'}"
14069659,JJ539388,2025-12-30T16:45:00.000,094XX S ASHLAND AVE,0460,BATTERY,SIMPLE,SMALL RETAIL STORE,False,False,2221,022,21,73,08B,1167325,1842212,2025,2026-03-14T15:41:39.000,41.722578383,-87.662706548,"{'latitude': '41.722578383', 'longitude': '-87.662706548', 'human_address': '{""address"": """", ""city"": """", ""state"": """", ""zip"": """"}'}"
14069959,JJ539590,2025-12-30T16:45:00.000,025XX E 103RD ST,1812,NARCOTICS,POSSESS - CANNABIS MORE THAN 30 GRAMS,STREET,True,False,0431,004,7,51,18,1194945,1837184,2025,2026-03-14T15:41:39.000,41.708146104,-87.561704322,"{'latitude': '41.708146104', 'longitude': '-87.561704322', 'human_address': '{""address"": """", ""city"": """", ""state"": """", ""zip"": """"}'}"
14069697,JJ539452,2025-12-30T16:41:00.000,014XX S CANAL ST,1330,CRIMINAL TRESPASS,TO LAND,RESIDENCE - PORCH / HALLWAY,True,False,0124,001,28,28,26,1173362,1893147,2025,2026-03-14T15:41:39.000,41.862218265,-87.639087164,"{'latitude': '41.862218265', 'longitude': '-87.639087164', 'human_address': '{""address"": """", ""city"": """", ""state"": """", ""zip"": """"}'}"
14069908,JJ539387,2025-12-30T16:40:00.000,010XX W BERWYN AVE,0810,THEFT,OVER $500,RESIDENCE - PORCH / HALLWAY,False,False,2023,020,48,77,06,1168453,1935378,2025,2026-03-14T15:41:39.000,41.978209956,-87.655882644,"{'latitude': '41.978209956', 'longitude': '-87.655882644', 'human_address': '{""address"": """", ""city"": """", ""state"": """", ""zip"": """"}'}"
14069744,JJ539427,2025-12-30T16:39:00.000,069XX W 57TH ST,143A,WEAPONS VIOLATION,UNLAWFUL POSSESSION - HANDGUN,STREET,True,False,0811,008,13,56,15,1130854,1865960,2025,2026-03-14T15:41:39.000,41.788449752,-87.795754501,"{'latitude': '41.788449752', 'longitude': '-87.795754501', 'human_address': '{""address"": """", ""city"": """", ""state"": """", ""zip"": """"}'}"
14070053,JJ539789,2025-12-30T16:35:00.000,0000X W 95TH ST,0560,ASSAULT,SIMPLE,CTA STATION,False,False,0634,006,9,49,08A,1177762,1841949,2025,2026-03-14T15:41:39.000,41.721627204,-87.624485177,"{'latitude': '41.721627204', 'longitude': '-87.624485177', 'human_address': '{""address"": """", ""city"": """", ""state"": """", ""zip"": """"}'}"
14069786,JJ539380,2025-12-30T16:35:00.000,035XX N KIMBALL AVE,0860,THEFT,RETAIL THEFT,SMALL RETAIL STORE,True,False,1732,017,35,21,06,1153099,1923246,2025,2026-03-14T15:41:39.000,41.945238279,-87.712670479,"{'latitude': '41.945238279', 'longitude': '-87.712670479', 'human_address': '{""address"": """", ""city"": """", ""state"": """", ""zip"": """"}'}"
14069861,JJ539594,2025-12-30T16:30:00.000,048XX N HERMITAGE AVE,0810,THEFT,OVER $500,LAKEFRONT / WATERFRONT / RIVERBANK,False,False,2032,020,47,3,06,1163924,1932310,2025,2026-03-14T15:41:39.000,41.969888326,-87.672625061,"{'latitude': '41.969888326', 'longitude': '-87.672625061', 'human_address': '{""address"": """", ""city"": """", ""state"": """", ""zip"": """"}'}"
14069691,JJ539384,2025-12-30T16:30:00.000,057XX S CICERO AVE,1305,CRIMINAL DAMAGE,CRIMINAL DEFACEMENT,AIRPORT EXTERIOR - NON-SECURE AREA,False,False,0813,008,13,56,14,1145654,1866253,2025,2026-03-14T15:41:39.000,41.788987036,-87.74147999,"{'latitude': '41.788987036', 'longitude': '-87.74147999', 'human_address': '{""address"": """", ""city"": """", ""state"": """", ""zip"": """"}'}"
14069600,JJ539370,2025-12-30T16:30:00.000,007XX W VAN BUREN ST,0710,THEFT,THEFT FROM MOTOR VEHICLE,PARKING LOT / GARAGE (NON RESIDENTIAL),False,False,0121,001,34,28,06,1171790,1898414,2025,2026-03-14T15:41:39.000,41.876706032,-87.644702602,"{'latitude': '41.876706032', 'longitude': '-87.644702602', 'human_address': '{""address"": """", ""city"": """", ""state"": """", ""zip"": """"}'}"
14069761,JJ539444,2025-12-30T16:30:00.000,006XX W LAWRENCE DR,1320,CRIMINAL DAMAGE,TO VEHICLE,AUTO / BOAT / RV DEALERSHIP,False,False,1914,019,46,3,14,1171129,1932268,2025,2026-03-14T15:41:39.000,41.969617549,-87.646133437,"{'latitude': '41.969617549', 'longitude': '-87.646133437', 'human_address': '{""address"": """", ""city"": """", ""state"": """", ""zip"": """"}'}"
14069664,JJ539447,2025-12-30T16:30:00.000,050XX W BELMONT AVE,0710,THEFT,THEFT FROM MOTOR VEHICLE,STREET,False,False,2521,025,31,19,06,1142197,1920806,2025,2026-03-14T15:41:39.000,41.938752316,-87.752803231,"{'latitude': '41.938752316', 'longitude': '-87.752803231', 'human_address': '{""address"": """", ""city"": """", ""state"": """", ""zip"": """"}'}"
14074638,JK104377,2025-12-30T16:30:00.000,027XX W AGATITE AVE,1320,CRIMINAL DAMAGE,TO VEHICLE,VEHICLE - COMMERCIAL,False,False,1724,017,40,14,14,1157503,1929451,2025,2026-03-14T15:41:39.000,41.962176527,-87.696313481,"{'latitude': '41.962176527', 'longitude': '-87.696313481', 'human_address': '{""address"": """", ""city"": """", ""state"": """", ""zip"": """"}'}"
14071585,JJ539356,2025-12-30T16:14:00.000,043XX W ADDISON ST,1320,CRIMINAL DAMAGE,TO VEHICLE,STREET,False,False,1731,017,30,16,14,1146878,1923577,2025,2026-03-14T15:41:39.000,41.946267904,-87.735528204,"{'latitude': '41.946267904', 'longitude': '-87.735528204', 'human_address': '{""address"": """", ""city"": """", ""state"": """", ""zip"": """"}'}"
14069692,JJ539404,2025-12-30T16:13:00.000,015XX N KINGSBURY ST,1130,DECEPTIVE PRACTICE,FRAUD OR CONFIDENCE GAME,PARKING LOT / GARAGE (NON RESIDENTIAL),False,False,1822,018,27,8,11,1169505,1910252,2025,2026-03-14T15:41:39.000,41.909240284,-87.65274758,"{'latitude': '41.909240284', 'longitude': '-87.65274758', 'human_address': '{""address"": """", ""city"": """", ""state"": """", ""zip"": """"}'}"
14069954,JJ539392,2025-12-30T16:11:00.000,009XX W NORTH AVE,0320,ROBBERY,STRONG ARM - NO WEAPON,SMALL RETAIL STORE,False,False,1813,018,2,7,03,1169811,1910846,2025,2026-03-14T15:41:39.000,41.910863585,-87.651606137,"{'latitude': '41.910863585', 'longitude': '-87.651606137', 'human_address': '{""address"": """", ""city"": """", ""state"": """", ""zip"": """"}'}"
14072466,JJ539432,2025-12-30T16:09:00.000,095XX S WENTWORTH AVE,0560,ASSAULT,SIMPLE,CTA STATION,False,False,0511,005,9,49,08A,1176625,1841786,2025,2026-03-14T15:41:39.000,41.721205526,-87.628654671,"{'latitude': '41.721205526', 'longitude': '-87.628654671', 'human_address': '{""address"": """", ""city"": """", ""state"": """", ""zip"": """"}'}"
14069719,JJ539508,2025-12-30T16:09:00.000,003XX N STATE ST,4387,OTHER OFFENSE,VIOLATE ORDER OF PROTECTION,APARTMENT,False,True,1831,018,42,8,26,1176300,1902537,2025,2026-03-14T15:41:39.000,41.887919288,-87.628019052,"{'latitude': '41.887919288', 'longitude': '-87.628019052', 'human_address': '{""address"": """", ""city"": """", ""state"": """", ""zip"": """"}'}"
14069629,JJ539336,2025-12-30T16:05:00.000,052XX N MILWAUKEE AVE,0860,THEFT,RETAIL THEFT,SMALL RETAIL STORE,True,False,1623,016,45,11,06,1138140,1934089,2025,2026-03-14T15:41:39.000,41.975276551,-87.767391513,"{'latitude': '41.975276551', 'longitude': '-87.767391513', 'human_address': '{""address"": """", ""city"": """", ""state"": """", ""zip"": """"}'}"
14069946,JJ539342,2025-12-30T16:00:00.000,0000X W 108TH PL,1310,CRIMINAL DAMAGE,TO PROPERTY,RESIDENCE,False,False,0513,005,9,49,14,1177854,1833022,2025,2026-03-14T15:41:39.000,41.697128213,-87.624417393,"{'latitude': '41.697128213', 'longitude': '-87.624417393', 'human_address': '{""address"": """", ""city"": """", ""state"": """", ""zip"": """"}'}"
14070022,JJ539716,2025-12-30T16:00:00.000,014XX S CENTRAL PARK AVE,0486,BATTERY,DOMESTIC BATTERY SIMPLE,APARTMENT,False,True,1011,010,24,29,08B,1152607,1892826,2025,2026-03-14T15:41:39.000,41.861772688,-87.715284469,"{'latitude': '41.861772688', 'longitude': '-87.715284469', 'human_address': '{""address"": """", ""city"": """", ""state"": """", ""zip"": """"}'}"
14069725,JJ539425,2025-12-30T16:00:00.000,103XX S MICHIGAN AVE,0910,MOTOR VEHICLE THEFT,AUTOMOBILE,PARKING LOT / GARAGE (NON RESIDENTIAL),False,False,0512,005,9,49,07,1178964,1836624,2025,2026-03-14T15:41:39.000,41.706987456,-87.620244029,"{'latitude': '41.706987456', 'longitude': '-87.620244029', 'human_address': '{""address"": """", ""city"": """", ""state"": """", ""zip"": """"}'}"
14069617,JJ539352,2025-12-30T16:00:00.000,032XX W IRVING PARK RD,1242,DECEPTIVE PRACTICE,COMPUTER FRAUD,BANK,False,False,1724,017,33,16,11,1154235,1926417,2025,2026-03-14T15:41:39.000,41.953917073,-87.708409974,"{'latitude': '41.953917073', 'longitude': '-87.708409974', 'human_address': '{""address"": """", ""city"": """", ""state"": """", ""zip"": """"}'}"
14069670,JJ539445,2025-12-30T16:00:00.000,029XX W LAKE ST,0910,MOTOR VEHICLE THEFT,AUTOMOBILE,STREET,False,False,1222,012,27,27,07,1156711,1900997,2025,2026-03-14T15:41:39.000,41.88411268,-87.699997997,"{'latitude': '41.88411268', 'longitude': '-87.699997997', 'human_address': '{""address"": """", ""city"": """", ""state"": """", ""zip"": """"}'}"
14069822,JJ539486,2025-12-30T16:00:00.000,056XX S MICHIGAN AVE,1477,WEAPONS VIOLATION,RECKLESS FIREARM DISCHARGE,APARTMENT,False,False,0225,002,20,40,15,1178117,1867725,2025,2026-03-14T15:41:39.000,41.792351443,-87.622404674,"{'latitude': '41.792351443', 'longitude': '-87.622404674', 'human_address': '{""address"": """", ""city"": """", ""state"": """", ""zip"": """"}'}"
14072020,JK101509,2025-12-30T16:00:00.000,045XX W AUGUSTA BLVD,1310,CRIMINAL DAMAGE,TO PROPERTY,COMMERCIAL / BUSINESS OFFICE,False,False,1111,011,37,23,14,1145710,1906268,2025,2026-03-14T15:41:39.000,41.898792585,-87.740261458,"{'latitude': '41.898792585', 'longitude': '-87.740261458', 'human_address': '{""address"": """", ""city"": """", ""state"": """", ""zip"": """"}'}"
14069812,JJ539441,2025-12-30T15:53:00.000,078XX S CREGIER AVE,0486,BATTERY,DOMESTIC BATTERY SIMPLE,APARTMENT,False,True,0414,004,8,43,08B,1189563,1853368,2025,2026-03-14T15:41:39.000,41.75268728,-87.580895087,"{'latitude': '41.75268728', 'longitude': '-87.580895087', 'human_address': '{""address"": """", ""city"": """", ""state"": """", ""zip"": """"}'}"
14069636,JJ539288,2025-12-30T15:50:00.000,032XX W 54TH ST,502R,OTHER OFFENSE,VEHICLE TITLE / REGISTRATION OFFENSE,STREET,True,False,0822,008,14,63,26,1155519,1868630,2025,2026-03-14T15:41:39.000,41.795317814,-87.705244319,"{'latitude': '41.795317814', 'longitude': '-87.705244319', 'human_address': '{""address"": """", ""city"": """", ""state"": """", ""zip"": """"}'}"
14070072,JJ539796,2025-12-30T15:45:00.000,131XX S BRANDON AVE,0820,THEFT,$500 AND UNDER,STREET,False,False,0433,004,10,55,06,1199431,1818438,2025,2026-03-14T15:41:39.000,41.656593708,-87.545904134,"{'latitude': '41.656593708', 'longitude': '-87.545904134', 'human_address': '{""address"": """", ""city"": """", ""state"": """", ""zip"": """"}'}"
14069597,JJ539285,2025-12-30T15:40:00.000,017XX W DEVON AVE,0910,MOTOR VEHICLE THEFT,AUTOMOBILE,STREET,False,False,2433,024,40,77,07,1163754,1942565,2025,2026-03-14T15:41:39.000,41.998031985,-87.672959422,"{'latitude': '41.998031985', 'longitude': '-87.672959422', 'human_address': '{""address"": """", ""city"": """", ""state"": """", ""zip"": """"}'}"
14069789,JJ539377,2025-12-30T15:35:00.000,070XX S HALSTED ST,0460,BATTERY,SIMPLE,STREET,True,False,0733,007,16,68,08B,1172186,1858090,2025,2026-03-14T15:41:39.000,41.766044422,-87.644435709,"{'latitude': '41.766044422', 'longitude': '-87.644435709', 'human_address': '{""address"": """", ""city"": """", ""state"": """", ""zip"": """"}'}"
14069688,JJ539351,2025-12-30T15:30:00.000,033XX W MAYPOLE AVE,0810,THEFT,OVER $500,APARTMENT,False,True,1123,011,28,27,06,1154023,1900782,2025,2026-03-14T15:41:39.000,41.883576711,-87.709874412,"{'latitude': '41.883576711', 'longitude': '-87.709874412', 'human_address': '{""address"": """", ""city"": """", ""state"": """", ""zip"": """"}'}"
14069580,JJ539270,2025-12-30T15:20:00.000,074XX S BENNETT AVE,0560,ASSAULT,SIMPLE,APARTMENT,False,False,0324,003,8,43,08A,1189995,1856031,2025,2026-03-14T15:41:39.000,41.759984405,-87.57922647,"{'latitude': '41.759984405', 'longitude': '-87.57922647', 'human_address': '{""address"": """", ""city"": """", ""state"": """", ""zip"": """"}'}"
14070688,JJ540499,2025-12-30T15:16:00.000,002XX S STATE ST,0470,PUBLIC PEACE VIOLATION,RECKLESS CONDUCT,CTA TRAIN,True,False,0113,001,34,32,24,1176417,1899156,2025,2026-03-14T15:41:39.000,41.878638996,-87.627691486,"{'latitude': '41.878638996', 'longitude': '-87.627691486', 'human_address': '{""address"": """", ""city"": """", ""state"": """", ""zip"": """"}'}"
14069872,JJ539544,2025-12-30T15:15:00.000,019XX W NORTH AVE,0870,THEFT,POCKET-PICKING,RESTAURANT,False,False,1434,014,32,24,06,1163237,1910667,2025,2026-03-14T15:41:39.000,41.910513238,-87.675761644,"{'latitude': '41.910513238', 'longitude': '-87.675761644', 'human_address': '{""address"": """", ""city"": """", ""state"": """", ""zip"": """"}'}"
14069712,JJ539284,2025-12-30T15:15:00.000,042XX W MADISON ST,0460,BATTERY,SIMPLE,SIDEWALK,False,False,1115,011,28,26,08B,1148227,1899678,2025,2026-03-14T15:41:39.000,41.880660786,-87.731186405,"{'latitude': '41.880660786', 'longitude': '-87.731186405', 'human_address': '{""address"": """", ""city"": """", ""state"": """", ""zip"": """"}'}"
14082696,JK113542,2025-12-30T15:15:00.000,024XX N Cannon Dr,1320,CRIMINAL DAMAGE,TO VEHICLE,STREET,False,False,1935,019,43,7,14,1174543,1916591,2025,2026-03-14T15:41:39.000,41.926523588,-87.634050522,"{'latitude': '41.926523588', 'longitude': '-87.634050522', 'human_address': '{""address"": """", ""city"": """", ""state"": """", ""zip"": """"}'}"
14069602,JJ539249,2025-12-30T15:07:00.000,044XX N BROADWAY,0860,THEFT,RETAIL THEFT,SMALL RETAIL STORE,True,False,1913,019,46,3,06,1168469,1929861,2025,2026-03-14T15:41:39.000,41.963070794,-87.655984213,"{'latitude': '41.963070794', 'longitude': '-87.655984213', 'human_address': '{""address"": """", ""city"": """", ""state"": """", ""zip"": """"}'}"
14069820,JJ539337,2025-12-30T15:05:00.000,030XX E 93RD ST,0460,BATTERY,SIMPLE,STREET,False,False,0424,004,10,46,08B,1198281,1843881,2025,2026-03-14T15:41:39.000,41.72644057,-87.549264628,"{'latitude': '41.72644057', 'longitude': '-87.549264628', 'human_address': '{""address"": """", ""city"": """", ""state"": """", ""zip"": """"}'}"
28999,JJ539184,2025-12-30T15:04:00.000,009XX W 85TH ST,0110,HOMICIDE,FIRST DEGREE MURDER,APARTMENT,False,False,0613,006,17,71,01A,1171676,1848472,2025,2026-01-07T15:44:10.000,41.739662581,-87.646586429,"{'latitude': '41.739662581', 'longitude': '-87.646586429', 'human_address': '{""address"": """", ""city"": """", ""state"": """", ""zip"": """"}'}"
14069708,JJ539221,2025-12-30T15:02:00.000,051XX S THROOP ST,0810,THEFT,OVER $500,SIDEWALK,False,False,0934,009,20,61,06,1168528,1870785,2025,2026-03-14T15:41:39.000,41.800960651,-87.657477808,"{'latitude': '41.800960651', 'longitude': '-87.657477808', 'human_address': '{""address"": """", ""city"": """", ""state"": """", ""zip"": """"}'}"
14070619,JJ540145,2025-12-30T15:00:00.000,013XX W MADISON ST,0810,THEFT,OVER $500,VEHICLE - COMMERCIAL,False,False,1224,012,27,28,06,1167250,1900143,2025,2026-03-14T15:41:39.000,41.881549287,-87.661322263,"{'latitude': '41.881549287', 'longitude': '-87.661322263', 'human_address': '{""address"": """", ""city"": """", ""state"": """", ""zip"": """"}'}"
14069618,JJ539299,2025-12-30T15:00:00.000,073XX S DAMEN AVE,1310,CRIMINAL DAMAGE,TO PROPERTY,RESIDENCE,False,False,0735,007,17,67,14,1164296,1855959,2025,2026-03-14T15:41:39.000,41.760366429,-87.673415303,"{'latitude': '41.760366429', 'longitude': '-87.673415303', 'human_address': '{""address"": """", ""city"": """", ""state"": """", ""zip"": """"}'}"
14069587,JJ539326,2025-12-30T15:00:00.000,024XX N CANNON DR,1320,CRIMINAL DAMAGE,TO VEHICLE,STREET,False,False,1935,019,43,7,14,1174543,1916591,2025,2026-03-14T15:41:39.000,41.926523588,-87.634050522,"{'latitude': '41.926523588', 'longitude': '-87.634050522', 'human_address': '{""address"": """", ""city"": """", ""state"": """", ""zip"": """"}'}"
14069669,JJ539217,2025-12-30T15:00:00.000,001XX N STATE ST,0860,THEFT,RETAIL THEFT,SMALL RETAIL STORE,True,False,0111,001,34,32,06,1176352,1900927,2025,2026-03-14T15:41:39.000,41.883500187,-87.627876698,"{'latitude': '41.883500187', 'longitude': '-87.627876698', 'human_address': '{""address"": """", ""city"": """", ""state"": """", ""zip"": """"}'}"
14070305,JJ540079,2025-12-30T15:00:00.000,0000X W ILLINOIS ST,0890,THEFT,FROM BUILDING,HOTEL / MOTEL,False,False,1831,018,42,8,06,1175996,1903601,2025,2026-03-14T15:41:39.000,41.890845813,-87.629103359,"{'latitude': '41.890845813', 'longitude': '-87.629103359', 'human_address': '{""address"": """", ""city"": """", ""state"": """", ""zip"": """"}'}"
14070631,JJ540266,2025-12-30T15:00:00.000,016XX S INDIANA AVE,0890,THEFT,FROM BUILDING,RESIDENCE - PORCH / HALLWAY,False,False,0132,001,3,33,06,1177921,1892372,2025,2026-03-14T15:41:39.000,41.859989233,-87.622375476,"{'latitude': '41.859989233', 'longitude': '-87.622375476', 'human_address': '{""address"": """", ""city"": """", ""state"": """", ""zip"": """"}'}"
14074250,JK104029,2025-12-30T15:00:00.000,005XX S HOYNE AVE,1320,CRIMINAL DAMAGE,TO VEHICLE,STREET,False,False,1225,012,27,28,14,1162477,1897594,2025,2026-03-14T15:41:39.000,41.87465583,-87.678919883,"{'latitude': '41.87465583', 'longitude': '-87.678919883', 'human_address': '{""address"": """", ""city"": """", ""state"": """", ""zip"": """"}'}"
14069711,JJ539301,2025-12-30T14:56:00.000,047XX W LAKE ST,0320,ROBBERY,STRONG ARM - NO WEAPON,CONVENIENCE STORE,False,False,1113,011,28,25,03,1144626,1901792,2025,2026-03-14T15:41:39.000,41.886530422,-87.744355834,"{'latitude': '41.886530422', 'longitude': '-87.744355834', 'human_address': '{""address"": """", ""city"": """", ""state"": """", ""zip"": """"}'}"
14069660,JJ539353,2025-12-30T14:54:00.000,008XX N STATE ST,0460,BATTERY,SIMPLE,CTA TRAIN,True,False,1832,018,42,8,08B,1176223,1905805,2025,2026-03-14T15:41:39.000,41.896888586,-87.628203192,"{'latitude': '41.896888586', 'longitude': '-87.628203192', 'human_address': '{""address"": """", ""city"": """", ""state"": """", ""zip"": """"}'}"
14069645,JJ539202,2025-12-30T14:50:00.000,019XX N KEDVALE AVE,0560,ASSAULT,SIMPLE,APARTMENT,False,True,2534,025,26,20,08A,1148409,1912589,2025,2026-03-14T15:41:39.000,41.916086417,-87.730184817,"{'latitude': '41.916086417', 'longitude': '-87.730184817', 'human_address': '{""address"": """", ""city"": """", ""state"": """", ""zip"": """"}'}"
14069577,JJ539180,2025-12-30T14:49:00.000,003XX W 107TH ST,502R,OTHER OFFENSE,VEHICLE TITLE / REGISTRATION OFFENSE,STREET,False,False,0513,005,21,49,26,1176126,1833975,2025,2026-03-14T15:41:39.000,41.69978224,-87.630715851,"{'latitude': '41.69978224', 'longitude': '-87.630715851', 'human_address': '{""address"": """", ""city"": """", ""state"": """", ""zip"": """"}'}"
14069919,JJ539226,2025-12-30T14:40:00.000,020XX W 70TH ST,0560,ASSAULT,SIMPLE,RESIDENCE,False,True,0735,007,17,67,08A,1163905,1858231,2025,2026-03-14T15:41:39.000,41.766609337,-87.674784583,"{'latitude': '41.766609337', 'longitude': '-87.674784583', 'human_address': '{""address"": """", ""city"": """", ""state"": """", ""zip"": """"}'}"
14069543,JJ539215,2025-12-30T14:40:00.000,002XX N LEAMINGTON AVE,2093,NARCOTICS,FOUND SUSPECT NARCOTICS,RESIDENCE - YARD (FRONT / BACK),False,False,1532,015,28,25,18,1142002,1901125,2025,2026-03-14T15:41:39.000,41.884749109,-87.754008475,"{'latitude': '41.884749109', 'longitude': '-87.754008475', 'human_address': '{""address"": """", ""city"": """", ""state"": """", ""zip"": """"}'}"
14069677,JJ539263,2025-12-30T14:37:00.000,007XX N MICHIGAN AVE,1330,CRIMINAL TRESPASS,TO LAND,SMALL RETAIL STORE,True,False,1833,018,2,8,26,1177293,1905627,2025,2026-03-14T15:41:39.000,41.896375946,-87.6242787,"{'latitude': '41.896375946', 'longitude': '-87.6242787', 'human_address': '{""address"": """", ""city"": """", ""state"": """", ""zip"": """"}'}"
14069571,JJ539234,2025-12-30T14:33:00.000,050XX S ARCHER AVE,1330,CRIMINAL TRESPASS,TO LAND,LIBRARY,True,False,0815,008,14,57,26,1149711,1870739,2025,2026-03-14T15:41:39.000,41.801219701,-87.726488031,"{'latitude': '41.801219701', 'longitude': '-87.726488031', 'human_address': '{""address"": """", ""city"": """", ""state"": """", ""zip"": """"}'}"
14069696,JJ539256,2025-12-30T14:32:00.000,011XX W CERMAK RD,0560,ASSAULT,SIMPLE,WAREHOUSE,False,True,1235,012,25,31,08A,1169540,1889590,2025,2026-03-14T15:41:39.000,41.852541515,-87.653220514,"{'latitude': '41.852541515', 'longitude': '-87.653220514', 'human_address': '{""address"": """", ""city"": """", ""state"": """", ""zip"": """"}'}"
14069979,JJ539339,2025-12-30T14:30:00.000,005XX E 32ND ST,0486,BATTERY,DOMESTIC BATTERY SIMPLE,APARTMENT,False,True,0211,002,4,35,08B,1180539,1883677,2025,2026-03-14T15:41:39.000,41.836069707,-87.613033345,"{'latitude': '41.836069707', 'longitude': '-87.613033345', 'human_address': '{""address"": """", ""city"": """", ""state"": """", ""zip"": """"}'}"
14073273,JJ539278,2025-12-30T14:30:00.000,028XX N CLARK ST,1563,SEX OFFENSE,CRIMINAL SEXUAL ABUSE,OTHER (SPECIFY),False,False,1934,019,44,6,17,1171341,1919237,2025,2026-03-14T15:41:39.000,41.933855382,-87.645738334,"{'latitude': '41.933855382', 'longitude': '-87.645738334', 'human_address': '{""address"": """", ""city"": """", ""state"": """", ""zip"": """"}'}"
14069662,JJ539378,2025-12-30T14:28:00.000,037XX W 26TH ST,0820,THEFT,$500 AND UNDER,TAVERN / LIQUOR STORE,False,False,1013,010,22,30,06,1151885,1886466,2025,2026-03-14T15:41:39.000,41.844334316,-87.718102101,"{'latitude': '41.844334316', 'longitude': '-87.718102101', 'human_address': '{""address"": """", ""city"": """", ""state"": """", ""zip"": """"}'}"
14069634,JJ539224,2025-12-30T14:27:00.000,085XX S RACINE AVE,1812,NARCOTICS,POSSESS - CANNABIS MORE THAN 30 GRAMS,STREET,True,False,0613,006,17,71,18,1169813,1848165,2025,2026-03-14T15:41:39.000,41.738860724,-87.653421061,"{'latitude': '41.738860724', 'longitude': '-87.653421061', 'human_address': '{""address"": """", ""city"": """", ""state"": """", ""zip"": """"}'}"
14071956,JK101363,2025-12-30T14:24:00.000,044XX S COTTAGE GROVE AVE,0820,THEFT,$500 AND UNDER,APARTMENT,False,False,0221,002,4,38,06,1182340,1875731,2025,2026-03-14T15:41:39.000,41.814223686,-87.60667153,"{'latitude': '41.814223686', 'longitude': '-87.60667153', 'human_address': '{""address"": """", ""city"": """", ""state"": """", ""zip"": """"}'}"
14070623,JJ540332,2025-12-30T14:20:00.000,007XX W KINZIE ST,0810,THEFT,OVER $500,STREET,False,False,1214,012,27,24,06,1171296,1902913,2025,2026-03-14T15:41:39.000,41.889062451,-87.646384173,"{'latitude': '41.889062451', 'longitude': '-87.646384173', 'human_address': '{""address"": """", ""city"": """", ""state"": """", ""zip"": """"}'}"
14069910,JJ539411,2025-12-30T14:20:00.000,0000X N MICHIGAN AVE,0870,THEFT,POCKET-PICKING,SIDEWALK,False,False,0112,001,34,32,06,1177306,1900590,2025,2026-03-14T15:41:39.000,41.882553868,-87.624383802,"{'latitude': '41.882553868', 'longitude': '-87.624383802', 'human_address': '{""address"": """", ""city"": """", ""state"": """", ""zip"": """"}'}"
14069567,JJ539164,2025-12-30T14:15:00.000,033XX W 16TH ST,031A,ROBBERY,ARMED - HANDGUN,STREET,False,False,1021,010,24,29,03,1154154,1891840,2025,2026-03-14T15:41:39.000,41.859036293,-87.709631954,"{'latitude': '41.859036293', 'longitude': '-87.709631954', 'human_address': '{""address"": """", ""city"": """", ""state"": """", ""zip"": """"}'}"
14069953,JJ539333,2025-12-30T14:12:00.000,033XX W LAWRENCE AVE,0860,THEFT,RETAIL THEFT,SMALL RETAIL STORE,False,False,1713,017,33,14,06,1153430,1931699,2025,2026-03-14T15:41:39.000,41.968427294,-87.71122829,"{'latitude': '41.968427294', 'longitude': '-87.71122829', 'human_address': '{""address"": """", ""city"": """", ""state"": """", ""zip"": """"}'}"
14069550,JJ539177,2025-12-30T14:11:00.000,029XX W GRAND AVE,1320,CRIMINAL DAMAGE,TO VEHICLE,STREET,False,False,1211,012,36,24,14,1156600,1905248,2025,2026-03-14T15:41:39.000,41.895780068,-87.700290438,"{'latitude': '41.895780068', 'longitude': '-87.700290438', 'human_address': '{""address"": """", ""city"": """", ""state"": """", ""zip"": """"}'}"
14069560,JJ539143,2025-12-30T14:06:00.000,065XX S SEELEY AVE,0560,ASSAULT,SIMPLE,RESIDENCE,False,False,0726,007,16,67,08A,1163821,1861273,2025,2026-03-14T15:41:39.000,41.774958766,-87.675007129,"{'latitude': '41.774958766', 'longitude': '-87.675007129', 'human_address': '{""address"": """", ""city"": """", ""state"": """", ""zip"": """"}'}"
14069620,JJ539223,2025-12-30T14:00:00.000,077XX S CARPENTER ST,0810,THEFT,OVER $500,RESIDENCE,False,True,0612,006,17,71,06,1170653,1853580,2025,2026-03-14T15:41:39.000,41.75370196,-87.650185959,"{'latitude': '41.75370196', 'longitude': '-87.650185959', 'human_address': '{""address"": """", ""city"": """", ""state"": """", ""zip"": """"}'}"
14070603,JJ540524,2025-12-30T14:00:00.000,100XX S PERRY AVE,1220,DECEPTIVE PRACTICE,THEFT OF LOST / MISLAID PROPERTY,RESIDENCE,False,False,0511,005,9,49,11,1177373,1838361,2025,2026-03-14T15:41:39.000,41.71179003,-87.626017974,"{'latitude': '41.71179003', 'longitude': '-87.626017974', 'human_address': '{""address"": """", ""city"": """", ""state"": """", ""zip"": """"}'}"
14069706,JJ539374,2025-12-30T14:00:00.000,052XX S WABASH AVE,0420,BATTERY,AGGRAVATED - KNIFE / CUTTING INSTRUMENT,STREET,False,True,0225,002,3,40,04B,1177606,1870198,2025,2026-03-14T15:41:39.000,41.799149172,-87.624203617,"{'latitude': '41.799149172', 'longitude': '-87.624203617', 'human_address': '{""address"": """", ""city"": """", ""state"": """", ""zip"": """"}'}"
14071375,JK100727,2025-12-30T14:00:00.000,005XX W 79TH ST,0620,BURGLARY,UNLAWFUL ENTRY,APARTMENT,False,False,0621,006,6,44,05,1173840,1852519,2025,2026-03-14T15:41:39.000,41.750720407,-87.638538159,"{'latitude': '41.750720407', 'longitude': '-87.638538159', 'human_address': '{""address"": """", ""city"": """", ""state"": """", ""zip"": """"}'}"
14076104,JK105806,2025-12-30T14:00:00.000,054XX S INGLESIDE AVE,0485,BATTERY,AGGRAVATED OF A CHILD,APARTMENT,False,False,0233,002,20,41,04B,1183453,1869585,2025,2026-03-14T15:41:39.000,41.797332685,-87.602780609,"{'latitude': '41.797332685', 'longitude': '-87.602780609', 'human_address': '{""address"": """", ""city"": """", ""state"": """", ""zip"": """"}'}"
14072453,JK101777,2025-12-30T14:00:00.000,008XX N ORLEANS ST,1320,CRIMINAL DAMAGE,TO VEHICLE,PARKING LOT / GARAGE (NON RESIDENTIAL),False,False,1823,018,2,8,14,1173774,1905916,2025,2026-03-14T15:41:39.000,41.897248055,-87.637194586,"{'latitude': '41.897248055', 'longitude': '-87.637194586', 'human_address': '{""address"": """", ""city"": """", ""state"": """", ""zip"": """"}'}"
14071930,JK101373,2025-12-30T14:00:00.000,015XX W SUPERIOR ST,0910,MOTOR VEHICLE THEFT,AUTOMOBILE,STREET,False,False,1215,012,1,24,07,1165895,1905097,2025,2026-03-14T15:41:39.000,41.895172445,-87.66615632,"{'latitude': '41.895172445', 'longitude': '-87.66615632', 'human_address': '{""address"": """", ""city"": """", ""state"": """", ""zip"": """"}'}"
14085702,JK118368,2025-12-30T14:00:00.000,076XX S MORGAN ST,2820,OTHER OFFENSE,TELEPHONE THREAT,RESIDENCE,False,False,0621,006,17,71,08A,1170969,1854130,2025,2026-03-14T15:41:39.000,41.75520434,-87.649011899,"{'latitude': '41.75520434', 'longitude': '-87.649011899', 'human_address': '{""address"": """", ""city"": """", ""state"": """", ""zip"": """"}'}"
28998,JJ539095,2025-12-30T13:58:00.000,007XX N SPAULDING AVE,0110,HOMICIDE,FIRST DEGREE MURDER,STREET,False,False,1121,011,27,23,01A,1154240,1904796,2025,2026-01-07T15:44:10.000,41.894587193,-87.708970317,"{'latitude': '41.894587193', 'longitude': '-87.708970317', 'human_address': '{""address"": """", ""city"": """", ""state"": """", ""zip"": """"}'}"
14116364,JK156158,2025-12-30T13:57:00.000,014XX W BLACKHAWK ST,4387,OTHER OFFENSE,VIOLATE ORDER OF PROTECTION,APARTMENT,False,True,1433,014,1,24,26,1166321,1909424,2025,2026-03-14T15:41:39.000,41.907036928,-87.664467832,"{'latitude': '41.907036928', 'longitude': '-87.664467832', 'human_address': '{""address"": """", ""city"": """", ""state"": """", ""zip"": """"}'}"
14069826,JJ539272,2025-12-30T13:50:00.000,050XX S COTTAGE GROVE AVE,5000,OTHER OFFENSE,OTHER CRIME AGAINST PERSON,RESTAURANT,False,False,0223,002,20,38,26,1182443,1871589,2025,2026-03-14T15:41:39.000,41.802855321,-87.606422225,"{'latitude': '41.802855321', 'longitude': '-87.606422225', 'human_address': '{""address"": """", ""city"": """", ""state"": """", ""zip"": """"}'}"
14069994,JJ539369,2025-12-30T13:50:00.000,053XX W CHICAGO AVE,0460,BATTERY,SIMPLE,STREET,False,False,1524,015,37,25,08B,1140789,1904819,2025,2026-03-14T15:41:39.000,41.894908283,-87.758371958,"{'latitude': '41.894908283', 'longitude': '-87.758371958', 'human_address': '{""address"": """", ""city"": """", ""state"": """", ""zip"": """"}'}"
14069589,JJ539297,2025-12-30T13:47:00.000,049XX S KOMENSKY AVE,2820,OTHER OFFENSE,TELEPHONE THREAT,RESIDENCE,False,False,0815,008,14,57,08A,1150196,1871646,2025,2026-03-14T15:41:39.000,41.803699233,-87.724685786,"{'latitude': '41.803699233', 'longitude': '-87.724685786', 'human_address': '{""address"": """", ""city"": """", ""state"": """", ""zip"": """"}'}"
14069603,JJ539149,2025-12-30T13:45:00.000,056XX W WASHINGTON BLVD,051A,ASSAULT,AGGRAVATED - HANDGUN,APARTMENT,False,False,1512,015,29,25,04A,1138446,1900176,2025,2026-03-14T15:41:39.000,41.882210062,-87.76708982,"{'latitude': '41.882210062', 'longitude': '-87.76708982', 'human_address': '{""address"": """", ""city"": """", ""state"": """", ""zip"": """"}'}"
14069534,JJ539121,2025-12-30T13:42:00.000,092XX S STATE ST,502R,OTHER OFFENSE,VEHICLE TITLE / REGISTRATION OFFENSE,STREET,False,False,0634,006,6,49,26,1177918,1843684,2025,2026-03-14T15:41:39.000,41.726384743,-87.623861405,"{'latitude': '41.726384743', 'longitude': '-87.623861405', 'human_address': '{""address"": """", ""city"": """", ""state"": """", ""zip"": """"}'}"
14073367,JK102797,2025-12-30T13:40:00.000,0000X N STATE ST,0860,THEFT,RETAIL THEFT,DEPARTMENT STORE,False,False,0112,001,34,32,06,1176364,1900524,2025,2026-03-14T15:41:39.000,41.882394062,-87.627844798,"{'latitude': '41.882394062', 'longitude': '-87.627844798', 'human_address': '{""address"": """", ""city"": """", ""state"": """", ""zip"": """"}'}"
14069494,JJ539131,2025-12-30T13:35:00.000,012XX N LARRABEE ST,0860,THEFT,RETAIL THEFT,SMALL RETAIL STORE,True,False,1822,018,27,8,06,1172111,1908362,2025,2026-03-14T15:41:39.000,41.903996883,-87.643230238,"{'latitude': '41.903996883', 'longitude': '-87.643230238', 'human_address': '{""address"": """", ""city"": """", ""state"": """", ""zip"": """"}'}"
14069655,JJ539317,2025-12-30T13:34:00.000,064XX S YALE AVE,0710,THEFT,THEFT FROM MOTOR VEHICLE,STREET,False,False,0722,007,6,68,06,1175609,1862380,2025,2026-03-14T15:41:39.000,41.777740745,-87.631760999,"{'latitude': '41.777740745', 'longitude': '-87.631760999', 'human_address': '{""address"": """", ""city"": """", ""state"": """", ""zip"": """"}'}"
14069561,JJ539200,2025-12-30T13:30:00.000,031XX W 15TH ST,2851,PUBLIC PEACE VIOLATION,ARSON THREAT,APARTMENT,False,True,1022,010,24,29,24,1155623,1892683,2025,2026-03-14T15:41:39.000,41.861320168,-87.704217033,"{'latitude': '41.861320168', 'longitude': '-87.704217033', 'human_address': '{""address"": """", ""city"": """", ""state"": """", ""zip"": """"}'}"
14069871,JJ539450,2025-12-30T13:30:00.000,036XX W FULLERTON AVE,0860,THEFT,RETAIL THEFT,GROCERY FOOD STORE,False,False,2525,025,35,22,06,1151858,1915715,2025,2026-03-14T15:41:39.000,41.924597175,-87.717430811,"{'latitude': '41.924597175', 'longitude': '-87.717430811', 'human_address': '{""address"": """", ""city"": """", ""state"": """", ""zip"": """"}'}"
14076610,JK106686,2025-12-30T13:30:00.000,058XX S PAULINA ST,0560,ASSAULT,SIMPLE,APARTMENT,False,False,0715,007,16,67,08A,1166006,1866112,2025,2026-03-14T15:41:39.000,41.788191418,-87.666859716,"{'latitude': '41.788191418', 'longitude': '-87.666859716', 'human_address': '{""address"": """", ""city"": """", ""state"": """", ""zip"": """"}'}"
14069483,JJ539103,2025-12-30T13:20:00.000,001XX N WELLS ST,0460,BATTERY,SIMPLE,CTA PLATFORM,False,False,0122,001,42,32,08B,1174700,1901636,2025,2026-03-14T15:41:39.000,41.88548283,-87.633921684,"{'latitude': '41.88548283', 'longitude': '-87.633921684', 'human_address': '{""address"": """", ""city"": """", ""state"": """", ""zip"": """"}'}"
14069795,JJ539490,2025-12-30T13:20:00.000,003XX E 53RD ST,1320,CRIMINAL DAMAGE,TO VEHICLE,APARTMENT,False,False,0231,002,3,40,14,1179137,1869944,2025,2026-03-14T15:41:39.000,41.798417377,-87.618596866,"{'latitude': '41.798417377', 'longitude': '-87.618596866', 'human_address': '{""address"": """", ""city"": """", ""state"": """", ""zip"": """"}'}"
14069553,JJ539114,2025-12-30T13:17:00.000,080XX S ESCANABA AVE,0430,BATTERY,AGGRAVATED - OTHER DANGEROUS WEAPON,APARTMENT,True,False,0422,004,7,46,04B,1196895,1852242,2025,2026-03-14T15:41:39.000,41.749418352,-87.554064244,"{'latitude': '41.749418352', 'longitude': '-87.554064244', 'human_address': '{""address"": """", ""city"": """", ""state"": """", ""zip"": """"}'}"
14070179,JJ539111,2025-12-30T13:15:00.000,043XX S DR MARTIN LUTHER KING JR DR,0486,BATTERY,DOMESTIC BATTERY SIMPLE,VEHICLE NON-COMMERCIAL,False,True,0215,002,3,38,08B,1179579,1876421,2025,2026-03-14T15:41:39.000,41.816180724,-87.616777947,"{'latitude': '41.816180724', 'longitude': '-87.616777947', 'human_address': '{""address"": """", ""city"": """", ""state"": """", ""zip"": """"}'}"
14069472,JJ539110,2025-12-30T13:14:00.000,054XX W CHICAGO AVE,1310,CRIMINAL DAMAGE,TO PROPERTY,APARTMENT,False,True,1524,015,37,25,14,1139598,1904799,2025,2026-03-14T15:41:39.000,41.894875219,-87.762746731,"{'latitude': '41.894875219', 'longitude': '-87.762746731', 'human_address': '{""address"": """", ""city"": """", ""state"": """", ""zip"": """"}'}"
14069535,JJ539145,2025-12-30T13:14:00.000,046XX S ASHLAND AVE,0870,THEFT,POCKET-PICKING,SIDEWALK,False,False,0924,009,15,61,06,1166454,1873859,2025,2026-03-14T15:41:39.000,41.809440557,-87.664996218,"{'latitude': '41.809440557', 'longitude': '-87.664996218', 'human_address': '{""address"": """", ""city"": """", ""state"": """", ""zip"": """"}'}"
14069563,JJ539107,2025-12-30T13:13:00.000,082XX S LOOMIS BLVD,0326,ROBBERY,AGGRAVATED VEHICULAR HIJACKING,STREET,False,False,0614,006,17,71,03,1168429,1850199,2025,2026-03-14T15:41:39.000,41.744472201,-87.658433322,"{'latitude': '41.744472201', 'longitude': '-87.658433322', 'human_address': '{""address"": """", ""city"": """", ""state"": """", ""zip"": """"}'}"
14071934,JK101387,2025-12-30T13:13:00.000,058XX N RIDGE AVE,2820,OTHER OFFENSE,TELEPHONE THREAT,NURSING / RETIREMENT HOME,False,False,2013,020,48,77,08A,1165024,1939181,2025,2026-03-14T15:41:39.000,41.988719229,-87.668384208,"{'latitude': '41.988719229', 'longitude': '-87.668384208', 'human_address': '{""address"": """", ""city"": """", ""state"": """", ""zip"": """"}'}"
14070046,JJ539730,2025-12-30T13:00:00.000,033XX W LAWRENCE AVE,1305,CRIMINAL DAMAGE,CRIMINAL DEFACEMENT,CTA PARKING LOT / GARAGE / OTHER PROPERTY,False,False,1713,017,33,14,14,1153017,1931689,2025,2026-03-14T15:41:39.000,41.968408072,-87.712747145,"{'latitude': '41.968408072', 'longitude': '-87.712747145', 'human_address': '{""address"": """", ""city"": """", ""state"": """", ""zip"": """"}'}"
14069798,JJ539293,2025-12-30T13:00:00.000,013XX E HYDE PARK BLVD,0710,THEFT,THEFT FROM MOTOR VEHICLE,STREET,False,True,0222,002,4,39,06,1185754,1871450,2025,2026-03-14T15:41:39.000,41.802396414,-87.594283843,"{'latitude': '41.802396414', 'longitude': '-87.594283843', 'human_address': '{""address"": """", ""city"": """", ""state"": """", ""zip"": """"}'}"
14070004,JJ539331,2025-12-30T13:00:00.000,014XX S BLUE ISLAND AVE,031A,ROBBERY,ARMED - HANDGUN,STREET,False,True,1232,012,28,28,03,1168627,1893531,2025,2026-03-14T15:41:39.000,41.863375747,-87.656457451,"{'latitude': '41.863375747', 'longitude': '-87.656457451', 'human_address': '{""address"": """", ""city"": """", ""state"": """", ""zip"": """"}'}"
14069526,JJ539090,2025-12-30T13:00:00.000,047XX W IRVING PARK RD,0520,ASSAULT,AGGRAVATED - KNIFE / CUTTING INSTRUMENT,DEPARTMENT STORE,False,False,1722,017,45,15,04A,1143941,1926170,2025,2026-03-14T15:41:39.000,41.953439027,-87.746258499,"{'latitude': '41.953439027', 'longitude': '-87.746258499', 'human_address': '{""address"": """", ""city"": """", ""state"": """", ""zip"": """"}'}"
14069491,JJ539119,2025-12-30T13:00:00.000,109XX S DOTY AVE W,0860,THEFT,RETAIL THEFT,SMALL RETAIL STORE,True,False,0513,005,9,50,06,1185441,1832670,2025,2026-03-14T15:41:39.000,41.69598756,-87.596649418,"{'latitude': '41.69598756', 'longitude': '-87.596649418', 'human_address': '{""address"": """", ""city"": """", ""state"": """", ""zip"": """"}'}"
14069693,JJ539372,2025-12-30T13:00:00.000,012XX W KINZIE ST,0760,BURGLARY,BURGLARY FROM MOTOR VEHICLE,STREET,False,False,1215,012,27,28,06,1168067,1902840,2025,2026-03-14T15:41:39.000,41.888932456,-87.658244376,"{'latitude': '41.888932456', 'longitude': '-87.658244376', 'human_address': '{""address"": """", ""city"": """", ""state"": """", ""zip"": """"}'}"
14070099,JJ539442,2025-12-30T13:00:00.000,024XX S TRUMBULL AVE,0820,THEFT,$500 AND UNDER,VEHICLE NON-COMMERCIAL,False,False,1024,010,22,30,06,1153756,1887525,2025,2026-03-14T15:41:39.000,41.847203354,-87.711207646,"{'latitude': '41.847203354', 'longitude': '-87.711207646', 'human_address': '{""address"": """", ""city"": """", ""state"": """", ""zip"": """"}'}"
14070207,JJ539986,2025-12-30T13:00:00.000,025XX S CHRISTIANA AVE,1320,CRIMINAL DAMAGE,TO VEHICLE,STREET,False,False,1024,010,25,30,14,1154437,1886913,2025,2026-03-14T15:41:39.000,41.845510389,-87.708724699,"{'latitude': '41.845510389', 'longitude': '-87.708724699', 'human_address': '{""address"": """", ""city"": """", ""state"": """", ""zip"": """"}'}"
14069839,JJ539327,2025-12-30T13:00:00.000,012XX W GREENLEAF AVE,0810,THEFT,OVER $500,OTHER (SPECIFY),False,False,2423,024,49,1,06,1166921,1947102,2025,2026-03-14T15:41:39.000,42.010413978,-87.661178143,"{'latitude': '42.010413978', 'longitude': '-87.661178143', 'human_address': '{""address"": """", ""city"": """", ""state"": """", ""zip"": """"}'}"
14075025,JK105065,2025-12-30T13:00:00.000,062XX S DREXEL AVE,2826,OTHER OFFENSE,HARASSMENT BY ELECTRONIC MEANS,APARTMENT,False,False,0313,003,20,42,26,1183080,1863788,2025,2026-03-14T15:41:39.000,41.781433905,-87.604328689,"{'latitude': '41.781433905', 'longitude': '-87.604328689', 'human_address': '{""address"": """", ""city"": """", ""state"": """", ""zip"": """"}'}"
14076872,JK107276,2025-12-30T13:00:00.000,032XX N KEDZIE AVE,0820,THEFT,$500 AND UNDER,APARTMENT,False,False,1733,017,35,21,06,1154475,1921533,2025,2026-03-14T15:41:39.000,41.940510231,-87.707658764,"{'latitude': '41.940510231', 'longitude': '-87.707658764', 'human_address': '{""address"": """", ""city"": """", ""state"": """", ""zip"": """"}'}"
14077863,JK108356,2025-12-30T13:00:00.000,020XX S STATE ST,1153,DECEPTIVE PRACTICE,FINANCIAL IDENTITY THEFT OVER $ 300,RESIDENCE,False,False,0131,001,3,33,11,1176640,1890521,2025,2026-03-14T15:41:39.000,41.854938976,-87.62713351,"{'latitude': '41.854938976', 'longitude': '-87.62713351', 'human_address': '{""address"": """", ""city"": """", ""state"": """", ""zip"": """"}'}"
14069583,JJ539137,2025-12-30T12:55:00.000,006XX N KEDZIE AVE,2022,NARCOTICS,POSSESS - COCAINE,RESIDENCE - YARD (FRONT / BACK),True,False,1221,012,27,23,18,1154928,1904048,2025,2026-03-14T15:41:39.000,41.892520844,-87.706463551,"{'latitude': '41.892520844', 'longitude': '-87.706463551', 'human_address': '{""address"": """", ""city"": """", ""state"": """", ""zip"": """"}'}"
14069758,JJ539079,2025-12-30T12:48:00.000,048XX N WASHTENAW AVE,1345,CRIMINAL DAMAGE,TO CITY OF CHICAGO PROPERTY,STREET,False,False,2031,020,40,4,14,1157502,1931874,2025,2026-03-14T15:41:39.000,41.968825392,-87.696250919,"{'latitude': '41.968825392', 'longitude': '-87.696250919', 'human_address': '{""address"": """", ""city"": """", ""state"": """", ""zip"": """"}'}"
14069641,JJ539080,2025-12-30T12:45:00.000,053XX S COTTAGE GROVE AVE,0460,BATTERY,SIMPLE,APARTMENT,False,False,0233,002,20,41,08B,1182491,1869797,2025,2026-03-14T15:41:39.000,41.797936811,-87.606301777,"{'latitude': '41.797936811', 'longitude': '-87.606301777', 'human_address': '{""address"": """", ""city"": """", ""state"": """", ""zip"": """"}'}"
14074142,JK103295,2025-12-30T12:44:00.000,015XX N KINGSBURY ST,0860,THEFT,RETAIL THEFT,DEPARTMENT STORE,False,False,1822,018,27,8,06,1169206,1910721,2025,2026-03-14T15:41:39.000,41.910533752,-87.653832316,"{'latitude': '41.910533752', 'longitude': '-87.653832316', 'human_address': '{""address"": """", ""city"": """", ""state"": """", ""zip"": """"}'}"
14070194,JJ539130,2025-12-30T12:43:00.000,052XX W CONGRESS PKWY,501A,OTHER OFFENSE,ANIMAL ABUSE / NEGLECT,APARTMENT,False,False,1522,015,29,25,26,1141503,1897180,2025,2026-03-14T15:41:39.000,41.87393276,-87.755938363,"{'latitude': '41.87393276', 'longitude': '-87.755938363', 'human_address': '{""address"": """", ""city"": """", ""state"": """", ""zip"": """"}'}"
14069533,JJ539073,2025-12-30T12:39:00.000,009XX N MICHIGAN AVE,0860,THEFT,RETAIL THEFT,SMALL RETAIL STORE,False,False,1833,018,42,8,06,1177324,1906733,2025,2026-03-14T15:41:39.000,41.899410159,-87.624131266,"{'latitude': '41.899410159', 'longitude': '-87.624131266', 'human_address': '{""address"": """", ""city"": """", ""state"": """", ""zip"": """"}'}"
14069508,JJ539063,2025-12-30T12:37:00.000,017XX W HOWARD ST,0460,BATTERY,SIMPLE,ALLEY,False,False,2422,024,49,1,08B,1163126,1950347,2025,2026-03-14T15:41:39.000,42.019399237,-87.675049485,"{'latitude': '42.019399237', 'longitude': '-87.675049485', 'human_address': '{""address"": """", ""city"": """", ""state"": """", ""zip"": """"}'}"
14069505,JJ539058,2025-12-30T12:30:00.000,064XX N DAMEN AVE,0460,BATTERY,SIMPLE,APARTMENT,False,False,2412,024,50,2,08B,1161793,1942813,2025,2026-03-14T15:41:39.000,41.998753778,-87.680166293,"{'latitude': '41.998753778', 'longitude': '-87.680166293', 'human_address': '{""address"": """", ""city"": """", ""state"": """", ""zip"": """"}'}"
14069802,JJ539194,2025-12-30T12:30:00.000,053XX S KIMBARK AVE,0710,THEFT,THEFT FROM MOTOR VEHICLE,STREET,False,False,0234,002,5,41,06,1185564,1870250,2025,2026-03-14T15:41:39.000,41.799108004,-87.595018445,"{'latitude': '41.799108004', 'longitude': '-87.595018445', 'human_address': '{""address"": """", ""city"": """", ""state"": """", ""zip"": """"}'}"
14069498,JJ539076,2025-12-30T12:30:00.000,001XX E CHICAGO AVE,0860,THEFT,RETAIL THEFT,DEPARTMENT STORE,True,False,1833,018,2,8,06,1177003,1905748,2025,2026-03-14T15:41:39.000,41.896714548,-87.625340136,"{'latitude': '41.896714548', 'longitude': '-87.625340136', 'human_address': '{""address"": """", ""city"": """", ""state"": """", ""zip"": """"}'}"
14069734,JJ539074,2025-12-30T12:30:00.000,016XX N ROCKWELL ST,0281,CRIMINAL SEXUAL ASSAULT,NON-AGGRAVATED,APARTMENT,False,True,1434,014,1,24,02,1158781,1910859,2025,2026-03-14T15:41:39.000,41.911132677,-87.692126051,"{'latitude': '41.911132677', 'longitude': '-87.692126051', 'human_address': '{""address"": """", ""city"": """", ""state"": """", ""zip"": """"}'}"
14076055,JK106259,2025-12-30T12:30:00.000,019XX S STATE ST,1242,DECEPTIVE PRACTICE,COMPUTER FRAUD,ATM (AUTOMATIC TELLER MACHINE),False,False,0131,001,3,33,11,1176628,1890938,2025,2026-03-14T15:41:39.000,41.856083523,-87.627164967,"{'latitude': '41.856083523', 'longitude': '-87.627164967', 'human_address': '{""address"": """", ""city"": """", ""state"": """", ""zip"": """"}'}"
14069489,JJ539027,2025-12-30T12:11:00.000,060XX S ASHLAND AVE,051A,ASSAULT,AGGRAVATED - HANDGUN,STREET,False,False,0713,007,16,67,04A,1166704,1864729,2025,2026-03-14T15:41:39.000,41.78438142,-87.664339872,"{'latitude': '41.78438142', 'longitude': '-87.664339872', 'human_address': '{""address"": """", ""city"": """", ""state"": """", ""zip"": """"}'}"
14069495,JJ539042,2025-12-30T12:08:00.000,012XX W 73RD PL,1822,NARCOTICS,MANUFACTURE / DELIVER - CANNABIS OVER 10 GRAMS,VACANT LOT / LAND,True,False,0734,007,17,67,18,1169094,1856038,2025,2026-03-14T15:41:39.000,41.760480866,-87.655828204,"{'latitude': '41.760480866', 'longitude': '-87.655828204', 'human_address': '{""address"": """", ""city"": """", ""state"": """", ""zip"": """"}'}"
14069468,JJ539062,2025-12-30T12:08:00.000,044XX N BROADWAY,1330,CRIMINAL TRESPASS,TO LAND,SMALL RETAIL STORE,False,False,1913,019,46,3,26,1168469,1929861,2025,2026-03-14T15:41:39.000,41.963070794,-87.655984213,"{'latitude': '41.963070794', 'longitude': '-87.655984213', 'human_address': '{""address"": """", ""city"": """", ""state"": """", ""zip"": """"}'}"
14095171,JK130509,2025-12-30T12:07:00.000,021XX W MADISON ST,0810,THEFT,OVER $500,RESIDENCE - PORCH / HALLWAY,False,False,1223,012,27,28,06,1162118,1899999,2025,2026-03-14T15:41:39.000,41.881262865,-87.680170776,"{'latitude': '41.881262865', 'longitude': '-87.680170776', 'human_address': '{""address"": """", ""city"": """", ""state"": """", ""zip"": """"}'}"
14120021,JK160554,2025-12-30T12:00:00.000,006XX N KINGSBURY ST,1261,DECEPTIVE PRACTICE,UNAUTHORIZED VIDEOTAPING,APARTMENT,False,False,1831,018,42,8,11,1172650,1904491,2025,2026-03-14T15:41:39.000,41.893362725,-87.641365059,"{'latitude': '41.893362725', 'longitude': '-87.641365059', 'human_address': '{""address"": """", ""city"": """", ""state"": """", ""zip"": """"}'}"
14069895,JJ539488,2025-12-30T12:00:00.000,057XX S LAKE SHORE DR,1320,CRIMINAL DAMAGE,TO VEHICLE,PARKING LOT / GARAGE (NON RESIDENTIAL),False,False,0331,003,5,41,14,1189729,1867390,2025,2026-03-14T15:41:39.000,41.791160785,-87.579836586,"{'latitude': '41.791160785', 'longitude': '-87.579836586', 'human_address': '{""address"": """", ""city"": """", ""state"": """", ""zip"": """"}'}"
14070260,JJ539018,2025-12-30T12:00:00.000,080XX S ESCANABA AVE,0560,ASSAULT,SIMPLE,APARTMENT,False,False,0422,004,7,46,08A,1196895,1852242,2025,2026-03-14T15:41:39.000,41.749418352,-87.554064244,"{'latitude': '41.749418352', 'longitude': '-87.554064244', 'human_address': '{""address"": """", ""city"": """", ""state"": """", ""zip"": """"}'}"
14069638,JJ539381,2025-12-30T12:00:00.000,015XX S TRIPP AVE,0486,BATTERY,DOMESTIC BATTERY SIMPLE,RESIDENCE,False,True,1012,010,24,29,08B,1148302,1892191,2025,2026-03-14T15:41:39.000,41.860114126,-87.731103885,"{'latitude': '41.860114126', 'longitude': '-87.731103885', 'human_address': '{""address"": """", ""city"": """", ""state"": """", ""zip"": """"}'}"
14069668,JJ539413,2025-12-30T12:00:00.000,017XX N PAULINA ST,0890,THEFT,FROM BUILDING,APARTMENT,False,False,1433,014,32,24,06,1164741,1911722,2025,2026-03-14T15:41:39.000,41.913376455,-87.670206562,"{'latitude': '41.913376455', 'longitude': '-87.670206562', 'human_address': '{""address"": """", ""city"": """", ""state"": """", ""zip"": """"}'}"
14069440,JJ539082,2025-12-30T12:00:00.000,078XX S COTTAGE GROVE AVE,0820,THEFT,$500 AND UNDER,CTA BUS,False,False,0624,006,6,69,06,1182921,1853298,2025,2026-03-14T15:41:39.000,41.752652015,-87.605237166,"{'latitude': '41.752652015', 'longitude': '-87.605237166', 'human_address': '{""address"": """", ""city"": """", ""state"": """", ""zip"": """"}'}"
14069727,JJ539532,2025-12-30T12:00:00.000,054XX S MASSASOIT AVE,5000,OTHER OFFENSE,OTHER CRIME AGAINST PERSON,APARTMENT,False,True,0811,008,23,56,26,1138845,1868275,2025,2026-03-14T15:41:39.000,41.794661668,-87.766397859,"{'latitude': '41.794661668', 'longitude': '-87.766397859', 'human_address': '{""address"": """", ""city"": """", ""state"": """", ""zip"": """"}'}"
14069569,JJ539157,2025-12-30T12:00:00.000,047XX W BERENICE AVE,0820,THEFT,$500 AND UNDER,RESIDENCE,False,False,1731,017,45,15,06,1144207,1925172,2025,2026-03-14T15:41:39.000,41.950695424,-87.745305821,"{'latitude': '41.950695424', 'longitude': '-87.745305821', 'human_address': '{""address"": """", ""city"": """", ""state"": """", ""zip"": """"}'}"
14082707,JK113883,2025-12-30T12:00:00.000,025XX W CHICAGO AVE,0810,THEFT,OVER $500,VEHICLE NON-COMMERCIAL,False,False,1211,012,36,24,06,1159364,1905242,2025,2026-03-14T15:41:39.000,41.895707193,-87.690139022,"{'latitude': '41.895707193', 'longitude': '-87.690139022', 'human_address': '{""address"": """", ""city"": """", ""state"": """", ""zip"": """"}'}"
14082687,JK113887,2025-12-30T12:00:00.000,025XX W CHICAGO AVE,1150,DECEPTIVE PRACTICE,CREDIT CARD FRAUD,RESIDENCE,False,False,1211,012,36,24,11,1159364,1905242,2025,2026-03-14T15:41:39.000,41.895707193,-87.690139022,"{'latitude': '41.895707193', 'longitude': '-87.690139022', 'human_address': '{""address"": """", ""city"": """", ""state"": """", ""zip"": """"}'}"
14075672,JK105731,2025-12-30T12:00:00.000,041XX S MAPLEWOOD AVE,1153,DECEPTIVE PRACTICE,FINANCIAL IDENTITY THEFT OVER $ 300,RESIDENCE,False,False,0921,009,12,58,11,1160051,1877041,2025,2026-03-14T15:41:39.000,41.818306598,-87.68839382,"{'latitude': '41.818306598', 'longitude': '-87.68839382', 'human_address': '{""address"": """", ""city"": """", ""state"": """", ""zip"": """"}'}"
14089468,JK123227,2025-12-30T12:00:00.000,074XX W TALCOTT AVE,0810,THEFT,OVER $500,HOSPITAL BUILDING / GROUNDS,False,False,1612,016,41,10,06,1125755,1938877,2025,2026-03-14T15:41:39.000,41.988630807,-87.812829371,"{'latitude': '41.988630807', 'longitude': '-87.812829371', 'human_address': '{""address"": """", ""city"": """", ""state"": """", ""zip"": """"}'}"
14069499,JJ539060,2025-12-30T11:42:00.000,0000X E 59TH ST,2025,NARCOTICS,POSSESS - HALLUCINOGENS,STREET,True,False,0232,002,20,40,18,1177591,1865910,2025,2026-03-14T15:41:39.000,41.787382824,-87.624388303,"{'latitude': '41.787382824', 'longitude': '-87.624388303', 'human_address': '{""address"": """", ""city"": """", ""state"": """", ""zip"": """"}'}"
14070506,JJ539014,2025-12-30T11:42:00.000,002XX N LA SALLE ST,1330,CRIMINAL TRESPASS,TO LAND,RESTAURANT,False,False,0122,001,42,32,26,1175098,1901792,2025,2026-03-14T15:41:39.000,41.885901992,-87.632455489,"{'latitude': '41.885901992', 'longitude': '-87.632455489', 'human_address': '{""address"": """", ""city"": """", ""state"": """", ""zip"": """"}'}"
14072003,JJ539020,2025-12-30T11:36:00.000,010XX W LAKE ST,0860,THEFT,RETAIL THEFT,DRUG STORE,False,False,1214,012,27,28,06,1169328,1901620,2025,2026-03-14T15:41:39.000,41.885557376,-87.65364901,"{'latitude': '41.885557376', 'longitude': '-87.65364901', 'human_address': '{""address"": """", ""city"": """", ""state"": """", ""zip"": """"}'}"
14069425,JJ538979,2025-12-30T11:35:00.000,020XX W 47TH ST,0460,BATTERY,SIMPLE,RESTAURANT,False,False,0924,009,15,61,08B,1163779,1873499,2025,2026-03-14T15:41:39.000,41.808509341,-87.674817794,"{'latitude': '41.808509341', 'longitude': '-87.674817794', 'human_address': '{""address"": """", ""city"": """", ""state"": """", ""zip"": """"}'}"
14069926,JJ539197,2025-12-30T11:35:00.000,0000X E WASHINGTON ST,1130,DECEPTIVE PRACTICE,FRAUD OR CONFIDENCE GAME,BANK,False,False,0112,001,34,32,11,1176434,1900825,2025,2026-03-14T15:41:39.000,41.883218443,-87.627578671,"{'latitude': '41.883218443', 'longitude': '-87.627578671', 'human_address': '{""address"": """", ""city"": """", ""state"": """", ""zip"": """"}'}"
14069804,JJ539168,2025-12-30T11:35:00.000,067XX S MORGAN ST,2820,OTHER OFFENSE,TELEPHONE THREAT,RESIDENCE,False,False,0724,007,16,68,08A,1170807,1860102,2025,2026-03-14T15:41:39.000,41.771595795,-87.649431579,"{'latitude': '41.771595795', 'longitude': '-87.649431579', 'human_address': '{""address"": """", ""city"": """", ""state"": """", ""zip"": """"}'}"
14108050,JK145758,2025-12-30T11:33:00.000,061XX N KENMORE AVE,0810,THEFT,OVER $500,OTHER (SPECIFY),False,False,2433,024,48,77,06,1168126,1940989,2025,2026-03-14T15:41:39.000,41.993613762,-87.656922219,"{'latitude': '41.993613762', 'longitude': '-87.656922219', 'human_address': '{""address"": """", ""city"": """", ""state"": """", ""zip"": """"}'}"
14069558,JJ539144,2025-12-30T11:30:00.000,067XX S NORMAL BLVD,0910,MOTOR VEHICLE THEFT,AUTOMOBILE,STREET,False,False,0722,007,6,68,07,1174117,1859984,2025,2026-03-14T15:41:39.000,41.771199121,-87.637301763,"{'latitude': '41.771199121', 'longitude': '-87.637301763', 'human_address': '{""address"": """", ""city"": """", ""state"": """", ""zip"": """"}'}"
14069457,JJ539089,2025-12-30T11:30:00.000,016XX W BELMONT AVE,1581,SEX OFFENSE,NON-CONSENSUAL DISSEMINATION OF PRIVATE SEXUAL IMAGES,APARTMENT,False,False,1922,019,32,6,17,1164753,1921308,2025,2026-03-14T15:41:39.000,41.939680753,-87.669889991,"{'latitude': '41.939680753', 'longitude': '-87.669889991', 'human_address': '{""address"": """", ""city"": """", ""state"": """", ""zip"": """"}'}"
14069419,JJ538982,2025-12-30T11:30:00.000,024XX W NORTH AVE,0860,THEFT,RETAIL THEFT,DEPARTMENT STORE,True,False,1434,014,1,24,06,1159674,1910563,2025,2026-03-14T15:41:39.000,41.910302064,-87.68885364,"{'latitude': '41.910302064', 'longitude': '-87.68885364', 'human_address': '{""address"": """", ""city"": """", ""state"": """", ""zip"": """"}'}"
14088432,JK121946,2025-12-30T11:30:00.000,048XX S CICERO AVE,1152,DECEPTIVE PRACTICE,ILLEGAL USE CASH CARD,APARTMENT,False,False,0815,008,22,56,11,1145174,1872094,2025,2026-03-14T15:41:39.000,41.805024727,-87.743092959,"{'latitude': '41.805024727', 'longitude': '-87.743092959', 'human_address': '{""address"": """", ""city"": """", ""state"": """", ""zip"": """"}'}"
14069452,JJ538997,2025-12-30T11:25:00.000,067XX S KEATING AVE,0560,ASSAULT,SIMPLE,PARKING LOT / GARAGE (NON RESIDENTIAL),False,False,0833,008,23,65,08A,1146002,1859606,2025,2026-03-14T15:41:39.000,41.770739979,-87.740372036,"{'latitude': '41.770739979', 'longitude': '-87.740372036', 'human_address': '{""address"": """", ""city"": """", ""state"": """", ""zip"": """"}'}"
14069369,JJ538956,2025-12-30T11:20:00.000,009XX W EASTMAN ST,0860,THEFT,RETAIL THEFT,DEPARTMENT STORE,True,False,1822,018,27,8,06,1169945,1909432,2025,2026-03-14T15:41:39.000,41.906980565,-87.651155185,"{'latitude': '41.906980565', 'longitude': '-87.651155185', 'human_address': '{""address"": """", ""city"": """", ""state"": """", ""zip"": """"}'}"
14069374,JJ538946,2025-12-30T11:15:00.000,045XX S ARCHER AVE,0930,MOTOR VEHICLE THEFT,THEFT / RECOVERY - AUTOMOBILE,OTHER (SPECIFY),False,False,0821,008,12,58,07,1154063,1874074,2025,2026-03-14T15:41:39.000,41.810285982,-87.710438879,"{'latitude': '41.810285982', 'longitude': '-87.710438879', 'human_address': '{""address"": """", ""city"": """", ""state"": """", ""zip"": """"}'}"
14069854,JJ538954,2025-12-30T11:15:00.000,039XX W 47TH ST,0860,THEFT,RETAIL THEFT,DRUG STORE,False,False,0821,008,14,57,06,1150702,1873176,2025,2026-03-14T15:41:39.000,41.807887928,-87.722790148,"{'latitude': '41.807887928', 'longitude': '-87.722790148', 'human_address': '{""address"": """", ""city"": """", ""state"": """", ""zip"": """"}'}"
14069416,JJ538972,2025-12-30T11:10:00.000,0000X E ELM ST,0760,BURGLARY,BURGLARY FROM MOTOR VEHICLE,STREET,False,False,1824,018,2,8,06,1176505,1908110,2025,2026-03-14T15:41:39.000,41.90320725,-87.62709777,"{'latitude': '41.90320725', 'longitude': '-87.62709777', 'human_address': '{""address"": """", ""city"": """", ""state"": """", ""zip"": """"}'}"
14070444,JJ540243,2025-12-30T11:10:00.000,043XX S ELLIS AVE,0486,BATTERY,DOMESTIC BATTERY SIMPLE,APARTMENT,False,True,0222,002,4,39,08B,1183653,1876392,2025,2026-03-14T15:41:39.000,41.81600695,-87.601834735,"{'latitude': '41.81600695', 'longitude': '-87.601834735', 'human_address': '{""address"": """", ""city"": """", ""state"": """", ""zip"": """"}'}"
14069426,JJ538953,2025-12-30T11:08:00.000,015XX E 67TH ST,0860,THEFT,RETAIL THEFT,SMALL RETAIL STORE,False,False,0332,003,5,43,06,1187705,1860871,2025,2026-03-14T15:41:39.000,41.773320568,-87.587465382,"{'latitude': '41.773320568', 'longitude': '-87.587465382', 'human_address': '{""address"": """", ""city"": """", ""state"": """", ""zip"": """"}'}"
14069445,JJ538955,2025-12-30T11:08:00.000,053XX N CLARK ST,0313,ROBBERY,ARMED - OTHER DANGEROUS WEAPON,SMALL RETAIL STORE,True,False,2013,020,48,77,03,1165069,1935493,2025,2026-03-14T15:41:39.000,41.978598284,-87.668324014,"{'latitude': '41.978598284', 'longitude': '-87.668324014', 'human_address': '{""address"": """", ""city"": """", ""state"": """", ""zip"": """"}'}"
14069383,JJ538964,2025-12-30T11:06:00.000,048XX W IRVING PARK RD,4650,OTHER OFFENSE,SEX OFFENDER - FAIL TO REGISTER,APARTMENT,True,False,1634,016,45,15,26,1143312,1926152,2025,2026-03-14T15:41:39.000,41.953401434,-87.748571238,"{'latitude': '41.953401434', 'longitude': '-87.748571238', 'human_address': '{""address"": """", ""city"": """", ""state"": """", ""zip"": """"}'}"
14069411,JJ539041,2025-12-30T11:00:00.000,013XX W ANCONA ST,0810,THEFT,OVER $500,STREET,False,False,1215,012,27,24,06,1167256,1904645,2025,2026-03-14T15:41:39.000,41.893902975,-87.661170741,"{'latitude': '41.893902975', 'longitude': '-87.661170741', 'human_address': '{""address"": """", ""city"": """", ""state"": """", ""zip"": """"}'}"
14070168,JJ539898,2025-12-30T11:00:00.000,043XX W MAYPOLE AVE,0820,THEFT,$500 AND UNDER,APARTMENT,False,False,1114,011,28,26,06,1147246,1901098,2025,2026-03-14T15:41:39.000,41.884576259,-87.734752219,"{'latitude': '41.884576259', 'longitude': '-87.734752219', 'human_address': '{""address"": """", ""city"": """", ""state"": """", ""zip"": """"}'}"
14069463,JJ539005,2025-12-30T11:00:00.000,059XX W CORCORAN PL,0910,MOTOR VEHICLE THEFT,AUTOMOBILE,RESIDENCE - YARD (FRONT / BACK),True,False,1512,015,29,25,07,1136933,1901960,2025,2026-03-14T15:41:39.000,41.887132853,-87.772602845,"{'latitude': '41.887132853', 'longitude': '-87.772602845', 'human_address': '{""address"": """", ""city"": """", ""state"": """", ""zip"": """"}'}"
14069607,JJ539214,2025-12-30T11:00:00.000,025XX S SPAULDING AVE,1130,DECEPTIVE PRACTICE,FRAUD OR CONFIDENCE GAME,APARTMENT,False,False,1024,010,25,30,11,1154767,1886989,2025,2026-03-14T15:41:39.000,41.845712349,-87.707511593,"{'latitude': '41.845712349', 'longitude': '-87.707511593', 'human_address': '{""address"": """", ""city"": """", ""state"": """", ""zip"": """"}'}"
14069329,JJ538981,2025-12-30T11:00:00.000,045XX S SAWYER AVE,0810,THEFT,OVER $500,VEHICLE NON-COMMERCIAL,False,False,0821,008,12,58,06,1155459,1874394,2025,2026-03-14T15:41:39.000,41.811136225,-87.705309902,"{'latitude': '41.811136225', 'longitude': '-87.705309902', 'human_address': '{""address"": """", ""city"": """", ""state"": """", ""zip"": """"}'}"
14073348,JK102724,2025-12-30T11:00:00.000,076XX S SOUTH SHORE DR,0820,THEFT,$500 AND UNDER,RESIDENCE,False,False,0421,004,7,43,06,1196640,1855494,2025,2026-03-14T15:41:39.000,41.75834841,-87.554890825,"{'latitude': '41.75834841', 'longitude': '-87.554890825', 'human_address': '{""address"": """", ""city"": """", ""state"": """", ""zip"": """"}'}"
14094428,JK129213,2025-12-30T11:00:00.000,022XX W 111TH ST,1154,DECEPTIVE PRACTICE,FINANCIAL IDENTITY THEFT $300 AND UNDER,APARTMENT,False,False,2212,022,19,75,11,1163581,1830983,2025,2026-03-14T15:41:39.000,41.691843338,-87.676734029,"{'latitude': '41.691843338', 'longitude': '-87.676734029', 'human_address': '{""address"": """", ""city"": """", ""state"": """", ""zip"": """"}'}"
14069443,JJ538935,2025-12-30T10:53:00.000,004XX E 111TH ST,143A,WEAPONS VIOLATION,UNLAWFUL POSSESSION - HANDGUN,STREET,True,False,0531,005,9,49,15,1181108,1831452,2025,2026-03-14T15:41:39.000,41.692745804,-87.61255129,"{'latitude': '41.692745804', 'longitude': '-87.61255129', 'human_address': '{""address"": """", ""city"": """", ""state"": """", ""zip"": """"}'}"
14069785,JJ539002,2025-12-30T10:45:00.000,037XX W ARTHINGTON ST,0497,BATTERY,AGGRAVATED DOMESTIC BATTERY - OTHER DANGEROUS WEAPON,STREET,True,True,1133,011,24,29,04B,1151684,1895781,2025,2026-03-14T15:41:39.000,41.86989973,-87.718594993,"{'latitude': '41.86989973', 'longitude': '-87.718594993', 'human_address': '{""address"": """", ""city"": """", ""state"": """", ""zip"": """"}'}"
14069415,JJ538945,2025-12-30T10:45:00.000,002XX E CHICAGO AVE,0486,BATTERY,DOMESTIC BATTERY SIMPLE,HOSPITAL BUILDING / GROUNDS,False,True,1833,018,2,8,08B,1178058,1905778,2025,2026-03-14T15:41:39.000,41.896772914,-87.621464432,"{'latitude': '41.896772914', 'longitude': '-87.621464432', 'human_address': '{""address"": """", ""city"": """", ""state"": """", ""zip"": """"}'}"
14069372,JJ538906,2025-12-30T10:43:00.000,002XX W ADAMS ST,0860,THEFT,RETAIL THEFT,SMALL RETAIL STORE,False,False,0122,001,42,32,06,1174663,1899413,2025,2026-03-14T15:41:39.000,41.879383612,-87.634124064,"{'latitude': '41.879383612', 'longitude': '-87.634124064', 'human_address': '{""address"": """", ""city"": """", ""state"": """", ""zip"": """"}'}"
14069328,JJ538911,2025-12-30T10:42:00.000,015XX S LAWNDALE AVE,2024,NARCOTICS,POSSESS - HEROIN (WHITE),STREET,True,False,1014,010,24,29,18,1151962,1892122,2025,2026-03-14T15:41:39.000,41.859853548,-87.717670703,"{'latitude': '41.859853548', 'longitude': '-87.717670703', 'human_address': '{""address"": """", ""city"": """", ""state"": """", ""zip"": """"}'}"
14069357,JJ538915,2025-12-30T10:42:00.000,107XX S MICHIGAN AVE,143A,WEAPONS VIOLATION,UNLAWFUL POSSESSION - HANDGUN,STREET,True,False,0513,005,9,49,15,1178808,1833706,2025,2026-03-14T15:41:39.000,41.698983605,-87.620903694,"{'latitude': '41.698983605', 'longitude': '-87.620903694', 'human_address': '{""address"": """", ""city"": """", ""state"": """", ""zip"": """"}'}"
14069413,JJ538916,2025-12-30T10:41:00.000,002XX W DIVISION ST,0860,THEFT,RETAIL THEFT,GROCERY FOOD STORE,True,False,1823,018,27,8,06,1174391,1908327,2025,2026-03-14T15:41:39.000,41.903850204,-87.634856354,"{'latitude': '41.903850204', 'longitude': '-87.634856354', 'human_address': '{""address"": """", ""city"": """", ""state"": """", ""zip"": """"}'}"
14069318,JJ538907,2025-12-30T10:30:00.000,063XX N SHERIDAN RD,2820,OTHER OFFENSE,TELEPHONE THREAT,APARTMENT,False,False,2433,024,48,77,08A,1168478,1942177,2025,2026-03-14T15:41:39.000,41.996866019,-87.655592844,"{'latitude': '41.996866019', 'longitude': '-87.655592844', 'human_address': '{""address"": """", ""city"": """", ""state"": """", ""zip"": """"}'}"
14070015,JJ539714,2025-12-30T10:30:00.000,052XX S PEORIA ST,0560,ASSAULT,SIMPLE,SIDEWALK,False,False,0934,009,20,61,08A,1171197,1870100,2025,2026-03-14T15:41:39.000,41.799022932,-87.647709727,"{'latitude': '41.799022932', 'longitude': '-87.647709727', 'human_address': '{""address"": """", ""city"": """", ""state"": """", ""zip"": """"}'}"
14069382,JJ538957,2025-12-30T10:30:00.000,032XX N ASHLAND AVE,0860,THEFT,RETAIL THEFT,SMALL RETAIL STORE,True,False,1922,019,32,6,06,1165085,1921399,2025,2026-03-14T15:41:39.000,41.939923405,-87.668667203,"{'latitude': '41.939923405', 'longitude': '-87.668667203', 'human_address': '{""address"": """", ""city"": """", ""state"": """", ""zip"": """"}'}"
14075589,JK105657,2025-12-30T10:30:00.000,077XX S SOUTH CHICAGO AVE,0910,MOTOR VEHICLE THEFT,AUTOMOBILE,PARKING LOT / GARAGE (NON RESIDENTIAL),False,False,0411,004,8,45,07,1187313,1853846,2025,2026-03-14T15:41:39.000,41.754052659,-87.58912514,"{'latitude': '41.754052659', 'longitude': '-87.58912514', 'human_address': '{""address"": """", ""city"": """", ""state"": """", ""zip"": """"}'}"
14075916,JK105734,2025-12-30T10:30:00.000,003XX E 60TH ST,0910,MOTOR VEHICLE THEFT,AUTOMOBILE,STREET,False,False,0232,002,20,40,07,1179692,1865309,2025,2026-03-14T15:41:39.000,41.785685825,-87.616703277,"{'latitude': '41.785685825', 'longitude': '-87.616703277', 'human_address': '{""address"": """", ""city"": """", ""state"": """", ""zip"": """"}'}"
14069467,JJ538933,2025-12-30T10:19:00.000,0000X E 83RD ST,502R,OTHER OFFENSE,VEHICLE TITLE / REGISTRATION OFFENSE,STREET,False,False,0632,006,6,44,26,1177842,1849979,2025,2026-03-14T15:41:39.000,41.743660727,-87.623949738,"{'latitude': '41.743660727', 'longitude': '-87.623949738', 'human_address': '{""address"": """", ""city"": """", ""state"": """", ""zip"": """"}'}"
14073365,JK102743,2025-12-30T10:17:00.000,069XX S GREEN ST,0820,THEFT,$500 AND UNDER,VEHICLE - DELIVERY TRUCK,False,False,0733,007,16,68,06,1171832,1858811,2025,2026-03-14T15:41:39.000,41.768030707,-87.645712113,"{'latitude': '41.768030707', 'longitude': '-87.645712113', 'human_address': '{""address"": """", ""city"": """", ""state"": """", ""zip"": """"}'}"
14069313,JJ538943,2025-12-30T10:10:00.000,056XX S ARCHER AVE,0810,THEFT,OVER $500,COMMERCIAL / BUSINESS OFFICE,False,False,0814,008,23,56,06,1142738,1869263,2025,2026-03-14T15:41:39.000,41.797301563,-87.752097534,"{'latitude': '41.797301563', 'longitude': '-87.752097534', 'human_address': '{""address"": """", ""city"": """", ""state"": """", ""zip"": """"}'}"
14069315,JJ538875,2025-12-30T10:05:00.000,063XX S CLAREMONT AVE,0460,BATTERY,SIMPLE,OTHER (SPECIFY),False,False,0825,008,16,66,08B,1161829,1862607,2025,2026-03-14T15:41:39.000,41.778661058,-87.68227253,"{'latitude': '41.778661058', 'longitude': '-87.68227253', 'human_address': '{""address"": """", ""city"": """", ""state"": """", ""zip"": """"}'}"
14069642,JJ539309,2025-12-30T10:00:00.000,004XX E 95TH ST,0320,ROBBERY,STRONG ARM - NO WEAPON,GAS STATION,False,False,0633,006,8,49,03,1180667,1842071,2025,2026-03-14T15:41:39.000,41.721895856,-87.613841024,"{'latitude': '41.721895856', 'longitude': '-87.613841024', 'human_address': '{""address"": """", ""city"": """", ""state"": """", ""zip"": """"}'}"
14069344,JJ538880,2025-12-30T10:00:00.000,013XX S LAWNDALE AVE,0486,BATTERY,DOMESTIC BATTERY SIMPLE,RESIDENCE,True,True,1011,010,24,29,08B,1151922,1893486,2025,2026-03-14T15:41:39.000,41.863597309,-87.717781635,"{'latitude': '41.863597309', 'longitude': '-87.717781635', 'human_address': '{""address"": """", ""city"": """", ""state"": """", ""zip"": """"}'}"
14077437,JK107774,2025-12-30T10:00:00.000,004XX W NORMAL PKWY,1130,DECEPTIVE PRACTICE,FRAUD OR CONFIDENCE GAME,APARTMENT,False,False,0722,007,6,68,11,1174448,1860073,2025,2026-03-14T15:41:39.000,41.77143599,-87.636085795,"{'latitude': '41.77143599', 'longitude': '-87.636085795', 'human_address': '{""address"": """", ""city"": """", ""state"": """", ""zip"": """"}'}"
14090095,JK124023,2025-12-30T10:00:00.000,061XX S KIMBARK AVE,1242,DECEPTIVE PRACTICE,COMPUTER FRAUD,APARTMENT,False,False,0314,003,20,42,11,1185696,1864571,2025,2026-03-14T15:41:39.000,41.783521262,-87.594713303,"{'latitude': '41.783521262', 'longitude': '-87.594713303', 'human_address': '{""address"": """", ""city"": """", ""state"": """", ""zip"": """"}'}"
14108503,JK146760,2025-12-30T10:00:00.000,073XX S PAULINA ST,0810,THEFT,OVER $500,RESIDENCE,False,True,0735,007,17,67,06,1166286,1855959,2025,2026-03-14T15:41:39.000,41.760324305,-87.66612188,"{'latitude': '41.760324305', 'longitude': '-87.66612188', 'human_address': '{""address"": """", ""city"": """", ""state"": """", ""zip"": """"}'}"
14069868,JJ539218,2025-12-30T09:45:00.000,004XX N WABASH AVE,1154,DECEPTIVE PRACTICE,FINANCIAL IDENTITY THEFT $300 AND UNDER,,False,False,1834,018,42,8,11,1176668,1903135,2025,2026-03-14T15:41:39.000,41.889551923,-87.626649565,"{'latitude': '41.889551923', 'longitude': '-87.626649565', 'human_address': '{""address"": """", ""city"": """", ""state"": """", ""zip"": """"}'}"
14069874,JJ539595,2025-12-30T09:37:00.000,019XX W 33RD ST,0860,THEFT,RETAIL THEFT,DEPARTMENT STORE,True,False,0912,009,12,59,06,1163830,1882804,2025,2026-03-14T15:41:39.000,41.834042232,-87.674368991,"{'latitude': '41.834042232', 'longitude': '-87.674368991', 'human_address': '{""address"": """", ""city"": """", ""state"": """", ""zip"": """"}'}"
14069447,JJ539094,2025-12-30T09:30:00.000,053XX N CLARK ST,0820,THEFT,$500 AND UNDER,SMALL RETAIL STORE,False,False,2012,020,40,77,06,1165065,1935365,2025,2026-03-14T15:41:39.000,41.978247133,-87.668342378,"{'latitude': '41.978247133', 'longitude': '-87.668342378', 'human_address': '{""address"": """", ""city"": """", ""state"": """", ""zip"": """"}'}"
14071472,JK100610,2025-12-30T09:30:00.000,018XX W 21ST ST,1130,DECEPTIVE PRACTICE,FRAUD OR CONFIDENCE GAME,APARTMENT,False,False,1234,012,25,31,11,1164520,1890107,2025,2026-03-14T15:41:39.000,41.85406784,-87.671630758,"{'latitude': '41.85406784', 'longitude': '-87.671630758', 'human_address': '{""address"": """", ""city"": """", ""state"": """", ""zip"": """"}'}"
14069720,JJ539261,2025-12-30T09:30:00.000,069XX N OSCEOLA AVE,0710,THEFT,THEFT FROM MOTOR VEHICLE,VEHICLE NON-COMMERCIAL,False,False,1611,016,41,9,06,1125861,1945587,2025,2026-03-14T15:41:39.000,42.007041921,-87.812289302,"{'latitude': '42.007041921', 'longitude': '-87.812289302', 'human_address': '{""address"": """", ""city"": """", ""state"": """", ""zip"": """"}'}"
14069351,JJ538843,2025-12-30T09:25:00.000,025XX S HARDING AVE,0486,BATTERY,DOMESTIC BATTERY SIMPLE,APARTMENT,False,True,1013,010,22,30,08B,1150448,1886921,2025,2026-03-14T15:41:39.000,41.845611021,-87.723363834,"{'latitude': '41.845611021', 'longitude': '-87.723363834', 'human_address': '{""address"": """", ""city"": """", ""state"": """", ""zip"": """"}'}"
14086909,JK119837,2025-12-30T09:20:00.000,063XX W CUYLER AVE,0810,THEFT,OVER $500,RESIDENCE,False,False,1624,016,38,15,06,1133374,1926251,2025,2026-03-14T15:41:39.000,41.953853363,-87.785102464,"{'latitude': '41.953853363', 'longitude': '-87.785102464', 'human_address': '{""address"": """", ""city"": """", ""state"": """", ""zip"": """"}'}"
14069867,JJ539203,2025-12-30T09:13:00.000,051XX W Cornelia Ave,0890,THEFT,FROM BUILDING,RESIDENCE - YARD (FRONT / BACK),False,False,1634,016,31,15,06,1141505,1922785,2025,2026-03-14T15:41:39.000,41.944195714,-87.755297488,"{'latitude': '41.944195714', 'longitude': '-87.755297488', 'human_address': '{""address"": """", ""city"": """", ""state"": """", ""zip"": """"}'}"
14069387,JJ538835,2025-12-30T09:10:00.000,005XX S MICHIGAN AVE,0560,ASSAULT,SIMPLE,HOTEL / MOTEL,True,False,0123,001,4,32,08A,1177364,1897937,2025,2026-03-14T15:41:39.000,41.875272573,-87.624251314,"{'latitude': '41.875272573', 'longitude': '-87.624251314', 'human_address': '{""address"": """", ""city"": """", ""state"": """", ""zip"": """"}'}"
14070596,JJ540516,2025-12-30T09:00:00.000,0000X N HAMLIN BLVD,0820,THEFT,$500 AND UNDER,APARTMENT,False,False,1122,011,28,26,06,1151064,1899854,2025,2026-03-14T15:41:39.000,41.881088655,-87.720764494,"{'latitude': '41.881088655', 'longitude': '-87.720764494', 'human_address': '{""address"": """", ""city"": """", ""state"": """", ""zip"": """"}'}"
14069348,JJ538998,2025-12-30T09:00:00.000,008XX S PULASKI RD,0820,THEFT,$500 AND UNDER,STREET,False,False,1132,011,24,26,06,1149849,1895930,2025,2026-03-14T15:41:39.000,41.870344466,-87.725328002,"{'latitude': '41.870344466', 'longitude': '-87.725328002', 'human_address': '{""address"": """", ""city"": """", ""state"": """", ""zip"": """"}'}"
14070296,JJ540114,2025-12-30T09:00:00.000,023XX E 70TH ST,2825,OTHER OFFENSE,HARASSMENT BY TELEPHONE,APARTMENT,False,True,0331,003,5,43,26,1192668,1858995,2025,2026-03-14T15:41:39.000,41.768053131,-87.569333606,"{'latitude': '41.768053131', 'longitude': '-87.569333606', 'human_address': '{""address"": """", ""city"": """", ""state"": """", ""zip"": """"}'}"
14069831,JJ539312,2025-12-30T09:00:00.000,049XX S ST LAWRENCE AVE,1310,CRIMINAL DAMAGE,TO PROPERTY,APARTMENT,False,False,0223,002,4,38,14,1181091,1872418,2025,2026-03-14T15:41:39.000,41.805161436,-87.611355027,"{'latitude': '41.805161436', 'longitude': '-87.611355027', 'human_address': '{""address"": """", ""city"": """", ""state"": """", ""zip"": """"}'}"
14069914,JJ538836,2025-12-30T09:00:00.000,039XX W 47TH ST,0860,THEFT,RETAIL THEFT,DRUG STORE,False,False,0821,008,14,57,06,1150702,1873176,2025,2026-03-14T15:41:39.000,41.807887928,-87.722790148,"{'latitude': '41.807887928', 'longitude': '-87.722790148', 'human_address': '{""address"": """", ""city"": """", ""state"": """", ""zip"": """"}'}"
14069396,JJ538925,2025-12-30T09:00:00.000,073XX S HARVARD AVE,0486,BATTERY,DOMESTIC BATTERY SIMPLE,APARTMENT,True,True,0731,007,6,69,08B,1175226,1856338,2025,2026-03-14T15:41:39.000,41.761169377,-87.633345347,"{'latitude': '41.761169377', 'longitude': '-87.633345347', 'human_address': '{""address"": """", ""city"": """", ""state"": """", ""zip"": """"}'}"
14069796,JJ539583,2025-12-30T09:00:00.000,021XX W MADISON ST,0486,BATTERY,DOMESTIC BATTERY SIMPLE,APARTMENT,False,True,1223,012,27,28,08B,1162118,1899999,2025,2026-03-14T15:41:39.000,41.881262865,-87.680170776,"{'latitude': '41.881262865', 'longitude': '-87.680170776', 'human_address': '{""address"": """", ""city"": """", ""state"": """", ""zip"": """"}'}"
14075871,JK105908,2025-12-30T09:00:00.000,009XX W 35TH PL,2820,OTHER OFFENSE,TELEPHONE THREAT,APARTMENT,False,True,0915,009,11,60,08A,1170837,1881269,2025,2026-03-14T15:41:39.000,41.82967967,-87.648703604,"{'latitude': '41.82967967', 'longitude': '-87.648703604', 'human_address': '{""address"": """", ""city"": """", ""state"": """", ""zip"": """"}'}"
14097821,JK133839,2025-12-30T09:00:00.000,049XX W RICE ST,0820,THEFT,$500 AND UNDER,STREET,False,False,1531,015,37,25,06,1143334,1905207,2025,2026-03-14T15:41:39.000,41.89592582,-87.749015037,"{'latitude': '41.89592582', 'longitude': '-87.749015037', 'human_address': '{""address"": """", ""city"": """", ""state"": """", ""zip"": """"}'}"
14069306,JJ538856,2025-12-30T08:56:00.000,017XX E 72ND ST,2825,OTHER OFFENSE,HARASSMENT BY TELEPHONE,APARTMENT,False,False,0324,003,7,43,26,1189209,1857587,2025,2026-03-14T15:41:39.000,41.764273074,-87.582057311,"{'latitude': '41.764273074', 'longitude': '-87.582057311', 'human_address': '{""address"": """", ""city"": """", ""state"": """", ""zip"": """"}'}"
14069350,JJ538815,2025-12-30T08:50:00.000,004XX N LA SALLE DR,1330,CRIMINAL TRESPASS,TO LAND,RESTAURANT,False,False,1831,018,42,8,26,1175066,1903064,2025,2026-03-14T15:41:39.000,41.889393149,-87.632534851,"{'latitude': '41.889393149', 'longitude': '-87.632534851', 'human_address': '{""address"": """", ""city"": """", ""state"": """", ""zip"": """"}'}"
14095016,JJ540262,2025-12-30T08:45:00.000,089XX S INDIANA AVE,0620,BURGLARY,UNLAWFUL ENTRY,RESIDENCE - GARAGE,False,False,0634,006,6,44,05,1179164,1845555,2025,2026-03-14T15:41:39.000,41.731490729,-87.619240364,"{'latitude': '41.731490729', 'longitude': '-87.619240364', 'human_address': '{""address"": """", ""city"": """", ""state"": """", ""zip"": """"}'}"
14069266,JJ538814,2025-12-30T08:40:00.000,015XX N LUNA AVE,0460,BATTERY,SIMPLE,SIDEWALK,False,False,2532,025,37,25,08B,1139050,1909785,2025,2026-03-14T15:41:39.000,41.908567384,-87.76463802,"{'latitude': '41.908567384', 'longitude': '-87.76463802', 'human_address': '{""address"": """", ""city"": """", ""state"": """", ""zip"": """"}'}"
14069261,JJ538822,2025-12-30T08:31:00.000,044XX S LAWLER AVE,2024,NARCOTICS,POSSESS - HEROIN (WHITE),STREET,True,False,0814,008,22,56,18,1143436,1874732,2025,2026-03-14T15:41:39.000,41.812296389,-87.749401573,"{'latitude': '41.812296389', 'longitude': '-87.749401573', 'human_address': '{""address"": """", ""city"": """", ""state"": """", ""zip"": """"}'}"
14069290,JJ538826,2025-12-30T08:30:00.000,071XX S KEDZIE AVE,0910,MOTOR VEHICLE THEFT,AUTOMOBILE,STREET,False,False,0831,008,17,66,07,1156275,1857000,2025,2026-03-14T15:41:39.000,41.763388187,-87.702784748,"{'latitude': '41.763388187', 'longitude': '-87.702784748', 'human_address': '{""address"": """", ""city"": """", ""state"": """", ""zip"": """"}'}"
14069305,JJ538800,2025-12-30T08:20:00.000,071XX S STEWART AVE,0486,BATTERY,DOMESTIC BATTERY SIMPLE,RESIDENCE,False,True,0732,007,6,68,08B,1174861,1857534,2025,2026-03-14T15:41:39.000,41.764459484,-87.634647489,"{'latitude': '41.764459484', 'longitude': '-87.634647489', 'human_address': '{""address"": """", ""city"": """", ""state"": """", ""zip"": """"}'}"
14069370,JJ538803,2025-12-30T08:10:00.000,011XX N CICERO AVE,0910,MOTOR VEHICLE THEFT,AUTOMOBILE,GAS STATION,False,False,1531,015,37,25,07,1144151,1907349,2025,2026-03-14T15:41:39.000,41.9017884,-87.745960471,"{'latitude': '41.9017884', 'longitude': '-87.745960471', 'human_address': '{""address"": """", ""city"": """", ""state"": """", ""zip"": """"}'}"
14069322,JJ538806,2025-12-30T08:10:00.000,066XX N ASHLAND AVE,051A,ASSAULT,AGGRAVATED - HANDGUN,APARTMENT,False,False,2432,024,49,1,04A,1164409,1944119,2025,2026-03-14T15:41:39.000,42.002282312,-87.670505657,"{'latitude': '42.002282312', 'longitude': '-87.670505657', 'human_address': '{""address"": """", ""city"": """", ""state"": """", ""zip"": """"}'}"
14104360,JK141773,2025-12-30T08:00:00.000,067XX N CALDWELL AVE,0710,THEFT,THEFT FROM MOTOR VEHICLE,STREET,False,False,1621,016,45,12,06,1134894,1944196,2025,2026-03-14T15:41:39.000,42.003069242,-87.779087838,"{'latitude': '42.003069242', 'longitude': '-87.779087838', 'human_address': '{""address"": """", ""city"": """", ""state"": """", ""zip"": """"}'}"
14069702,JJ539294,2025-12-30T08:00:00.000,018XX W TAYLOR ST,0710,THEFT,THEFT FROM MOTOR VEHICLE,STREET,False,False,1231,012,27,28,06,1164336,1895613,2025,2026-03-14T15:41:39.000,41.869180698,-87.672150473,"{'latitude': '41.869180698', 'longitude': '-87.672150473', 'human_address': '{""address"": """", ""city"": """", ""state"": """", ""zip"": """"}'}"
14069287,JJ538796,2025-12-30T08:00:00.000,0000X W 95TH ST,0484,BATTERY,"PROTECTED EMPLOYEE - HANDS, FISTS, FEET, NO / MINOR INJURY",CTA PARKING LOT / GARAGE / OTHER PROPERTY,True,False,0634,006,9,49,08B,1177762,1841949,2025,2026-03-14T15:41:39.000,41.721627204,-87.624485177,"{'latitude': '41.721627204', 'longitude': '-87.624485177', 'human_address': '{""address"": """", ""city"": """", ""state"": """", ""zip"": """"}'}"
14069459,JJ538799,2025-12-30T08:00:00.000,010XX N KEDVALE AVE,0530,ASSAULT,AGGRAVATED - OTHER DANGEROUS WEAPON,ALLEY,True,True,1111,011,37,23,04A,1148526,1906670,2025,2026-04-19T15:41:59.000,41.89984183,-87.729907942,"{'latitude': '41.89984183', 'longitude': '-87.729907942', 'human_address': '{""address"": """", ""city"": """", ""state"": """", ""zip"": """"}'}"
14069338,JJ538801,2025-12-30T08:00:00.000,068XX S DR MARTIN LUTHER KING JR DR,0580,STALKING,SIMPLE,APARTMENT,False,True,0322,003,6,69,08A,1180100,1859680,2025,2026-03-14T15:41:39.000,41.770229951,-87.615379679,"{'latitude': '41.770229951', 'longitude': '-87.615379679', 'human_address': '{""address"": """", ""city"": """", ""state"": """", ""zip"": """"}'}"
14070109,JJ539044,2025-12-30T08:00:00.000,028XX W MC LEAN AVE,2825,OTHER OFFENSE,HARASSMENT BY TELEPHONE,APARTMENT,False,False,1414,014,1,22,26,1156812,1913537,2025,2026-03-14T15:41:39.000,41.91852149,-87.699286775,"{'latitude': '41.91852149', 'longitude': '-87.699286775', 'human_address': '{""address"": """", ""city"": """", ""state"": """", ""zip"": """"}'}"
14069410,JJ538812,2025-12-30T07:45:00.000,023XX S WABASH AVE,1320,CRIMINAL DAMAGE,TO VEHICLE,STREET,False,False,0131,001,3,33,14,1177117,1888766,2025,2026-03-14T15:41:39.000,41.850112356,-87.625435834,"{'latitude': '41.850112356', 'longitude': '-87.625435834', 'human_address': '{""address"": """", ""city"": """", ""state"": """", ""zip"": """"}'}"
14069336,JJ538881,2025-12-30T07:38:00.000,007XX S WELLS ST,1150,DECEPTIVE PRACTICE,CREDIT CARD FRAUD,APARTMENT,False,False,0123,001,34,32,11,1174827,1897053,2025,2026-03-14T15:41:39.000,41.872903956,-87.633592535,"{'latitude': '41.872903956', 'longitude': '-87.633592535', 'human_address': '{""address"": """", ""city"": """", ""state"": """", ""zip"": """"}'}"
14069245,JJ538804,2025-12-30T07:36:00.000,007XX S CLARK ST,0810,THEFT,OVER $500,STREET,False,False,0123,001,34,32,06,1175634,1897062,2025,2026-03-14T15:41:39.000,41.872910562,-87.63062942,"{'latitude': '41.872910562', 'longitude': '-87.63062942', 'human_address': '{""address"": """", ""city"": """", ""state"": """", ""zip"": """"}'}"
14069327,JJ538784,2025-12-30T07:32:00.000,080XX S VINCENNES AVE,1310,CRIMINAL DAMAGE,TO PROPERTY,RESIDENCE,False,True,0621,006,6,44,14,1174860,1851696,2025,2026-03-14T15:41:39.000,41.748439329,-87.63482489,"{'latitude': '41.748439329', 'longitude': '-87.63482489', 'human_address': '{""address"": """", ""city"": """", ""state"": """", ""zip"": """"}'}"
14069244,JJ538792,2025-12-30T07:30:00.000,081XX S MUSKEGON AVE,143C,WEAPONS VIOLATION,UNLAWFUL POSSESSION - AMMUNITION,RESIDENCE,True,False,0422,004,7,46,15,1196579,1851577,2025,2026-03-14T15:41:39.000,41.747601389,-87.555244206,"{'latitude': '41.747601389', 'longitude': '-87.555244206', 'human_address': '{""address"": """", ""city"": """", ""state"": """", ""zip"": """"}'}"
14069857,JJ539160,2025-12-30T07:30:00.000,006XX N LA SALLE DR,0860,THEFT,RETAIL THEFT,SMALL RETAIL STORE,False,False,1832,018,42,8,06,1175023,1904549,2025,2026-03-14T15:41:39.000,41.893469034,-87.632648229,"{'latitude': '41.893469034', 'longitude': '-87.632648229', 'human_address': '{""address"": """", ""city"": """", ""state"": """", ""zip"": """"}'}"
14069778,JJ539565,2025-12-30T07:30:00.000,027XX W 66TH ST,1320,CRIMINAL DAMAGE,TO VEHICLE,STREET,False,True,0831,008,16,66,14,1159064,1860755,2025,2026-03-14T15:41:39.000,41.773635903,-87.692459877,"{'latitude': '41.773635903', 'longitude': '-87.692459877', 'human_address': '{""address"": """", ""city"": """", ""state"": """", ""zip"": """"}'}"
14069278,JJ538776,2025-12-30T07:20:00.000,091XX S ESSEX AVE,143C,WEAPONS VIOLATION,UNLAWFUL POSSESSION - AMMUNITION,RESIDENCE,True,False,0423,004,7,48,15,1194424,1844874,2025,2026-03-14T15:41:39.000,41.729260989,-87.56336036,"{'latitude': '41.729260989', 'longitude': '-87.56336036', 'human_address': '{""address"": """", ""city"": """", ""state"": """", ""zip"": """"}'}"
14069309,JJ538827,2025-12-30T07:20:00.000,046XX S CALUMET AVE,0486,BATTERY,DOMESTIC BATTERY SIMPLE,APARTMENT,False,True,0215,002,3,38,08B,1179212,1874374,2025,2026-03-14T15:41:39.000,41.810571975,-87.618186656,"{'latitude': '41.810571975', 'longitude': '-87.618186656', 'human_address': '{""address"": """", ""city"": """", ""state"": """", ""zip"": """"}'}"
14069239,JJ538778,2025-12-30T07:11:00.000,026XX S SHIELDS AVE,1477,WEAPONS VIOLATION,RECKLESS FIREARM DISCHARGE,STREET,False,False,0914,009,11,34,15,1174395,1886786,2025,2026-03-14T15:41:39.000,41.844740222,-87.635484973,"{'latitude': '41.844740222', 'longitude': '-87.635484973', 'human_address': '{""address"": """", ""city"": """", ""state"": """", ""zip"": """"}'}"
14109935,JK148226,2025-12-30T07:00:00.000,117XX S JUSTINE ST,1153,DECEPTIVE PRACTICE,FINANCIAL IDENTITY THEFT OVER $ 300,RESIDENCE,False,False,0524,005,21,53,11,1168110,1826953,2025,2026-03-14T15:41:39.000,41.680688405,-87.660267992,"{'latitude': '41.680688405', 'longitude': '-87.660267992', 'human_address': '{""address"": """", ""city"": """", ""state"": """", ""zip"": """"}'}"
14069520,JJ539132,2025-12-30T07:00:00.000,037XX W FLOURNOY ST,0910,MOTOR VEHICLE THEFT,AUTOMOBILE,APARTMENT,False,False,1133,011,24,27,07,1151648,1896775,2025,2026-03-14T15:41:39.000,41.872628084,-87.718701031,"{'latitude': '41.872628084', 'longitude': '-87.718701031', 'human_address': '{""address"": """", ""city"": """", ""state"": """", ""zip"": """"}'}"
14069253,JJ538789,2025-12-30T07:00:00.000,079XX S ESSEX AVE,0486,BATTERY,DOMESTIC BATTERY SIMPLE,APARTMENT,True,True,0422,004,7,46,08B,1194235,1852764,2025,2026-03-14T15:41:39.000,41.750916457,-87.563794248,"{'latitude': '41.750916457', 'longitude': '-87.563794248', 'human_address': '{""address"": """", ""city"": """", ""state"": """", ""zip"": """"}'}"
14069584,JJ539304,2025-12-30T06:58:00.000,025XX S MICHIGAN AVE,0910,MOTOR VEHICLE THEFT,AUTOMOBILE,PARKING LOT / GARAGE (NON RESIDENTIAL),False,False,0133,001,4,33,07,1177647,1887564,2025,2026-03-14T15:41:39.000,41.846801978,-87.623527134,"{'latitude': '41.846801978', 'longitude': '-87.623527134', 'human_address': '{""address"": """", ""city"": """", ""state"": """", ""zip"": """"}'}"
14070613,JJ540099,2025-12-30T06:52:00.000,086XX S KOLMAR AVE,0810,THEFT,OVER $500,DRIVEWAY - RESIDENTIAL,False,False,0834,008,18,70,06,1147604,1846915,2025,2026-03-14T15:41:39.000,41.735883177,-87.734823248,"{'latitude': '41.735883177', 'longitude': '-87.734823248', 'human_address': '{""address"": """", ""city"": """", ""state"": """", ""zip"": """"}'}"
14069635,JJ539311,2025-12-30T06:45:00.000,025XX E 97TH ST,0610,BURGLARY,FORCIBLE ENTRY,RESIDENCE,False,False,0431,004,7,51,05,1194535,1841118,2025,2026-03-14T15:41:39.000,41.718951454,-87.563076858,"{'latitude': '41.718951454', 'longitude': '-87.563076858', 'human_address': '{""address"": """", ""city"": """", ""state"": """", ""zip"": """"}'}"
14069657,JJ539296,2025-12-30T06:44:00.000,088XX S HALSTED ST,0281,CRIMINAL SEXUAL ASSAULT,NON-AGGRAVATED,RESIDENCE,True,False,2223,022,21,71,02,1172523,1846258,2025,2026-03-14T15:41:39.000,41.733568476,-87.64354817,"{'latitude': '41.733568476', 'longitude': '-87.64354817', 'human_address': '{""address"": """", ""city"": """", ""state"": """", ""zip"": """"}'}"
14069680,JJ539473,2025-12-30T06:30:00.000,008XX W ERIE ST,0910,MOTOR VEHICLE THEFT,AUTOMOBILE,STREET,False,False,1214,012,27,24,07,1170704,1904475,2025,2026-03-14T15:41:39.000,41.893361663,-87.648512433,"{'latitude': '41.893361663', 'longitude': '-87.648512433', 'human_address': '{""address"": """", ""city"": """", ""state"": """", ""zip"": """"}'}"
14070682,JJ540540,2025-12-30T06:05:00.000,005XX N UNION AVE,0920,MOTOR VEHICLE THEFT,ATTEMPT - AUTOMOBILE,STREET,False,False,1214,012,27,24,07,1171435,1903937,2025,2026-03-14T15:41:39.000,41.891869316,-87.645843585,"{'latitude': '41.891869316', 'longitude': '-87.645843585', 'human_address': '{""address"": """", ""city"": """", ""state"": """", ""zip"": """"}'}"
14069470,JJ538763,2025-12-30T06:00:00.000,002XX S LAVERGNE AVE,0498,BATTERY,"AGG. DOMESTIC BATTERY - HANDS, FISTS, FEET, SERIOUS INJURY",APARTMENT,False,True,1533,015,28,25,04B,1143291,1898743,2025,2026-03-14T15:41:39.000,41.878188634,-87.74933454,"{'latitude': '41.878188634', 'longitude': '-87.74933454', 'human_address': '{""address"": """", ""city"": """", ""state"": """", ""zip"": """"}'}"
14070196,JJ539858,2025-12-30T06:00:00.000,006XX W MONROE ST,0760,BURGLARY,BURGLARY FROM MOTOR VEHICLE,PARKING LOT / GARAGE (NON RESIDENTIAL),False,False,0121,001,34,28,06,1172202,1899815,2025,2026-03-14T15:41:39.000,41.880541389,-87.643148513,"{'latitude': '41.880541389', 'longitude': '-87.643148513', 'human_address': '{""address"": """", ""city"": """", ""state"": """", ""zip"": """"}'}"
14072521,JK101439,2025-12-30T06:00:00.000,010XX W WRIGHTWOOD AVE,0810,THEFT,OVER $500,STREET,False,False,1932,019,43,7,06,1168918,1917445,2025,2026-03-14T15:41:39.000,41.928991027,-87.654694839,"{'latitude': '41.928991027', 'longitude': '-87.654694839', 'human_address': '{""address"": """", ""city"": """", ""state"": """", ""zip"": """"}'}"
14070651,JJ539838,2025-12-30T05:38:00.000,005XX W ROOT ST,0810,THEFT,OVER $500,STREET,False,False,0925,009,11,61,06,1173429,1877402,2025,2026-03-14T15:41:39.000,41.819011193,-87.63930825,"{'latitude': '41.819011193', 'longitude': '-87.63930825', 'human_address': '{""address"": """", ""city"": """", ""state"": """", ""zip"": """"}'}"
14069215,JJ538750,2025-12-30T05:33:00.000,049XX N MILWAUKEE AVE,0460,BATTERY,SIMPLE,RESTAURANT,False,False,1623,016,45,11,08B,1139231,1932487,2025,2026-03-14T15:41:39.000,41.970860678,-87.763418662,"{'latitude': '41.970860678', 'longitude': '-87.763418662', 'human_address': '{""address"": """", ""city"": """", ""state"": """", ""zip"": """"}'}"
14069893,JJ539448,2025-12-30T05:30:00.000,005XX W ROOT ST,0810,THEFT,OVER $500,STREET,False,False,0925,009,11,61,06,1173429,1877402,2025,2026-03-14T15:41:39.000,41.819011193,-87.63930825,"{'latitude': '41.819011193', 'longitude': '-87.63930825', 'human_address': '{""address"": """", ""city"": """", ""state"": """", ""zip"": """"}'}"
14069214,JJ538743,2025-12-30T05:27:00.000,106XX S EWING AVE,0630,BURGLARY,ATTEMPT FORCIBLE ENTRY,BANK,False,False,0432,004,10,52,05,1202180,1834998,2025,2026-03-14T15:41:39.000,41.701966578,-87.535284177,"{'latitude': '41.701966578', 'longitude': '-87.535284177', 'human_address': '{""address"": """", ""city"": """", ""state"": """", ""zip"": """"}'}"
14069237,JJ538740,2025-12-30T05:06:00.000,027XX W 64TH ST,0930,MOTOR VEHICLE THEFT,THEFT / RECOVERY - AUTOMOBILE,STREET,False,False,0825,008,16,66,07,1159305,1862075,2025,2026-03-14T15:41:39.000,41.777253241,-87.691540305,"{'latitude': '41.777253241', 'longitude': '-87.691540305', 'human_address': '{""address"": """", ""city"": """", ""state"": """", ""zip"": """"}'}"
14070478,JJ540052,2025-12-30T05:00:00.000,082XX S INGLESIDE AVE,041B,BATTERY,AGGRAVATED - OTHER FIREARM,STREET,False,False,0631,006,8,44,04B,1183999,1850536,2025,2026-03-14T15:41:39.000,41.745047697,-87.601372888,"{'latitude': '41.745047697', 'longitude': '-87.601372888', 'human_address': '{""address"": """", ""city"": """", ""state"": """", ""zip"": """"}'}"
14070381,JJ540222,2025-12-30T05:00:00.000,018XX S LAFLIN ST,0610,BURGLARY,FORCIBLE ENTRY,APARTMENT,False,False,1233,012,25,31,05,1166658,1891308,2025,2026-03-14T15:41:39.000,41.857318013,-87.663749112,"{'latitude': '41.857318013', 'longitude': '-87.663749112', 'human_address': '{""address"": """", ""city"": """", ""state"": """", ""zip"": """"}'}"
14069193,JJ538738,2025-12-30T04:47:00.000,052XX S MICHIGAN AVE,4310,OTHER OFFENSE,POSSESSION OF BURGLARY TOOLS,SIDEWALK,True,False,0225,002,3,40,26,1178042,1870460,2025,2026-03-14T15:41:39.000,41.799858243,-87.622596769,"{'latitude': '41.799858243', 'longitude': '-87.622596769', 'human_address': '{""address"": """", ""city"": """", ""state"": """", ""zip"": """"}'}"
14069184,JJ538734,2025-12-30T04:11:00.000,044XX W DIVERSEY AVE,0810,THEFT,OVER $500,GAS STATION,False,False,2524,025,31,20,06,1146424,1918248,2025,2026-03-14T15:41:39.000,41.931653332,-87.737333161,"{'latitude': '41.931653332', 'longitude': '-87.737333161', 'human_address': '{""address"": """", ""city"": """", ""state"": """", ""zip"": """"}'}"
14075881,JK105867,2025-12-30T04:00:00.000,008XX W 32ND ST,0810,THEFT,OVER $500,STREET,False,False,0913,009,11,60,06,1171007,1883732,2025,2026-03-14T15:41:39.000,41.836434648,-87.648007784,"{'latitude': '41.836434648', 'longitude': '-87.648007784', 'human_address': '{""address"": """", ""city"": """", ""state"": """", ""zip"": """"}'}"
14069601,JJ539250,2025-12-30T04:00:00.000,0000X W 95TH ST,0820,THEFT,$500 AND UNDER,CTA TRAIN,False,False,0634,006,9,49,06,1177762,1841949,2025,2026-03-14T15:41:39.000,41.721627204,-87.624485177,"{'latitude': '41.721627204', 'longitude': '-87.624485177', 'human_address': '{""address"": """", ""city"": """", ""state"": """", ""zip"": """"}'}"
14069304,JJ538771,2025-12-30T03:50:00.000,084XX S BURLEY AVE,0910,MOTOR VEHICLE THEFT,AUTOMOBILE,STREET,True,False,0424,004,10,46,07,1199275,1849729,2025,2026-03-14T15:41:39.000,41.742463022,-87.545427492,"{'latitude': '41.742463022', 'longitude': '-87.545427492', 'human_address': '{""address"": """", ""city"": """", ""state"": """", ""zip"": """"}'}"
14069715,JJ539248,2025-12-30T03:50:00.000,066XX N OCONTO AVE,0910,MOTOR VEHICLE THEFT,AUTOMOBILE,STREET,False,False,1611,016,41,9,07,1127048,1943653,2025,2026-03-14T15:41:39.000,42.001714943,-87.80796569,"{'latitude': '42.001714943', 'longitude': '-87.80796569', 'human_address': '{""address"": """", ""city"": """", ""state"": """", ""zip"": """"}'}"
14069186,JJ538730,2025-12-30T03:46:00.000,064XX S PULASKI RD,0630,BURGLARY,ATTEMPT FORCIBLE ENTRY,PARKING LOT / GARAGE (NON RESIDENTIAL),False,False,0813,008,13,65,05,1150806,1861774,2025,2026-03-14T15:41:39.000,41.776597082,-87.722705735,"{'latitude': '41.776597082', 'longitude': '-87.722705735', 'human_address': '{""address"": """", ""city"": """", ""state"": """", ""zip"": """"}'}"
14069341,JJ538970,2025-12-30T03:30:00.000,027XX W TOUHY AVE,0496,BATTERY,AGGRAVATED DOMESTIC BATTERY - KNIFE / CUTTING INSTRUMENT,PARKING LOT / GARAGE (NON RESIDENTIAL),True,True,2411,024,50,2,04B,1156794,1947639,2025,2026-03-14T15:41:39.000,42.012099666,-87.698424465,"{'latitude': '42.012099666', 'longitude': '-87.698424465', 'human_address': '{""address"": """", ""city"": """", ""state"": """", ""zip"": """"}'}"
14069171,JJ538733,2025-12-30T03:30:00.000,028XX N KENNETH AVE,0486,BATTERY,DOMESTIC BATTERY SIMPLE,APARTMENT,False,True,2523,025,31,20,08B,1146229,1918458,2025,2026-03-14T15:41:39.000,41.932233309,-87.738044403,"{'latitude': '41.932233309', 'longitude': '-87.738044403', 'human_address': '{""address"": """", ""city"": """", ""state"": """", ""zip"": """"}'}"
14069182,JJ538728,2025-12-30T03:17:00.000,0000X E CHESTNUT ST,1330,CRIMINAL TRESPASS,TO LAND,HOTEL / MOTEL,False,False,1833,018,42,8,26,1176408,1906333,2025,2026-03-14T15:41:39.000,41.898333269,-87.62750777,"{'latitude': '41.898333269', 'longitude': '-87.62750777', 'human_address': '{""address"": """", ""city"": """", ""state"": """", ""zip"": """"}'}"
14069267,JJ538720,2025-12-30T03:14:00.000,041XX S ELLIS AVE,041A,BATTERY,AGGRAVATED - HANDGUN,APARTMENT,False,True,0214,002,4,36,04B,1183534,1877513,2025,2026-03-14T15:41:39.000,41.819085834,-87.602236259,"{'latitude': '41.819085834', 'longitude': '-87.602236259', 'human_address': '{""address"": """", ""city"": """", ""state"": """", ""zip"": """"}'}"
14070045,JJ539662,2025-12-30T03:00:00.000,075XX N PAULINA ST,0320,ROBBERY,STRONG ARM - NO WEAPON,CTA TRAIN,False,False,2422,024,49,1,03,1163690,1950023,2025,2026-03-14T15:41:39.000,42.018498254,-87.672983233,"{'latitude': '42.018498254', 'longitude': '-87.672983233', 'human_address': '{""address"": """", ""city"": """", ""state"": """", ""zip"": """"}'}"
14069178,JJ538724,2025-12-30T03:00:00.000,007XX W COUCH PL,1310,CRIMINAL DAMAGE,TO PROPERTY,APARTMENT,False,True,1224,012,27,28,14,1171188,1901470,2025,2026-03-14T15:41:39.000,41.885105137,-87.646823184,"{'latitude': '41.885105137', 'longitude': '-87.646823184', 'human_address': '{""address"": """", ""city"": """", ""state"": """", ""zip"": """"}'}"
14069384,JJ538910,2025-12-30T03:00:00.000,005XX N STATE ST,031A,ROBBERY,ARMED - HANDGUN,SIDEWALK,False,False,1831,018,42,8,03,1176273,1903993,2025,2026-03-14T15:41:39.000,41.891915238,-87.628074256,"{'latitude': '41.891915238', 'longitude': '-87.628074256', 'human_address': '{""address"": """", ""city"": """", ""state"": """", ""zip"": """"}'}"
14069339,JJ538825,2025-12-30T03:00:00.000,046XX S COTTAGE GROVE AVE,0710,THEFT,THEFT FROM MOTOR VEHICLE,STREET,False,False,0221,002,4,38,06,1182374,1874391,2025,2026-03-14T15:41:39.000,41.810545834,-87.606588383,"{'latitude': '41.810545834', 'longitude': '-87.606588383', 'human_address': '{""address"": """", ""city"": """", ""state"": """", ""zip"": """"}'}"
14069653,JJ539329,2025-12-30T02:59:00.000,036XX W 71ST ST,4387,OTHER OFFENSE,VIOLATE ORDER OF PROTECTION,APARTMENT,False,True,0833,008,23,65,26,1153114,1857279,2025,2026-03-14T15:41:39.000,41.764216809,-87.714363211,"{'latitude': '41.764216809', 'longitude': '-87.714363211', 'human_address': '{""address"": """", ""city"": """", ""state"": """", ""zip"": """"}'}"
14069196,JJ538719,2025-12-30T02:54:00.000,058XX W DICKENS AVE,0610,BURGLARY,FORCIBLE ENTRY,PARKING LOT / GARAGE (NON RESIDENTIAL),False,False,2515,025,29,19,05,1136955,1913193,2025,2026-03-14T15:41:39.000,41.917957196,-87.772252252,"{'latitude': '41.917957196', 'longitude': '-87.772252252', 'human_address': '{""address"": """", ""city"": """", ""state"": """", ""zip"": """"}'}"
14069191,JJ538709,2025-12-30T02:51:00.000,018XX N LOCKWOOD AVE,141C,WEAPONS VIOLATION,UNLAWFUL USE - OTHER DANGEROUS WEAPON,VEHICLE NON-COMMERCIAL,True,False,2532,025,37,25,15,1140792,1911957,2025,2026-03-14T15:41:39.000,41.914495725,-87.758185167,"{'latitude': '41.914495725', 'longitude': '-87.758185167', 'human_address': '{""address"": """", ""city"": """", ""state"": """", ""zip"": """"}'}"
14069206,JJ538707,2025-12-30T02:45:00.000,045XX S VINCENNES AVE,1320,CRIMINAL DAMAGE,TO VEHICLE,STREET,False,False,0221,002,3,38,14,1180370,1875113,2025,2026-03-14T15:41:39.000,41.81257333,-87.613916588,"{'latitude': '41.81257333', 'longitude': '-87.613916588', 'human_address': '{""address"": """", ""city"": """", ""state"": """", ""zip"": """"}'}"
14069166,JJ538715,2025-12-30T02:45:00.000,069XX S ELIZABETH ST,0497,BATTERY,AGGRAVATED DOMESTIC BATTERY - OTHER DANGEROUS WEAPON,RESIDENCE,True,True,0734,007,17,67,04B,1169187,1858771,2025,2026-03-14T15:41:39.000,41.76797856,-87.655408413,"{'latitude': '41.76797856', 'longitude': '-87.655408413', 'human_address': '{""address"": """", ""city"": """", ""state"": """", ""zip"": """"}'}"
14069218,JJ538731,2025-12-30T02:40:00.000,033XX W OGDEN AVE,0910,MOTOR VEHICLE THEFT,AUTOMOBILE,STREET,True,False,1024,010,24,29,07,1154165,1890865,2025,2026-03-14T15:41:39.000,41.856360563,-87.709617574,"{'latitude': '41.856360563', 'longitude': '-87.709617574', 'human_address': '{""address"": """", ""city"": """", ""state"": """", ""zip"": """"}'}"
14069194,JJ538732,2025-12-30T02:30:00.000,026XX S CALUMET AVE,031A,ROBBERY,ARMED - HANDGUN,SIDEWALK,False,False,0133,001,4,35,03,1178925,1887026,2025,2026-03-14T15:41:39.000,41.845296588,-87.618853392,"{'latitude': '41.845296588', 'longitude': '-87.618853392', 'human_address': '{""address"": """", ""city"": """", ""state"": """", ""zip"": """"}'}"
14069188,JJ538710,2025-12-30T02:30:00.000,045XX N SHERIDAN RD,0281,CRIMINAL SEXUAL ASSAULT,NON-AGGRAVATED,APARTMENT,False,True,1914,019,46,3,02,1168795,1930253,2025,2026-03-14T15:41:39.000,41.964139377,-87.654774221,"{'latitude': '41.964139377', 'longitude': '-87.654774221', 'human_address': '{""address"": """", ""city"": """", ""state"": """", ""zip"": """"}'}"
14069175,JJ538705,2025-12-30T02:29:00.000,065XX W DIVERSEY AVE,0910,MOTOR VEHICLE THEFT,AUTOMOBILE,STREET,False,False,2511,025,36,19,07,1132377,1917897,2025,2026-03-14T15:41:39.000,41.930946496,-87.788962647,"{'latitude': '41.930946496', 'longitude': '-87.788962647', 'human_address': '{""address"": """", ""city"": """", ""state"": """", ""zip"": """"}'}"
14069146,JJ538708,2025-12-30T02:23:00.000,003XX S STATE ST,0820,THEFT,$500 AND UNDER,CTA PLATFORM,False,False,0113,001,4,32,06,1176426,1898874,2025,2026-03-14T15:41:39.000,41.877864969,-87.627666954,"{'latitude': '41.877864969', 'longitude': '-87.627666954', 'human_address': '{""address"": """", ""city"": """", ""state"": """", ""zip"": """"}'}"
28997,JJ518046,2025-12-30T02:18:00.000,015XX E 74TH ST,0110,HOMICIDE,FIRST DEGREE MURDER,STREET,False,False,0324,003,8,43,01A,1187743,1856228,2025,2026-01-07T15:44:10.000,41.760578867,-87.587473675,"{'latitude': '41.760578867', 'longitude': '-87.587473675', 'human_address': '{""address"": """", ""city"": """", ""state"": """", ""zip"": """"}'}"
14069179,JJ538722,2025-12-30T02:11:00.000,075XX S LANGLEY AVE,0486,BATTERY,DOMESTIC BATTERY SIMPLE,APARTMENT,True,True,0624,006,6,69,08B,1182203,1855058,2025,2026-03-14T15:41:39.000,41.757498284,-87.607813922,"{'latitude': '41.757498284', 'longitude': '-87.607813922', 'human_address': '{""address"": """", ""city"": """", ""state"": """", ""zip"": """"}'}"
14069989,JJ539655,2025-12-30T02:00:00.000,016XX N PULASKI RD,0910,MOTOR VEHICLE THEFT,AUTOMOBILE,PARKING LOT / GARAGE (NON RESIDENTIAL),False,False,2534,025,26,23,07,1149466,1910584,2025,2026-03-14T15:41:39.000,41.910564041,-87.726353557,"{'latitude': '41.910564041', 'longitude': '-87.726353557', 'human_address': '{""address"": """", ""city"": """", ""state"": """", ""zip"": """"}'}"
14070071,JJ538716,2025-12-30T02:00:00.000,063XX S SACRAMENTO AVE,0820,THEFT,$500 AND UNDER,APARTMENT,False,False,0823,008,15,66,06,1157476,1862351,2025,2026-03-14T15:41:39.000,41.778047887,-87.69823798,"{'latitude': '41.778047887', 'longitude': '-87.69823798', 'human_address': '{""address"": """", ""city"": """", ""state"": """", ""zip"": """"}'}"
14069873,JJ539545,2025-12-30T02:00:00.000,065XX N OCONTO AVE,0760,BURGLARY,BURGLARY FROM MOTOR VEHICLE,VEHICLE NON-COMMERCIAL,False,False,1611,016,41,9,06,1127047,1943154,2025,2026-03-14T15:41:39.000,42.000345657,-87.807980633,"{'latitude': '42.000345657', 'longitude': '-87.807980633', 'human_address': '{""address"": """", ""city"": """", ""state"": """", ""zip"": """"}'}"
14070276,JJ539976,2025-12-30T02:00:00.000,023XX W MONROE ST,0910,MOTOR VEHICLE THEFT,AUTOMOBILE,STREET,False,False,1223,012,27,28,07,1160861,1899484,2025,2026-03-14T15:41:39.000,41.879875819,-87.684800705,"{'latitude': '41.879875819', 'longitude': '-87.684800705', 'human_address': '{""address"": """", ""city"": """", ""state"": """", ""zip"": """"}'}"
14069683,JJ539371,2025-12-30T02:00:00.000,079XX S HERMITAGE AVE,0820,THEFT,$500 AND UNDER,APARTMENT,False,True,0611,006,17,71,06,1166058,1852122,2025,2026-03-14T15:41:39.000,41.749799891,-87.667066415,"{'latitude': '41.749799891', 'longitude': '-87.667066415', 'human_address': '{""address"": """", ""city"": """", ""state"": """", ""zip"": """"}'}"
14069183,JJ538739,2025-12-30T02:00:00.000,132XX S ST LAWRENCE AVE,0498,BATTERY,"AGG. DOMESTIC BATTERY - HANDS, FISTS, FEET, SERIOUS INJURY",RESIDENCE,False,True,0533,005,10,54,04B,1182591,1817444,2025,2026-03-14T15:41:39.000,41.654271652,-87.607553767,"{'latitude': '41.654271652', 'longitude': '-87.607553767', 'human_address': '{""address"": """", ""city"": """", ""state"": """", ""zip"": """"}'}"
14069144,JJ538698,2025-12-30T01:55:00.000,036XX W ARMITAGE AVE,0486,BATTERY,DOMESTIC BATTERY SIMPLE,APARTMENT,True,True,2535,025,26,22,08B,1151878,1913047,2025,2026-03-14T15:41:39.000,41.917275556,-87.717427731,"{'latitude': '41.917275556', 'longitude': '-87.717427731', 'human_address': '{""address"": """", ""city"": """", ""state"": """", ""zip"": """"}'}"
14069150,JJ538692,2025-12-30T01:45:00.000,007XX E 92ND PL,0520,ASSAULT,AGGRAVATED - KNIFE / CUTTING INSTRUMENT,RESIDENCE,False,True,0633,006,8,44,04A,1182765,1843801,2025,2026-03-14T15:41:39.000,41.726594809,-87.606102931,"{'latitude': '41.726594809', 'longitude': '-87.606102931', 'human_address': '{""address"": """", ""city"": """", ""state"": """", ""zip"": """"}'}"
14070637,JJ540217,2025-12-30T01:40:00.000,063XX N LAKEWOOD AVE,1153,DECEPTIVE PRACTICE,FINANCIAL IDENTITY THEFT OVER $ 300,,True,False,2433,024,48,77,11,1166468,1942205,2025,2026-04-16T15:44:10.000,41.996986268,-87.662985961,"{'latitude': '41.996986268', 'longitude': '-87.662985961', 'human_address': '{""address"": """", ""city"": """", ""state"": """", ""zip"": """"}'}"
14069133,JJ538686,2025-12-30T01:31:00.000,068XX S UNION AVE,0560,ASSAULT,SIMPLE,SIDEWALK,False,True,0723,007,6,68,08A,1172916,1859607,2025,2026-03-14T15:41:39.000,41.770191176,-87.6417153,"{'latitude': '41.770191176', 'longitude': '-87.6417153', 'human_address': '{""address"": """", ""city"": """", ""state"": """", ""zip"": """"}'}"
14069116,JJ538684,2025-12-30T01:22:00.000,0000X W TERMINAL ST,0560,ASSAULT,SIMPLE,AIRPORT TERMINAL LOWER LEVEL - NON-SECURE AREA,False,False,1653,016,41,76,08A,1101811,1934419,2025,2026-03-14T15:41:39.000,41.976762981,-87.900983721,"{'latitude': '41.976762981', 'longitude': '-87.900983721', 'human_address': '{""address"": """", ""city"": """", ""state"": """", ""zip"": """"}'}"
14069131,JJ538680,2025-12-30T01:22:00.000,010XX N LOREL AVE,0486,BATTERY,DOMESTIC BATTERY SIMPLE,RESIDENCE,True,True,1524,015,37,25,08B,1140484,1906427,2025,2026-03-14T15:41:39.000,41.899326431,-87.759452652,"{'latitude': '41.899326431', 'longitude': '-87.759452652', 'human_address': '{""address"": """", ""city"": """", ""state"": """", ""zip"": """"}'}"
14069137,JJ538687,2025-12-30T01:20:00.000,020XX W CHICAGO AVE,0420,BATTERY,AGGRAVATED - KNIFE / CUTTING INSTRUMENT,CTA BUS STOP,False,False,1221,012,36,24,04B,1162760,1905338,2025,2026-03-14T15:41:39.000,41.895900086,-87.677663589,"{'latitude': '41.895900086', 'longitude': '-87.677663589', 'human_address': '{""address"": """", ""city"": """", ""state"": """", ""zip"": """"}'}"
