state,fire_year,size_class,cause_class,n,acres
AK,1992,A,Human,241,25.8
AK,1992,A,Missing data/not specified/undetermined,1,0.1
AK,1992,A,Natural,17,2.4000000000000004
AK,1992,B,Human,111,151.9
AK,1992,B,Missing data/not specified/undetermined,1,0.5
AK,1992,B,Natural,37,91.9
AK,1992,C,Human,17,451.0
AK,1992,C,Natural,23,786.7
AK,1992,D,Human,7,1265.0
AK,1992,D,Natural,6,1175.0
AK,1992,E,Human,2,1840.0
AK,1992,E,Natural,5,3370.0
AK,1992,F,Human,1,1410.0
AK,1992,F,Natural,8,23370.0
AK,1992,G,Human,1,48087.0
AK,1992,G,Natural,2,60690.0
AK,1993,A,Human,418,46.2
AK,1993,A,Natural,39,4.1000000000000005
AK,1993,B,Human,144,247.5
AK,1993,B,Natural,109,262.8
AK,1993,C,Human,19,610.7
AK,1993,C,Natural,41,1350.0
AK,1993,D,Human,1,127.1
AK,1993,D,Natural,22,3985.0
AK,1993,E,Natural,22,15197.2
AK,1993,F,Human,1,1301.5
AK,1993,F,Natural,23,63660.0
AK,1993,G,Natural,20,600399.0
AK,1994,A,Human,316,34.800000000000004
AK,1994,A,Missing data/not specified/undetermined,2,0.2
AK,1994,A,Natural,25,3.1
AK,1994,B,Human,94,121.4
AK,1994,B,Natural,76,200.5
AK,1994,C,Human,10,233.0
AK,1994,C,Missing data/not specified/undetermined,1,20.0
AK,1994,C,Natural,35,1250.1
AK,1994,D,Human,5,950.0
AK,1994,D,Natural,16,2582.0
AK,1994,E,Human,1,406.7
AK,1994,E,Natural,24,12716.0
AK,1994,F,Human,2,3800.0
AK,1994,F,Natural,19,43473.0
AK,1994,G,Natural,13,196173.9
AK,1995,A,Human,234,26.1
AK,1995,A,Missing data/not specified/undetermined,1,0.1
AK,1995,A,Natural,10,1.0
AK,1995,B,Human,98,116.9
AK,1995,B,Natural,23,54.9
AK,1995,C,Human,12,543.6
AK,1995,C,Natural,10,493.0
AK,1995,D,Human,2,260.0
AK,1995,D,Natural,4,570.0
AK,1995,E,Human,2,646.0
AK,1995,E,Natural,7,3640.0
AK,1995,F,Human,2,4160.0
AK,1995,F,Natural,6,11390.0
AK,1995,G,Natural,3,22060.0
AK,1996,A,Human,389,43.0
AK,1996,A,Natural,19,2.3000000000000003
AK,1996,B,Human,150,232.2
AK,1996,B,Natural,52,112.5
AK,1996,C,Human,21,790.8
AK,1996,C,Natural,26,910.0
AK,1996,D,Human,4,690.5
AK,1996,D,Natural,8,1532.0
AK,1996,E,Human,1,500.0
AK,1996,E,Natural,10,5633.0
AK,1996,F,Human,4,8250.0
AK,1996,F,Natural,13,34981.0
AK,1996,G,Human,7,160276.0
AK,1996,G,Natural,14,384843.9
AK,1997,A,Human,337,37.7
AK,1997,A,Natural,31,3.9000000000000004
AK,1997,B,Human,120,179.3
AK,1997,B,Missing data/not specified/undetermined,1,2.0
AK,1997,B,Natural,65,163.6
AK,1997,C,Human,17,562.2
AK,1997,C,Natural,57,1825.8
AK,1997,D,Natural,22,3683.0
AK,1997,E,Human,4,2440.0
AK,1997,E,Natural,20,12019.0
AK,1997,F,Natural,21,50548.0
AK,1997,G,Human,1,14100.0
AK,1997,G,Natural,24,1940580.0
AK,1998,A,Human,272,29.700000000000003
AK,1998,A,Natural,3,0.4
AK,1998,B,Human,77,104.1
AK,1998,B,Natural,16,44.5
AK,1998,C,Human,8,303.2
AK,1998,C,Natural,18,562.2
AK,1998,D,Human,1,118.0
AK,1998,D,Natural,2,415.0
AK,1998,E,Human,2,857.0
AK,1998,E,Natural,4,2327.0
AK,1998,F,Natural,1,3381.0
AK,1998,G,Natural,4,112640.0
AK,1999,A,Human,233,26.200000000000003
AK,1999,A,Natural,10,1.1
AK,1999,B,Human,74,90.8
AK,1999,B,Natural,49,128.2
AK,1999,C,Human,9,284.8
AK,1999,C,Natural,32,1162.2
AK,1999,D,Human,5,828.6
AK,1999,D,Natural,9,1799.0
AK,1999,E,Human,1,383.0
AK,1999,E,Missing data/not specified/undetermined,1,408.79
AK,1999,E,Natural,18,10531.0
AK,1999,F,Human,1,3876.0
AK,1999,F,Natural,13,34875.0
AK,1999,G,Human,1,18720.0
AK,1999,G,Natural,26,932729.0
AK,2000,A,Human,194,22.1
AK,2000,A,Missing data/not specified/undetermined,1,0.1
AK,2000,A,Natural,9,1.2000000000000002
AK,2000,B,Human,73,102.9
AK,2000,B,Natural,27,91.5
AK,2000,C,Human,9,218.5
AK,2000,C,Natural,12,240.0
AK,2000,D,Natural,5,936.0
AK,2000,E,Human,2,1106.0
AK,2000,E,Natural,8,5193.5
AK,2000,F,Human,1,1120.0
AK,2000,F,Natural,8,23679.0
AK,2000,G,Human,1,12891.0
AK,2000,G,Natural,14,710777.4
AK,2001,A,Human,215,23.900000000000002
AK,2001,A,Natural,6,0.9
AK,2001,B,Human,94,151.5
AK,2001,B,Natural,12,40.5
AK,2001,C,Human,7,168.7
AK,2001,C,Natural,4,147.0
AK,2001,D,Human,6,1002.4
AK,2001,D,Natural,2,200.0
AK,2001,E,Human,2,1168.9
AK,2001,E,Natural,3,2045.7
AK,2001,F,Human,4,10101.8
AK,2001,F,Natural,1,1793.0
AK,2001,G,Human,2,196842.0
AK,2001,G,Natural,1,6238.2
AK,2002,A,Human,240,27.700000000000003
AK,2002,A,Natural,30,3.3000000000000003
AK,2002,B,Human,108,179.0
AK,2002,B,Natural,43,106.6
AK,2002,C,Human,6,190.0
AK,2002,C,Natural,27,925.3
AK,2002,D,Human,3,397.5
AK,2002,D,Natural,17,2743.0
AK,2002,E,Human,4,1964.0
AK,2002,E,Natural,4,1781.0
AK,2002,F,Human,1,4110.0
AK,2002,F,Natural,13,32623.0
AK,2002,G,Human,5,413676.5
AK,2002,G,Natural,36,1727919.1
AK,2003,A,Human,278,31.110000000000003
AK,2003,A,Natural,11,1.5
AK,2003,B,Human,89,154.3
AK,2003,B,Missing data/not specified/undetermined,1,0.5
AK,2003,B,Natural,27,87.1
AK,2003,C,Human,19,576.5
AK,2003,C,Missing data/not specified/undetermined,1,10.0
AK,2003,C,Natural,15,533.1
AK,2003,D,Human,3,510.8
AK,2003,D,Natural,3,423.7
AK,2003,E,Human,3,1470.7
AK,2003,E,Natural,11,5440.5
AK,2003,F,Human,1,1500.0
AK,2003,F,Natural,5,11923.400000000001
AK,2003,G,Human,3,17996.4
AK,2003,G,Natural,8,561014.4
AK,2004,A,Human,287,31.8
AK,2004,A,Missing data/not specified/undetermined,28,3.1
AK,2004,A,Natural,18,1.8
AK,2004,B,Human,71,117.0
AK,2004,B,Missing data/not specified/undetermined,15,18.3
AK,2004,B,Natural,90,265.3
AK,2004,C,Human,10,460.8
AK,2004,C,Missing data/not specified/undetermined,3,96.0
AK,2004,C,Natural,50,1887.7
AK,2004,D,Human,1,205.0
AK,2004,D,Missing data/not specified/undetermined,1,100.0
AK,2004,D,Natural,20,3963.49
AK,2004,E,Natural,13,5841.99
AK,2004,F,Human,2,2743.9
AK,2004,F,Natural,20,47354.2
AK,2004,G,Human,2,15622.0
AK,2004,G,Natural,63,6513156.2
AK,2005,A,Human,190,21.25
AK,2005,A,Natural,31,3.9000000000000004
AK,2005,B,Human,73,127.7
AK,2005,B,Missing data/not specified/undetermined,1,0.5
AK,2005,B,Natural,94,209.0
AK,2005,C,Human,22,808.0
AK,2005,C,Natural,56,2133.6
AK,2005,D,Human,3,537.0
AK,2005,D,Natural,16,2804.4
AK,2005,E,Human,3,1015.8
AK,2005,E,Natural,22,12359.0
AK,2005,F,Human,1,4827.0
AK,2005,F,Natural,29,69162.1
AK,2005,G,Human,1,5400.0
AK,2005,G,Natural,77,4536489.4
AK,2006,A,Human,153,16.400000000000002
AK,2006,A,Missing data/not specified/undetermined,15,1.7000000000000002
AK,2006,A,Natural,7,0.8
AK,2006,B,Human,58,88.4
AK,2006,B,Missing data/not specified/undetermined,6,9.2
AK,2006,B,Natural,14,31.400000000000002
AK,2006,C,Human,11,435.5
AK,2006,C,Natural,13,489.6
AK,2006,D,Human,1,275.0
AK,2006,D,Natural,4,786.0
AK,2006,E,Human,1,461.0
AK,2006,E,Natural,7,2883.1
AK,2006,F,Human,1,1309.6
AK,2006,F,Natural,3,8841.9
AK,2006,G,Human,1,118520.1
AK,2006,G,Natural,6,120364.1
AK,2007,A,Human,143,15.5
AK,2007,A,Missing data/not specified/undetermined,23,2.6
AK,2007,A,Natural,36,4.2
AK,2007,B,Human,63,82.5
AK,2007,B,Missing data/not specified/undetermined,9,9.1
AK,2007,B,Natural,88,216.2
AK,2007,C,Human,6,170.0
AK,2007,C,Natural,51,2062.6
AK,2007,D,Human,2,350.0
AK,2007,D,Missing data/not specified/undetermined,1,180.0
AK,2007,D,Natural,20,3814.8
AK,2007,E,Natural,30,17020.9
AK,2007,F,Human,1,2053.0
AK,2007,F,Natural,22,54888.8
AK,2007,G,Human,2,89706.0
AK,2007,G,Natural,16,463889.9
AK,2008,A,Human,188,20.700000000000003
AK,2008,A,Natural,17,1.9000000000000001
AK,2008,B,Human,64,105.7
AK,2008,B,Missing data/not specified/undetermined,1,0.3
AK,2008,B,Natural,32,81.3
AK,2008,C,Human,8,172.9
AK,2008,C,Missing data/not specified/undetermined,1,30.0
AK,2008,C,Natural,20,657.4
AK,2008,D,Human,2,466.0
AK,2008,D,Natural,10,1851.6
AK,2008,E,Human,2,1054.1
AK,2008,E,Natural,12,5258.0
AK,2008,F,Natural,7,14180.4
AK,2008,G,Natural,5,68597.3
AK,2009,A,Human,212,22.970000000000002
AK,2009,A,Natural,23,2.6
AK,2009,B,Human,82,132.9
AK,2009,B,Natural,63,146.6
AK,2009,C,Human,16,560.7
AK,2009,C,Natural,31,988.7
AK,2009,D,Human,3,375.0
AK,2009,D,Natural,9,1850.4
AK,2009,E,Natural,9,6513.2
AK,2009,F,Human,3,4384.0
AK,2009,F,Natural,15,40789.0
AK,2009,G,Human,2,51232.3
AK,2009,G,Natural,45,2842595.6
AK,2010,A,Human,234,25.87
AK,2010,A,Natural,48,5.0
AK,2010,B,Human,88,114.8
AK,2010,B,Natural,106,248.4
AK,2010,C,Human,17,437.8
AK,2010,C,Natural,74,2810.0
AK,2010,D,Human,5,925.9
AK,2010,D,Natural,19,2925.4
AK,2010,E,Human,6,3370.5
AK,2010,E,Natural,21,9854.5
AK,2010,F,Human,4,9748.3
AK,2010,F,Natural,25,55457.1
AK,2010,G,Human,1,91885.0
AK,2010,G,Natural,42,959724.0
AK,2011,A,Human,286,31.0
AK,2011,A,Natural,22,2.3000000000000003
AK,2011,B,Human,78,132.1
AK,2011,B,Natural,52,122.3
AK,2011,C,Human,6,176.2
AK,2011,C,Natural,17,414.5
AK,2011,D,Human,1,100.0
AK,2011,D,Natural,6,796.8
AK,2011,E,Human,2,1675.1
AK,2011,E,Natural,15,7478.8
AK,2011,F,Natural,12,26836.9
AK,2011,G,Human,1,23122.5
AK,2011,G,Natural,10,232115.6
AK,2012,A,Human,184,19.3
AK,2012,A,Natural,12,1.2000000000000002
AK,2012,B,Human,66,107.0
AK,2012,B,Natural,52,114.7
AK,2012,C,Human,8,385.9
AK,2012,C,Natural,32,954.6
AK,2012,D,Natural,17,2809.1
AK,2012,E,Human,1,700.0
AK,2012,E,Natural,10,4999.4
AK,2012,F,Human,2,5827.1
AK,2012,F,Natural,12,35533.1
AK,2012,G,Human,2,26788.0
AK,2012,G,Natural,11,222347.6
AK,2013,A,Human,288,31.8
AK,2013,A,Missing data/not specified/undetermined,1,0.1
AK,2013,A,Natural,22,2.8000000000000003
AK,2013,B,Human,70,92.10000000000001
AK,2013,B,Natural,58,114.0
AK,2013,C,Human,12,511.3
AK,2013,C,Natural,41,1529.4
AK,2013,D,Human,3,690.6
AK,2013,D,Natural,13,2213.0
AK,2013,E,Human,1,780.0
AK,2013,E,Natural,16,9842.5
AK,2013,F,Human,3,4876.0
AK,2013,F,Natural,30,78487.5
AK,2013,G,Human,2,154492.4
AK,2013,G,Natural,32,1067095.8
AK,2014,A,Human,258,27.200000000000003
AK,2014,A,Natural,6,0.8
AK,2014,B,Human,68,107.18
AK,2014,B,Missing data/not specified/undetermined,1,0.7
AK,2014,B,Natural,17,39.0
AK,2014,C,Human,8,225.5
AK,2014,C,Natural,17,755.9
AK,2014,D,Natural,6,1203.2
AK,2014,E,Human,2,805.7
AK,2014,E,Natural,4,2721.0
AK,2014,F,Human,1,1906.0
AK,2014,F,Natural,3,5816.9
AK,2014,G,Human,1,23270.0
AK,2014,G,Missing data/not specified/undetermined,1,196722.2
AK,2015,A,Human,265,28.37
AK,2015,A,Natural,31,3.3000000000000003
AK,2015,B,Human,54,87.5
AK,2015,B,Missing data/not specified/undetermined,1,5.0
AK,2015,B,Natural,79,206.5
AK,2015,C,Human,14,467.3
AK,2015,C,Natural,44,2040.6
AK,2015,D,Human,3,422.2
AK,2015,D,Natural,30,5885.6
AK,2015,E,Human,7,3346.8
AK,2015,E,Natural,33,19851.7
AK,2015,F,Human,2,6202.9
AK,2015,F,Natural,67,171867.5
AK,2015,G,Human,3,91275.9
AK,2015,G,Natural,138,4837012.49
AK,2016,A,Human,259,27.55
AK,2016,A,Natural,40,4.1000000000000005
AK,2016,B,Human,60,93.0
AK,2016,B,Natural,57,113.39999999999999
AK,2016,C,Human,18,618.8
AK,2016,C,Natural,43,1692.9
AK,2016,D,Human,3,400.8
AK,2016,D,Natural,20,3400.3
AK,2016,E,Human,5,2763.2
AK,2016,E,Natural,25,15705.2
AK,2016,F,Human,2,6623.8
AK,2016,F,Natural,26,55412.8
AK,2016,G,Natural,18,414216.9
AK,2017,A,Human,150,16.2
AK,2017,A,Natural,13,1.8
AK,2017,B,Human,46,69.3
AK,2017,B,Natural,40,153.5
AK,2017,C,Human,6,279.0
AK,2017,C,Natural,35,1245.3
AK,2017,D,Human,1,100.0
AK,2017,D,Natural,10,1824.4
AK,2017,E,Human,2,1164.6
AK,2017,E,Natural,19,10611.1
AK,2017,F,Human,2,5257.700000000001
AK,2017,F,Natural,16,38556.9
AK,2017,G,Natural,20,594693.4
AK,2018,A,Human,146,15.950000000000001
AK,2018,A,Missing data/not specified/undetermined,8,1.0
AK,2018,A,Natural,23,2.5
AK,2018,B,Human,45,64.2
AK,2018,B,Missing data/not specified/undetermined,10,16.9
AK,2018,B,Natural,35,118.89999999999999
AK,2018,C,Human,9,288.4
AK,2018,C,Natural,27,1238.4
AK,2018,D,Human,1,116.9
AK,2018,D,Natural,13,2375.2
AK,2018,E,Human,2,1323.5
AK,2018,E,Natural,17,8629.4
AK,2018,F,Natural,9,21720.0
AK,2018,G,Human,1,27193.6
AK,2018,G,Natural,13,347930.1
AK,2019,A,Human,78,7.91
AK,2019,A,Missing data/not specified/undetermined,189,20.400000000000002
AK,2019,A,Natural,23,2.7
AK,2019,B,Human,28,71.4
AK,2019,B,Missing data/not specified/undetermined,66,111.0
AK,2019,B,Natural,73,212.3
AK,2019,C,Human,5,164.9
AK,2019,C,Missing data/not specified/undetermined,19,707.4
AK,2019,C,Natural,67,2711.6
AK,2019,D,Human,4,639.5
AK,2019,D,Missing data/not specified/undetermined,6,1209.9
AK,2019,D,Natural,26,4244.6
AK,2019,E,Human,2,1766.6
AK,2019,E,Missing data/not specified/undetermined,13,7793.3
AK,2019,E,Natural,22,14662.9
AK,2019,F,Human,1,3288.8
AK,2019,F,Missing data/not specified/undetermined,10,21531.1
AK,2019,F,Natural,33,84678.8
AK,2019,G,Human,2,47710.2
AK,2019,G,Missing data/not specified/undetermined,7,211696.0
AK,2019,G,Natural,47,2268579.9
AK,2020,A,Human,134,14.5
AK,2020,A,Missing data/not specified/undetermined,5,0.5
AK,2020,A,Natural,13,1.55
AK,2020,B,Human,36,77.9
AK,2020,B,Missing data/not specified/undetermined,1,1.7
AK,2020,B,Natural,60,161.05
AK,2020,C,Human,2,69.6
AK,2020,C,Missing data/not specified/undetermined,1,20.0
AK,2020,C,Natural,40,1647.2
AK,2020,D,Human,1,139.5
AK,2020,D,Natural,21,4139.7
AK,2020,E,Natural,13,6878.2
AK,2020,F,Natural,15,26475.1
AK,2020,G,Natural,7,141682.9
AL,1992,A,Human,17,2.0
AL,1992,B,Human,50,148.2
AL,1992,B,Natural,1,5.0
AL,1992,C,Human,21,447.0
AL,1992,C,Natural,1,40.0
AL,1992,D,Human,2,436.0
AL,1992,D,Missing data/not specified/undetermined,1,175.0
AL,1993,A,Human,14,1.6
AL,1993,A,Natural,2,0.2
AL,1993,B,Human,76,226.0
AL,1993,B,Missing data/not specified/undetermined,2,7.0
AL,1993,B,Natural,3,4.0
AL,1993,C,Human,29,1083.0
AL,1993,C,Missing data/not specified/undetermined,4,47.0
AL,1993,C,Natural,4,183.0
AL,1993,D,Human,2,260.0
AL,1993,E,Human,1,525.0
AL,1994,A,Human,386,52.1
AL,1994,A,Missing data/not specified/undetermined,2,0.30000000000000004
AL,1994,A,Natural,3,0.30000000000000004
AL,1994,B,Human,2240,6337.6
AL,1994,B,Missing data/not specified/undetermined,12,34.0
AL,1994,B,Natural,5,19.4
AL,1994,C,Human,757,19774.2
AL,1994,C,Missing data/not specified/undetermined,4,97.0
AL,1994,C,Natural,4,88.0
AL,1994,D,Human,33,5190.5
AL,1994,D,Natural,2,291.0
AL,1994,E,Human,3,1500.0
AL,1994,F,Human,1,1280.0
AL,1995,A,Human,552,76.7
AL,1995,A,Natural,9,1.4000000000000001
AL,1995,B,Human,2731,7373.6
AL,1995,B,Missing data/not specified/undetermined,13,33.5
AL,1995,B,Natural,30,97.3
AL,1995,C,Human,826,20360.0
AL,1995,C,Missing data/not specified/undetermined,3,115.0
AL,1995,C,Natural,25,725.1
AL,1995,D,Human,35,5065.0
AL,1995,D,Missing data/not specified/undetermined,1,158.0
AL,1995,E,Human,4,1570.0
AL,1995,F,Human,1,3321.0
AL,1996,A,Human,490,68.10000000000001
AL,1996,A,Natural,5,0.6000000000000001
AL,1996,B,Human,2536,7083.8
AL,1996,B,Missing data/not specified/undetermined,11,27.5
AL,1996,B,Natural,16,40.2
AL,1996,C,Human,916,23143.5
AL,1996,C,Missing data/not specified/undetermined,2,98.0
AL,1996,C,Natural,11,502.0
AL,1996,D,Human,42,6369.0
AL,1996,D,Natural,4,626.0
AL,1996,E,Human,10,4458.5
AL,1996,E,Natural,1,448.0
AL,1996,F,Human,3,3740.0
AL,1996,F,Missing data/not specified/undetermined,1,1078.0
AL,1997,A,Human,380,52.0
AL,1997,A,Natural,2,0.2
AL,1997,B,Human,1650,4417.1
AL,1997,B,Missing data/not specified/undetermined,8,26.0
AL,1997,B,Natural,3,8.5
AL,1997,C,Human,517,12367.0
AL,1997,C,Missing data/not specified/undetermined,1,85.0
AL,1997,C,Natural,5,70.0
AL,1997,D,Human,21,3072.6
AL,1997,E,Human,4,1957.0
AL,1998,A,Human,405,57.0
AL,1998,A,Natural,7,1.1
AL,1998,B,Human,2321,6294.8
AL,1998,B,Missing data/not specified/undetermined,9,14.3
AL,1998,B,Natural,34,110.6
AL,1998,C,Human,739,18600.8
AL,1998,C,Missing data/not specified/undetermined,2,40.0
AL,1998,C,Natural,9,293.0
AL,1998,D,Human,34,5181.0
AL,1998,D,Missing data/not specified/undetermined,1,210.0
AL,1998,E,Human,4,1650.0
AL,1998,F,Human,1,3108.0
AL,1999,A,Human,644,90.5
AL,1999,A,Natural,9,1.1
AL,1999,B,Human,2747,7557.1
AL,1999,B,Missing data/not specified/undetermined,5,3.3
AL,1999,B,Natural,37,101.6
AL,1999,C,Human,964,25700.3
AL,1999,C,Missing data/not specified/undetermined,1,20.0
AL,1999,C,Natural,16,539.8
AL,1999,D,Human,56,7999.0
AL,1999,D,Natural,1,220.0
AL,1999,E,Human,21,10315.5
AL,2000,A,Human,700,93.60000000000001
AL,2000,A,Natural,29,3.8000000000000003
AL,2000,B,Human,3781,10180.6
AL,2000,B,Natural,116,378.8
AL,2000,C,Human,1405,41682.5
AL,2000,C,Natural,90,2567.2
AL,2000,D,Human,97,14873.2
AL,2000,D,Natural,23,3945.0
AL,2000,E,Human,13,5147.7
AL,2000,E,Natural,6,2775.0
AL,2000,F,Human,4,9520.0
AL,2000,F,Natural,2,2900.0
AL,2001,A,Human,347,47.2
AL,2001,A,Natural,4,0.5
AL,2001,B,Human,2104,5757.9
AL,2001,B,Natural,12,45.5
AL,2001,C,Human,773,20381.4
AL,2001,C,Natural,16,531.6
AL,2001,D,Human,36,5630.0
AL,2001,D,Natural,2,250.0
AL,2001,E,Human,14,5996.0
AL,2001,E,Natural,1,455.0
AL,2002,A,Human,246,31.900000000000002
AL,2002,A,Natural,10,1.3
AL,2002,B,Human,1801,5122.2
AL,2002,B,Natural,33,85.2
AL,2002,C,Human,764,22691.7
AL,2002,C,Missing data/not specified/undetermined,1,50.5
AL,2002,C,Natural,20,754.4
AL,2002,D,Human,41,6724.8
AL,2002,D,Missing data/not specified/undetermined,1,182.0
AL,2002,D,Natural,3,556.0
AL,2002,E,Human,6,2496.0
AL,2003,A,Human,236,33.52
AL,2003,A,Natural,1,0.1
AL,2003,B,Human,1026,3051.2
AL,2003,B,Missing data/not specified/undetermined,2,10.0
AL,2003,B,Natural,1,7.0
AL,2003,C,Human,535,14006.65
AL,2003,D,Human,17,2385.0
AL,2003,F,Human,1,1160.0
AL,2004,A,Human,303,43.86
AL,2004,A,Natural,1,0.1
AL,2004,B,Human,1591,4637.28
AL,2004,B,Missing data/not specified/undetermined,4,19.0
AL,2004,B,Natural,4,17.3
AL,2004,C,Human,1101,30818.5
AL,2004,C,Missing data/not specified/undetermined,2,91.0
AL,2004,C,Natural,5,138.0
AL,2004,D,Human,28,4901.0
AL,2004,E,Human,12,5182.0
AL,2004,F,Human,1,1005.0
AL,2005,A,Human,219,33.11
AL,2005,A,Natural,1,0.25
AL,2005,B,Human,1405,4224.81
AL,2005,B,Missing data/not specified/undetermined,2,10.5
AL,2005,B,Natural,6,20.1
AL,2005,C,Human,864,23667.6
AL,2005,C,Missing data/not specified/undetermined,1,25.0
AL,2005,C,Natural,3,55.5
AL,2005,D,Human,32,5287.0
AL,2005,E,Human,13,5490.1
AL,2005,F,Human,1,4394.0
AL,2006,A,Human,315,46.85
AL,2006,A,Missing data/not specified/undetermined,2,0.2
AL,2006,A,Natural,8,1.3
AL,2006,B,Human,1933,5831.47
AL,2006,B,Missing data/not specified/undetermined,8,28.8
AL,2006,B,Natural,52,216.4
AL,2006,C,Human,1421,40899.4
AL,2006,C,Missing data/not specified/undetermined,4,66.8
AL,2006,C,Natural,81,2841.6
AL,2006,D,Human,88,13746.8
AL,2006,D,Natural,14,2208.0
AL,2006,E,Human,11,5595.0
AL,2006,E,Missing data/not specified/undetermined,1,660.0
AL,2006,E,Natural,5,2029.0
AL,2006,F,Human,4,5377.5
AL,2007,A,Human,397,59.230000000000004
AL,2007,A,Natural,22,2.5700000000000003
AL,2007,B,Human,2295,6515.89
AL,2007,B,Missing data/not specified/undetermined,1,0.3
AL,2007,B,Natural,99,312.3
AL,2007,C,Human,859,22534.6
AL,2007,C,Natural,54,1783.7
AL,2007,D,Human,76,11248.1
AL,2007,D,Natural,14,2067.0
AL,2007,E,Human,9,4578.5
AL,2007,E,Natural,3,1404.0
AL,2007,F,Human,4,6279.0
AL,2008,A,Human,222,31.86
AL,2008,A,Natural,8,0.81
AL,2008,B,Human,1222,3497.97
AL,2008,B,Missing data/not specified/undetermined,1,1.0
AL,2008,B,Natural,21,71.35
AL,2008,C,Human,490,12514.1
AL,2008,C,Natural,8,333.0
AL,2008,D,Human,24,3366.0
AL,2008,D,Natural,3,508.0
AL,2008,E,Human,7,2923.0
AL,2009,A,Human,136,19.3
AL,2009,A,Missing data/not specified/undetermined,2,0.30000000000000004
AL,2009,A,Natural,1,0.2
AL,2009,B,Human,663,2048.89
AL,2009,B,Missing data/not specified/undetermined,6,13.5
AL,2009,B,Natural,5,29.8
AL,2009,C,Human,514,13912.95
AL,2009,C,Missing data/not specified/undetermined,1,10.0
AL,2009,C,Natural,11,347.8
AL,2009,D,Human,26,4682.0
AL,2009,E,Human,3,1301.0
AL,2009,E,Natural,1,410.0
AL,2009,F,Human,1,2100.0
AL,2010,A,Human,323,50.27
AL,2010,A,Natural,8,1.2
AL,2010,B,Human,1532,4515.88
AL,2010,B,Missing data/not specified/undetermined,1,0.5
AL,2010,B,Natural,9,31.0
AL,2010,C,Human,967,26728.97
AL,2010,C,Natural,18,401.45
AL,2010,D,Human,47,7324.2
AL,2010,D,Natural,1,101.0
AL,2010,E,Human,7,2924.0
AL,2011,A,Human,197,33.92
AL,2011,A,Natural,9,1.36
AL,2011,B,Human,1076,3297.55
AL,2011,B,Natural,53,164.75
AL,2011,C,Human,565,16265.6
AL,2011,C,Natural,35,1177.0
AL,2011,D,Human,70,11203.0
AL,2011,D,Natural,8,1298.0
AL,2011,E,Human,23,10797.0
AL,2011,E,Natural,1,800.0
AL,2011,F,Human,4,7459.0
AL,2011,F,Natural,1,1600.0
AL,2012,A,Human,12,1.6600000000000001
AL,2012,B,Human,1102,2175.6
AL,2012,B,Missing data/not specified/undetermined,3,5.0
AL,2012,B,Natural,25,76.7
AL,2012,C,Human,531,16025.0
AL,2012,C,Natural,29,876.5
AL,2012,D,Human,34,5260.0
AL,2012,D,Natural,7,1212.0
AL,2012,E,Human,3,1969.0
AL,2012,F,Natural,1,1555.0
AL,2013,A,Human,515,58.1
AL,2013,A,Natural,3,0.51
AL,2013,B,Human,562,1845.2
AL,2013,B,Missing data/not specified/undetermined,1,1.0
AL,2013,B,Natural,8,14.950000000000001
AL,2013,C,Human,520,15760.78
AL,2013,C,Natural,4,136.17000000000002
AL,2013,D,Human,44,7261.7
AL,2013,D,Natural,1,210.0
AL,2013,E,Human,12,4647.0
AL,2014,A,Human,788,92.27000000000001
AL,2014,A,Missing data/not specified/undetermined,1,0.1
AL,2014,A,Natural,2,0.35
AL,2014,B,Human,859,2533.38
AL,2014,B,Natural,10,25.2
AL,2014,C,Human,696,20645.8
AL,2014,C,Missing data/not specified/undetermined,1,58.0
AL,2014,C,Natural,12,516.4
AL,2014,D,Human,37,5684.0
AL,2014,D,Natural,2,338.0
AL,2014,E,Human,8,3568.0
AL,2014,F,Human,2,4500.0
AL,2015,A,Human,626,76.68
AL,2015,A,Natural,3,0.30000000000000004
AL,2015,B,Human,824,2345.77
AL,2015,B,Natural,8,24.0
AL,2015,C,Human,558,15905.16
AL,2015,C,Missing data/not specified/undetermined,1,18.0
AL,2015,C,Natural,11,417.8
AL,2015,D,Human,30,4500.8
AL,2015,D,Natural,3,507.0
AL,2015,E,Human,7,3136.2
AL,2015,E,Natural,1,305.0
AL,2015,F,Missing data/not specified/undetermined,1,2003.0
AL,2015,F,Natural,1,1594.0
AL,2016,A,Human,690,107.60000000000001
AL,2016,A,Natural,9,1.2
AL,2016,B,Human,2133,5908.42
AL,2016,B,Missing data/not specified/undetermined,1,0.7
AL,2016,B,Natural,17,42.37
AL,2016,C,Human,818,22314.43
AL,2016,C,Natural,10,240.9
AL,2016,D,Human,73,11688.3
AL,2016,E,Human,20,10201.0
AL,2016,F,Human,4,6603.0
AL,2017,A,Human,108,18.01
AL,2017,A,Natural,2,0.2
AL,2017,B,Human,724,2214.38
AL,2017,B,Natural,3,11.0
AL,2017,C,Human,356,9400.47
AL,2017,C,Natural,5,140.0
AL,2017,D,Human,36,5889.6
AL,2017,D,Natural,1,105.0
AL,2017,E,Human,3,1048.0
AL,2017,E,Missing data/not specified/undetermined,1,406.0
AL,2017,E,Natural,1,403.0
AL,2017,F,Human,1,1000.0
AL,2018,A,Human,93,14.34
AL,2018,A,Natural,1,0.1
AL,2018,B,Human,547,1595.63
AL,2018,B,Missing data/not specified/undetermined,1,0.5
AL,2018,B,Natural,4,4.75
AL,2018,C,Human,241,6356.15
AL,2018,C,Natural,2,58.9
AL,2018,D,Human,17,2650.42
AL,2018,D,Natural,1,125.0
AL,2018,E,Human,2,833.0
AL,2019,A,Human,66,9.91
AL,2019,A,Natural,1,0.1
AL,2019,B,Human,308,984.95
AL,2019,B,Natural,2,11.0
AL,2019,C,Human,142,3744.3
AL,2019,C,Missing data/not specified/undetermined,1,16.88
AL,2019,C,Natural,1,55.0
AL,2019,D,Human,13,1889.5
AL,2019,D,Missing data/not specified/undetermined,7,1026.0
AL,2019,D,Natural,1,250.0
AL,2019,E,Human,8,3805.0
AL,2019,E,Missing data/not specified/undetermined,6,2728.5
AL,2019,F,Human,2,3852.0
AL,2019,F,Missing data/not specified/undetermined,2,3100.0
AL,2020,A,Human,95,16.78
AL,2020,A,Missing data/not specified/undetermined,1,0.1
AL,2020,A,Natural,5,0.65
AL,2020,B,Human,467,1461.5
AL,2020,B,Missing data/not specified/undetermined,1,6.5
AL,2020,B,Natural,6,12.0
AL,2020,C,Human,184,4821.85
AL,2020,C,Missing data/not specified/undetermined,5,114.0
AL,2020,C,Natural,1,40.0
AL,2020,D,Human,11,1994.0
AL,2020,D,Missing data/not specified/undetermined,2,370.0
AL,2020,E,Human,2,657.0
AL,2020,F,Human,2,2320.0
AR,1992,A,Human,22,2.4000000000000004
AR,1992,A,Natural,3,0.30000000000000004
AR,1992,B,Human,65,215.3
AR,1992,B,Natural,4,21.5
AR,1992,C,Human,31,769.0
AR,1992,C,Natural,1,45.0
AR,1992,D,Human,1,122.0
AR,1992,E,Human,1,303.0
AR,1993,A,Human,34,4.2
AR,1993,A,Natural,1,0.1
AR,1993,B,Human,76,201.0
AR,1993,B,Missing data/not specified/undetermined,1,2.3
AR,1993,B,Natural,4,11.0
AR,1993,C,Human,28,783.9
AR,1993,C,Missing data/not specified/undetermined,1,19.7
AR,1993,C,Natural,1,46.0
AR,1993,D,Human,5,692.0
AR,1994,A,Human,40,4.5
AR,1994,A,Natural,3,0.4
AR,1994,B,Human,73,200.3
AR,1994,B,Natural,8,16.8
AR,1994,C,Human,38,1330.6
AR,1994,C,Natural,1,45.0
AR,1994,D,Human,4,706.3
AR,1995,A,Human,39,4.4
AR,1995,A,Natural,4,0.6000000000000001
AR,1995,B,Human,125,347.0
AR,1995,B,Natural,4,8.6
AR,1995,C,Human,54,1746.7
AR,1995,C,Natural,5,207.1
AR,1995,D,Human,7,1356.0
AR,1995,E,Human,2,1520.0
AR,1996,A,Human,43,5.1000000000000005
AR,1996,A,Natural,4,0.5
AR,1996,B,Human,93,271.0
AR,1996,B,Natural,17,58.8
AR,1996,C,Human,52,1709.4
AR,1996,C,Natural,3,118.0
AR,1996,D,Human,9,1486.0
AR,1996,E,Human,3,1638.0
AR,1997,A,Human,25,2.7
AR,1997,A,Natural,3,0.30000000000000004
AR,1997,B,Human,704,1948.2
AR,1997,B,Natural,23,77.2
AR,1997,C,Human,262,7800.5
AR,1997,C,Missing data/not specified/undetermined,1,83.0
AR,1997,C,Natural,12,222.0
AR,1997,D,Human,10,1308.5
AR,1998,A,Human,37,4.6000000000000005
AR,1998,A,Natural,4,0.6000000000000001
AR,1998,B,Human,755,1799.6
AR,1998,B,Natural,66,194.1
AR,1998,C,Human,252,7303.2
AR,1998,C,Natural,27,854.0
AR,1998,D,Human,10,1268.0
AR,1998,D,Natural,3,553.0
AR,1998,E,Human,2,1046.0
AR,1999,A,Human,31,3.3000000000000003
AR,1999,A,Natural,5,0.5
AR,1999,B,Human,1567,3957.6
AR,1999,B,Natural,88,209.0
AR,1999,C,Human,482,13440.9
AR,1999,C,Natural,27,758.0
AR,1999,D,Human,21,3495.0
AR,1999,E,Human,2,1105.0
AR,1999,F,Human,1,1063.0
AR,2000,A,Human,43,5.6000000000000005
AR,2000,A,Natural,4,0.5
AR,2000,B,Human,1576,4111.9
AR,2000,B,Natural,131,366.5
AR,2000,C,Human,530,15355.9
AR,2000,C,Natural,45,1187.0
AR,2000,D,Human,26,4325.1
AR,2000,D,Natural,4,808.0
AR,2000,E,Human,2,1002.0
AR,2000,E,Natural,1,489.0
AR,2000,F,Human,1,1401.0
AR,2001,A,Human,24,3.0
AR,2001,A,Missing data/not specified/undetermined,239,23.900000000000002
AR,2001,A,Natural,5,0.6000000000000001
AR,2001,B,Human,835,2234.0
AR,2001,B,Missing data/not specified/undetermined,181,424.0
AR,2001,B,Natural,51,143.6
AR,2001,C,Human,292,7950.3
AR,2001,C,Missing data/not specified/undetermined,37,845.0
AR,2001,C,Natural,30,766.7
AR,2001,D,Human,8,1387.0
AR,2001,D,Missing data/not specified/undetermined,1,200.0
AR,2001,E,Human,1,373.0
AR,2001,E,Missing data/not specified/undetermined,3,1176.0
AR,2001,F,Human,1,1470.0
AR,2002,A,Human,27,3.6
AR,2002,A,Missing data/not specified/undetermined,208,20.8
AR,2002,A,Natural,3,0.30000000000000004
AR,2002,B,Human,661,1697.4
AR,2002,B,Missing data/not specified/undetermined,219,522.0
AR,2002,B,Natural,18,63.0
AR,2002,C,Human,259,7669.0
AR,2002,C,Missing data/not specified/undetermined,52,1330.0
AR,2002,C,Natural,11,254.0
AR,2002,D,Human,10,1590.7
AR,2002,D,Missing data/not specified/undetermined,3,335.0
AR,2002,D,Natural,1,131.0
AR,2002,E,Human,1,375.0
AR,2002,F,Human,1,1779.0
AR,2003,A,Human,17,2.6500000000000004
AR,2003,A,Natural,6,0.9500000000000001
AR,2003,B,Human,1150,3119.2
AR,2003,B,Missing data/not specified/undetermined,1,2.0
AR,2003,B,Natural,29,64.5
AR,2003,C,Human,417,11946.87
AR,2003,C,Natural,11,202.0
AR,2003,D,Human,21,3439.0
AR,2003,D,Natural,1,238.0
AR,2003,E,Human,10,5421.0
AR,2003,F,Human,1,1550.0
AR,2004,A,Human,28,3.0700000000000003
AR,2004,A,Natural,1,0.1
AR,2004,B,Human,889,2630.3
AR,2004,B,Missing data/not specified/undetermined,1,3.0
AR,2004,B,Natural,6,26.0
AR,2004,C,Human,407,12262.0
AR,2004,C,Natural,3,145.0
AR,2004,D,Human,22,4178.0
AR,2004,E,Human,5,2373.0
AR,2004,E,Natural,1,727.0
AR,2004,F,Human,1,1299.0
AR,2005,A,Human,26,3.72
AR,2005,A,Natural,4,0.55
AR,2005,B,Human,1491,3996.71
AR,2005,B,Missing data/not specified/undetermined,1,1.0
AR,2005,B,Natural,82,234.65
AR,2005,C,Human,590,17356.06
AR,2005,C,Missing data/not specified/undetermined,1,15.0
AR,2005,C,Natural,45,1466.0
AR,2005,D,Human,38,6039.5
AR,2005,D,Natural,7,1061.0
AR,2005,E,Human,8,3967.0
AR,2005,F,Human,2,4661.0
AR,2005,F,Natural,1,1631.0
AR,2006,A,Human,29,3.45
AR,2006,A,Natural,20,2.81
AR,2006,B,Human,1591,4467.45
AR,2006,B,Natural,125,419.1
AR,2006,C,Human,672,20639.5
AR,2006,C,Missing data/not specified/undetermined,1,40.0
AR,2006,C,Natural,60,1826.5
AR,2006,D,Human,40,6766.0
AR,2006,D,Natural,9,1502.0
AR,2006,E,Human,16,7696.0
AR,2006,E,Natural,2,818.0
AR,2006,F,Human,3,6635.0
AR,2006,F,Natural,1,3739.0
AR,2006,G,Natural,2,13385.0
AR,2007,A,Human,18,1.87
AR,2007,A,Natural,3,0.4
AR,2007,B,Human,824,2290.55
AR,2007,B,Missing data/not specified/undetermined,1,5.0
AR,2007,B,Natural,35,120.0
AR,2007,C,Human,376,11348.0
AR,2007,C,Natural,12,260.5
AR,2007,D,Human,24,3716.0
AR,2007,E,Human,5,2289.0
AR,2007,F,Human,1,1653.0
AR,2007,F,Natural,1,4000.0
AR,2008,A,Human,17,2.24
AR,2008,B,Human,592,1458.24
AR,2008,B,Missing data/not specified/undetermined,3,2.5
AR,2008,B,Natural,35,97.0
AR,2008,C,Human,187,5254.2
AR,2008,C,Natural,32,881.25
AR,2008,D,Human,14,2680.0
AR,2008,D,Natural,2,255.0
AR,2008,E,Human,1,569.0
AR,2009,A,Human,7,0.8500000000000001
AR,2009,A,Natural,1,0.1
AR,2009,B,Human,663,1982.94
AR,2009,B,Natural,13,35.6
AR,2009,C,Human,366,11582.25
AR,2009,C,Natural,5,127.0
AR,2009,D,Human,18,3173.0
AR,2009,D,Natural,1,125.0
AR,2009,E,Human,2,749.0
AR,2010,A,Human,20,2.21
AR,2010,B,Human,1472,4072.8
AR,2010,B,Missing data/not specified/undetermined,2,4.0
AR,2010,B,Natural,66,147.3
AR,2010,C,Human,583,16728.9
AR,2010,C,Missing data/not specified/undetermined,2,28.7
AR,2010,C,Natural,30,1060.5
AR,2010,D,Human,30,4836.0
AR,2010,D,Missing data/not specified/undetermined,1,125.0
AR,2010,D,Natural,3,415.0
AR,2010,E,Human,7,3465.0
AR,2010,E,Natural,1,352.3
AR,2010,F,Human,3,3517.0
AR,2011,A,Human,154,15.9
AR,2011,A,Natural,15,1.62
AR,2011,B,Human,1458,3839.81
AR,2011,B,Natural,237,661.91
AR,2011,C,Human,490,13999.3
AR,2011,C,Natural,107,3091.1
AR,2011,D,Human,48,8712.05
AR,2011,D,Natural,12,1606.0
AR,2011,E,Human,16,9454.0
AR,2011,E,Natural,7,2975.0
AR,2011,F,Human,1,2008.0
AR,2011,F,Natural,1,1535.0
AR,2012,A,Human,41,6.25
AR,2012,A,Natural,24,3.5
AR,2012,B,Human,1387,3524.11
AR,2012,B,Missing data/not specified/undetermined,2,3.0
AR,2012,B,Natural,272,727.97
AR,2012,C,Human,484,14051.47
AR,2012,C,Missing data/not specified/undetermined,1,79.0
AR,2012,C,Natural,88,2376.69
AR,2012,D,Human,25,3960.0
AR,2012,D,Natural,7,1233.5
AR,2012,E,Human,9,4127.0
AR,2012,E,Natural,7,3861.0
AR,2012,F,Human,3,3460.0
AR,2012,F,Natural,1,1435.0
AR,2013,A,Human,23,2.21
AR,2013,A,Natural,2,0.2
AR,2013,B,Human,34,72.28
AR,2013,B,Missing data/not specified/undetermined,563,1423.0
AR,2013,B,Natural,2,3.4
AR,2013,C,Human,10,422.0
AR,2013,C,Missing data/not specified/undetermined,193,5479.0
AR,2013,C,Natural,6,143.6
AR,2013,D,Human,5,710.0
AR,2013,D,Missing data/not specified/undetermined,3,430.0
AR,2013,E,Human,1,304.0
AR,2013,E,Missing data/not specified/undetermined,2,1250.0
AR,2013,E,Natural,1,350.0
AR,2013,F,Human,1,1200.0
AR,2013,F,Missing data/not specified/undetermined,1,1509.0
AR,2014,A,Human,22,2.1100000000000003
AR,2014,A,Natural,3,0.30000000000000004
AR,2014,B,Human,866,2494.4
AR,2014,B,Natural,10,23.0
AR,2014,C,Human,367,10938.8
AR,2014,C,Natural,4,58.0
AR,2014,D,Human,17,2542.0
AR,2014,E,Human,3,1221.0
AR,2014,E,Natural,1,695.0
AR,2014,F,Human,1,2067.0
AR,2014,F,Missing data/not specified/undetermined,1,1000.0
AR,2015,A,Human,35,4.4
AR,2015,A,Natural,2,0.2
AR,2015,B,Human,894,2370.35
AR,2015,B,Missing data/not specified/undetermined,6,6.0
AR,2015,B,Natural,16,48.5
AR,2015,C,Human,297,8279.62
AR,2015,C,Missing data/not specified/undetermined,2,49.0
AR,2015,C,Natural,5,133.0
AR,2015,D,Human,28,4253.34
AR,2015,E,Human,4,2440.0
AR,2015,F,Human,1,1350.0
AR,2016,A,Human,18,1.85
AR,2016,A,Natural,6,0.6000000000000001
AR,2016,B,Human,915,2608.01
AR,2016,B,Natural,21,64.1
AR,2016,C,Human,392,12261.7
AR,2016,C,Natural,4,83.0
AR,2016,D,Human,12,2172.4
AR,2016,D,Missing data/not specified/undetermined,1,176.0
AR,2016,D,Natural,2,393.0
AR,2016,E,Human,9,4040.0
AR,2016,E,Missing data/not specified/undetermined,1,468.5
AR,2016,E,Natural,2,756.0
AR,2016,F,Human,3,8269.6
AR,2017,A,Human,10,1.4
AR,2017,A,Missing data/not specified/undetermined,1,0.1
AR,2017,A,Natural,1,0.1
AR,2017,B,Human,41,106.88
AR,2017,B,Missing data/not specified/undetermined,1055,3191.6
AR,2017,B,Natural,1,8.8
AR,2017,C,Human,20,706.6
AR,2017,C,Missing data/not specified/undetermined,476,14487.0
AR,2017,C,Natural,3,106.0
AR,2017,D,Human,4,679.0
AR,2017,D,Missing data/not specified/undetermined,31,5420.0
AR,2017,E,Human,4,2744.0
AR,2017,E,Missing data/not specified/undetermined,8,3228.0
AR,2017,F,Human,1,2014.0
AR,2017,F,Missing data/not specified/undetermined,2,4852.0
AR,2018,A,Human,7,0.7000000000000001
AR,2018,A,Natural,2,0.11
AR,2018,B,Human,27,61.92
AR,2018,B,Missing data/not specified/undetermined,605,1797.1
AR,2018,B,Natural,4,22.56
AR,2018,C,Human,14,391.8
AR,2018,C,Missing data/not specified/undetermined,362,11778.0
AR,2018,C,Natural,1,12.6
AR,2018,D,Human,5,721.0
AR,2018,D,Missing data/not specified/undetermined,19,3186.0
AR,2018,D,Natural,2,223.65
AR,2018,E,Human,3,2026.0
AR,2018,E,Missing data/not specified/undetermined,4,1816.0
AR,2018,F,Natural,1,1049.0
AR,2019,A,Human,24,2.5700000000000003
AR,2019,A,Natural,2,0.2
AR,2019,B,Human,15,29.45
AR,2019,B,Missing data/not specified/undetermined,397,1173.0
AR,2019,C,Human,6,131.9
AR,2019,C,Missing data/not specified/undetermined,165,4421.0
AR,2019,C,Natural,1,17.0
AR,2019,D,Human,1,185.0
AR,2019,D,Missing data/not specified/undetermined,11,1502.0
AR,2019,E,Missing data/not specified/undetermined,1,376.0
AR,2020,A,Human,15,1.9500000000000002
AR,2020,A,Missing data/not specified/undetermined,1,0.25
AR,2020,A,Natural,2,0.2
AR,2020,B,Human,18,49.36
AR,2020,B,Missing data/not specified/undetermined,372,1071.24
AR,2020,C,Human,19,839.2
AR,2020,C,Missing data/not specified/undetermined,203,6669.0
AR,2020,D,Human,1,185.0
AR,2020,D,Missing data/not specified/undetermined,13,2186.0
AR,2020,E,Human,1,411.0
AR,2020,E,Missing data/not specified/undetermined,1,636.0
AZ,1992,A,Human,996,116.85000000000001
AZ,1992,A,Missing data/not specified/undetermined,2,0.2
AZ,1992,A,Natural,841,94.30000000000001
AZ,1992,B,Human,1021,1897.2
AZ,1992,B,Missing data/not specified/undetermined,1,8.0
AZ,1992,B,Natural,286,462.0
AZ,1992,C,Human,229,6903.8
AZ,1992,C,Missing data/not specified/undetermined,1,10.0
AZ,1992,C,Natural,44,1352.3
AZ,1992,D,Human,34,5134.5
AZ,1992,D,Missing data/not specified/undetermined,1,154.0
AZ,1992,D,Natural,9,1464.0
AZ,1992,E,Human,16,7587.0
AZ,1992,E,Natural,3,943.5
AZ,1992,F,Human,8,12691.0
AZ,1992,F,Natural,2,3775.0
AZ,1993,A,Human,1219,144.29000000000002
AZ,1993,A,Missing data/not specified/undetermined,28,4.1000000000000005
AZ,1993,A,Natural,597,67.0
AZ,1993,B,Human,1734,3417.18
AZ,1993,B,Missing data/not specified/undetermined,72,158.55
AZ,1993,B,Natural,284,570.65
AZ,1993,C,Human,358,11045.2
AZ,1993,C,Missing data/not specified/undetermined,31,1105.5
AZ,1993,C,Natural,88,3156.6
AZ,1993,D,Human,71,12038.6
AZ,1993,D,Missing data/not specified/undetermined,19,3210.0
AZ,1993,D,Natural,22,3655.0
AZ,1993,E,Human,50,23662.6
AZ,1993,E,Missing data/not specified/undetermined,6,3200.0
AZ,1993,E,Natural,21,10848.0
AZ,1993,F,Human,16,27890.0
AZ,1993,F,Missing data/not specified/undetermined,4,7860.0
AZ,1993,F,Natural,11,25122.5
AZ,1993,G,Human,3,25308.0
AZ,1993,G,Natural,2,43102.6
AZ,1994,A,Human,955,115.71000000000001
AZ,1994,A,Missing data/not specified/undetermined,41,5.7700000000000005
AZ,1994,A,Natural,1306,147.35
AZ,1994,B,Human,1130,1871.8
AZ,1994,B,Missing data/not specified/undetermined,82,223.25
AZ,1994,B,Natural,519,810.25
AZ,1994,C,Human,168,5369.6
AZ,1994,C,Missing data/not specified/undetermined,27,844.0
AZ,1994,C,Natural,135,4836.0
AZ,1994,D,Human,29,4225.1
AZ,1994,D,Missing data/not specified/undetermined,7,1285.0
AZ,1994,D,Natural,31,5082.7
AZ,1994,E,Human,13,6945.0
AZ,1994,E,Missing data/not specified/undetermined,2,1150.0
AZ,1994,E,Natural,29,14280.2
AZ,1994,F,Human,11,20580.0
AZ,1994,F,Missing data/not specified/undetermined,2,5103.0
AZ,1994,F,Natural,24,49767.0
AZ,1994,G,Natural,8,101558.0
AZ,1995,A,Human,1137,135.5
AZ,1995,A,Missing data/not specified/undetermined,47,7.5
AZ,1995,A,Natural,839,96.10000000000001
AZ,1995,B,Human,1427,2639.93
AZ,1995,B,Missing data/not specified/undetermined,95,232.25
AZ,1995,B,Natural,402,725.4
AZ,1995,C,Human,235,7376.1
AZ,1995,C,Missing data/not specified/undetermined,37,1340.5
AZ,1995,C,Natural,101,3331.9
AZ,1995,D,Human,39,5940.0
AZ,1995,D,Missing data/not specified/undetermined,11,1865.0
AZ,1995,D,Natural,32,4989.0
AZ,1995,E,Human,23,12345.0
AZ,1995,E,Missing data/not specified/undetermined,6,2760.0
AZ,1995,E,Natural,25,14758.0
AZ,1995,F,Human,11,20939.4
AZ,1995,F,Missing data/not specified/undetermined,4,5826.0
AZ,1995,F,Natural,17,39812.0
AZ,1995,G,Human,4,30863.0
AZ,1995,G,Natural,9,106170.0
AZ,1996,A,Human,895,107.60000000000001
AZ,1996,A,Missing data/not specified/undetermined,43,6.65
AZ,1996,A,Natural,1410,157.01000000000002
AZ,1996,B,Human,654,1107.85
AZ,1996,B,Missing data/not specified/undetermined,47,94.35
AZ,1996,B,Natural,467,742.4
AZ,1996,C,Human,90,2618.3
AZ,1996,C,Missing data/not specified/undetermined,13,429.0
AZ,1996,C,Natural,85,2891.3
AZ,1996,D,Human,10,1788.0
AZ,1996,D,Missing data/not specified/undetermined,2,225.0
AZ,1996,D,Natural,14,2365.0
AZ,1996,E,Human,8,3991.0
AZ,1996,E,Natural,10,5446.0
AZ,1996,F,Human,1,4263.0
AZ,1996,F,Natural,5,9847.1
AZ,1996,G,Human,3,74326.0
AZ,1996,G,Natural,4,76995.0
AZ,1997,A,Human,648,74.9
AZ,1997,A,Missing data/not specified/undetermined,4,0.4
AZ,1997,A,Natural,807,87.9
AZ,1997,B,Human,376,484.4
AZ,1997,B,Natural,318,543.9
AZ,1997,C,Human,24,838.8
AZ,1997,C,Missing data/not specified/undetermined,2,121.0
AZ,1997,C,Natural,46,1709.1
AZ,1997,D,Human,5,1028.1
AZ,1997,D,Natural,9,1356.0
AZ,1997,E,Human,4,2044.4
AZ,1997,E,Missing data/not specified/undetermined,1,900.0
AZ,1997,E,Natural,5,2262.0
AZ,1997,F,Natural,1,1906.0
AZ,1998,A,Human,903,109.60000000000001
AZ,1998,A,Natural,578,64.8
AZ,1998,B,Human,851,1323.1
AZ,1998,B,Missing data/not specified/undetermined,1,6.5
AZ,1998,B,Natural,211,337.2
AZ,1998,C,Human,59,1458.7
AZ,1998,C,Natural,36,1142.9
AZ,1998,D,Human,11,1788.0
AZ,1998,D,Natural,9,1781.0
AZ,1998,E,Human,10,5130.0
AZ,1998,E,Natural,6,2048.0
AZ,1998,F,Human,2,4732.0
AZ,1998,F,Natural,2,7457.0
AZ,1999,A,Human,953,115.05000000000001
AZ,1999,A,Missing data/not specified/undetermined,1,0.1
AZ,1999,A,Natural,778,85.4
AZ,1999,B,Human,602,995.3
AZ,1999,B,Missing data/not specified/undetermined,1,1.0
AZ,1999,B,Natural,233,384.65
AZ,1999,C,Human,76,2326.5
AZ,1999,C,Natural,47,2128.4
AZ,1999,D,Human,14,1961.0
AZ,1999,D,Natural,4,685.0
AZ,1999,E,Human,9,4468.0
AZ,1999,E,Natural,4,2088.0
AZ,1999,F,Human,5,10540.6
AZ,1999,F,Natural,6,8748.0
AZ,1999,G,Natural,3,39272.0
AZ,2000,A,Human,853,105.2
AZ,2000,A,Missing data/not specified/undetermined,3,0.30000000000000004
AZ,2000,A,Natural,1612,181.20000000000002
AZ,2000,B,Human,557,887.7
AZ,2000,B,Missing data/not specified/undetermined,2,5.0
AZ,2000,B,Natural,590,997.2
AZ,2000,C,Human,72,2057.8
AZ,2000,C,Missing data/not specified/undetermined,1,75.0
AZ,2000,C,Natural,99,2958.5
AZ,2000,D,Human,8,1556.0
AZ,2000,D,Natural,24,3625.4
AZ,2000,E,Human,8,3709.0
AZ,2000,E,Natural,14,7560.0
AZ,2000,F,Human,2,4030.0
AZ,2000,F,Natural,8,12027.0
AZ,2000,G,Human,4,35686.0
AZ,2000,G,Natural,2,17449.0
AZ,2001,A,Human,947,125.15
AZ,2001,A,Natural,991,113.60000000000001
AZ,2001,B,Human,711,1152.88
AZ,2001,B,Missing data/not specified/undetermined,1,3.0
AZ,2001,B,Natural,389,625.1
AZ,2001,C,Human,61,1536.21
AZ,2001,C,Missing data/not specified/undetermined,1,20.0
AZ,2001,C,Natural,46,1212.0
AZ,2001,D,Human,10,1706.0
AZ,2001,D,Natural,12,1953.3
AZ,2001,E,Human,7,4017.5
AZ,2001,E,Natural,4,2360.0
AZ,2001,F,Natural,5,13592.0
AZ,2001,G,Natural,1,7400.0
AZ,2002,A,Human,940,119.55000000000001
AZ,2002,A,Missing data/not specified/undetermined,2,0.2
AZ,2002,A,Natural,819,95.30000000000001
AZ,2002,B,Human,667,990.59
AZ,2002,B,Missing data/not specified/undetermined,2,7.0
AZ,2002,B,Natural,337,513.9
AZ,2002,C,Human,54,1863.9
AZ,2002,C,Natural,38,1033.6
AZ,2002,D,Human,12,2020.5
AZ,2002,D,Natural,6,978.0
AZ,2002,E,Human,6,3192.0
AZ,2002,E,Missing data/not specified/undetermined,1,424.3
AZ,2002,E,Natural,8,4684.0
AZ,2002,F,Human,9,19171.5
AZ,2002,F,Natural,7,15030.0
AZ,2002,G,Human,7,568123.0
AZ,2002,G,Natural,2,11492.0
AZ,2003,A,Human,751,93.88000000000001
AZ,2003,A,Natural,1291,144.25
AZ,2003,B,Human,413,605.66
AZ,2003,B,Missing data/not specified/undetermined,3,2.5
AZ,2003,B,Natural,315,520.13
AZ,2003,C,Human,44,1237.2
AZ,2003,C,Missing data/not specified/undetermined,1,10.0
AZ,2003,C,Natural,47,1437.8
AZ,2003,D,Human,8,1537.0
AZ,2003,D,Natural,9,1810.0
AZ,2003,E,Human,9,5416.0
AZ,2003,E,Natural,5,2581.0
AZ,2003,F,Human,3,5542.0
AZ,2003,F,Natural,9,25605.3
AZ,2003,G,Human,2,95340.0
AZ,2003,G,Natural,5,58128.0
AZ,2004,A,Human,742,92.56
AZ,2004,A,Missing data/not specified/undetermined,3,0.4
AZ,2004,A,Natural,1157,129.69
AZ,2004,B,Human,546,790.55
AZ,2004,B,Missing data/not specified/undetermined,2,3.0
AZ,2004,B,Natural,301,488.13
AZ,2004,C,Human,48,1619.0
AZ,2004,C,Natural,60,2114.3
AZ,2004,D,Human,11,1895.0
AZ,2004,D,Natural,8,1244.3
AZ,2004,E,Human,4,2501.0
AZ,2004,E,Natural,7,3648.0
AZ,2004,F,Human,4,8021.0
AZ,2004,F,Natural,7,11309.0
AZ,2004,G,Human,3,29773.0
AZ,2004,G,Natural,3,166118.9
AZ,2005,A,Human,1006,125.18
AZ,2005,A,Missing data/not specified/undetermined,5,0.65
AZ,2005,A,Natural,742,85.13000000000001
AZ,2005,B,Human,1139,2149.94
AZ,2005,B,Missing data/not specified/undetermined,9,16.8
AZ,2005,B,Natural,326,678.99
AZ,2005,C,Human,168,4794.4
AZ,2005,C,Missing data/not specified/undetermined,1,58.7
AZ,2005,C,Natural,81,2793.7
AZ,2005,D,Human,48,7768.29
AZ,2005,D,Missing data/not specified/undetermined,1,143.0
AZ,2005,D,Natural,30,5660.1
AZ,2005,E,Human,29,13497.1
AZ,2005,E,Natural,36,18016.3
AZ,2005,F,Human,16,37414.1
AZ,2005,F,Natural,25,49287.5
AZ,2005,G,Human,9,162521.0
AZ,2005,G,Missing data/not specified/undetermined,1,7500.0
AZ,2005,G,Natural,17,590336.2
AZ,2006,A,Human,779,93.8
AZ,2006,A,Missing data/not specified/undetermined,16,1.7000000000000002
AZ,2006,A,Natural,1181,135.41
AZ,2006,B,Human,523,803.52
AZ,2006,B,Missing data/not specified/undetermined,5,5.55
AZ,2006,B,Natural,480,925.9
AZ,2006,C,Human,83,2316.0
AZ,2006,C,Missing data/not specified/undetermined,1,10.0
AZ,2006,C,Natural,124,3967.6
AZ,2006,D,Human,16,2462.0
AZ,2006,D,Natural,46,7946.5
AZ,2006,E,Human,9,4366.0
AZ,2006,E,Natural,21,11917.0
AZ,2006,F,Human,11,24499.0
AZ,2006,F,Natural,14,28210.8
AZ,2006,G,Natural,6,93840.6
AZ,2007,A,Human,782,96.56
AZ,2007,A,Missing data/not specified/undetermined,6,0.75
AZ,2007,A,Natural,818,92.91000000000001
AZ,2007,B,Human,419,576.49
AZ,2007,B,Missing data/not specified/undetermined,5,13.3
AZ,2007,B,Natural,260,470.52
AZ,2007,C,Human,49,1535.8
AZ,2007,C,Missing data/not specified/undetermined,2,48.0
AZ,2007,C,Natural,45,1528.0
AZ,2007,D,Human,12,1918.0
AZ,2007,D,Natural,7,1263.0
AZ,2007,E,Human,8,4385.0
AZ,2007,E,Natural,12,6073.0
AZ,2007,F,Human,6,14879.0
AZ,2007,F,Natural,3,7205.0
AZ,2007,G,Natural,8,75099.0
AZ,2008,A,Human,588,66.53
AZ,2008,A,Missing data/not specified/undetermined,49,5.2
AZ,2008,A,Natural,487,54.77
AZ,2008,B,Human,428,531.65
AZ,2008,B,Missing data/not specified/undetermined,54,96.8
AZ,2008,B,Natural,149,268.05
AZ,2008,C,Human,42,1501.8
AZ,2008,C,Missing data/not specified/undetermined,6,202.0
AZ,2008,C,Natural,32,824.6
AZ,2008,D,Human,12,2124.0
AZ,2008,D,Natural,10,1843.0
AZ,2008,E,Human,7,3305.25
AZ,2008,E,Missing data/not specified/undetermined,2,706.0
AZ,2008,E,Natural,8,4305.0
AZ,2008,F,Human,6,17466.0
AZ,2008,F,Natural,10,15473.0
AZ,2008,G,Human,2,14699.0
AZ,2008,G,Natural,6,50442.729999999996
AZ,2009,A,Human,742,81.34
AZ,2009,A,Missing data/not specified/undetermined,108,10.68
AZ,2009,A,Natural,531,58.57
AZ,2009,B,Human,559,836.66
AZ,2009,B,Missing data/not specified/undetermined,9,7.8
AZ,2009,B,Natural,254,518.81
AZ,2009,C,Human,59,2056.4
AZ,2009,C,Missing data/not specified/undetermined,1,12.1
AZ,2009,C,Natural,78,2338.8
AZ,2009,D,Human,14,2546.3
AZ,2009,D,Missing data/not specified/undetermined,1,102.0
AZ,2009,D,Natural,23,4358.8
AZ,2009,E,Human,14,8000.0
AZ,2009,E,Natural,17,8947.0
AZ,2009,F,Human,7,19500.0
AZ,2009,F,Natural,26,62990.5
AZ,2009,G,Human,3,49670.0
AZ,2009,G,Natural,6,60049.0
AZ,2010,A,Human,622,76.4
AZ,2010,A,Missing data/not specified/undetermined,1439,140.57000000000002
AZ,2010,A,Natural,429,46.480000000000004
AZ,2010,B,Human,334,528.84
AZ,2010,B,Missing data/not specified/undetermined,7,7.8
AZ,2010,B,Natural,110,155.84
AZ,2010,C,Human,51,1839.7
AZ,2010,C,Natural,23,550.47
AZ,2010,D,Human,9,1600.0
AZ,2010,D,Natural,4,659.0
AZ,2010,E,Human,5,2584.0
AZ,2010,E,Natural,12,7175.0
AZ,2010,F,Human,2,5315.0
AZ,2010,F,Natural,10,30751.0
AZ,2010,G,Human,2,24080.1
AZ,2010,G,Natural,2,12290.0
AZ,2011,A,Human,468,56.410000000000004
AZ,2011,A,Missing data/not specified/undetermined,1687,170.20000000000002
AZ,2011,A,Natural,579,64.02000000000001
AZ,2011,B,Human,365,599.95
AZ,2011,B,Missing data/not specified/undetermined,73,171.2
AZ,2011,B,Natural,191,360.62
AZ,2011,C,Human,46,1691.73
AZ,2011,C,Missing data/not specified/undetermined,10,200.3
AZ,2011,C,Natural,47,1733.0
AZ,2011,D,Human,14,2280.0
AZ,2011,D,Missing data/not specified/undetermined,1,138.0
AZ,2011,D,Natural,13,2446.0
AZ,2011,E,Human,13,7699.2
AZ,2011,E,Natural,13,6540.7
AZ,2011,F,Human,8,19142.0
AZ,2011,F,Natural,18,53944.5
AZ,2011,G,Human,8,894479.0
AZ,2011,G,Natural,5,46371.0
AZ,2012,A,Human,533,65.9
AZ,2012,A,Missing data/not specified/undetermined,1408,138.92000000000002
AZ,2012,A,Natural,490,53.39
AZ,2012,B,Human,367,638.7
AZ,2012,B,Missing data/not specified/undetermined,27,49.3
AZ,2012,B,Natural,189,357.82
AZ,2012,C,Human,63,2164.39
AZ,2012,C,Natural,43,1660.0
AZ,2012,D,Human,12,2004.7
AZ,2012,D,Natural,23,4524.2
AZ,2012,E,Human,7,3609.0
AZ,2012,E,Natural,13,7678.0
AZ,2012,F,Human,4,7226.7
AZ,2012,F,Natural,14,29294.0
AZ,2012,G,Human,7,88470.0
AZ,2012,G,Natural,6,81087.0
AZ,2013,A,Human,590,70.17
AZ,2013,A,Missing data/not specified/undetermined,1403,139.97
AZ,2013,A,Natural,496,54.28
AZ,2013,B,Human,300,548.84
AZ,2013,B,Missing data/not specified/undetermined,12,15.05
AZ,2013,B,Natural,130,273.13
AZ,2013,C,Human,61,2015.97
AZ,2013,C,Missing data/not specified/undetermined,1,33.4
AZ,2013,C,Natural,40,1328.4
AZ,2013,D,Human,9,1489.2
AZ,2013,D,Natural,12,2035.5
AZ,2013,E,Human,5,3063.0
AZ,2013,E,Natural,5,3131.0
AZ,2013,F,Human,3,5778.0
AZ,2013,F,Missing data/not specified/undetermined,1,1368.0
AZ,2013,F,Natural,8,12099.0
AZ,2013,G,Human,2,17542.0
AZ,2013,G,Natural,5,52424.0
AZ,2014,A,Human,718,81.12
AZ,2014,A,Missing data/not specified/undetermined,1208,119.75
AZ,2014,A,Natural,361,40.4
AZ,2014,B,Human,278,468.9
AZ,2014,B,Missing data/not specified/undetermined,24,30.15
AZ,2014,B,Natural,110,221.82
AZ,2014,C,Human,39,1231.3
AZ,2014,C,Missing data/not specified/undetermined,1,13.0
AZ,2014,C,Natural,30,1072.4
AZ,2014,D,Human,8,1448.31
AZ,2014,D,Natural,7,1310.0
AZ,2014,E,Human,9,4188.5
AZ,2014,E,Missing data/not specified/undetermined,1,300.0
AZ,2014,E,Natural,9,4470.0
AZ,2014,F,Human,4,5609.0
AZ,2014,F,Natural,10,21923.0
AZ,2014,G,Human,2,29052.0
AZ,2014,G,Natural,8,131595.0
AZ,2015,A,Human,419,49.24
AZ,2015,A,Missing data/not specified/undetermined,2461,248.99
AZ,2015,A,Natural,423,46.67
AZ,2015,B,Human,185,304.78
AZ,2015,B,Missing data/not specified/undetermined,71,179.89
AZ,2015,B,Natural,113,264.32
AZ,2015,C,Human,29,812.1
AZ,2015,C,Missing data/not specified/undetermined,22,647.38
AZ,2015,C,Natural,40,1162.0
AZ,2015,D,Human,7,889.0
AZ,2015,D,Missing data/not specified/undetermined,2,228.9
AZ,2015,D,Natural,8,1467.0
AZ,2015,E,Human,2,992.0
AZ,2015,E,Natural,10,6181.0
AZ,2015,F,Human,2,3958.0
AZ,2015,F,Missing data/not specified/undetermined,1,1428.0
AZ,2015,F,Natural,18,52355.0
AZ,2015,G,Natural,6,84600.0
AZ,2016,A,Human,535,65.4
AZ,2016,A,Missing data/not specified/undetermined,112,11.9
AZ,2016,A,Natural,432,47.260000000000005
AZ,2016,B,Human,304,497.76
AZ,2016,B,Missing data/not specified/undetermined,34,83.9
AZ,2016,B,Natural,155,305.74
AZ,2016,C,Human,51,1603.56
AZ,2016,C,Missing data/not specified/undetermined,9,250.4
AZ,2016,C,Natural,55,1965.4
AZ,2016,D,Human,9,1655.0
AZ,2016,D,Missing data/not specified/undetermined,3,492.0
AZ,2016,D,Natural,11,1845.0
AZ,2016,E,Human,9,6595.0
AZ,2016,E,Natural,16,8229.0
AZ,2016,F,Human,8,13522.4
AZ,2016,F,Missing data/not specified/undetermined,3,7853.0
AZ,2016,F,Natural,28,58143.0
AZ,2016,G,Human,5,42464.0
AZ,2016,G,Natural,9,161114.0
AZ,2017,A,Human,655,76.3
AZ,2017,A,Missing data/not specified/undetermined,2031,214.59
AZ,2017,A,Natural,336,37.27
AZ,2017,B,Human,425,688.76
AZ,2017,B,Missing data/not specified/undetermined,353,576.33
AZ,2017,B,Natural,113,233.24
AZ,2017,C,Human,54,1677.95
AZ,2017,C,Missing data/not specified/undetermined,50,1667.66
AZ,2017,C,Natural,44,1698.56
AZ,2017,D,Human,21,3255.2
AZ,2017,D,Missing data/not specified/undetermined,14,1963.82
AZ,2017,D,Natural,14,2582.5
AZ,2017,E,Human,9,4938.0
AZ,2017,E,Missing data/not specified/undetermined,9,5103.26
AZ,2017,E,Natural,7,4296.0
AZ,2017,F,Human,4,7757.0
AZ,2017,F,Missing data/not specified/undetermined,6,8175.0
AZ,2017,F,Natural,17,39159.0
AZ,2017,G,Human,4,88005.0
AZ,2017,G,Missing data/not specified/undetermined,2,17950.0
AZ,2017,G,Natural,13,247833.36
AZ,2018,A,Human,8156,792.522
AZ,2018,A,Missing data/not specified/undetermined,18,1.8
AZ,2018,A,Natural,654,70.4
AZ,2018,B,Human,587,897.48
AZ,2018,B,Missing data/not specified/undetermined,5,16.8
AZ,2018,B,Natural,126,206.7
AZ,2018,C,Human,78,2815.97
AZ,2018,C,Missing data/not specified/undetermined,1,15.0
AZ,2018,C,Natural,38,1270.81
AZ,2018,D,Human,18,2845.5
AZ,2018,D,Missing data/not specified/undetermined,1,123.0
AZ,2018,D,Natural,9,1385.0
AZ,2018,E,Human,9,4420.0
AZ,2018,E,Natural,10,6598.0
AZ,2018,F,Human,8,21793.0
AZ,2018,F,Natural,12,36951.0
AZ,2018,G,Human,3,48410.0
AZ,2018,G,Natural,5,38262.0
AZ,2019,A,Human,939,68.09
AZ,2019,A,Missing data/not specified/undetermined,3230,79.271
AZ,2019,A,Natural,478,29.610000000000003
AZ,2019,B,Human,458,744.62
AZ,2019,B,Missing data/not specified/undetermined,347,554.94
AZ,2019,B,Natural,111,204.09
AZ,2019,C,Human,66,1963.1
AZ,2019,C,Missing data/not specified/undetermined,33,863.57
AZ,2019,C,Natural,41,1376.63
AZ,2019,D,Human,14,2444.0
AZ,2019,D,Missing data/not specified/undetermined,5,800.0
AZ,2019,D,Natural,20,3896.5
AZ,2019,E,Human,11,6429.0
AZ,2019,E,Missing data/not specified/undetermined,3,1540.0
AZ,2019,E,Natural,12,6972.5
AZ,2019,F,Human,4,7893.0
AZ,2019,F,Missing data/not specified/undetermined,4,7014.0
AZ,2019,F,Natural,21,56024.0
AZ,2019,G,Human,3,148056.0
AZ,2019,G,Natural,10,126611.0
AZ,2020,A,Human,4323,452.6
AZ,2020,A,Missing data/not specified/undetermined,47,5.45
AZ,2020,A,Natural,199,24.150000000000002
AZ,2020,B,Human,657,1264.08
AZ,2020,B,Missing data/not specified/undetermined,13,24.41
AZ,2020,B,Natural,122,267.29
AZ,2020,C,Human,158,5597.85
AZ,2020,C,Missing data/not specified/undetermined,4,145.0
AZ,2020,C,Natural,50,1733.24
AZ,2020,D,Human,35,5512.58
AZ,2020,D,Missing data/not specified/undetermined,2,277.0
AZ,2020,D,Natural,20,3986.0
AZ,2020,E,Human,19,11473.0
AZ,2020,E,Natural,24,13378.0
AZ,2020,F,Human,11,28213.0
AZ,2020,F,Missing data/not specified/undetermined,1,2034.0
AZ,2020,F,Natural,18,49325.0
AZ,2020,G,Human,3,212349.0
AZ,2020,G,Missing data/not specified/undetermined,2,85926.0
AZ,2020,G,Natural,22,549215.0
CA,1992,A,Human,3914,443.40000000000003
CA,1992,A,Missing data/not specified/undetermined,5,0.5
CA,1992,A,Natural,2076,231.20000000000002
CA,1992,B,Human,3437,5775.6
CA,1992,B,Missing data/not specified/undetermined,5,10.0
CA,1992,B,Natural,540,724.0
CA,1992,C,Human,552,16123.0
CA,1992,C,Missing data/not specified/undetermined,2,85.0
CA,1992,C,Natural,48,1393.3
CA,1992,D,Human,118,19045.6
CA,1992,D,Natural,17,2699.0
CA,1992,E,Human,64,32920.0
CA,1992,E,Natural,8,4222.0
CA,1992,F,Human,29,52887.0
CA,1992,F,Missing data/not specified/undetermined,1,2400.0
CA,1992,F,Natural,6,8680.0
CA,1992,G,Human,8,140000.0
CA,1992,G,Natural,1,8800.0
CA,1993,A,Human,3318,384.20000000000005
CA,1993,A,Missing data/not specified/undetermined,4,0.4
CA,1993,A,Natural,574,63.800000000000004
CA,1993,B,Human,3494,5890.9
CA,1993,B,Missing data/not specified/undetermined,16,30.5
CA,1993,B,Natural,106,114.0
CA,1993,C,Human,538,15766.9
CA,1993,C,Natural,11,290.0
CA,1993,D,Human,106,16875.0
CA,1993,D,Natural,7,1160.2
CA,1993,E,Human,58,29444.0
CA,1993,E,Natural,3,1565.0
CA,1993,F,Human,20,42408.0
CA,1993,F,Natural,1,2170.0
CA,1993,G,Human,10,180972.0
CA,1993,G,Natural,2,24360.0
CA,1994,A,Human,3315,381.1
CA,1994,A,Missing data/not specified/undetermined,5,0.7000000000000001
CA,1994,A,Natural,967,110.2
CA,1994,B,Human,3161,5236.8
CA,1994,B,Missing data/not specified/undetermined,12,24.8
CA,1994,B,Natural,419,570.6
CA,1994,C,Human,472,13625.9
CA,1994,C,Missing data/not specified/undetermined,1,11.0
CA,1994,C,Natural,73,2282.7
CA,1994,D,Human,91,14597.0
CA,1994,D,Natural,15,2344.5
CA,1994,E,Human,48,25543.0
CA,1994,E,Natural,12,6219.0
CA,1994,F,Human,36,71504.1
CA,1994,F,Natural,9,16232.0
CA,1994,G,Human,7,132054.0
CA,1994,G,Natural,6,116228.0
CA,1995,A,Human,3211,369.90000000000003
CA,1995,A,Missing data/not specified/undetermined,8,1.1
CA,1995,A,Natural,383,42.300000000000004
CA,1995,B,Human,2982,4944.6
CA,1995,B,Missing data/not specified/undetermined,1,0.3
CA,1995,B,Natural,130,191.2
CA,1995,C,Human,443,13217.4
CA,1995,C,Missing data/not specified/undetermined,3,70.0
CA,1995,C,Natural,14,575.0
CA,1995,D,Human,96,15551.9
CA,1995,D,Missing data/not specified/undetermined,1,100.0
CA,1995,D,Natural,11,1997.0
CA,1995,E,Human,50,25142.0
CA,1995,E,Natural,9,4796.0
CA,1995,F,Human,28,54272.0
CA,1995,F,Natural,1,1985.0
CA,1995,G,Human,9,87292.0
CA,1995,G,Natural,1,5521.0
CA,1996,A,Human,3308,378.6
CA,1996,A,Missing data/not specified/undetermined,9,1.0
CA,1996,A,Natural,940,107.10000000000001
CA,1996,B,Human,3596,6069.5
CA,1996,B,Missing data/not specified/undetermined,2,10.0
CA,1996,B,Natural,336,520.3
CA,1996,C,Human,540,15462.8
CA,1996,C,Missing data/not specified/undetermined,2,38.0
CA,1996,C,Natural,76,2249.9
CA,1996,D,Human,137,23106.0
CA,1996,D,Natural,23,3726.2
CA,1996,E,Human,88,46902.5
CA,1996,E,Natural,16,7724.0
CA,1996,F,Human,59,113182.0
CA,1996,F,Natural,17,36145.0
CA,1996,G,Human,16,381037.0
CA,1996,G,Natural,5,70449.0
CA,1997,A,Human,3316,381.0
CA,1997,A,Missing data/not specified/undetermined,6,0.6000000000000001
CA,1997,A,Natural,826,92.9
CA,1997,B,Human,2954,4699.0
CA,1997,B,Missing data/not specified/undetermined,3,6.0
CA,1997,B,Natural,232,354.1
CA,1997,C,Human,405,11482.3
CA,1997,C,Missing data/not specified/undetermined,1,10.0
CA,1997,C,Natural,28,1011.0
CA,1997,D,Human,78,12195.0
CA,1997,D,Natural,6,961.0
CA,1997,E,Human,36,17241.8
CA,1997,E,Natural,3,1946.0
CA,1997,F,Human,19,36532.0
CA,1997,F,Natural,3,6390.0
CA,1997,G,Human,11,225570.0
CA,1997,G,Natural,1,5693.0
CA,1998,A,Human,2918,331.90000000000003
CA,1998,A,Missing data/not specified/undetermined,3,0.4
CA,1998,A,Natural,794,89.5
CA,1998,B,Human,2401,4026.4
CA,1998,B,Missing data/not specified/undetermined,8,9.7
CA,1998,B,Natural,211,262.8
CA,1998,C,Human,349,9745.2
CA,1998,C,Missing data/not specified/undetermined,1,10.0
CA,1998,C,Natural,26,747.0
CA,1998,D,Human,85,13199.6
CA,1998,D,Natural,3,708.0
CA,1998,E,Human,36,19072.0
CA,1998,E,Natural,4,1606.0
CA,1998,F,Human,13,28861.0
CA,1998,F,Natural,2,6262.0
CA,1998,G,Human,5,64077.0
CA,1998,G,Natural,2,11000.0
CA,1999,A,Human,3698,419.0
CA,1999,A,Missing data/not specified/undetermined,54,5.7
CA,1999,A,Natural,1012,114.5
CA,1999,B,Human,2965,4940.8
CA,1999,B,Missing data/not specified/undetermined,21,27.3
CA,1999,B,Natural,458,728.6
CA,1999,C,Human,410,10847.1
CA,1999,C,Missing data/not specified/undetermined,1,27.0
CA,1999,C,Natural,59,1684.5
CA,1999,D,Human,74,12091.5
CA,1999,D,Missing data/not specified/undetermined,1,125.0
CA,1999,D,Natural,20,3559.0
CA,1999,E,Human,38,18962.0
CA,1999,E,Missing data/not specified/undetermined,1,850.0
CA,1999,E,Natural,22,13220.8
CA,1999,F,Human,31,74065.0
CA,1999,F,Natural,19,43323.0
CA,1999,G,Human,10,256554.0
CA,1999,G,Natural,15,362578.4
CA,2000,A,Human,3114,350.0
CA,2000,A,Missing data/not specified/undetermined,62,7.0
CA,2000,A,Natural,673,75.4
CA,2000,B,Human,2480,4177.3
CA,2000,B,Missing data/not specified/undetermined,30,37.6
CA,2000,B,Natural,188,270.9
CA,2000,C,Human,282,7888.9
CA,2000,C,Missing data/not specified/undetermined,2,65.0
CA,2000,C,Natural,16,459.0
CA,2000,D,Human,58,9370.0
CA,2000,D,Natural,3,427.0
CA,2000,E,Human,32,16530.5
CA,2000,E,Missing data/not specified/undetermined,1,640.0
CA,2000,E,Natural,3,1431.0
CA,2000,F,Human,11,22738.0
CA,2000,F,Natural,5,8768.0
CA,2000,G,Human,9,181735.2
CA,2000,G,Missing data/not specified/undetermined,1,9700.0
CA,2001,A,Human,3315,370.3
CA,2001,A,Missing data/not specified/undetermined,83,8.6
CA,2001,A,Natural,1128,126.2
CA,2001,B,Human,2760,4442.4
CA,2001,B,Missing data/not specified/undetermined,18,24.8
CA,2001,B,Natural,292,415.4
CA,2001,C,Human,369,11017.2
CA,2001,C,Missing data/not specified/undetermined,6,192.0
CA,2001,C,Natural,33,1052.1
CA,2001,D,Human,58,9564.0
CA,2001,D,Missing data/not specified/undetermined,5,646.5
CA,2001,D,Natural,11,1726.0
CA,2001,E,Human,38,20297.0
CA,2001,E,Missing data/not specified/undetermined,1,950.0
CA,2001,E,Natural,8,4487.0
CA,2001,F,Human,15,34347.0
CA,2001,F,Missing data/not specified/undetermined,2,3600.0
CA,2001,F,Natural,7,18116.0
CA,2001,G,Human,8,105389.0
CA,2001,G,Missing data/not specified/undetermined,1,8333.0
CA,2001,G,Natural,5,125036.0
CA,2002,A,Human,3253,369.70000000000005
CA,2002,A,Missing data/not specified/undetermined,64,6.5
CA,2002,A,Natural,436,50.900000000000006
CA,2002,B,Human,2569,4259.4
CA,2002,B,Missing data/not specified/undetermined,27,54.8
CA,2002,B,Natural,166,248.0
CA,2002,C,Human,379,10921.9
CA,2002,C,Missing data/not specified/undetermined,6,146.0
CA,2002,C,Natural,30,1145.5
CA,2002,D,Human,89,14046.3
CA,2002,D,Natural,4,753.0
CA,2002,E,Human,34,17950.0
CA,2002,E,Missing data/not specified/undetermined,8,5394.0
CA,2002,E,Natural,4,2120.0
CA,2002,F,Human,25,45759.0
CA,2002,F,Missing data/not specified/undetermined,4,8778.0
CA,2002,F,Natural,4,7995.0
CA,2002,G,Human,12,368065.0
CA,2002,G,Missing data/not specified/undetermined,1,7782.0
CA,2002,G,Natural,3,20015.0
CA,2003,A,Human,2862,330.38
CA,2003,A,Missing data/not specified/undetermined,62,6.800000000000001
CA,2003,A,Natural,1319,150.48000000000002
CA,2003,B,Human,2486,4117.99
CA,2003,B,Missing data/not specified/undetermined,27,50.2
CA,2003,B,Natural,482,755.93
CA,2003,C,Human,347,10234.7
CA,2003,C,Missing data/not specified/undetermined,4,105.0
CA,2003,C,Natural,73,2472.87
CA,2003,D,Human,83,13454.3
CA,2003,D,Missing data/not specified/undetermined,2,445.0
CA,2003,D,Natural,28,4712.3
CA,2003,E,Human,40,19571.8
CA,2003,E,Missing data/not specified/undetermined,3,1332.0
CA,2003,E,Natural,12,5826.0
CA,2003,F,Human,19,33466.0
CA,2003,F,Missing data/not specified/undetermined,2,3451.0
CA,2003,F,Natural,18,39359.9
CA,2003,G,Human,11,643096.0
CA,2003,G,Missing data/not specified/undetermined,3,127185.0
CA,2003,G,Natural,11,123219.6
CA,2004,A,Human,3111,358.73
CA,2004,A,Missing data/not specified/undetermined,61,6.2
CA,2004,A,Natural,839,102.81
CA,2004,B,Human,2566,4402.25
CA,2004,B,Missing data/not specified/undetermined,42,83.5
CA,2004,B,Natural,199,253.19
CA,2004,C,Human,387,11944.0
CA,2004,C,Missing data/not specified/undetermined,12,479.8
CA,2004,C,Natural,29,693.2
CA,2004,D,Human,69,10716.69
CA,2004,D,Missing data/not specified/undetermined,2,345.0
CA,2004,D,Natural,5,888.0
CA,2004,E,Human,33,15959.0
CA,2004,E,Missing data/not specified/undetermined,3,1102.0
CA,2004,E,Natural,8,4669.9
CA,2004,F,Human,20,45265.0
CA,2004,F,Missing data/not specified/undetermined,2,3047.0
CA,2004,F,Natural,3,8941.0
CA,2004,G,Human,14,173470.0
CA,2004,G,Missing data/not specified/undetermined,1,12525.0
CA,2004,G,Natural,1,5633.0
CA,2005,A,Human,3968,456.82
CA,2005,A,Missing data/not specified/undetermined,981,117.04
CA,2005,A,Natural,519,60.730000000000004
CA,2005,B,Human,3257,5492.3
CA,2005,B,Missing data/not specified/undetermined,631,864.75
CA,2005,B,Natural,151,266.7
CA,2005,C,Human,444,11795.61
CA,2005,C,Missing data/not specified/undetermined,43,1124.8
CA,2005,C,Natural,32,1330.4
CA,2005,D,Human,80,13290.6
CA,2005,D,Missing data/not specified/undetermined,14,2043.21
CA,2005,D,Natural,11,1916.1
CA,2005,E,Human,34,17526.2
CA,2005,E,Missing data/not specified/undetermined,4,3218.0
CA,2005,E,Natural,9,4689.5
CA,2005,F,Human,22,43127.0
CA,2005,F,Missing data/not specified/undetermined,2,5012.0
CA,2005,F,Natural,8,14745.0
CA,2005,G,Human,6,59715.0
CA,2005,G,Natural,3,77170.0
CA,2006,A,Human,4451,515.8000000000001
CA,2006,A,Missing data/not specified/undetermined,1271,151.96
CA,2006,A,Natural,888,112.55000000000001
CA,2006,B,Human,3674,6032.86
CA,2006,B,Missing data/not specified/undetermined,583,737.24
CA,2006,B,Natural,379,631.3
CA,2006,C,Human,421,12449.52
CA,2006,C,Missing data/not specified/undetermined,48,1044.7
CA,2006,C,Natural,71,2193.7
CA,2006,D,Human,87,14493.5
CA,2006,D,Missing data/not specified/undetermined,3,390.0
CA,2006,D,Natural,16,3195.7
CA,2006,E,Human,46,23244.69
CA,2006,E,Missing data/not specified/undetermined,2,862.0
CA,2006,E,Natural,30,16562.0
CA,2006,F,Human,21,44054.2
CA,2006,F,Missing data/not specified/undetermined,2,2858.0
CA,2006,F,Natural,20,46089.1
CA,2006,G,Human,12,391779.0
CA,2006,G,Natural,13,251708.0
CA,2007,A,Human,5345,579.88
CA,2007,A,Missing data/not specified/undetermined,1221,141.44
CA,2007,A,Natural,565,69.27
CA,2007,B,Human,4785,6464.21
CA,2007,B,Missing data/not specified/undetermined,587,760.9
CA,2007,B,Natural,228,414.93
CA,2007,C,Human,421,11600.06
CA,2007,C,Missing data/not specified/undetermined,40,1096.65
CA,2007,C,Natural,49,1899.1
CA,2007,D,Human,64,9395.0
CA,2007,D,Missing data/not specified/undetermined,6,940.0
CA,2007,D,Natural,14,2571.5
CA,2007,E,Human,32,16786.0
CA,2007,E,Missing data/not specified/undetermined,10,6092.1
CA,2007,E,Natural,9,5248.0
CA,2007,F,Human,20,50548.0
CA,2007,F,Missing data/not specified/undetermined,6,16774.0
CA,2007,F,Natural,8,16282.0
CA,2007,G,Human,13,844783.45
CA,2007,G,Missing data/not specified/undetermined,1,21004.0
CA,2007,G,Natural,4,48103.81
CA,2008,A,Human,3227,355.13
CA,2008,A,Missing data/not specified/undetermined,1110,119.84
CA,2008,A,Natural,453,56.96
CA,2008,B,Human,4255,5987.52
CA,2008,B,Missing data/not specified/undetermined,404,528.27
CA,2008,B,Natural,408,772.52
CA,2008,C,Human,327,9667.9
CA,2008,C,Missing data/not specified/undetermined,22,692.8
CA,2008,C,Natural,92,3239.0
CA,2008,D,Human,61,9697.0
CA,2008,D,Missing data/not specified/undetermined,3,356.0
CA,2008,D,Natural,30,5415.0
CA,2008,E,Human,43,21815.0
CA,2008,E,Missing data/not specified/undetermined,4,1659.0
CA,2008,E,Natural,27,15166.5
CA,2008,F,Human,18,36830.1
CA,2008,F,Missing data/not specified/undetermined,3,9896.0
CA,2008,F,Natural,55,139400.0
CA,2008,G,Human,12,277696.0
CA,2008,G,Missing data/not specified/undetermined,1,6400.0
CA,2008,G,Natural,39,888220.0
CA,2009,A,Human,3279,343.26
CA,2009,A,Missing data/not specified/undetermined,1536,162.84
CA,2009,A,Natural,642,76.60000000000001
CA,2009,B,Human,2875,4208.88
CA,2009,B,Missing data/not specified/undetermined,814,1228.95
CA,2009,B,Natural,275,398.26
CA,2009,C,Human,213,6587.9
CA,2009,C,Missing data/not specified/undetermined,71,2235.8
CA,2009,C,Natural,27,1015.1
CA,2009,D,Human,38,6742.1
CA,2009,D,Missing data/not specified/undetermined,11,1726.0
CA,2009,D,Natural,8,1393.8
CA,2009,E,Human,25,12594.0
CA,2009,E,Missing data/not specified/undetermined,2,790.5
CA,2009,E,Natural,2,1564.0
CA,2009,F,Human,14,33679.0
CA,2009,F,Missing data/not specified/undetermined,4,8526.0
CA,2009,F,Natural,12,27776.0
CA,2009,G,Human,10,325326.0
CA,2009,G,Missing data/not specified/undetermined,1,7500.0
CA,2009,G,Natural,3,21344.0
CA,2010,A,Human,2868,289.53000000000003
CA,2010,A,Missing data/not specified/undetermined,1247,116.45
CA,2010,A,Natural,459,54.47
CA,2010,B,Human,2449,3906.67
CA,2010,B,Missing data/not specified/undetermined,743,1198.43
CA,2010,B,Natural,130,176.44
CA,2010,C,Human,203,6355.84
CA,2010,C,Missing data/not specified/undetermined,67,2098.92
CA,2010,C,Natural,23,870.4
CA,2010,D,Human,49,7880.21
CA,2010,D,Missing data/not specified/undetermined,7,1121.0
CA,2010,D,Natural,7,983.9
CA,2010,E,Human,18,10899.71
CA,2010,E,Missing data/not specified/undetermined,3,1666.0
CA,2010,E,Natural,8,5086.0
CA,2010,F,Human,10,14931.0
CA,2010,F,Missing data/not specified/undetermined,2,3158.25
CA,2010,F,Natural,6,8504.0
CA,2010,G,Human,3,40180.0
CA,2010,G,Natural,2,18428.0
CA,2011,A,Human,2855,293.34000000000003
CA,2011,A,Missing data/not specified/undetermined,1270,124.54
CA,2011,A,Natural,414,48.81
CA,2011,B,Human,2345,3852.56
CA,2011,B,Missing data/not specified/undetermined,1034,1503.74
CA,2011,B,Natural,122,238.2
CA,2011,C,Human,270,8185.12
CA,2011,C,Missing data/not specified/undetermined,82,2252.8
CA,2011,C,Natural,26,679.0
CA,2011,D,Human,48,7863.41
CA,2011,D,Missing data/not specified/undetermined,12,2097.6
CA,2011,D,Natural,11,1819.5
CA,2011,E,Human,31,15625.5
CA,2011,E,Missing data/not specified/undetermined,5,2687.0
CA,2011,E,Natural,7,3545.0
CA,2011,F,Human,11,17102.6
CA,2011,F,Missing data/not specified/undetermined,2,4747.0
CA,2011,F,Natural,6,8224.2
CA,2011,G,Human,5,35048.0
CA,2011,G,Missing data/not specified/undetermined,1,5050.0
CA,2011,G,Natural,3,71290.0
CA,2012,A,Human,2520,286.6
CA,2012,A,Missing data/not specified/undetermined,919,105.26
CA,2012,A,Natural,443,55.580000000000005
CA,2012,B,Human,1885,3175.5
CA,2012,B,Missing data/not specified/undetermined,804,1188.04
CA,2012,B,Natural,184,356.27
CA,2012,C,Human,201,6037.95
CA,2012,C,Missing data/not specified/undetermined,70,2062.46
CA,2012,C,Natural,30,854.45
CA,2012,D,Human,50,7476.4
CA,2012,D,Missing data/not specified/undetermined,12,2042.82
CA,2012,D,Natural,5,937.0
CA,2012,E,Human,22,11139.6
CA,2012,E,Missing data/not specified/undetermined,3,1578.0
CA,2012,E,Natural,9,4566.0
CA,2012,F,Human,18,43224.7
CA,2012,F,Missing data/not specified/undetermined,2,3934.0
CA,2012,F,Natural,6,13121.9
CA,2012,G,Human,6,145781.0
CA,2012,G,Natural,9,516835.8
CA,2013,A,Human,2707,308.892
CA,2013,A,Missing data/not specified/undetermined,1290,137.01
CA,2013,A,Natural,867,101.3
CA,2013,B,Human,2116,3313.92
CA,2013,B,Missing data/not specified/undetermined,963,1578.0
CA,2013,B,Natural,276,415.5
CA,2013,C,Human,226,6584.43
CA,2013,C,Missing data/not specified/undetermined,102,3286.47
CA,2013,C,Natural,27,722.2
CA,2013,D,Human,52,7905.3
CA,2013,D,Missing data/not specified/undetermined,26,3942.0
CA,2013,D,Natural,10,1783.0
CA,2013,E,Human,18,8198.0
CA,2013,E,Missing data/not specified/undetermined,6,2767.0
CA,2013,E,Natural,5,2379.0
CA,2013,F,Human,13,34196.25
CA,2013,F,Missing data/not specified/undetermined,2,6358.0
CA,2013,F,Natural,1,2050.0
CA,2013,G,Human,12,453949.0
CA,2013,G,Missing data/not specified/undetermined,1,5912.0
CA,2013,G,Natural,2,35523.0
CA,2014,A,Human,2503,272.33
CA,2014,A,Missing data/not specified/undetermined,856,88.88000000000001
CA,2014,A,Natural,685,76.45
CA,2014,B,Human,1400,2164.41
CA,2014,B,Missing data/not specified/undetermined,548,863.44
CA,2014,B,Natural,205,379.73
CA,2014,C,Human,113,3357.23
CA,2014,C,Missing data/not specified/undetermined,40,973.6
CA,2014,C,Natural,33,961.8
CA,2014,D,Human,31,4650.2
CA,2014,D,Missing data/not specified/undetermined,13,1926.1
CA,2014,D,Natural,6,843.0
CA,2014,E,Human,15,7620.2
CA,2014,E,Missing data/not specified/undetermined,7,4259.0
CA,2014,E,Natural,3,1730.0
CA,2014,F,Human,11,33332.0
CA,2014,F,Missing data/not specified/undetermined,4,7218.0
CA,2014,F,Natural,3,9485.0
CA,2014,G,Human,5,178660.0
CA,2014,G,Missing data/not specified/undetermined,2,19783.0
CA,2014,G,Natural,10,269184.2
CA,2015,A,Human,2689,253.49
CA,2015,A,Missing data/not specified/undetermined,986,84.01
CA,2015,A,Natural,1130,127.30000000000001
CA,2015,B,Human,1312,2250.15
CA,2015,B,Missing data/not specified/undetermined,510,796.28
CA,2015,B,Natural,331,537.49
CA,2015,C,Human,144,4221.97
CA,2015,C,Missing data/not specified/undetermined,53,1416.65
CA,2015,C,Natural,48,1845.17
CA,2015,D,Human,42,6698.0
CA,2015,D,Missing data/not specified/undetermined,11,1408.0
CA,2015,D,Natural,17,2781.99
CA,2015,E,Human,11,5879.0
CA,2015,E,Missing data/not specified/undetermined,5,2701.0
CA,2015,E,Natural,13,7177.67
CA,2015,F,Human,9,19262.0
CA,2015,F,Missing data/not specified/undetermined,8,16771.0
CA,2015,F,Natural,9,22286.8
CA,2015,G,Human,6,107012.0
CA,2015,G,Missing data/not specified/undetermined,2,146935.0
CA,2015,G,Natural,18,428629.77
CA,2016,A,Human,3088,262.61
CA,2016,A,Missing data/not specified/undetermined,1897,135.29
CA,2016,A,Natural,217,21.400000000000002
CA,2016,B,Human,1436,2468.45
CA,2016,B,Missing data/not specified/undetermined,773,1197.03
CA,2016,B,Natural,64,113.9
CA,2016,C,Human,199,6215.93
CA,2016,C,Missing data/not specified/undetermined,75,2254.76
CA,2016,C,Natural,6,289.7
CA,2016,D,Human,38,5563.0
CA,2016,D,Missing data/not specified/undetermined,15,2474.25
CA,2016,D,Natural,4,540.0
CA,2016,E,Human,22,10555.72
CA,2016,E,Natural,2,1452.0
CA,2016,F,Human,16,35419.4
CA,2016,F,Missing data/not specified/undetermined,7,18261.0
CA,2016,F,Natural,6,15600.0
CA,2016,G,Human,15,453853.52
CA,2016,G,Missing data/not specified/undetermined,1,12742.0
CA,2016,G,Natural,1,5443.0
CA,2017,A,Human,3355,285.19
CA,2017,A,Missing data/not specified/undetermined,1891,142.22
CA,2017,A,Natural,772,84.48
CA,2017,B,Human,1745,3293.58
CA,2017,B,Missing data/not specified/undetermined,832,1292.42
CA,2017,B,Natural,233,447.89
CA,2017,C,Human,304,9161.81
CA,2017,C,Missing data/not specified/undetermined,96,2839.33
CA,2017,C,Natural,63,2245.28
CA,2017,D,Human,56,8195.6
CA,2017,D,Missing data/not specified/undetermined,25,3478.2
CA,2017,D,Natural,21,3586.19
CA,2017,E,Human,28,14620.9
CA,2017,E,Missing data/not specified/undetermined,11,6801.0
CA,2017,E,Natural,15,8516.84
CA,2017,F,Human,22,44466.6
CA,2017,F,Missing data/not specified/undetermined,11,21305.0
CA,2017,F,Natural,15,40429.17
CA,2017,G,Human,19,753044.0
CA,2017,G,Missing data/not specified/undetermined,6,80493.0
CA,2017,G,Natural,17,355431.3
CA,2018,A,Human,3501,277.26
CA,2018,A,Missing data/not specified/undetermined,2672,189.15
CA,2018,A,Natural,255,26.71
CA,2018,B,Human,1576,2553.24
CA,2018,B,Missing data/not specified/undetermined,932,1388.9
CA,2018,B,Natural,99,209.09
CA,2018,C,Human,183,5497.25
CA,2018,C,Missing data/not specified/undetermined,86,2375.84
CA,2018,C,Natural,23,1094.8
CA,2018,D,Human,45,7530.25
CA,2018,D,Missing data/not specified/undetermined,23,3709.0
CA,2018,D,Natural,5,954.0
CA,2018,E,Human,22,11314.1
CA,2018,E,Missing data/not specified/undetermined,10,5322.0
CA,2018,E,Natural,4,1676.0
CA,2018,F,Human,19,42251.0
CA,2018,F,Missing data/not specified/undetermined,7,17904.0
CA,2018,F,Natural,3,7400.0
CA,2018,G,Human,17,1356419.01
CA,2018,G,Missing data/not specified/undetermined,1,22000.0
CA,2018,G,Natural,5,145666.0
CA,2019,A,Human,2316,213.70000000000002
CA,2019,A,Missing data/not specified/undetermined,1631,138.26
CA,2019,A,Natural,308,33.81
CA,2019,B,Human,1023,1751.03
CA,2019,B,Missing data/not specified/undetermined,711,1205.33
CA,2019,B,Natural,95,178.94
CA,2019,C,Human,127,3900.36
CA,2019,C,Missing data/not specified/undetermined,101,3263.31
CA,2019,C,Natural,29,901.3
CA,2019,D,Human,26,4635.72
CA,2019,D,Missing data/not specified/undetermined,15,2400.5
CA,2019,D,Natural,10,2019.8
CA,2019,E,Human,11,5860.0
CA,2019,E,Missing data/not specified/undetermined,14,7712.0
CA,2019,E,Natural,3,1331.0
CA,2019,F,Human,8,23896.9
CA,2019,F,Missing data/not specified/undetermined,8,16848.010000000002
CA,2019,F,Natural,8,18051.0
CA,2019,G,Human,4,105503.0
CA,2019,G,Missing data/not specified/undetermined,2,64607.0
CA,2019,G,Natural,4,30170.0
CA,2020,A,Human,2572,258.02000000000004
CA,2020,A,Missing data/not specified/undetermined,2450,222.1
CA,2020,A,Natural,354,40.300000000000004
CA,2020,B,Human,2042,3038.82
CA,2020,B,Missing data/not specified/undetermined,1943,2943.02
CA,2020,B,Natural,174,285.98
CA,2020,C,Human,180,5333.96
CA,2020,C,Missing data/not specified/undetermined,175,5640.84
CA,2020,C,Natural,46,1416.83
CA,2020,D,Human,49,8033.5
CA,2020,D,Missing data/not specified/undetermined,44,6701.0
CA,2020,D,Natural,18,3826.49
CA,2020,E,Human,15,7465.1
CA,2020,E,Missing data/not specified/undetermined,26,15529.8
CA,2020,E,Natural,14,9503.01
CA,2020,F,Human,13,26056.43
CA,2020,F,Missing data/not specified/undetermined,22,40857.0
CA,2020,F,Natural,12,27101.9
CA,2020,G,Human,9,596098.4
CA,2020,G,Missing data/not specified/undetermined,21,1169356.0
CA,2020,G,Natural,21,2343708.65
CO,1992,A,Human,250,26.8
CO,1992,A,Missing data/not specified/undetermined,78,8.700000000000001
CO,1992,A,Natural,645,69.3
CO,1992,B,Human,124,206.8
CO,1992,B,Missing data/not specified/undetermined,35,75.9
CO,1992,B,Natural,114,158.7
CO,1992,C,Human,29,748.2
CO,1992,C,Missing data/not specified/undetermined,6,192.0
CO,1992,C,Natural,18,584.0
CO,1992,D,Human,10,1288.0
CO,1992,D,Natural,7,1098.0
CO,1992,E,Human,1,400.0
CO,1992,E,Missing data/not specified/undetermined,1,750.0
CO,1992,E,Natural,2,845.0
CO,1992,F,Human,1,1000.0
CO,1993,A,Human,309,33.5
CO,1993,A,Missing data/not specified/undetermined,87,9.200000000000001
CO,1993,A,Natural,412,44.1
CO,1993,B,Human,186,279.2
CO,1993,B,Missing data/not specified/undetermined,41,47.8
CO,1993,B,Natural,126,166.0
CO,1993,C,Human,36,1146.0
CO,1993,C,Missing data/not specified/undetermined,6,90.5
CO,1993,C,Natural,17,623.0
CO,1993,D,Human,8,1115.0
CO,1993,D,Natural,7,1418.0
CO,1993,E,Human,2,726.0
CO,1993,E,Missing data/not specified/undetermined,1,360.0
CO,1993,E,Natural,2,1147.0
CO,1993,F,Human,2,6340.0
CO,1993,G,Human,2,22010.0
CO,1994,A,Human,375,40.2
CO,1994,A,Missing data/not specified/undetermined,125,13.100000000000001
CO,1994,A,Natural,998,105.5
CO,1994,B,Human,254,443.2
CO,1994,B,Missing data/not specified/undetermined,97,134.8
CO,1994,B,Natural,428,708.8
CO,1994,C,Human,49,1741.8
CO,1994,C,Missing data/not specified/undetermined,10,285.2
CO,1994,C,Natural,91,2939.0
CO,1994,D,Human,5,979.0
CO,1994,D,Missing data/not specified/undetermined,1,200.0
CO,1994,D,Natural,29,4921.0
CO,1994,E,Human,5,2423.0
CO,1994,E,Missing data/not specified/undetermined,1,400.0
CO,1994,E,Natural,33,19790.0
CO,1994,F,Human,1,4000.0
CO,1994,F,Natural,12,24365.0
CO,1994,G,Natural,1,7271.0
CO,1995,A,Human,278,30.700000000000003
CO,1995,A,Missing data/not specified/undetermined,125,13.0
CO,1995,A,Natural,541,57.300000000000004
CO,1995,B,Human,258,428.0
CO,1995,B,Missing data/not specified/undetermined,52,74.5
CO,1995,B,Natural,128,197.0
CO,1995,C,Human,53,1805.0
CO,1995,C,Missing data/not specified/undetermined,8,285.0
CO,1995,C,Natural,29,743.4
CO,1995,D,Human,10,1585.1
CO,1995,D,Missing data/not specified/undetermined,4,600.0
CO,1995,D,Natural,10,1489.8
CO,1995,E,Human,9,4572.9
CO,1995,E,Missing data/not specified/undetermined,3,1500.0
CO,1995,E,Natural,5,2493.0
CO,1995,F,Human,2,2069.0
CO,1995,F,Natural,2,2100.0
CO,1996,A,Human,158,17.2
CO,1996,A,Missing data/not specified/undetermined,5,0.6000000000000001
CO,1996,A,Natural,795,87.80000000000001
CO,1996,B,Human,83,173.8
CO,1996,B,Natural,248,425.3
CO,1996,C,Human,26,885.8
CO,1996,C,Natural,45,1738.8
CO,1996,D,Human,8,1412.1
CO,1996,D,Natural,14,2028.1
CO,1996,E,Human,2,719.0
CO,1996,E,Natural,11,5693.0
CO,1996,F,Natural,6,16106.0
CO,1996,G,Human,2,21398.0
CO,1996,G,Natural,2,19355.0
CO,1997,A,Human,124,14.100000000000001
CO,1997,A,Natural,423,44.5
CO,1997,B,Human,51,73.3
CO,1997,B,Natural,97,167.5
CO,1997,C,Human,6,231.0
CO,1997,C,Natural,18,478.0
CO,1997,D,Human,2,429.8
CO,1997,F,Natural,1,4600.0
CO,1998,A,Human,115,12.600000000000001
CO,1998,A,Natural,390,43.900000000000006
CO,1998,B,Human,97,218.9
CO,1998,B,Natural,99,182.9
CO,1998,C,Human,28,875.0
CO,1998,C,Natural,13,419.9
CO,1998,D,Human,7,1082.0
CO,1998,D,Natural,8,1050.0
CO,1998,E,Human,3,2010.0
CO,1998,E,Natural,5,2484.0
CO,1999,A,Human,126,15.4
CO,1999,A,Natural,363,38.800000000000004
CO,1999,B,Human,70,168.1
CO,1999,B,Natural,122,184.3
CO,1999,C,Human,25,996.0
CO,1999,C,Natural,21,849.4
CO,1999,D,Human,11,2218.0
CO,1999,D,Natural,5,1041.9
CO,1999,E,Human,3,1557.0
CO,1999,E,Natural,4,1805.0
CO,1999,F,Human,1,1384.0
CO,1999,F,Natural,5,10056.0
CO,2000,A,Human,106,11.3
CO,2000,A,Missing data/not specified/undetermined,4,0.5
CO,2000,A,Natural,944,101.2
CO,2000,B,Human,81,220.8
CO,2000,B,Missing data/not specified/undetermined,3,6.5
CO,2000,B,Natural,358,513.5
CO,2000,C,Human,30,957.7
CO,2000,C,Natural,45,1616.2
CO,2000,D,Human,4,596.0
CO,2000,D,Natural,7,972.0
CO,2000,E,Human,1,540.0
CO,2000,E,Natural,14,7633.9
CO,2000,F,Human,3,5174.5
CO,2000,F,Natural,11,26586.0
CO,2000,G,Human,4,43999.0
CO,2000,G,Natural,3,42855.0
CO,2001,A,Human,126,13.5
CO,2001,A,Missing data/not specified/undetermined,3,0.30000000000000004
CO,2001,A,Natural,751,80.4
CO,2001,B,Human,38,56.7
CO,2001,B,Missing data/not specified/undetermined,1,1.6
CO,2001,B,Natural,267,409.9
CO,2001,C,Human,10,236.0
CO,2001,C,Natural,38,1134.3
CO,2001,D,Human,3,652.0
CO,2001,D,Natural,14,2637.0
CO,2001,E,Human,2,950.0
CO,2001,E,Natural,5,2344.0
CO,2001,F,Human,4,6003.0
CO,2001,F,Natural,5,9703.0
CO,2002,A,Human,119,12.9
CO,2002,A,Natural,663,72.05
CO,2002,B,Human,62,126.5
CO,2002,B,Missing data/not specified/undetermined,2,6.2
CO,2002,B,Natural,256,359.7
CO,2002,C,Human,16,585.2
CO,2002,C,Missing data/not specified/undetermined,2,46.6
CO,2002,C,Natural,40,1288.0
CO,2002,D,Human,5,835.0
CO,2002,D,Natural,6,1152.4
CO,2002,E,Human,8,4118.0
CO,2002,E,Natural,6,2782.8
CO,2002,F,Human,8,25239.4
CO,2002,F,Natural,12,29088.0
CO,2002,G,Human,4,232384.0
CO,2002,G,Missing data/not specified/undetermined,1,6355.0
CO,2002,G,Natural,12,174672.0
CO,2003,A,Human,183,19.0
CO,2003,A,Missing data/not specified/undetermined,461,51.46
CO,2003,A,Natural,1084,120.15
CO,2003,B,Human,36,49.4
CO,2003,B,Missing data/not specified/undetermined,311,449.15
CO,2003,B,Natural,247,329.35
CO,2003,C,Human,13,367.8
CO,2003,C,Missing data/not specified/undetermined,20,567.0
CO,2003,C,Natural,23,735.8
CO,2003,D,Human,5,893.0
CO,2003,D,Missing data/not specified/undetermined,5,830.0
CO,2003,D,Natural,10,1626.0
CO,2003,E,Missing data/not specified/undetermined,1,300.0
CO,2003,E,Natural,7,3776.0
CO,2003,F,Human,2,5101.0
CO,2003,F,Missing data/not specified/undetermined,5,12650.0
CO,2003,F,Natural,7,12452.8
CO,2003,G,Human,1,5292.0
CO,2004,A,Human,119,12.57
CO,2004,A,Missing data/not specified/undetermined,162,17.78
CO,2004,A,Natural,712,75.96000000000001
CO,2004,B,Human,22,48.2
CO,2004,B,Missing data/not specified/undetermined,79,99.07000000000001
CO,2004,B,Natural,153,221.9
CO,2004,C,Human,9,265.4
CO,2004,C,Missing data/not specified/undetermined,9,260.0
CO,2004,C,Natural,20,779.4
CO,2004,D,Missing data/not specified/undetermined,6,960.0
CO,2004,D,Natural,6,1172.0
CO,2004,E,Human,1,301.0
CO,2004,E,Missing data/not specified/undetermined,1,300.0
CO,2004,E,Natural,5,3450.0
CO,2004,F,Natural,4,9109.0
CO,2004,G,Human,1,8908.0
CO,2004,G,Natural,1,7815.0
CO,2005,A,Human,149,16.61
CO,2005,A,Missing data/not specified/undetermined,557,63.870000000000005
CO,2005,A,Natural,551,60.02
CO,2005,B,Human,77,163.65
CO,2005,B,Missing data/not specified/undetermined,270,426.29
CO,2005,B,Natural,146,251.0
CO,2005,C,Human,13,356.2
CO,2005,C,Missing data/not specified/undetermined,32,995.0
CO,2005,C,Natural,25,700.0
CO,2005,D,Human,1,171.0
CO,2005,D,Missing data/not specified/undetermined,16,2530.0
CO,2005,D,Natural,11,1818.4
CO,2005,E,Human,4,2168.5
CO,2005,E,Missing data/not specified/undetermined,8,3220.0
CO,2005,E,Natural,8,4552.0
CO,2005,F,Missing data/not specified/undetermined,2,3000.0
CO,2005,F,Natural,4,7564.0
CO,2005,G,Natural,1,11357.0
CO,2006,A,Human,127,13.64
CO,2006,A,Missing data/not specified/undetermined,4,0.4
CO,2006,A,Natural,819,88.9
CO,2006,B,Human,56,146.27
CO,2006,B,Natural,227,349.35
CO,2006,C,Human,11,354.6
CO,2006,C,Natural,37,1066.3
CO,2006,D,Human,4,697.0
CO,2006,D,Missing data/not specified/undetermined,1,247.0
CO,2006,D,Natural,7,984.3
CO,2006,E,Human,8,4979.0
CO,2006,E,Natural,7,4019.0
CO,2006,F,Human,3,6824.0
CO,2006,F,Missing data/not specified/undetermined,1,3200.0
CO,2006,F,Natural,3,9104.0
CO,2006,G,Natural,1,13820.0
CO,2007,A,Human,118,12.360000000000001
CO,2007,A,Missing data/not specified/undetermined,7,0.7000000000000001
CO,2007,A,Natural,677,72.13000000000001
CO,2007,B,Human,38,76.2
CO,2007,B,Missing data/not specified/undetermined,1,5.0
CO,2007,B,Natural,166,290.38
CO,2007,C,Human,14,519.7
CO,2007,C,Natural,34,1009.88
CO,2007,D,Natural,6,944.7
CO,2007,E,Human,2,607.0
CO,2007,E,Natural,2,906.0
CO,2007,F,Human,1,2240.0
CO,2007,F,Natural,4,7342.0
CO,2008,A,Human,191,20.28
CO,2008,A,Missing data/not specified/undetermined,38,4.55
CO,2008,A,Natural,439,48.650000000000006
CO,2008,B,Human,93,221.54
CO,2008,B,Missing data/not specified/undetermined,40,66.6
CO,2008,B,Natural,125,159.61
CO,2008,C,Human,18,611.4
CO,2008,C,Missing data/not specified/undetermined,1,25.0
CO,2008,C,Natural,35,929.4
CO,2008,D,Human,5,888.0
CO,2008,D,Natural,11,1661.6
CO,2008,E,Human,2,928.0
CO,2008,E,Missing data/not specified/undetermined,1,480.0
CO,2008,E,Natural,4,2376.0
CO,2008,F,Human,2,2227.0
CO,2008,F,Natural,5,6818.0
CO,2008,G,Human,2,17964.0
CO,2008,G,Natural,3,76594.0
CO,2009,A,Human,142,14.16
CO,2009,A,Natural,555,60.67
CO,2009,B,Human,34,87.35
CO,2009,B,Natural,152,257.18
CO,2009,C,Human,23,644.5
CO,2009,C,Natural,19,693.1
CO,2009,D,Human,2,348.0
CO,2009,D,Natural,8,1265.0
CO,2009,E,Human,1,623.0
CO,2009,E,Natural,8,5085.0
CO,2009,F,Human,1,1340.0
CO,2009,F,Missing data/not specified/undetermined,1,3008.0
CO,2009,F,Natural,4,10670.0
CO,2009,G,Human,1,6328.0
CO,2009,G,Natural,1,7300.0
CO,2010,A,Human,1531,153.59
CO,2010,A,Missing data/not specified/undetermined,21,2.1
CO,2010,A,Natural,531,56.42
CO,2010,B,Human,343,623.9
CO,2010,B,Missing data/not specified/undetermined,3,6.3
CO,2010,B,Natural,102,139.75
CO,2010,C,Human,80,2101.7
CO,2010,C,Missing data/not specified/undetermined,6,309.0
CO,2010,C,Natural,23,789.9
CO,2010,D,Human,16,2493.0
CO,2010,D,Natural,6,1021.3
CO,2010,E,Human,13,6681.0
CO,2010,E,Natural,7,3402.0
CO,2010,F,Human,4,7560.0
CO,2010,F,Natural,5,6007.0
CO,2010,G,Human,1,6382.1
CO,2010,G,Natural,2,14166.0
CO,2011,A,Human,192,20.48
CO,2011,A,Missing data/not specified/undetermined,4250,415.04
CO,2011,A,Natural,517,56.510000000000005
CO,2011,B,Human,60,130.9
CO,2011,B,Missing data/not specified/undetermined,1847,2545.43
CO,2011,B,Natural,111,171.38
CO,2011,C,Human,19,543.1
CO,2011,C,Missing data/not specified/undetermined,129,3567.5
CO,2011,C,Natural,21,853.5
CO,2011,D,Human,6,844.5
CO,2011,D,Missing data/not specified/undetermined,30,4120.0
CO,2011,D,Natural,3,587.0
CO,2011,E,Human,4,2133.0
CO,2011,E,Missing data/not specified/undetermined,11,4500.0
CO,2011,E,Natural,4,2095.0
CO,2011,F,Human,5,12781.0
CO,2011,F,Missing data/not specified/undetermined,9,13170.0
CO,2011,F,Natural,5,9302.0
CO,2011,G,Human,1,12000.0
CO,2011,G,Missing data/not specified/undetermined,5,42555.0
CO,2011,G,Natural,4,63984.0
CO,2012,A,Human,202,22.630000000000003
CO,2012,A,Natural,568,60.64
CO,2012,B,Human,97,212.53
CO,2012,B,Natural,131,218.59
CO,2012,C,Human,23,856.3
CO,2012,C,Natural,35,1447.7
CO,2012,D,Human,9,1505.4
CO,2012,D,Natural,10,1640.0
CO,2012,E,Human,7,4262.0
CO,2012,E,Natural,7,3927.0
CO,2012,F,Human,3,7240.0
CO,2012,F,Missing data/not specified/undetermined,1,3498.0
CO,2012,F,Natural,3,3613.6
CO,2012,G,Human,5,66507.0
CO,2012,G,Missing data/not specified/undetermined,1,45000.0
CO,2012,G,Natural,4,131252.0
CO,2013,A,Human,2583,262.25
CO,2013,A,Missing data/not specified/undetermined,2,0.2
CO,2013,A,Natural,771,82.04
CO,2013,B,Human,245,490.7
CO,2013,B,Natural,186,257.34
CO,2013,C,Human,42,1118.6
CO,2013,C,Natural,26,722.8
CO,2013,D,Human,6,755.0
CO,2013,D,Natural,6,835.0
CO,2013,E,Human,2,1318.0
CO,2013,E,Natural,13,5890.3
CO,2013,F,Human,4,6428.0
CO,2013,F,Natural,4,5620.0
CO,2013,G,Human,1,16580.0
CO,2013,G,Natural,3,121770.0
CO,2014,A,Human,2446,245.73000000000002
CO,2014,A,Natural,465,49.42
CO,2014,B,Human,164,349.76
CO,2014,B,Natural,77,121.33
CO,2014,C,Human,28,603.67
CO,2014,C,Natural,13,359.2
CO,2014,D,Human,2,250.0
CO,2014,D,Natural,1,252.0
CO,2014,E,Natural,4,1711.0
CO,2014,F,Missing data/not specified/undetermined,1,2500.0
CO,2014,G,Human,1,19569.0
CO,2015,A,Human,2285,56.49
CO,2015,A,Natural,374,34.86
CO,2015,B,Human,255,561.21
CO,2015,B,Missing data/not specified/undetermined,1,2.4
CO,2015,B,Natural,74,132.44
CO,2015,C,Human,49,1407.9
CO,2015,C,Natural,15,571.5
CO,2015,D,Human,13,2171.0
CO,2015,D,Missing data/not specified/undetermined,1,120.0
CO,2015,D,Natural,6,1093.7
CO,2015,E,Human,7,3572.0
CO,2015,E,Missing data/not specified/undetermined,2,1090.0
CO,2015,E,Natural,3,1596.0
CO,2015,F,Human,1,1200.0
CO,2015,F,Natural,1,1026.0
CO,2015,G,Human,1,12699.0
CO,2016,A,Human,3347,86.47
CO,2016,A,Natural,540,50.09
CO,2016,B,Human,400,817.9
CO,2016,B,Natural,144,213.19
CO,2016,C,Human,98,2667.8
CO,2016,C,Natural,33,932.52
CO,2016,D,Human,17,2554.2
CO,2016,D,Missing data/not specified/undetermined,1,100.0
CO,2016,D,Natural,8,1200.0
CO,2016,E,Human,12,6228.05
CO,2016,E,Natural,13,6219.0
CO,2016,F,Human,4,7240.0
CO,2016,F,Missing data/not specified/undetermined,1,1773.0
CO,2016,F,Natural,5,10445.0
CO,2016,G,Human,4,71568.0
CO,2016,G,Natural,1,16562.0
CO,2017,A,Human,4382,103.22
CO,2017,A,Missing data/not specified/undetermined,1,0.1
CO,2017,A,Natural,454,40.97
CO,2017,B,Human,528,942.33
CO,2017,B,Natural,132,213.79
CO,2017,C,Human,106,3495.0
CO,2017,C,Natural,35,1162.3
CO,2017,D,Human,15,2405.0
CO,2017,D,Missing data/not specified/undetermined,2,375.0
CO,2017,D,Natural,8,1167.0
CO,2017,E,Human,11,5724.0
CO,2017,E,Missing data/not specified/undetermined,1,682.0
CO,2017,E,Natural,4,2759.0
CO,2017,F,Human,4,7521.0
CO,2017,F,Missing data/not specified/undetermined,1,1300.0
CO,2017,F,Natural,6,15126.0
CO,2017,G,Human,4,61587.0
CO,2017,G,Natural,2,25839.0
CO,2018,A,Human,3819,76.84400000000001
CO,2018,A,Natural,682,62.962
CO,2018,B,Human,442,820.65
CO,2018,B,Natural,188,291.92
CO,2018,C,Human,86,2554.0
CO,2018,C,Natural,58,1820.2
CO,2018,D,Human,23,3925.0
CO,2018,D,Natural,11,1947.0
CO,2018,E,Human,13,6199.0
CO,2018,E,Missing data/not specified/undetermined,3,1972.0
CO,2018,E,Natural,12,6618.2
CO,2018,F,Human,11,30014.2
CO,2018,F,Missing data/not specified/undetermined,1,2885.0
CO,2018,F,Natural,8,15261.0
CO,2018,G,Human,10,333546.6
CO,2018,G,Natural,7,107296.0
CO,2019,A,Human,2257,58.52
CO,2019,A,Natural,434,40.06
CO,2019,B,Human,169,277.87
CO,2019,B,Natural,64,115.23
CO,2019,C,Human,28,716.45
CO,2019,C,Natural,20,710.65
CO,2019,D,Human,5,738.0
CO,2019,D,Natural,9,1478.0
CO,2019,E,Human,4,2342.0
CO,2019,E,Missing data/not specified/undetermined,1,859.0
CO,2019,E,Natural,4,2192.0
CO,2019,F,Human,4,8511.0
CO,2019,F,Natural,5,13735.0
CO,2019,G,Missing data/not specified/undetermined,1,8959.0
CO,2020,A,Human,3166,323.53000000000003
CO,2020,A,Missing data/not specified/undetermined,61,6.8500000000000005
CO,2020,A,Natural,392,43.980000000000004
CO,2020,B,Human,421,690.23
CO,2020,B,Missing data/not specified/undetermined,41,83.49
CO,2020,B,Natural,114,206.24
CO,2020,C,Human,67,1896.75
CO,2020,C,Missing data/not specified/undetermined,16,461.4
CO,2020,C,Natural,29,1123.55
CO,2020,D,Human,14,2387.59
CO,2020,D,Natural,16,2697.9
CO,2020,E,Human,7,3769.0
CO,2020,E,Missing data/not specified/undetermined,6,3219.8
CO,2020,E,Natural,7,3958.0
CO,2020,F,Human,5,10030.0
CO,2020,F,Missing data/not specified/undetermined,3,8200.0
CO,2020,F,Natural,11,23749.0
CO,2020,G,Human,3,417558.0
CO,2020,G,Missing data/not specified/undetermined,2,42537.0
CO,2020,G,Natural,3,171352.0
CT,1992,A,Human,127,16.75
CT,1992,B,Human,62,108.3
CT,1992,C,Human,11,309.0
CT,1992,C,Missing data/not specified/undetermined,2,32.0
CT,1993,A,Human,30,3.85
CT,1993,B,Human,60,141.25
CT,1993,B,Missing data/not specified/undetermined,1,5.0
CT,1993,B,Natural,3,7.0
CT,1993,C,Human,8,144.0
CT,1993,D,Human,1,100.0
CT,1994,A,Human,164,21.200000000000003
CT,1994,A,Missing data/not specified/undetermined,1,0.1
CT,1994,B,Human,109,241.85
CT,1994,C,Human,13,220.0
CT,1994,D,Human,3,460.0
CT,1995,A,Human,29,3.7
CT,1995,B,Human,70,163.2
CT,1995,B,Natural,1,3.0
CT,1995,C,Human,10,257.5
CT,1996,A,Human,11,1.45
CT,1996,B,Human,14,30.0
CT,1996,C,Human,2,35.0
CT,1997,A,Human,34,4.55
CT,1997,A,Missing data/not specified/undetermined,3,0.4
CT,1997,B,Human,36,83.4
CT,1997,B,Natural,1,6.0
CT,1997,C,Human,8,145.0
CT,1997,E,Human,1,361.0
CT,1998,A,Human,2,0.2
CT,1998,B,Human,24,69.7
CT,1998,B,Natural,1,2.0
CT,1998,C,Human,3,60.0
CT,1999,A,Human,115,17.11
CT,1999,A,Missing data/not specified/undetermined,2,0.35
CT,1999,B,Human,136,318.0
CT,1999,B,Missing data/not specified/undetermined,4,14.5
CT,1999,B,Natural,5,12.5
CT,1999,C,Human,28,750.0
CT,1999,C,Missing data/not specified/undetermined,1,30.0
CT,1999,C,Natural,2,45.0
CT,1999,D,Human,4,485.0
CT,2000,A,Human,58,11.15
CT,2000,A,Missing data/not specified/undetermined,6,1.35
CT,2000,A,Natural,1,0.1
CT,2000,B,Human,45,98.2
CT,2000,B,Missing data/not specified/undetermined,2,1.5
CT,2000,C,Human,13,255.0
CT,2000,D,Human,1,125.0
CT,2001,A,Human,94,15.1
CT,2001,B,Human,102,238.0
CT,2001,B,Natural,1,1.0
CT,2001,C,Human,9,206.0
CT,2001,D,Human,1,285.0
CT,2002,A,Human,45,7.36
CT,2002,B,Human,56,127.5
CT,2002,B,Missing data/not specified/undetermined,2,1.8
CT,2002,C,Human,4,52.0
CT,2003,A,Human,44,8.0
CT,2003,B,Human,48,80.0
CT,2003,C,Human,3,49.0
CT,2004,A,Human,59,7.3500000000000005
CT,2004,A,Natural,1,0.1
CT,2004,B,Human,27,65.8
CT,2005,A,Human,199,26.85
CT,2005,A,Missing data/not specified/undetermined,3,0.75
CT,2005,B,Human,85,161.15
CT,2005,B,Missing data/not specified/undetermined,4,9.0
CT,2005,C,Human,2,57.0
CT,2006,A,Human,157,17.7
CT,2006,A,Missing data/not specified/undetermined,1,0.1
CT,2006,B,Human,207,222.7
CT,2006,C,Human,7,193.0
CT,2007,A,Human,184,20.200000000000003
CT,2007,A,Natural,1,0.1
CT,2007,B,Human,142,158.75
CT,2007,C,Human,4,102.0
CT,2008,A,Human,203,26.25
CT,2008,A,Missing data/not specified/undetermined,3,0.4
CT,2008,B,Human,145,244.15
CT,2008,C,Human,13,310.0
CT,2008,D,Human,1,175.0
CT,2008,F,Human,1,1300.0
CT,2009,A,Human,135,16.830000000000002
CT,2009,B,Human,118,159.0
CT,2009,C,Human,4,69.0
CT,2010,A,Human,229,27.43
CT,2010,A,Missing data/not specified/undetermined,11,1.2000000000000002
CT,2010,B,Human,170,191.6
CT,2010,B,Missing data/not specified/undetermined,3,4.8
CT,2010,C,Human,4,94.0
CT,2010,D,Human,1,137.0
CT,2011,A,Human,92,10.780000000000001
CT,2011,A,Missing data/not specified/undetermined,4,0.4
CT,2011,B,Human,128,136.2
CT,2011,B,Missing data/not specified/undetermined,1,1.0
CT,2011,C,Human,2,89.0
CT,2012,A,Human,431,50.2
CT,2012,B,Human,136,134.1
CT,2012,C,Human,7,133.0
CT,2012,C,Missing data/not specified/undetermined,1,50.0
CT,2012,D,Human,1,150.0
CT,2015,A,Human,201,25.55
CT,2015,B,Human,164,283.25
CT,2015,C,Human,7,108.7
CT,2016,A,Human,432,58.410000000000004
CT,2016,B,Human,185,285.55
CT,2016,B,Missing data/not specified/undetermined,1,2.0
CT,2016,B,Natural,1,6.5
CT,2016,C,Human,12,193.7
CT,2016,E,Natural,1,384.0
CT,2017,A,Human,195,20.400000000000002
CT,2017,B,Human,132,181.77
CT,2017,B,Missing data/not specified/undetermined,1,0.5
CT,2017,C,Human,2,32.0
CT,2017,D,Human,1,154.0
CT,2018,A,Human,47,6.1000000000000005
CT,2018,B,Human,19,28.25
CT,2018,C,Human,1,10.2
CT,2019,A,Human,76,10.25
CT,2019,B,Human,29,57.65
CT,2020,A,Human,195,26.540000000000003
CT,2020,A,Missing data/not specified/undetermined,226,29.3
CT,2020,A,Natural,2,0.2
CT,2020,B,Human,70,94.5
CT,2020,B,Missing data/not specified/undetermined,107,102.81
CT,2020,B,Natural,1,1.0
CT,2020,C,Human,2,112.0
DC,1992,A,Human,3,0.4
DC,1993,A,Human,1,0.1
DC,1993,B,Human,6,9.7
DC,1994,A,Human,3,0.4
DC,1994,B,Human,1,4.7
DC,1995,A,Human,5,0.6000000000000001
DC,1997,A,Human,3,0.30000000000000004
DC,1998,A,Human,8,0.9
DC,1998,B,Human,5,3.5
DC,1999,A,Human,6,0.6000000000000001
DC,1999,B,Human,2,1.5
DC,2001,A,Human,1,0.1
DC,2002,B,Human,1,1.0
DC,2005,A,Human,2,0.2
DC,2006,A,Human,2,0.2
DC,2006,B,Human,1,0.3
DC,2007,A,Human,1,0.2
DC,2008,A,Human,1,0.1
DC,2009,B,Human,1,0.5
DC,2010,A,Natural,1,0.1
DC,2011,A,Human,2,0.2
DC,2012,B,Human,5,4.4
DC,2013,A,Human,1,0.1
DC,2014,A,Human,1,0.2
DC,2015,A,Human,2,0.2
DC,2015,B,Human,1,2.0
DC,2016,A,Human,3,0.30000000000000004
DC,2016,B,Human,1,0.5
DC,2017,A,Human,2,0.2
DC,2017,B,Human,7,4.7
DC,2018,B,Human,1,0.5
DC,2019,A,Human,1,0.2
DC,2019,B,Natural,1,0.3
DC,2020,A,Human,1,0.1
DE,1992,B,Human,2,4.0
DE,1992,D,Human,1,120.0
DE,1993,B,Missing data/not specified/undetermined,1,1.0
DE,1994,B,Missing data/not specified/undetermined,1,1.0
DE,1994,C,Human,1,95.0
DE,1995,A,Human,3,0.4
DE,1995,C,Human,1,14.0
DE,1995,F,Human,1,2000.0
DE,1997,A,Human,1,0.1
DE,1997,B,Human,3,9.5
DE,1997,C,Human,1,15.0
DE,1999,B,Missing data/not specified/undetermined,1,7.0
DE,1999,E,Missing data/not specified/undetermined,1,500.0
DE,2000,C,Human,1,65.0
DE,2001,C,Human,1,10.5
DE,2002,A,Human,12,1.3
DE,2002,A,Missing data/not specified/undetermined,8,0.8
DE,2002,A,Natural,5,0.5
DE,2002,B,Human,6,9.0
DE,2002,B,Missing data/not specified/undetermined,5,6.5
DE,2002,B,Natural,2,2.0
DE,2002,F,Missing data/not specified/undetermined,1,1250.0
DE,2003,A,Human,4,0.4
DE,2003,A,Missing data/not specified/undetermined,9,0.9
DE,2003,B,Human,1,0.5
DE,2003,B,Missing data/not specified/undetermined,4,3.5
DE,2003,C,Human,2,60.0
DE,2003,D,Missing data/not specified/undetermined,1,200.0
DE,2004,A,Human,2,0.2
DE,2004,A,Missing data/not specified/undetermined,4,0.5
DE,2004,B,Human,10,8.5
DE,2004,B,Missing data/not specified/undetermined,9,14.5
DE,2004,C,Missing data/not specified/undetermined,1,17.0
DE,2004,D,Human,1,100.0
DE,2005,A,Human,1,0.1
DE,2005,A,Missing data/not specified/undetermined,7,0.7000000000000001
DE,2005,A,Natural,1,0.1
DE,2005,B,Human,1,1.0
DE,2005,B,Missing data/not specified/undetermined,3,5.5
DE,2005,D,Missing data/not specified/undetermined,1,160.0
DE,2007,A,Human,1,0.1
DE,2007,A,Missing data/not specified/undetermined,1,0.1
DE,2010,B,Human,1,3.0
DE,2012,A,Human,4,0.85
DE,2012,B,Human,13,32.0
DE,2012,B,Natural,2,7.0
DE,2013,A,Human,1,0.1
DE,2013,B,Human,7,8.25
DE,2013,C,Human,1,12.0
DE,2014,B,Human,3,5.0
DE,2015,A,Human,3,0.75
DE,2015,B,Human,10,22.5
DE,2015,C,Human,3,56.0
DE,2016,B,Human,7,23.5
DE,2016,C,Human,2,25.5
DE,2017,A,Human,1,0.25
DE,2017,B,Human,4,5.75
DE,2017,B,Missing data/not specified/undetermined,1,0.5
DE,2017,C,Human,1,16.0
DE,2019,B,Human,6,7.0
DE,2020,B,Human,5,8.0
FL,1992,A,Human,592,75.4
FL,1992,A,Missing data/not specified/undetermined,3,0.4
FL,1992,A,Natural,117,13.9
FL,1992,B,Human,2153,5677.3
FL,1992,B,Missing data/not specified/undetermined,2,5.0
FL,1992,B,Natural,328,932.7
FL,1992,C,Human,721,21055.4
FL,1992,C,Missing data/not specified/undetermined,1,40.0
FL,1992,C,Natural,137,4140.3
FL,1992,D,Human,93,14451.5
FL,1992,D,Natural,13,1572.0
FL,1992,E,Human,43,19440.8
FL,1992,E,Natural,6,2575.0
FL,1992,F,Human,6,8290.0
FL,1992,F,Natural,6,9610.0
FL,1992,G,Human,1,7400.0
FL,1993,A,Human,689,87.7
FL,1993,A,Missing data/not specified/undetermined,1,0.1
FL,1993,A,Natural,238,30.3
FL,1993,B,Human,1956,4788.4
FL,1993,B,Missing data/not specified/undetermined,4,13.8
FL,1993,B,Natural,648,1623.7
FL,1993,C,Human,597,16613.0
FL,1993,C,Missing data/not specified/undetermined,3,48.0
FL,1993,C,Natural,290,8277.1
FL,1993,D,Human,54,8751.6
FL,1993,D,Missing data/not specified/undetermined,1,110.0
FL,1993,D,Natural,28,4023.0
FL,1993,E,Human,18,7727.0
FL,1993,E,Natural,13,6367.0
FL,1993,F,Human,4,8848.5
FL,1993,F,Natural,3,3946.0
FL,1993,G,Human,1,8500.0
FL,1994,A,Human,535,66.5
FL,1994,A,Missing data/not specified/undetermined,1,0.2
FL,1994,A,Natural,182,22.5
FL,1994,B,Human,1600,3962.2
FL,1994,B,Natural,419,1017.1
FL,1994,C,Human,487,14407.2
FL,1994,C,Missing data/not specified/undetermined,1,24.0
FL,1994,C,Natural,170,4868.6
FL,1994,D,Human,67,11321.3
FL,1994,D,Natural,18,3138.8
FL,1994,E,Human,30,13265.0
FL,1994,E,Natural,11,5672.0
FL,1994,F,Human,5,8600.0
FL,1994,F,Natural,1,1000.0
FL,1994,G,Human,1,8720.0
FL,1994,G,Natural,2,27000.0
FL,1995,A,Human,544,69.5
FL,1995,A,Missing data/not specified/undetermined,1,0.1
FL,1995,A,Natural,93,12.0
FL,1995,B,Human,1661,3997.6
FL,1995,B,Missing data/not specified/undetermined,2,1.3
FL,1995,B,Natural,241,671.8
FL,1995,C,Human,465,12292.1
FL,1995,C,Natural,106,3225.3
FL,1995,D,Human,41,5947.0
FL,1995,D,Natural,15,2488.0
FL,1995,E,Human,7,3066.0
FL,1995,E,Natural,3,1504.0
FL,1995,F,Human,3,7960.0
FL,1995,F,Natural,3,9500.0
FL,1995,G,Human,1,5948.0
FL,1996,A,Human,855,107.9
FL,1996,A,Missing data/not specified/undetermined,2,0.30000000000000004
FL,1996,A,Natural,89,11.3
FL,1996,B,Human,2444,6258.9
FL,1996,B,Missing data/not specified/undetermined,3,3.0
FL,1996,B,Natural,241,647.1
FL,1996,C,Human,804,22143.0
FL,1996,C,Missing data/not specified/undetermined,2,60.5
FL,1996,C,Natural,105,3140.9
FL,1996,D,Human,93,15469.7
FL,1996,D,Natural,7,1030.0
FL,1996,E,Human,37,18180.9
FL,1996,E,Natural,4,2504.0
FL,1996,F,Human,9,17454.0
FL,1996,G,Human,1,15000.0
FL,1996,G,Natural,1,5500.0
FL,1997,A,Human,743,93.2
FL,1997,A,Natural,103,12.100000000000001
FL,1997,B,Human,1905,4452.8
FL,1997,B,Missing data/not specified/undetermined,1,5.5
FL,1997,B,Natural,263,788.5
FL,1997,C,Human,578,16268.8
FL,1997,C,Missing data/not specified/undetermined,1,20.0
FL,1997,C,Natural,161,5576.0
FL,1997,D,Human,79,12311.0
FL,1997,D,Natural,25,3322.0
FL,1997,E,Human,32,16255.0
FL,1997,E,Missing data/not specified/undetermined,1,300.0
FL,1997,E,Natural,10,3983.0
FL,1997,F,Human,2,4730.0
FL,1997,F,Natural,5,7046.0
FL,1997,G,Human,2,52000.0
FL,1997,G,Natural,1,6000.0
FL,1998,A,Human,922,114.30000000000001
FL,1998,A,Missing data/not specified/undetermined,2,0.2
FL,1998,A,Natural,329,41.7
FL,1998,B,Human,1693,3961.3
FL,1998,B,Missing data/not specified/undetermined,1,0.5
FL,1998,B,Natural,822,2088.9
FL,1998,C,Human,453,11535.6
FL,1998,C,Missing data/not specified/undetermined,2,105.0
FL,1998,C,Natural,351,11259.7
FL,1998,D,Human,41,7017.0
FL,1998,D,Natural,65,10499.3
FL,1998,E,Human,38,19392.0
FL,1998,E,Missing data/not specified/undetermined,2,1040.0
FL,1998,E,Natural,37,17587.0
FL,1998,F,Human,15,28091.0
FL,1998,F,Natural,23,45467.0
FL,1998,G,Human,6,78100.0
FL,1998,G,Natural,11,141420.0
FL,1999,A,Human,932,115.7
FL,1999,A,Missing data/not specified/undetermined,4,0.5
FL,1999,A,Natural,384,47.7
FL,1999,B,Human,2213,5217.6
FL,1999,B,Missing data/not specified/undetermined,12,39.5
FL,1999,B,Natural,719,1806.5
FL,1999,C,Human,658,17354.8
FL,1999,C,Missing data/not specified/undetermined,10,300.0
FL,1999,C,Natural,317,8777.9
FL,1999,D,Human,88,13942.1
FL,1999,D,Missing data/not specified/undetermined,6,1270.0
FL,1999,D,Natural,53,8396.8
FL,1999,E,Human,32,15206.9
FL,1999,E,Missing data/not specified/undetermined,2,1350.0
FL,1999,E,Natural,21,11620.0
FL,1999,F,Human,14,21483.0
FL,1999,F,Missing data/not specified/undetermined,3,6000.0
FL,1999,F,Natural,9,19686.0
FL,1999,G,Human,2,164675.0
FL,1999,G,Missing data/not specified/undetermined,2,10000.0
FL,1999,G,Natural,3,106060.0
FL,2000,A,Human,1175,147.4
FL,2000,A,Missing data/not specified/undetermined,1,0.2
FL,2000,A,Natural,412,49.900000000000006
FL,2000,B,Human,2760,6520.7
FL,2000,B,Missing data/not specified/undetermined,8,19.0
FL,2000,B,Natural,793,2023.1
FL,2000,C,Human,726,20119.5
FL,2000,C,Missing data/not specified/undetermined,7,165.0
FL,2000,C,Natural,325,9289.1
FL,2000,D,Human,88,14022.2
FL,2000,D,Missing data/not specified/undetermined,9,1410.0
FL,2000,D,Natural,63,9831.7
FL,2000,E,Human,45,22254.0
FL,2000,E,Missing data/not specified/undetermined,3,2456.0
FL,2000,E,Natural,41,23636.0
FL,2000,F,Human,19,42742.0
FL,2000,F,Missing data/not specified/undetermined,4,10000.0
FL,2000,F,Natural,18,28497.0
FL,2000,G,Human,5,58985.0
FL,2000,G,Missing data/not specified/undetermined,1,8000.0
FL,2000,G,Natural,1,5837.0
FL,2001,A,Human,880,107.2
FL,2001,A,Natural,300,36.9
FL,2001,B,Human,2035,4687.6
FL,2001,B,Natural,626,1576.8
FL,2001,C,Human,515,14447.2
FL,2001,C,Missing data/not specified/undetermined,1,40.0
FL,2001,C,Natural,259,8079.5
FL,2001,D,Human,80,12566.5
FL,2001,D,Missing data/not specified/undetermined,1,168.0
FL,2001,D,Natural,47,7332.8
FL,2001,E,Human,49,24388.1
FL,2001,E,Missing data/not specified/undetermined,1,800.0
FL,2001,E,Natural,30,16419.0
FL,2001,F,Human,29,55158.0
FL,2001,F,Missing data/not specified/undetermined,1,1100.0
FL,2001,F,Natural,17,28642.3
FL,2001,G,Human,12,154153.0
FL,2001,G,Missing data/not specified/undetermined,1,7500.0
FL,2001,G,Natural,7,142908.6
FL,2002,A,Human,630,77.5
FL,2002,A,Natural,160,18.8
FL,2002,B,Human,1415,3265.5
FL,2002,B,Missing data/not specified/undetermined,1,0.5
FL,2002,B,Natural,363,961.2
FL,2002,C,Human,332,8854.7
FL,2002,C,Natural,131,3881.9
FL,2002,D,Human,49,7472.4
FL,2002,D,Natural,19,3228.2
FL,2002,E,Human,17,7396.0
FL,2002,E,Natural,6,2219.0
FL,2002,F,Human,4,7644.2
FL,2002,F,Natural,3,10135.0
FL,2002,G,Human,1,6800.0
FL,2003,A,Human,459,56.11000000000001
FL,2003,A,Missing data/not specified/undetermined,4,0.4
FL,2003,A,Natural,120,15.010000000000002
FL,2003,B,Human,985,2330.8
FL,2003,B,Missing data/not specified/undetermined,2,6.7
FL,2003,B,Natural,190,545.9
FL,2003,C,Human,258,6752.7
FL,2003,C,Natural,78,2411.2
FL,2003,D,Human,10,1382.3
FL,2003,D,Missing data/not specified/undetermined,1,154.0
FL,2003,D,Natural,16,2555.0
FL,2003,E,Human,9,4015.0
FL,2003,E,Natural,9,4860.0
FL,2003,F,Human,3,10100.0
FL,2003,F,Natural,4,11026.0
FL,2004,A,Human,711,88.11
FL,2004,A,Missing data/not specified/undetermined,5,0.7000000000000001
FL,2004,A,Natural,188,21.61
FL,2004,B,Human,1533,3382.1
FL,2004,B,Missing data/not specified/undetermined,7,18.6
FL,2004,B,Natural,457,1199.9
FL,2004,C,Human,356,9366.0
FL,2004,C,Missing data/not specified/undetermined,2,140.0
FL,2004,C,Natural,210,6442.9
FL,2004,D,Human,39,6740.0
FL,2004,D,Missing data/not specified/undetermined,2,475.0
FL,2004,D,Natural,33,5242.3
FL,2004,E,Human,19,10079.0
FL,2004,E,Natural,22,10387.0
FL,2004,F,Human,7,13765.0
FL,2004,F,Missing data/not specified/undetermined,1,4170.0
FL,2004,F,Natural,12,29841.0
FL,2004,G,Human,4,74939.0
FL,2004,G,Natural,2,27800.0
FL,2005,A,Human,514,64.21000000000001
FL,2005,A,Missing data/not specified/undetermined,3,0.30000000000000004
FL,2005,A,Natural,56,6.800000000000001
FL,2005,B,Human,1232,2877.04
FL,2005,B,Missing data/not specified/undetermined,5,21.2
FL,2005,B,Natural,149,363.4
FL,2005,C,Human,301,7723.3
FL,2005,C,Missing data/not specified/undetermined,2,80.0
FL,2005,C,Natural,69,1955.1
FL,2005,D,Human,29,5052.0
FL,2005,D,Missing data/not specified/undetermined,2,350.0
FL,2005,D,Natural,7,982.0
FL,2005,E,Human,14,6683.0
FL,2005,E,Natural,3,1910.0
FL,2005,F,Human,4,8452.92
FL,2005,F,Natural,2,3140.3
FL,2006,A,Human,1003,125.54
FL,2006,A,Missing data/not specified/undetermined,7,0.8
FL,2006,A,Natural,226,27.62
FL,2006,B,Human,2227,5005.74
FL,2006,B,Missing data/not specified/undetermined,12,31.1
FL,2006,B,Natural,594,1710.14
FL,2006,C,Human,568,16038.1
FL,2006,C,Missing data/not specified/undetermined,7,229.3
FL,2006,C,Natural,266,7213.1
FL,2006,D,Human,74,12003.88
FL,2006,D,Missing data/not specified/undetermined,1,200.0
FL,2006,D,Natural,36,5504.1
FL,2006,E,Human,32,16507.99
FL,2006,E,Natural,19,9001.0
FL,2006,F,Human,8,15215.0
FL,2006,F,Missing data/not specified/undetermined,1,1142.0
FL,2006,F,Natural,10,22654.0
FL,2006,G,Human,3,25504.0
FL,2006,G,Natural,5,115190.0
FL,2007,A,Human,827,101.96000000000001
FL,2007,A,Missing data/not specified/undetermined,11,1.5
FL,2007,A,Natural,284,35.68
FL,2007,B,Human,1685,3835.61
FL,2007,B,Missing data/not specified/undetermined,16,38.7
FL,2007,B,Natural,745,1960.08
FL,2007,C,Human,446,12834.1
FL,2007,C,Missing data/not specified/undetermined,7,366.0
FL,2007,C,Natural,318,10322.21
FL,2007,D,Human,58,9730.5
FL,2007,D,Missing data/not specified/undetermined,3,523.0
FL,2007,D,Natural,52,8769.78
FL,2007,E,Human,38,18181.9
FL,2007,E,Missing data/not specified/undetermined,4,1615.0
FL,2007,E,Natural,40,19376.0
FL,2007,F,Human,15,26486.4
FL,2007,F,Missing data/not specified/undetermined,1,3335.0
FL,2007,F,Natural,12,25741.0
FL,2007,G,Human,7,150812.5
FL,2007,G,Natural,8,253848.0
FL,2008,A,Human,540,67.16
FL,2008,A,Missing data/not specified/undetermined,2,0.30000000000000004
FL,2008,A,Natural,210,24.34
FL,2008,B,Human,1275,2706.4
FL,2008,B,Missing data/not specified/undetermined,12,32.5
FL,2008,B,Natural,431,1052.74
FL,2008,C,Human,297,8049.62
FL,2008,C,Missing data/not specified/undetermined,1,71.0
FL,2008,C,Natural,194,5669.4
FL,2008,D,Human,48,8033.4
FL,2008,D,Natural,38,5670.8
FL,2008,E,Human,17,9706.0
FL,2008,E,Missing data/not specified/undetermined,1,800.0
FL,2008,E,Natural,13,6749.9
FL,2008,F,Human,11,21696.4
FL,2008,F,Missing data/not specified/undetermined,1,2073.0
FL,2008,F,Natural,4,8841.0
FL,2008,G,Human,4,94904.0
FL,2008,G,Natural,1,8330.0
FL,2009,A,Human,504,60.64
FL,2009,A,Missing data/not specified/undetermined,9,1.1
FL,2009,A,Natural,120,14.4
FL,2009,B,Human,1396,3234.7
FL,2009,B,Missing data/not specified/undetermined,11,17.1
FL,2009,B,Natural,298,759.8
FL,2009,C,Human,374,11054.4
FL,2009,C,Missing data/not specified/undetermined,7,170.79999999999998
FL,2009,C,Natural,123,3387.1
FL,2009,D,Human,69,11063.9
FL,2009,D,Missing data/not specified/undetermined,1,120.0
FL,2009,D,Natural,19,3125.0
FL,2009,E,Human,34,16884.69
FL,2009,E,Missing data/not specified/undetermined,3,1323.0
FL,2009,E,Natural,13,5750.7
FL,2009,F,Human,15,27260.7
FL,2009,F,Missing data/not specified/undetermined,1,1200.0
FL,2009,F,Natural,8,13737.1
FL,2009,G,Human,1,10022.0
FL,2009,G,Natural,2,35287.0
FL,2010,A,Human,658,76.88000000000001
FL,2010,A,Missing data/not specified/undetermined,3,0.30000000000000004
FL,2010,A,Natural,130,14.98
FL,2010,B,Human,1558,3646.38
FL,2010,B,Missing data/not specified/undetermined,3,6.8
FL,2010,B,Natural,353,965.48
FL,2010,C,Human,348,9410.11
FL,2010,C,Missing data/not specified/undetermined,2,51.0
FL,2010,C,Natural,146,4092.77
FL,2010,D,Human,41,7065.1
FL,2010,D,Missing data/not specified/undetermined,1,205.0
FL,2010,D,Natural,19,3472.8
FL,2010,E,Human,17,8272.0
FL,2010,E,Missing data/not specified/undetermined,1,600.0
FL,2010,F,Human,5,11203.0
FL,2010,F,Natural,5,9216.0
FL,2010,G,Human,1,13000.0
FL,2011,A,Human,796,94.56
FL,2011,A,Missing data/not specified/undetermined,7,0.9
FL,2011,A,Natural,340,39.46
FL,2011,B,Human,1834,4111.21
FL,2011,B,Missing data/not specified/undetermined,7,15.9
FL,2011,B,Natural,955,2439.85
FL,2011,C,Human,440,13045.7
FL,2011,C,Missing data/not specified/undetermined,5,81.9
FL,2011,C,Natural,419,12891.08
FL,2011,D,Human,65,10727.6
FL,2011,D,Natural,54,9060.9
FL,2011,E,Human,34,17334.2
FL,2011,E,Missing data/not specified/undetermined,1,300.0
FL,2011,E,Natural,32,18726.84
FL,2011,F,Human,8,10232.6
FL,2011,F,Missing data/not specified/undetermined,1,1520.0
FL,2011,F,Natural,20,47495.1
FL,2011,G,Missing data/not specified/undetermined,1,17000.0
FL,2011,G,Natural,10,166058.0
FL,2012,A,Human,583,68.85000000000001
FL,2012,A,Missing data/not specified/undetermined,1,0.2
FL,2012,A,Natural,176,19.6
FL,2012,B,Human,1357,3069.64
FL,2012,B,Missing data/not specified/undetermined,8,24.8
FL,2012,B,Natural,396,1002.13
FL,2012,C,Human,295,8320.32
FL,2012,C,Missing data/not specified/undetermined,2,82.0
FL,2012,C,Natural,170,5282.4
FL,2012,D,Human,39,6777.8
FL,2012,D,Missing data/not specified/undetermined,1,110.0
FL,2012,D,Natural,21,3074.6
FL,2012,E,Human,22,11058.9
FL,2012,E,Missing data/not specified/undetermined,2,1330.0
FL,2012,E,Natural,15,7517.0
FL,2012,F,Human,7,12566.0
FL,2012,F,Natural,7,11856.0
FL,2012,G,Human,2,18669.0
FL,2012,G,Natural,3,48136.0
FL,2013,A,Human,396,47.57
FL,2013,A,Missing data/not specified/undetermined,3,0.4
FL,2013,A,Natural,72,8.440000000000001
FL,2013,B,Human,1074,2432.45
FL,2013,B,Missing data/not specified/undetermined,1,7.0
FL,2013,B,Natural,214,565.35
FL,2013,C,Human,258,7855.07
FL,2013,C,Missing data/not specified/undetermined,1,10.0
FL,2013,C,Natural,75,2385.05
FL,2013,D,Human,27,4747.6
FL,2013,D,Natural,10,1689.1
FL,2013,E,Human,20,11648.2
FL,2013,E,Natural,3,1520.0
FL,2013,F,Human,3,4336.0
FL,2013,F,Missing data/not specified/undetermined,1,1662.0
FL,2013,F,Natural,2,3593.0
FL,2013,G,Human,2,25400.0
FL,2013,G,Natural,1,9200.0
FL,2014,A,Human,352,41.580000000000005
FL,2014,A,Missing data/not specified/undetermined,5,0.6000000000000001
FL,2014,A,Natural,133,15.010000000000002
FL,2014,B,Human,919,1992.47
FL,2014,B,Missing data/not specified/undetermined,1,3.2
FL,2014,B,Natural,322,772.95
FL,2014,C,Human,195,4963.4
FL,2014,C,Natural,131,4145.7
FL,2014,D,Human,30,5678.0
FL,2014,D,Natural,19,2990.9
FL,2014,E,Human,5,2219.6
FL,2014,E,Natural,15,8702.0
FL,2014,F,Human,4,11496.0
FL,2014,F,Natural,9,27365.0
FL,2014,G,Human,2,21000.0
FL,2014,G,Natural,2,65000.0
FL,2015,A,Human,27,3.0500000000000003
FL,2015,A,Missing data/not specified/undetermined,11,1.1
FL,2015,A,Natural,31,3.68
FL,2015,B,Human,1250,2537.2
FL,2015,B,Missing data/not specified/undetermined,1,0.5
FL,2015,B,Natural,674,1605.21
FL,2015,C,Human,224,5712.5
FL,2015,C,Natural,213,6622.8
FL,2015,D,Human,22,3878.0
FL,2015,D,Missing data/not specified/undetermined,1,175.0
FL,2015,D,Natural,36,6257.5
FL,2015,E,Human,13,6233.0
FL,2015,E,Missing data/not specified/undetermined,2,803.0
FL,2015,E,Natural,21,11299.0
FL,2015,F,Human,2,6593.0
FL,2015,F,Natural,14,27760.3
FL,2015,G,Natural,6,87511.7
FL,2016,A,Human,54,6.73
FL,2016,A,Missing data/not specified/undetermined,2,0.2
FL,2016,A,Natural,33,4.3
FL,2016,B,Human,1875,3696.51
FL,2016,B,Missing data/not specified/undetermined,1,0.3
FL,2016,B,Natural,535,1249.71
FL,2016,C,Human,285,7368.08
FL,2016,C,Natural,170,4464.0
FL,2016,D,Human,32,5419.0
FL,2016,D,Natural,23,3536.7
FL,2016,E,Human,15,8235.0
FL,2016,E,Natural,12,6688.1
FL,2016,F,Human,6,12355.0
FL,2016,F,Natural,6,8640.4
FL,2016,G,Human,1,7500.0
FL,2016,G,Natural,2,14646.0
FL,2017,A,Human,576,70.98
FL,2017,A,Missing data/not specified/undetermined,1,0.1
FL,2017,A,Natural,101,12.65
FL,2017,B,Human,1521,3391.5099999999998
FL,2017,B,Natural,247,637.58
FL,2017,C,Human,362,10177.0
FL,2017,C,Missing data/not specified/undetermined,1,50.0
FL,2017,C,Natural,124,3702.35
FL,2017,D,Human,57,9090.3
FL,2017,D,Natural,20,3228.5
FL,2017,E,Human,37,19534.5
FL,2017,E,Missing data/not specified/undetermined,3,1983.0
FL,2017,E,Natural,13,7843.0
FL,2017,F,Human,13,32978.5
FL,2017,F,Missing data/not specified/undetermined,1,1600.0
FL,2017,F,Natural,6,10616.0
FL,2017,G,Human,8,110901.0
FL,2017,G,Missing data/not specified/undetermined,2,14298.0
FL,2017,G,Natural,5,219678.0
FL,2018,A,Human,408,48.1
FL,2018,A,Missing data/not specified/undetermined,3,0.30000000000000004
FL,2018,A,Natural,48,5.0
FL,2018,B,Human,1056,2312.17
FL,2018,B,Natural,145,375.24
FL,2018,C,Human,244,6652.91
FL,2018,C,Natural,69,2501.2
FL,2018,D,Human,28,4117.0
FL,2018,D,Natural,17,2998.14
FL,2018,E,Human,20,9294.0
FL,2018,E,Natural,11,5709.6
FL,2018,F,Human,9,15083.8
FL,2018,F,Natural,5,12807.0
FL,2018,G,Human,4,35857.0
FL,2018,G,Natural,5,106454.0
FL,2019,A,Human,390,46.99
FL,2019,A,Missing data/not specified/undetermined,1,0.1
FL,2019,A,Natural,76,8.6
FL,2019,B,Human,895,1922.39
FL,2019,B,Natural,226,561.04
FL,2019,C,Human,167,4323.7
FL,2019,C,Natural,111,3904.08
FL,2019,D,Human,10,1427.0
FL,2019,D,Natural,26,4224.0
FL,2019,E,Human,14,7189.0
FL,2019,E,Missing data/not specified/undetermined,1,700.0
FL,2019,E,Natural,9,4727.9
FL,2019,F,Human,4,11687.7
FL,2019,F,Natural,6,10649.0
FL,2019,G,Natural,2,63100.0
FL,2020,A,Human,401,47.980000000000004
FL,2020,A,Missing data/not specified/undetermined,12,1.35
FL,2020,A,Natural,66,7.75
FL,2020,B,Human,1024,2147.96
FL,2020,B,Missing data/not specified/undetermined,15,42.6
FL,2020,B,Natural,181,537.46
FL,2020,C,Human,230,6442.1
FL,2020,C,Natural,94,3209.4
FL,2020,D,Human,32,4897.2
FL,2020,D,Natural,20,3084.0
FL,2020,E,Human,17,9402.0
FL,2020,E,Missing data/not specified/undetermined,3,1718.0
FL,2020,E,Natural,9,5664.0
FL,2020,F,Human,5,7500.0
FL,2020,F,Missing data/not specified/undetermined,1,1000.0
FL,2020,F,Natural,1,1036.0
FL,2020,G,Human,3,41582.0
FL,2020,G,Natural,1,30636.0
GA,1992,A,Human,1451,169.55
GA,1992,A,Natural,62,6.0
GA,1992,B,Human,4238,9605.1
GA,1992,B,Missing data/not specified/undetermined,1,1.4
GA,1992,B,Natural,130,339.14
GA,1992,C,Human,532,12484.57
GA,1992,C,Natural,21,642.33
GA,1992,D,Human,21,3102.65
GA,1992,D,Missing data/not specified/undetermined,1,289.0
GA,1992,E,Human,1,373.61
GA,1993,A,Human,2275,261.66
GA,1993,A,Natural,209,20.7
GA,1993,B,Human,5483,11286.56
GA,1993,B,Missing data/not specified/undetermined,2,12.0
GA,1993,B,Natural,437,1032.9
GA,1993,C,Human,574,13558.08
GA,1993,C,Natural,104,2803.58
GA,1993,D,Human,17,2930.31
GA,1993,D,Natural,6,841.0
GA,1993,E,Human,1,305.8
GA,1993,E,Natural,1,702.0
GA,1993,F,Natural,1,1050.0
GA,1993,G,Natural,1,5711.0
GA,1994,A,Human,1706,192.55
GA,1994,A,Missing data/not specified/undetermined,1,0.2
GA,1994,A,Natural,79,7.95
GA,1994,B,Human,4145,8843.43
GA,1994,B,Natural,118,272.19
GA,1994,C,Human,490,11021.0
GA,1994,C,Natural,27,772.43
GA,1994,D,Human,14,2099.53
GA,1994,E,Human,4,1804.61
GA,1995,A,Human,2288,251.59
GA,1995,A,Natural,140,13.48
GA,1995,B,Human,4774,9749.21
GA,1995,B,Natural,239,553.49
GA,1995,C,Human,456,10504.59
GA,1995,C,Natural,57,1382.52
GA,1995,D,Human,10,1594.93
GA,1995,D,Natural,2,407.1
GA,1996,A,Human,2661,285.24
GA,1996,A,Natural,149,14.14
GA,1996,B,Human,6042,12863.59
GA,1996,B,Natural,211,411.42
GA,1996,C,Human,739,17405.54
GA,1996,C,Natural,46,1165.81
GA,1996,D,Human,19,2964.28
GA,1996,D,Natural,3,572.6
GA,1996,E,Human,1,385.0
GA,1996,F,Human,1,1908.27
GA,1997,A,Human,2201,240.82
GA,1997,A,Natural,133,12.58
GA,1997,B,Human,4252,8478.38
GA,1997,B,Natural,192,413.79
GA,1997,C,Human,413,9761.4
GA,1997,C,Natural,32,838.41
GA,1997,D,Human,8,1307.56
GA,1997,D,Natural,1,207.2
GA,1997,E,Human,2,648.0
GA,1998,A,Human,2225,265.35
GA,1998,A,Natural,150,17.17
GA,1998,B,Human,4139,7916.24
GA,1998,B,Natural,311,677.99
GA,1998,C,Human,391,9390.789999999999
GA,1998,C,Natural,63,1727.76
GA,1998,D,Human,13,2037.26
GA,1998,D,Natural,4,731.22
GA,1998,E,Natural,2,1099.0
GA,1998,F,Natural,2,5947.0
GA,1998,G,Human,1,16100.0
GA,1999,A,Human,2891,365.20000000000005
GA,1999,A,Natural,143,16.400000000000002
GA,1999,B,Human,6843,14136.3
GA,1999,B,Natural,285,733.5
GA,1999,C,Human,842,20314.5
GA,1999,C,Natural,72,2223.1
GA,1999,D,Human,35,5328.1
GA,1999,D,Natural,7,1177.2
GA,1999,E,Human,12,6328.5
GA,1999,E,Natural,2,959.8
GA,1999,F,Human,5,7401.4
GA,1999,G,Human,1,14128.0
GA,2000,A,Human,2790,318.87
GA,2000,A,Natural,217,20.52
GA,2000,B,Human,6218,12905.35
GA,2000,B,Natural,361,806.08
GA,2000,C,Human,791,18900.63
GA,2000,C,Natural,124,3211.85
GA,2000,D,Human,25,3748.84
GA,2000,D,Natural,2,325.8
GA,2000,E,Human,11,5565.1
GA,2000,E,Natural,2,1591.67
GA,2000,F,Human,3,8315.0
GA,2000,G,Human,1,7800.0
GA,2001,A,Human,2696,307.8
GA,2001,A,Missing data/not specified/undetermined,2,0.2
GA,2001,A,Natural,59,5.79
GA,2001,B,Human,5955,12309.55
GA,2001,B,Natural,120,302.12
GA,2001,C,Human,670,16133.88
GA,2001,C,Natural,35,978.2
GA,2001,D,Human,18,2397.73
GA,2001,D,Natural,2,340.4
GA,2001,E,Human,4,2940.0
GA,2001,F,Human,3,7776.6
GA,2001,F,Natural,3,9174.0
GA,2001,G,Natural,1,6960.0
GA,2002,A,Human,1999,228.8
GA,2002,A,Natural,147,13.24
GA,2002,B,Human,4624,10122.07
GA,2002,B,Natural,251,710.43
GA,2002,C,Human,650,15894.64
GA,2002,C,Natural,88,2436.02
GA,2002,D,Human,32,5011.17
GA,2002,D,Natural,4,721.9399999999999
GA,2002,E,Human,3,1411.21
GA,2002,E,Natural,1,405.8
GA,2002,G,Human,1,5816.0
GA,2002,G,Natural,1,124110.0
GA,2003,A,Human,1591,169.87
GA,2003,A,Natural,31,2.5
GA,2003,B,Human,2687,5088.01
GA,2003,B,Natural,28,66.61
GA,2003,C,Human,217,4625.16
GA,2003,C,Natural,5,118.95
GA,2003,D,Human,8,1446.28
GA,2004,A,Human,2386,270.91
GA,2004,A,Missing data/not specified/undetermined,1,0.1
GA,2004,A,Natural,55,5.43
GA,2004,B,Human,4902,10426.56
GA,2004,B,Natural,98,279.29
GA,2004,C,Human,621,16336.34
GA,2004,C,Missing data/not specified/undetermined,1,16.0
GA,2004,C,Natural,30,811.87
GA,2004,D,Human,23,3477.9
GA,2004,D,Natural,3,508.37
GA,2004,E,Human,7,3075.92
GA,2005,A,Human,1864,208.01
GA,2005,A,Natural,21,2.02
GA,2005,B,Human,3706,7717.38
GA,2005,B,Natural,25,69.2
GA,2005,C,Human,413,9876.12
GA,2005,C,Natural,11,205.29
GA,2005,D,Human,9,1375.97
GA,2006,A,Human,2470,295.5
GA,2006,A,Natural,199,22.07
GA,2006,B,Human,5160,10696.57
GA,2006,B,Missing data/not specified/undetermined,1,0.3
GA,2006,B,Natural,330,826.3
GA,2006,C,Human,614,15336.95
GA,2006,C,Natural,108,2810.7
GA,2006,D,Human,29,4883.4
GA,2006,D,Natural,10,1573.55
GA,2006,E,Human,2,678.8199999999999
GA,2006,E,Natural,2,793.0
GA,2007,A,Human,2510,289.8
GA,2007,A,Natural,170,18.77
GA,2007,B,Human,4957,10420.97
GA,2007,B,Natural,306,827.75
GA,2007,C,Human,602,15251.15
GA,2007,C,Natural,85,2579.05
GA,2007,D,Human,50,8352.55
GA,2007,D,Natural,11,1966.74
GA,2007,E,Human,12,7153.88
GA,2007,E,Natural,3,1793.29
GA,2007,F,Human,4,6208.75
GA,2007,F,Natural,4,6982.0
GA,2007,G,Human,2,197254.2
GA,2007,G,Natural,1,68361.0
GA,2008,A,Human,1677,196.76
GA,2008,A,Natural,123,15.82
GA,2008,B,Human,3305,6604.0
GA,2008,B,Natural,233,679.96
GA,2008,C,Human,371,8916.7
GA,2008,C,Natural,78,2289.63
GA,2008,D,Human,11,1863.54
GA,2008,D,Natural,3,565.2
GA,2008,E,Human,5,2209.58
GA,2008,F,Natural,1,2551.0
GA,2009,A,Human,1240,142.34
GA,2009,A,Natural,38,3.17
GA,2009,B,Human,2481,5251.9
GA,2009,B,Natural,61,205.88
GA,2009,C,Human,325,8019.0199999999995
GA,2009,C,Natural,16,482.3
GA,2009,D,Human,12,2087.23
GA,2009,E,Human,3,1598.95
GA,2010,A,Human,1892,212.09
GA,2010,A,Natural,69,6.32
GA,2010,B,Human,3379,6874.33
GA,2010,B,Missing data/not specified/undetermined,2,5.5
GA,2010,B,Natural,109,330.58
GA,2010,C,Human,362,8344.87
GA,2010,C,Natural,37,970.9
GA,2010,D,Human,13,2053.86
GA,2010,E,Human,2,1191.0
GA,2010,E,Natural,1,651.0
GA,2010,F,Human,1,2710.0
GA,2011,A,Human,1991,235.33
GA,2011,A,Missing data/not specified/undetermined,1,0.1
GA,2011,A,Natural,173,19.39
GA,2011,B,Human,4869,11202.71
GA,2011,B,Missing data/not specified/undetermined,1,8.0
GA,2011,B,Natural,412,1161.31
GA,2011,C,Human,737,19690.32
GA,2011,C,Natural,140,4267.52
GA,2011,D,Human,43,5812.23
GA,2011,D,Missing data/not specified/undetermined,1,100.0
GA,2011,D,Natural,16,2476.31
GA,2011,E,Human,9,5104.6
GA,2011,E,Natural,7,3632.2200000000003
GA,2011,F,Human,7,16161.75
GA,2011,F,Missing data/not specified/undetermined,1,1200.0
GA,2011,F,Natural,1,3703.0
GA,2011,G,Human,3,53929.0
GA,2011,G,Natural,1,309200.0
GA,2012,A,Human,1216,151.55
GA,2012,A,Natural,107,12.790000000000001
GA,2012,B,Human,2869,5902.94
GA,2012,B,Missing data/not specified/undetermined,1,5.0
GA,2012,B,Natural,240,564.32
GA,2012,C,Human,405,9913.86
GA,2012,C,Natural,83,2170.11
GA,2012,D,Human,16,2314.39
GA,2012,D,Natural,5,707.44
GA,2012,E,Human,4,1679.42
GA,2012,E,Natural,2,845.8
GA,2012,F,Human,1,1167.0
GA,2013,A,Human,845,98.22
GA,2013,A,Natural,27,2.38
GA,2013,B,Human,2019,4701.05
GA,2013,B,Natural,23,84.02
GA,2013,C,Human,314,7857.76
GA,2013,C,Natural,12,295.15999999999997
GA,2013,D,Human,12,1628.76
GA,2014,A,Human,952,114.35000000000001
GA,2014,A,Natural,49,4.54
GA,2014,B,Human,2562,5969.63
GA,2014,B,Natural,72,181.11
GA,2014,C,Human,368,9312.66
GA,2014,C,Missing data/not specified/undetermined,1,50.0
GA,2014,C,Natural,36,952.53
GA,2014,D,Human,16,2570.05
GA,2014,D,Missing data/not specified/undetermined,1,104.0
GA,2014,D,Natural,2,357.0
GA,2014,E,Human,3,1579.0
GA,2014,F,Natural,1,1021.0
GA,2015,A,Human,610,72.52
GA,2015,A,Natural,66,6.29
GA,2015,B,Human,1345,3030.82
GA,2015,B,Natural,95,260.75
GA,2015,C,Human,184,4350.54
GA,2015,C,Natural,42,1348.2
GA,2015,D,Human,6,925.86
GA,2015,D,Natural,5,716.25
GA,2015,E,Human,1,341.67
GA,2015,E,Natural,1,337.0
GA,2016,A,Human,1409,162.52
GA,2016,A,Natural,52,5.01
GA,2016,B,Human,2973,6316.74
GA,2016,B,Missing data/not specified/undetermined,1,1.0
GA,2016,B,Natural,173,492.79
GA,2016,C,Human,391,9860.3
GA,2016,C,Natural,56,1579.71
GA,2016,D,Human,19,2891.82
GA,2016,D,Missing data/not specified/undetermined,1,107.0
GA,2016,D,Natural,6,925.7
GA,2016,E,Human,8,4826.57
GA,2016,E,Natural,2,823.6
GA,2016,F,Human,3,6269.0
GA,2016,G,Human,1,24725.0
GA,2016,G,Natural,1,27870.0
GA,2017,A,Human,861,105.7
GA,2017,A,Natural,43,4.49
GA,2017,B,Human,2250,5107.55
GA,2017,B,Natural,75,203.35
GA,2017,C,Human,387,9622.71
GA,2017,C,Natural,25,772.8
GA,2017,D,Human,14,2200.38
GA,2017,D,Natural,1,115.31
GA,2017,E,Human,3,1092.23
GA,2017,G,Natural,1,28985.55
GA,2018,A,Human,585,76.22
GA,2018,A,Natural,28,2.46
GA,2018,B,Human,1638,4003.83
GA,2018,B,Natural,30,64.83
GA,2018,C,Human,266,6797.95
GA,2018,C,Natural,15,570.49
GA,2018,D,Human,9,1583.29
GA,2018,E,Human,3,1138.4099999999999
GA,2019,A,Human,880,112.24000000000001
GA,2019,A,Natural,58,5.47
GA,2019,B,Human,1842,4189.53
GA,2019,B,Natural,118,369.84
GA,2019,C,Human,217,5444.15
GA,2019,C,Natural,48,1508.88
GA,2019,D,Human,3,435.46
GA,2019,D,Missing data/not specified/undetermined,1,113.9
GA,2019,D,Natural,3,409.0
GA,2019,E,Natural,1,441.0
GA,2020,A,Human,502,62.79
GA,2020,A,Missing data/not specified/undetermined,1,0.25
GA,2020,A,Natural,28,3.1
GA,2020,B,Human,972,1995.49
GA,2020,B,Missing data/not specified/undetermined,1,0.5
GA,2020,B,Natural,44,142.39
GA,2020,C,Human,124,2461.4
GA,2020,C,Missing data/not specified/undetermined,1,10.0
GA,2020,C,Natural,17,392.38
GA,2020,D,Human,3,418.17
GA,2020,E,Natural,1,309.4
HI,1992,A,Human,29,3.0
HI,1992,A,Missing data/not specified/undetermined,3,0.30000000000000004
HI,1992,B,Human,3,4.0
HI,1992,C,Missing data/not specified/undetermined,33,362.0
HI,1992,D,Missing data/not specified/undetermined,4,438.0
HI,1992,E,Human,1,988.0
HI,1992,E,Missing data/not specified/undetermined,1,300.0
HI,1992,F,Human,3,9066.0
HI,1993,A,Human,8,0.8
HI,1993,B,Human,1,5.0
HI,1993,B,Missing data/not specified/undetermined,1,9.2
HI,1993,C,Human,1,20.0
HI,1993,E,Human,1,927.0
HI,1993,E,Missing data/not specified/undetermined,1,600.0
HI,1993,F,Missing data/not specified/undetermined,1,1000.0
HI,1994,A,Human,6,0.6000000000000001
HI,1994,B,Human,1,1.0
HI,1994,C,Human,1,40.0
HI,1994,C,Natural,1,37.0
HI,1995,A,Human,4,0.4
HI,1995,A,Natural,1,0.1
HI,1995,B,Human,1,5.0
HI,1995,C,Natural,1,25.0
HI,1995,D,Natural,1,181.0
HI,1995,E,Missing data/not specified/undetermined,1,420.0
HI,1995,E,Natural,1,396.0
HI,1996,A,Human,3,0.30000000000000004
HI,1996,B,Natural,2,10.0
HI,1996,C,Missing data/not specified/undetermined,2,70.0
HI,1996,E,Natural,1,300.0
HI,1997,A,Human,10,1.0
HI,1997,B,Natural,1,1.0
HI,1997,C,Natural,1,50.0
HI,1998,A,Human,2,0.2
HI,1998,A,Missing data/not specified/undetermined,3,0.30000000000000004
HI,1998,B,Human,1,0.6
HI,1998,B,Missing data/not specified/undetermined,1,7.1
HI,1998,C,Missing data/not specified/undetermined,4,123.0
HI,1998,C,Natural,1,30.0
HI,1998,D,Human,1,100.0
HI,1998,D,Missing data/not specified/undetermined,2,346.0
HI,1998,E,Missing data/not specified/undetermined,5,3095.0
HI,1998,F,Missing data/not specified/undetermined,4,9020.0
HI,1998,G,Missing data/not specified/undetermined,2,18953.0
HI,1999,A,Human,4,0.4
HI,1999,A,Missing data/not specified/undetermined,1,0.1
HI,1999,C,Missing data/not specified/undetermined,2,129.0
HI,1999,G,Missing data/not specified/undetermined,2,15000.0
HI,2000,A,Human,1,0.1
HI,2000,A,Missing data/not specified/undetermined,2,0.2
HI,2000,B,Human,1,0.3
HI,2000,B,Missing data/not specified/undetermined,3,11.0
HI,2000,D,Missing data/not specified/undetermined,1,200.0
HI,2000,E,Missing data/not specified/undetermined,1,300.0
HI,2000,F,Human,2,2408.0
HI,2000,F,Missing data/not specified/undetermined,2,2750.0
HI,2001,A,Human,4,0.5
HI,2001,A,Missing data/not specified/undetermined,373,42.050000000000004
HI,2001,B,Missing data/not specified/undetermined,174,223.6
HI,2001,C,Missing data/not specified/undetermined,9,190.0
HI,2001,D,Missing data/not specified/undetermined,3,305.0
HI,2001,E,Missing data/not specified/undetermined,3,1591.0
HI,2002,A,Human,3,0.30000000000000004
HI,2002,A,Missing data/not specified/undetermined,410,46.7
HI,2002,B,Missing data/not specified/undetermined,136,180.4
HI,2002,B,Natural,4,17.3
HI,2002,C,Missing data/not specified/undetermined,13,445.0
HI,2002,C,Natural,2,132.0
HI,2002,D,Human,1,250.0
HI,2002,D,Missing data/not specified/undetermined,4,735.0
HI,2002,D,Natural,1,100.0
HI,2002,F,Missing data/not specified/undetermined,1,1700.0
HI,2002,F,Natural,1,3407.0
HI,2003,A,Missing data/not specified/undetermined,619,70.4
HI,2003,B,Missing data/not specified/undetermined,264,348.2
HI,2003,B,Natural,1,3.0
HI,2003,C,Human,1,70.0
HI,2003,C,Missing data/not specified/undetermined,33,926.0
HI,2003,C,Natural,4,207.0
HI,2003,D,Missing data/not specified/undetermined,5,760.0
HI,2003,E,Missing data/not specified/undetermined,5,1940.0
HI,2003,F,Human,1,2100.0
HI,2003,F,Missing data/not specified/undetermined,6,10924.0
HI,2003,F,Natural,2,6949.0
HI,2004,A,Human,1,0.1
HI,2004,A,Missing data/not specified/undetermined,466,52.300000000000004
HI,2004,B,Missing data/not specified/undetermined,194,280.9
HI,2004,C,Missing data/not specified/undetermined,19,382.0
HI,2004,D,Missing data/not specified/undetermined,4,630.0
HI,2004,E,Missing data/not specified/undetermined,1,400.0
HI,2004,E,Natural,1,656.0
HI,2004,F,Missing data/not specified/undetermined,1,1500.0
HI,2005,A,Human,3,0.4
HI,2005,A,Missing data/not specified/undetermined,768,88.10000000000001
HI,2005,B,Human,1,5.0
HI,2005,B,Missing data/not specified/undetermined,390,553.3
HI,2005,C,Missing data/not specified/undetermined,51,1649.0
HI,2005,D,Missing data/not specified/undetermined,13,1706.0
HI,2005,E,Missing data/not specified/undetermined,10,4200.0
HI,2005,F,Missing data/not specified/undetermined,5,12427.8
HI,2005,G,Missing data/not specified/undetermined,1,25000.0
HI,2006,A,Missing data/not specified/undetermined,548,64.05
HI,2006,B,Missing data/not specified/undetermined,212,311.1
HI,2006,C,Missing data/not specified/undetermined,14,316.0
HI,2006,D,Missing data/not specified/undetermined,3,450.0
HI,2006,E,Missing data/not specified/undetermined,9,4543.0
HI,2006,F,Missing data/not specified/undetermined,3,7812.0
HI,2007,A,Human,2,0.2
HI,2007,A,Missing data/not specified/undetermined,608,68.3
HI,2007,A,Natural,1,0.1
HI,2007,B,Human,2,14.0
HI,2007,B,Missing data/not specified/undetermined,282,404.65
HI,2007,B,Natural,1,4.0
HI,2007,C,Human,2,50.0
HI,2007,C,Missing data/not specified/undetermined,38,1029.0
HI,2007,D,Missing data/not specified/undetermined,9,1637.0
HI,2007,E,Human,1,360.0
HI,2007,E,Missing data/not specified/undetermined,7,2860.0
HI,2007,F,Missing data/not specified/undetermined,9,17109.9
HI,2007,G,Missing data/not specified/undetermined,2,16138.0
HI,2008,A,Human,2,0.2
HI,2008,A,Missing data/not specified/undetermined,589,61.89
HI,2008,B,Missing data/not specified/undetermined,149,204.55
HI,2008,C,Missing data/not specified/undetermined,20,612.0
HI,2008,D,Missing data/not specified/undetermined,3,400.0
HI,2008,E,Human,1,400.0
HI,2008,E,Missing data/not specified/undetermined,4,1650.0
HI,2008,F,Missing data/not specified/undetermined,1,2800.0
HI,2009,A,Missing data/not specified/undetermined,643,49.050000000000004
HI,2009,A,Natural,1,0.1
HI,2009,B,Missing data/not specified/undetermined,145,227.25
HI,2009,C,Human,1,23.0
HI,2009,C,Missing data/not specified/undetermined,16,448.0
HI,2009,D,Missing data/not specified/undetermined,6,928.0
HI,2009,E,Missing data/not specified/undetermined,3,1450.0
HI,2009,E,Natural,1,900.0
HI,2009,G,Missing data/not specified/undetermined,1,7800.0
HI,2010,A,Human,4,0.4
HI,2010,A,Missing data/not specified/undetermined,726,52.63
HI,2010,A,Natural,1,0.1
HI,2010,B,Human,2,2.0
HI,2010,B,Missing data/not specified/undetermined,208,307.69
HI,2010,C,Human,1,10.0
HI,2010,C,Missing data/not specified/undetermined,23,734.0
HI,2010,D,Human,1,100.0
HI,2010,D,Missing data/not specified/undetermined,8,1120.0
HI,2010,E,Human,1,600.0
HI,2010,E,Missing data/not specified/undetermined,8,4087.0
HI,2010,F,Missing data/not specified/undetermined,1,2000.0
HI,2010,G,Missing data/not specified/undetermined,1,6200.0
HI,2011,A,Human,2,0.2
HI,2011,A,Missing data/not specified/undetermined,476,32.47
HI,2011,B,Missing data/not specified/undetermined,104,157.91
HI,2011,C,Missing data/not specified/undetermined,14,415.0
HI,2011,D,Missing data/not specified/undetermined,2,270.0
HI,2011,D,Natural,1,140.0
HI,2011,E,Missing data/not specified/undetermined,1,400.0
HI,2011,F,Missing data/not specified/undetermined,1,1100.0
HI,2011,F,Natural,1,2076.0
HI,2012,A,Missing data/not specified/undetermined,544,33.83
HI,2012,A,Natural,1,0.1
HI,2012,B,Human,1,1.0
HI,2012,B,Missing data/not specified/undetermined,133,226.78
HI,2012,C,Human,2,32.0
HI,2012,C,Missing data/not specified/undetermined,24,822.0
HI,2012,D,Human,1,220.0
HI,2012,D,Missing data/not specified/undetermined,4,550.0
HI,2012,E,Human,1,652.0
HI,2012,E,Missing data/not specified/undetermined,1,450.0
HI,2012,F,Human,1,1000.0
HI,2012,F,Missing data/not specified/undetermined,2,4000.0
HI,2013,A,Human,1,0.1
HI,2013,A,Missing data/not specified/undetermined,43,3.25
HI,2013,A,Natural,2,0.30000000000000004
HI,2013,B,Human,4,12.0
HI,2013,B,Missing data/not specified/undetermined,8,7.75
HI,2013,C,Missing data/not specified/undetermined,1,50.0
HI,2013,E,Human,1,688.0
HI,2014,A,Human,1,0.1
HI,2014,A,Natural,1,0.1
HI,2015,B,Human,1,0.6
HI,2015,E,Human,1,452.0
HI,2015,E,Missing data/not specified/undetermined,1,500.0
HI,2015,F,Human,1,3884.0
HI,2016,A,Human,3,0.30000000000000004
HI,2016,B,Human,6,7.5
HI,2016,C,Human,1,75.2
HI,2016,E,Human,1,775.0
HI,2016,F,Human,3,7177.0
HI,2016,F,Natural,1,1787.0
HI,2016,G,Human,1,5800.0
HI,2017,A,Human,6,0.7000000000000001
HI,2017,A,Natural,1,0.1
HI,2017,B,Human,6,19.7
HI,2017,B,Natural,1,1.5
HI,2017,C,Human,4,100.6
HI,2017,E,Human,2,1250.0
HI,2017,F,Human,2,3845.0
HI,2018,A,Human,3,0.30000000000000004
HI,2018,A,Natural,1,0.1
HI,2018,B,Human,1,8.0
HI,2018,C,Human,2,74.0
HI,2018,C,Natural,1,11.6
HI,2018,E,Human,1,400.0
HI,2018,E,Natural,1,817.0
HI,2018,F,Human,3,6772.0
HI,2018,G,Human,1,18000.0
HI,2019,A,Human,2,0.2
HI,2019,C,Human,2,56.0
HI,2019,D,Human,2,406.0
HI,2019,E,Human,2,905.0
HI,2019,E,Missing data/not specified/undetermined,1,931.0
HI,2019,F,Human,2,6250.0
HI,2019,G,Human,2,16858.0
HI,2020,A,Human,2,0.11
HI,2020,B,Human,2,5.05
HI,2020,C,Human,1,20.3
HI,2020,D,Human,1,105.0
HI,2020,E,Human,1,827.0
HI,2020,F,Human,1,4300.0
IA,1992,B,Human,3,5.3
IA,1992,C,Human,2,80.0
IA,1993,A,Missing data/not specified/undetermined,2,0.2
IA,1993,B,Human,1,5.0
IA,1993,B,Missing data/not specified/undetermined,1,0.5
IA,1993,C,Human,2,25.0
IA,1994,B,Human,1,0.5
IA,1994,C,Human,4,104.9
IA,1995,B,Human,4,11.4
IA,1995,C,Human,2,46.0
IA,1996,B,Human,15,50.3
IA,1996,C,Human,11,543.0
IA,1996,D,Human,1,100.0
IA,1996,E,Human,1,333.1
IA,1997,B,Human,7,13.0
IA,1997,C,Human,3,80.0
IA,1998,C,Human,3,70.0
IA,1999,A,Human,2,0.2
IA,1999,B,Human,9,22.0
IA,1999,B,Missing data/not specified/undetermined,1,4.0
IA,1999,C,Human,7,309.4
IA,1999,D,Missing data/not specified/undetermined,1,100.0
IA,2000,A,Human,1,0.2
IA,2000,B,Human,7,12.5
IA,2000,B,Missing data/not specified/undetermined,1,5.0
IA,2000,C,Human,1,12.0
IA,2000,C,Missing data/not specified/undetermined,5,185.0
IA,2000,D,Missing data/not specified/undetermined,3,688.0
IA,2000,E,Missing data/not specified/undetermined,1,832.0
IA,2001,A,Human,2,0.2
IA,2001,B,Human,6,14.8
IA,2001,C,Human,2,70.0
IA,2002,A,Human,11,1.3
IA,2002,A,Missing data/not specified/undetermined,10,1.1
IA,2002,B,Human,20,40.4
IA,2002,B,Missing data/not specified/undetermined,4,11.2
IA,2002,C,Human,3,87.0
IA,2002,C,Missing data/not specified/undetermined,2,25.0
IA,2002,D,Human,1,101.0
IA,2003,A,Human,4,0.4
IA,2003,A,Missing data/not specified/undetermined,4,0.5
IA,2003,B,Human,22,38.1
IA,2003,B,Missing data/not specified/undetermined,6,29.0
IA,2003,C,Human,3,119.0
IA,2003,C,Missing data/not specified/undetermined,6,146.0
IA,2003,D,Human,2,350.0
IA,2003,E,Human,1,630.0
IA,2003,E,Missing data/not specified/undetermined,1,820.0
IA,2003,F,Human,1,1200.0
IA,2004,A,Human,7,1.0
IA,2004,A,Missing data/not specified/undetermined,1,0.1
IA,2004,B,Human,27,69.0
IA,2004,B,Missing data/not specified/undetermined,3,16.3
IA,2004,C,Human,7,220.0
IA,2004,C,Missing data/not specified/undetermined,1,20.0
IA,2004,C,Natural,1,59.1
IA,2004,D,Human,2,325.0
IA,2004,E,Human,1,400.0
IA,2005,A,Human,1,0.2
IA,2005,A,Missing data/not specified/undetermined,3,0.4
IA,2005,B,Human,17,36.0
IA,2005,B,Missing data/not specified/undetermined,4,5.5
IA,2005,C,Human,2,122.0
IA,2005,C,Missing data/not specified/undetermined,3,138.0
IA,2005,D,Human,1,200.0
IA,2005,E,Human,1,800.0
IA,2005,F,Human,2,5200.0
IA,2006,A,Human,3,0.4
IA,2006,A,Missing data/not specified/undetermined,50,8.9
IA,2006,B,Human,6,12.9
IA,2006,B,Missing data/not specified/undetermined,263,610.83
IA,2006,C,Human,2,37.0
IA,2006,C,Missing data/not specified/undetermined,107,2575.0
IA,2006,D,Missing data/not specified/undetermined,8,1070.0
IA,2006,E,Missing data/not specified/undetermined,3,1056.0
IA,2007,A,Human,2,0.30000000000000004
IA,2007,A,Missing data/not specified/undetermined,24,3.243
IA,2007,B,Human,3,4.2
IA,2007,B,Missing data/not specified/undetermined,95,168.8
IA,2007,C,Human,1,50.0
IA,2007,C,Missing data/not specified/undetermined,17,465.0
IA,2007,D,Missing data/not specified/undetermined,1,150.0
IA,2008,A,Missing data/not specified/undetermined,19,1.84
IA,2008,B,Human,7,25.5
IA,2008,B,Missing data/not specified/undetermined,85,180.1
IA,2008,C,Human,1,25.0
IA,2008,C,Missing data/not specified/undetermined,37,1056.0
IA,2008,D,Missing data/not specified/undetermined,2,400.0
IA,2009,A,Missing data/not specified/undetermined,21,2.702
IA,2009,B,Human,22,64.6
IA,2009,B,Missing data/not specified/undetermined,468,1064.65
IA,2009,C,Human,6,210.0
IA,2009,C,Missing data/not specified/undetermined,172,4696.0
IA,2009,D,Missing data/not specified/undetermined,12,1510.0
IA,2009,E,Missing data/not specified/undetermined,1,401.0
IA,2010,A,Human,1,0.1
IA,2010,A,Missing data/not specified/undetermined,21,3.083
IA,2010,B,Human,2,5.0
IA,2010,B,Missing data/not specified/undetermined,114,261.75
IA,2010,C,Human,1,12.0
IA,2010,C,Missing data/not specified/undetermined,54,1345.0
IA,2010,D,Human,1,155.0
IA,2010,D,Missing data/not specified/undetermined,5,623.0
IA,2011,A,Human,1,0.2
IA,2011,A,Missing data/not specified/undetermined,46,4.1325
IA,2011,B,Human,6,8.6
IA,2011,B,Missing data/not specified/undetermined,261,633.5
IA,2011,C,Human,2,20.0
IA,2011,C,Missing data/not specified/undetermined,106,3129.0
IA,2011,D,Human,3,580.0
IA,2011,D,Missing data/not specified/undetermined,11,1662.0
IA,2011,E,Missing data/not specified/undetermined,3,1424.0
IA,2012,A,Human,50,6.521
IA,2012,B,Human,298,683.88
IA,2012,B,Missing data/not specified/undetermined,8,11.5
IA,2012,B,Natural,5,2.5
IA,2012,C,Human,86,2040.6
IA,2012,C,Missing data/not specified/undetermined,3,54.0
IA,2012,D,Human,5,685.0
IA,2012,D,Natural,1,100.0
IA,2012,E,Human,1,400.0
IA,2013,A,Human,26,3.49
IA,2013,A,Natural,3,0.03
IA,2013,B,Human,154,335.8
IA,2013,C,Human,55,1578.0
IA,2013,C,Missing data/not specified/undetermined,2,160.0
IA,2013,D,Human,3,340.0
IA,2014,A,Human,40,5.81
IA,2014,A,Natural,1,0.01
IA,2014,B,Human,352,913.55
IA,2014,C,Human,121,3303.5
IA,2014,C,Natural,1,20.0
IA,2014,D,Human,21,3120.0
IA,2014,D,Natural,1,100.0
IA,2014,E,Human,5,2060.0
IA,2014,F,Human,1,1000.0
IA,2015,A,Human,36,6.1601
IA,2015,A,Missing data/not specified/undetermined,1,0.1
IA,2015,A,Natural,1,0.1
IA,2015,B,Human,288,759.56
IA,2015,B,Missing data/not specified/undetermined,2,7.5
IA,2015,B,Natural,2,1.0
IA,2015,C,Human,158,4624.13
IA,2015,C,Missing data/not specified/undetermined,1,15.0
IA,2015,D,Human,19,2790.7200000000003
IA,2015,E,Human,8,4210.0
IA,2015,F,Human,1,1500.0
IA,2016,A,Human,21,3.74
IA,2016,B,Human,110,237.75
IA,2016,B,Missing data/not specified/undetermined,1,0.5
IA,2016,B,Natural,1,2.0
IA,2016,C,Human,30,822.0
IA,2016,C,Missing data/not specified/undetermined,2,33.2
IA,2016,C,Natural,1,20.0
IA,2016,D,Human,1,250.0
IA,2017,A,Human,47,7.63
IA,2017,A,Missing data/not specified/undetermined,2,0.2
IA,2017,A,Natural,2,0.2
IA,2017,B,Human,242,528.71
IA,2017,B,Missing data/not specified/undetermined,2,9.6
IA,2017,B,Natural,2,2.0
IA,2017,C,Human,88,3119.3
IA,2017,C,Missing data/not specified/undetermined,3,76.2
IA,2017,D,Human,11,1450.0
IA,2017,E,Human,3,1680.0
IA,2018,A,Human,28,4.89
IA,2018,B,Human,257,602.76
IA,2018,B,Missing data/not specified/undetermined,1,9.0
IA,2018,B,Natural,1,2.0
IA,2018,C,Human,86,2588.45
IA,2018,C,Natural,1,90.0
IA,2018,D,Human,9,1373.0
IA,2018,D,Missing data/not specified/undetermined,1,165.0
IA,2018,E,Human,7,2933.0
IA,2018,E,Natural,1,300.0
IA,2019,A,Human,24,4.21
IA,2019,A,Missing data/not specified/undetermined,1,0.1
IA,2019,B,Human,94,202.43
IA,2019,B,Missing data/not specified/undetermined,2,4.5
IA,2019,C,Human,41,1108.7
IA,2019,C,Missing data/not specified/undetermined,1,39.9
IA,2019,D,Human,2,300.0
IA,2019,E,Human,1,328.7
IA,2020,A,Human,47,7.15
IA,2020,A,Missing data/not specified/undetermined,1,0.1
IA,2020,A,Natural,1,0.1
IA,2020,B,Human,241,654.9
IA,2020,C,Human,111,3619.0
IA,2020,C,Missing data/not specified/undetermined,1,30.0
IA,2020,D,Human,8,1097.0
IA,2020,E,Human,2,954.0
ID,1992,A,Human,282,32.300000000000004
ID,1992,A,Natural,1021,113.4
ID,1992,B,Human,212,430.7
ID,1992,B,Natural,384,587.3
ID,1992,C,Human,63,2597.4
ID,1992,C,Natural,86,2887.8
ID,1992,D,Human,26,4396.0
ID,1992,D,Natural,33,5001.0
ID,1992,E,Human,18,10527.0
ID,1992,E,Natural,23,13651.0
ID,1992,F,Human,9,14911.0
ID,1992,F,Natural,17,36812.0
ID,1992,G,Human,2,18275.0
ID,1992,G,Natural,19,574437.0
ID,1993,A,Human,155,16.900000000000002
ID,1993,A,Natural,362,39.400000000000006
ID,1993,B,Human,90,197.8
ID,1993,B,Natural,43,65.6
ID,1993,C,Human,28,887.5
ID,1993,C,Natural,7,185.0
ID,1993,D,Human,6,1152.0
ID,1993,D,Natural,1,205.0
ID,1993,E,Human,1,421.0
ID,1993,E,Missing data/not specified/undetermined,1,840.0
ID,1993,E,Natural,3,1162.0
ID,1993,F,Human,1,2806.0
ID,1994,A,Human,343,38.1
ID,1994,A,Missing data/not specified/undetermined,4,0.5
ID,1994,A,Natural,1572,179.10000000000002
ID,1994,B,Human,242,522.7
ID,1994,B,Natural,832,1156.2
ID,1994,C,Human,76,2579.7
ID,1994,C,Natural,98,3414.2
ID,1994,D,Human,27,4586.0
ID,1994,D,Natural,37,6795.7
ID,1994,E,Human,26,15055.0
ID,1994,E,Missing data/not specified/undetermined,1,943.0
ID,1994,E,Natural,25,13878.2
ID,1994,F,Human,10,20418.2
ID,1994,F,Natural,24,52515.0
ID,1994,G,Human,5,87549.0
ID,1994,G,Natural,14,519399.0
ID,1995,A,Human,187,21.0
ID,1995,A,Missing data/not specified/undetermined,1,0.1
ID,1995,A,Natural,717,79.7
ID,1995,B,Human,134,262.1
ID,1995,B,Natural,189,270.8
ID,1995,C,Human,50,1907.8
ID,1995,C,Natural,38,1287.6
ID,1995,D,Human,22,3860.0
ID,1995,D,Missing data/not specified/undetermined,1,218.0
ID,1995,D,Natural,19,3098.6
ID,1995,E,Human,20,11755.5
ID,1995,E,Natural,17,8687.0
ID,1995,F,Human,10,18925.0
ID,1995,F,Natural,18,44653.0
ID,1995,G,Human,3,33435.0
ID,1995,G,Natural,6,140220.0
ID,1996,A,Human,237,26.200000000000003
ID,1996,A,Missing data/not specified/undetermined,1,0.1
ID,1996,A,Natural,828,95.2
ID,1996,B,Human,224,468.9
ID,1996,B,Missing data/not specified/undetermined,1,6.1
ID,1996,B,Natural,324,558.3
ID,1996,C,Human,88,3203.7
ID,1996,C,Natural,62,2507.6
ID,1996,D,Human,39,6369.4
ID,1996,D,Natural,38,6823.0
ID,1996,E,Human,29,15937.0
ID,1996,E,Natural,28,15450.9
ID,1996,F,Human,16,28165.0
ID,1996,F,Natural,33,75090.0
ID,1996,G,Human,9,137049.0
ID,1996,G,Natural,17,604909.5
ID,1997,A,Human,143,16.0
ID,1997,A,Natural,503,56.5
ID,1997,B,Human,114,224.0
ID,1997,B,Natural,223,335.5
ID,1997,C,Human,56,2082.5
ID,1997,C,Natural,34,1264.5
ID,1997,D,Human,16,2765.1
ID,1997,D,Natural,14,2700.0
ID,1997,E,Human,7,3839.0
ID,1997,E,Natural,10,4869.3
ID,1997,F,Human,3,3896.0
ID,1997,F,Natural,6,11647.0
ID,1997,G,Human,1,9207.0
ID,1998,A,Human,205,22.700000000000003
ID,1998,A,Natural,896,102.4
ID,1998,B,Human,130,274.1
ID,1998,B,Natural,334,535.4
ID,1998,C,Human,41,1470.7
ID,1998,C,Natural,65,2361.1
ID,1998,D,Human,11,1732.6
ID,1998,D,Natural,26,4418.2
ID,1998,E,Human,5,2792.9
ID,1998,E,Natural,16,10577.5
ID,1998,F,Human,4,7408.7
ID,1998,F,Natural,18,44362.7
ID,1998,G,Human,2,18512.5
ID,1998,G,Natural,5,56727.8
ID,1999,A,Human,309,35.75
ID,1999,A,Missing data/not specified/undetermined,1,0.2
ID,1999,A,Natural,782,89.30000000000001
ID,1999,B,Human,262,576.31
ID,1999,B,Natural,267,404.46
ID,1999,C,Human,99,3543.3
ID,1999,C,Missing data/not specified/undetermined,1,15.0
ID,1999,C,Natural,40,1776.0
ID,1999,D,Human,30,5596.5
ID,1999,D,Natural,28,5099.8
ID,1999,E,Human,25,13481.7
ID,1999,E,Natural,27,12911.0
ID,1999,F,Human,14,33881.9
ID,1999,F,Natural,19,41932.9
ID,1999,G,Human,2,51307.3
ID,1999,G,Natural,9,245534.3
ID,2000,A,Human,255,29.580000000000002
ID,2000,A,Natural,632,74.7
ID,2000,B,Human,180,396.5
ID,2000,B,Missing data/not specified/undetermined,1,5.0
ID,2000,B,Natural,339,626.5
ID,2000,C,Human,57,2246.5
ID,2000,C,Missing data/not specified/undetermined,1,29.0
ID,2000,C,Natural,82,3137.1
ID,2000,D,Human,25,4184.8
ID,2000,D,Natural,39,6964.4
ID,2000,E,Human,16,8755.9
ID,2000,E,Natural,23,12996.9
ID,2000,F,Human,15,36362.7
ID,2000,F,Natural,42,89462.2
ID,2000,G,Human,4,57289.9
ID,2000,G,Natural,38,1128224.8
ID,2001,A,Human,307,35.0
ID,2001,A,Natural,605,70.12
ID,2001,B,Human,252,513.65
ID,2001,B,Missing data/not specified/undetermined,2,10.0
ID,2001,B,Natural,273,497.65
ID,2001,C,Human,64,2380.0
ID,2001,C,Natural,45,1629.9
ID,2001,D,Human,36,6168.0
ID,2001,D,Natural,21,3392.3
ID,2001,E,Human,24,12491.9
ID,2001,E,Natural,22,12172.0
ID,2001,F,Human,9,17184.5
ID,2001,F,Natural,14,35972.6
ID,2001,G,Human,4,43936.6
ID,2001,G,Natural,5,56347.4
ID,2002,A,Human,246,28.5
ID,2002,A,Missing data/not specified/undetermined,1,0.1
ID,2002,A,Natural,680,77.11
ID,2002,B,Human,177,354.95
ID,2002,B,Missing data/not specified/undetermined,1,0.5
ID,2002,B,Natural,259,379.79
ID,2002,C,Human,38,1373.2
ID,2002,C,Natural,40,1524.0
ID,2002,D,Human,11,1819.0
ID,2002,D,Natural,16,2917.5
ID,2002,E,Human,9,4692.0
ID,2002,E,Natural,16,8739.0
ID,2002,F,Human,3,6525.5
ID,2002,F,Natural,10,27195.0
ID,2002,G,Natural,4,30585.0
ID,2003,A,Human,271,32.730000000000004
ID,2003,A,Natural,638,74.47
ID,2003,B,Human,227,513.73
ID,2003,B,Natural,272,457.54
ID,2003,C,Human,58,1868.39
ID,2003,C,Missing data/not specified/undetermined,1,20.0
ID,2003,C,Natural,58,2173.9
ID,2003,D,Human,21,3286.7
ID,2003,D,Natural,15,2571.7
ID,2003,E,Human,17,10246.4
ID,2003,E,Natural,26,16586.0
ID,2003,F,Human,15,40430.65
ID,2003,F,Natural,22,54629.0
ID,2003,G,Human,4,51220.0
ID,2003,G,Natural,11,151991.9
ID,2004,A,Human,155,18.95
ID,2004,A,Natural,661,77.14
ID,2004,B,Human,117,251.25
ID,2004,B,Natural,129,243.85999999999999
ID,2004,C,Human,24,789.7
ID,2004,C,Natural,18,581.8
ID,2004,D,Human,9,1721.6
ID,2004,D,Natural,8,1554.5
ID,2004,E,Human,6,3776.6
ID,2004,E,Natural,7,3974.4
ID,2004,F,Natural,4,6032.0
ID,2005,A,Human,227,26.381
ID,2005,A,Natural,389,47.440000000000005
ID,2005,B,Human,192,476.55
ID,2005,B,Missing data/not specified/undetermined,1,0.5
ID,2005,B,Natural,157,329.75
ID,2005,C,Human,65,2833.9
ID,2005,C,Natural,59,2449.9
ID,2005,D,Human,22,3518.6
ID,2005,D,Natural,26,4613.0
ID,2005,E,Human,12,6972.2
ID,2005,E,Natural,19,10196.3
ID,2005,F,Human,8,18700.5
ID,2005,F,Natural,31,72445.0
ID,2005,G,Human,7,113307.3
ID,2005,G,Natural,16,412990.9
ID,2006,A,Human,192,22.411
ID,2006,A,Missing data/not specified/undetermined,2,0.30000000000000004
ID,2006,A,Natural,835,112.37
ID,2006,B,Human,225,521.18
ID,2006,B,Missing data/not specified/undetermined,1,0.3
ID,2006,B,Natural,320,649.11
ID,2006,C,Human,55,2135.7
ID,2006,C,Natural,66,3004.2
ID,2006,D,Human,29,5026.9
ID,2006,D,Natural,33,5867.1
ID,2006,E,Human,21,11735.3
ID,2006,E,Natural,22,12689.6
ID,2006,F,Human,17,41751.6
ID,2006,F,Natural,44,102820.2
ID,2006,G,Human,3,108854.2
ID,2006,G,Natural,23,615596.0
ID,2007,A,Human,291,34.940000000000005
ID,2007,A,Natural,418,54.59
ID,2007,B,Human,288,750.44
ID,2007,B,Missing data/not specified/undetermined,1,0.3
ID,2007,B,Natural,240,442.41
ID,2007,C,Human,94,3232.3
ID,2007,C,Natural,67,2482.1
ID,2007,D,Human,32,5807.7
ID,2007,D,Natural,17,3096.0
ID,2007,E,Human,17,9326.7
ID,2007,E,Natural,27,13860.0
ID,2007,F,Human,13,31810.5
ID,2007,F,Natural,35,91498.0
ID,2007,G,Human,7,104589.6
ID,2007,G,Natural,42,1917670.6600000001
ID,2008,A,Human,256,28.470000000000002
ID,2008,A,Natural,312,37.74
ID,2008,B,Human,158,345.96999999999997
ID,2008,B,Missing data/not specified/undetermined,2,5.5
ID,2008,B,Natural,117,202.58
ID,2008,C,Human,41,1344.9
ID,2008,C,Natural,23,822.1
ID,2008,D,Human,17,2566.0
ID,2008,D,Natural,11,1822.0
ID,2008,E,Human,12,6231.2
ID,2008,E,Natural,11,6513.7
ID,2008,F,Human,8,19645.0
ID,2008,F,Natural,10,20336.0
ID,2008,G,Human,5,66589.2
ID,2008,G,Natural,3,48700.0
ID,2009,A,Human,251,29.130000000000003
ID,2009,A,Missing data/not specified/undetermined,1,0.2
ID,2009,A,Natural,542,66.36
ID,2009,B,Human,141,232.62
ID,2009,B,Natural,152,248.3
ID,2009,C,Human,36,1025.9
ID,2009,C,Natural,30,1048.4
ID,2009,D,Human,8,1557.0
ID,2009,D,Natural,16,2613.0
ID,2009,E,Human,3,1602.0
ID,2009,E,Natural,11,4893.0
ID,2009,F,Human,5,8178.0
ID,2009,F,Natural,2,2414.0
ID,2010,A,Human,289,33.43
ID,2010,A,Natural,340,43.92
ID,2010,B,Human,188,391.61
ID,2010,B,Natural,141,228.86
ID,2010,C,Human,42,1455.8
ID,2010,C,Natural,48,1745.0
ID,2010,D,Human,12,2173.0
ID,2010,D,Natural,19,3098.15
ID,2010,E,Human,13,7362.99
ID,2010,E,Natural,15,8354.0
ID,2010,F,Human,8,19859.4
ID,2010,F,Natural,22,51125.0
ID,2010,G,Human,4,143321.0
ID,2010,G,Natural,9,404676.0
ID,2011,A,Human,303,36.330000000000005
ID,2011,A,Natural,404,51.71
ID,2011,B,Human,235,476.8
ID,2011,B,Natural,162,287.21
ID,2011,C,Human,58,1880.5
ID,2011,C,Natural,45,1707.8
ID,2011,D,Human,24,4271.0
ID,2011,D,Natural,21,3220.2
ID,2011,E,Human,5,2923.0
ID,2011,E,Natural,20,10209.5
ID,2011,F,Human,8,17986.0
ID,2011,F,Natural,19,39865.0
ID,2011,G,Human,1,15775.0
ID,2011,G,Missing data/not specified/undetermined,1,50176.0
ID,2011,G,Natural,12,260483.0
ID,2012,A,Human,172,19.96
ID,2012,A,Missing data/not specified/undetermined,1,0.1
ID,2012,A,Natural,300,37.56
ID,2012,B,Human,183,461.0
ID,2012,B,Natural,171,341.37
ID,2012,C,Human,92,3601.1
ID,2012,C,Natural,53,1819.3
ID,2012,D,Human,50,8808.0
ID,2012,D,Natural,25,4188.0
ID,2012,E,Human,29,13891.0
ID,2012,E,Natural,24,15565.0
ID,2012,F,Human,19,33119.0
ID,2012,F,Natural,32,68862.0
ID,2012,G,Human,7,229240.0
ID,2012,G,Natural,32,1396303.0
ID,2013,A,Human,215,24.02
ID,2013,A,Natural,663,83.71000000000001
ID,2013,B,Human,176,364.4
ID,2013,B,Missing data/not specified/undetermined,2,0.9
ID,2013,B,Natural,242,428.07
ID,2013,C,Human,53,1897.5
ID,2013,C,Natural,61,2101.4
ID,2013,D,Human,26,5096.0
ID,2013,D,Missing data/not specified/undetermined,1,145.0
ID,2013,D,Natural,31,5737.5
ID,2013,E,Human,11,5916.0
ID,2013,E,Natural,34,17068.0
ID,2013,F,Human,4,9158.0
ID,2013,F,Natural,25,56616.0
ID,2013,G,Human,2,30706.0
ID,2013,G,Natural,20,604983.0
ID,2014,A,Human,224,25.14
ID,2014,A,Natural,475,61.34
ID,2014,B,Human,180,332.7
ID,2014,B,Natural,180,243.39
ID,2014,C,Human,42,1298.8
ID,2014,C,Natural,47,1605.2
ID,2014,D,Human,12,1906.0
ID,2014,D,Natural,16,2799.0
ID,2014,E,Human,8,4081.0
ID,2014,E,Natural,12,7644.0
ID,2014,F,Human,6,11581.0
ID,2014,F,Natural,6,23186.0
ID,2014,G,Human,1,5011.0
ID,2014,G,Missing data/not specified/undetermined,1,6796.0
ID,2014,G,Natural,5,132322.0
ID,2015,A,Human,220,25.37
ID,2015,A,Natural,465,57.440000000000005
ID,2015,B,Human,158,334.37
ID,2015,B,Natural,203,373.03
ID,2015,C,Human,40,1263.1
ID,2015,C,Natural,51,1867.2
ID,2015,D,Human,12,2108.0
ID,2015,D,Natural,27,4864.5
ID,2015,E,Human,6,2587.0
ID,2015,E,Natural,30,16197.6
ID,2015,F,Human,6,12694.0
ID,2015,F,Natural,30,65713.5
ID,2015,G,Human,3,23676.0
ID,2015,G,Natural,26,659265.0
ID,2016,A,Human,245,26.950000000000003
ID,2016,A,Natural,121,15.17
ID,2016,B,Human,136,280.46
ID,2016,B,Missing data/not specified/undetermined,1,2.4
ID,2016,B,Natural,57,110.66
ID,2016,C,Human,51,1731.3
ID,2016,C,Natural,23,947.0
ID,2016,D,Human,11,1893.83
ID,2016,D,Missing data/not specified/undetermined,1,298.0
ID,2016,D,Natural,10,1907.0
ID,2016,E,Human,9,4732.0
ID,2016,E,Natural,6,4221.0
ID,2016,F,Human,10,20132.0
ID,2016,F,Natural,10,22504.0
ID,2016,G,Human,2,240916.0
ID,2016,G,Natural,5,69605.0
ID,2017,A,Human,332,36.730000000000004
ID,2017,A,Missing data/not specified/undetermined,1,0.1
ID,2017,A,Natural,274,36.95
ID,2017,B,Human,525,1040.92
ID,2017,B,Natural,139,277.65
ID,2017,C,Human,104,3148.7
ID,2017,C,Natural,47,1635.1
ID,2017,D,Human,28,5201.0
ID,2017,D,Natural,25,4094.0
ID,2017,E,Human,19,8360.0
ID,2017,E,Natural,29,15861.0
ID,2017,F,Human,6,12418.0
ID,2017,F,Natural,29,65503.0
ID,2017,G,Human,4,158733.0
ID,2017,G,Natural,17,424779.0
ID,2018,A,Human,243,27.82
ID,2018,A,Natural,146,17.36
ID,2018,B,Human,363,714.0
ID,2018,B,Natural,108,219.5
ID,2018,C,Human,89,3205.16
ID,2018,C,Natural,27,964.93
ID,2018,D,Human,28,5091.67
ID,2018,D,Natural,12,2142.04
ID,2018,E,Human,11,6993.38
ID,2018,E,Natural,13,7924.9
ID,2018,F,Human,16,37429.6
ID,2018,F,Natural,18,46516.3
ID,2018,G,Human,6,140926.4
ID,2018,G,Natural,14,339212.8
ID,2019,A,Human,207,24.36
ID,2019,A,Natural,302,35.27
ID,2019,B,Human,166,292.18
ID,2019,B,Natural,123,201.61
ID,2019,C,Human,52,1910.22
ID,2019,C,Natural,21,815.6
ID,2019,D,Human,15,2831.05
ID,2019,D,Natural,10,1726.7
ID,2019,E,Human,13,5327.24
ID,2019,E,Natural,11,5643.0
ID,2019,F,Human,1,1218.0
ID,2019,F,Natural,11,26243.4
ID,2019,G,Human,1,67069.5
ID,2019,G,Natural,8,171219.2
ID,2020,A,Human,289,33.18
ID,2020,A,Missing data/not specified/undetermined,15,1.5
ID,2020,A,Natural,175,22.43
ID,2020,B,Human,240,559.52
ID,2020,B,Missing data/not specified/undetermined,8,8.9
ID,2020,B,Natural,61,105.26
ID,2020,C,Human,74,2307.77
ID,2020,C,Missing data/not specified/undetermined,4,139.3
ID,2020,C,Natural,21,954.72
ID,2020,D,Human,15,2190.1
ID,2020,D,Natural,7,1139.8
ID,2020,E,Human,12,5696.6
ID,2020,E,Missing data/not specified/undetermined,2,1312.0
ID,2020,E,Natural,9,5131.7
ID,2020,F,Human,14,32490.4
ID,2020,F,Natural,12,24105.73
ID,2020,G,Human,4,198801.0
ID,2020,G,Natural,3,45357.0
IL,1992,A,Human,4,0.5
IL,1992,B,Human,6,14.9
IL,1992,C,Human,8,220.0
IL,1993,A,Human,2,0.2
IL,1993,B,Human,2,4.6
IL,1993,C,Human,1,25.0
IL,1994,A,Human,2,0.4
IL,1994,B,Human,15,33.3
IL,1994,B,Natural,1,5.0
IL,1994,C,Human,8,235.0
IL,1994,D,Human,1,110.0
IL,1995,A,Human,7,0.9
IL,1995,B,Human,21,69.8
IL,1995,C,Human,17,575.5
IL,1995,D,Human,2,347.0
IL,1996,A,Human,3,0.4
IL,1996,B,Human,11,26.0
IL,1996,B,Missing data/not specified/undetermined,2,13.0
IL,1996,C,Human,5,110.4
IL,1997,A,Human,5,0.5
IL,1997,B,Human,5,13.2
IL,1998,A,Human,3,0.30000000000000004
IL,1998,B,Human,12,27.4
IL,1998,B,Missing data/not specified/undetermined,1,1.0
IL,1998,C,Human,6,136.6
IL,1999,A,Human,20,2.1
IL,1999,B,Human,23,56.3
IL,1999,C,Human,9,188.8
IL,1999,D,Human,1,250.0
IL,2000,A,Human,3,0.30000000000000004
IL,2000,B,Human,8,16.9
IL,2000,C,Human,16,460.0
IL,2000,C,Natural,1,14.0
IL,2000,D,Human,1,106.0
IL,2001,A,Human,8,0.8
IL,2001,A,Missing data/not specified/undetermined,2,0.30000000000000004
IL,2001,A,Natural,3,0.30000000000000004
IL,2001,B,Human,14,40.2
IL,2001,B,Missing data/not specified/undetermined,2,2.5
IL,2001,C,Human,15,468.0
IL,2001,C,Natural,1,19.0
IL,2002,A,Human,11,1.3
IL,2002,A,Missing data/not specified/undetermined,5,0.6000000000000001
IL,2002,B,Human,22,52.9
IL,2002,B,Missing data/not specified/undetermined,2,2.0
IL,2002,C,Human,3,44.0
IL,2003,A,Human,5,0.45
IL,2003,A,Missing data/not specified/undetermined,4,0.4
IL,2003,B,Human,20,46.8
IL,2003,B,Missing data/not specified/undetermined,8,17.3
IL,2003,C,Human,6,200.0
IL,2003,C,Missing data/not specified/undetermined,2,50.0
IL,2003,D,Human,1,232.0
IL,2003,E,Missing data/not specified/undetermined,1,450.0
IL,2003,E,Natural,1,600.0
IL,2004,A,Human,10,1.76
IL,2004,A,Missing data/not specified/undetermined,5,0.5
IL,2004,A,Natural,1,0.1
IL,2004,B,Human,35,74.05
IL,2004,B,Missing data/not specified/undetermined,19,30.6
IL,2004,C,Human,14,390.6
IL,2004,C,Missing data/not specified/undetermined,1,28.0
IL,2004,D,Human,3,350.0
IL,2005,A,Human,9,1.1500000000000001
IL,2005,A,Missing data/not specified/undetermined,11,1.2000000000000002
IL,2005,A,Natural,1,0.1
IL,2005,B,Human,16,28.3
IL,2005,B,Missing data/not specified/undetermined,12,10.8
IL,2005,C,Human,7,283.0
IL,2005,C,Missing data/not specified/undetermined,3,156.0
IL,2005,D,Human,2,275.0
IL,2005,D,Natural,1,225.0
IL,2006,A,Human,12,1.35
IL,2006,A,Missing data/not specified/undetermined,3,0.45
IL,2006,A,Natural,1,0.1
IL,2006,B,Human,9,35.8
IL,2006,B,Missing data/not specified/undetermined,5,19.5
IL,2006,C,Human,2,75.0
IL,2006,C,Missing data/not specified/undetermined,1,12.0
IL,2006,D,Human,1,129.0
IL,2007,A,Human,11,1.3900000000000001
IL,2007,A,Missing data/not specified/undetermined,4,0.85
IL,2007,A,Natural,1,0.1
IL,2007,B,Human,28,88.26
IL,2007,B,Missing data/not specified/undetermined,38,104.0
IL,2007,B,Natural,1,2.0
IL,2007,C,Human,10,264.0
IL,2007,C,Missing data/not specified/undetermined,4,45.0
IL,2007,D,Human,1,100.3
IL,2007,D,Missing data/not specified/undetermined,1,225.0
IL,2008,A,Human,64,7.69
IL,2008,A,Missing data/not specified/undetermined,1,0.1
IL,2008,A,Natural,2,0.2
IL,2008,B,Human,109,188.9
IL,2008,B,Missing data/not specified/undetermined,1,1.0
IL,2008,C,Human,18,467.0
IL,2008,C,Natural,1,75.0
IL,2008,D,Human,1,200.0
IL,2009,A,Human,104,13.700000000000001
IL,2009,A,Missing data/not specified/undetermined,1,0.2
IL,2009,A,Natural,2,0.2
IL,2009,B,Human,192,450.0
IL,2009,B,Natural,2,4.0
IL,2009,C,Human,39,1070.3
IL,2009,C,Missing data/not specified/undetermined,1,40.0
IL,2009,D,Human,5,685.0
IL,2009,F,Human,1,1000.0
IL,2010,A,Human,162,23.080000000000002
IL,2010,A,Missing data/not specified/undetermined,3,0.30000000000000004
IL,2010,A,Natural,3,0.2
IL,2010,B,Human,220,465.17
IL,2010,B,Missing data/not specified/undetermined,7,11.5
IL,2010,B,Natural,1,5.0
IL,2010,C,Human,51,1431.3
IL,2010,C,Missing data/not specified/undetermined,2,63.0
IL,2010,D,Human,2,200.0
IL,2010,E,Human,1,409.0
IL,2011,A,Human,35,4.13
IL,2011,A,Natural,2,0.2
IL,2011,B,Human,76,166.2
IL,2011,C,Human,22,578.0
IL,2011,F,Human,1,1475.0
IL,2012,A,Human,42,5.05
IL,2012,A,Missing data/not specified/undetermined,3,0.4
IL,2012,A,Natural,1,0.1
IL,2012,B,Human,96,183.2
IL,2012,B,Missing data/not specified/undetermined,4,3.7
IL,2012,B,Natural,3,3.7
IL,2012,C,Human,14,357.0
IL,2012,C,Natural,1,18.0
IL,2012,D,Human,2,410.0
IL,2012,E,Human,1,375.0
IL,2013,A,Human,28,3.6100000000000003
IL,2013,A,Natural,1,0.25
IL,2013,B,Human,113,257.16
IL,2013,B,Missing data/not specified/undetermined,2,6.1
IL,2013,B,Natural,3,7.5
IL,2013,C,Human,21,471.0
IL,2013,D,Human,1,100.0
IL,2014,A,Human,28,4.265
IL,2014,A,Natural,1,0.1
IL,2014,B,Human,148,294.2
IL,2014,B,Natural,1,1.0
IL,2014,C,Human,46,1517.5
IL,2014,D,Human,3,605.0
IL,2015,A,Human,11,1.44
IL,2015,B,Human,66,170.36
IL,2015,C,Human,13,238.0
IL,2015,D,Human,2,405.0
IL,2015,E,Human,1,750.0
IL,2016,A,Human,17,1.76
IL,2016,B,Human,29,38.85
IL,2016,C,Human,9,203.7
IL,2016,C,Natural,1,67.0
IL,2017,A,Human,12,1.6500000000000001
IL,2017,B,Human,119,183.66
IL,2017,C,Human,12,293.7
IL,2017,C,Natural,1,60.0
IL,2018,A,Human,40,9.01
IL,2018,B,Human,117,185.31
IL,2018,C,Human,17,478.36
IL,2018,D,Human,1,200.0
IL,2019,A,Human,11,1.3
IL,2019,A,Missing data/not specified/undetermined,2,0.2
IL,2019,B,Human,58,90.87
IL,2019,C,Human,12,280.09000000000003
IL,2020,A,Human,25,3.7
IL,2020,A,Missing data/not specified/undetermined,2,0.2
IL,2020,A,Natural,1,0.1
IL,2020,B,Human,68,123.44
IL,2020,B,Missing data/not specified/undetermined,3,9.02
IL,2020,B,Natural,1,1.0
IL,2020,C,Human,21,519.0
IL,2020,C,Missing data/not specified/undetermined,1,14.0
IL,2020,D,Human,3,464.0
IN,1992,A,Human,52,6.0
IN,1992,B,Human,36,80.7
IN,1992,C,Human,7,160.60000000000002
IN,1993,A,Human,36,3.8000000000000003
IN,1993,B,Human,15,29.4
IN,1993,C,Human,4,89.5
IN,1993,E,Human,1,341.6
IN,1994,A,Human,52,6.2
IN,1994,A,Natural,2,0.2
IN,1994,B,Human,25,47.4
IN,1994,C,Human,4,142.1
IN,1994,D,Human,2,382.0
IN,1995,A,Human,54,6.800000000000001
IN,1995,B,Human,34,94.1
IN,1995,C,Human,11,362.5
IN,1995,D,Human,2,418.0
IN,1996,A,Human,56,6.1000000000000005
IN,1996,A,Natural,1,0.1
IN,1996,B,Human,20,34.5
IN,1996,C,Human,10,210.2
IN,1996,D,Human,1,244.1
IN,1997,A,Human,27,3.2
IN,1997,A,Natural,1,0.1
IN,1997,B,Human,5,7.0
IN,1997,C,Human,3,72.7
IN,1998,A,Human,29,3.3000000000000003
IN,1998,A,Natural,2,0.2
IN,1998,B,Human,22,44.0
IN,1998,C,Human,4,127.5
IN,1999,A,Human,72,7.9
IN,1999,A,Missing data/not specified/undetermined,1,0.1
IN,1999,A,Natural,1,0.2
IN,1999,B,Human,60,112.5
IN,1999,C,Human,16,486.5
IN,1999,D,Human,1,157.0
IN,2000,A,Human,23,2.5
IN,2000,B,Human,56,118.2
IN,2000,C,Human,11,363.4
IN,2000,D,Human,2,223.8
IN,2001,A,Human,34,4.800000000000001
IN,2001,A,Missing data/not specified/undetermined,1,0.1
IN,2001,A,Natural,2,0.30000000000000004
IN,2001,B,Human,80,202.4
IN,2001,B,Missing data/not specified/undetermined,2,3.0
IN,2001,C,Human,18,562.0
IN,2001,C,Missing data/not specified/undetermined,1,25.0
IN,2001,D,Human,2,370.0
IN,2002,A,Human,40,5.7
IN,2002,A,Missing data/not specified/undetermined,5,0.5
IN,2002,A,Natural,2,0.2
IN,2002,B,Human,57,106.2
IN,2002,B,Missing data/not specified/undetermined,9,13.0
IN,2002,C,Human,8,229.6
IN,2002,C,Missing data/not specified/undetermined,1,15.0
IN,2002,E,Human,1,396.0
IN,2003,A,Human,46,5.5
IN,2003,A,Missing data/not specified/undetermined,10,1.1
IN,2003,A,Natural,1,0.1
IN,2003,B,Human,67,144.6
IN,2003,B,Missing data/not specified/undetermined,16,25.3
IN,2003,B,Natural,1,1.0
IN,2003,C,Human,6,139.1
IN,2003,C,Missing data/not specified/undetermined,2,35.0
IN,2003,D,Human,3,522.3
IN,2003,D,Missing data/not specified/undetermined,2,250.0
IN,2003,E,Human,1,300.0
IN,2004,A,Human,61,6.95
IN,2004,A,Missing data/not specified/undetermined,12,1.2000000000000002
IN,2004,A,Natural,1,0.1
IN,2004,B,Human,95,174.66
IN,2004,B,Missing data/not specified/undetermined,12,21.8
IN,2004,B,Natural,1,1.0
IN,2004,C,Human,10,226.0
IN,2004,E,Human,1,354.0
IN,2005,A,Human,64,7.5
IN,2005,A,Missing data/not specified/undetermined,14,1.4000000000000001
IN,2005,A,Natural,6,0.7000000000000001
IN,2005,B,Human,62,117.3
IN,2005,B,Missing data/not specified/undetermined,10,25.5
IN,2005,B,Natural,3,3.1
IN,2005,C,Human,9,206.3
IN,2005,C,Missing data/not specified/undetermined,1,40.0
IN,2005,C,Natural,3,62.7
IN,2005,D,Natural,1,111.0
IN,2006,A,Human,39,4.4
IN,2006,A,Missing data/not specified/undetermined,6,0.6000000000000001
IN,2006,B,Human,27,40.05
IN,2006,B,Missing data/not specified/undetermined,7,7.0
IN,2006,C,Human,3,64.3
IN,2006,C,Missing data/not specified/undetermined,1,50.0
IN,2006,D,Human,1,100.0
IN,2006,E,Human,1,356.0
IN,2006,E,Missing data/not specified/undetermined,1,365.0
IN,2007,A,Human,32,3.4000000000000004
IN,2007,A,Missing data/not specified/undetermined,9,1.0
IN,2007,A,Natural,4,0.4
IN,2007,B,Human,58,83.6
IN,2007,B,Missing data/not specified/undetermined,11,13.6
IN,2007,B,Natural,2,3.5
IN,2007,C,Human,7,123.51
IN,2007,C,Missing data/not specified/undetermined,1,10.0
IN,2007,D,Human,2,321.0
IN,2007,F,Missing data/not specified/undetermined,1,1549.0
IN,2008,A,Human,19,2.2
IN,2008,A,Missing data/not specified/undetermined,4,0.4
IN,2008,A,Natural,1,0.1
IN,2008,B,Human,34,48.0
IN,2008,B,Missing data/not specified/undetermined,4,4.5
IN,2008,B,Natural,3,2.3
IN,2008,C,Human,1,55.9
IN,2008,C,Missing data/not specified/undetermined,1,30.0
IN,2009,A,Human,12,1.5
IN,2009,A,Natural,4,0.4
IN,2009,B,Human,27,47.2
IN,2009,C,Human,2,60.0
IN,2010,A,Human,34,4.3
IN,2010,B,Human,29,62.1
IN,2010,C,Human,6,113.7
IN,2010,C,Missing data/not specified/undetermined,2,70.0
IN,2010,E,Human,2,1320.0
IN,2011,A,Human,8,1.0
IN,2011,A,Natural,1,0.1
IN,2011,B,Human,11,43.4
IN,2011,C,Human,3,115.0
IN,2011,D,Human,2,380.0
IN,2011,D,Missing data/not specified/undetermined,1,160.0
IN,2012,A,Human,15,2.35
IN,2012,A,Natural,3,0.45
IN,2012,B,Human,19,47.9
IN,2012,B,Natural,2,2.0
IN,2012,C,Human,15,265.5
IN,2012,C,Missing data/not specified/undetermined,1,15.0
IN,2012,D,Human,1,291.0
IN,2012,E,Missing data/not specified/undetermined,1,418.0
IN,2013,A,Human,7,0.7000000000000001
IN,2013,A,Natural,1,0.1
IN,2013,B,Human,10,23.9
IN,2013,B,Natural,1,0.5
IN,2013,E,Human,1,716.0
IN,2014,A,Human,8,0.8
IN,2014,B,Human,23,60.24
IN,2014,B,Natural,2,5.4799999999999995
IN,2014,C,Human,3,65.7
IN,2015,A,Human,3,0.4
IN,2015,B,Human,5,14.899999999999999
IN,2015,B,Missing data/not specified/undetermined,1,0.6
IN,2015,C,Human,4,171.9
IN,2015,D,Human,3,486.0
IN,2016,A,Human,9,1.27
IN,2016,A,Natural,1,0.1
IN,2016,B,Human,17,40.63
IN,2016,B,Missing data/not specified/undetermined,1,1.0
IN,2016,B,Natural,1,6.0
IN,2016,C,Human,7,183.0
IN,2016,C,Natural,2,107.0
IN,2016,D,Human,2,312.8
IN,2017,A,Human,12,1.3
IN,2017,A,Natural,1,0.1
IN,2017,B,Human,18,42.43
IN,2017,B,Natural,1,0.3
IN,2017,C,Human,8,366.1
IN,2018,A,Human,8,1.05
IN,2018,A,Natural,1,0.1
IN,2018,B,Human,14,26.7
IN,2018,B,Missing data/not specified/undetermined,1,1.0
IN,2018,C,Human,4,203.0
IN,2019,A,Human,14,1.75
IN,2019,A,Natural,1,0.1
IN,2019,B,Human,17,28.0
IN,2019,B,Missing data/not specified/undetermined,2,0.8
IN,2019,C,Human,3,77.7
IN,2019,D,Human,2,490.0
IN,2020,A,Human,10,1.1500000000000001
IN,2020,A,Missing data/not specified/undetermined,1,0.1
IN,2020,B,Human,16,46.1
IN,2020,B,Missing data/not specified/undetermined,1,3.65
IN,2020,C,Human,3,129.0
IN,2020,D,Human,1,182.0
KS,1992,A,Human,3,0.4
KS,1992,B,Human,6,32.7
KS,1992,B,Natural,3,6.5
KS,1992,C,Human,3,72.0
KS,1992,D,Human,1,140.0
KS,1993,A,Human,2,0.30000000000000004
KS,1993,B,Human,2,9.0
KS,1993,B,Missing data/not specified/undetermined,1,2.0
KS,1993,C,Human,8,198.0
KS,1993,F,Missing data/not specified/undetermined,1,1600.0
KS,1994,A,Natural,3,0.5
KS,1994,B,Human,8,16.2
KS,1994,B,Natural,8,10.9
KS,1994,C,Human,14,402.5
KS,1994,C,Missing data/not specified/undetermined,1,30.0
KS,1994,D,Natural,1,120.0
KS,1994,E,Human,1,800.0
KS,1994,F,Human,1,4960.0
KS,1994,F,Missing data/not specified/undetermined,4,8000.0
KS,1994,G,Missing data/not specified/undetermined,6,70120.0
KS,1995,A,Human,6,0.9
KS,1995,B,Human,8,20.8
KS,1995,B,Natural,8,11.2
KS,1995,C,Natural,3,130.0
KS,1995,D,Human,1,175.0
KS,1995,E,Missing data/not specified/undetermined,1,800.0
KS,1995,F,Missing data/not specified/undetermined,3,3400.0
KS,1996,A,Human,1,0.1
KS,1996,A,Natural,1,0.1
KS,1996,B,Human,4,2.8
KS,1996,B,Natural,3,3.3
KS,1996,C,Human,6,249.0
KS,1996,D,Human,2,320.1
KS,1996,E,Human,1,340.0
KS,1996,F,Human,1,1267.0
KS,1996,F,Missing data/not specified/undetermined,3,7788.0
KS,1996,G,Human,1,6000.0
KS,1996,G,Missing data/not specified/undetermined,7,131600.0
KS,1997,A,Human,3,0.30000000000000004
KS,1997,A,Natural,2,0.2
KS,1997,B,Human,7,16.3
KS,1997,B,Natural,2,5.0
KS,1997,C,Human,3,177.0
KS,1997,C,Missing data/not specified/undetermined,1,53.6
KS,1997,C,Natural,1,20.0
KS,1997,D,Human,1,138.0
KS,1997,G,Missing data/not specified/undetermined,2,11000.0
KS,1998,A,Human,2,0.2
KS,1998,A,Natural,3,0.4
KS,1998,B,Human,5,16.8
KS,1998,C,Human,11,597.6
KS,1998,C,Missing data/not specified/undetermined,2,27.0
KS,1998,C,Natural,1,50.0
KS,1998,D,Human,2,315.1
KS,1998,D,Missing data/not specified/undetermined,1,115.0
KS,1998,D,Natural,1,100.0
KS,1998,E,Missing data/not specified/undetermined,1,850.0
KS,1998,E,Natural,1,515.0
KS,1998,F,Natural,1,2620.0
KS,1999,A,Human,3,0.30000000000000004
KS,1999,A,Natural,1,0.1
KS,1999,B,Human,7,13.9
KS,1999,B,Natural,3,3.8
KS,1999,C,Human,10,526.2
KS,1999,C,Missing data/not specified/undetermined,1,55.4
KS,1999,D,Human,7,1184.6
KS,1999,E,Human,2,1247.3
KS,1999,F,Human,1,1500.0
KS,1999,F,Missing data/not specified/undetermined,1,2000.0
KS,2000,A,Human,2,0.2
KS,2000,A,Natural,4,0.4
KS,2000,B,Human,11,34.0
KS,2000,B,Missing data/not specified/undetermined,2,7.5
KS,2000,C,Human,17,572.6
KS,2000,C,Natural,1,25.0
KS,2000,D,Human,3,541.8
KS,2000,E,Human,5,2338.3
KS,2000,F,Missing data/not specified/undetermined,3,5700.0
KS,2001,A,Human,7,0.9
KS,2001,A,Missing data/not specified/undetermined,2,0.2
KS,2001,B,Human,24,55.8
KS,2001,B,Missing data/not specified/undetermined,3,12.8
KS,2001,B,Natural,2,6.0
KS,2001,C,Human,20,622.6
KS,2001,C,Missing data/not specified/undetermined,1,10.0
KS,2001,D,Human,7,1090.0
KS,2001,D,Missing data/not specified/undetermined,1,145.0
KS,2001,E,Human,2,719.0
KS,2002,A,Human,19,2.0
KS,2002,A,Missing data/not specified/undetermined,4,0.5
KS,2002,A,Natural,2,0.2
KS,2002,B,Human,37,66.3
KS,2002,B,Missing data/not specified/undetermined,4,8.0
KS,2002,B,Natural,4,14.0
KS,2002,C,Human,29,1049.0
KS,2002,C,Missing data/not specified/undetermined,5,196.0
KS,2002,C,Natural,6,233.0
KS,2002,D,Human,5,615.0
KS,2002,D,Missing data/not specified/undetermined,4,785.0
KS,2002,E,Human,1,500.0
KS,2002,E,Missing data/not specified/undetermined,1,375.0
KS,2002,F,Missing data/not specified/undetermined,3,8200.0
KS,2002,G,Missing data/not specified/undetermined,4,53500.0
KS,2003,A,Human,17,1.8
KS,2003,A,Missing data/not specified/undetermined,9,1.2000000000000002
KS,2003,A,Natural,4,0.4
KS,2003,B,Human,33,64.4
KS,2003,B,Missing data/not specified/undetermined,9,21.0
KS,2003,B,Natural,2,5.5
KS,2003,C,Human,22,917.3
KS,2003,C,Missing data/not specified/undetermined,1,15.0
KS,2003,C,Natural,3,48.0
KS,2003,D,Human,5,758.0
KS,2003,D,Missing data/not specified/undetermined,2,323.0
KS,2003,D,Natural,2,200.0
KS,2003,E,Human,2,678.6
KS,2003,F,Missing data/not specified/undetermined,2,5000.0
KS,2004,A,Human,16,1.9000000000000001
KS,2004,A,Missing data/not specified/undetermined,6,0.7000000000000001
KS,2004,A,Natural,1,0.1
KS,2004,B,Human,28,60.5
KS,2004,B,Missing data/not specified/undetermined,6,14.5
KS,2004,B,Natural,1,2.0
KS,2004,C,Human,14,322.0
KS,2004,C,Missing data/not specified/undetermined,1,10.0
KS,2004,D,Human,2,268.0
KS,2004,F,Human,1,1500.0
KS,2004,F,Missing data/not specified/undetermined,1,1000.0
KS,2004,G,Human,1,7000.0
KS,2005,A,Human,27,2.8000000000000003
KS,2005,A,Missing data/not specified/undetermined,6,0.6000000000000001
KS,2005,A,Natural,2,0.2
KS,2005,B,Human,52,89.4
KS,2005,B,Missing data/not specified/undetermined,15,22.5
KS,2005,B,Natural,2,1.5
KS,2005,C,Human,44,1475.5
KS,2005,C,Missing data/not specified/undetermined,3,70.0
KS,2005,D,Human,11,1803.0
KS,2005,E,Human,7,4157.0
KS,2005,F,Human,5,7300.0
KS,2005,G,Human,1,8000.0
KS,2006,A,Human,57,5.800000000000001
KS,2006,A,Missing data/not specified/undetermined,21,2.1
KS,2006,A,Natural,4,0.4
KS,2006,B,Human,126,249.7
KS,2006,B,Missing data/not specified/undetermined,32,57.8
KS,2006,B,Natural,6,18.0
KS,2006,C,Human,46,1395.4
KS,2006,C,Missing data/not specified/undetermined,10,335.2
KS,2006,C,Natural,1,56.0
KS,2006,D,Human,16,2621.0
KS,2006,E,Human,12,7362.0
KS,2006,F,Human,8,18660.0
KS,2006,F,Missing data/not specified/undetermined,3,5807.0
KS,2006,F,Natural,2,2500.0
KS,2006,G,Human,3,26800.0
KS,2006,G,Missing data/not specified/undetermined,2,14800.0
KS,2007,A,Human,32,3.41
KS,2007,A,Missing data/not specified/undetermined,22,2.4000000000000004
KS,2007,A,Natural,2,0.2
KS,2007,B,Human,58,89.3
KS,2007,B,Missing data/not specified/undetermined,20,25.1
KS,2007,B,Natural,3,3.0
KS,2007,C,Human,32,805.8
KS,2007,C,Missing data/not specified/undetermined,6,138.0
KS,2007,C,Natural,4,64.0
KS,2007,D,Human,5,841.5
KS,2007,D,Missing data/not specified/undetermined,2,432.0
KS,2007,E,Human,4,2200.0
KS,2007,F,Human,4,6132.0
KS,2007,F,Missing data/not specified/undetermined,1,1000.0
KS,2007,G,Human,1,5000.0
KS,2008,A,Human,19,2.1
KS,2008,A,Missing data/not specified/undetermined,1,0.1
KS,2008,B,Human,28,39.0
KS,2008,B,Missing data/not specified/undetermined,2,3.0
KS,2008,B,Natural,3,11.5
KS,2008,C,Human,12,583.5
KS,2008,C,Missing data/not specified/undetermined,5,159.0
KS,2008,C,Natural,2,20.0
KS,2008,D,Human,6,942.0
KS,2008,E,Human,4,1850.0
KS,2008,F,Human,8,15588.0
KS,2008,F,Missing data/not specified/undetermined,1,4250.0
KS,2008,G,Human,4,58300.0
KS,2009,A,Natural,2,0.2
KS,2009,B,Human,10,29.2
KS,2009,B,Missing data/not specified/undetermined,4,18.5
KS,2009,C,Human,14,696.0
KS,2009,C,Missing data/not specified/undetermined,2,25.3
KS,2009,D,Human,7,1598.0
KS,2009,D,Missing data/not specified/undetermined,2,277.0
KS,2009,E,Human,18,9210.0
KS,2009,E,Missing data/not specified/undetermined,2,888.0
KS,2009,F,Human,9,20873.0
KS,2009,G,Human,1,5350.0
KS,2010,A,Human,3,0.21000000000000002
KS,2010,B,Human,4,8.6
KS,2010,B,Missing data/not specified/undetermined,1,2.0
KS,2010,B,Natural,1,1.0
KS,2010,C,Human,1,15.0
KS,2010,C,Missing data/not specified/undetermined,3,110.0
KS,2010,D,Human,3,584.0
KS,2010,D,Missing data/not specified/undetermined,3,576.0
KS,2010,E,Human,15,8293.0
KS,2010,E,Missing data/not specified/undetermined,1,775.0
KS,2010,F,Human,2,5640.0
KS,2010,F,Missing data/not specified/undetermined,2,4914.0
KS,2010,F,Natural,1,4190.0
KS,2011,A,Human,6,0.51
KS,2011,A,Natural,2,0.2
KS,2011,B,Human,8,39.0
KS,2011,B,Natural,2,9.5
KS,2011,C,Human,8,269.9
KS,2011,C,Missing data/not specified/undetermined,7,358.0
KS,2011,D,Human,5,1016.0
KS,2011,D,Missing data/not specified/undetermined,3,701.0
KS,2011,E,Human,3,1415.0
KS,2011,E,Missing data/not specified/undetermined,1,475.0
KS,2011,F,Human,8,14446.0
KS,2011,F,Missing data/not specified/undetermined,2,3458.0
KS,2011,F,Natural,1,1400.0
KS,2011,G,Human,3,62482.0
KS,2011,G,Missing data/not specified/undetermined,2,14600.0
KS,2012,A,Human,3,0.30000000000000004
KS,2012,A,Missing data/not specified/undetermined,3,0.4
KS,2012,A,Natural,5,0.63
KS,2012,B,Human,9,26.8
KS,2012,B,Missing data/not specified/undetermined,1,5.0
KS,2012,C,Human,9,217.0
KS,2012,C,Missing data/not specified/undetermined,8,380.0
KS,2012,C,Natural,1,67.0
KS,2012,D,Human,5,674.0
KS,2012,D,Missing data/not specified/undetermined,1,203.0
KS,2012,E,Human,7,3647.0
KS,2012,E,Missing data/not specified/undetermined,3,2586.0
KS,2012,E,Natural,1,425.0
KS,2012,F,Human,9,13340.0
KS,2012,F,Missing data/not specified/undetermined,4,9680.0
KS,2012,F,Natural,1,3800.0
KS,2012,G,Human,2,14278.0
KS,2012,G,Missing data/not specified/undetermined,1,8000.0
KS,2013,A,Human,2,0.2
KS,2013,A,Missing data/not specified/undetermined,1,0.1
KS,2013,A,Natural,2,0.2
KS,2013,B,Human,1,1.5
KS,2013,B,Natural,1,6.0
KS,2013,C,Human,2,53.0
KS,2013,C,Missing data/not specified/undetermined,3,140.0
KS,2013,D,Natural,1,166.0
KS,2013,G,Human,1,6500.0
KS,2014,A,Human,5,0.5
KS,2014,A,Natural,1,0.1
KS,2014,B,Human,9,27.8
KS,2014,C,Human,8,316.4
KS,2014,C,Missing data/not specified/undetermined,1,43.0
KS,2014,D,Human,5,737.0
KS,2014,D,Missing data/not specified/undetermined,1,116.0
KS,2014,E,Human,13,6350.0
KS,2014,E,Missing data/not specified/undetermined,2,840.0
KS,2014,F,Human,13,24995.0
KS,2014,F,Missing data/not specified/undetermined,1,3100.0
KS,2015,A,Human,2572,61.291000000000004
KS,2015,A,Natural,37,0.6900000000000001
KS,2015,B,Human,1972,5026.88
KS,2015,B,Natural,28,67.0
KS,2015,C,Human,1079,30713.62
KS,2015,C,Natural,9,290.0
KS,2015,D,Human,124,18473.8
KS,2015,D,Natural,2,380.0
KS,2015,E,Human,42,17028.2
KS,2015,E,Natural,2,750.0
KS,2015,F,Human,15,37766.0
KS,2015,F,Missing data/not specified/undetermined,1,1024.0
KS,2015,G,Human,2,12689.0
KS,2016,A,Human,846,50.54
KS,2016,A,Natural,7,0.7000000000000001
KS,2016,B,Human,575,1395.04
KS,2016,B,Natural,2,4.0
KS,2016,C,Human,267,7159.78
KS,2016,C,Natural,1,25.0
KS,2016,D,Human,39,5909.8
KS,2016,E,Human,25,12230.4
KS,2016,F,Human,14,23615.0
KS,2016,F,Missing data/not specified/undetermined,1,1747.0
KS,2016,G,Human,4,49650.0
KS,2017,A,Human,2063,216.9
KS,2017,A,Missing data/not specified/undetermined,1,0.1
KS,2017,A,Natural,36,3.6
KS,2017,B,Human,1131,2766.12
KS,2017,B,Natural,22,46.5
KS,2017,C,Human,583,16110.3
KS,2017,C,Natural,12,314.0
KS,2017,D,Human,66,10029.5
KS,2017,D,Missing data/not specified/undetermined,1,111.0
KS,2017,D,Natural,3,320.0
KS,2017,E,Human,32,15007.0
KS,2017,F,Human,23,46487.0
KS,2017,F,Missing data/not specified/undetermined,1,1200.0
KS,2017,G,Human,5,100500.0
KS,2018,A,Human,2131,219.69
KS,2018,A,Natural,35,3.6
KS,2018,B,Human,1197,2951.26
KS,2018,B,Natural,20,34.83
KS,2018,C,Human,513,14411.2
KS,2018,C,Natural,7,130.0
KS,2018,D,Human,80,11991.4
KS,2018,E,Human,34,16663.0
KS,2018,E,Missing data/not specified/undetermined,1,667.0
KS,2018,F,Human,13,24888.0
KS,2018,F,Natural,1,1508.0
KS,2018,G,Human,1,8000.0
KS,2019,A,Human,24,1.9000000000000001
KS,2019,A,Natural,1,0.01
KS,2019,B,Human,66,124.05
KS,2019,C,Human,19,441.0
KS,2019,D,Human,3,494.0
KS,2019,E,Human,5,2390.0
KS,2019,F,Human,4,8120.0
KS,2019,G,Human,1,6000.0
KS,2020,A,Human,90,8.481
KS,2020,A,Missing data/not specified/undetermined,3,0.4
KS,2020,A,Natural,5,0.41000000000000003
KS,2020,B,Human,518,1220.65
KS,2020,B,Missing data/not specified/undetermined,12,13.5
KS,2020,B,Natural,25,56.5
KS,2020,C,Human,248,7155.5
KS,2020,C,Missing data/not specified/undetermined,6,170.0
KS,2020,C,Natural,6,136.0
KS,2020,D,Human,34,5302.0
KS,2020,D,Natural,1,135.0
KS,2020,E,Human,21,11235.0
KS,2020,E,Natural,1,300.0
KS,2020,F,Human,6,16945.0
KS,2020,G,Human,2,11000.0
KY,1992,A,Human,8,1.0
KY,1992,B,Human,23,71.5
KY,1992,B,Natural,1,6.0
KY,1992,C,Human,17,526.0
KY,1993,A,Human,14,1.8
KY,1993,B,Human,36,106.8
KY,1993,B,Natural,2,5.0
KY,1993,C,Human,29,729.5
KY,1994,A,Human,27,4.0
KY,1994,B,Human,71,201.4
KY,1994,C,Human,71,2380.2
KY,1994,D,Human,7,1175.0
KY,1994,E,Human,2,900.0
KY,1995,A,Human,28,3.5
KY,1995,B,Human,87,231.0
KY,1995,B,Natural,1,1.0
KY,1995,C,Human,53,1858.1
KY,1995,C,Natural,2,105.0
KY,1995,D,Human,6,795.0
KY,1995,E,Human,2,960.0
KY,1995,F,Human,1,1910.0
KY,1996,A,Human,9,1.1
KY,1996,B,Human,38,91.3
KY,1996,B,Natural,1,0.5
KY,1996,C,Human,20,449.9
KY,1996,D,Human,4,575.0
KY,1997,A,Human,4,0.5
KY,1997,B,Human,429,1213.2
KY,1997,B,Natural,2,7.0
KY,1997,C,Human,214,6809.0
KY,1997,D,Human,26,3583.0
KY,1998,A,Human,29,3.1
KY,1998,B,Human,553,1609.2
KY,1998,B,Natural,1,1.0
KY,1998,C,Human,305,9126.0
KY,1998,C,Natural,2,115.0
KY,1998,D,Human,55,8672.0
KY,1998,D,Natural,1,202.0
KY,1998,E,Human,10,4153.0
KY,1998,F,Human,1,1085.0
KY,1999,A,Human,29,3.3000000000000003
KY,1999,B,Human,982,2889.5
KY,1999,B,Natural,7,20.0
KY,1999,C,Human,606,19682.7
KY,1999,C,Natural,9,312.0
KY,1999,D,Human,158,23592.0
KY,1999,D,Natural,2,362.0
KY,1999,E,Human,63,27591.3
KY,1999,F,Human,22,41181.0
KY,1999,G,Human,1,10000.0
KY,2000,A,Human,50,6.4
KY,2000,A,Natural,1,0.2
KY,2000,B,Human,729,2160.6
KY,2000,B,Natural,6,15.5
KY,2000,C,Human,562,18553.4
KY,2000,C,Natural,2,75.0
KY,2000,D,Human,142,22143.0
KY,2000,D,Natural,1,133.0
KY,2000,E,Human,65,32478.0
KY,2000,E,Natural,2,1003.5
KY,2000,F,Human,27,59652.0
KY,2001,A,Human,78,10.100000000000001
KY,2001,A,Natural,1,0.1
KY,2001,B,Human,939,2784.1
KY,2001,B,Natural,6,13.5
KY,2001,C,Human,701,23412.5
KY,2001,D,Human,207,32993.0
KY,2001,E,Human,88,44003.1
KY,2001,F,Human,40,64463.0
KY,2001,G,Human,1,7500.0
KY,2002,A,Human,13,1.7000000000000002
KY,2002,B,Human,651,1651.2
KY,2002,B,Natural,4,7.5
KY,2002,C,Human,317,9699.0
KY,2002,D,Human,52,7633.0
KY,2002,E,Human,11,5655.0
KY,2002,F,Human,1,1200.0
KY,2003,A,Human,9,1.1
KY,2003,A,Missing data/not specified/undetermined,55,7.1000000000000005
KY,2003,B,Human,14,57.5
KY,2003,B,Missing data/not specified/undetermined,527,1389.0
KY,2003,C,Human,11,177.0
KY,2003,C,Missing data/not specified/undetermined,293,9056.1
KY,2003,D,Missing data/not specified/undetermined,39,6325.0
KY,2003,E,Missing data/not specified/undetermined,8,2836.0
KY,2004,A,Human,10,1.1500000000000001
KY,2004,A,Missing data/not specified/undetermined,85,11.600000000000001
KY,2004,B,Human,29,75.2
KY,2004,B,Missing data/not specified/undetermined,716,1912.1
KY,2004,B,Natural,1,6.0
KY,2004,C,Human,18,777.0
KY,2004,C,Missing data/not specified/undetermined,337,10583.5
KY,2004,D,Human,3,399.0
KY,2004,D,Missing data/not specified/undetermined,30,4722.0
KY,2004,E,Missing data/not specified/undetermined,8,3175.0
KY,2004,F,Missing data/not specified/undetermined,1,1050.0
KY,2005,A,Human,13,2.45
KY,2005,A,Missing data/not specified/undetermined,135,17.985
KY,2005,B,Human,39,112.8
KY,2005,B,Missing data/not specified/undetermined,931,2485.2
KY,2005,B,Natural,1,1.0
KY,2005,C,Human,25,817.0
KY,2005,C,Missing data/not specified/undetermined,519,17261.5
KY,2005,D,Human,9,1249.0
KY,2005,D,Missing data/not specified/undetermined,59,10420.0
KY,2005,E,Human,1,300.0
KY,2005,E,Missing data/not specified/undetermined,29,12984.0
KY,2005,F,Human,4,7092.0
KY,2005,F,Missing data/not specified/undetermined,2,5200.0
KY,2006,A,Human,10,1.52
KY,2006,A,Missing data/not specified/undetermined,81,10.5
KY,2006,B,Human,42,107.5
KY,2006,B,Missing data/not specified/undetermined,975,2621.7
KY,2006,B,Natural,1,4.0
KY,2006,C,Human,26,962.5
KY,2006,C,Missing data/not specified/undetermined,653,24357.6
KY,2006,C,Natural,2,41.0
KY,2006,D,Human,6,824.0
KY,2006,D,Missing data/not specified/undetermined,63,10618.0
KY,2006,E,Human,7,3406.0
KY,2006,E,Missing data/not specified/undetermined,15,7091.0
KY,2006,F,Human,1,1105.0
KY,2006,F,Missing data/not specified/undetermined,2,2482.0
KY,2007,A,Human,24,3.9
KY,2007,A,Natural,3,0.12000000000000001
KY,2007,B,Human,1242,3201.7
KY,2007,B,Natural,11,26.5
KY,2007,C,Human,659,23389.0
KY,2007,C,Natural,12,483.0
KY,2007,D,Human,95,16727.0
KY,2007,D,Missing data/not specified/undetermined,1,180.0
KY,2007,E,Human,29,14285.0
KY,2007,F,Human,5,7318.0
KY,2008,A,Human,10,1.45
KY,2008,A,Natural,1,0.1
KY,2008,B,Human,946,2689.1
KY,2008,B,Natural,5,17.0
KY,2008,C,Human,520,18372.5
KY,2008,D,Human,64,10277.0
KY,2008,D,Natural,1,160.0
KY,2008,E,Human,16,7398.0
KY,2009,A,Human,9,1.11
KY,2009,B,Human,829,2342.8
KY,2009,B,Natural,1,8.0
KY,2009,C,Human,492,17320.5
KY,2009,C,Natural,1,40.0
KY,2009,D,Human,61,10114.5
KY,2009,E,Human,24,11008.0
KY,2009,F,Human,2,2660.0
KY,2010,A,Human,21,2.15
KY,2010,B,Human,1162,3333.35
KY,2010,B,Natural,3,3.0
KY,2010,C,Human,596,21522.95
KY,2010,D,Human,94,16290.0
KY,2010,E,Human,35,16316.0
KY,2010,F,Human,2,2742.0
KY,2011,A,Human,7,1.0
KY,2011,B,Human,627,1873.83
KY,2011,B,Natural,3,15.16
KY,2011,C,Human,355,12089.24
KY,2011,C,Natural,1,11.0
KY,2011,D,Human,28,5012.0
KY,2011,E,Human,11,4872.0
KY,2012,A,Human,136,16.3
KY,2012,A,Natural,5,0.51
KY,2012,B,Human,669,2028.82
KY,2012,B,Natural,8,20.9
KY,2012,C,Human,373,13525.6
KY,2012,C,Natural,6,136.4
KY,2012,D,Human,48,8276.0
KY,2012,E,Human,17,7084.0
KY,2012,F,Human,1,1542.0
KY,2013,A,Human,23,3.0500000000000003
KY,2013,A,Natural,1,0.1
KY,2013,B,Human,566,1682.67
KY,2013,B,Natural,1,0.5
KY,2013,C,Human,371,13125.7
KY,2013,D,Human,35,5639.0
KY,2013,E,Human,6,2538.0
KY,2013,F,Human,1,1059.0
KY,2014,A,Human,35,5.11
KY,2014,A,Natural,1,0.1
KY,2014,B,Human,750,2383.27
KY,2014,B,Natural,2,2.5
KY,2014,C,Human,570,20807.45
KY,2014,C,Natural,3,171.0
KY,2014,D,Human,65,11126.4
KY,2014,D,Natural,1,200.0
KY,2014,E,Human,20,8391.0
KY,2015,A,Human,19,2.2600000000000002
KY,2015,B,Human,430,1166.24
KY,2015,B,Natural,1,5.3
KY,2015,C,Human,272,9915.22
KY,2015,C,Natural,2,149.0
KY,2015,D,Human,22,3749.0
KY,2015,E,Human,10,4693.0
KY,2016,A,Human,50,7.37
KY,2016,B,Human,612,1755.15
KY,2016,B,Natural,2,5.0
KY,2016,C,Human,467,17340.27
KY,2016,C,Natural,1,35.0
KY,2016,D,Human,79,13878.3
KY,2016,E,Human,37,18144.0
KY,2016,F,Human,11,20802.0
KY,2016,G,Human,1,7400.0
KY,2017,A,Human,25,2.96
KY,2017,B,Human,444,1321.93
KY,2017,C,Human,365,12418.2
KY,2017,C,Natural,1,15.0
KY,2017,D,Human,30,5479.55
KY,2017,D,Natural,1,121.0
KY,2017,E,Human,16,8241.0
KY,2018,A,Human,14,2.0500000000000003
KY,2018,A,Missing data/not specified/undetermined,1,0.1
KY,2018,B,Human,208,612.55
KY,2018,C,Human,141,4377.0
KY,2018,D,Human,7,1042.4
KY,2018,D,Missing data/not specified/undetermined,1,146.0
KY,2018,E,Human,5,2162.0
KY,2019,A,Human,20,2.0300000000000002
KY,2019,B,Human,517,1503.58
KY,2019,B,Natural,3,6.0
KY,2019,C,Human,196,6069.27
KY,2019,C,Natural,1,25.0
KY,2019,D,Human,10,1539.8
KY,2019,D,Natural,1,154.0
KY,2019,E,Human,3,1952.0
KY,2020,A,Human,23,2.95
KY,2020,A,Missing data/not specified/undetermined,3,0.30000000000000004
KY,2020,B,Human,328,925.54
KY,2020,B,Missing data/not specified/undetermined,1,7.0
KY,2020,B,Natural,1,1.0
KY,2020,C,Human,140,5010.8
KY,2020,C,Natural,1,17.0
KY,2020,D,Human,12,2240.1
KY,2020,D,Missing data/not specified/undetermined,1,127.0
KY,2020,D,Natural,1,108.0
KY,2020,E,Human,2,728.0
LA,1992,A,Human,6,0.9
LA,1992,A,Missing data/not specified/undetermined,1,0.1
LA,1992,B,Human,37,104.5
LA,1992,B,Natural,2,6.0
LA,1992,C,Human,24,766.2
LA,1992,C,Natural,2,35.0
LA,1992,D,Human,5,1016.0
LA,1992,D,Missing data/not specified/undetermined,1,250.0
LA,1992,D,Natural,1,100.0
LA,1992,E,Human,2,1463.0
LA,1992,E,Missing data/not specified/undetermined,1,397.4
LA,1992,E,Natural,1,800.0
LA,1992,F,Human,1,2880.0
LA,1992,F,Missing data/not specified/undetermined,1,3500.0
LA,1992,F,Natural,1,2600.0
LA,1992,G,Human,1,11210.0
LA,1993,A,Human,15,2.0
LA,1993,B,Human,59,146.9
LA,1993,B,Missing data/not specified/undetermined,1,2.0
LA,1993,B,Natural,1,2.0
LA,1993,C,Human,37,1140.4
LA,1993,C,Natural,4,77.0
LA,1993,D,Human,1,199.5
LA,1993,D,Missing data/not specified/undetermined,1,150.0
LA,1993,D,Natural,2,350.0
LA,1993,E,Human,1,377.0
LA,1993,E,Natural,3,1620.0
LA,1993,F,Natural,2,4000.0
LA,1994,A,Human,7,1.0
LA,1994,A,Missing data/not specified/undetermined,1,0.1
LA,1994,B,Human,74,153.8
LA,1994,B,Natural,3,10.5
LA,1994,C,Human,21,742.3
LA,1994,C,Natural,2,97.0
LA,1994,D,Human,1,136.0
LA,1994,D,Missing data/not specified/undetermined,1,279.9
LA,1994,F,Human,1,1100.0
LA,1995,A,Human,8,1.2000000000000002
LA,1995,A,Missing data/not specified/undetermined,3,0.30000000000000004
LA,1995,B,Human,68,184.3
LA,1995,B,Missing data/not specified/undetermined,2,9.4
LA,1995,B,Natural,2,8.0
LA,1995,C,Human,44,1545.0
LA,1995,C,Natural,4,99.0
LA,1995,D,Human,2,318.0
LA,1995,D,Missing data/not specified/undetermined,1,160.7
LA,1995,D,Natural,1,200.0
LA,1995,E,Human,2,767.0
LA,1995,F,Missing data/not specified/undetermined,1,1185.0
LA,1995,F,Natural,1,2800.0
LA,1996,A,Human,5,0.7000000000000001
LA,1996,A,Missing data/not specified/undetermined,5,0.7000000000000001
LA,1996,A,Natural,2,0.2
LA,1996,B,Human,61,177.2
LA,1996,B,Missing data/not specified/undetermined,3,12.5
LA,1996,B,Natural,5,15.1
LA,1996,C,Human,49,1412.6
LA,1996,C,Natural,3,165.0
LA,1996,D,Human,16,2930.6
LA,1996,D,Missing data/not specified/undetermined,1,213.0
LA,1996,D,Natural,1,130.0
LA,1996,E,Human,5,2744.5
LA,1996,E,Natural,1,452.0
LA,1997,A,Human,176,17.7
LA,1997,B,Human,870,2486.3
LA,1997,B,Missing data/not specified/undetermined,1,1.0
LA,1997,B,Natural,7,24.5
LA,1997,C,Human,278,6961.5
LA,1997,C,Natural,5,220.0
LA,1997,D,Human,12,2119.0
LA,1997,D,Natural,5,845.0
LA,1997,E,Human,1,520.0
LA,1997,E,Missing data/not specified/undetermined,1,570.0
LA,1997,E,Natural,2,1550.0
LA,1997,F,Human,2,5134.0
LA,1997,F,Natural,1,1200.0
LA,1998,A,Human,234,23.400000000000002
LA,1998,A,Missing data/not specified/undetermined,1,0.1
LA,1998,A,Natural,5,0.5
LA,1998,B,Human,1468,4121.9
LA,1998,B,Natural,6,10.0
LA,1998,C,Human,526,14156.3
LA,1998,C,Natural,4,94.0
LA,1998,D,Human,27,4179.0
LA,1998,E,Human,5,2526.0
LA,1998,E,Natural,3,1940.0
LA,1998,F,Human,3,5075.0
LA,1998,F,Natural,1,2000.0
LA,1999,A,Human,319,31.900000000000002
LA,1999,A,Missing data/not specified/undetermined,1,0.1
LA,1999,A,Natural,1,0.1
LA,1999,B,Human,1847,4970.9
LA,1999,B,Missing data/not specified/undetermined,1,7.0
LA,1999,B,Natural,4,10.0
LA,1999,C,Human,567,13958.0
LA,1999,C,Missing data/not specified/undetermined,1,10.0
LA,1999,C,Natural,3,85.0
LA,1999,D,Human,30,4521.0
LA,1999,D,Natural,1,130.0
LA,1999,E,Human,10,5379.0
LA,1999,F,Human,1,1950.0
LA,1999,F,Natural,1,1250.0
LA,1999,G,Human,1,5320.0
LA,2000,A,Human,395,39.6
LA,2000,A,Missing data/not specified/undetermined,1,0.1
LA,2000,A,Natural,1,0.1
LA,2000,B,Human,2603,7574.1
LA,2000,B,Missing data/not specified/undetermined,2,8.6
LA,2000,B,Natural,5,18.0
LA,2000,C,Human,1087,28910.0
LA,2000,C,Missing data/not specified/undetermined,1,30.0
LA,2000,C,Natural,3,95.0
LA,2000,D,Human,92,14559.0
LA,2000,D,Missing data/not specified/undetermined,1,162.0
LA,2000,D,Natural,1,216.0
LA,2000,E,Human,32,13346.0
LA,2000,E,Missing data/not specified/undetermined,1,327.0
LA,2000,E,Natural,1,350.0
LA,2000,F,Human,5,8322.0
LA,2000,F,Natural,2,4275.0
LA,2000,G,Human,1,12877.0
LA,2001,A,Human,153,15.4
LA,2001,B,Human,634,1710.9
LA,2001,B,Natural,5,13.0
LA,2001,C,Human,163,3896.8
LA,2001,C,Natural,3,115.0
LA,2001,D,Human,8,1104.0
LA,2001,D,Natural,2,380.0
LA,2001,E,Human,3,1744.0
LA,2001,F,Human,2,2830.0
LA,2001,F,Natural,1,2062.0
LA,2001,G,Natural,2,12706.0
LA,2002,A,Human,14,1.4000000000000001
LA,2002,A,Natural,5,0.7000000000000001
LA,2002,B,Human,1101,2699.3
LA,2002,B,Natural,11,37.5
LA,2002,C,Human,321,8432.8
LA,2002,C,Missing data/not specified/undetermined,1,10.0
LA,2002,C,Natural,4,60.0
LA,2002,D,Human,16,2548.0
LA,2002,E,Human,4,1737.0
LA,2002,E,Natural,2,864.6
LA,2002,F,Natural,1,2880.0
LA,2002,G,Natural,1,5414.0
LA,2003,A,Human,2,0.2
LA,2003,A,Natural,2,0.2
LA,2003,B,Human,41,80.5
LA,2003,B,Missing data/not specified/undetermined,2,3.0
LA,2003,B,Natural,9,11.5
LA,2003,C,Human,9,205.4
LA,2003,C,Natural,5,235.0
LA,2003,D,Human,4,669.0
LA,2003,D,Missing data/not specified/undetermined,2,445.0
LA,2003,D,Natural,6,1355.0
LA,2003,E,Natural,6,3034.0
LA,2003,F,Human,5,7829.0
LA,2003,F,Natural,1,3492.0
LA,2004,A,Human,3,0.4
LA,2004,A,Natural,3,0.30000000000000004
LA,2004,B,Human,27,69.3
LA,2004,B,Natural,13,42.5
LA,2004,C,Human,14,488.0
LA,2004,C,Natural,5,214.0
LA,2004,D,Human,3,600.0
LA,2004,D,Natural,3,770.0
LA,2004,E,Human,1,348.0
LA,2004,E,Natural,1,538.0
LA,2004,F,Human,1,1012.0
LA,2004,F,Natural,3,5014.0
LA,2004,G,Human,1,6018.0
LA,2005,A,Human,137,33.64
LA,2005,A,Missing data/not specified/undetermined,8,2.0
LA,2005,A,Natural,138,33.9
LA,2005,B,Human,1056,2867.35
LA,2005,B,Missing data/not specified/undetermined,87,268.8
LA,2005,B,Natural,1183,3298.35
LA,2005,C,Human,252,5534.75
LA,2005,C,Missing data/not specified/undetermined,30,763.0
LA,2005,C,Natural,419,11575.8
LA,2005,D,Human,13,2221.0
LA,2005,D,Missing data/not specified/undetermined,3,573.0
LA,2005,D,Natural,37,5567.5
LA,2005,E,Human,4,2584.0
LA,2005,E,Natural,10,4783.0
LA,2005,F,Human,4,8449.0
LA,2005,F,Natural,2,5676.0
LA,2005,G,Natural,1,12154.0
LA,2006,A,Human,264,65.85
LA,2006,A,Missing data/not specified/undetermined,1,0.2
LA,2006,A,Natural,6,1.5
LA,2006,B,Human,2038,5621.8
LA,2006,B,Missing data/not specified/undetermined,4,18.0
LA,2006,B,Natural,21,57.0
LA,2006,C,Human,719,18196.25
LA,2006,C,Missing data/not specified/undetermined,3,40.0
LA,2006,C,Natural,5,234.4
LA,2006,D,Human,54,7771.5
LA,2006,D,Missing data/not specified/undetermined,1,164.0
LA,2006,E,Human,10,4048.25
LA,2006,E,Natural,1,481.0
LA,2006,F,Human,3,3478.25
LA,2006,F,Missing data/not specified/undetermined,1,1806.0
LA,2007,A,Human,2,0.2
LA,2007,A,Missing data/not specified/undetermined,2,0.30000000000000004
LA,2007,B,Human,39,91.5
LA,2007,B,Natural,4,20.0
LA,2007,C,Human,12,324.0
LA,2007,C,Missing data/not specified/undetermined,2,90.0
LA,2007,C,Natural,1,30.0
LA,2007,D,Human,1,216.0
LA,2008,A,Human,176,40.19
LA,2008,A,Natural,10,1.75
LA,2008,B,Human,909,2483.69
LA,2008,B,Missing data/not specified/undetermined,1,7.0
LA,2008,B,Natural,14,51.75
LA,2008,C,Human,277,7927.43
LA,2008,C,Missing data/not specified/undetermined,1,82.0
LA,2008,C,Natural,14,382.0
LA,2008,D,Human,20,2983.7
LA,2008,D,Natural,4,547.0
LA,2008,E,Human,9,4680.0
LA,2008,F,Natural,3,5135.0
LA,2009,A,Human,185,39.29
LA,2009,A,Missing data/not specified/undetermined,6,1.2
LA,2009,A,Natural,4,0.46
LA,2009,B,Human,983,2642.74
LA,2009,B,Missing data/not specified/undetermined,43,138.43
LA,2009,B,Natural,11,33.7
LA,2009,C,Human,252,6700.72
LA,2009,C,Missing data/not specified/undetermined,20,678.6
LA,2009,C,Natural,9,249.7
LA,2009,D,Human,13,2020.45
LA,2009,D,Missing data/not specified/undetermined,1,111.0
LA,2009,D,Natural,2,356.4
LA,2009,E,Human,4,1697.0
LA,2009,E,Missing data/not specified/undetermined,3,1776.2
LA,2009,F,Missing data/not specified/undetermined,3,6885.0
LA,2009,F,Natural,2,5616.0
LA,2009,G,Natural,1,6365.0
LA,2010,A,Human,228,46.0
LA,2010,A,Missing data/not specified/undetermined,1,0.1
LA,2010,A,Natural,116,25.21
LA,2010,B,Human,1191,3138.73
LA,2010,B,Missing data/not specified/undetermined,7,7.0
LA,2010,B,Natural,389,1207.4
LA,2010,C,Human,307,8319.15
LA,2010,C,Missing data/not specified/undetermined,5,93.0
LA,2010,C,Natural,126,3546.19
LA,2010,D,Human,22,3769.91
LA,2010,D,Missing data/not specified/undetermined,1,170.0
LA,2010,D,Natural,7,1185.1
LA,2010,E,Human,4,2161.2799999999997
LA,2010,E,Natural,6,3080.1
LA,2010,F,Human,2,2928.0
LA,2010,F,Natural,3,7784.0
LA,2010,G,Natural,1,6259.0
LA,2011,A,Human,19,2.73
LA,2011,A,Missing data/not specified/undetermined,3,0.30000000000000004
LA,2011,A,Natural,6,0.7000000000000001
LA,2011,B,Human,79,210.68
LA,2011,B,Missing data/not specified/undetermined,7,24.1
LA,2011,B,Natural,10,24.5
LA,2011,C,Human,39,1528.0
LA,2011,C,Missing data/not specified/undetermined,8,427.0
LA,2011,C,Natural,6,252.9
LA,2011,D,Human,20,3754.1
LA,2011,D,Missing data/not specified/undetermined,4,685.0
LA,2011,D,Natural,2,388.9
LA,2011,E,Human,4,2044.0
LA,2011,E,Missing data/not specified/undetermined,1,836.0
LA,2011,E,Natural,3,1096.0
LA,2011,F,Missing data/not specified/undetermined,1,4969.0
LA,2011,F,Natural,2,3633.0
LA,2011,G,Missing data/not specified/undetermined,1,5968.0
LA,2011,G,Natural,2,11994.0
LA,2012,A,Human,137,26.16
LA,2012,A,Missing data/not specified/undetermined,1,0.1
LA,2012,A,Natural,18,2.5300000000000002
LA,2012,B,Human,531,1427.94
LA,2012,B,Missing data/not specified/undetermined,6,26.3
LA,2012,B,Natural,42,120.46
LA,2012,C,Human,116,2902.42
LA,2012,C,Missing data/not specified/undetermined,2,87.0
LA,2012,C,Natural,12,434.8
LA,2012,D,Human,5,603.51
LA,2012,D,Missing data/not specified/undetermined,1,135.0
LA,2012,D,Natural,2,400.0
LA,2012,E,Human,2,1349.0
LA,2012,E,Missing data/not specified/undetermined,1,614.0
LA,2012,F,Natural,1,2390.0
LA,2013,A,Human,146,27.26
LA,2013,A,Missing data/not specified/undetermined,1,0.1
LA,2013,A,Natural,6,1.02
LA,2013,B,Human,671,1943.74
LA,2013,B,Natural,9,21.59
LA,2013,C,Human,215,6129.36
LA,2013,C,Natural,6,187.8
LA,2013,D,Human,12,2296.61
LA,2013,D,Natural,4,641.0
LA,2013,E,Human,1,343.0
LA,2013,E,Natural,1,334.0
LA,2013,F,Natural,2,4445.0
LA,2013,G,Natural,1,6384.0
LA,2014,A,Human,91,18.25
LA,2014,A,Missing data/not specified/undetermined,2,0.30000000000000004
LA,2014,A,Natural,6,0.93
LA,2014,B,Human,553,1609.61
LA,2014,B,Missing data/not specified/undetermined,3,8.5
LA,2014,B,Natural,7,16.0
LA,2014,C,Human,186,5146.02
LA,2014,C,Natural,4,98.2
LA,2014,D,Human,11,1954.1
LA,2014,D,Missing data/not specified/undetermined,1,146.0
LA,2014,E,Human,3,1081.68
LA,2014,E,Missing data/not specified/undetermined,1,300.0
LA,2014,E,Natural,2,1212.0
LA,2014,F,Human,1,1071.0
LA,2014,F,Missing data/not specified/undetermined,1,2154.0
LA,2014,F,Natural,2,2674.0
LA,2014,G,Natural,2,20092.0
LA,2015,A,Human,9,1.77
LA,2015,A,Missing data/not specified/undetermined,122,25.24
LA,2015,B,Human,20,59.16
LA,2015,B,Missing data/not specified/undetermined,684,1940.38
LA,2015,B,Natural,2,8.0
LA,2015,C,Human,15,632.94
LA,2015,C,Missing data/not specified/undetermined,195,5911.54
LA,2015,C,Natural,1,22.5
LA,2015,D,Human,6,1052.67
LA,2015,D,Missing data/not specified/undetermined,11,1656.77
LA,2015,D,Natural,2,296.01
LA,2015,E,Missing data/not specified/undetermined,2,1415.4
LA,2015,E,Natural,2,1196.0
LA,2015,F,Human,3,4855.0
LA,2015,F,Missing data/not specified/undetermined,1,1254.2
LA,2016,A,Human,101,21.49
LA,2016,A,Missing data/not specified/undetermined,1,0.2
LA,2016,A,Natural,2,0.23
LA,2016,B,Human,479,1272.6
LA,2016,B,Missing data/not specified/undetermined,1,2.0
LA,2016,B,Natural,8,7.84
LA,2016,C,Human,153,4285.78
LA,2016,C,Missing data/not specified/undetermined,1,50.0
LA,2016,C,Natural,4,127.85
LA,2016,D,Human,7,1118.6399999999999
LA,2016,E,Human,2,1506.0
LA,2016,E,Missing data/not specified/undetermined,1,390.0
LA,2016,E,Natural,1,502.0
LA,2016,F,Natural,2,5732.0
LA,2016,G,Natural,2,11752.0
LA,2017,A,Human,84,17.84
LA,2017,A,Missing data/not specified/undetermined,1,0.1
LA,2017,A,Natural,2,0.13
LA,2017,B,Human,483,1363.92
LA,2017,B,Natural,3,7.0
LA,2017,C,Human,161,4373.4
LA,2017,C,Missing data/not specified/undetermined,2,115.6
LA,2017,C,Natural,3,76.78
LA,2017,D,Human,10,1459.53
LA,2017,D,Missing data/not specified/undetermined,1,161.0
LA,2017,D,Natural,3,449.1
LA,2017,E,Natural,1,922.0
LA,2018,A,Human,79,16.55
LA,2018,A,Natural,4,0.67
LA,2018,B,Human,438,1327.57
LA,2018,B,Missing data/not specified/undetermined,2,9.0
LA,2018,B,Natural,13,36.120000000000005
LA,2018,C,Human,139,3885.12
LA,2018,C,Missing data/not specified/undetermined,1,85.0
LA,2018,C,Natural,16,496.82
LA,2018,D,Human,13,2010.44
LA,2018,D,Natural,2,252.0
LA,2018,E,Human,4,1853.0
LA,2018,E,Missing data/not specified/undetermined,1,396.0
LA,2018,E,Natural,2,972.27
LA,2019,A,Human,100,14.6
LA,2019,B,Human,319,1008.63
LA,2019,B,Missing data/not specified/undetermined,3,9.36
LA,2019,B,Natural,5,16.04
LA,2019,C,Human,71,1709.35
LA,2019,C,Natural,2,104.1
LA,2019,D,Human,2,433.89
LA,2019,D,Natural,1,298.0
LA,2019,E,Human,1,450.0
LA,2019,G,Natural,1,7433.0
LA,2020,A,Human,44,8.8
LA,2020,A,Missing data/not specified/undetermined,2,0.2
LA,2020,B,Human,230,660.97
LA,2020,B,Missing data/not specified/undetermined,5,8.18
LA,2020,B,Natural,3,18.1
LA,2020,C,Human,76,2081.17
LA,2020,C,Missing data/not specified/undetermined,5,159.39
LA,2020,C,Natural,4,146.48
LA,2020,D,Human,6,1035.8
LA,2020,D,Missing data/not specified/undetermined,1,206.0
LA,2020,E,Human,3,1368.66
LA,2020,E,Natural,1,310.9
LA,2020,F,Natural,1,2238.9
MA,1992,A,Human,4,0.4
MA,1992,B,Human,3,5.0
MA,1993,A,Human,2,0.2
MA,1993,B,Human,2,1.3
MA,1994,A,Human,1,0.1
MA,1995,A,Human,8,1.1
MA,1995,A,Missing data/not specified/undetermined,1,0.1
MA,1995,B,Human,6,7.5
MA,1996,A,Human,2,0.30000000000000004
MA,1996,B,Human,2,1.9
MA,1997,A,Human,8,0.8
MA,1997,B,Human,3,4.6
MA,1998,B,Human,1,3.0
MA,1999,A,Human,6,0.9
MA,1999,B,Human,1,0.6
MA,2000,B,Human,2,1.8
MA,2000,B,Missing data/not specified/undetermined,1,4.0
MA,2001,A,Human,3,0.4
MA,2001,A,Natural,1,0.1
MA,2001,B,Human,9,9.8
MA,2001,B,Missing data/not specified/undetermined,2,2.0
MA,2001,B,Natural,1,7.0
MA,2001,D,Missing data/not specified/undetermined,1,250.0
MA,2002,A,Human,29,3.3000000000000003
MA,2002,A,Missing data/not specified/undetermined,13,1.5
MA,2002,A,Natural,1,0.1
MA,2002,B,Human,44,52.2
MA,2002,B,Missing data/not specified/undetermined,18,32.5
MA,2002,B,Natural,3,15.5
MA,2002,C,Natural,6,107.0
MA,2002,E,Human,1,300.0
MA,2003,A,Human,26,3.0
MA,2003,A,Missing data/not specified/undetermined,7,0.7000000000000001
MA,2003,A,Natural,2,0.2
MA,2003,B,Human,28,38.0
MA,2003,B,Missing data/not specified/undetermined,9,15.0
MA,2003,C,Human,2,36.1
MA,2003,E,Missing data/not specified/undetermined,1,300.0
MA,2004,A,Human,16,1.7000000000000002
MA,2004,A,Missing data/not specified/undetermined,9,1.1
MA,2004,A,Natural,1,0.1
MA,2004,B,Human,27,39.4
MA,2004,B,Missing data/not specified/undetermined,12,15.0
MA,2004,B,Natural,1,0.5
MA,2004,C,Human,1,10.0
MA,2004,C,Missing data/not specified/undetermined,1,10.0
MA,2004,D,Human,1,120.0
MA,2005,A,Human,3,0.4
MA,2005,A,Missing data/not specified/undetermined,3,0.30000000000000004
MA,2005,A,Natural,2,0.2
MA,2005,B,Human,19,14.3
MA,2005,B,Missing data/not specified/undetermined,1,0.5
MA,2005,C,Human,1,15.0
MA,2005,E,Human,1,800.0
MA,2006,A,Human,5,0.7000000000000001
MA,2006,A,Missing data/not specified/undetermined,4,0.4
MA,2006,A,Natural,1,0.1
MA,2006,B,Human,17,15.2
MA,2006,B,Missing data/not specified/undetermined,4,6.8
MA,2007,A,Human,10,1.3
MA,2007,A,Missing data/not specified/undetermined,4,0.5
MA,2007,A,Natural,2,0.2
MA,2007,B,Human,13,15.5
MA,2007,B,Missing data/not specified/undetermined,4,1.9000000000000001
MA,2007,D,Missing data/not specified/undetermined,1,186.0
MA,2008,A,Human,3,0.30000000000000004
MA,2008,A,Missing data/not specified/undetermined,2,0.2
MA,2008,B,Missing data/not specified/undetermined,5,18.0
MA,2008,D,Human,1,130.0
MA,2008,E,Human,1,700.0
MA,2009,B,Human,1,1.0
MA,2010,A,Human,1,0.2
MA,2010,B,Human,1,1.0
MA,2010,E,Missing data/not specified/undetermined,1,321.0
MA,2012,A,Human,2,0.4
MA,2012,B,Human,3,2.5
MA,2013,A,Human,2,0.2
MA,2013,B,Human,3,17.4
MA,2014,A,Human,2,0.2
MA,2014,B,Human,1,0.5
MA,2014,C,Human,1,26.5
MA,2014,C,Missing data/not specified/undetermined,1,90.0
MA,2014,D,Human,1,256.0
MA,2015,A,Human,1605,343.32
MA,2015,A,Missing data/not specified/undetermined,2,0.5
MA,2015,A,Natural,54,11.05
MA,2015,B,Human,466,728.96
MA,2015,B,Missing data/not specified/undetermined,1,0.5
MA,2015,B,Natural,13,23.5
MA,2015,C,Human,27,464.4
MA,2015,D,Human,2,522.0
MA,2016,A,Human,1554,297.54
MA,2016,A,Missing data/not specified/undetermined,2,0.2
MA,2016,A,Natural,34,4.45
MA,2016,B,Human,491,719.48
MA,2016,B,Missing data/not specified/undetermined,1,1.0
MA,2016,B,Natural,11,16.05
MA,2016,C,Human,13,293.5
MA,2016,D,Human,1,172.0
MA,2016,D,Natural,1,120.0
MA,2017,A,Human,943,221.17
MA,2017,A,Missing data/not specified/undetermined,1,0.25
MA,2017,A,Natural,17,3.8
MA,2017,B,Human,183,240.7
MA,2017,B,Natural,1,1.0
MA,2017,C,Human,13,221.6
MA,2018,A,Human,710,159.17
MA,2018,A,Natural,15,3.25
MA,2018,B,Human,152,178.15
MA,2018,B,Natural,5,6.5
MA,2018,C,Human,4,94.0
MA,2019,A,Human,197,39.98
MA,2019,A,Natural,3,0.45
MA,2019,B,Human,67,96.1
MA,2019,B,Natural,1,1.0
MA,2019,C,Human,4,104.0
MA,2020,A,Human,968,176.56
MA,2020,A,Missing data/not specified/undetermined,1,0.1
MA,2020,A,Natural,15,2.1
MA,2020,B,Human,322,391.33
MA,2020,B,Natural,6,13.5
MA,2020,C,Human,8,248.2
MA,2020,C,Natural,1,55.8
MD,1992,A,Human,3,0.30000000000000004
MD,1992,C,Human,4,200.0
MD,1992,D,Human,5,960.0
MD,1993,A,Human,1,0.1
MD,1993,B,Human,1,0.8
MD,1993,C,Human,1,42.0
MD,1993,C,Missing data/not specified/undetermined,1,15.0
MD,1993,D,Human,6,1315.0
MD,1993,E,Human,1,300.0
MD,1994,A,Human,3,0.30000000000000004
MD,1994,A,Natural,1,0.1
MD,1994,B,Human,3,4.5
MD,1994,B,Natural,1,2.0
MD,1994,C,Human,5,230.0
MD,1994,D,Human,3,550.0
MD,1995,A,Human,6,0.7000000000000001
MD,1995,A,Missing data/not specified/undetermined,1,0.1
MD,1995,B,Human,12,28.6
MD,1995,C,Human,8,125.0
MD,1995,D,Human,3,380.0
MD,1995,E,Human,2,770.0
MD,1996,A,Human,1,0.1
MD,1996,B,Human,7,17.0
MD,1996,C,Human,9,295.0
MD,1997,A,Human,4,0.5
MD,1997,B,Human,8,23.5
MD,1997,C,Human,7,157.7
MD,1998,A,Human,2,0.30000000000000004
MD,1998,B,Human,5,12.2
MD,1998,B,Missing data/not specified/undetermined,1,0.5
MD,1998,B,Natural,1,1.0
MD,1998,C,Human,5,135.0
MD,1998,C,Missing data/not specified/undetermined,1,15.0
MD,1998,D,Human,2,380.0
MD,1999,A,Human,11,1.3
MD,1999,A,Missing data/not specified/undetermined,2,0.2
MD,1999,A,Natural,1,0.1
MD,1999,B,Human,10,41.1
MD,1999,B,Missing data/not specified/undetermined,1,5.0
MD,1999,B,Natural,2,11.0
MD,1999,C,Human,2,120.0
MD,1999,D,Human,4,547.0
MD,1999,E,Human,1,900.0
MD,2000,A,Human,3,0.4
MD,2000,B,Human,4,4.3
MD,2000,C,Human,5,165.0
MD,2000,C,Natural,2,40.0
MD,2001,A,Human,1,0.1
MD,2001,B,Human,3,2.5
MD,2001,B,Missing data/not specified/undetermined,1,1.0
MD,2001,B,Natural,1,0.5
MD,2001,C,Human,5,90.0
MD,2001,D,Human,5,647.0
MD,2001,E,Human,3,1772.0
MD,2001,F,Human,3,4336.0
MD,2002,A,Natural,1,0.1
MD,2002,B,Human,3,5.5
MD,2002,B,Missing data/not specified/undetermined,1,0.5
MD,2002,B,Natural,2,7.0
MD,2002,C,Human,2,95.0
MD,2002,C,Missing data/not specified/undetermined,1,40.0
MD,2002,D,Missing data/not specified/undetermined,1,100.0
MD,2002,D,Natural,1,168.0
MD,2002,E,Human,1,870.0
MD,2002,E,Missing data/not specified/undetermined,1,500.0
MD,2003,A,Human,1,0.1
MD,2003,C,Human,2,130.0
MD,2003,E,Human,1,835.0
MD,2003,E,Missing data/not specified/undetermined,1,408.0
MD,2004,A,Human,1,0.1
MD,2004,B,Human,2,2.3
MD,2004,C,Human,4,126.1
MD,2004,D,Human,5,905.0
MD,2004,D,Missing data/not specified/undetermined,2,340.0
MD,2004,E,Human,5,2925.0
MD,2004,F,Human,1,1040.0
MD,2004,F,Missing data/not specified/undetermined,1,1000.0
MD,2005,A,Human,213,26.3
MD,2005,A,Missing data/not specified/undetermined,1,0.1
MD,2005,A,Natural,2,0.2
MD,2005,B,Human,176,299.0
MD,2005,B,Missing data/not specified/undetermined,1,5.0
MD,2005,B,Natural,3,4.5
MD,2005,C,Human,14,243.8
MD,2005,C,Missing data/not specified/undetermined,1,20.0
MD,2005,C,Natural,1,28.0
MD,2005,D,Human,1,237.0
MD,2005,E,Human,3,1370.0
MD,2005,F,Human,1,1800.0
MD,2006,A,Human,370,45.0
MD,2006,A,Missing data/not specified/undetermined,1,0.1
MD,2006,A,Natural,9,1.0
MD,2006,B,Human,292,398.5
MD,2006,B,Missing data/not specified/undetermined,4,10.5
MD,2006,B,Natural,4,8.0
MD,2006,C,Human,16,478.6
MD,2006,C,Missing data/not specified/undetermined,5,133.0
MD,2006,C,Natural,2,26.8
MD,2006,D,Human,7,1211.0
MD,2006,E,Human,7,2924.0
MD,2006,F,Human,1,1596.0
MD,2007,A,Human,312,38.1
MD,2007,A,Natural,14,1.4000000000000001
MD,2007,B,Human,219,335.2
MD,2007,B,Missing data/not specified/undetermined,3,9.9
MD,2007,B,Natural,13,22.1
MD,2007,C,Human,21,564.5
MD,2007,C,Missing data/not specified/undetermined,1,19.0
MD,2007,C,Natural,5,114.6
MD,2007,D,Human,3,706.0
MD,2007,E,Human,6,2296.0
MD,2007,F,Human,1,3208.0
MD,2008,A,Human,290,36.4
MD,2008,A,Natural,18,2.0
MD,2008,B,Human,195,352.5
MD,2008,B,Natural,7,17.5
MD,2008,C,Human,14,260.1
MD,2008,C,Natural,1,11.6
MD,2008,D,Human,3,494.0
MD,2008,E,Human,2,1620.0
MD,2009,A,Human,4,0.5
MD,2009,A,Missing data/not specified/undetermined,141,17.5
MD,2009,A,Natural,1,0.1
MD,2009,B,Human,4,5.0
MD,2009,B,Missing data/not specified/undetermined,100,148.3
MD,2009,C,Human,1,24.6
MD,2009,C,Missing data/not specified/undetermined,6,212.9
MD,2009,D,Human,1,127.0
MD,2009,E,Human,1,709.0
MD,2009,F,Human,2,3362.0
MD,2010,A,Human,6,0.8
MD,2010,A,Missing data/not specified/undetermined,51,6.6000000000000005
MD,2010,B,Human,5,8.7
MD,2010,B,Missing data/not specified/undetermined,88,146.7
MD,2010,B,Natural,1,1.0
MD,2010,C,Missing data/not specified/undetermined,10,205.5
MD,2010,C,Natural,2,73.0
MD,2010,D,Missing data/not specified/undetermined,2,212.0
MD,2010,E,Missing data/not specified/undetermined,2,860.0
MD,2010,F,Missing data/not specified/undetermined,1,2066.3
MD,2011,A,Human,30,3.7
MD,2011,A,Natural,2,0.2
MD,2011,B,Human,62,120.8
MD,2011,B,Missing data/not specified/undetermined,4,13.2
MD,2011,B,Natural,5,18.0
MD,2011,C,Human,15,493.2
MD,2011,C,Natural,3,95.8
MD,2011,D,Human,1,100.0
MD,2011,D,Natural,1,150.0
MD,2011,E,Human,7,3275.48
MD,2011,F,Human,1,1367.0
MD,2011,F,Missing data/not specified/undetermined,2,4610.0
MD,2012,A,Human,59,8.4
MD,2012,A,Natural,2,0.30000000000000004
MD,2012,B,Human,80,142.5
MD,2012,B,Missing data/not specified/undetermined,1,5.0
MD,2012,B,Natural,6,9.4
MD,2012,C,Human,10,334.3
MD,2012,C,Missing data/not specified/undetermined,1,98.0
MD,2012,C,Natural,1,35.0
MD,2012,D,Human,1,145.0
MD,2012,D,Natural,1,110.0
MD,2012,E,Missing data/not specified/undetermined,1,552.0
MD,2013,A,Human,36,4.55
MD,2013,A,Natural,1,0.1
MD,2013,B,Human,80,139.0
MD,2013,B,Missing data/not specified/undetermined,2,7.0
MD,2013,B,Natural,3,3.2
MD,2013,C,Human,3,88.0
MD,2013,D,Human,1,185.0
MD,2014,A,Human,49,6.4
MD,2014,A,Natural,1,0.1
MD,2014,B,Human,58,107.3
MD,2014,B,Missing data/not specified/undetermined,1,2.0
MD,2014,B,Natural,1,1.0
MD,2014,C,Human,8,256.3
MD,2014,D,Human,4,897.0
MD,2014,E,Human,1,511.0
MD,2015,A,Human,66,8.700000000000001
MD,2015,B,Human,74,139.5
MD,2015,B,Natural,1,7.5
MD,2015,C,Human,5,208.3
MD,2015,C,Natural,1,20.0
MD,2015,D,Human,3,660.0
MD,2016,A,Human,56,7.1000000000000005
MD,2016,A,Natural,3,0.4
MD,2016,B,Human,65,113.7
MD,2016,B,Natural,1,3.0
MD,2016,C,Human,7,120.1
MD,2017,A,Human,30,4.0
MD,2017,B,Human,72,128.9
MD,2017,C,Human,8,152.6
MD,2017,D,Human,2,360.0
MD,2017,E,Human,1,483.0
MD,2017,F,Human,1,1057.0
MD,2018,A,Human,23,2.8000000000000003
MD,2018,A,Natural,2,0.2
MD,2018,B,Human,51,114.25
MD,2018,B,Natural,1,0.9
MD,2018,C,Human,2,29.6
MD,2018,D,Human,1,223.0
MD,2019,A,Human,42,6.1000000000000005
MD,2019,A,Natural,4,0.5
MD,2019,B,Human,73,120.6
MD,2019,B,Missing data/not specified/undetermined,1,3.2
MD,2019,C,Human,11,252.4
MD,2019,C,Natural,2,25.8
MD,2019,D,Human,2,229.0
MD,2019,E,Human,2,841.0
MD,2020,A,Human,17,2.3000000000000003
MD,2020,A,Missing data/not specified/undetermined,1,0.1
MD,2020,B,Human,46,91.4
MD,2020,C,Human,8,193.8
MD,2020,E,Human,1,930.0
ME,1992,A,Human,222,28.09
ME,1992,A,Natural,7,0.7100000000000001
ME,1992,B,Human,330,605.6
ME,1992,B,Natural,8,14.0
ME,1992,C,Human,34,902.9
ME,1992,C,Natural,2,30.0
ME,1992,D,Human,6,870.0
ME,1992,E,Human,1,856.0
ME,1992,F,Human,1,1092.0
ME,1993,A,Human,257,32.93
ME,1993,A,Natural,59,6.53
ME,1993,B,Human,312,566.69
ME,1993,B,Natural,24,38.2
ME,1993,C,Human,18,362.8
ME,1993,D,Human,2,406.0
ME,1994,A,Human,5,0.6000000000000001
ME,1994,A,Missing data/not specified/undetermined,255,26.790000000000003
ME,1994,A,Natural,1,0.1
ME,1994,B,Human,3,4.6
ME,1994,B,Missing data/not specified/undetermined,257,494.4
ME,1994,B,Natural,1,1.0
ME,1994,C,Missing data/not specified/undetermined,15,529.1
ME,1994,D,Human,1,100.0
ME,1994,D,Missing data/not specified/undetermined,2,341.1
ME,1994,E,Missing data/not specified/undetermined,1,515.0
ME,1995,A,Human,17,2.1
ME,1995,A,Missing data/not specified/undetermined,531,56.480000000000004
ME,1995,B,Human,11,10.6
ME,1995,B,Missing data/not specified/undetermined,391,617.2
ME,1995,B,Natural,2,1.3
ME,1995,C,Missing data/not specified/undetermined,10,234.4
ME,1995,D,Missing data/not specified/undetermined,1,215.0
ME,1996,A,Human,2,0.2
ME,1996,A,Missing data/not specified/undetermined,170,17.85
ME,1996,B,Human,1,0.5
ME,1996,B,Missing data/not specified/undetermined,135,223.9
ME,1996,C,Missing data/not specified/undetermined,7,160.9
ME,1997,A,Human,12,1.4000000000000001
ME,1997,A,Missing data/not specified/undetermined,279,35.84
ME,1997,B,Human,4,5.8
ME,1997,B,Missing data/not specified/undetermined,269,455.63
ME,1997,B,Natural,1,3.0
ME,1997,C,Missing data/not specified/undetermined,20,395.1
ME,1998,A,Human,6,0.8
ME,1998,A,Missing data/not specified/undetermined,286,35.6
ME,1998,B,Human,2,8.0
ME,1998,B,Missing data/not specified/undetermined,274,427.82
ME,1998,B,Natural,1,2.0
ME,1998,C,Human,1,25.0
ME,1998,C,Missing data/not specified/undetermined,8,196.0
ME,1998,D,Missing data/not specified/undetermined,1,195.5
ME,1998,E,Missing data/not specified/undetermined,1,657.1
ME,1999,A,Human,3,0.30000000000000004
ME,1999,A,Missing data/not specified/undetermined,343,45.1
ME,1999,B,Human,2,1.2000000000000002
ME,1999,B,Missing data/not specified/undetermined,318,515.37
ME,1999,B,Natural,3,6.8
ME,1999,C,Missing data/not specified/undetermined,11,287.5
ME,1999,D,Missing data/not specified/undetermined,1,205.0
ME,2000,A,Human,1,0.1
ME,2000,A,Missing data/not specified/undetermined,190,24.85
ME,2000,B,Human,3,4.0
ME,2000,B,Missing data/not specified/undetermined,145,223.03
ME,2000,C,Human,1,51.0
ME,2000,C,Missing data/not specified/undetermined,6,143.0
ME,2001,A,Human,519,66.16
ME,2001,A,Natural,32,3.7600000000000002
ME,2001,B,Human,351,526.27
ME,2001,B,Natural,32,50.85
ME,2001,C,Human,27,865.4
ME,2001,D,Human,1,236.1
ME,2001,E,Human,1,495.0
ME,2002,A,Human,313,35.99
ME,2002,A,Missing data/not specified/undetermined,1,0.1
ME,2002,A,Natural,132,15.350000000000001
ME,2002,B,Human,162,270.76
ME,2002,B,Natural,47,62.65
ME,2002,C,Human,7,244.89999999999998
ME,2002,C,Natural,1,25.0
ME,2002,D,Human,1,129.3
ME,2003,A,Human,338,42.6
ME,2003,A,Missing data/not specified/undetermined,1,0.2
ME,2003,A,Natural,26,2.61
ME,2003,B,Human,242,410.14
ME,2003,B,Natural,9,19.849999999999998
ME,2003,C,Human,6,133.9
ME,2003,D,Human,2,249.1
ME,2004,A,Human,259,29.19
ME,2004,A,Natural,15,1.32
ME,2004,B,Human,176,256.5
ME,2004,B,Natural,4,5.2
ME,2004,C,Human,12,350.5
ME,2004,D,Human,1,161.0
ME,2005,A,Human,238,28.45
ME,2005,A,Natural,15,2.0
ME,2005,B,Human,200,327.19
ME,2005,B,Missing data/not specified/undetermined,1,2.5
ME,2005,B,Natural,3,3.6
ME,2005,C,Human,14,252.6
ME,2005,D,Human,1,108.4
ME,2006,A,Human,315,40.17
ME,2006,A,Natural,11,1.02
ME,2006,B,Human,276,461.36
ME,2006,B,Natural,1,1.5
ME,2006,C,Human,18,447.3
ME,2006,D,Human,1,120.0
ME,2006,E,Human,1,770.0
ME,2007,A,Human,268,30.270000000000003
ME,2007,A,Natural,31,3.56
ME,2007,B,Human,160,261.4
ME,2007,B,Natural,16,35.2
ME,2007,C,Human,6,166.3
ME,2008,A,Human,268,33.64
ME,2008,A,Natural,11,1.31
ME,2008,B,Human,176,281.18
ME,2008,B,Missing data/not specified/undetermined,1,0.3
ME,2008,B,Natural,4,10.2
ME,2008,C,Human,5,92.0
ME,2008,D,Human,1,131.0
ME,2009,A,Human,307,37.24
ME,2009,A,Natural,5,0.41000000000000003
ME,2009,B,Human,164,236.03
ME,2009,C,Human,7,201.1
ME,2010,A,Human,337,42.440000000000005
ME,2010,A,Natural,6,0.15
ME,2010,B,Human,151,205.15
ME,2010,B,Natural,9,22.05
ME,2010,C,Human,2,27.0
ME,2011,A,Human,250,26.89
ME,2011,A,Natural,21,1.7000000000000002
ME,2011,B,Human,90,100.94
ME,2011,B,Natural,3,4.66
ME,2011,C,Human,1,33.5
ME,2012,A,Human,350,39.72
ME,2012,A,Natural,13,1.37
ME,2012,B,Human,183,251.06
ME,2012,B,Natural,6,11.4
ME,2012,C,Human,7,137.7
ME,2012,C,Natural,1,28.6
ME,2013,A,Human,253,33.17
ME,2013,A,Natural,10,0.93
ME,2013,B,Human,171,289.42
ME,2013,B,Natural,1,0.5
ME,2013,C,Human,8,193.2
ME,2013,D,Human,1,200.0
ME,2014,A,Human,217,26.62
ME,2014,A,Natural,3,0.13
ME,2014,B,Human,109,152.82
ME,2014,B,Natural,1,0.5
ME,2014,C,Human,3,38.9
ME,2015,A,Human,248,32.08
ME,2015,A,Natural,14,1.5
ME,2015,B,Human,136,219.6
ME,2015,B,Natural,4,10.1
ME,2015,C,Human,3,121.5
ME,2015,D,Human,1,206.0
ME,2016,A,Human,403,49.230000000000004
ME,2016,A,Natural,16,2.0500000000000003
ME,2016,B,Human,249,367.49
ME,2016,B,Natural,14,16.65
ME,2016,C,Human,12,357.3
ME,2016,C,Natural,1,43.0
ME,2017,A,Human,302,35.4
ME,2017,A,Natural,8,0.8
ME,2017,B,Human,194,241.3
ME,2017,B,Natural,8,15.9
ME,2017,C,Human,7,136.0
ME,2017,C,Natural,2,38.0
ME,2018,A,Human,325,38.7
ME,2018,A,Natural,12,1.4000000000000001
ME,2018,B,Human,211,267.3
ME,2018,B,Natural,7,8.6
ME,2018,C,Human,1,22.0
ME,2018,C,Natural,1,41.0
ME,2018,E,Human,1,314.0
ME,2019,A,Human,239,27.5
ME,2019,A,Natural,7,0.7000000000000001
ME,2019,B,Human,104,112.2
ME,2019,B,Natural,4,5.3
ME,2019,C,Human,1,11.2
ME,2020,A,Human,731,86.95
ME,2020,A,Missing data/not specified/undetermined,4,0.6000000000000001
ME,2020,A,Natural,23,2.5
ME,2020,B,Human,367,412.0
ME,2020,B,Missing data/not specified/undetermined,3,1.8
ME,2020,B,Natural,22,37.67
ME,2020,C,Human,8,157.5
ME,2020,D,Human,2,346.0
MI,1992,A,Human,172,21.8
MI,1992,A,Natural,7,0.7000000000000001
MI,1992,B,Human,356,776.7
MI,1992,B,Natural,10,25.5
MI,1992,C,Human,66,1438.6
MI,1992,C,Natural,2,37.099999999999994
MI,1992,E,Natural,1,687.0
MI,1993,A,Human,70,9.5
MI,1993,A,Natural,1,0.1
MI,1993,B,Human,162,396.1
MI,1993,B,Natural,2,3.4
MI,1993,C,Human,27,598.9
MI,1994,A,Human,146,19.200000000000003
MI,1994,A,Natural,7,0.7000000000000001
MI,1994,B,Human,369,915.2
MI,1994,B,Natural,3,8.2
MI,1994,C,Human,106,3076.0
MI,1994,D,Human,12,1774.9
MI,1994,E,Human,1,910.0
MI,1995,A,Human,158,20.400000000000002
MI,1995,A,Natural,15,1.7000000000000002
MI,1995,B,Human,373,906.6
MI,1995,B,Natural,8,19.5
MI,1995,C,Human,61,1579.6
MI,1995,C,Natural,5,101.1
MI,1995,D,Human,4,781.0
MI,1995,D,Natural,1,200.0
MI,1995,E,Human,2,1262.4
MI,1996,A,Human,98,12.5
MI,1996,A,Natural,7,0.7000000000000001
MI,1996,B,Human,228,540.3
MI,1996,B,Missing data/not specified/undetermined,1,1.0
MI,1996,B,Natural,6,12.5
MI,1996,C,Human,42,1310.2
MI,1996,D,Human,3,416.5
MI,1996,E,Natural,1,628.0
MI,1997,A,Human,22,2.5
MI,1997,A,Natural,1,0.2
MI,1997,B,Human,77,172.7
MI,1997,B,Missing data/not specified/undetermined,1,1.0
MI,1997,B,Natural,4,2.7
MI,1997,C,Human,13,373.0
MI,1998,A,Human,33,4.0
MI,1998,A,Natural,6,0.9
MI,1998,B,Human,96,163.2
MI,1998,B,Missing data/not specified/undetermined,5,5.0
MI,1998,B,Natural,5,7.0
MI,1998,C,Human,22,583.9
MI,1998,D,Natural,1,125.0
MI,1998,F,Human,1,1832.0
MI,1998,F,Missing data/not specified/undetermined,1,1238.0
MI,1999,A,Human,28,3.6
MI,1999,A,Natural,2,0.2
MI,1999,B,Human,96,194.7
MI,1999,B,Missing data/not specified/undetermined,2,2.0
MI,1999,B,Natural,1,0.3
MI,1999,C,Human,12,335.3
MI,1999,C,Natural,3,81.0
MI,1999,D,Human,1,239.0
MI,1999,E,Human,2,1740.0
MI,1999,E,Missing data/not specified/undetermined,1,775.0
MI,1999,F,Human,1,1035.0
MI,1999,G,Human,1,5625.0
MI,2000,A,Human,30,4.1000000000000005
MI,2000,A,Natural,5,0.7000000000000001
MI,2000,B,Human,65,138.4
MI,2000,B,Missing data/not specified/undetermined,2,2.0
MI,2000,C,Human,9,195.7
MI,2000,C,Natural,2,70.0
MI,2000,E,Human,1,400.0
MI,2000,G,Human,1,5200.0
MI,2001,A,Human,128,16.55
MI,2001,A,Natural,5,0.5
MI,2001,B,Human,247,565.6899999999999
MI,2001,B,Missing data/not specified/undetermined,4,4.0
MI,2001,B,Natural,16,38.0
MI,2001,C,Human,19,342.5
MI,2001,C,Natural,2,65.0
MI,2001,D,Human,2,398.0
MI,2002,A,Human,91,11.360000000000001
MI,2002,A,Missing data/not specified/undetermined,1,0.1
MI,2002,A,Natural,8,1.0
MI,2002,B,Human,181,404.94
MI,2002,B,Missing data/not specified/undetermined,2,2.0
MI,2002,B,Natural,7,19.6
MI,2002,C,Human,16,355.1
MI,2002,C,Natural,1,13.0
MI,2002,D,Human,1,160.3
MI,2003,A,Human,157,19.290000000000003
MI,2003,A,Missing data/not specified/undetermined,9,1.1
MI,2003,A,Natural,10,1.01
MI,2003,B,Human,424,1038.96
MI,2003,B,Missing data/not specified/undetermined,30,69.64
MI,2003,B,Natural,15,34.55
MI,2003,C,Human,81,2476.1
MI,2003,C,Missing data/not specified/undetermined,8,247.7
MI,2003,C,Natural,2,42.0
MI,2003,D,Human,9,1433.19
MI,2003,D,Missing data/not specified/undetermined,3,406.5
MI,2003,E,Human,2,1295.0
MI,2004,A,Human,144,19.01
MI,2004,A,Missing data/not specified/undetermined,11,1.31
MI,2004,A,Natural,7,0.61
MI,2004,B,Human,215,481.92
MI,2004,B,Missing data/not specified/undetermined,23,62.16
MI,2004,B,Natural,11,33.56
MI,2004,C,Human,44,939.0699999999999
MI,2004,C,Missing data/not specified/undetermined,6,259.2
MI,2004,C,Natural,2,46.29
MI,2004,D,Human,1,115.0
MI,2004,D,Missing data/not specified/undetermined,1,153.0
MI,2004,D,Natural,1,186.0
MI,2004,E,Human,1,448.0
MI,2005,A,Human,140,18.48
MI,2005,A,Missing data/not specified/undetermined,17,2.4000000000000004
MI,2005,A,Natural,44,5.3500000000000005
MI,2005,B,Human,316,755.76
MI,2005,B,Missing data/not specified/undetermined,36,85.91
MI,2005,B,Natural,37,85.53999999999999
MI,2005,C,Human,38,1033.26
MI,2005,C,Missing data/not specified/undetermined,4,131.2
MI,2005,C,Natural,4,86.9
MI,2005,D,Human,2,367.0
MI,2005,E,Human,1,388.0
MI,2005,F,Human,1,1557.0
MI,2006,A,Human,142,19.59
MI,2006,A,Natural,8,0.9
MI,2006,B,Human,321,710.48
MI,2006,B,Natural,18,46.3
MI,2006,C,Human,39,825.9
MI,2006,C,Missing data/not specified/undetermined,1,14.0
MI,2006,C,Natural,1,63.0
MI,2006,D,Human,2,227.0
MI,2006,D,Natural,1,106.0
MI,2006,G,Human,1,5818.0
MI,2007,A,Human,151,20.03
MI,2007,A,Natural,19,2.0500000000000003
MI,2007,B,Human,266,586.3
MI,2007,B,Natural,34,63.8
MI,2007,C,Human,39,994.02
MI,2007,C,Missing data/not specified/undetermined,1,90.0
MI,2007,C,Natural,2,64.0
MI,2007,D,Human,2,348.0
MI,2007,F,Human,1,1127.0
MI,2007,G,Natural,1,19800.0
MI,2008,A,Human,152,17.75
MI,2008,A,Natural,5,0.7000000000000001
MI,2008,B,Human,253,560.57
MI,2008,B,Natural,12,34.6
MI,2008,C,Human,20,521.3
MI,2008,D,Human,1,133.0
MI,2008,F,Human,1,1345.0
MI,2009,A,Human,167,20.32
MI,2009,A,Natural,2,0.2
MI,2009,B,Human,267,535.39
MI,2009,B,Natural,8,22.4
MI,2009,C,Human,38,940.12
MI,2009,C,Natural,1,85.0
MI,2009,D,Human,1,100.0
MI,2009,E,Human,2,1506.0
MI,2010,A,Human,200,26.57
MI,2010,A,Natural,11,1.6
MI,2010,B,Human,304,583.84
MI,2010,B,Natural,18,47.6
MI,2010,C,Human,42,1038.4
MI,2010,C,Natural,3,35.0
MI,2010,D,Human,3,574.4
MI,2010,D,Natural,1,118.0
MI,2010,F,Human,1,1040.0
MI,2010,G,Human,1,8586.0
MI,2011,A,Human,81,10.07
MI,2011,A,Missing data/not specified/undetermined,41,5.0
MI,2011,A,Natural,4,0.4
MI,2011,B,Human,50,77.77
MI,2011,B,Missing data/not specified/undetermined,105,261.05
MI,2011,B,Natural,2,1.42
MI,2011,C,Human,6,140.07
MI,2011,C,Missing data/not specified/undetermined,17,347.2
MI,2011,C,Natural,1,20.2
MI,2011,D,Human,1,152.3
MI,2011,E,Human,1,817.0
MI,2012,A,Human,270,36.03
MI,2012,A,Missing data/not specified/undetermined,2,0.2
MI,2012,A,Natural,25,3.1100000000000003
MI,2012,B,Human,338,681.65
MI,2012,B,Natural,25,63.5
MI,2012,C,Human,35,1028.2
MI,2012,C,Natural,9,197.0
MI,2012,D,Human,2,382.0
MI,2012,E,Human,3,1466.0
MI,2012,F,Natural,1,3400.0
MI,2012,G,Natural,1,21069.0
MI,2013,A,Human,118,15.22
MI,2013,A,Missing data/not specified/undetermined,59,7.6000000000000005
MI,2013,A,Natural,1,0.1
MI,2013,B,Human,82,137.4
MI,2013,B,Missing data/not specified/undetermined,173,361.3
MI,2013,B,Natural,2,3.0
MI,2013,C,Human,5,172.1
MI,2013,C,Missing data/not specified/undetermined,14,264.1
MI,2013,C,Natural,1,16.4
MI,2014,A,Human,121,15.430000000000001
MI,2014,A,Natural,3,0.21000000000000002
MI,2014,B,Human,123,251.39
MI,2014,B,Natural,4,15.189999999999998
MI,2014,C,Human,12,235.85000000000002
MI,2014,D,Human,1,154.0
MI,2015,A,Human,140,18.14
MI,2015,A,Natural,10,1.21
MI,2015,B,Human,308,660.4399999999999
MI,2015,B,Missing data/not specified/undetermined,2,7.3
MI,2015,B,Natural,5,23.8
MI,2015,C,Human,54,1444.8
MI,2015,C,Natural,1,12.8
MI,2015,E,Human,3,1647.0
MI,2016,A,Human,144,17.79
MI,2016,A,Natural,4,0.38
MI,2016,B,Human,210,416.39
MI,2016,B,Natural,1,8.9
MI,2016,C,Human,23,599.52
MI,2016,C,Natural,2,122.0
MI,2016,D,Human,1,154.0
MI,2016,D,Natural,1,127.0
MI,2016,F,Human,1,2250.0
MI,2017,A,Human,88,11.42
MI,2017,A,Natural,6,0.51
MI,2017,B,Human,154,337.03000000000003
MI,2017,B,Natural,2,2.3
MI,2017,C,Human,14,322.5
MI,2017,C,Natural,1,55.0
MI,2018,A,Human,127,16.95
MI,2018,A,Missing data/not specified/undetermined,1,0.2
MI,2018,A,Natural,7,0.7000000000000001
MI,2018,B,Human,2541,3057.26
MI,2018,B,Natural,269,344.7
MI,2018,C,Human,56,1345.8
MI,2018,C,Natural,6,140.8
MI,2018,D,Human,5,547.19
MI,2018,D,Natural,1,105.0
MI,2018,F,Human,1,1900.0
MI,2019,A,Human,132,15.73
MI,2019,A,Natural,5,0.7000000000000001
MI,2019,B,Human,2747,3154.27
MI,2019,B,Missing data/not specified/undetermined,1,1.0
MI,2019,B,Natural,410,472.1
MI,2019,C,Human,52,1105.19
MI,2019,C,Missing data/not specified/undetermined,1,12.8
MI,2019,C,Natural,8,185.7
MI,2019,D,Human,1,140.0
MI,2019,E,Human,1,300.0
MI,2020,A,Human,227,28.19
MI,2020,A,Missing data/not specified/undetermined,6,0.9
MI,2020,A,Natural,20,2.1
MI,2020,B,Human,1141,1419.59
MI,2020,B,Missing data/not specified/undetermined,4,7.720000000000001
MI,2020,B,Natural,178,203.5
MI,2020,C,Human,22,506.5
MI,2020,C,Natural,1,50.0
MI,2020,D,Human,4,467.0
MN,1992,A,Human,436,53.800000000000004
MN,1992,A,Natural,7,0.52
MN,1992,B,Human,914,1783.11
MN,1992,B,Natural,8,24.6
MN,1992,C,Human,204,6681.5
MN,1992,C,Missing data/not specified/undetermined,3,153.29999999999998
MN,1992,D,Human,33,5680.9
MN,1992,D,Missing data/not specified/undetermined,1,154.0
MN,1992,E,Human,10,5363.4
MN,1992,F,Human,3,5087.0
MN,1992,G,Human,1,5200.0
MN,1993,A,Human,349,48.32
MN,1993,A,Natural,4,0.31
MN,1993,B,Human,782,1747.68
MN,1993,B,Missing data/not specified/undetermined,1,1.4
MN,1993,B,Natural,3,5.0
MN,1993,C,Human,186,5670.0
MN,1993,C,Natural,2,87.0
MN,1993,D,Human,25,3950.0
MN,1993,E,Human,10,5078.0
MN,1993,F,Human,1,2500.0
MN,1994,A,Human,413,55.67
MN,1994,A,Missing data/not specified/undetermined,1,0.1
MN,1994,A,Natural,20,2.15
MN,1994,B,Human,1216,2412.7
MN,1994,B,Missing data/not specified/undetermined,1,2.0
MN,1994,B,Natural,5,11.4
MN,1994,C,Human,209,6432.0
MN,1994,C,Missing data/not specified/undetermined,1,75.3
MN,1994,C,Natural,1,80.0
MN,1994,D,Human,23,3809.0
MN,1994,D,Natural,1,100.0
MN,1994,E,Human,10,4750.0
MN,1994,F,Human,2,8000.0
MN,1994,G,Human,1,11420.0
MN,1995,A,Human,380,45.77
MN,1995,A,Missing data/not specified/undetermined,1,0.2
MN,1995,A,Natural,26,2.9400000000000004
MN,1995,B,Human,1077,2135.02
MN,1995,B,Natural,36,89.2
MN,1995,C,Human,162,4561.18
MN,1995,C,Natural,4,95.0
MN,1995,D,Human,29,5203.0
MN,1995,E,Human,9,4148.0
MN,1995,F,Human,2,5860.0
MN,1995,F,Natural,3,5327.0
MN,1995,G,Human,2,18600.0
MN,1996,A,Human,497,64.95
MN,1996,A,Missing data/not specified/undetermined,1,0.1
MN,1996,A,Natural,21,1.99
MN,1996,B,Human,974,1957.95
MN,1996,B,Missing data/not specified/undetermined,1,0.3
MN,1996,B,Natural,10,33.9
MN,1996,C,Human,202,5697.85
MN,1996,C,Missing data/not specified/undetermined,1,56.1
MN,1996,C,Natural,3,41.0
MN,1996,D,Human,27,4186.8
MN,1996,E,Human,9,3557.0
MN,1996,F,Human,4,5156.0
MN,1996,F,Natural,2,8880.0
MN,1997,A,Human,752,100.94
MN,1997,A,Natural,20,2.46
MN,1997,B,Human,1478,2769.84
MN,1997,B,Missing data/not specified/undetermined,2,9.5
MN,1997,B,Natural,13,17.5
MN,1997,C,Human,218,5805.6
MN,1997,C,Natural,2,25.5
MN,1997,D,Human,35,5894.4
MN,1997,E,Human,7,3905.0
MN,1997,F,Human,1,2178.0
MN,1998,A,Human,755,99.53
MN,1998,A,Natural,40,4.67
MN,1998,B,Human,1338,2415.05
MN,1998,B,Missing data/not specified/undetermined,3,2.8
MN,1998,B,Natural,32,83.9
MN,1998,C,Human,217,6089.1
MN,1998,C,Missing data/not specified/undetermined,5,240.0
MN,1998,C,Natural,6,156.0
MN,1998,D,Human,42,7284.6
MN,1998,D,Natural,1,155.0
MN,1998,E,Human,29,16147.0
MN,1998,F,Human,4,5322.0
MN,1998,G,Human,2,11140.0
MN,1999,A,Human,556,73.97
MN,1999,A,Missing data/not specified/undetermined,1,0.2
MN,1999,A,Natural,12,1.02
MN,1999,B,Human,1252,2193.87
MN,1999,B,Missing data/not specified/undetermined,5,12.9
MN,1999,B,Natural,4,9.2
MN,1999,C,Human,217,6154.9
MN,1999,C,Missing data/not specified/undetermined,5,212.1
MN,1999,C,Natural,1,20.0
MN,1999,D,Human,42,6635.7
MN,1999,E,Human,13,7505.0
MN,1999,F,Human,5,10040.0
MN,2000,A,Human,725,94.95
MN,2000,A,Missing data/not specified/undetermined,1,0.1
MN,2000,A,Natural,13,1.22
MN,2000,B,Human,1424,2807.0
MN,2000,B,Missing data/not specified/undetermined,8,17.1
MN,2000,B,Natural,4,13.1
MN,2000,C,Human,357,9914.1
MN,2000,C,Missing data/not specified/undetermined,5,140.5
MN,2000,C,Natural,2,39.0
MN,2000,D,Human,52,8559.1
MN,2000,D,Missing data/not specified/undetermined,2,390.0
MN,2000,E,Human,24,13361.0
MN,2000,F,Human,12,20200.0
MN,2000,G,Human,2,13633.0
MN,2001,A,Human,448,49.47
MN,2001,A,Missing data/not specified/undetermined,3,0.30000000000000004
MN,2001,A,Natural,16,1.53
MN,2001,B,Human,714,1257.72
MN,2001,B,Missing data/not specified/undetermined,6,12.0
MN,2001,B,Natural,6,17.0
MN,2001,C,Human,112,3017.5
MN,2001,C,Missing data/not specified/undetermined,3,127.8
MN,2001,C,Natural,1,25.0
MN,2001,D,Human,12,1848.0
MN,2001,E,Human,4,1760.0
MN,2001,F,Human,1,1200.0
MN,2001,G,Human,1,13820.0
MN,2002,A,Human,668,77.37
MN,2002,A,Missing data/not specified/undetermined,1,0.1
MN,2002,A,Natural,24,2.38
MN,2002,B,Human,1095,1735.74
MN,2002,B,Missing data/not specified/undetermined,7,26.7
MN,2002,B,Natural,16,30.4
MN,2002,C,Human,147,4590.6
MN,2002,C,Missing data/not specified/undetermined,5,364.0
MN,2002,C,Natural,2,33.5
MN,2002,D,Human,35,6030.0
MN,2002,D,Natural,2,270.0
MN,2002,E,Human,22,13312.0
MN,2002,E,Natural,1,450.0
MN,2002,F,Human,12,21500.0
MN,2002,G,Human,2,15935.0
MN,2003,A,Human,909,109.07000000000001
MN,2003,A,Missing data/not specified/undetermined,2,0.2
MN,2003,A,Natural,17,1.76
MN,2003,B,Human,1852,3295.64
MN,2003,B,Missing data/not specified/undetermined,15,45.5
MN,2003,B,Natural,18,51.25
MN,2003,C,Human,351,11132.0
MN,2003,C,Missing data/not specified/undetermined,15,466.0
MN,2003,C,Natural,3,141.5
MN,2003,D,Human,58,10005.8
MN,2003,D,Missing data/not specified/undetermined,3,600.0
MN,2003,D,Natural,1,109.0
MN,2003,E,Human,30,17443.0
MN,2003,E,Missing data/not specified/undetermined,3,1340.0
MN,2003,E,Natural,1,500.0
MN,2003,F,Human,15,25309.0
MN,2003,G,Human,4,86215.0
MN,2004,A,Human,689,88.28
MN,2004,A,Natural,20,1.84
MN,2004,B,Human,989,1886.18
MN,2004,B,Missing data/not specified/undetermined,3,9.0
MN,2004,B,Natural,13,25.25
MN,2004,C,Human,201,6154.4
MN,2004,C,Missing data/not specified/undetermined,2,160.0
MN,2004,C,Natural,3,139.5
MN,2004,D,Human,34,5661.0
MN,2004,D,Missing data/not specified/undetermined,3,482.0
MN,2004,E,Human,20,9828.0
MN,2004,E,Missing data/not specified/undetermined,1,507.0
MN,2004,E,Natural,1,354.0
MN,2004,F,Human,8,11585.0
MN,2004,F,Natural,1,1435.0
MN,2004,G,Human,1,7330.5
MN,2005,A,Human,544,66.47
MN,2005,A,Missing data/not specified/undetermined,2,0.2
MN,2005,A,Natural,26,2.8600000000000003
MN,2005,B,Human,930,1501.05
MN,2005,B,Missing data/not specified/undetermined,2,3.5
MN,2005,B,Natural,32,72.27
MN,2005,C,Human,150,4087.52
MN,2005,C,Missing data/not specified/undetermined,2,108.1
MN,2005,C,Natural,3,50.0
MN,2005,D,Human,22,4159.8
MN,2005,E,Human,11,4359.0
MN,2005,F,Human,2,4500.0
MN,2005,F,Missing data/not specified/undetermined,1,2210.0
MN,2005,F,Natural,1,1335.0
MN,2006,A,Human,802,91.02000000000001
MN,2006,A,Missing data/not specified/undetermined,1,0.1
MN,2006,A,Natural,99,12.950000000000001
MN,2006,B,Human,1249,2275.49
MN,2006,B,Missing data/not specified/undetermined,11,16.0
MN,2006,B,Natural,56,82.83
MN,2006,C,Human,226,6473.52
MN,2006,C,Missing data/not specified/undetermined,5,245.0
MN,2006,C,Natural,11,311.5
MN,2006,D,Human,22,3673.5
MN,2006,D,Missing data/not specified/undetermined,2,429.0
MN,2006,E,Human,15,7929.0
MN,2006,E,Missing data/not specified/undetermined,1,950.0
MN,2006,F,Human,2,4405.0
MN,2006,F,Missing data/not specified/undetermined,1,3650.0
MN,2006,F,Natural,3,7981.0
MN,2006,G,Human,1,5700.0
MN,2006,G,Natural,1,31830.0
MN,2007,A,Human,573,63.79
MN,2007,A,Missing data/not specified/undetermined,1,0.1
MN,2007,A,Natural,71,8.620000000000001
MN,2007,B,Human,888,1487.45
MN,2007,B,Missing data/not specified/undetermined,4,10.0
MN,2007,B,Natural,29,38.8
MN,2007,C,Human,139,4125.6
MN,2007,C,Missing data/not specified/undetermined,4,57.0
MN,2007,C,Natural,3,102.5
MN,2007,D,Human,34,5773.7
MN,2007,D,Missing data/not specified/undetermined,1,125.0
MN,2007,D,Natural,1,150.0
MN,2007,E,Human,18,8759.0
MN,2007,E,Missing data/not specified/undetermined,1,480.0
MN,2007,E,Natural,1,400.0
MN,2007,F,Human,14,30137.0
MN,2007,F,Missing data/not specified/undetermined,1,2000.0
MN,2007,G,Human,4,110686.0
MN,2008,A,Human,384,42.61
MN,2008,A,Natural,11,1.22
MN,2008,B,Human,618,1015.19
MN,2008,B,Missing data/not specified/undetermined,3,10.0
MN,2008,B,Natural,9,32.05
MN,2008,C,Human,96,3404.15
MN,2008,C,Missing data/not specified/undetermined,1,44.0
MN,2008,C,Natural,4,166.8
MN,2008,D,Human,26,4622.0
MN,2008,E,Human,8,3881.0
MN,2008,E,Missing data/not specified/undetermined,1,700.0
MN,2008,F,Human,4,7278.0
MN,2009,A,Human,414,47.5
MN,2009,A,Natural,8,0.81
MN,2009,B,Human,680,1035.01
MN,2009,B,Missing data/not specified/undetermined,7,8.1
MN,2009,B,Natural,3,2.3
MN,2009,C,Human,96,3045.19
MN,2009,C,Missing data/not specified/undetermined,4,185.0
MN,2009,D,Human,14,2392.0
MN,2009,D,Missing data/not specified/undetermined,3,500.0
MN,2009,E,Human,2,800.0
MN,2009,F,Human,2,3700.0
MN,2010,A,Human,714,84.12
MN,2010,A,Missing data/not specified/undetermined,2,0.30000000000000004
MN,2010,A,Natural,9,1.11
MN,2010,B,Human,1058,1922.64
MN,2010,B,Missing data/not specified/undetermined,16,34.1
MN,2010,B,Natural,6,8.8
MN,2010,C,Human,194,6110.97
MN,2010,C,Missing data/not specified/undetermined,12,430.0
MN,2010,C,Natural,1,19.0
MN,2010,D,Human,30,5595.0
MN,2010,D,Missing data/not specified/undetermined,2,460.0
MN,2010,E,Human,23,12563.0
MN,2010,E,Missing data/not specified/undetermined,3,2300.0
MN,2010,F,Human,4,6151.0
MN,2011,A,Human,446,51.95
MN,2011,A,Missing data/not specified/undetermined,1,0.1
MN,2011,A,Natural,13,1.19
MN,2011,B,Human,611,895.32
MN,2011,B,Missing data/not specified/undetermined,4,9.6
MN,2011,B,Natural,11,21.42
MN,2011,C,Human,110,3501.1
MN,2011,C,Missing data/not specified/undetermined,1,36.0
MN,2011,C,Natural,4,77.0
MN,2011,D,Human,20,3083.0
MN,2011,E,Human,7,3537.0
MN,2011,E,Natural,1,300.0
MN,2011,F,Human,5,7183.0
MN,2011,G,Human,1,28810.0
MN,2011,G,Natural,1,92682.0
MN,2012,A,Human,738,86.79
MN,2012,A,Missing data/not specified/undetermined,3,0.30000000000000004
MN,2012,A,Natural,26,2.6
MN,2012,B,Human,1190,2021.69
MN,2012,B,Missing data/not specified/undetermined,14,35.0
MN,2012,B,Natural,18,24.759999999999998
MN,2012,C,Human,222,7182.7
MN,2012,C,Missing data/not specified/undetermined,10,363.0
MN,2012,C,Natural,6,170.2
MN,2012,D,Human,32,5343.0
MN,2012,D,Missing data/not specified/undetermined,6,1144.0
MN,2012,E,Human,21,11150.0
MN,2012,F,Human,5,5805.0
MN,2012,F,Missing data/not specified/undetermined,2,5862.0
MN,2012,G,Missing data/not specified/undetermined,1,25396.0
MN,2013,A,Human,402,51.35
MN,2013,A,Missing data/not specified/undetermined,3,0.4
MN,2013,A,Natural,11,1.4300000000000002
MN,2013,B,Human,591,1018.94
MN,2013,B,Missing data/not specified/undetermined,8,17.5
MN,2013,B,Natural,2,5.0
MN,2013,C,Human,92,2794.55
MN,2013,C,Missing data/not specified/undetermined,2,30.0
MN,2013,D,Human,14,1925.3
MN,2013,D,Missing data/not specified/undetermined,1,240.0
MN,2013,D,Natural,1,188.0
MN,2013,E,Human,1,430.0
MN,2013,F,Human,3,8134.0
MN,2013,G,Human,1,7100.0
MN,2014,A,Human,390,47.0
MN,2014,A,Natural,10,0.8600000000000001
MN,2014,B,Human,536,802.88
MN,2014,B,Missing data/not specified/undetermined,1,4.0
MN,2014,B,Natural,3,5.9
MN,2014,C,Human,55,1656.0
MN,2014,C,Natural,2,43.0
MN,2014,D,Human,8,1123.0
MN,2014,E,Human,1,302.0
MN,2015,A,Human,653,77.8
MN,2015,A,Natural,10,0.92
MN,2015,B,Human,957,1607.15
MN,2015,B,Missing data/not specified/undetermined,6,7.7
MN,2015,B,Natural,4,4.5
MN,2015,C,Human,152,4415.4
MN,2015,C,Missing data/not specified/undetermined,3,64.0
MN,2015,C,Natural,3,52.0
MN,2015,D,Human,34,5881.0
MN,2015,E,Human,11,5019.0
MN,2015,F,Human,5,11823.0
MN,2016,A,Human,519,62.86
MN,2016,A,Missing data/not specified/undetermined,1,0.1
MN,2016,A,Natural,11,1.06
MN,2016,B,Human,763,1196.65
MN,2016,B,Natural,3,1.3
MN,2016,C,Human,109,3308.8
MN,2016,C,Missing data/not specified/undetermined,1,15.0
MN,2016,C,Natural,3,58.0
MN,2016,D,Human,18,3090.0
MN,2016,D,Natural,1,257.0
MN,2016,E,Human,9,4589.0
MN,2017,A,Human,478,57.150000000000006
MN,2017,A,Natural,3,0.4
MN,2017,B,Human,543,848.22
MN,2017,B,Missing data/not specified/undetermined,3,4.0
MN,2017,B,Natural,2,1.8
MN,2017,C,Human,63,1609.4
MN,2017,C,Missing data/not specified/undetermined,2,59.0
MN,2017,C,Natural,1,11.0
MN,2017,D,Human,8,1232.0
MN,2017,E,Human,2,1308.0
MN,2017,F,Human,1,1328.0
MN,2018,A,Human,501,61.160000000000004
MN,2018,A,Natural,11,1.1400000000000001
MN,2018,B,Human,696,1162.38
MN,2018,B,Missing data/not specified/undetermined,2,6.0
MN,2018,B,Natural,7,18.58
MN,2018,C,Human,120,3506.15
MN,2018,C,Missing data/not specified/undetermined,2,97.0
MN,2018,C,Natural,1,14.5
MN,2018,D,Human,18,2860.8
MN,2018,E,Human,4,1434.0
MN,2018,E,Natural,1,818.0
MN,2018,F,Human,3,7331.0
MN,2019,A,Human,393,51.940000000000005
MN,2019,A,Natural,5,0.41000000000000003
MN,2019,B,Human,512,882.51
MN,2019,B,Missing data/not specified/undetermined,1,9.0
MN,2019,B,Natural,9,18.65
MN,2019,C,Human,59,2017.87
MN,2019,C,Natural,2,33.0
MN,2019,D,Human,9,1507.7
MN,2019,E,Human,2,977.0
MN,2020,A,Human,706,86.26
MN,2020,A,Missing data/not specified/undetermined,25,2.85
MN,2020,A,Natural,14,1.53
MN,2020,B,Human,530,952.47
MN,2020,B,Missing data/not specified/undetermined,18,50.4
MN,2020,B,Natural,4,13.5
MN,2020,C,Human,80,2058.6
MN,2020,C,Missing data/not specified/undetermined,4,55.5
MN,2020,C,Natural,3,90.5
MN,2020,D,Human,14,2170.2
MN,2020,E,Human,3,1226.0
MN,2020,E,Missing data/not specified/undetermined,1,441.0
MN,2020,F,Human,1,1792.0
MO,1992,A,Human,7,0.8
MO,1992,A,Natural,1,0.1
MO,1992,B,Human,1136,3216.4
MO,1992,B,Natural,8,22.0
MO,1992,C,Human,475,15097.7
MO,1992,C,Natural,5,133.0
MO,1992,D,Human,42,6706.0
MO,1992,E,Human,5,2490.0
MO,1992,F,Human,1,1050.0
MO,1993,A,Human,17,1.9000000000000001
MO,1993,B,Human,618,1761.1
MO,1993,B,Natural,6,18.0
MO,1993,C,Human,232,6168.3
MO,1993,C,Natural,3,37.0
MO,1993,D,Human,26,3835.0
MO,1993,E,Human,3,927.0
MO,1993,F,Human,1,2245.0
MO,1994,A,Human,15,2.2
MO,1994,B,Human,978,2742.9
MO,1994,B,Natural,4,8.0
MO,1994,C,Human,522,16407.3
MO,1994,C,Natural,1,30.0
MO,1994,D,Human,76,11637.0
MO,1994,E,Human,11,5422.0
MO,1995,A,Human,19,2.6
MO,1995,A,Missing data/not specified/undetermined,2,0.4
MO,1995,B,Human,1195,3633.7
MO,1995,B,Missing data/not specified/undetermined,2,5.0
MO,1995,B,Natural,12,43.0
MO,1995,C,Human,707,22626.7
MO,1995,C,Missing data/not specified/undetermined,8,285.0
MO,1995,C,Natural,4,182.0
MO,1995,D,Human,93,15312.0
MO,1995,D,Missing data/not specified/undetermined,3,390.0
MO,1995,D,Natural,1,273.0
MO,1995,E,Human,13,6243.0
MO,1995,F,Human,1,1200.0
MO,1996,A,Human,17,2.4000000000000004
MO,1996,A,Natural,1,0.1
MO,1996,B,Human,282,698.2
MO,1996,B,Missing data/not specified/undetermined,3,7.0
MO,1996,B,Natural,4,14.0
MO,1996,C,Human,117,3947.6
MO,1996,C,Missing data/not specified/undetermined,3,60.0
MO,1996,C,Natural,3,152.0
MO,1996,D,Human,9,1922.0
MO,1996,D,Missing data/not specified/undetermined,1,250.0
MO,1996,E,Human,3,1485.0
MO,1997,A,Human,6,0.9
MO,1997,B,Human,853,2180.3
MO,1997,B,Missing data/not specified/undetermined,9,24.0
MO,1997,B,Natural,8,21.5
MO,1997,C,Human,390,11777.0
MO,1997,C,Missing data/not specified/undetermined,2,85.0
MO,1997,C,Natural,1,10.0
MO,1997,D,Human,37,6159.0
MO,1997,E,Human,8,3682.0
MO,1998,A,Human,14,2.0
MO,1998,B,Human,316,946.3
MO,1998,B,Missing data/not specified/undetermined,1,1.0
MO,1998,C,Human,165,4757.5
MO,1998,C,Missing data/not specified/undetermined,1,40.0
MO,1998,D,Human,21,3696.0
MO,1998,E,Human,3,1539.0
MO,1999,A,Human,16,2.3000000000000003
MO,1999,B,Human,705,1915.6
MO,1999,B,Missing data/not specified/undetermined,9,18.0
MO,1999,B,Natural,7,12.0
MO,1999,C,Human,389,12454.2
MO,1999,C,Missing data/not specified/undetermined,3,55.8
MO,1999,C,Natural,3,87.0
MO,1999,D,Human,52,8456.0
MO,1999,D,Missing data/not specified/undetermined,1,100.0
MO,1999,E,Human,16,9195.0
MO,1999,E,Missing data/not specified/undetermined,1,500.0
MO,1999,F,Human,2,2703.0
MO,2000,A,Human,8,0.9
MO,2000,B,Human,416,1263.4
MO,2000,B,Missing data/not specified/undetermined,1,1.0
MO,2000,B,Natural,6,20.0
MO,2000,C,Human,208,6657.0
MO,2000,C,Natural,2,52.0
MO,2000,D,Human,21,3349.0
MO,2000,D,Missing data/not specified/undetermined,1,187.0
MO,2000,D,Natural,1,128.0
MO,2000,E,Human,6,3011.0
MO,2000,F,Human,2,2465.0
MO,2001,A,Human,49,5.1000000000000005
MO,2001,B,Human,532,1546.4
MO,2001,B,Missing data/not specified/undetermined,3,3.0
MO,2001,B,Natural,4,10.5
MO,2001,C,Human,259,8156.6
MO,2001,D,Human,32,5342.0
MO,2001,E,Human,2,990.0
MO,2001,F,Human,1,1017.0
MO,2002,A,Human,16,2.0
MO,2002,B,Human,377,1058.3
MO,2002,B,Missing data/not specified/undetermined,3,9.0
MO,2002,C,Human,236,7663.7
MO,2002,D,Human,26,4165.7
MO,2002,D,Natural,1,150.0
MO,2002,E,Human,10,4404.0
MO,2002,F,Human,1,3082.0
MO,2003,A,Human,64,7.24
MO,2003,A,Missing data/not specified/undetermined,24,2.5
MO,2003,A,Natural,8,0.8300000000000001
MO,2003,B,Human,152,397.82
MO,2003,B,Missing data/not specified/undetermined,19,35.5
MO,2003,B,Natural,3,4.0
MO,2003,C,Human,56,1514.23
MO,2003,C,Missing data/not specified/undetermined,6,126.0
MO,2003,C,Natural,1,33.0
MO,2003,D,Human,7,1154.9
MO,2004,A,Human,34,4.1000000000000005
MO,2004,A,Missing data/not specified/undetermined,22,2.5
MO,2004,A,Natural,2,0.2
MO,2004,B,Human,139,390.37
MO,2004,B,Missing data/not specified/undetermined,10,17.3
MO,2004,B,Natural,1,1.0
MO,2004,C,Human,76,2635.92
MO,2004,C,Missing data/not specified/undetermined,2,45.0
MO,2004,D,Human,16,2836.6
MO,2004,D,Missing data/not specified/undetermined,1,139.0
MO,2004,E,Human,3,1119.5
MO,2004,F,Human,1,1026.0
MO,2005,A,Human,42,5.8
MO,2005,A,Missing data/not specified/undetermined,13,1.3
MO,2005,A,Natural,1,0.1
MO,2005,B,Human,188,473.23
MO,2005,B,Missing data/not specified/undetermined,28,44.7
MO,2005,B,Natural,2,5.5
MO,2005,C,Human,86,3052.13
MO,2005,C,Missing data/not specified/undetermined,5,142.0
MO,2005,D,Human,36,6279.76
MO,2005,E,Human,10,4262.29
MO,2005,E,Missing data/not specified/undetermined,1,500.0
MO,2005,F,Missing data/not specified/undetermined,1,3422.0
MO,2006,A,Human,58,7.65
MO,2006,A,Missing data/not specified/undetermined,40,4.4
MO,2006,A,Natural,3,0.30000000000000004
MO,2006,B,Human,145,350.27
MO,2006,B,Missing data/not specified/undetermined,44,53.8
MO,2006,B,Natural,1,1.0
MO,2006,C,Human,73,2405.94
MO,2006,C,Missing data/not specified/undetermined,4,130.2
MO,2006,C,Natural,2,96.0
MO,2006,D,Human,49,8521.6
MO,2006,D,Missing data/not specified/undetermined,3,404.0
MO,2006,D,Natural,3,499.0
MO,2006,E,Human,13,6070.0
MO,2006,E,Missing data/not specified/undetermined,1,350.0
MO,2006,F,Human,2,5303.0
MO,2007,A,Human,105,12.55
MO,2007,A,Missing data/not specified/undetermined,93,9.700000000000001
MO,2007,A,Natural,6,0.7000000000000001
MO,2007,B,Human,163,418.65
MO,2007,B,Missing data/not specified/undetermined,54,63.2
MO,2007,B,Natural,2,1.5
MO,2007,C,Human,58,1954.65
MO,2007,C,Missing data/not specified/undetermined,4,40.0
MO,2007,C,Natural,2,31.0
MO,2007,D,Human,23,4124.5
MO,2007,D,Missing data/not specified/undetermined,2,355.0
MO,2007,E,Human,8,3179.0
MO,2007,F,Human,3,4056.0
MO,2008,A,Human,10,1.02
MO,2008,A,Missing data/not specified/undetermined,18,1.8
MO,2008,A,Natural,2,0.2
MO,2008,B,Human,45,114.04
MO,2008,B,Missing data/not specified/undetermined,15,14.4
MO,2008,C,Human,22,754.2
MO,2008,C,Missing data/not specified/undetermined,1,10.1
MO,2008,D,Human,17,2939.0
MO,2008,E,Human,6,2099.0
MO,2009,A,Human,29,2.85
MO,2009,A,Natural,1,0.1
MO,2009,B,Human,85,273.6
MO,2009,C,Human,71,2231.08
MO,2009,D,Human,36,6114.25
MO,2009,D,Natural,1,144.0
MO,2009,E,Human,15,7069.0
MO,2009,F,Human,1,2160.0
MO,2010,A,Human,20,2.87
MO,2010,A,Natural,2,0.35
MO,2010,B,Human,79,224.93
MO,2010,C,Human,54,1916.05
MO,2010,C,Missing data/not specified/undetermined,1,50.0
MO,2010,C,Natural,1,22.5
MO,2010,D,Human,28,4681.5
MO,2010,E,Human,10,4718.3
MO,2010,F,Human,1,2855.0
MO,2011,A,Human,6,1.07
MO,2011,B,Human,538,1123.5
MO,2011,B,Missing data/not specified/undetermined,2,6.0
MO,2011,B,Natural,6,12.0
MO,2011,C,Human,136,4847.45
MO,2011,C,Natural,1,23.0
MO,2011,D,Human,26,4237.25
MO,2011,E,Human,22,12085.28
MO,2011,F,Human,2,8282.0
MO,2011,F,Missing data/not specified/undetermined,1,1227.0
MO,2012,A,Human,29,3.63
MO,2012,A,Missing data/not specified/undetermined,2,0.30000000000000004
MO,2012,A,Natural,3,0.30000000000000004
MO,2012,B,Human,76,287.49
MO,2012,B,Natural,9,29.77
MO,2012,C,Human,52,1892.88
MO,2012,C,Natural,4,214.58
MO,2012,D,Human,26,4485.15
MO,2012,D,Missing data/not specified/undetermined,3,720.0
MO,2012,E,Human,13,6630.3
MO,2012,E,Natural,1,495.1
MO,2012,F,Human,2,2837.0
MO,2012,F,Natural,1,1126.0
MO,2013,A,Human,4,0.4
MO,2013,A,Natural,1,0.1
MO,2013,B,Human,333,671.22
MO,2013,B,Natural,3,2.5
MO,2013,C,Human,66,2185.96
MO,2013,D,Human,5,688.0
MO,2013,E,Human,1,337.0
MO,2014,A,Human,8,1.19
MO,2014,B,Human,913,1960.18
MO,2014,B,Natural,2,2.0
MO,2014,C,Human,276,8375.63
MO,2014,C,Natural,2,67.0
MO,2014,D,Human,38,5996.0
MO,2014,E,Human,10,3908.8
MO,2014,F,Human,2,2145.0
MO,2015,A,Human,100,16.191
MO,2015,B,Human,507,1163.96
MO,2015,B,Natural,1,1.5
MO,2015,C,Human,142,3801.69
MO,2015,D,Human,12,1848.2
MO,2015,E,Human,6,3046.2
MO,2015,F,Human,1,2146.0
MO,2016,A,Human,132,15.628
MO,2016,A,Natural,2,0.2
MO,2016,B,Human,543,1154.5
MO,2016,B,Natural,1,0.5
MO,2016,C,Human,188,5614.46
MO,2016,D,Human,20,3279.39
MO,2016,E,Human,4,2125.0
MO,2016,E,Natural,1,600.0
MO,2016,F,Human,2,2205.0
MO,2017,A,Human,184,29.8105
MO,2017,B,Human,716,1588.45
MO,2017,B,Natural,5,21.78
MO,2017,C,Human,256,7878.86
MO,2017,C,Natural,2,95.16
MO,2017,D,Human,28,3914.42
MO,2017,E,Human,9,4344.0
MO,2017,F,Human,1,1034.0
MO,2018,A,Human,513,40.602000000000004
MO,2018,A,Natural,3,0.054000000000000006
MO,2018,B,Human,1097,2715.68
MO,2018,B,Natural,3,10.690000000000001
MO,2018,C,Human,289,8702.99
MO,2018,C,Natural,3,85.39
MO,2018,D,Human,37,5791.34
MO,2018,E,Human,8,4703.59
MO,2018,E,Natural,1,759.96
MO,2018,F,Human,2,3466.55
MO,2019,A,Human,375,35.78
MO,2019,A,Natural,6,0.24
MO,2019,B,Human,594,1354.11
MO,2019,B,Natural,4,12.49
MO,2019,C,Human,130,3883.97
MO,2019,D,Human,15,2360.19
MO,2019,E,Human,7,2864.41
MO,2019,F,Human,2,3853.1
MO,2020,A,Human,437,106.9
MO,2020,A,Natural,1,0.25
MO,2020,B,Human,732,1730.74
MO,2020,B,Natural,1,3.65
MO,2020,C,Human,184,5401.44
MO,2020,C,Missing data/not specified/undetermined,1,54.2
MO,2020,D,Human,18,3097.76
MO,2020,E,Human,3,2432.91
MO,2020,F,Human,2,3542.85
MS,1992,A,Human,20,2.8000000000000003
MS,1992,A,Missing data/not specified/undetermined,1,0.1
MS,1992,A,Natural,1,0.2
MS,1992,B,Human,2956,8624.9
MS,1992,B,Missing data/not specified/undetermined,1,0.3
MS,1992,B,Natural,4,12.5
MS,1992,C,Human,1427,39589.4
MS,1992,C,Missing data/not specified/undetermined,2,123.0
MS,1992,C,Natural,1,88.0
MS,1992,D,Human,55,8272.9
MS,1992,E,Human,10,4116.0
MS,1993,A,Human,24,3.1
MS,1993,A,Natural,1,0.1
MS,1993,B,Human,2678,7752.5
MS,1993,B,Natural,12,37.5
MS,1993,C,Human,1241,31785.1
MS,1993,C,Natural,1,49.0
MS,1993,D,Human,48,7380.0
MS,1993,E,Human,8,4401.0
MS,1993,F,Human,2,2700.0
MS,1994,A,Human,20,2.8000000000000003
MS,1994,B,Human,2229,6510.1
MS,1994,B,Missing data/not specified/undetermined,1,2.1
MS,1994,B,Natural,7,13.0
MS,1994,C,Human,1046,28738.1
MS,1994,D,Human,38,5790.4
MS,1994,E,Human,9,5195.0
MS,1994,F,Human,5,8202.0
MS,1995,A,Human,24,3.7
MS,1995,A,Natural,3,0.4
MS,1995,B,Human,3343,9446.9
MS,1995,B,Natural,14,20.0
MS,1995,C,Human,1535,42277.8
MS,1995,C,Missing data/not specified/undetermined,1,80.0
MS,1995,C,Natural,5,84.0
MS,1995,D,Human,60,8853.0
MS,1995,E,Human,5,1960.0
MS,1995,F,Human,2,5288.0
MS,1996,A,Human,19,2.4000000000000004
MS,1996,A,Natural,1,0.1
MS,1996,B,Human,3069,9292.5
MS,1996,B,Natural,19,53.0
MS,1996,C,Human,1673,47763.7
MS,1996,C,Natural,1,40.0
MS,1996,D,Human,109,16453.0
MS,1996,D,Missing data/not specified/undetermined,1,100.0
MS,1996,E,Human,25,10692.0
MS,1996,F,Human,5,12103.0
MS,1996,G,Human,1,5208.0
MS,1997,A,Human,12,1.7000000000000002
MS,1997,B,Human,1962,5576.8
MS,1997,B,Missing data/not specified/undetermined,1,5.0
MS,1997,B,Natural,4,11.0
MS,1997,C,Human,773,20587.1
MS,1997,C,Natural,1,20.0
MS,1997,D,Human,26,3823.0
MS,1997,E,Human,1,679.0
MS,1997,E,Natural,1,300.0
MS,1997,F,Human,1,1350.0
MS,1998,A,Human,10,1.1
MS,1998,A,Natural,1,0.2
MS,1998,B,Human,2394,7161.9
MS,1998,B,Missing data/not specified/undetermined,2,14.6
MS,1998,B,Natural,24,55.0
MS,1998,C,Human,953,25536.0
MS,1998,C,Natural,4,130.0
MS,1998,D,Human,27,4201.0
MS,1998,E,Human,6,2549.0
MS,1999,A,Human,25,3.9000000000000004
MS,1999,A,Natural,3,0.30000000000000004
MS,1999,B,Human,3881,11036.4
MS,1999,B,Natural,28,57.8
MS,1999,C,Human,1419,38022.5
MS,1999,C,Natural,9,345.0
MS,1999,D,Human,60,9228.0
MS,1999,E,Human,9,3533.0
MS,1999,F,Human,2,3900.0
MS,2000,A,Human,4549,455.1
MS,2000,A,Natural,4,0.4
MS,2000,B,Human,2381,6158.4
MS,2000,B,Missing data/not specified/undetermined,1,1.0
MS,2000,B,Natural,108,278.0
MS,2000,C,Human,814,22057.7
MS,2000,C,Missing data/not specified/undetermined,1,12.0
MS,2000,C,Natural,39,1056.6
MS,2000,D,Human,64,9259.0
MS,2000,D,Natural,3,356.0
MS,2000,E,Human,15,7838.0
MS,2000,F,Human,5,5987.0
MS,2001,A,Human,483,48.7
MS,2001,A,Natural,3,0.30000000000000004
MS,2001,B,Human,1676,4750.4
MS,2001,B,Missing data/not specified/undetermined,2,1.5
MS,2001,B,Natural,11,16.0
MS,2001,C,Human,673,16472.0
MS,2001,C,Missing data/not specified/undetermined,2,45.0
MS,2001,C,Natural,5,90.0
MS,2001,D,Human,25,3558.0
MS,2001,D,Natural,1,232.0
MS,2001,E,Human,4,2277.0
MS,2001,E,Missing data/not specified/undetermined,1,500.0
MS,2001,F,Human,2,4268.0
MS,2002,A,Human,450,45.1
MS,2002,A,Natural,4,0.4
MS,2002,B,Human,1651,4977.2
MS,2002,B,Missing data/not specified/undetermined,1,1.5
MS,2002,B,Natural,8,21.0
MS,2002,C,Human,666,18511.1
MS,2002,C,Missing data/not specified/undetermined,1,35.0
MS,2002,C,Natural,3,110.0
MS,2002,D,Human,39,5852.0
MS,2002,E,Human,8,3857.0
MS,2002,F,Human,1,1000.0
MS,2003,A,Human,14,1.6500000000000001
MS,2003,A,Missing data/not specified/undetermined,1,0.1
MS,2003,B,Human,1243,3747.5
MS,2003,B,Missing data/not specified/undetermined,1,2.0
MS,2003,B,Natural,3,8.0
MS,2003,C,Human,623,16185.0
MS,2003,C,Missing data/not specified/undetermined,1,97.0
MS,2003,C,Natural,1,10.0
MS,2003,D,Human,24,3303.0
MS,2003,E,Human,1,300.0
MS,2003,F,Human,1,1090.0
MS,2004,A,Human,20,2.3600000000000003
MS,2004,B,Human,1751,5416.36
MS,2004,B,Missing data/not specified/undetermined,1,1.0
MS,2004,B,Natural,3,5.0
MS,2004,C,Human,981,26770.7
MS,2004,D,Human,52,7541.0
MS,2004,E,Human,4,2067.0
MS,2005,A,Human,31,5.05
MS,2005,A,Missing data/not specified/undetermined,1,0.1
MS,2005,A,Natural,1,0.01
MS,2005,B,Human,2356,7001.08
MS,2005,B,Missing data/not specified/undetermined,2,6.5
MS,2005,B,Natural,7,33.0
MS,2005,C,Human,1046,27767.35
MS,2005,C,Missing data/not specified/undetermined,2,24.0
MS,2005,C,Natural,2,25.0
MS,2005,D,Human,55,8644.45
MS,2005,D,Missing data/not specified/undetermined,1,265.0
MS,2005,D,Natural,1,211.0
MS,2005,E,Human,13,5291.66
MS,2005,F,Human,1,1027.0
MS,2005,G,Human,1,5300.0
MS,2006,A,Human,41,4.98
MS,2006,A,Missing data/not specified/undetermined,11,1.3
MS,2006,A,Natural,2,0.2
MS,2006,B,Human,3277,10223.91
MS,2006,B,Missing data/not specified/undetermined,11,18.7
MS,2006,B,Natural,49,126.29
MS,2006,C,Human,1853,53298.79
MS,2006,C,Missing data/not specified/undetermined,5,273.7
MS,2006,C,Natural,14,295.0
MS,2006,D,Human,212,32624.88
MS,2006,D,Natural,3,408.0
MS,2006,E,Human,48,20931.0
MS,2006,E,Natural,1,325.0
MS,2006,F,Human,5,10769.0
MS,2006,F,Natural,1,1824.0
MS,2007,A,Human,25,3.1500000000000004
MS,2007,A,Missing data/not specified/undetermined,4,0.6000000000000001
MS,2007,A,Natural,3,0.30000000000000004
MS,2007,B,Human,1608,5164.39
MS,2007,B,Missing data/not specified/undetermined,3,1.8
MS,2007,B,Natural,12,20.3
MS,2007,C,Human,1012,30174.69
MS,2007,C,Missing data/not specified/undetermined,2,43.0
MS,2007,C,Natural,5,131.9
MS,2007,D,Human,80,11571.5
MS,2007,D,Natural,1,140.0
MS,2007,E,Human,12,5277.0
MS,2008,A,Human,36,4.76
MS,2008,A,Missing data/not specified/undetermined,14,2.0
MS,2008,A,Natural,2,0.09999999999999999
MS,2008,B,Human,56,181.42
MS,2008,B,Missing data/not specified/undetermined,1276,3746.5
MS,2008,B,Natural,1,1.0
MS,2008,C,Human,25,757.56
MS,2008,C,Missing data/not specified/undetermined,550,14939.0
MS,2008,C,Natural,1,23.0
MS,2008,D,Human,7,1040.0
MS,2008,D,Missing data/not specified/undetermined,36,5767.0
MS,2008,E,Missing data/not specified/undetermined,5,2543.0
MS,2008,F,Human,3,7168.0
MS,2009,A,Human,26,3.6500000000000004
MS,2009,A,Missing data/not specified/undetermined,17,2.0
MS,2009,A,Natural,2,0.2
MS,2009,B,Human,61,171.1
MS,2009,B,Missing data/not specified/undetermined,1237,3652.3
MS,2009,B,Natural,2,0.8
MS,2009,C,Human,30,943.4
MS,2009,C,Missing data/not specified/undetermined,539,13718.0
MS,2009,D,Human,37,5622.9
MS,2009,D,Missing data/not specified/undetermined,12,1579.0
MS,2009,E,Human,2,1161.0
MS,2010,A,Human,33,4.05
MS,2010,A,Missing data/not specified/undetermined,17,2.1
MS,2010,A,Natural,3,0.30000000000000004
MS,2010,B,Human,86,195.81
MS,2010,B,Missing data/not specified/undetermined,2004,5526.0
MS,2010,B,Natural,4,3.9
MS,2010,C,Human,29,885.56
MS,2010,C,Missing data/not specified/undetermined,709,17816.0
MS,2010,D,Human,8,1098.0
MS,2010,D,Missing data/not specified/undetermined,21,3099.0
MS,2010,E,Human,3,1360.0
MS,2010,E,Missing data/not specified/undetermined,1,510.0
MS,2010,G,Human,1,5717.0
MS,2011,A,Human,42,5.8
MS,2011,A,Missing data/not specified/undetermined,17,1.8
MS,2011,A,Natural,4,0.4
MS,2011,B,Human,83,239.81
MS,2011,B,Missing data/not specified/undetermined,951,2855.9
MS,2011,B,Natural,15,28.7
MS,2011,C,Human,33,974.63
MS,2011,C,Missing data/not specified/undetermined,424,11212.0
MS,2011,C,Natural,3,88.0
MS,2011,D,Human,19,3104.0
MS,2011,D,Missing data/not specified/undetermined,8,1235.0
MS,2011,D,Natural,3,427.0
MS,2011,E,Human,9,5905.6
MS,2011,E,Natural,1,525.0
MS,2011,F,Human,2,2422.0
MS,2012,A,Human,18,1.75
MS,2012,A,Missing data/not specified/undetermined,5,0.6000000000000001
MS,2012,A,Natural,1,0.1
MS,2012,B,Human,861,2455.9
MS,2012,B,Missing data/not specified/undetermined,11,10.7
MS,2012,B,Natural,19,51.3
MS,2012,C,Human,277,6975.95
MS,2012,C,Natural,8,265.0
MS,2012,D,Human,15,1869.0
MS,2012,D,Natural,1,140.0
MS,2012,E,Human,2,953.0
MS,2013,A,Human,17,1.9000000000000001
MS,2013,A,Missing data/not specified/undetermined,7,0.7000000000000001
MS,2013,A,Natural,6,0.6000000000000001
MS,2013,B,Human,1027,2955.5
MS,2013,B,Missing data/not specified/undetermined,5,8.1
MS,2013,B,Natural,6,18.0
MS,2013,C,Human,395,11184.0
MS,2013,C,Missing data/not specified/undetermined,5,174.1
MS,2013,C,Natural,1,16.0
MS,2013,D,Human,15,2283.0
MS,2013,E,Human,2,710.0
MS,2013,E,Natural,1,700.0
MS,2013,F,Human,1,3964.0
MS,2014,A,Human,12,1.4000000000000001
MS,2014,B,Human,1503,4499.2
MS,2014,B,Missing data/not specified/undetermined,3,3.0
MS,2014,B,Natural,10,19.0
MS,2014,C,Human,655,17371.0
MS,2014,C,Natural,6,173.0
MS,2014,D,Human,24,3779.0
MS,2014,D,Natural,1,146.0
MS,2014,E,Human,7,3205.0
MS,2014,E,Missing data/not specified/undetermined,2,1182.0
MS,2014,F,Human,1,2857.0
MS,2015,A,Human,22,2.7
MS,2015,A,Missing data/not specified/undetermined,2,0.2
MS,2015,B,Human,1466,4099.9
MS,2015,B,Missing data/not specified/undetermined,4,6.5
MS,2015,B,Natural,5,13.0
MS,2015,C,Human,571,15525.5
MS,2015,C,Natural,8,363.0
MS,2015,D,Human,30,4838.8
MS,2015,D,Missing data/not specified/undetermined,1,206.0
MS,2015,D,Natural,1,106.0
MS,2015,E,Human,11,6372.0
MS,2015,E,Natural,1,520.0
MS,2015,F,Human,1,1178.0
MS,2015,F,Missing data/not specified/undetermined,1,1830.0
MS,2015,F,Natural,1,1306.0
MS,2016,A,Human,30,3.6
MS,2016,A,Missing data/not specified/undetermined,6,0.7000000000000001
MS,2016,A,Natural,1,0.1
MS,2016,B,Human,1329,3987.96
MS,2016,B,Missing data/not specified/undetermined,9,17.0
MS,2016,B,Natural,7,14.0
MS,2016,C,Human,492,12200.34
MS,2016,C,Missing data/not specified/undetermined,2,63.0
MS,2016,C,Natural,4,95.0
MS,2016,D,Human,32,5222.0
MS,2016,D,Missing data/not specified/undetermined,3,478.0
MS,2016,D,Natural,2,309.0
MS,2016,E,Human,14,7102.0
MS,2016,E,Missing data/not specified/undetermined,2,656.0
MS,2016,F,Human,1,4248.0
MS,2017,A,Human,20,2.33
MS,2017,A,Missing data/not specified/undetermined,6,0.6000000000000001
MS,2017,A,Natural,5,0.41000000000000003
MS,2017,B,Human,730,2228.73
MS,2017,B,Missing data/not specified/undetermined,6,11.5
MS,2017,B,Natural,4,21.0
MS,2017,C,Human,436,12260.08
MS,2017,C,Missing data/not specified/undetermined,2,43.5
MS,2017,C,Natural,1,37.0
MS,2017,D,Human,43,7440.0
MS,2017,D,Missing data/not specified/undetermined,3,534.0
MS,2017,E,Human,8,3868.0
MS,2017,E,Missing data/not specified/undetermined,1,387.0
MS,2017,F,Human,1,3180.0
MS,2018,A,Human,18,2.35
MS,2018,A,Natural,1,0.2
MS,2018,B,Human,415,1458.12
MS,2018,B,Missing data/not specified/undetermined,1,1.1
MS,2018,B,Natural,5,10.3
MS,2018,C,Human,224,6270.3
MS,2018,C,Natural,2,144.0
MS,2018,D,Human,15,2375.0
MS,2018,D,Missing data/not specified/undetermined,1,220.0
MS,2018,E,Human,6,3195.3
MS,2018,F,Human,2,3406.0
MS,2019,A,Human,15,2.25
MS,2019,A,Missing data/not specified/undetermined,1,0.2
MS,2019,A,Natural,1,0.1
MS,2019,B,Human,549,1762.08
MS,2019,B,Missing data/not specified/undetermined,1,1.0
MS,2019,B,Natural,2,2.0
MS,2019,C,Human,275,7816.36
MS,2019,C,Natural,1,22.0
MS,2019,D,Human,27,4206.0
MS,2019,E,Human,9,3826.0
MS,2019,E,Missing data/not specified/undetermined,1,438.0
MS,2020,A,Human,16,2.25
MS,2020,A,Missing data/not specified/undetermined,3,0.30000000000000004
MS,2020,B,Human,399,1300.54
MS,2020,B,Missing data/not specified/undetermined,10,30.5
MS,2020,B,Natural,1,1.0
MS,2020,C,Human,245,7075.15
MS,2020,C,Missing data/not specified/undetermined,3,125.3
MS,2020,C,Natural,1,10.0
MS,2020,D,Human,24,3747.0
MS,2020,D,Missing data/not specified/undetermined,2,431.0
MS,2020,E,Human,7,3507.0
MS,2020,F,Human,6,12599.0
MS,2020,F,Missing data/not specified/undetermined,1,1698.0
MT,1992,A,Human,288,31.1
MT,1992,A,Missing data/not specified/undetermined,277,10.780000000000001
MT,1992,A,Natural,310,34.2
MT,1992,B,Human,353,553.6
MT,1992,B,Missing data/not specified/undetermined,94,189.43
MT,1992,B,Natural,157,272.7
MT,1992,C,Human,74,2411.6
MT,1992,C,Missing data/not specified/undetermined,10,413.0
MT,1992,C,Natural,27,917.0
MT,1992,D,Human,11,1810.8
MT,1992,D,Missing data/not specified/undetermined,6,1036.0
MT,1992,D,Natural,11,1901.0
MT,1992,E,Human,2,1535.0
MT,1992,E,Missing data/not specified/undetermined,3,1460.0
MT,1992,E,Natural,7,3876.5
MT,1992,F,Human,3,7190.0
MT,1992,F,Missing data/not specified/undetermined,3,3690.0
MT,1992,F,Natural,3,3850.0
MT,1992,G,Natural,1,7379.0
MT,1993,A,Human,198,22.1
MT,1993,A,Missing data/not specified/undetermined,157,5.3100000000000005
MT,1993,A,Natural,106,11.4
MT,1993,B,Human,159,273.3
MT,1993,B,Missing data/not specified/undetermined,29,42.0
MT,1993,B,Natural,37,88.6
MT,1993,C,Human,32,1308.5
MT,1993,C,Natural,12,300.0
MT,1993,D,Human,8,1209.2
MT,1993,D,Missing data/not specified/undetermined,1,135.0
MT,1993,E,Human,1,523.0
MT,1993,E,Natural,2,1000.0
MT,1993,G,Missing data/not specified/undetermined,1,7680.0
MT,1994,A,Human,362,40.800000000000004
MT,1994,A,Missing data/not specified/undetermined,440,27.59
MT,1994,A,Natural,782,90.10000000000001
MT,1994,B,Human,364,556.8
MT,1994,B,Missing data/not specified/undetermined,174,265.84
MT,1994,B,Natural,504,820.0
MT,1994,C,Human,69,2249.0
MT,1994,C,Missing data/not specified/undetermined,28,683.5
MT,1994,C,Natural,118,3716.6
MT,1994,D,Human,13,2723.5
MT,1994,D,Missing data/not specified/undetermined,6,1015.0
MT,1994,D,Natural,26,4123.1
MT,1994,E,Human,7,4735.0
MT,1994,E,Missing data/not specified/undetermined,10,5220.0
MT,1994,E,Natural,32,19441.0
MT,1994,F,Human,4,11750.0
MT,1994,F,Missing data/not specified/undetermined,4,4773.0
MT,1994,F,Natural,24,50356.0
MT,1994,G,Human,1,60300.0
MT,1994,G,Missing data/not specified/undetermined,2,11400.0
MT,1994,G,Natural,9,81323.0
MT,1995,A,Human,306,30.25
MT,1995,A,Natural,277,26.490000000000002
MT,1995,B,Human,230,402.26
MT,1995,B,Missing data/not specified/undetermined,3,13.5
MT,1995,B,Natural,121,195.55
MT,1995,C,Human,39,1016.0
MT,1995,C,Natural,37,1241.9
MT,1995,D,Human,12,1878.3
MT,1995,D,Natural,7,1295.0
MT,1995,E,Human,9,4100.7
MT,1995,E,Natural,5,2782.0
MT,1995,F,Human,4,8821.0
MT,1995,F,Natural,2,3381.0
MT,1996,A,Human,455,44.82
MT,1996,A,Missing data/not specified/undetermined,2,0.2
MT,1996,A,Natural,500,50.580000000000005
MT,1996,B,Human,414,714.28
MT,1996,B,Missing data/not specified/undetermined,3,2.5
MT,1996,B,Natural,362,640.15
MT,1996,C,Human,70,2354.4
MT,1996,C,Missing data/not specified/undetermined,2,136.2
MT,1996,C,Natural,79,2451.7
MT,1996,D,Human,19,3100.2
MT,1996,D,Natural,30,4667.1
MT,1996,E,Human,14,6765.1
MT,1996,E,Natural,17,8482.6
MT,1996,F,Human,7,18290.0
MT,1996,F,Natural,10,26262.3
MT,1996,G,Human,2,17257.0
MT,1996,G,Missing data/not specified/undetermined,1,10031.0
MT,1996,G,Natural,3,107590.0
MT,1997,A,Human,247,23.580000000000002
MT,1997,A,Natural,294,27.75
MT,1997,B,Human,239,425.2
MT,1997,B,Missing data/not specified/undetermined,1,1.0
MT,1997,B,Natural,134,200.3
MT,1997,C,Human,33,726.4
MT,1997,C,Natural,25,743.0
MT,1997,D,Human,7,918.4
MT,1997,D,Missing data/not specified/undetermined,1,104.0
MT,1997,D,Natural,5,720.0
MT,1997,E,Human,1,436.0
MT,1997,E,Natural,3,1732.0
MT,1997,F,Human,2,4081.0
MT,1997,F,Missing data/not specified/undetermined,1,1204.5
MT,1998,A,Human,394,41.07
MT,1998,A,Natural,602,63.260000000000005
MT,1998,B,Human,388,714.4
MT,1998,B,Natural,341,617.65
MT,1998,C,Human,50,1454.3
MT,1998,C,Natural,71,2406.7
MT,1998,D,Human,15,2382.0
MT,1998,D,Natural,17,2616.5
MT,1998,E,Human,6,3774.0
MT,1998,E,Natural,8,4159.9
MT,1998,F,Human,1,3950.0
MT,1998,F,Natural,9,21624.5
MT,1998,G,Human,1,7038.0
MT,1998,G,Natural,5,50514.89
MT,1999,A,Human,584,59.53
MT,1999,A,Missing data/not specified/undetermined,2,0.02
MT,1999,A,Natural,598,63.81
MT,1999,B,Human,443,790.15
MT,1999,B,Natural,268,476.73
MT,1999,C,Human,75,2313.6
MT,1999,C,Natural,48,1605.5
MT,1999,D,Human,19,3091.75
MT,1999,D,Natural,11,1960.0
MT,1999,E,Human,9,5531.0
MT,1999,E,Natural,13,6729.0
MT,1999,F,Human,10,21663.0
MT,1999,F,Natural,4,9631.05
MT,1999,G,Human,2,14752.0
MT,1999,G,Natural,3,50292.0
MT,2000,A,Human,458,45.54
MT,2000,A,Natural,682,70.33
MT,2000,B,Human,399,690.35
MT,2000,B,Natural,527,1003.13
MT,2000,C,Human,59,1944.16
MT,2000,C,Natural,141,4395.3
MT,2000,D,Human,13,1991.6
MT,2000,D,Missing data/not specified/undetermined,1,263.9
MT,2000,D,Natural,29,5471.0
MT,2000,E,Human,9,4433.0
MT,2000,E,Natural,46,25698.0
MT,2000,F,Human,3,5701.0
MT,2000,F,Natural,26,58179.0
MT,2000,G,Human,6,159824.0
MT,2000,G,Natural,28,553120.0
MT,2001,A,Human,538,57.64
MT,2001,A,Natural,340,38.35
MT,2001,B,Human,356,695.6
MT,2001,B,Natural,233,397.9
MT,2001,C,Human,42,1094.5
MT,2001,C,Natural,42,1284.6
MT,2001,D,Human,12,1497.5
MT,2001,D,Natural,10,1489.0
MT,2001,E,Human,6,3223.0
MT,2001,E,Natural,8,5377.0
MT,2001,F,Human,4,6670.0
MT,2001,F,Natural,6,16928.0
MT,2001,G,Natural,5,123796.0
MT,2002,A,Human,535,52.760000000000005
MT,2002,A,Natural,466,50.620000000000005
MT,2002,B,Human,212,345.9
MT,2002,B,Natural,256,429.65
MT,2002,C,Human,39,1124.4
MT,2002,C,Natural,49,1381.3
MT,2002,D,Human,8,1211.0
MT,2002,D,Natural,12,1943.0
MT,2002,E,Human,5,2842.0
MT,2002,E,Natural,3,1400.0
MT,2002,F,Human,3,5772.7
MT,2002,F,Natural,3,7293.0
MT,2002,G,Human,2,10859.0
MT,2002,G,Natural,4,91395.0
MT,2003,A,Human,730,77.45
MT,2003,A,Natural,757,85.16000000000001
MT,2003,B,Human,308,534.0
MT,2003,B,Natural,377,711.88
MT,2003,C,Human,44,1468.4
MT,2003,C,Natural,105,3012.17
MT,2003,D,Human,13,2217.01
MT,2003,D,Natural,26,4332.9
MT,2003,E,Human,9,4584.23
MT,2003,E,Natural,36,18970.69
MT,2003,F,Human,6,12156.7
MT,2003,F,Natural,34,85304.5
MT,2003,G,Human,3,72109.0
MT,2003,G,Natural,24,544632.2
MT,2004,A,Human,558,56.64
MT,2004,A,Natural,465,50.940000000000005
MT,2004,B,Human,199,373.69
MT,2004,B,Natural,172,340.8
MT,2004,C,Human,36,996.7
MT,2004,C,Natural,40,1039.0
MT,2004,D,Human,7,1300.0
MT,2004,D,Natural,10,1652.3
MT,2004,E,Human,2,844.0
MT,2004,E,Natural,8,3605.0
MT,2004,F,Human,1,3040.0
MT,2004,F,Natural,5,9569.0
MT,2005,A,Human,606,63.74
MT,2005,A,Natural,323,40.76
MT,2005,B,Human,265,481.99
MT,2005,B,Missing data/not specified/undetermined,2,7.0
MT,2005,B,Natural,157,278.46999999999997
MT,2005,C,Human,41,1292.4
MT,2005,C,Natural,34,887.7
MT,2005,D,Human,12,2159.9
MT,2005,D,Natural,12,2311.1
MT,2005,E,Human,9,5009.0
MT,2005,E,Natural,10,5504.5
MT,2005,F,Human,8,14130.3
MT,2005,F,Natural,10,19645.0
MT,2005,G,Human,2,17582.0
MT,2005,G,Natural,6,45194.0
MT,2006,A,Human,826,87.69
MT,2006,A,Natural,605,70.11
MT,2006,B,Human,423,611.73
MT,2006,B,Natural,304,600.13
MT,2006,C,Human,58,1886.1
MT,2006,C,Missing data/not specified/undetermined,1,26.3
MT,2006,C,Natural,100,3310.0
MT,2006,D,Human,16,2670.2
MT,2006,D,Natural,35,5849.9
MT,2006,E,Human,6,3563.0
MT,2006,E,Missing data/not specified/undetermined,1,450.0
MT,2006,E,Natural,30,17051.9
MT,2006,F,Human,11,26435.0
MT,2006,F,Natural,25,46310.0
MT,2006,G,Human,3,29460.0
MT,2006,G,Natural,16,728270.0
MT,2007,A,Human,597,61.050000000000004
MT,2007,A,Missing data/not specified/undetermined,1,0.2
MT,2007,A,Natural,582,69.07000000000001
MT,2007,B,Human,304,508.55
MT,2007,B,Natural,270,466.88
MT,2007,C,Human,53,1813.07
MT,2007,C,Natural,75,3018.2
MT,2007,D,Human,20,3505.8
MT,2007,D,Natural,23,3550.5
MT,2007,E,Human,13,7920.3
MT,2007,E,Natural,17,8696.0
MT,2007,F,Human,5,10788.0
MT,2007,F,Natural,11,17924.0
MT,2007,G,Human,3,34961.24
MT,2007,G,Missing data/not specified/undetermined,1,99090.0
MT,2007,G,Natural,22,552170.0
MT,2008,A,Human,693,72.45
MT,2008,A,Natural,229,28.130000000000003
MT,2008,B,Human,303,517.5
MT,2008,B,Natural,127,241.39000000000001
MT,2008,C,Human,72,2395.9
MT,2008,C,Missing data/not specified/undetermined,1,17.0
MT,2008,C,Natural,46,1416.6
MT,2008,D,Human,16,2358.4
MT,2008,D,Natural,6,1150.0
MT,2008,E,Human,13,6705.3
MT,2008,E,Missing data/not specified/undetermined,1,600.0
MT,2008,E,Natural,11,5756.0
MT,2008,F,Human,3,5627.0
MT,2008,F,Natural,6,14848.1
MT,2008,G,Human,4,25756.0
MT,2008,G,Natural,1,102379.53
MT,2009,A,Human,549,55.900000000000006
MT,2009,A,Missing data/not specified/undetermined,1,0.1
MT,2009,A,Natural,469,52.95
MT,2009,B,Human,329,493.16
MT,2009,B,Natural,200,418.1
MT,2009,C,Human,40,1422.41
MT,2009,C,Natural,38,1307.0
MT,2009,D,Human,10,1703.79
MT,2009,D,Missing data/not specified/undetermined,1,160.0
MT,2009,D,Natural,6,819.7
MT,2009,E,Human,6,3327.2799999999997
MT,2009,E,Natural,4,1861.0
MT,2009,F,Human,1,4409.0
MT,2009,F,Natural,5,10916.0
MT,2009,G,Human,1,14490.0
MT,2009,G,Natural,2,12270.0
MT,2010,A,Human,472,49.21
MT,2010,A,Natural,232,26.76
MT,2010,B,Human,214,432.35
MT,2010,B,Missing data/not specified/undetermined,1,2.4
MT,2010,B,Natural,103,213.18
MT,2010,C,Human,42,1149.5
MT,2010,C,Natural,42,1220.7
MT,2010,D,Human,10,1783.6
MT,2010,D,Natural,5,1126.7
MT,2010,E,Human,8,4779.7
MT,2010,E,Natural,6,3316.8
MT,2010,F,Human,2,3480.2
MT,2010,F,Natural,1,2127.0
MT,2010,G,Human,1,9870.0
MT,2010,G,Natural,1,27898.0
MT,2011,A,Human,440,46.72
MT,2011,A,Natural,320,37.27
MT,2011,B,Human,146,251.82999999999998
MT,2011,B,Natural,169,337.36
MT,2011,C,Human,25,865.3
MT,2011,C,Natural,43,1309.5
MT,2011,D,Human,6,841.1
MT,2011,D,Natural,12,2035.4
MT,2011,E,Natural,9,5468.2
MT,2011,F,Human,2,5960.0
MT,2011,F,Natural,11,27658.9
MT,2011,G,Human,1,5183.0
MT,2011,G,Natural,6,89291.6
MT,2012,A,Human,578,61.760000000000005
MT,2012,A,Natural,386,46.14
MT,2012,B,Human,313,577.71
MT,2012,B,Natural,264,495.5
MT,2012,C,Human,59,2081.6
MT,2012,C,Missing data/not specified/undetermined,1,91.4
MT,2012,C,Natural,88,3273.47
MT,2012,D,Human,16,2763.3
MT,2012,D,Natural,26,4096.4
MT,2012,E,Human,16,8573.0
MT,2012,E,Natural,26,15655.8
MT,2012,F,Human,16,39893.2
MT,2012,F,Natural,37,86345.6
MT,2012,G,Human,9,116741.2
MT,2012,G,Natural,19,726513.5
MT,2013,A,Human,428,44.24
MT,2013,A,Natural,422,52.370000000000005
MT,2013,B,Human,216,442.82
MT,2013,B,Natural,183,393.23
MT,2013,C,Human,24,911.4
MT,2013,C,Missing data/not specified/undetermined,1,30.0
MT,2013,C,Natural,48,1556.7
MT,2013,D,Human,5,941.1
MT,2013,D,Missing data/not specified/undetermined,1,201.0
MT,2013,D,Natural,8,1231.0
MT,2013,E,Human,7,3840.12
MT,2013,E,Natural,5,2969.3
MT,2013,F,Human,3,5863.9
MT,2013,F,Natural,2,8402.0
MT,2013,G,Human,1,6282.0
MT,2013,G,Natural,5,44243.0
MT,2014,A,Human,413,42.95
MT,2014,A,Natural,288,31.610000000000003
MT,2014,B,Human,228,499.99
MT,2014,B,Natural,154,346.77
MT,2014,C,Human,33,1021.5
MT,2014,C,Natural,42,1618.7
MT,2014,D,Human,14,2176.5
MT,2014,D,Natural,12,2016.7
MT,2014,E,Human,8,5617.6
MT,2014,E,Natural,4,2184.6
MT,2014,F,Natural,6,10000.0
MT,2014,G,Human,1,9363.0
MT,2015,A,Human,639,65.64
MT,2015,A,Natural,412,54.89
MT,2015,B,Human,338,477.96
MT,2015,B,Missing data/not specified/undetermined,1,0.5
MT,2015,B,Natural,210,465.26
MT,2015,C,Human,59,2147.92
MT,2015,C,Natural,83,2987.29
MT,2015,D,Human,13,2128.8
MT,2015,D,Missing data/not specified/undetermined,2,369.0
MT,2015,D,Natural,38,6587.2
MT,2015,E,Human,10,4642.2
MT,2015,E,Missing data/not specified/undetermined,1,500.0
MT,2015,E,Natural,16,9608.8
MT,2015,F,Human,8,14450.9
MT,2015,F,Missing data/not specified/undetermined,1,1700.0
MT,2015,F,Natural,20,57084.9
MT,2015,G,Human,4,24146.6
MT,2015,G,Natural,11,222616.0
MT,2016,A,Human,998,95.9
MT,2016,A,Natural,310,35.410000000000004
MT,2016,B,Human,293,584.81
MT,2016,B,Natural,249,543.68
MT,2016,C,Human,80,2550.67
MT,2016,C,Natural,111,3649.45
MT,2016,D,Human,12,1912.1
MT,2016,D,Missing data/not specified/undetermined,1,127.0
MT,2016,D,Natural,19,2796.4
MT,2016,E,Human,10,4675.2
MT,2016,E,Missing data/not specified/undetermined,1,619.0
MT,2016,E,Natural,16,9013.5
MT,2016,F,Human,4,6195.0
MT,2016,F,Natural,10,21127.8
MT,2016,G,Human,3,45871.63
MT,2016,G,Missing data/not specified/undetermined,1,5662.0
MT,2017,A,Human,898,94.55000000000001
MT,2017,A,Missing data/not specified/undetermined,118,13.450000000000001
MT,2017,A,Natural,270,33.25
MT,2017,B,Human,509,996.41
MT,2017,B,Missing data/not specified/undetermined,130,347.83
MT,2017,B,Natural,197,502.34
MT,2017,C,Human,128,3915.53
MT,2017,C,Missing data/not specified/undetermined,63,1917.9
MT,2017,C,Natural,84,2983.25
MT,2017,D,Human,23,4065.23
MT,2017,D,Missing data/not specified/undetermined,9,1361.8
MT,2017,D,Natural,28,5081.6
MT,2017,E,Human,24,12497.6
MT,2017,E,Missing data/not specified/undetermined,6,2553.2
MT,2017,E,Natural,36,20314.37
MT,2017,F,Human,10,19166.4
MT,2017,F,Missing data/not specified/undetermined,2,4330.0
MT,2017,F,Natural,27,63108.6
MT,2017,G,Human,6,60313.34
MT,2017,G,Missing data/not specified/undetermined,1,6500.0
MT,2017,G,Natural,33,1071810.66
MT,2018,A,Human,853,85.36
MT,2018,A,Missing data/not specified/undetermined,1,0.1
MT,2018,A,Natural,198,24.880000000000003
MT,2018,B,Human,384,746.66
MT,2018,B,Natural,148,313.01
MT,2018,C,Human,84,2635.11
MT,2018,C,Natural,54,1710.6399999999999
MT,2018,D,Human,13,2421.7
MT,2018,D,Natural,13,2312.2
MT,2018,E,Human,5,2692.0
MT,2018,E,Natural,14,8100.2
MT,2018,F,Human,4,4885.5
MT,2018,F,Natural,9,22922.9
MT,2018,G,Human,1,7748.0
MT,2018,G,Natural,6,49042.0
MT,2019,A,Human,1120,116.09
MT,2019,A,Missing data/not specified/undetermined,1,0.25
MT,2019,A,Natural,332,36.64
MT,2019,B,Human,284,537.28
MT,2019,B,Natural,116,240.4
MT,2019,C,Human,65,2005.1299999999999
MT,2019,C,Natural,43,1287.6
MT,2019,D,Human,17,2666.5
MT,2019,D,Natural,8,1419.0
MT,2019,E,Human,10,5569.0
MT,2019,E,Natural,3,1585.6
MT,2019,F,Human,2,3066.0
MT,2019,F,Natural,7,13679.4
MT,2019,G,Human,2,12019.0
MT,2019,G,Natural,3,22423.6
MT,2020,A,Human,1102,121.51
MT,2020,A,Missing data/not specified/undetermined,211,23.73
MT,2020,A,Natural,193,23.39
MT,2020,B,Human,465,880.46
MT,2020,B,Missing data/not specified/undetermined,197,352.86
MT,2020,B,Natural,153,416.69
MT,2020,C,Human,119,3543.9
MT,2020,C,Missing data/not specified/undetermined,42,1147.3
MT,2020,C,Natural,64,1995.93
MT,2020,D,Human,28,4242.0
MT,2020,D,Missing data/not specified/undetermined,9,1405.5
MT,2020,D,Natural,20,3341.2
MT,2020,E,Human,17,8416.9
MT,2020,E,Missing data/not specified/undetermined,6,2935.7
MT,2020,E,Natural,13,7172.18
MT,2020,F,Human,18,39549.3
MT,2020,F,Missing data/not specified/undetermined,2,3132.3
MT,2020,F,Natural,13,34235.3
MT,2020,G,Human,4,88916.8
MT,2020,G,Missing data/not specified/undetermined,1,5309.0
MT,2020,G,Natural,8,151044.8
NC,1992,A,Human,1868,239.10000000000002
NC,1992,A,Natural,28,3.3000000000000003
NC,1992,B,Human,3316,6963.1
NC,1992,B,Natural,28,78.6
NC,1992,C,Human,419,9598.0
NC,1992,C,Natural,7,151.0
NC,1992,D,Human,22,3244.0
NC,1992,D,Natural,2,370.0
NC,1992,E,Human,4,2242.0
NC,1992,F,Human,1,3400.0
NC,1992,F,Natural,1,1200.0
NC,1993,A,Human,1738,214.5
NC,1993,A,Natural,74,8.8
NC,1993,B,Human,2442,5149.9
NC,1993,B,Missing data/not specified/undetermined,1,5.0
NC,1993,B,Natural,99,237.0
NC,1993,C,Human,379,8529.0
NC,1993,C,Natural,35,1020.0
NC,1993,D,Human,22,3388.0
NC,1993,D,Natural,7,1293.0
NC,1993,E,Human,7,3905.0
NC,1993,E,Natural,3,1495.0
NC,1993,F,Natural,1,1216.0
NC,1994,A,Human,2018,253.5
NC,1994,A,Natural,28,3.6
NC,1994,B,Human,3244,6643.9
NC,1994,B,Natural,48,119.2
NC,1994,C,Human,364,8137.0
NC,1994,C,Natural,16,445.0
NC,1994,D,Human,13,1871.0
NC,1994,D,Natural,4,677.0
NC,1994,E,Human,2,886.0
NC,1994,F,Natural,1,1300.0
NC,1994,G,Human,1,24600.0
NC,1995,A,Human,1969,243.3
NC,1995,A,Natural,22,2.7
NC,1995,B,Human,2868,5661.0
NC,1995,B,Missing data/not specified/undetermined,1,1.0
NC,1995,B,Natural,24,58.3
NC,1995,C,Human,332,8017.0
NC,1995,C,Natural,8,220.0
NC,1995,D,Human,19,2514.0
NC,1995,D,Natural,1,240.0
NC,1995,E,Human,7,3447.0
NC,1995,F,Human,2,3000.0
NC,1996,A,Human,1302,170.4
NC,1996,A,Natural,26,2.7
NC,1996,B,Human,2546,4813.7
NC,1996,B,Missing data/not specified/undetermined,1,2.0
NC,1996,B,Natural,15,50.0
NC,1996,C,Human,327,8402.2
NC,1996,C,Natural,5,212.0
NC,1996,D,Human,10,1542.0
NC,1996,D,Natural,1,103.0
NC,1996,E,Human,3,1000.0
NC,1996,E,Natural,2,1060.0
NC,1997,A,Human,1443,188.60000000000002
NC,1997,A,Natural,47,5.300000000000001
NC,1997,B,Human,2630,5068.4
NC,1997,B,Missing data/not specified/undetermined,1,5.0
NC,1997,B,Natural,69,121.8
NC,1997,C,Human,277,6694.2
NC,1997,C,Missing data/not specified/undetermined,1,40.0
NC,1997,C,Natural,20,473.7
NC,1997,D,Human,16,2396.0
NC,1997,D,Natural,4,469.0
NC,1997,E,Human,4,1950.0
NC,1998,A,Human,1327,176.20000000000002
NC,1998,A,Natural,39,4.2
NC,1998,B,Human,2570,5171.0
NC,1998,B,Missing data/not specified/undetermined,1,2.0
NC,1998,B,Natural,45,79.3
NC,1998,C,Human,313,7852.7
NC,1998,C,Natural,11,280.0
NC,1998,D,Human,12,1573.0
NC,1998,D,Natural,3,368.0
NC,1998,E,Human,1,342.0
NC,1998,E,Natural,2,1065.0
NC,1999,A,Human,1360,179.0
NC,1999,A,Natural,24,2.8000000000000003
NC,1999,B,Human,2287,4125.8
NC,1999,B,Missing data/not specified/undetermined,1,5.0
NC,1999,B,Natural,44,98.2
NC,1999,C,Human,277,7160.8
NC,1999,C,Missing data/not specified/undetermined,1,10.0
NC,1999,C,Natural,13,385.0
NC,1999,D,Human,20,3269.0
NC,1999,D,Missing data/not specified/undetermined,1,250.0
NC,1999,D,Natural,3,410.0
NC,1999,E,Human,6,3364.0
NC,1999,F,Human,3,3801.0
NC,1999,F,Natural,1,2000.0
NC,2000,A,Human,1678,220.10000000000002
NC,2000,A,Natural,19,2.2
NC,2000,B,Human,2861,5443.6
NC,2000,B,Natural,32,88.6
NC,2000,C,Human,345,9485.3
NC,2000,C,Natural,8,210.0
NC,2000,D,Human,30,4283.2
NC,2000,E,Human,9,4395.0
NC,2000,E,Natural,1,310.0
NC,2000,F,Human,2,4290.0
NC,2000,G,Human,1,10120.0
NC,2001,A,Human,2508,329.3
NC,2001,A,Natural,40,4.4
NC,2001,B,Human,4912,9095.9
NC,2001,B,Missing data/not specified/undetermined,1,0.3
NC,2001,B,Natural,40,118.0
NC,2001,C,Human,604,14183.0
NC,2001,C,Natural,5,187.0
NC,2001,D,Human,23,3677.0
NC,2001,E,Human,6,2951.5
NC,2001,F,Human,3,6538.0
NC,2001,G,Human,1,7580.0
NC,2002,A,Human,1580,210.8
NC,2002,A,Natural,95,11.600000000000001
NC,2002,B,Human,3273,6322.3
NC,2002,B,Missing data/not specified/undetermined,1,2.0
NC,2002,B,Natural,121,254.9
NC,2002,C,Human,436,11203.7
NC,2002,C,Natural,46,1449.7
NC,2002,D,Human,26,3704.0
NC,2002,D,Natural,3,524.0
NC,2002,E,Human,7,3438.0
NC,2002,F,Human,2,2501.0
NC,2003,A,Human,715,93.30000000000001
NC,2003,A,Natural,6,0.6000000000000001
NC,2003,B,Human,1178,2101.9
NC,2003,B,Missing data/not specified/undetermined,1,5.0
NC,2003,B,Natural,3,12.0
NC,2003,C,Human,126,2473.3
NC,2003,C,Missing data/not specified/undetermined,1,10.0
NC,2003,C,Natural,3,75.0
NC,2003,D,Human,6,932.0
NC,2003,D,Natural,1,100.0
NC,2003,F,Human,1,2300.0
NC,2004,A,Human,1373,184.95000000000002
NC,2004,A,Natural,14,1.8
NC,2004,B,Human,2608,4731.25
NC,2004,B,Missing data/not specified/undetermined,1,1.0
NC,2004,B,Natural,18,41.7
NC,2004,C,Human,313,7805.9
NC,2004,C,Missing data/not specified/undetermined,3,76.0
NC,2004,C,Natural,2,30.0
NC,2004,D,Human,4,548.0
NC,2004,D,Missing data/not specified/undetermined,1,240.0
NC,2004,D,Natural,1,111.0
NC,2004,E,Human,4,1430.0
NC,2004,F,Human,1,1500.0
NC,2005,A,Human,1306,174.25
NC,2005,A,Natural,20,2.2
NC,2005,B,Human,2332,4394.6
NC,2005,B,Missing data/not specified/undetermined,1,0.5
NC,2005,B,Natural,21,50.7
NC,2005,C,Human,334,8672.5
NC,2005,C,Natural,12,246.0
NC,2005,D,Human,16,1998.0
NC,2005,D,Natural,1,177.0
NC,2005,E,Human,1,440.1
NC,2006,A,Human,1724,230.05
NC,2006,A,Natural,45,5.300000000000001
NC,2006,B,Human,2826,4870.8
NC,2006,B,Missing data/not specified/undetermined,5,5.7
NC,2006,B,Natural,39,103.6
NC,2006,C,Human,368,8890.1
NC,2006,C,Natural,20,718.5
NC,2006,D,Human,20,3499.5
NC,2006,D,Natural,2,314.39
NC,2006,E,Human,8,3372.0
NC,2006,E,Missing data/not specified/undetermined,1,750.0
NC,2006,E,Natural,1,610.0
NC,2007,A,Human,84,10.0
NC,2007,A,Missing data/not specified/undetermined,2694,358.90000000000003
NC,2007,A,Natural,8,0.9
NC,2007,B,Human,122,249.9
NC,2007,B,Missing data/not specified/undetermined,3766,7046.5
NC,2007,B,Natural,11,31.5
NC,2007,C,Human,44,1556.3
NC,2007,C,Missing data/not specified/undetermined,487,12727.3
NC,2007,C,Natural,5,212.0
NC,2007,D,Human,8,1307.0
NC,2007,D,Missing data/not specified/undetermined,32,5243.5
NC,2007,D,Natural,3,359.0
NC,2007,E,Human,6,2911.0
NC,2007,E,Missing data/not specified/undetermined,8,4224.0
NC,2007,E,Natural,2,1395.0
NC,2007,F,Human,1,2404.0
NC,2007,F,Missing data/not specified/undetermined,2,5365.0
NC,2007,G,Natural,1,5015.0
NC,2008,A,Human,43,6.75
NC,2008,A,Missing data/not specified/undetermined,1551,205.9
NC,2008,A,Natural,2,0.2
NC,2008,B,Human,87,188.4
NC,2008,B,Missing data/not specified/undetermined,2250,3936.4
NC,2008,B,Natural,19,40.1
NC,2008,C,Human,31,960.4
NC,2008,C,Missing data/not specified/undetermined,335,9232.6
NC,2008,C,Natural,9,375.5
NC,2008,D,Human,6,894.0
NC,2008,D,Missing data/not specified/undetermined,28,4963.2
NC,2008,D,Natural,1,200.0
NC,2008,E,Missing data/not specified/undetermined,10,5185.2
NC,2008,E,Natural,1,440.0
NC,2008,F,Human,1,2005.0
NC,2008,F,Missing data/not specified/undetermined,7,12562.0
NC,2008,G,Natural,1,41060.0
NC,2009,A,Human,1243,164.3
NC,2009,A,Missing data/not specified/undetermined,1,0.1
NC,2009,A,Natural,30,3.6500000000000004
NC,2009,B,Human,1765,3100.5
NC,2009,B,Natural,21,43.0
NC,2009,C,Human,216,5444.2
NC,2009,C,Natural,11,278.8
NC,2009,D,Human,16,3013.0
NC,2009,D,Natural,1,108.8
NC,2009,E,Human,4,1540.0
NC,2009,E,Natural,1,665.0
NC,2009,F,Human,1,2307.0
NC,2009,F,Natural,1,2660.0
NC,2010,A,Human,1571,206.25
NC,2010,A,Missing data/not specified/undetermined,2,0.2
NC,2010,A,Natural,23,2.9000000000000004
NC,2010,B,Human,2177,3706.65
NC,2010,B,Missing data/not specified/undetermined,7,10.2
NC,2010,B,Natural,38,64.5
NC,2010,C,Human,239,6045.1
NC,2010,C,Missing data/not specified/undetermined,1,15.0
NC,2010,C,Natural,13,354.5
NC,2010,D,Human,20,3788.0
NC,2010,D,Missing data/not specified/undetermined,3,380.0
NC,2010,D,Natural,2,289.0
NC,2010,E,Human,3,1762.0
NC,2010,E,Natural,1,363.0
NC,2011,A,Human,2027,264.5
NC,2011,A,Missing data/not specified/undetermined,3,0.4
NC,2011,A,Natural,74,8.65
NC,2011,B,Human,2801,4900.33
NC,2011,B,Missing data/not specified/undetermined,6,16.5
NC,2011,B,Natural,98,228.0
NC,2011,C,Human,339,8912.7
NC,2011,C,Natural,45,1684.9
NC,2011,D,Human,17,2519.8
NC,2011,D,Natural,4,583.0
NC,2011,E,Human,5,3197.0
NC,2011,E,Natural,1,600.0
NC,2011,F,Human,2,3194.0
NC,2011,F,Missing data/not specified/undetermined,1,1477.0
NC,2011,G,Natural,3,81872.0
NC,2012,A,Human,1592,204.4
NC,2012,A,Missing data/not specified/undetermined,7,0.9
NC,2012,A,Natural,64,7.550000000000001
NC,2012,B,Human,1611,2695.0
NC,2012,B,Missing data/not specified/undetermined,1,4.2
NC,2012,B,Natural,53,135.8
NC,2012,C,Human,185,4739.4
NC,2012,C,Missing data/not specified/undetermined,1,35.0
NC,2012,C,Natural,20,616.5
NC,2012,D,Human,17,2771.0
NC,2012,D,Natural,2,241.0
NC,2012,E,Human,5,2537.0
NC,2012,G,Human,1,21331.0
NC,2013,A,Human,1427,187.05
NC,2013,A,Missing data/not specified/undetermined,4,0.4
NC,2013,A,Natural,18,2.0
NC,2013,B,Human,1684,2775.45
NC,2013,B,Missing data/not specified/undetermined,3,2.1
NC,2013,B,Natural,3,9.3
NC,2013,C,Human,172,4547.2
NC,2013,C,Missing data/not specified/undetermined,1,14.6
NC,2013,C,Natural,3,73.0
NC,2013,D,Human,7,1191.0
NC,2013,D,Missing data/not specified/undetermined,1,150.6
NC,2013,D,Natural,1,194.0
NC,2013,E,Human,3,1266.0
NC,2013,F,Human,2,3736.0
NC,2014,A,Human,1973,262.40000000000003
NC,2014,A,Missing data/not specified/undetermined,2,0.30000000000000004
NC,2014,A,Natural,30,3.4000000000000004
NC,2014,B,Human,2338,3701.5
NC,2014,B,Missing data/not specified/undetermined,2,0.8
NC,2014,B,Natural,22,64.9
NC,2014,C,Human,195,4863.6
NC,2014,C,Natural,5,136.5
NC,2014,D,Human,13,1989.0
NC,2014,D,Natural,1,115.0
NC,2014,E,Human,3,1471.0
NC,2014,E,Missing data/not specified/undetermined,1,300.0
NC,2014,E,Natural,1,550.0
NC,2014,F,Human,1,1533.0
NC,2015,A,Human,1224,141.15
NC,2015,A,Missing data/not specified/undetermined,4,0.51
NC,2015,A,Natural,19,1.6600000000000001
NC,2015,B,Human,1085,1573.85
NC,2015,B,Natural,21,54.94
NC,2015,C,Human,97,2553.19
NC,2015,C,Natural,5,254.73
NC,2015,D,Human,5,817.0
NC,2015,D,Missing data/not specified/undetermined,1,121.0
NC,2015,D,Natural,1,105.7
NC,2015,E,Human,4,2465.0
NC,2015,E,Missing data/not specified/undetermined,1,465.0
NC,2015,E,Natural,3,1223.0
NC,2015,F,Natural,1,1268.0
NC,2016,A,Human,2478,197.22
NC,2016,A,Missing data/not specified/undetermined,8,0.92
NC,2016,A,Natural,33,1.82
NC,2016,B,Human,1543,2473.67
NC,2016,B,Missing data/not specified/undetermined,1,3.12
NC,2016,B,Natural,9,45.45
NC,2016,C,Human,159,4701.65
NC,2016,C,Natural,4,151.06
NC,2016,D,Human,21,3672.64
NC,2016,D,Natural,3,523.24
NC,2016,E,Human,9,5294.18
NC,2016,F,Human,7,15050.65
NC,2016,F,Missing data/not specified/undetermined,1,1450.0
NC,2016,G,Human,6,54187.49
NC,2016,G,Natural,1,9036.0
NC,2017,A,Human,2652,236.28
NC,2017,A,Missing data/not specified/undetermined,4,0.16
NC,2017,A,Natural,37,1.5
NC,2017,B,Human,2200,3727.02
NC,2017,B,Missing data/not specified/undetermined,2,3.7199999999999998
NC,2017,B,Natural,16,29.89
NC,2017,C,Human,216,5536.05
NC,2017,C,Natural,7,88.98
NC,2017,D,Human,15,2459.72
NC,2017,D,Natural,1,125.27
NC,2017,E,Human,5,2331.0
NC,2017,F,Human,3,4244.860000000001
NC,2017,G,Natural,1,5500.0
NC,2018,A,Human,1524,141.04
NC,2018,A,Missing data/not specified/undetermined,1,0.1
NC,2018,A,Natural,12,0.88
NC,2018,B,Human,1382,2369.72
NC,2018,B,Natural,8,14.940000000000001
NC,2018,C,Human,138,3552.47
NC,2018,C,Missing data/not specified/undetermined,1,27.44
NC,2018,C,Natural,5,210.39
NC,2018,D,Human,8,1319.85
NC,2018,E,Human,5,2434.94
NC,2018,F,Human,1,1181.72
NC,2019,A,Human,2049,176.46
NC,2019,A,Missing data/not specified/undetermined,5,0.09
NC,2019,A,Natural,60,4.08
NC,2019,B,Human,1644,2722.51
NC,2019,B,Missing data/not specified/undetermined,2,7.6000000000000005
NC,2019,B,Natural,33,39.2
NC,2019,C,Human,126,3281.12
NC,2019,C,Missing data/not specified/undetermined,1,79.87
NC,2019,C,Natural,8,256.48
NC,2019,D,Human,6,1011.7099999999999
NC,2019,D,Natural,3,548.27
NC,2019,E,Human,3,1059.99
NC,2020,A,Human,1367,113.7
NC,2020,A,Missing data/not specified/undetermined,2,0.11
NC,2020,A,Natural,28,1.44
NC,2020,B,Human,931,1545.02
NC,2020,B,Missing data/not specified/undetermined,3,3.14
NC,2020,B,Natural,6,15.72
NC,2020,C,Human,80,2009.83
NC,2020,C,Natural,3,70.71
NC,2020,D,Human,6,982.51
NC,2020,D,Natural,2,229.57999999999998
NC,2020,E,Human,3,1062.3899999999999
NC,2020,F,Human,1,2727.53
ND,1992,A,Human,46,5.4
ND,1992,A,Natural,1,0.2
ND,1992,B,Human,260,529.8
ND,1992,B,Missing data/not specified/undetermined,1,3.0
ND,1992,B,Natural,4,16.4
ND,1992,C,Human,71,1932.1
ND,1992,C,Missing data/not specified/undetermined,1,30.0
ND,1992,C,Natural,3,80.0
ND,1992,D,Human,6,830.0
ND,1992,E,Human,1,300.0
ND,1992,E,Natural,1,547.0
ND,1992,F,Human,1,2100.0
ND,1993,A,Human,60,8.6
ND,1993,A,Natural,2,0.2
ND,1993,B,Human,248,542.7
ND,1993,B,Missing data/not specified/undetermined,1,1.0
ND,1993,B,Natural,4,18.0
ND,1993,C,Human,62,1635.1
ND,1993,D,Human,6,763.3
ND,1993,D,Missing data/not specified/undetermined,1,205.0
ND,1993,E,Human,2,750.0
ND,1994,A,Human,65,8.6
ND,1994,A,Natural,2,0.30000000000000004
ND,1994,B,Human,331,642.6
ND,1994,B,Missing data/not specified/undetermined,1,1.0
ND,1994,B,Natural,9,10.4
ND,1994,C,Human,77,2309.9
ND,1994,C,Natural,3,80.0
ND,1994,D,Human,9,1580.5
ND,1994,E,Human,1,360.0
ND,1994,E,Natural,1,420.0
ND,1994,F,Human,1,1640.0
ND,1994,F,Missing data/not specified/undetermined,1,4690.0
ND,1995,A,Human,31,4.2
ND,1995,A,Natural,1,0.1
ND,1995,B,Human,209,404.1
ND,1995,B,Missing data/not specified/undetermined,1,5.0
ND,1995,C,Human,25,684.2
ND,1995,C,Natural,1,40.0
ND,1995,D,Human,2,227.0
ND,1995,E,Human,2,683.0
ND,1996,A,Human,70,8.5
ND,1996,A,Missing data/not specified/undetermined,9,1.0
ND,1996,A,Natural,1,0.1
ND,1996,B,Human,340,659.9
ND,1996,B,Missing data/not specified/undetermined,9,13.4
ND,1996,B,Natural,5,18.6
ND,1996,C,Human,80,1705.2
ND,1996,C,Missing data/not specified/undetermined,4,128.6
ND,1996,C,Natural,1,20.0
ND,1996,D,Human,4,576.0
ND,1996,E,Human,3,1370.5
ND,1996,E,Natural,1,300.0
ND,1997,A,Human,40,5.5
ND,1997,A,Missing data/not specified/undetermined,1,0.1
ND,1997,A,Natural,2,0.2
ND,1997,B,Human,350,628.0
ND,1997,B,Missing data/not specified/undetermined,1,0.5
ND,1997,B,Natural,3,11.5
ND,1997,C,Human,46,1218.6
ND,1997,C,Natural,1,12.0
ND,1997,D,Human,6,1027.4
ND,1997,E,Human,2,1200.0
ND,1997,F,Human,1,2100.0
ND,1998,A,Human,61,8.200000000000001
ND,1998,B,Human,341,584.1
ND,1998,B,Missing data/not specified/undetermined,1,3.0
ND,1998,B,Natural,14,44.5
ND,1998,C,Human,54,1712.3
ND,1998,C,Natural,9,328.0
ND,1998,D,Human,6,840.0
ND,1998,D,Natural,1,100.0
ND,1998,E,Human,2,1140.0
ND,1998,E,Natural,2,1500.0
ND,1998,F,Human,1,1500.0
ND,1999,A,Human,47,5.6000000000000005
ND,1999,A,Natural,1,0.1
ND,1999,B,Human,351,555.5
ND,1999,B,Missing data/not specified/undetermined,9,30.5
ND,1999,B,Natural,4,9.3
ND,1999,C,Human,70,2089.6
ND,1999,C,Missing data/not specified/undetermined,4,228.0
ND,1999,C,Natural,2,132.0
ND,1999,D,Human,10,1551.0
ND,1999,E,Human,2,1020.0
ND,1999,F,Human,4,5770.0
ND,1999,G,Human,2,59606.0
ND,2000,A,Human,53,6.4
ND,2000,A,Natural,2,0.2
ND,2000,B,Human,432,720.3
ND,2000,B,Natural,23,65.2
ND,2000,C,Human,80,2465.2
ND,2000,C,Natural,11,447.0
ND,2000,D,Human,13,2269.0
ND,2000,D,Natural,4,625.6
ND,2000,E,Human,2,920.0
ND,2000,E,Natural,2,645.0
ND,2000,F,Human,4,8141.8
ND,2000,F,Natural,1,1866.0
ND,2001,A,Human,56,6.6000000000000005
ND,2001,A,Natural,1,0.1
ND,2001,B,Human,418,754.9
ND,2001,B,Missing data/not specified/undetermined,1,2.0
ND,2001,B,Natural,4,3.5
ND,2001,C,Human,56,1632.8
ND,2001,C,Missing data/not specified/undetermined,2,60.0
ND,2001,C,Natural,1,12.0
ND,2001,D,Human,10,1545.4
ND,2001,E,Human,3,1550.0
ND,2001,F,Human,1,1000.0
ND,2002,A,Human,122,14.200000000000001
ND,2002,B,Human,619,1130.6
ND,2002,B,Natural,10,30.0
ND,2002,C,Human,101,3242.7
ND,2002,C,Missing data/not specified/undetermined,1,40.0
ND,2002,C,Natural,10,369.0
ND,2002,D,Human,22,3673.0
ND,2002,D,Natural,2,250.0
ND,2002,E,Human,11,4242.0
ND,2002,E,Missing data/not specified/undetermined,2,1345.0
ND,2002,F,Human,1,1076.0
ND,2002,F,Natural,2,5754.0
ND,2002,G,Human,1,15732.2
ND,2002,G,Missing data/not specified/undetermined,1,5500.0
ND,2002,G,Natural,1,10420.7
ND,2003,A,Human,98,11.0
ND,2003,A,Missing data/not specified/undetermined,2,0.2
ND,2003,A,Natural,3,0.30000000000000004
ND,2003,B,Human,594,1058.8
ND,2003,B,Missing data/not specified/undetermined,1,5.0
ND,2003,B,Natural,10,21.8
ND,2003,C,Human,87,2551.3
ND,2003,C,Missing data/not specified/undetermined,2,75.0
ND,2003,C,Natural,4,106.0
ND,2003,D,Human,17,2743.0
ND,2003,D,Missing data/not specified/undetermined,1,244.0
ND,2003,D,Natural,3,446.5
ND,2003,E,Human,5,2778.0
ND,2003,E,Missing data/not specified/undetermined,3,1400.0
ND,2003,E,Natural,1,400.0
ND,2003,F,Human,3,6160.0
ND,2003,F,Natural,1,1500.0
ND,2003,G,Human,1,6000.0
ND,2004,A,Human,95,11.42
ND,2004,A,Natural,1,0.2
ND,2004,B,Human,609,975.3
ND,2004,B,Missing data/not specified/undetermined,1,5.0
ND,2004,B,Natural,9,35.0
ND,2004,C,Human,71,2116.6
ND,2004,C,Missing data/not specified/undetermined,1,75.0
ND,2004,C,Natural,8,254.37
ND,2004,D,Human,7,981.0
ND,2004,D,Missing data/not specified/undetermined,1,180.0
ND,2004,D,Natural,2,404.0
ND,2004,E,Human,9,3783.0
ND,2004,E,Natural,2,1263.0
ND,2004,F,Human,4,9666.0
ND,2005,A,Human,72,9.0
ND,2005,A,Natural,1,0.1
ND,2005,B,Human,634,1115.4
ND,2005,B,Missing data/not specified/undetermined,4,9.0
ND,2005,B,Natural,32,58.0
ND,2005,C,Human,119,3396.8
ND,2005,C,Missing data/not specified/undetermined,5,165.0
ND,2005,C,Natural,5,152.0
ND,2005,D,Human,22,3423.8
ND,2005,D,Missing data/not specified/undetermined,3,517.0
ND,2005,E,Human,4,2100.0
ND,2005,F,Human,1,1280.0
ND,2005,G,Missing data/not specified/undetermined,1,6500.0
ND,2006,A,Human,156,18.7
ND,2006,A,Missing data/not specified/undetermined,1,0.1
ND,2006,A,Natural,12,1.7000000000000002
ND,2006,B,Human,746,1205.55
ND,2006,B,Missing data/not specified/undetermined,2,6.0
ND,2006,B,Natural,22,66.8
ND,2006,C,Human,84,2493.9
ND,2006,C,Missing data/not specified/undetermined,2,106.0
ND,2006,C,Natural,12,445.7
ND,2006,D,Human,13,2033.5
ND,2006,D,Natural,1,289.0
ND,2006,E,Human,3,1745.0
ND,2006,E,Missing data/not specified/undetermined,1,600.0
ND,2006,E,Natural,1,320.0
ND,2006,F,Human,3,4867.0
ND,2006,G,Natural,1,9499.0
ND,2007,A,Human,129,17.43
ND,2007,A,Natural,3,0.17
ND,2007,B,Human,537,912.1
ND,2007,B,Missing data/not specified/undetermined,42,122.0
ND,2007,B,Natural,8,16.5
ND,2007,C,Human,90,2828.7
ND,2007,C,Missing data/not specified/undetermined,25,748.0
ND,2007,C,Natural,8,359.3
ND,2007,D,Human,8,1423.7
ND,2007,D,Missing data/not specified/undetermined,3,429.0
ND,2007,E,Human,6,3088.0
ND,2007,E,Missing data/not specified/undetermined,1,480.0
ND,2007,F,Human,5,8436.0
ND,2008,A,Human,122,14.8
ND,2008,A,Missing data/not specified/undetermined,1,0.1
ND,2008,A,Natural,6,0.6000000000000001
ND,2008,B,Human,466,737.45
ND,2008,B,Missing data/not specified/undetermined,2,6.9
ND,2008,B,Natural,18,48.4
ND,2008,C,Human,55,2009.3
ND,2008,C,Missing data/not specified/undetermined,1,21.8
ND,2008,C,Natural,8,248.4
ND,2008,D,Human,12,2117.0
ND,2008,D,Missing data/not specified/undetermined,1,132.2
ND,2008,D,Natural,1,179.2
ND,2008,E,Human,20,8903.9
ND,2008,F,Human,8,11380.0
ND,2008,F,Missing data/not specified/undetermined,1,1701.0
ND,2008,F,Natural,1,2405.0
ND,2009,A,Human,67,7.7
ND,2009,A,Missing data/not specified/undetermined,1,0.1
ND,2009,A,Natural,2,0.2
ND,2009,B,Human,316,435.81
ND,2009,B,Missing data/not specified/undetermined,1,1.0
ND,2009,B,Natural,5,22.05
ND,2009,C,Human,18,465.3
ND,2009,D,Human,2,311.0
ND,2009,D,Natural,1,156.0
ND,2009,E,Missing data/not specified/undetermined,1,335.0
ND,2009,F,Human,1,1580.0
ND,2010,A,Human,95,12.3
ND,2010,A,Missing data/not specified/undetermined,2,0.2
ND,2010,A,Natural,5,0.5
ND,2010,B,Human,296,429.2
ND,2010,B,Natural,4,4.0
ND,2010,C,Human,22,630.5
ND,2010,C,Natural,2,39.0
ND,2010,D,Human,5,928.6
ND,2010,D,Missing data/not specified/undetermined,1,100.5
ND,2010,D,Natural,1,299.0
ND,2010,E,Human,1,300.0
ND,2010,F,Missing data/not specified/undetermined,1,1011.0
ND,2011,A,Human,74,8.9
ND,2011,A,Natural,6,0.7000000000000001
ND,2011,B,Human,246,379.64
ND,2011,B,Missing data/not specified/undetermined,3,15.3
ND,2011,B,Natural,13,35.44
ND,2011,C,Human,19,587.6
ND,2011,C,Missing data/not specified/undetermined,1,40.0
ND,2011,C,Natural,4,128.9
ND,2011,D,Human,4,555.0
ND,2011,E,Human,2,1097.9
ND,2011,F,Human,1,1200.0
ND,2012,A,Human,244,28.44
ND,2012,A,Natural,8,1.05
ND,2012,B,Human,587,998.05
ND,2012,B,Missing data/not specified/undetermined,4,21.5
ND,2012,B,Natural,72,127.25
ND,2012,C,Human,118,3637.6
ND,2012,C,Missing data/not specified/undetermined,9,316.7
ND,2012,C,Natural,13,540.4
ND,2012,D,Human,23,3797.9
ND,2012,D,Missing data/not specified/undetermined,4,652.0
ND,2012,D,Natural,1,281.4
ND,2012,E,Human,7,3756.4
ND,2012,E,Natural,1,350.0
ND,2012,F,Human,4,8327.1
ND,2012,F,Natural,1,3317.1
ND,2012,G,Human,2,15570.0
ND,2013,A,Human,107,12.680000000000001
ND,2013,A,Natural,3,0.31
ND,2013,B,Human,318,542.8
ND,2013,B,Missing data/not specified/undetermined,1,1.0
ND,2013,B,Natural,50,62.1
ND,2013,C,Human,42,1109.3
ND,2013,C,Missing data/not specified/undetermined,1,10.1
ND,2013,C,Natural,3,70.0
ND,2013,D,Human,8,1520.4
ND,2013,D,Missing data/not specified/undetermined,1,157.5
ND,2013,D,Natural,1,118.0
ND,2013,E,Human,4,1324.0
ND,2013,E,Missing data/not specified/undetermined,1,384.0
ND,2013,F,Human,1,1381.5
ND,2014,A,Human,130,16.3
ND,2014,A,Natural,7,1.0
ND,2014,B,Human,289,442.85
ND,2014,B,Natural,32,74.4
ND,2014,C,Human,37,1085.7
ND,2014,C,Natural,5,164.39999999999998
ND,2014,D,Human,6,860.8
ND,2014,D,Natural,2,255.0
ND,2014,E,Human,2,1015.0
ND,2015,A,Human,214,25.21
ND,2015,A,Natural,5,0.6000000000000001
ND,2015,B,Human,563,1079.86
ND,2015,B,Natural,49,96.9
ND,2015,C,Human,112,3748.3
ND,2015,C,Missing data/not specified/undetermined,1,11.5
ND,2015,C,Natural,10,205.5
ND,2015,D,Human,25,3435.1
ND,2015,D,Natural,2,266.5
ND,2015,E,Human,16,7776.3
ND,2015,E,Natural,1,375.0
ND,2015,F,Human,4,8773.2
ND,2016,A,Human,226,26.07
ND,2016,A,Natural,8,0.8
ND,2016,B,Human,618,1156.1
ND,2016,B,Missing data/not specified/undetermined,1,1.0
ND,2016,B,Natural,63,105.5
ND,2016,C,Human,151,4150.3
ND,2016,C,Missing data/not specified/undetermined,1,28.7
ND,2016,C,Natural,6,245.5
ND,2016,D,Human,29,4964.3
ND,2016,D,Natural,2,294.0
ND,2016,E,Human,14,7251.0
ND,2016,E,Natural,1,640.0
ND,2016,F,Human,1,1240.0
ND,2017,A,Human,187,21.200000000000003
ND,2017,A,Natural,20,2.4000000000000004
ND,2017,B,Human,588,1098.12
ND,2017,B,Natural,60,118.1
ND,2017,C,Human,105,2326.6
ND,2017,C,Missing data/not specified/undetermined,2,88.6
ND,2017,C,Natural,12,319.7
ND,2017,D,Human,16,2099.0
ND,2017,D,Missing data/not specified/undetermined,1,269.0
ND,2017,D,Natural,1,100.0
ND,2017,E,Human,5,2393.1
ND,2017,F,Human,2,5907.0
ND,2018,A,Human,273,31.46
ND,2018,A,Natural,38,4.24
ND,2018,B,Human,496,892.7
ND,2018,B,Natural,46,76.4
ND,2018,C,Human,98,3028.5
ND,2018,C,Natural,3,136.4
ND,2018,D,Human,22,3239.5
ND,2018,E,Human,6,3100.1
ND,2018,F,Human,5,8621.0
ND,2018,F,Missing data/not specified/undetermined,1,1772.0
ND,2019,A,Human,295,32.29
ND,2019,A,Natural,26,2.8000000000000003
ND,2019,B,Human,497,928.05
ND,2019,B,Natural,29,28.9
ND,2019,C,Human,85,2405.7
ND,2019,C,Natural,2,25.1
ND,2019,D,Human,16,2636.8
ND,2019,E,Human,4,1993.0
ND,2020,A,Human,248,29.51
ND,2020,A,Missing data/not specified/undetermined,1,0.1
ND,2020,A,Natural,14,1.22
ND,2020,B,Human,353,614.18
ND,2020,B,Missing data/not specified/undetermined,1,1.6
ND,2020,B,Natural,21,41.1
ND,2020,C,Human,101,2873.52
ND,2020,C,Natural,4,138.6
ND,2020,D,Human,9,1748.0
ND,2020,D,Natural,1,160.0
ND,2020,E,Human,3,1275.0
ND,2020,F,Human,1,3200.0
NE,1992,A,Human,5,0.5
NE,1992,A,Natural,3,0.30000000000000004
NE,1992,B,Human,8,21.5
NE,1992,B,Natural,1,2.0
NE,1992,C,Human,3,104.1
NE,1992,C,Natural,1,10.0
NE,1992,D,Human,3,588.7
NE,1992,E,Natural,1,500.0
NE,1993,A,Human,2,0.2
NE,1993,A,Natural,2,0.30000000000000004
NE,1993,B,Human,5,17.2
NE,1993,B,Natural,4,14.0
NE,1993,C,Human,3,121.8
NE,1993,C,Natural,1,20.0
NE,1994,A,Human,4,0.6000000000000001
NE,1994,A,Natural,11,1.2000000000000002
NE,1994,B,Human,14,40.8
NE,1994,B,Natural,17,54.6
NE,1994,C,Human,20,487.8
NE,1994,C,Natural,6,110.1
NE,1994,D,Human,2,494.4
NE,1994,D,Natural,1,200.0
NE,1994,E,Human,2,1200.0
NE,1994,E,Natural,1,500.0
NE,1994,F,Missing data/not specified/undetermined,2,3780.0
NE,1995,A,Human,4,0.4
NE,1995,A,Missing data/not specified/undetermined,1,0.1
NE,1995,A,Natural,4,0.5
NE,1995,B,Human,4,19.0
NE,1995,B,Missing data/not specified/undetermined,1,7.0
NE,1995,B,Natural,11,25.0
NE,1995,C,Human,9,283.8
NE,1995,C,Natural,11,457.0
NE,1995,D,Human,2,280.0
NE,1995,D,Natural,1,100.0
NE,1995,E,Natural,2,1000.0
NE,1995,F,Missing data/not specified/undetermined,2,5500.0
NE,1995,F,Natural,1,1000.0
NE,1995,G,Missing data/not specified/undetermined,2,40200.0
NE,1995,G,Natural,1,6885.0
NE,1996,A,Human,3,0.30000000000000004
NE,1996,A,Missing data/not specified/undetermined,1,0.1
NE,1996,A,Natural,6,0.6000000000000001
NE,1996,B,Human,18,43.0
NE,1996,B,Missing data/not specified/undetermined,2,3.5
NE,1996,B,Natural,7,19.8
NE,1996,C,Human,9,388.5
NE,1996,C,Natural,6,160.0
NE,1996,D,Human,2,422.5
NE,1996,E,Human,4,2240.0
NE,1996,G,Missing data/not specified/undetermined,1,5000.0
NE,1997,A,Human,3,0.30000000000000004
NE,1997,A,Missing data/not specified/undetermined,2,0.2
NE,1997,A,Natural,11,1.3
NE,1997,B,Human,12,29.5
NE,1997,B,Natural,10,14.7
NE,1997,C,Human,9,317.0
NE,1997,C,Natural,4,104.5
NE,1997,D,Human,1,292.0
NE,1997,D,Natural,1,120.0
NE,1997,E,Human,1,350.0
NE,1997,F,Missing data/not specified/undetermined,1,1900.0
NE,1997,G,Human,1,9000.0
NE,1997,G,Missing data/not specified/undetermined,1,6000.0
NE,1998,A,Natural,6,0.8
NE,1998,B,Human,11,26.0
NE,1998,B,Missing data/not specified/undetermined,1,4.0
NE,1998,B,Natural,6,20.0
NE,1998,C,Human,6,189.3
NE,1998,C,Natural,2,60.0
NE,1998,D,Human,3,615.0
NE,1998,D,Natural,1,100.0
NE,1998,E,Natural,2,1095.0
NE,1998,F,Human,1,3600.0
NE,1998,F,Missing data/not specified/undetermined,1,1500.0
NE,1998,F,Natural,3,6900.0
NE,1999,A,Human,4,0.4
NE,1999,A,Missing data/not specified/undetermined,1,0.1
NE,1999,A,Natural,3,0.30000000000000004
NE,1999,B,Human,26,82.8
NE,1999,B,Natural,7,12.9
NE,1999,C,Human,12,477.0
NE,1999,C,Missing data/not specified/undetermined,1,41.0
NE,1999,C,Natural,5,186.0
NE,1999,D,Human,3,448.0
NE,1999,E,Human,2,932.0
NE,1999,E,Natural,3,1620.0
NE,1999,F,Missing data/not specified/undetermined,4,8330.0
NE,1999,G,Human,1,74500.0
NE,1999,G,Missing data/not specified/undetermined,3,31920.0
NE,2000,A,Human,12,1.2710000000000001
NE,2000,A,Natural,14,1.7000000000000002
NE,2000,B,Human,22,63.83
NE,2000,B,Natural,8,14.8
NE,2000,C,Human,13,442.9
NE,2000,C,Natural,10,340.0
NE,2000,D,Human,7,1124.8
NE,2000,D,Natural,9,1411.0
NE,2000,E,Human,4,1590.0
NE,2000,E,Natural,5,2256.3
NE,2000,F,Natural,5,9934.7
NE,2000,G,Natural,5,98912.7
NE,2001,A,Human,17,2.3200000000000003
NE,2001,A,Missing data/not specified/undetermined,1,0.2
NE,2001,A,Natural,7,0.7000000000000001
NE,2001,B,Human,27,55.62
NE,2001,B,Missing data/not specified/undetermined,1,3.0
NE,2001,B,Natural,10,15.1
NE,2001,C,Human,7,197.0
NE,2001,C,Natural,4,135.0
NE,2001,D,Human,1,239.6
NE,2001,E,Human,1,325.0
NE,2001,F,Natural,1,1500.0
NE,2002,A,Human,19,2.5300000000000002
NE,2002,A,Natural,22,2.2
NE,2002,B,Human,60,297.63
NE,2002,B,Missing data/not specified/undetermined,2,2.0
NE,2002,B,Natural,16,26.7
NE,2002,C,Human,44,1002.0
NE,2002,C,Natural,6,279.0
NE,2002,D,Human,7,1079.0
NE,2002,D,Natural,3,544.0
NE,2002,E,Human,3,1860.0
NE,2002,G,Human,1,5000.0
NE,2003,A,Human,19,2.0300000000000002
NE,2003,A,Missing data/not specified/undetermined,1,0.1
NE,2003,A,Natural,10,0.92
NE,2003,B,Human,83,145.9
NE,2003,B,Natural,14,38.4
NE,2003,C,Human,22,615.0
NE,2003,C,Missing data/not specified/undetermined,1,47.0
NE,2003,C,Natural,3,32.0
NE,2003,D,Human,3,420.0
NE,2003,D,Natural,1,200.0
NE,2003,E,Human,3,1415.0
NE,2003,E,Natural,1,400.0
NE,2004,A,Human,13,0.9500000000000001
NE,2004,A,Natural,6,0.42000000000000004
NE,2004,B,Human,90,243.4
NE,2004,B,Natural,14,34.9
NE,2004,C,Human,34,998.4
NE,2004,C,Natural,2,85.0
NE,2004,D,Human,6,798.0
NE,2004,D,Natural,1,100.0
NE,2004,E,Human,2,1091.0
NE,2004,E,Natural,1,300.0
NE,2005,A,Human,19,2.61
NE,2005,A,Natural,2,0.2
NE,2005,B,Human,86,187.91
NE,2005,B,Missing data/not specified/undetermined,1,5.0
NE,2005,B,Natural,8,30.4
NE,2005,C,Human,38,1201.0
NE,2005,C,Missing data/not specified/undetermined,1,10.0
NE,2005,C,Natural,5,230.0
NE,2005,D,Human,10,1505.0
NE,2005,D,Natural,1,101.0
NE,2005,E,Human,5,2188.0
NE,2005,F,Human,1,1020.0
NE,2006,A,Human,14,1.73
NE,2006,A,Natural,9,1.1500000000000001
NE,2006,B,Human,43,91.5
NE,2006,B,Missing data/not specified/undetermined,1,0.6
NE,2006,B,Natural,12,28.42
NE,2006,C,Human,26,739.0
NE,2006,C,Natural,4,118.0
NE,2006,D,Human,3,503.0
NE,2006,D,Natural,2,279.1
NE,2006,E,Human,1,500.0
NE,2006,E,Natural,2,968.0
NE,2006,F,Human,1,3100.0
NE,2006,G,Human,1,5954.0
NE,2006,G,Natural,3,76778.0
NE,2007,A,Human,256,26.512
NE,2007,A,Natural,43,4.48
NE,2007,B,Human,332,595.17
NE,2007,B,Natural,49,112.29
NE,2007,C,Human,84,2530.8
NE,2007,C,Natural,22,661.0
NE,2007,D,Human,17,2214.0
NE,2007,D,Natural,4,538.0
NE,2007,E,Human,4,1820.0
NE,2007,E,Natural,3,1600.0
NE,2007,F,Human,1,1000.0
NE,2007,F,Natural,2,4587.0
NE,2007,G,Natural,1,5000.0
NE,2008,A,Human,188,20.6402
NE,2008,A,Natural,13,1.08
NE,2008,B,Human,281,531.05
NE,2008,B,Natural,33,48.24
NE,2008,C,Human,72,1822.8
NE,2008,C,Natural,11,313.0
NE,2008,D,Human,6,978.0
NE,2008,D,Natural,2,410.0
NE,2008,E,Human,3,1360.0
NE,2008,F,Human,2,2300.0
NE,2009,A,Human,152,16.62
NE,2009,A,Natural,12,1.2510000000000001
NE,2009,B,Human,368,727.88
NE,2009,B,Natural,19,24.1
NE,2009,C,Human,134,4270.7
NE,2009,C,Natural,1,40.0
NE,2009,D,Human,20,2855.0
NE,2009,D,Natural,3,440.0
NE,2009,E,Human,6,2811.0
NE,2010,A,Human,157,17.84
NE,2010,A,Missing data/not specified/undetermined,1,0.1
NE,2010,A,Natural,5,0.6000000000000001
NE,2010,B,Human,300,633.4
NE,2010,B,Natural,16,38.0
NE,2010,C,Human,90,2514.25
NE,2010,C,Missing data/not specified/undetermined,2,46.0
NE,2010,C,Natural,7,240.0
NE,2010,D,Human,11,1531.5
NE,2010,D,Natural,4,660.0
NE,2010,E,Human,8,4202.0
NE,2010,E,Natural,3,1300.0
NE,2010,F,Human,4,4250.0
NE,2010,F,Natural,1,1500.0
NE,2010,G,Human,1,6400.0
NE,2011,A,Human,206,23.132
NE,2011,A,Natural,12,1.4500000000000002
NE,2011,B,Human,406,815.8
NE,2011,B,Missing data/not specified/undetermined,2,5.0
NE,2011,B,Natural,19,36.25
NE,2011,C,Human,139,3622.0
NE,2011,C,Missing data/not specified/undetermined,1,25.0
NE,2011,C,Natural,7,157.0
NE,2011,D,Human,21,3497.0
NE,2011,E,Human,11,4730.0
NE,2011,F,Human,5,12648.0
NE,2011,F,Natural,1,1000.0
NE,2011,G,Human,2,12500.0
NE,2012,A,Human,227,23.624000000000002
NE,2012,A,Natural,20,2.2600000000000002
NE,2012,B,Human,546,1032.86
NE,2012,B,Missing data/not specified/undetermined,1,7.3
NE,2012,B,Natural,95,275.41
NE,2012,C,Human,147,4500.0
NE,2012,C,Natural,91,3286.9
NE,2012,D,Human,28,4035.0
NE,2012,D,Natural,12,2073.6
NE,2012,E,Human,16,8252.0
NE,2012,E,Natural,15,6500.4
NE,2012,F,Human,9,19392.0
NE,2012,F,Missing data/not specified/undetermined,1,2500.0
NE,2012,F,Natural,8,17101.0
NE,2012,G,Natural,7,267126.0
NE,2013,A,Human,115,12.341000000000001
NE,2013,A,Natural,9,1.35
NE,2013,B,Human,199,409.9
NE,2013,B,Natural,18,32.5
NE,2013,C,Human,65,2086.0
NE,2013,C,Natural,9,285.0
NE,2013,D,Human,3,370.0
NE,2013,E,Human,2,1000.0
NE,2013,E,Natural,1,350.0
NE,2013,F,Human,1,1000.0
NE,2013,G,Natural,1,5000.0
NE,2014,A,Human,170,18.511200000000002
NE,2014,A,Natural,7,0.71
NE,2014,B,Human,346,680.4
NE,2014,B,Missing data/not specified/undetermined,1,2.0
NE,2014,B,Natural,22,66.8
NE,2014,C,Human,121,3658.0
NE,2014,C,Natural,10,359.0
NE,2014,D,Human,30,4947.6
NE,2014,D,Natural,5,1155.0
NE,2014,E,Human,6,2625.0
NE,2014,F,Human,5,6700.0
NE,2015,A,Human,133,15.14
NE,2015,A,Natural,1,0.1
NE,2015,B,Human,292,607.06
NE,2015,B,Natural,8,13.75
NE,2015,C,Human,111,3480.3
NE,2015,C,Natural,10,320.0
NE,2015,D,Human,28,4229.45
NE,2015,D,Natural,1,140.0
NE,2015,E,Human,10,4901.0
NE,2015,F,Human,4,7488.0
NE,2015,G,Natural,1,23000.0
NE,2016,A,Human,143,13.4001
NE,2016,A,Natural,9,0.54
NE,2016,B,Human,231,458.07
NE,2016,B,Natural,26,43.51
NE,2016,C,Human,66,2154.0
NE,2016,C,Natural,30,949.7
NE,2016,D,Human,8,1480.0
NE,2016,D,Natural,2,312.0
NE,2016,E,Human,6,3350.0
NE,2016,E,Natural,2,1303.63
NE,2016,F,Human,1,2000.0
NE,2016,G,Human,3,18500.0
NE,2017,A,Human,1,0.1
NE,2017,A,Natural,3,0.22
NE,2017,B,Human,720,1143.64
NE,2017,B,Natural,88,171.24
NE,2017,C,Human,116,3454.78
NE,2017,C,Natural,25,906.25
NE,2017,D,Human,12,2084.0
NE,2017,D,Natural,8,1024.0
NE,2017,E,Human,7,3496.0
NE,2017,E,Natural,2,1600.0
NE,2017,F,Human,3,3640.0
NE,2017,G,Human,1,11000.0
NE,2018,A,Human,177,16.7851
NE,2018,A,Missing data/not specified/undetermined,3,0.30100000000000005
NE,2018,A,Natural,5,0.71
NE,2018,B,Human,460,990.77
NE,2018,B,Missing data/not specified/undetermined,7,14.0
NE,2018,B,Natural,21,33.72
NE,2018,C,Human,156,4973.95
NE,2018,C,Missing data/not specified/undetermined,2,57.0
NE,2018,C,Natural,13,428.0
NE,2018,D,Human,19,2718.0
NE,2018,D,Natural,2,375.0
NE,2018,E,Human,6,3168.0
NE,2018,F,Human,1,1000.0
NE,2019,A,Human,93,8.69
NE,2019,A,Missing data/not specified/undetermined,1,0.25
NE,2019,A,Natural,6,0.45
NE,2019,B,Human,220,436.16
NE,2019,B,Missing data/not specified/undetermined,4,13.0
NE,2019,B,Natural,17,38.8
NE,2019,C,Human,60,1469.3
NE,2019,C,Natural,6,256.0
NE,2019,D,Human,6,772.0
NE,2019,D,Natural,2,340.0
NE,2019,E,Human,4,2203.0
NE,2019,E,Natural,1,477.0
NE,2019,F,Human,3,5020.0
NE,2019,F,Natural,1,1400.0
NE,2019,G,Human,1,5035.4
NE,2020,A,Human,154,18.411
NE,2020,A,Missing data/not specified/undetermined,2,0.2
NE,2020,A,Natural,13,1.71
NE,2020,B,Human,502,1087.5
NE,2020,B,Missing data/not specified/undetermined,6,10.5
NE,2020,B,Natural,56,104.52
NE,2020,C,Human,153,4740.2
NE,2020,C,Missing data/not specified/undetermined,2,78.0
NE,2020,C,Natural,31,1084.5
NE,2020,D,Human,15,2179.0
NE,2020,D,Natural,3,420.0
NE,2020,E,Human,13,6519.67
NE,2020,E,Natural,3,1241.0
NE,2020,F,Human,8,16117.0
NE,2020,F,Missing data/not specified/undetermined,1,3850.0
NH,1992,A,Human,8,2.0
NH,1992,B,Human,98,147.62
NH,1992,C,Human,1,15.0
NH,1993,A,Human,26,6.35
NH,1993,B,Human,114,151.08
NH,1993,B,Natural,2,9.18
NH,1994,A,Human,21,5.25
NH,1994,A,Natural,1,0.25
NH,1994,B,Human,108,168.9
NH,1994,B,Natural,1,7.0
NH,1994,C,Human,2,25.79
NH,1995,A,Human,43,9.5
NH,1995,A,Natural,5,0.8
NH,1995,B,Human,139,203.21
NH,1995,B,Natural,5,15.5
NH,1995,C,Human,3,80.0
NH,1996,A,Human,18,4.05
NH,1996,A,Natural,4,0.5
NH,1996,B,Human,58,84.28
NH,1996,B,Natural,3,6.9
NH,1997,A,Human,23,5.3
NH,1997,A,Natural,1,0.25
NH,1997,B,Human,57,84.12
NH,1997,B,Natural,3,8.5
NH,1997,C,Human,1,10.0
NH,1998,A,Human,34,8.05
NH,1998,A,Natural,3,0.75
NH,1998,B,Human,127,214.22
NH,1998,B,Natural,5,8.5
NH,1998,C,Human,2,25.5
NH,1999,A,Human,2,0.2
NH,1999,A,Natural,1,0.2
NH,1999,B,Human,1,2.5
NH,1999,C,Human,1,13.3
NH,2000,A,Human,14,3.05
NH,2000,A,Natural,1,0.25
NH,2000,B,Human,69,115.46
NH,2000,B,Natural,2,3.5
NH,2000,C,Human,1,10.0
NH,2001,A,Human,30,6.0
NH,2001,B,Human,90,142.71
NH,2001,B,Natural,4,4.1
NH,2002,A,Human,19,3.15
NH,2002,A,Natural,4,0.85
NH,2002,B,Human,81,117.53
NH,2002,B,Natural,11,20.22
NH,2002,C,Human,1,17.0
NH,2003,A,Human,7,1.6
NH,2003,B,Human,46,73.62
NH,2003,B,Natural,2,0.73
NH,2003,C,Human,1,13.6
NH,2004,A,Human,21,4.95
NH,2004,B,Human,46,77.27
NH,2004,B,Natural,1,0.5
NH,2004,C,Human,1,10.66
NH,2004,D,Human,1,139.0
NH,2005,A,Human,16,4.0
NH,2005,B,Human,71,100.73
NH,2005,C,Human,1,10.0
NH,2006,A,Human,21,4.86
NH,2006,B,Human,85,128.77
NH,2006,C,Human,4,57.6
NH,2006,D,Human,1,100.0
NH,2007,A,Human,32,7.95
NH,2007,A,Natural,1,0.1
NH,2007,B,Human,56,94.84
NH,2007,B,Natural,3,2.6
NH,2007,C,Human,3,40.0
NH,2008,A,Human,16,4.0
NH,2008,A,Natural,1,0.25
NH,2008,B,Human,78,109.82
NH,2008,B,Natural,5,7.0
NH,2008,C,Human,2,64.0
NH,2009,A,Human,18,4.5
NH,2009,B,Human,47,77.26
NH,2009,C,Human,3,40.0
NH,2010,A,Human,66,4.215
NH,2010,A,Natural,2,0.259
NH,2010,B,Human,29,46.99
NH,2010,B,Natural,1,0.5
NH,2011,A,Human,1,0.25
NH,2011,B,Human,3,4.2
NH,2012,A,Human,39,5.507
NH,2012,A,Natural,4,0.15000000000000002
NH,2012,B,Human,53,69.0
NH,2012,B,Natural,2,2.9
NH,2012,C,Human,2,23.42
NH,2013,A,Human,104,12.86
NH,2013,B,Human,42,61.16
NH,2013,C,Human,1,11.5
NH,2014,A,Human,99,5.086
NH,2014,A,Natural,1,0.01
NH,2014,B,Human,24,49.18
NH,2014,C,Human,1,24.0
NH,2015,A,Human,119,5.74
NH,2015,A,Natural,2,0.35
NH,2015,B,Human,52,112.65
NH,2015,B,Natural,1,0.5
NH,2015,C,Human,6,209.36
NH,2015,C,Natural,1,17.5
NH,2015,D,Human,1,275.0
NH,2016,A,Human,115,14.1
NH,2016,A,Natural,4,0.76
NH,2016,B,Human,87,166.09
NH,2016,B,Natural,6,7.17
NH,2016,C,Human,13,330.26
NH,2016,C,Natural,1,10.0
NH,2016,D,Human,1,190.0
NH,2016,E,Human,1,329.0
NH,2017,A,Human,31,2.97
NH,2017,B,Human,36,67.0
NH,2017,C,Human,1,72.0
NH,2018,A,Human,108,12.3206
NH,2018,A,Natural,2,0.33
NH,2018,B,Human,35,46.14
NH,2019,A,Human,6,1.02
NH,2019,A,Natural,1,0.03
NH,2019,B,Human,9,20.7
NH,2019,B,Natural,1,1.0
NH,2020,A,Human,77,7.42
NH,2020,A,Missing data/not specified/undetermined,6,0.6000000000000001
NH,2020,A,Natural,4,0.31
NH,2020,B,Human,35,47.37
NH,2020,B,Natural,6,3.65
NH,2020,C,Human,1,10.5
NJ,1992,A,Human,757,189.2
NJ,1992,A,Missing data/not specified/undetermined,1,0.1
NJ,1992,A,Natural,3,0.75
NJ,1992,B,Human,519,861.75
NJ,1992,B,Natural,1,0.5
NJ,1992,C,Human,36,962.75
NJ,1992,C,Missing data/not specified/undetermined,1,11.6
NJ,1992,D,Human,3,561.0
NJ,1992,F,Human,3,8732.0
NJ,1992,G,Human,1,5284.0
NJ,1993,A,Human,563,140.25
NJ,1993,A,Missing data/not specified/undetermined,2,0.30000000000000004
NJ,1993,A,Natural,6,1.5
NJ,1993,B,Human,254,340.45
NJ,1993,B,Missing data/not specified/undetermined,1,0.7
NJ,1993,B,Natural,2,7.5
NJ,1993,C,Human,13,312.0
NJ,1993,D,Human,1,120.0
NJ,1994,A,Human,841,210.25
NJ,1994,A,Natural,3,0.75
NJ,1994,B,Human,441,726.1
NJ,1994,B,Natural,4,11.5
NJ,1994,C,Human,31,639.25
NJ,1994,C,Natural,1,20.0
NJ,1994,D,Human,4,618.0
NJ,1994,E,Human,1,500.0
NJ,1995,A,Human,1068,266.51
NJ,1995,A,Natural,7,1.75
NJ,1995,B,Human,689,1020.38
NJ,1995,B,Missing data/not specified/undetermined,1,0.5
NJ,1995,B,Natural,1,1.0
NJ,1995,C,Human,42,787.0
NJ,1995,C,Missing data/not specified/undetermined,3,170.0
NJ,1995,D,Human,3,415.0
NJ,1995,E,Human,2,1075.0
NJ,1995,G,Human,1,19225.0
NJ,1996,A,Human,475,118.6
NJ,1996,A,Natural,2,0.5
NJ,1996,B,Human,275,447.25
NJ,1996,B,Missing data/not specified/undetermined,1,6.5
NJ,1996,C,Human,15,356.75
NJ,1997,A,Human,845,211.25
NJ,1997,A,Missing data/not specified/undetermined,7,1.75
NJ,1997,A,Natural,13,3.25
NJ,1997,B,Human,481,784.3
NJ,1997,B,Missing data/not specified/undetermined,2,9.0
NJ,1997,B,Natural,8,30.25
NJ,1997,C,Human,20,451.0
NJ,1997,C,Natural,2,75.0
NJ,1997,D,Human,2,250.0
NJ,1997,E,Human,2,1052.0
NJ,1997,F,Human,1,1900.0
NJ,1998,A,Human,861,215.09
NJ,1998,A,Natural,3,0.75
NJ,1998,B,Human,429,623.1
NJ,1998,B,Natural,3,9.0
NJ,1998,C,Human,12,341.5
NJ,1998,C,Natural,4,131.0
NJ,1999,A,Human,1094,273.2
NJ,1999,A,Natural,13,3.25
NJ,1999,B,Human,589,865.6
NJ,1999,B,Natural,7,17.25
NJ,1999,C,Human,48,1188.0
NJ,1999,D,Human,3,495.0
NJ,1999,E,Human,3,1423.0
NJ,1999,G,Human,1,11765.0
NJ,2000,A,Human,660,165.0
NJ,2000,A,Natural,6,1.5
NJ,2000,B,Human,275,445.5
NJ,2000,B,Natural,4,11.5
NJ,2000,C,Human,23,625.0
NJ,2000,D,Human,3,418.0
NJ,2000,E,Human,1,350.0
NJ,2001,A,Human,1083,270.3
NJ,2001,A,Missing data/not specified/undetermined,1,0.25
NJ,2001,A,Natural,8,2.0
NJ,2001,B,Human,445,651.15
NJ,2001,B,Missing data/not specified/undetermined,2,2.5
NJ,2001,C,Human,27,813.0
NJ,2001,C,Missing data/not specified/undetermined,1,35.0
NJ,2001,D,Human,2,271.0
NJ,2001,E,Human,1,765.0
NJ,2001,F,Human,1,1600.0
NJ,2002,A,Human,993,248.1
NJ,2002,A,Missing data/not specified/undetermined,3,0.75
NJ,2002,A,Natural,18,4.5
NJ,2002,B,Human,378,531.15
NJ,2002,B,Missing data/not specified/undetermined,2,2.0
NJ,2002,B,Natural,8,15.0
NJ,2002,C,Human,13,357.75
NJ,2002,C,Natural,1,15.0
NJ,2002,E,Human,1,740.0
NJ,2002,F,Human,2,3877.5
NJ,2003,A,Human,549,137.25
NJ,2003,A,Missing data/not specified/undetermined,1,0.25
NJ,2003,A,Natural,2,0.5
NJ,2003,B,Human,155,216.25
NJ,2003,C,Human,10,258.75
NJ,2003,E,Human,1,343.0
NJ,2004,A,Human,693,173.25
NJ,2004,A,Natural,3,0.75
NJ,2004,B,Human,160,184.8
NJ,2004,B,Missing data/not specified/undetermined,1,0.5
NJ,2004,C,Human,7,144.25
NJ,2005,A,Human,868,217.0
NJ,2005,A,Natural,4,1.0
NJ,2005,B,Human,310,423.5
NJ,2005,B,Natural,3,5.5
NJ,2005,C,Human,13,299.5
NJ,2005,D,Human,1,273.0
NJ,2005,E,Human,1,325.0
NJ,2006,A,Human,1151,287.65
NJ,2006,A,Missing data/not specified/undetermined,1,0.1
NJ,2006,A,Natural,4,1.0
NJ,2006,B,Human,386,504.7
NJ,2006,B,Missing data/not specified/undetermined,1,0.3
NJ,2006,B,Natural,2,4.0
NJ,2006,C,Human,25,806.5
NJ,2006,C,Missing data/not specified/undetermined,1,45.0
NJ,2006,C,Natural,1,20.0
NJ,2006,D,Human,2,240.0
NJ,2006,E,Human,2,920.0
NJ,2007,A,Human,827,206.7
NJ,2007,A,Natural,10,2.35
NJ,2007,B,Human,260,382.3
NJ,2007,B,Natural,3,4.75
NJ,2007,C,Human,18,451.5
NJ,2007,D,Human,1,100.0
NJ,2007,F,Missing data/not specified/undetermined,1,2450.0
NJ,2007,G,Human,1,17050.0
NJ,2008,A,Human,954,238.0
NJ,2008,A,Missing data/not specified/undetermined,1,0.2
NJ,2008,A,Natural,9,2.1
NJ,2008,B,Human,259,356.5
NJ,2008,B,Natural,6,14.15
NJ,2008,C,Human,17,502.0
NJ,2008,D,Human,2,250.0
NJ,2008,F,Human,1,1950.0
NJ,2009,A,Human,607,151.05
NJ,2009,A,Missing data/not specified/undetermined,2,0.2
NJ,2009,A,Natural,2,0.5
NJ,2009,B,Human,161,255.0
NJ,2009,C,Human,7,338.5
NJ,2009,E,Human,1,315.0
NJ,2010,A,Human,1095,273.4
NJ,2010,A,Natural,4,1.0
NJ,2010,B,Human,328,420.4
NJ,2010,B,Missing data/not specified/undetermined,1,0.5
NJ,2010,B,Natural,2,2.5
NJ,2010,C,Human,15,426.5
NJ,2010,C,Natural,2,113.0
NJ,2010,D,Human,2,500.0
NJ,2010,E,Human,4,1902.0
NJ,2010,E,Missing data/not specified/undetermined,2,940.0
NJ,2010,E,Natural,4,3132.0
NJ,2010,F,Missing data/not specified/undetermined,1,2240.0
NJ,2011,A,Human,541,135.05
NJ,2011,A,Natural,5,1.1
NJ,2011,B,Human,143,176.1
NJ,2011,B,Natural,1,1.0
NJ,2011,C,Human,11,182.0
NJ,2011,D,Natural,2,323.0
NJ,2012,A,Human,791,196.8
NJ,2012,A,Missing data/not specified/undetermined,2,0.45
NJ,2012,A,Natural,6,1.5
NJ,2012,B,Human,255,374.3
NJ,2012,B,Missing data/not specified/undetermined,9,4.5
NJ,2012,B,Natural,3,13.5
NJ,2012,C,Human,11,197.5
NJ,2012,C,Natural,1,11.0
NJ,2012,D,Human,2,328.0
NJ,2012,D,Natural,1,225.0
NJ,2012,E,Human,2,790.0
NJ,2012,F,Human,1,1000.0
NJ,2013,A,Human,727,181.55
NJ,2013,A,Natural,2,0.5
NJ,2013,B,Human,246,390.0
NJ,2013,B,Natural,1,0.5
NJ,2013,C,Human,10,325.5
NJ,2013,D,Human,1,230.0
NJ,2013,E,Human,1,300.0
NJ,2014,A,Human,667,166.75
NJ,2014,A,Natural,5,1.25
NJ,2014,B,Human,226,363.3
NJ,2014,C,Human,17,415.5
NJ,2014,D,Human,4,936.5
NJ,2014,E,Human,5,2621.0
NJ,2014,E,Missing data/not specified/undetermined,1,307.0
NJ,2014,F,Human,3,5435.0
NJ,2015,A,Human,772,193.0
NJ,2015,A,Natural,8,2.0
NJ,2015,B,Human,249,403.3
NJ,2015,B,Natural,2,2.5
NJ,2015,C,Human,12,258.0
NJ,2015,C,Natural,1,25.0
NJ,2015,D,Human,1,130.0
NJ,2015,E,Human,1,710.0
NJ,2015,F,Human,1,1012.0
NJ,2016,A,Human,778,194.0
NJ,2016,A,Natural,3,0.75
NJ,2016,B,Human,241,365.05
NJ,2016,C,Human,19,662.5
NJ,2016,C,Natural,1,98.0
NJ,2016,D,Human,3,530.0
NJ,2016,E,Human,4,1632.0
NJ,2016,F,Human,1,1500.0
NJ,2017,A,Human,523,130.45
NJ,2017,A,Missing data/not specified/undetermined,1,0.1
NJ,2017,A,Natural,4,1.0
NJ,2017,B,Human,167,207.5
NJ,2017,B,Natural,1,5.0
NJ,2017,C,Human,11,258.5
NJ,2017,C,Natural,1,40.0
NJ,2017,D,Human,1,296.0
NJ,2017,E,Human,1,571.0
NJ,2017,F,Human,1,1500.0
NJ,2017,F,Missing data/not specified/undetermined,1,3577.0
NJ,2017,F,Natural,1,3477.0
NJ,2018,A,Human,436,108.25
NJ,2018,A,Natural,1,0.25
NJ,2018,B,Human,135,203.0
NJ,2018,B,Natural,1,1.5
NJ,2018,C,Human,5,123.0
NJ,2018,E,Human,1,843.0
NJ,2019,A,Human,506,126.05
NJ,2019,A,Natural,2,0.5
NJ,2019,B,Human,162,217.85
NJ,2019,B,Natural,1,1.0
NJ,2019,C,Human,3,62.0
NJ,2019,D,Natural,1,127.0
NJ,2019,E,Human,1,660.0
NJ,2019,G,Human,1,11638.0
NJ,2020,A,Human,773,192.8
NJ,2020,A,Missing data/not specified/undetermined,1,0.1
NJ,2020,A,Natural,11,2.75
NJ,2020,B,Human,222,322.5
NJ,2020,C,Human,10,342.0
NJ,2020,D,Human,2,307.0
NJ,2020,F,Human,1,2107.0
NJ,2020,F,Natural,1,1518.0
NM,1992,A,Human,179,21.900000000000002
NM,1992,A,Missing data/not specified/undetermined,35,6.2
NM,1992,A,Natural,214,25.900000000000002
NM,1992,B,Human,182,366.2
NM,1992,B,Missing data/not specified/undetermined,57,149.25
NM,1992,B,Natural,147,232.0
NM,1992,C,Human,59,1734.0
NM,1992,C,Missing data/not specified/undetermined,16,463.0
NM,1992,C,Natural,36,1077.0
NM,1992,D,Human,9,1095.0
NM,1992,D,Missing data/not specified/undetermined,4,620.0
NM,1992,D,Natural,10,1795.0
NM,1992,E,Human,5,2607.0
NM,1992,E,Missing data/not specified/undetermined,2,1010.0
NM,1992,E,Natural,9,3850.0
NM,1992,F,Human,2,3140.0
NM,1992,F,Missing data/not specified/undetermined,4,9960.0
NM,1992,F,Natural,2,7150.0
NM,1992,G,Human,1,12000.0
NM,1992,G,Missing data/not specified/undetermined,2,16900.0
NM,1992,G,Natural,2,35000.0
NM,1993,A,Human,204,23.900000000000002
NM,1993,A,Missing data/not specified/undetermined,135,22.34
NM,1993,A,Natural,292,34.4
NM,1993,B,Human,278,549.1
NM,1993,B,Missing data/not specified/undetermined,277,590.0
NM,1993,B,Natural,274,477.7
NM,1993,C,Human,51,1289.6
NM,1993,C,Missing data/not specified/undetermined,103,3134.5
NM,1993,C,Natural,60,2144.7
NM,1993,D,Human,10,1635.0
NM,1993,D,Missing data/not specified/undetermined,23,4128.8
NM,1993,D,Natural,16,2590.0
NM,1993,E,Human,5,2610.0
NM,1993,E,Missing data/not specified/undetermined,18,10510.0
NM,1993,E,Natural,18,10811.0
NM,1993,F,Human,2,2930.0
NM,1993,F,Missing data/not specified/undetermined,11,23740.0
NM,1993,F,Natural,18,46188.0
NM,1993,G,Human,2,24960.0
NM,1993,G,Missing data/not specified/undetermined,1,15000.0
NM,1993,G,Natural,10,148960.0
NM,1994,A,Human,202,24.0
NM,1994,A,Missing data/not specified/undetermined,196,30.04
NM,1994,A,Natural,510,58.5
NM,1994,B,Human,205,379.0
NM,1994,B,Missing data/not specified/undetermined,503,1153.18
NM,1994,B,Natural,433,731.7
NM,1994,C,Human,41,1168.0
NM,1994,C,Missing data/not specified/undetermined,210,7359.5
NM,1994,C,Natural,95,2782.1
NM,1994,D,Human,9,1351.6
NM,1994,D,Missing data/not specified/undetermined,64,10522.0
NM,1994,D,Natural,29,5766.0
NM,1994,E,Human,2,860.1
NM,1994,E,Missing data/not specified/undetermined,56,32171.0
NM,1994,E,Natural,20,10035.0
NM,1994,F,Human,6,13221.0
NM,1994,F,Missing data/not specified/undetermined,41,73360.0
NM,1994,F,Natural,28,58236.0
NM,1994,G,Human,1,6060.0
NM,1994,G,Missing data/not specified/undetermined,6,90944.0
NM,1994,G,Natural,11,100434.0
NM,1995,A,Human,288,34.4
NM,1995,A,Missing data/not specified/undetermined,160,22.77
NM,1995,A,Natural,287,33.2
NM,1995,B,Human,219,369.8
NM,1995,B,Missing data/not specified/undetermined,253,565.63
NM,1995,B,Natural,174,288.4
NM,1995,C,Human,48,1484.5
NM,1995,C,Missing data/not specified/undetermined,91,2873.45
NM,1995,C,Natural,47,1322.1
NM,1995,D,Human,5,790.0
NM,1995,D,Missing data/not specified/undetermined,24,3615.0
NM,1995,D,Natural,10,1494.3
NM,1995,E,Human,3,1699.0
NM,1995,E,Missing data/not specified/undetermined,20,9230.8
NM,1995,E,Natural,9,4610.0
NM,1995,F,Human,3,6038.0
NM,1995,F,Missing data/not specified/undetermined,13,26010.0
NM,1995,F,Natural,6,13750.0
NM,1995,G,Human,1,13000.0
NM,1995,G,Natural,4,52631.0
NM,1996,A,Human,228,28.6
NM,1996,A,Missing data/not specified/undetermined,236,35.78
NM,1996,A,Natural,413,48.2
NM,1996,B,Human,209,414.3
NM,1996,B,Missing data/not specified/undetermined,391,839.08
NM,1996,B,Natural,308,526.4
NM,1996,C,Human,31,926.2
NM,1996,C,Missing data/not specified/undetermined,124,3738.4
NM,1996,C,Natural,52,1579.0
NM,1996,D,Human,7,1179.0
NM,1996,D,Missing data/not specified/undetermined,27,4327.0
NM,1996,D,Natural,7,1219.0
NM,1996,E,Human,5,2289.0
NM,1996,E,Missing data/not specified/undetermined,30,15464.0
NM,1996,E,Natural,6,3459.0
NM,1996,F,Human,1,2500.0
NM,1996,F,Missing data/not specified/undetermined,15,29982.0
NM,1996,F,Natural,1,1200.0
NM,1996,G,Human,5,45435.0
NM,1996,G,Missing data/not specified/undetermined,2,17600.0
NM,1996,G,Natural,3,38856.0
NM,1997,A,Human,202,22.8
NM,1997,A,Missing data/not specified/undetermined,146,23.05
NM,1997,A,Natural,264,30.700000000000003
NM,1997,B,Human,107,192.2
NM,1997,B,Missing data/not specified/undetermined,231,513.85
NM,1997,B,Natural,199,271.8
NM,1997,C,Human,32,1144.1
NM,1997,C,Missing data/not specified/undetermined,94,2798.5
NM,1997,C,Natural,28,976.5
NM,1997,D,Human,3,541.0
NM,1997,D,Missing data/not specified/undetermined,28,4745.0
NM,1997,D,Natural,4,585.0
NM,1997,E,Human,1,334.0
NM,1997,E,Missing data/not specified/undetermined,13,6510.0
NM,1997,E,Natural,5,2163.0
NM,1997,F,Human,2,3020.0
NM,1997,F,Missing data/not specified/undetermined,11,20840.0
NM,1997,F,Natural,3,8055.0
NM,1997,G,Missing data/not specified/undetermined,6,92200.0
NM,1997,G,Natural,1,25000.0
NM,1998,A,Human,233,27.0
NM,1998,A,Missing data/not specified/undetermined,84,12.71
NM,1998,A,Natural,202,23.700000000000003
NM,1998,B,Human,174,338.6
NM,1998,B,Missing data/not specified/undetermined,230,543.05
NM,1998,B,Natural,118,166.1
NM,1998,C,Human,31,987.8
NM,1998,C,Missing data/not specified/undetermined,114,3348.0
NM,1998,C,Natural,17,569.6
NM,1998,D,Human,6,1092.0
NM,1998,D,Missing data/not specified/undetermined,27,4189.0
NM,1998,D,Natural,5,669.0
NM,1998,E,Human,4,1775.0
NM,1998,E,Missing data/not specified/undetermined,25,13175.0
NM,1998,E,Natural,3,1920.0
NM,1998,F,Human,1,2421.0
NM,1998,F,Missing data/not specified/undetermined,12,29183.0
NM,1998,F,Natural,5,11254.0
NM,1998,G,Human,1,5185.0
NM,1998,G,Missing data/not specified/undetermined,2,21080.0
NM,1999,A,Human,243,29.700000000000003
NM,1999,A,Missing data/not specified/undetermined,92,14.450000000000001
NM,1999,A,Natural,277,31.8
NM,1999,B,Human,181,315.2
NM,1999,B,Missing data/not specified/undetermined,117,279.99
NM,1999,B,Natural,167,281.3
NM,1999,C,Human,16,308.9
NM,1999,C,Missing data/not specified/undetermined,50,1311.0
NM,1999,C,Natural,21,520.0
NM,1999,D,Human,3,445.7
NM,1999,D,Missing data/not specified/undetermined,19,2815.0
NM,1999,D,Natural,2,204.0
NM,1999,E,Human,5,2223.0
NM,1999,E,Missing data/not specified/undetermined,16,8660.0
NM,1999,E,Natural,4,1690.0
NM,1999,F,Human,7,13806.0
NM,1999,F,Missing data/not specified/undetermined,8,19220.0
NM,1999,F,Natural,1,1723.0
NM,1999,G,Missing data/not specified/undetermined,1,5000.0
NM,1999,G,Natural,1,23680.0
NM,2000,A,Human,405,54.620000000000005
NM,2000,A,Missing data/not specified/undetermined,3,0.30000000000000004
NM,2000,A,Natural,729,89.59
NM,2000,B,Human,505,1053.41
NM,2000,B,Missing data/not specified/undetermined,3,14.2
NM,2000,B,Natural,636,1205.7
NM,2000,C,Human,156,4602.84
NM,2000,C,Missing data/not specified/undetermined,2,32.0
NM,2000,C,Natural,148,4964.9
NM,2000,D,Human,44,7440.0
NM,2000,D,Missing data/not specified/undetermined,1,123.0
NM,2000,D,Natural,35,5677.0
NM,2000,E,Human,33,16669.0
NM,2000,E,Natural,36,20180.0
NM,2000,F,Human,23,49243.7
NM,2000,F,Natural,18,39601.0
NM,2000,G,Human,17,319199.19
NM,2000,G,Natural,3,56393.0
NM,2001,A,Human,325,41.71
NM,2001,A,Natural,517,60.92
NM,2001,B,Human,268,429.88
NM,2001,B,Missing data/not specified/undetermined,2,5.0
NM,2001,B,Natural,384,712.9
NM,2001,C,Human,46,1398.4
NM,2001,C,Natural,98,2850.0
NM,2001,D,Human,6,926.0
NM,2001,D,Natural,19,3392.0
NM,2001,E,Human,2,790.0
NM,2001,E,Natural,16,7520.0
NM,2001,F,Human,3,7254.0
NM,2001,F,Natural,12,26923.5
NM,2001,G,Human,1,11000.0
NM,2001,G,Natural,1,7250.0
NM,2002,A,Human,453,57.84
NM,2002,A,Missing data/not specified/undetermined,4,0.4
NM,2002,A,Natural,632,74.39
NM,2002,B,Human,335,672.29
NM,2002,B,Missing data/not specified/undetermined,3,11.0
NM,2002,B,Natural,432,791.25
NM,2002,C,Human,67,2231.6
NM,2002,C,Missing data/not specified/undetermined,1,20.0
NM,2002,C,Natural,68,2365.6
NM,2002,D,Human,12,1555.0
NM,2002,D,Natural,13,1995.0
NM,2002,E,Human,11,7751.0
NM,2002,E,Natural,17,8449.8
NM,2002,F,Human,4,9946.0
NM,2002,F,Missing data/not specified/undetermined,1,4257.0
NM,2002,F,Natural,6,10809.0
NM,2002,G,Human,3,45437.0
NM,2002,G,Natural,10,224739.0
NM,2003,A,Human,312,40.43
NM,2003,A,Missing data/not specified/undetermined,3,0.4
NM,2003,A,Natural,806,103.60000000000001
NM,2003,B,Human,240,391.77
NM,2003,B,Missing data/not specified/undetermined,3,8.0
NM,2003,B,Natural,468,749.65
NM,2003,C,Human,27,899.02
NM,2003,C,Natural,63,2126.2
NM,2003,D,Human,5,1010.0
NM,2003,D,Natural,12,1917.0
NM,2003,E,Human,5,2595.0
NM,2003,E,Natural,5,2946.0
NM,2003,F,Human,3,6519.0
NM,2003,F,Natural,7,20050.0
NM,2003,G,Natural,11,196255.0
NM,2004,A,Human,268,35.34
NM,2004,A,Natural,561,72.28
NM,2004,B,Human,149,239.79
NM,2004,B,Missing data/not specified/undetermined,1,0.5
NM,2004,B,Natural,182,279.62
NM,2004,C,Human,22,682.6
NM,2004,C,Natural,30,1006.6
NM,2004,D,Human,3,425.0
NM,2004,D,Natural,5,807.0
NM,2004,E,Human,2,704.0
NM,2004,E,Natural,1,535.0
NM,2004,F,Natural,1,3097.0
NM,2004,G,Human,2,13875.0
NM,2004,G,Natural,2,70137.0
NM,2005,A,Human,351,44.82
NM,2005,A,Missing data/not specified/undetermined,1,0.1
NM,2005,A,Natural,522,66.06
NM,2005,B,Human,285,510.11
NM,2005,B,Natural,257,500.49
NM,2005,C,Human,47,1489.9
NM,2005,C,Missing data/not specified/undetermined,1,20.0
NM,2005,C,Natural,56,1589.7
NM,2005,D,Human,17,2386.1
NM,2005,D,Natural,9,1385.1
NM,2005,E,Human,12,6991.1
NM,2005,E,Natural,10,4855.0
NM,2005,F,Human,7,13937.0
NM,2005,F,Natural,1,1400.0
NM,2005,G,Human,2,38350.0
NM,2005,G,Natural,4,105669.0
NM,2006,A,Human,396,47.719
NM,2006,A,Natural,625,76.3
NM,2006,B,Human,381,703.14
NM,2006,B,Missing data/not specified/undetermined,1,1.2
NM,2006,B,Natural,279,500.53
NM,2006,C,Human,80,2309.36
NM,2006,C,Natural,68,2406.03
NM,2006,D,Human,16,2815.0
NM,2006,D,Natural,47,8853.8
NM,2006,E,Human,15,7096.0
NM,2006,E,Natural,26,13492.0
NM,2006,F,Human,15,33754.0
NM,2006,F,Missing data/not specified/undetermined,1,4818.0
NM,2006,F,Natural,18,34887.0
NM,2006,G,Human,10,275548.0
NM,2006,G,Missing data/not specified/undetermined,1,5000.0
NM,2006,G,Natural,17,154646.0
NM,2007,A,Human,220,26.68
NM,2007,A,Missing data/not specified/undetermined,23,3.0
NM,2007,A,Natural,456,53.63
NM,2007,B,Human,261,444.09
NM,2007,B,Missing data/not specified/undetermined,15,45.45
NM,2007,B,Natural,205,407.32
NM,2007,C,Human,69,2317.3
NM,2007,C,Missing data/not specified/undetermined,8,242.64999999999998
NM,2007,C,Natural,56,2041.9
NM,2007,D,Human,16,3215.99
NM,2007,D,Missing data/not specified/undetermined,3,558.0
NM,2007,D,Natural,25,4239.0
NM,2007,E,Human,17,7706.0
NM,2007,E,Missing data/not specified/undetermined,1,330.0
NM,2007,E,Natural,22,11597.4
NM,2007,F,Human,6,13423.0
NM,2007,F,Natural,14,25183.0
NM,2007,G,Human,4,45956.0
NM,2007,G,Natural,3,25731.0
NM,2008,A,Human,190,22.810000000000002
NM,2008,A,Missing data/not specified/undetermined,1,0.1
NM,2008,A,Natural,186,21.68
NM,2008,B,Human,219,424.95
NM,2008,B,Natural,99,171.55
NM,2008,C,Human,37,1082.5
NM,2008,C,Natural,23,806.65
NM,2008,D,Human,11,1821.6
NM,2008,D,Missing data/not specified/undetermined,1,182.0
NM,2008,D,Natural,17,3014.7
NM,2008,E,Human,16,8721.0
NM,2008,E,Natural,13,7810.0
NM,2008,F,Human,18,37135.0
NM,2008,F,Missing data/not specified/undetermined,6,15930.0
NM,2008,F,Natural,13,31712.0
NM,2008,G,Human,6,124563.0
NM,2008,G,Missing data/not specified/undetermined,4,46376.0
NM,2008,G,Natural,4,85699.0
NM,2009,A,Human,238,31.51
NM,2009,A,Natural,346,42.22
NM,2009,B,Human,312,639.86
NM,2009,B,Missing data/not specified/undetermined,1,1.0
NM,2009,B,Natural,200,485.85
NM,2009,C,Human,117,3638.51
NM,2009,C,Missing data/not specified/undetermined,2,44.2
NM,2009,C,Natural,84,2922.23
NM,2009,D,Human,27,4667.0
NM,2009,D,Natural,34,6777.5
NM,2009,E,Human,21,13766.5
NM,2009,E,Natural,24,11909.0
NM,2009,F,Human,12,25138.0
NM,2009,F,Natural,14,34130.0
NM,2009,G,Human,3,46888.0
NM,2009,G,Natural,11,272077.2
NM,2010,A,Human,244,25.1
NM,2010,A,Natural,264,29.830000000000002
NM,2010,B,Human,267,515.78
NM,2010,B,Missing data/not specified/undetermined,1,1.5
NM,2010,B,Natural,131,297.13
NM,2010,C,Human,66,1922.2
NM,2010,C,Natural,74,2292.1
NM,2010,D,Human,22,3806.0
NM,2010,D,Natural,26,4631.93
NM,2010,E,Human,10,5280.0
NM,2010,E,Natural,10,5384.0
NM,2010,F,Human,8,15219.0
NM,2010,F,Missing data/not specified/undetermined,1,4139.0
NM,2010,F,Natural,5,12708.0
NM,2010,G,Human,4,25032.0
NM,2010,G,Natural,3,49751.0
NM,2011,A,Human,379,44.830000000000005
NM,2011,A,Missing data/not specified/undetermined,1,0.1
NM,2011,A,Natural,455,54.68
NM,2011,B,Human,526,1049.03
NM,2011,B,Missing data/not specified/undetermined,5,7.2
NM,2011,B,Natural,250,537.68
NM,2011,C,Human,178,5926.0
NM,2011,C,Natural,138,4993.87
NM,2011,D,Human,54,9936.11
NM,2011,D,Missing data/not specified/undetermined,1,292.0
NM,2011,D,Natural,48,8330.0
NM,2011,E,Human,32,18126.9
NM,2011,E,Natural,30,16633.0
NM,2011,F,Human,31,67632.0
NM,2011,F,Missing data/not specified/undetermined,1,1113.0
NM,2011,F,Natural,31,62831.0
NM,2011,G,Human,25,716753.9
NM,2011,G,Natural,11,229682.4
NM,2012,A,Human,302,36.2
NM,2012,A,Natural,326,42.75
NM,2012,B,Human,223,440.28
NM,2012,B,Missing data/not specified/undetermined,1,0.5
NM,2012,B,Natural,190,380.87
NM,2012,C,Human,43,1244.3
NM,2012,C,Missing data/not specified/undetermined,1,39.0
NM,2012,C,Natural,47,1607.92
NM,2012,D,Human,4,631.0
NM,2012,D,Natural,10,1787.0
NM,2012,E,Human,7,4353.0
NM,2012,E,Natural,12,6112.0
NM,2012,F,Human,3,4192.0
NM,2012,F,Natural,2,5000.0
NM,2012,G,Natural,3,345132.0
NM,2013,A,Human,260,31.26
NM,2013,A,Missing data/not specified/undetermined,1,0.1
NM,2013,A,Natural,398,44.63
NM,2013,B,Human,201,351.01
NM,2013,B,Natural,147,200.05
NM,2013,C,Human,39,1049.4
NM,2013,C,Natural,19,671.6
NM,2013,D,Human,4,648.0
NM,2013,D,Natural,2,343.0
NM,2013,E,Natural,2,1146.0
NM,2013,F,Natural,1,1275.0
NM,2013,G,Human,2,34157.0
NM,2013,G,Natural,2,245149.0
NM,2014,A,Human,243,28.23
NM,2014,A,Natural,277,32.97
NM,2014,B,Human,211,369.82
NM,2014,B,Natural,98,187.77
NM,2014,C,Human,28,948.97
NM,2014,C,Natural,12,359.6
NM,2014,D,Human,9,1803.0
NM,2014,D,Natural,2,382.0
NM,2014,E,Human,3,1636.0
NM,2014,E,Natural,3,1741.8
NM,2014,F,Human,1,1079.0
NM,2014,F,Natural,3,8932.0
NM,2014,G,Human,3,26475.0
NM,2015,A,Human,199,24.130000000000003
NM,2015,A,Natural,207,24.02
NM,2015,B,Human,158,259.19
NM,2015,B,Natural,126,248.28
NM,2015,C,Human,34,928.48
NM,2015,C,Natural,19,714.6
NM,2015,D,Human,10,1687.0
NM,2015,D,Missing data/not specified/undetermined,1,205.0
NM,2015,D,Natural,5,751.0
NM,2015,E,Human,6,3697.0
NM,2015,E,Natural,5,2495.0
NM,2015,F,Natural,4,10976.0
NM,2015,G,Human,1,6300.0
NM,2015,G,Natural,2,23817.0
NM,2016,A,Human,295,39.480000000000004
NM,2016,A,Natural,368,45.190000000000005
NM,2016,B,Human,307,669.21
NM,2016,B,Natural,163,382.11
NM,2016,C,Human,73,2248.82
NM,2016,C,Natural,98,3640.2
NM,2016,D,Human,24,4367.8
NM,2016,D,Natural,36,6069.0
NM,2016,E,Human,15,9832.0
NM,2016,E,Natural,24,13909.0
NM,2016,F,Human,11,22849.0
NM,2016,F,Natural,11,25445.0
NM,2016,G,Human,5,56118.0
NM,2016,G,Natural,6,81889.0
NM,2017,A,Human,241,29.64
NM,2017,A,Natural,201,24.830000000000002
NM,2017,B,Human,269,518.53
NM,2017,B,Natural,77,170.87
NM,2017,C,Human,57,1710.93
NM,2017,C,Natural,51,1524.4
NM,2017,D,Human,18,3090.2
NM,2017,D,Natural,12,1976.0
NM,2017,E,Human,3,1366.0
NM,2017,E,Missing data/not specified/undetermined,1,400.0
NM,2017,E,Natural,12,6876.0
NM,2017,F,Human,6,15082.0
NM,2017,F,Missing data/not specified/undetermined,1,1500.0
NM,2017,F,Natural,9,20115.0
NM,2017,G,Natural,9,88415.8
NM,2018,A,Human,347,40.42
NM,2018,A,Natural,308,35.81
NM,2018,B,Human,334,635.91
NM,2018,B,Natural,124,265.29
NM,2018,C,Human,84,2281.36
NM,2018,C,Natural,36,1198.0
NM,2018,D,Human,22,3825.97
NM,2018,D,Natural,11,2195.9
NM,2018,E,Human,18,9936.5
NM,2018,E,Natural,14,7144.34
NM,2018,F,Human,13,33989.1
NM,2018,F,Natural,9,23950.6
NM,2018,G,Human,8,204297.0
NM,2018,G,Natural,4,82884.0
NM,2019,A,Human,277,32.35
NM,2019,A,Natural,204,24.490000000000002
NM,2019,B,Human,194,389.17
NM,2019,B,Natural,118,235.66
NM,2019,C,Human,36,1081.33
NM,2019,C,Natural,59,2050.22
NM,2019,D,Human,10,1812.0
NM,2019,D,Natural,18,3224.8
NM,2019,E,Human,3,1434.0
NM,2019,E,Natural,16,9093.0
NM,2019,F,Human,6,10793.9
NM,2019,F,Natural,19,40900.0
NM,2019,G,Human,1,15000.0
NM,2019,G,Natural,3,20232.0
NM,2020,A,Human,594,70.75
NM,2020,A,Missing data/not specified/undetermined,26,3.85
NM,2020,A,Natural,185,23.21
NM,2020,B,Human,312,528.77
NM,2020,B,Missing data/not specified/undetermined,23,41.82
NM,2020,B,Natural,124,279.61
NM,2020,C,Human,56,1694.6399999999999
NM,2020,C,Missing data/not specified/undetermined,3,117.2
NM,2020,C,Natural,40,1248.8
NM,2020,D,Human,8,1588.68
NM,2020,D,Missing data/not specified/undetermined,3,492.0
NM,2020,D,Natural,17,3060.0
NM,2020,E,Human,6,3523.0
NM,2020,E,Natural,8,4156.0
NM,2020,F,Human,5,11892.5
NM,2020,F,Natural,5,10743.0
NM,2020,G,Missing data/not specified/undetermined,1,10142.0
NM,2020,G,Natural,5,92966.0
NV,1992,A,Human,81,8.700000000000001
NV,1992,A,Natural,244,25.5
NV,1992,B,Human,59,85.5
NV,1992,B,Missing data/not specified/undetermined,1,0.3
NV,1992,B,Natural,98,140.7
NV,1992,C,Human,12,302.0
NV,1992,C,Natural,23,828.1
NV,1992,D,Human,3,525.0
NV,1992,D,Natural,11,1847.0
NV,1992,E,Human,6,3154.0
NV,1992,E,Natural,5,2703.0
NV,1992,F,Human,3,7482.0
NV,1992,F,Natural,6,11162.0
NV,1992,G,Human,1,7180.0
NV,1992,G,Natural,3,56902.0
NV,1993,A,Human,78,9.0
NV,1993,A,Natural,149,16.0
NV,1993,B,Human,92,134.3
NV,1993,B,Missing data/not specified/undetermined,1,4.0
NV,1993,B,Natural,58,83.6
NV,1993,C,Human,19,493.0
NV,1993,C,Natural,16,537.0
NV,1993,D,Human,6,963.0
NV,1993,D,Natural,7,1335.0
NV,1993,E,Human,4,1822.0
NV,1993,E,Natural,1,500.0
NV,1993,F,Human,4,9434.0
NV,1993,F,Natural,6,11009.0
NV,1993,G,Human,1,21686.0
NV,1993,G,Natural,1,5954.0
NV,1994,A,Human,89,9.3
NV,1994,A,Missing data/not specified/undetermined,6,0.6000000000000001
NV,1994,A,Natural,274,29.3
NV,1994,B,Human,82,125.6
NV,1994,B,Missing data/not specified/undetermined,1,0.3
NV,1994,B,Natural,142,247.1
NV,1994,C,Human,12,349.5
NV,1994,C,Natural,37,1043.0
NV,1994,D,Human,8,1174.0
NV,1994,D,Natural,18,2836.0
NV,1994,E,Human,2,883.0
NV,1994,E,Natural,12,6322.1
NV,1994,F,Human,3,5528.0
NV,1994,F,Natural,13,25763.0
NV,1994,G,Human,4,34833.0
NV,1994,G,Natural,7,116914.0
NV,1995,A,Human,117,13.600000000000001
NV,1995,A,Missing data/not specified/undetermined,11,1.4000000000000001
NV,1995,A,Natural,144,16.2
NV,1995,B,Human,96,154.6
NV,1995,B,Missing data/not specified/undetermined,7,8.7
NV,1995,B,Natural,60,149.2
NV,1995,C,Human,20,712.5
NV,1995,C,Missing data/not specified/undetermined,2,48.2
NV,1995,C,Natural,29,874.0
NV,1995,D,Human,8,1313.0
NV,1995,D,Natural,12,2277.0
NV,1995,E,Human,3,1094.0
NV,1995,E,Natural,18,9868.0
NV,1995,F,Natural,12,25168.0
NV,1995,G,Human,1,5000.0
NV,1995,G,Natural,5,73333.0
NV,1996,A,Human,116,13.4
NV,1996,A,Missing data/not specified/undetermined,16,1.6
NV,1996,A,Natural,393,42.400000000000006
NV,1996,B,Human,107,218.0
NV,1996,B,Missing data/not specified/undetermined,3,1.6
NV,1996,B,Natural,187,372.6
NV,1996,C,Human,38,1164.0
NV,1996,C,Missing data/not specified/undetermined,2,85.0
NV,1996,C,Natural,90,3015.0
NV,1996,D,Human,8,1337.0
NV,1996,D,Natural,24,4135.5
NV,1996,E,Human,8,4665.0
NV,1996,E,Natural,32,15280.9
NV,1996,F,Human,7,16856.0
NV,1996,F,Missing data/not specified/undetermined,1,1540.0
NV,1996,F,Natural,26,54671.3
NV,1996,G,Human,4,27581.0
NV,1996,G,Natural,25,496503.2
NV,1997,A,Human,118,12.200000000000001
NV,1997,A,Natural,261,27.400000000000002
NV,1997,B,Human,71,135.7
NV,1997,B,Natural,70,130.3
NV,1997,C,Human,24,729.0
NV,1997,C,Natural,19,642.0
NV,1997,D,Human,2,389.0
NV,1997,D,Natural,10,1972.0
NV,1997,E,Human,4,1936.0
NV,1997,E,Natural,9,4646.8
NV,1997,F,Human,2,5072.0
NV,1997,F,Natural,3,9015.0
NV,1997,G,Human,1,8750.0
NV,1997,G,Natural,1,8400.0
NV,1998,A,Human,114,11.600000000000001
NV,1998,A,Missing data/not specified/undetermined,2,0.2
NV,1998,A,Natural,235,25.0
NV,1998,B,Human,72,158.3
NV,1998,B,Natural,97,175.1
NV,1998,C,Human,17,539.2
NV,1998,C,Natural,51,1615.0
NV,1998,D,Human,6,963.3
NV,1998,D,Natural,10,1467.9
NV,1998,E,Human,5,2283.0
NV,1998,E,Natural,12,6283.0
NV,1998,F,Human,4,10633.0
NV,1998,F,Natural,7,12659.0
NV,1998,G,Human,2,19152.0
NV,1998,G,Natural,4,35398.1
NV,1999,A,Human,216,22.6
NV,1999,A,Natural,268,27.8
NV,1999,B,Human,145,318.1
NV,1999,B,Natural,140,313.9
NV,1999,C,Human,54,1930.0
NV,1999,C,Natural,60,2045.4
NV,1999,D,Human,17,2447.0
NV,1999,D,Natural,18,3421.4
NV,1999,E,Human,15,8862.0
NV,1999,E,Natural,20,9746.2
NV,1999,F,Human,14,31750.8
NV,1999,F,Natural,32,62482.3
NV,1999,G,Human,10,193030.0
NV,1999,G,Natural,38,1457089.1
NV,2000,A,Human,121,12.700000000000001
NV,2000,A,Missing data/not specified/undetermined,4,0.6000000000000001
NV,2000,A,Natural,381,39.800000000000004
NV,2000,B,Human,81,178.4
NV,2000,B,Natural,179,355.5
NV,2000,C,Human,29,719.0
NV,2000,C,Natural,59,2129.4
NV,2000,D,Human,8,1488.1
NV,2000,D,Natural,28,5012.2
NV,2000,E,Human,8,4453.9
NV,2000,E,Natural,16,9176.4
NV,2000,F,Human,5,6811.0
NV,2000,F,Natural,30,65677.2
NV,2000,G,Human,3,34677.2
NV,2000,G,Natural,24,518012.8
NV,2001,A,Human,131,13.9
NV,2001,A,Natural,453,47.1
NV,2001,B,Human,98,208.3
NV,2001,B,Missing data/not specified/undetermined,2,5.0
NV,2001,B,Natural,234,371.6
NV,2001,C,Human,23,813.0
NV,2001,C,Natural,65,1733.1
NV,2001,D,Human,5,694.0
NV,2001,D,Natural,28,5089.5
NV,2001,E,Human,2,780.0
NV,2001,E,Natural,27,15739.8
NV,2001,F,Human,2,2359.2
NV,2001,F,Natural,27,63377.6
NV,2001,G,Human,1,41830.0
NV,2001,G,Natural,19,465441.1
NV,2002,A,Human,85,8.9
NV,2002,A,Natural,323,33.6
NV,2002,B,Human,49,88.1
NV,2002,B,Missing data/not specified/undetermined,2,11.0
NV,2002,B,Natural,97,169.8
NV,2002,C,Human,21,742.0
NV,2002,C,Missing data/not specified/undetermined,1,10.0
NV,2002,C,Natural,29,842.7
NV,2002,D,Human,4,600.1
NV,2002,D,Natural,9,1545.5
NV,2002,E,Human,5,3141.5
NV,2002,E,Missing data/not specified/undetermined,1,300.0
NV,2002,E,Natural,12,6617.0
NV,2002,F,Human,1,1162.0
NV,2002,F,Natural,7,19233.0
NV,2002,G,Natural,2,18667.0
NV,2003,A,Human,67,6.9
NV,2003,A,Natural,353,36.25
NV,2003,B,Human,45,93.4
NV,2003,B,Natural,120,190.0
NV,2003,C,Human,21,912.3
NV,2003,C,Natural,32,1055.5
NV,2003,D,Human,5,810.9
NV,2003,D,Natural,7,1025.3
NV,2003,E,Human,2,1073.0
NV,2003,E,Natural,7,3066.5
NV,2003,F,Human,1,2196.0
NV,2003,F,Natural,4,6919.9
NV,2004,A,Human,58,6.1000000000000005
NV,2004,A,Natural,479,49.1
NV,2004,B,Human,33,67.1
NV,2004,B,Missing data/not specified/undetermined,1,1.0
NV,2004,B,Natural,136,213.8
NV,2004,C,Human,7,201.3
NV,2004,C,Missing data/not specified/undetermined,1,35.0
NV,2004,C,Natural,31,1179.1
NV,2004,D,Human,4,914.0
NV,2004,D,Natural,11,2006.3
NV,2004,E,Human,1,686.0
NV,2004,E,Natural,3,1029.3
NV,2004,F,Human,3,4933.0
NV,2004,F,Natural,5,8156.0
NV,2004,G,Human,1,8723.0
NV,2004,G,Natural,2,13567.0
NV,2005,A,Human,78,7.95
NV,2005,A,Natural,251,25.900000000000002
NV,2005,B,Human,104,209.9
NV,2005,B,Missing data/not specified/undetermined,13,37.0
NV,2005,B,Natural,121,272.6
NV,2005,C,Human,37,1226.7
NV,2005,C,Missing data/not specified/undetermined,1,24.0
NV,2005,C,Natural,50,1577.9
NV,2005,D,Human,4,635.9
NV,2005,D,Natural,27,4460.0
NV,2005,E,Human,7,3340.4
NV,2005,E,Natural,16,10361.7
NV,2005,F,Human,4,9442.7
NV,2005,F,Natural,13,32165.399999999998
NV,2005,G,Human,3,41877.0
NV,2005,G,Natural,20,996372.0
NV,2006,A,Human,87,9.21
NV,2006,A,Missing data/not specified/undetermined,1,0.1
NV,2006,A,Natural,281,29.23
NV,2006,B,Human,120,298.35
NV,2006,B,Natural,214,479.3
NV,2006,C,Human,35,955.8
NV,2006,C,Natural,120,4618.7
NV,2006,D,Human,10,1837.0
NV,2006,D,Natural,48,8228.0
NV,2006,E,Human,9,4318.1
NV,2006,E,Natural,35,21765.7
NV,2006,F,Human,5,10108.1
NV,2006,F,Natural,51,132543.5
NV,2006,G,Human,2,19508.5
NV,2006,G,Natural,33,1153584.1
NV,2007,A,Human,133,14.200000000000001
NV,2007,A,Missing data/not specified/undetermined,1,0.1
NV,2007,A,Natural,188,20.1
NV,2007,B,Human,110,234.3
NV,2007,B,Natural,96,186.5
NV,2007,C,Human,39,1402.9
NV,2007,C,Natural,39,1387.6
NV,2007,D,Human,10,1994.5
NV,2007,D,Natural,13,2344.0
NV,2007,E,Human,7,3166.0
NV,2007,E,Natural,11,6863.3
NV,2007,F,Human,7,17519.7
NV,2007,F,Natural,18,42561.4
NV,2007,G,Human,2,13308.0
NV,2007,G,Natural,24,855538.7
NV,2008,A,Human,107,11.21
NV,2008,A,Natural,174,18.16
NV,2008,B,Human,74,146.76
NV,2008,B,Missing data/not specified/undetermined,1,5.0
NV,2008,B,Natural,36,63.2
NV,2008,C,Human,11,213.1
NV,2008,C,Natural,17,486.8
NV,2008,D,Human,1,105.0
NV,2008,D,Natural,6,1185.2
NV,2008,E,Human,5,3230.1
NV,2008,E,Natural,7,3319.0
NV,2008,F,Human,4,5036.7
NV,2008,F,Natural,2,4730.0
NV,2008,G,Human,1,6182.0
NV,2008,G,Natural,1,54545.0
NV,2009,A,Human,124,12.16
NV,2009,A,Natural,300,29.970000000000002
NV,2009,B,Human,44,82.7
NV,2009,B,Natural,62,79.55
NV,2009,C,Human,11,305.7
NV,2009,C,Natural,13,422.2
NV,2009,D,Human,2,371.0
NV,2009,D,Natural,5,861.5
NV,2009,E,Human,1,322.0
NV,2009,E,Missing data/not specified/undetermined,1,616.0
NV,2009,E,Natural,4,2091.7
NV,2009,F,Natural,1,2265.5
NV,2009,G,Human,2,21219.0
NV,2010,A,Human,106,11.55
NV,2010,A,Natural,124,12.8
NV,2010,B,Human,44,72.2
NV,2010,B,Natural,46,72.8
NV,2010,C,Human,13,329.5
NV,2010,C,Natural,5,147.9
NV,2010,D,Human,2,438.6
NV,2010,D,Natural,2,554.0
NV,2010,E,Human,1,601.0
NV,2010,E,Natural,5,3062.9
NV,2010,F,Human,1,1571.4
NV,2010,F,Natural,3,7737.0
NV,2010,G,Natural,1,5358.5
NV,2011,A,Human,142,14.450000000000001
NV,2011,A,Natural,223,21.59
NV,2011,B,Human,130,237.21
NV,2011,B,Natural,77,139.4
NV,2011,C,Human,37,1385.9
NV,2011,C,Natural,36,1339.2
NV,2011,D,Human,15,2379.7
NV,2011,D,Natural,10,1676.3
NV,2011,E,Human,5,2007.0
NV,2011,E,Natural,12,6208.8
NV,2011,F,Human,9,17112.0
NV,2011,F,Natural,12,27585.4
NV,2011,G,Human,2,32760.7
NV,2011,G,Natural,11,330085.5
NV,2012,A,Human,154,15.63
NV,2012,A,Natural,268,27.5
NV,2012,B,Human,113,260.0
NV,2012,B,Natural,113,177.28
NV,2012,C,Human,47,1585.9
NV,2012,C,Natural,50,1563.46
NV,2012,D,Human,9,1613.1
NV,2012,D,Natural,11,2208.17
NV,2012,E,Human,13,6612.3
NV,2012,E,Natural,11,6084.35
NV,2012,F,Human,9,27438.6
NV,2012,F,Natural,17,38782.34
NV,2012,G,Human,4,42311.6
NV,2012,G,Natural,18,326645.84
NV,2013,A,Human,133,12.57
NV,2013,A,Natural,288,29.39
NV,2013,B,Human,60,107.0
NV,2013,B,Natural,80,153.04
NV,2013,C,Human,13,452.5
NV,2013,C,Natural,34,1110.78
NV,2013,D,Human,2,333.2
NV,2013,D,Natural,9,1582.8
NV,2013,E,Human,1,448.0
NV,2013,E,Natural,16,8624.2
NV,2013,F,Human,1,4028.0
NV,2013,F,Natural,13,32232.17
NV,2013,G,Human,1,5369.0
NV,2013,G,Natural,6,125522.2
NV,2014,A,Human,185,18.76
NV,2014,A,Missing data/not specified/undetermined,2,0.2
NV,2014,A,Natural,214,21.46
NV,2014,B,Human,52,76.02
NV,2014,B,Missing data/not specified/undetermined,2,4.9
NV,2014,B,Natural,38,93.0
NV,2014,C,Human,11,341.5
NV,2014,C,Natural,13,352.7
NV,2014,D,Human,3,576.5
NV,2014,D,Natural,7,1187.0
NV,2014,E,Human,4,2096.6
NV,2014,E,Natural,1,500.0
NV,2014,F,Human,1,2168.0
NV,2014,F,Natural,4,4638.7
NV,2014,G,Human,1,9100.0
NV,2014,G,Natural,4,48727.0
NV,2015,A,Human,121,12.07
NV,2015,A,Missing data/not specified/undetermined,1,0.1
NV,2015,A,Natural,247,25.75
NV,2015,B,Human,61,93.75
NV,2015,B,Natural,49,76.3
NV,2015,C,Human,10,459.4
NV,2015,C,Natural,19,669.61
NV,2015,D,Human,4,581.0
NV,2015,D,Natural,6,1111.3
NV,2015,E,Human,2,1255.0
NV,2015,E,Natural,2,1023.4
NV,2015,F,Human,1,2229.5
NV,2015,F,Natural,2,8796.7
NV,2015,G,Natural,1,7112.0
NV,2016,A,Human,218,22.71
NV,2016,A,Natural,89,9.200000000000001
NV,2016,B,Human,106,209.17
NV,2016,B,Natural,28,86.35
NV,2016,C,Human,24,734.3
NV,2016,C,Natural,8,351.3
NV,2016,D,Human,9,1957.9
NV,2016,D,Natural,3,397.5
NV,2016,E,Human,1,445.0
NV,2016,E,Natural,2,1662.0
NV,2016,F,Human,7,17483.8
NV,2016,F,Natural,8,21125.0
NV,2016,G,Human,1,6586.0
NV,2016,G,Natural,8,216445.6
NV,2017,A,Human,129,14.030000000000001
NV,2017,A,Missing data/not specified/undetermined,1,0.1
NV,2017,A,Natural,156,16.46
NV,2017,B,Human,151,316.64
NV,2017,B,Natural,88,209.83
NV,2017,C,Human,42,1247.0
NV,2017,C,Natural,48,1918.22
NV,2017,D,Human,14,2267.0
NV,2017,D,Natural,25,4922.8
NV,2017,E,Human,6,3759.31
NV,2017,E,Natural,31,18052.3
NV,2017,F,Human,6,9706.3
NV,2017,F,Natural,28,66561.6
NV,2017,G,Human,10,323363.8
NV,2017,G,Natural,20,704702.3
NV,2018,A,Human,164,17.330000000000002
NV,2018,A,Natural,157,16.43
NV,2018,B,Human,121,270.31
NV,2018,B,Natural,55,120.67999999999999
NV,2018,C,Human,52,1869.32
NV,2018,C,Natural,28,875.39
NV,2018,D,Human,12,2280.7
NV,2018,D,Natural,9,1614.0
NV,2018,E,Human,10,4315.9
NV,2018,E,Natural,11,5432.34
NV,2018,F,Human,9,19147.48
NV,2018,F,Natural,12,29445.1
NV,2018,G,Human,9,577253.75
NV,2018,G,Natural,5,428021.42000000004
NV,2019,A,Human,171,18.93
NV,2019,A,Natural,113,11.4
NV,2019,B,Human,112,193.25
NV,2019,B,Natural,58,121.71
NV,2019,C,Human,33,952.25
NV,2019,C,Natural,31,1041.9
NV,2019,D,Human,7,1405.0
NV,2019,D,Natural,17,2946.5
NV,2019,E,Human,4,1516.3
NV,2019,E,Natural,6,3396.9
NV,2019,F,Human,6,12209.94
NV,2019,F,Natural,8,14610.8
NV,2019,G,Natural,5,42839.799999999996
NV,2020,A,Human,255,29.82
NV,2020,A,Missing data/not specified/undetermined,22,2.4000000000000004
NV,2020,A,Natural,145,15.41
NV,2020,B,Human,158,346.39
NV,2020,B,Missing data/not specified/undetermined,8,30.97
NV,2020,B,Natural,53,108.66
NV,2020,C,Human,46,1838.04
NV,2020,C,Natural,26,830.47
NV,2020,D,Human,6,852.95
NV,2020,D,Missing data/not specified/undetermined,1,235.0
NV,2020,D,Natural,7,1262.76
NV,2020,E,Human,3,1497.74
NV,2020,E,Missing data/not specified/undetermined,1,512.0
NV,2020,E,Natural,7,4751.0
NV,2020,F,Human,4,9836.33
NV,2020,F,Missing data/not specified/undetermined,1,2975.0
NV,2020,F,Natural,10,24567.33
NV,2020,G,Human,7,141842.19
NV,2020,G,Missing data/not specified/undetermined,1,8268.0
NV,2020,G,Natural,4,39466.8
NY,1992,A,Human,49,5.2
NY,1992,B,Human,275,541.2
NY,1992,B,Natural,4,12.0
NY,1992,C,Human,29,703.0
NY,1992,C,Natural,1,30.0
NY,1992,D,Human,6,1043.0
NY,1993,A,Human,48,6.0
NY,1993,B,Human,221,452.1
NY,1993,B,Missing data/not specified/undetermined,1,0.3
NY,1993,B,Natural,16,26.1
NY,1993,C,Human,16,429.8
NY,1993,C,Natural,1,12.0
NY,1993,D,Human,1,200.0
NY,1994,A,Human,3,0.30000000000000004
NY,1994,B,Human,103,185.6
NY,1994,B,Missing data/not specified/undetermined,1,0.7
NY,1994,B,Natural,3,4.0
NY,1994,C,Human,16,486.0
NY,1994,D,Human,3,478.0
NY,1995,A,Human,27,3.35
NY,1995,A,Missing data/not specified/undetermined,2,0.30000000000000004
NY,1995,B,Human,377,823.5
NY,1995,B,Missing data/not specified/undetermined,4,12.3
NY,1995,B,Natural,17,26.0
NY,1995,C,Human,50,1267.0
NY,1995,C,Natural,1,30.0
NY,1995,D,Human,7,955.0
NY,1995,F,Human,1,1000.0
NY,1995,G,Human,1,5050.0
NY,1996,A,Human,18,1.8
NY,1996,B,Human,80,134.9
NY,1996,B,Missing data/not specified/undetermined,1,1.6
NY,1996,B,Natural,1,1.0
NY,1996,C,Human,6,178.0
NY,1996,D,Human,1,100.0
NY,1997,A,Human,31,3.6
NY,1997,B,Human,283,548.2
NY,1997,B,Natural,14,19.0
NY,1997,C,Human,36,841.0
NY,1997,C,Natural,1,10.0
NY,1998,A,Human,22,2.5100000000000002
NY,1998,B,Human,249,553.0
NY,1998,B,Natural,9,10.0
NY,1998,C,Human,26,495.2
NY,1998,D,Human,3,325.0
NY,1998,E,Human,1,310.0
NY,1999,A,Human,40,5.55
NY,1999,A,Missing data/not specified/undetermined,1,0.1
NY,1999,A,Natural,1,0.1
NY,1999,B,Human,546,1082.3
NY,1999,B,Missing data/not specified/undetermined,1,5.7
NY,1999,B,Natural,25,56.0
NY,1999,C,Human,81,2092.7
NY,1999,C,Missing data/not specified/undetermined,1,25.0
NY,1999,C,Natural,5,185.0
NY,1999,D,Human,6,868.0
NY,1999,D,Natural,1,175.0
NY,1999,E,Human,3,1578.0
NY,2000,A,Human,868,87.52000000000001
NY,2000,A,Missing data/not specified/undetermined,2,0.2
NY,2000,A,Natural,30,3.1500000000000004
NY,2000,B,Human,820,1078.95
NY,2000,B,Natural,23,41.76
NY,2000,C,Human,13,286.2
NY,2001,A,Human,1279,129.37
NY,2001,A,Missing data/not specified/undetermined,4,0.5
NY,2001,A,Natural,34,3.4000000000000004
NY,2001,B,Human,1821,2597.25
NY,2001,B,Missing data/not specified/undetermined,1,0.3
NY,2001,B,Natural,59,76.42
NY,2001,C,Human,54,1223.0
NY,2001,C,Natural,3,166.0
NY,2001,D,Human,3,691.0
NY,2001,E,Human,4,2231.0
NY,2002,A,Human,1684,171.74
NY,2002,A,Missing data/not specified/undetermined,1,0.1
NY,2002,A,Natural,125,13.100000000000001
NY,2002,B,Human,1552,1938.64
NY,2002,B,Missing data/not specified/undetermined,1,1.5
NY,2002,B,Natural,116,139.95
NY,2002,C,Human,20,631.5
NY,2002,C,Natural,9,272.0
NY,2002,D,Human,2,255.0
NY,2002,D,Natural,1,190.0
NY,2002,E,Natural,1,388.0
NY,2003,A,Human,2262,227.4
NY,2003,A,Natural,171,17.1
NY,2003,B,Human,2368,2968.18
NY,2003,B,Natural,109,124.59
NY,2003,C,Human,22,537.0
NY,2003,C,Natural,1,20.0
NY,2004,A,Human,2133,213.91000000000003
NY,2004,A,Natural,159,15.9
NY,2004,B,Human,1634,1967.47
NY,2004,B,Natural,123,146.9
NY,2004,C,Human,13,356.0
NY,2005,A,Human,4291,448.70000000000005
NY,2005,A,Natural,342,34.760000000000005
NY,2005,B,Human,2870,3983.0
NY,2005,B,Natural,179,240.28
NY,2005,C,Human,18,324.2
NY,2006,A,Human,3092,320.6
NY,2006,A,Natural,188,19.23
NY,2006,B,Human,3167,4286.26
NY,2006,B,Natural,154,209.04
NY,2006,C,Human,23,731.7
NY,2006,C,Natural,3,103.7
NY,2006,D,Human,1,102.0
NY,2006,E,Human,1,998.0
NY,2007,A,Human,3583,369.96000000000004
NY,2007,A,Natural,274,28.540000000000003
NY,2007,B,Human,2266,2884.84
NY,2007,B,Natural,175,214.77
NY,2007,C,Human,15,503.4
NY,2007,C,Natural,4,137.5
NY,2008,A,Human,3742,391.78000000000003
NY,2008,A,Natural,250,25.970000000000002
NY,2008,B,Human,2945,3937.63
NY,2008,B,Natural,192,258.46
NY,2008,C,Human,25,652.1
NY,2008,F,Human,1,2855.0
NY,2009,A,Human,2919,302.61
NY,2009,A,Natural,186,19.0
NY,2009,B,Human,2443,3573.31
NY,2009,B,Natural,194,253.89000000000001
NY,2009,C,Human,19,680.6
NY,2009,C,Natural,2,108.0
NY,2009,E,Human,1,300.0
NY,2010,A,Human,4044,421.86
NY,2010,A,Natural,256,26.18
NY,2010,B,Human,1724,2426.64
NY,2010,B,Natural,135,195.45
NY,2010,C,Human,20,391.0
NY,2010,D,Human,1,145.0
NY,2010,E,Missing data/not specified/undetermined,1,694.0
NY,2011,A,Human,2877,294.48
NY,2011,A,Natural,222,22.880000000000003
NY,2011,B,Human,571,760.21
NY,2011,B,Natural,66,91.47
NY,2011,C,Human,3,56.900000000000006
NY,2011,D,Human,1,145.0
NY,2012,A,Human,2724,288.63
NY,2012,A,Natural,268,28.37
NY,2012,B,Human,847,1155.91
NY,2012,B,Natural,85,129.03
NY,2012,C,Human,17,438.9
NY,2012,C,Missing data/not specified/undetermined,1,15.2
NY,2012,E,Human,2,1473.3
NY,2013,A,Human,1849,194.96
NY,2013,A,Natural,144,15.08
NY,2013,B,Human,812,1232.95
NY,2013,B,Natural,67,101.21
NY,2013,C,Human,12,295.3
NY,2013,C,Natural,2,26.8
NY,2013,D,Human,1,147.0
NY,2013,E,Human,1,363.0
NY,2014,A,Human,2831,298.94
NY,2014,A,Natural,193,20.1
NY,2014,B,Human,1232,1865.35
NY,2014,B,Natural,83,125.02
NY,2014,C,Human,18,490.40000000000003
NY,2014,D,Human,1,173.0
NY,2015,A,Human,3320,352.49
NY,2015,A,Natural,335,34.4
NY,2015,B,Human,1990,2951.53
NY,2015,B,Natural,202,321.66
NY,2015,C,Human,24,612.4
NY,2015,D,Human,2,267.6
NY,2015,F,Human,1,2759.0
NY,2016,A,Human,4315,432.20000000000005
NY,2016,A,Natural,643,64.3
NY,2016,B,Human,1305,4425.5
NY,2016,B,Missing data/not specified/undetermined,1,0.5
NY,2016,B,Natural,118,397.0
NY,2016,C,Human,21,528.2
NY,2016,C,Natural,2,32.1
NY,2016,D,Human,1,100.0
NY,2016,E,Human,2,1193.0
NY,2016,F,Human,1,2028.0
NY,2017,A,Human,2161,232.3
NY,2017,A,Missing data/not specified/undetermined,1,0.1
NY,2017,A,Natural,229,24.900000000000002
NY,2017,B,Human,899,2198.7
NY,2017,B,Natural,109,199.8
NY,2017,C,Human,6,123.5
NY,2018,A,Human,1554,95.86
NY,2018,A,Natural,293,17.94
NY,2018,B,Human,569,715.52
NY,2018,B,Natural,82,115.77
NY,2018,C,Human,5,159.4
NY,2018,C,Natural,1,26.5
NY,2018,E,Human,1,547.0
NY,2019,A,Human,2035,204.10000000000002
NY,2019,A,Natural,157,15.700000000000001
NY,2019,B,Human,38,74.0
NY,2019,B,Missing data/not specified/undetermined,1,0.6
NY,2019,B,Natural,2,0.7
NY,2019,C,Human,7,246.2
NY,2020,A,Human,778,83.5
NY,2020,A,Natural,105,12.55
NY,2020,B,Human,2441,6984.7
NY,2020,B,Missing data/not specified/undetermined,11,31.3
NY,2020,B,Natural,373,1048.4
NY,2020,C,Human,22,784.9
NY,2020,D,Human,1,277.0
OH,1992,A,Human,1,0.2
OH,1992,B,Human,18,66.5
OH,1992,C,Human,2,35.0
OH,1993,A,Human,10,1.2000000000000002
OH,1993,B,Human,7,27.5
OH,1993,C,Human,1,14.0
OH,1994,A,Human,10,1.4000000000000001
OH,1994,B,Human,15,34.3
OH,1994,C,Human,3,90.0
OH,1995,A,Human,5,0.8
OH,1995,B,Human,39,116.5
OH,1995,C,Human,2,25.0
OH,1995,D,Human,1,150.0
OH,1996,A,Human,2,0.30000000000000004
OH,1996,B,Human,5,8.0
OH,1996,C,Human,2,62.0
OH,1997,A,Human,9,1.1
OH,1997,B,Human,12,18.4
OH,1997,C,Human,1,22.0
OH,1998,A,Human,8,1.1
OH,1998,B,Human,12,22.3
OH,1998,C,Human,7,180.0
OH,1999,A,Human,8,1.0
OH,1999,B,Human,24,67.1
OH,1999,B,Natural,1,2.0
OH,1999,C,Human,4,135.0
OH,1999,D,Human,3,500.0
OH,2000,A,Human,3,0.6000000000000001
OH,2000,B,Human,19,56.8
OH,2000,C,Human,5,143.0
OH,2000,D,Human,1,170.0
OH,2001,A,Human,21,2.4000000000000004
OH,2001,B,Human,51,85.8
OH,2001,B,Natural,1,2.0
OH,2001,C,Human,11,377.7
OH,2001,D,Human,1,174.0
OH,2001,E,Human,1,300.0
OH,2001,F,Human,1,1000.0
OH,2002,A,Human,45,5.6000000000000005
OH,2002,A,Missing data/not specified/undetermined,15,1.6
OH,2002,A,Natural,2,0.4
OH,2002,B,Human,64,116.9
OH,2002,B,Missing data/not specified/undetermined,6,16.0
OH,2002,B,Natural,1,0.5
OH,2002,C,Human,5,100.0
OH,2002,C,Missing data/not specified/undetermined,3,47.0
OH,2002,C,Natural,1,60.0
OH,2003,A,Human,21,2.9
OH,2003,B,Human,33,67.26
OH,2003,C,Human,6,193.5
OH,2003,D,Human,1,150.0
OH,2003,E,Missing data/not specified/undetermined,1,400.0
OH,2003,F,Human,1,1016.0
OH,2004,A,Human,19,2.8200000000000003
OH,2004,B,Human,49,90.0
OH,2004,C,Human,4,135.0
OH,2005,A,Human,25,3.79
OH,2005,B,Human,64,128.54
OH,2005,B,Missing data/not specified/undetermined,2,14.0
OH,2005,B,Natural,1,3.0
OH,2005,C,Human,5,131.5
OH,2005,D,Human,1,156.5
OH,2005,E,Human,1,303.0
OH,2005,E,Missing data/not specified/undetermined,1,332.0
OH,2006,A,Human,30,4.2330000000000005
OH,2006,B,Human,174,308.98
OH,2006,C,Human,14,327.0
OH,2006,D,Human,4,640.0
OH,2007,A,Human,50,6.73
OH,2007,A,Natural,2,0.26
OH,2007,B,Human,180,311.73
OH,2007,B,Natural,4,9.0
OH,2007,C,Human,23,500.0
OH,2008,A,Human,12,1.78
OH,2008,A,Natural,1,0.1
OH,2008,B,Human,94,177.35
OH,2008,C,Human,9,305.0
OH,2009,A,Human,17,2.52
OH,2009,B,Human,196,376.69
OH,2009,B,Natural,1,1.0
OH,2009,C,Human,23,404.21
OH,2009,D,Human,5,825.0
OH,2009,E,Human,1,310.0
OH,2009,F,Human,1,2865.0
OH,2010,A,Human,24,3.22
OH,2010,B,Human,128,226.76
OH,2010,C,Human,25,661.0
OH,2010,D,Missing data/not specified/undetermined,2,267.0
OH,2010,E,Missing data/not specified/undetermined,1,355.0
OH,2011,A,Human,21,2.63
OH,2011,B,Human,46,94.81
OH,2011,C,Human,12,190.3
OH,2012,A,Human,55,8.01
OH,2012,A,Natural,1,0.25
OH,2012,B,Human,123,255.06
OH,2012,B,Natural,2,3.3
OH,2012,C,Human,20,459.4
OH,2012,D,Human,3,371.0
OH,2013,A,Human,62,11.370000000000001
OH,2013,B,Human,232,510.0
OH,2013,B,Missing data/not specified/undetermined,1,1.0
OH,2013,B,Natural,1,3.0
OH,2013,C,Human,21,451.14
OH,2013,C,Missing data/not specified/undetermined,1,10.0
OH,2013,D,Human,5,730.0
OH,2014,A,Human,104,19.21
OH,2014,A,Natural,1,0.1
OH,2014,B,Human,427,1025.96
OH,2014,C,Human,77,1985.8
OH,2014,D,Human,3,455.0
OH,2015,A,Human,134,20.82
OH,2015,B,Human,353,680.87
OH,2015,B,Natural,1,1.0
OH,2015,C,Human,45,799.4
OH,2015,D,Human,4,582.0
OH,2016,A,Human,140,21.38
OH,2016,A,Natural,1,0.25
OH,2016,B,Human,224,457.69
OH,2016,B,Natural,2,1.0
OH,2016,C,Human,27,547.31
OH,2017,A,Human,148,21.7
OH,2017,A,Natural,2,0.30000000000000004
OH,2017,B,Human,234,403.07
OH,2017,C,Human,22,496.64
OH,2017,E,Human,1,390.0
OH,2018,A,Human,141,18.64
OH,2018,A,Natural,3,0.25
OH,2018,B,Human,277,548.46
OH,2018,B,Natural,1,0.5
OH,2018,C,Human,21,504.0
OH,2018,D,Human,3,458.0
OH,2019,A,Human,199,23.71
OH,2019,A,Natural,2,0.26
OH,2019,B,Human,212,420.5
OH,2019,C,Human,18,411.3
OH,2019,D,Human,1,100.0
OH,2020,A,Human,202,22.990000000000002
OH,2020,A,Missing data/not specified/undetermined,1,0.1
OH,2020,B,Human,281,497.49
OH,2020,B,Missing data/not specified/undetermined,1,4.9
OH,2020,B,Natural,2,1.5
OH,2020,C,Human,27,695.5
OH,2020,C,Natural,1,17.5
OH,2020,D,Human,1,122.0
OK,1992,A,Human,5,0.6000000000000001
OK,1992,A,Missing data/not specified/undetermined,148,18.900000000000002
OK,1992,B,Human,33,76.2
OK,1992,B,Missing data/not specified/undetermined,740,2250.2
OK,1992,C,Human,14,485.5
OK,1992,C,Missing data/not specified/undetermined,431,13405.5
OK,1992,D,Human,8,1219.0
OK,1992,D,Missing data/not specified/undetermined,56,8309.0
OK,1992,E,Human,3,1450.2
OK,1992,E,Missing data/not specified/undetermined,23,11305.0
OK,1992,F,Missing data/not specified/undetermined,7,9055.0
OK,1993,A,Human,14,2.2
OK,1993,A,Missing data/not specified/undetermined,281,36.2
OK,1993,A,Natural,2,0.2
OK,1993,B,Human,110,297.4
OK,1993,B,Missing data/not specified/undetermined,1152,3446.8
OK,1993,B,Natural,6,12.0
OK,1993,C,Human,49,1446.0
OK,1993,C,Missing data/not specified/undetermined,546,16223.6
OK,1993,D,Human,10,1582.0
OK,1993,D,Missing data/not specified/undetermined,84,13588.0
OK,1993,E,Human,2,660.0
OK,1993,E,Missing data/not specified/undetermined,34,16180.0
OK,1993,F,Human,1,1027.0
OK,1993,F,Missing data/not specified/undetermined,4,7150.0
OK,1993,F,Natural,1,1284.0
OK,1993,G,Missing data/not specified/undetermined,1,6782.0
OK,1994,A,Human,42,5.0
OK,1994,A,Missing data/not specified/undetermined,185,24.3
OK,1994,A,Natural,1,0.1
OK,1994,B,Human,202,622.8
OK,1994,B,Missing data/not specified/undetermined,793,2544.7
OK,1994,B,Natural,4,5.5
OK,1994,C,Human,127,4595.6
OK,1994,C,Missing data/not specified/undetermined,391,11802.4
OK,1994,C,Natural,1,40.0
OK,1994,D,Human,31,4819.0
OK,1994,D,Missing data/not specified/undetermined,69,10815.0
OK,1994,E,Human,16,8660.0
OK,1994,E,Missing data/not specified/undetermined,33,15860.0
OK,1994,F,Human,1,3796.0
OK,1994,F,Missing data/not specified/undetermined,8,9965.0
OK,1994,F,Natural,1,1600.0
OK,1995,A,Human,98,12.3
OK,1995,A,Missing data/not specified/undetermined,169,21.6
OK,1995,A,Natural,1,0.1
OK,1995,B,Human,460,1395.1
OK,1995,B,Missing data/not specified/undetermined,894,2800.7
OK,1995,B,Natural,4,12.5
OK,1995,C,Human,193,6411.9
OK,1995,C,Missing data/not specified/undetermined,585,18778.9
OK,1995,C,Natural,1,12.0
OK,1995,D,Human,16,3158.0
OK,1995,D,Missing data/not specified/undetermined,95,15103.0
OK,1995,E,Human,8,4264.0
OK,1995,E,Missing data/not specified/undetermined,52,26908.0
OK,1995,F,Human,3,7165.0
OK,1995,F,Missing data/not specified/undetermined,4,8410.0
OK,1996,A,Human,17,1.8
OK,1996,A,Missing data/not specified/undetermined,329,43.1
OK,1996,A,Natural,12,1.2000000000000002
OK,1996,B,Human,113,378.9
OK,1996,B,Missing data/not specified/undetermined,1230,3624.6
OK,1996,B,Natural,5,20.8
OK,1996,C,Human,113,3694.2
OK,1996,C,Missing data/not specified/undetermined,648,19819.4
OK,1996,C,Natural,3,65.0
OK,1996,D,Human,27,4259.0
OK,1996,D,Missing data/not specified/undetermined,95,15702.0
OK,1996,E,Human,14,6584.0
OK,1996,E,Missing data/not specified/undetermined,57,25950.0
OK,1996,F,Human,7,15743.0
OK,1996,F,Missing data/not specified/undetermined,13,18638.0
OK,1996,G,Missing data/not specified/undetermined,3,92955.0
OK,1997,A,Human,92,11.8
OK,1997,A,Missing data/not specified/undetermined,2,0.30000000000000004
OK,1997,A,Natural,1,0.1
OK,1997,B,Human,408,1406.5
OK,1997,B,Natural,78,89.5
OK,1997,C,Human,267,8307.7
OK,1997,C,Natural,1,60.0
OK,1997,D,Human,46,7303.0
OK,1997,E,Human,14,6526.0
OK,1997,F,Human,1,1920.0
OK,1997,G,Human,1,11000.0
OK,1998,A,Human,84,11.100000000000001
OK,1998,A,Missing data/not specified/undetermined,2,0.4
OK,1998,A,Natural,1,0.1
OK,1998,B,Human,384,1244.7
OK,1998,B,Missing data/not specified/undetermined,2,5.0
OK,1998,B,Natural,49,77.6
OK,1998,C,Human,244,6795.1
OK,1998,C,Natural,6,109.0
OK,1998,D,Human,29,4668.0
OK,1998,D,Natural,1,222.3
OK,1998,E,Human,7,2750.0
OK,1998,F,Human,3,6917.5
OK,1999,A,Human,190,26.700000000000003
OK,1999,A,Natural,10,1.6
OK,1999,B,Human,719,2594.5
OK,1999,B,Missing data/not specified/undetermined,1,1.0
OK,1999,B,Natural,167,216.9
OK,1999,C,Human,457,13521.5
OK,1999,C,Natural,18,627.5
OK,1999,D,Human,66,10465.0
OK,1999,E,Human,21,9715.0
OK,1999,E,Natural,1,590.0
OK,1999,F,Human,2,2910.0
OK,2000,A,Human,218,30.5
OK,2000,A,Natural,14,2.2
OK,2000,B,Human,672,2428.5
OK,2000,B,Natural,131,180.0
OK,2000,C,Human,405,12632.3
OK,2000,C,Natural,28,526.0
OK,2000,D,Human,95,14817.4
OK,2000,D,Natural,3,723.1
OK,2000,E,Human,29,15746.5
OK,2000,E,Natural,1,950.0
OK,2000,F,Human,23,46860.0
OK,2000,F,Natural,1,1000.0
OK,2000,G,Human,4,30557.0
OK,2000,G,Natural,1,10206.3
OK,2001,A,Human,159,22.8
OK,2001,A,Natural,3,0.5
OK,2001,B,Human,539,1906.6
OK,2001,B,Natural,127,167.3
OK,2001,C,Human,330,10732.5
OK,2001,C,Natural,23,391.0
OK,2001,D,Human,72,11928.0
OK,2001,D,Missing data/not specified/undetermined,1,150.0
OK,2001,D,Natural,1,171.0
OK,2001,E,Human,22,11503.0
OK,2001,E,Natural,1,750.0
OK,2001,F,Human,6,12144.0
OK,2001,F,Missing data/not specified/undetermined,1,1750.0
OK,2002,A,Human,232,33.7
OK,2002,A,Missing data/not specified/undetermined,3,0.4
OK,2002,A,Natural,5,0.7000000000000001
OK,2002,B,Human,661,2380.1
OK,2002,B,Missing data/not specified/undetermined,2,6.0
OK,2002,B,Natural,132,162.8
OK,2002,C,Human,394,11851.7
OK,2002,C,Missing data/not specified/undetermined,3,186.0
OK,2002,C,Natural,29,507.0
OK,2002,D,Human,72,11338.0
OK,2002,D,Missing data/not specified/undetermined,1,260.0
OK,2002,D,Natural,2,281.0
OK,2002,E,Human,18,9236.0
OK,2002,E,Missing data/not specified/undetermined,1,460.0
OK,2002,F,Human,8,14063.0
OK,2002,G,Human,1,8000.0
OK,2003,A,Human,167,20.55
OK,2003,A,Missing data/not specified/undetermined,2,0.2
OK,2003,A,Natural,5,0.6000000000000001
OK,2003,B,Human,755,2300.8
OK,2003,B,Missing data/not specified/undetermined,5,15.4
OK,2003,B,Natural,20,60.0
OK,2003,C,Human,502,15866.8
OK,2003,C,Missing data/not specified/undetermined,5,141.0
OK,2003,C,Natural,13,516.0
OK,2003,D,Human,92,15473.0
OK,2003,D,Missing data/not specified/undetermined,1,200.0
OK,2003,D,Natural,4,650.0
OK,2003,E,Human,44,21249.0
OK,2003,E,Natural,2,1120.0
OK,2003,F,Human,21,37610.0
OK,2003,G,Human,1,5200.0
OK,2004,A,Human,200,24.05
OK,2004,A,Missing data/not specified/undetermined,1,0.2
OK,2004,A,Natural,1,0.1
OK,2004,B,Human,828,2475.7
OK,2004,B,Natural,9,14.9
OK,2004,C,Human,524,16548.85
OK,2004,C,Missing data/not specified/undetermined,1,15.9
OK,2004,D,Human,83,13333.0
OK,2004,D,Natural,1,100.0
OK,2004,E,Human,28,14256.0
OK,2004,E,Natural,1,399.0
OK,2004,F,Human,9,15415.0
OK,2004,F,Missing data/not specified/undetermined,1,2000.0
OK,2004,G,Human,1,5500.0
OK,2005,A,Human,426,53.7
OK,2005,A,Natural,14,1.5
OK,2005,B,Human,1551,4465.55
OK,2005,B,Natural,52,154.7
OK,2005,C,Human,884,28731.0
OK,2005,C,Missing data/not specified/undetermined,3,66.0
OK,2005,C,Natural,49,1733.0
OK,2005,D,Human,136,23331.5
OK,2005,D,Natural,14,2095.0
OK,2005,E,Human,74,38750.0
OK,2005,E,Natural,12,7191.0
OK,2005,F,Human,29,70342.0
OK,2005,F,Missing data/not specified/undetermined,2,7000.0
OK,2005,F,Natural,5,6218.0
OK,2005,G,Human,14,110121.0
OK,2005,G,Missing data/not specified/undetermined,2,36880.0
OK,2006,A,Human,360,44.27
OK,2006,A,Missing data/not specified/undetermined,1,0.1
OK,2006,A,Natural,40,4.8500000000000005
OK,2006,B,Human,1404,3847.8
OK,2006,B,Missing data/not specified/undetermined,9,22.5
OK,2006,B,Natural,128,307.6
OK,2006,C,Human,836,28103.1
OK,2006,C,Missing data/not specified/undetermined,6,111.7
OK,2006,C,Natural,65,2001.2
OK,2006,D,Human,168,26436.8
OK,2006,D,Missing data/not specified/undetermined,6,1020.0
OK,2006,D,Natural,19,3276.0
OK,2006,E,Human,97,48637.2
OK,2006,E,Missing data/not specified/undetermined,17,9864.0
OK,2006,E,Natural,7,3760.0
OK,2006,F,Human,48,105442.0
OK,2006,F,Missing data/not specified/undetermined,10,19520.0
OK,2006,F,Natural,4,7210.0
OK,2006,G,Human,13,138706.3
OK,2006,G,Missing data/not specified/undetermined,2,12760.0
OK,2006,G,Natural,1,5498.0
OK,2007,A,Human,129,16.86
OK,2007,A,Missing data/not specified/undetermined,1,0.1
OK,2007,A,Natural,6,0.7000000000000001
OK,2007,B,Human,666,1962.5
OK,2007,B,Natural,15,38.6
OK,2007,C,Human,402,13184.7
OK,2007,C,Missing data/not specified/undetermined,4,142.0
OK,2007,C,Natural,12,471.5
OK,2007,D,Human,49,7475.3
OK,2007,D,Natural,1,100.0
OK,2007,E,Human,34,16032.0
OK,2007,E,Natural,1,900.0
OK,2007,F,Human,4,7475.0
OK,2007,G,Human,1,9071.0
OK,2008,A,Human,233,29.85
OK,2008,A,Natural,5,0.8
OK,2008,B,Human,1080,2966.58
OK,2008,B,Missing data/not specified/undetermined,1,5.0
OK,2008,B,Natural,18,39.9
OK,2008,C,Human,615,21784.0
OK,2008,C,Missing data/not specified/undetermined,2,52.0
OK,2008,C,Natural,7,213.0
OK,2008,D,Human,126,21134.8
OK,2008,D,Missing data/not specified/undetermined,1,251.0
OK,2008,E,Human,45,24362.1
OK,2008,E,Natural,1,900.0
OK,2008,F,Human,20,41825.2
OK,2008,F,Missing data/not specified/undetermined,2,3547.0
OK,2008,G,Human,4,22425.0
OK,2008,G,Missing data/not specified/undetermined,1,5015.0
OK,2009,A,Human,219,28.25
OK,2009,A,Natural,4,0.5
OK,2009,B,Human,861,2432.95
OK,2009,B,Natural,14,52.8
OK,2009,C,Human,664,22340.25
OK,2009,C,Natural,15,504.1
OK,2009,D,Human,135,21967.1
OK,2009,D,Missing data/not specified/undetermined,1,120.0
OK,2009,D,Natural,3,547.0
OK,2009,E,Human,75,39458.1
OK,2009,E,Missing data/not specified/undetermined,3,1528.0
OK,2009,E,Natural,1,334.0
OK,2009,F,Human,40,80248.4
OK,2009,F,Missing data/not specified/undetermined,4,8372.0
OK,2009,G,Human,5,42502.0
OK,2009,G,Missing data/not specified/undetermined,5,183399.0
OK,2010,A,Human,210,25.55
OK,2010,A,Missing data/not specified/undetermined,1,0.2
OK,2010,A,Natural,9,1.1
OK,2010,B,Human,978,2840.15
OK,2010,B,Natural,98,266.2
OK,2010,C,Human,605,20723.5
OK,2010,C,Missing data/not specified/undetermined,1,36.0
OK,2010,C,Natural,35,1145.6
OK,2010,D,Human,119,20391.3
OK,2010,D,Natural,4,609.0
OK,2010,E,Human,62,31705.9
OK,2010,E,Natural,4,2107.0
OK,2010,F,Human,21,37246.5
OK,2011,A,Human,206,25.3
OK,2011,A,Natural,20,2.2
OK,2011,B,Human,1024,3073.5
OK,2011,B,Missing data/not specified/undetermined,6,12.2
OK,2011,B,Natural,105,282.1
OK,2011,C,Human,735,25481.9
OK,2011,C,Missing data/not specified/undetermined,1,40.0
OK,2011,C,Natural,69,2164.3
OK,2011,D,Human,174,30065.3
OK,2011,D,Natural,14,2428.3
OK,2011,E,Human,117,61378.1
OK,2011,E,Missing data/not specified/undetermined,1,600.0
OK,2011,E,Natural,7,3406.0
OK,2011,F,Human,50,106868.9
OK,2011,F,Missing data/not specified/undetermined,1,4500.0
OK,2011,F,Natural,7,14749.0
OK,2011,G,Human,4,66941.0
OK,2011,G,Missing data/not specified/undetermined,1,5150.0
OK,2012,A,Human,141,16.45
OK,2012,A,Missing data/not specified/undetermined,2,0.2
OK,2012,A,Natural,15,1.9000000000000001
OK,2012,B,Human,759,2320.1
OK,2012,B,Missing data/not specified/undetermined,1,6.0
OK,2012,B,Natural,77,207.4
OK,2012,C,Human,441,14544.8
OK,2012,C,Missing data/not specified/undetermined,4,117.0
OK,2012,C,Natural,53,1401.0
OK,2012,D,Human,65,11332.2
OK,2012,D,Natural,16,2459.5
OK,2012,E,Human,47,24026.5
OK,2012,E,Natural,4,1636.0
OK,2012,F,Human,20,41885.3
OK,2012,F,Missing data/not specified/undetermined,3,7717.0
OK,2012,F,Natural,1,1151.0
OK,2012,G,Human,5,88257.0
OK,2012,G,Missing data/not specified/undetermined,1,6887.0
OK,2013,A,Human,150,18.75
OK,2013,A,Natural,3,0.30000000000000004
OK,2013,B,Human,384,1079.8
OK,2013,B,Missing data/not specified/undetermined,1,9.0
OK,2013,B,Natural,17,60.1
OK,2013,C,Human,191,6186.6
OK,2013,C,Natural,9,164.7
OK,2013,D,Human,17,3045.0
OK,2013,E,Human,14,7326.7
OK,2013,E,Natural,2,1146.0
OK,2013,F,Human,6,11074.0
OK,2014,A,Human,117,15.8
OK,2014,A,Natural,3,0.45
OK,2014,B,Human,537,1594.85
OK,2014,B,Natural,9,18.2
OK,2014,C,Human,346,12066.9
OK,2014,C,Natural,4,158.4
OK,2014,D,Human,66,11945.0
OK,2014,E,Human,57,31537.2
OK,2014,F,Human,26,49892.8
OK,2014,G,Human,5,53215.6
OK,2014,G,Missing data/not specified/undetermined,2,27172.0
OK,2015,A,Human,102,13.3
OK,2015,A,Natural,4,0.5
OK,2015,B,Human,557,1720.05
OK,2015,B,Natural,4,17.0
OK,2015,C,Human,374,12278.2
OK,2015,C,Missing data/not specified/undetermined,1,66.0
OK,2015,C,Natural,3,52.3
OK,2015,D,Human,78,14047.8
OK,2015,D,Missing data/not specified/undetermined,2,295.0
OK,2015,D,Natural,1,100.0
OK,2015,E,Human,39,21706.4
OK,2015,E,Missing data/not specified/undetermined,1,556.0
OK,2015,F,Human,16,36657.7
OK,2015,G,Human,3,38537.0
OK,2015,G,Missing data/not specified/undetermined,1,23488.0
OK,2016,A,Human,134,17.0
OK,2016,A,Natural,5,0.5
OK,2016,B,Human,688,2059.3
OK,2016,B,Missing data/not specified/undetermined,1,9.0
OK,2016,B,Natural,12,27.5
OK,2016,C,Human,536,18173.35
OK,2016,C,Missing data/not specified/undetermined,1,22.4
OK,2016,C,Natural,9,248.0
OK,2016,D,Human,100,17634.0
OK,2016,D,Missing data/not specified/undetermined,5,740.9
OK,2016,D,Natural,1,280.0
OK,2016,E,Human,73,41292.5
OK,2016,E,Missing data/not specified/undetermined,8,5634.0
OK,2016,E,Natural,2,1225.3
OK,2016,F,Human,36,78408.4
OK,2016,F,Missing data/not specified/undetermined,4,10383.0
OK,2016,G,Human,8,86986.0
OK,2016,G,Missing data/not specified/undetermined,3,442907.0
OK,2017,A,Human,139,18.3
OK,2017,A,Natural,7,1.1
OK,2017,B,Human,688,2113.1
OK,2017,B,Natural,11,38.0
OK,2017,C,Human,539,19887.85
OK,2017,C,Natural,8,182.6
OK,2017,D,Human,121,21101.5
OK,2017,D,Missing data/not specified/undetermined,5,896.0
OK,2017,D,Natural,2,384.0
OK,2017,E,Human,88,44629.7
OK,2017,E,Missing data/not specified/undetermined,4,2451.0
OK,2017,F,Human,33,65292.5
OK,2017,F,Missing data/not specified/undetermined,4,10946.0
OK,2017,F,Natural,1,2975.0
OK,2017,G,Human,4,35354.3
OK,2017,G,Missing data/not specified/undetermined,4,784830.0
OK,2018,A,Human,149,18.310000000000002
OK,2018,A,Natural,8,1.1400000000000001
OK,2018,B,Human,515,1606.24
OK,2018,B,Missing data/not specified/undetermined,1,1.0
OK,2018,B,Natural,4,6.6
OK,2018,C,Human,317,11834.71
OK,2018,C,Natural,7,301.1
OK,2018,D,Human,70,12280.4
OK,2018,D,Missing data/not specified/undetermined,4,716.9
OK,2018,E,Human,67,33532.1
OK,2018,E,Missing data/not specified/undetermined,11,6496.2
OK,2018,E,Natural,1,890.0
OK,2018,F,Human,32,66213.0
OK,2018,F,Missing data/not specified/undetermined,5,11425.800000000001
OK,2018,F,Natural,1,4196.0
OK,2018,G,Human,8,351777.9
OK,2018,G,Missing data/not specified/undetermined,1,62481.0
OK,2018,G,Natural,1,5036.0
OK,2019,A,Human,132,16.2
OK,2019,A,Natural,1,0.1
OK,2019,B,Human,439,1148.82
OK,2019,B,Natural,9,12.7
OK,2019,C,Human,253,9424.0
OK,2019,C,Natural,5,173.7
OK,2019,D,Human,61,9975.8
OK,2019,D,Natural,1,160.0
OK,2019,E,Human,35,17115.2
OK,2019,E,Natural,3,1613.0
OK,2019,F,Human,8,15109.6
OK,2019,F,Natural,1,1080.0
OK,2019,G,Human,1,8275.0
OK,2020,A,Human,174,21.76
OK,2020,A,Missing data/not specified/undetermined,5,0.6000000000000001
OK,2020,A,Natural,2,0.2
OK,2020,B,Human,482,1370.49
OK,2020,B,Missing data/not specified/undetermined,6,10.6
OK,2020,B,Natural,6,20.8
OK,2020,C,Human,291,9568.59
OK,2020,C,Missing data/not specified/undetermined,3,141.2
OK,2020,C,Natural,2,45.0
OK,2020,D,Human,69,13027.37
OK,2020,D,Missing data/not specified/undetermined,1,246.0
OK,2020,E,Human,51,25239.6
OK,2020,F,Human,7,12401.7
OK,2020,G,Human,2,35231.0
OR,1992,A,Human,1005,100.11
OR,1992,A,Missing data/not specified/undetermined,1,0.1
OR,1992,A,Natural,1990,212.33
OR,1992,B,Human,366,708.52
OR,1992,B,Natural,416,553.65
OR,1992,C,Human,65,2390.85
OR,1992,C,Natural,41,1457.6
OR,1992,D,Human,15,2735.0
OR,1992,D,Natural,13,2415.0
OR,1992,E,Human,10,5234.0
OR,1992,E,Natural,12,6391.0
OR,1992,F,Human,7,10580.1
OR,1992,F,Natural,10,15890.0
OR,1992,G,Human,3,48083.0
OR,1992,G,Natural,2,20686.0
OR,1993,A,Human,891,80.94
OR,1993,A,Missing data/not specified/undetermined,1,0.1
OR,1993,A,Natural,552,53.730000000000004
OR,1993,B,Human,269,494.31
OR,1993,B,Natural,64,92.64999999999999
OR,1993,C,Human,45,1431.2
OR,1993,C,Missing data/not specified/undetermined,1,60.0
OR,1993,C,Natural,3,66.25
OR,1993,D,Human,14,2531.6
OR,1993,E,Human,9,4712.5
OR,1993,E,Natural,1,360.0
OR,1993,F,Natural,2,3960.0
OR,1994,A,Human,936,83.96000000000001
OR,1994,A,Missing data/not specified/undetermined,1,0.1
OR,1994,A,Natural,1507,161.43
OR,1994,B,Human,361,641.97
OR,1994,B,Natural,443,626.16
OR,1994,C,Human,65,2365.5
OR,1994,C,Natural,56,1535.0
OR,1994,D,Human,17,2564.0
OR,1994,D,Natural,24,3785.0
OR,1994,E,Human,9,4696.0
OR,1994,E,Natural,19,10011.0
OR,1994,F,Human,6,10942.0
OR,1994,F,Natural,13,28344.0
OR,1994,G,Human,2,42496.0
OR,1994,G,Natural,14,167802.2
OR,1995,A,Human,899,78.59
OR,1995,A,Missing data/not specified/undetermined,8,0.8
OR,1995,A,Natural,801,84.10000000000001
OR,1995,B,Human,285,478.17
OR,1995,B,Natural,161,235.73
OR,1995,C,Human,36,1342.7
OR,1995,C,Missing data/not specified/undetermined,1,80.0
OR,1995,C,Natural,24,733.5
OR,1995,D,Human,13,2159.6
OR,1995,D,Natural,11,1969.3
OR,1995,E,Human,8,5071.0
OR,1995,E,Natural,6,3010.0
OR,1995,F,Human,3,4200.0
OR,1995,F,Natural,5,6879.0
OR,1995,G,Human,1,5750.0
OR,1995,G,Natural,2,29210.0
OR,1996,A,Human,807,68.18
OR,1996,A,Natural,1103,121.47000000000001
OR,1996,B,Human,294,545.27
OR,1996,B,Missing data/not specified/undetermined,2,3.5
OR,1996,B,Natural,424,608.58
OR,1996,C,Human,54,2009.54
OR,1996,C,Natural,72,2513.2
OR,1996,D,Human,13,2058.3
OR,1996,D,Natural,27,4407.2
OR,1996,E,Human,8,5043.2
OR,1996,E,Natural,29,14815.8
OR,1996,F,Human,7,13168.3
OR,1996,F,Natural,14,35428.4
OR,1996,G,Human,2,140230.0
OR,1996,G,Natural,19,369620.9
OR,1997,A,Human,732,65.57000000000001
OR,1997,A,Missing data/not specified/undetermined,1,0.1
OR,1997,A,Natural,852,87.07000000000001
OR,1997,B,Human,253,419.78
OR,1997,B,Missing data/not specified/undetermined,1,1.3
OR,1997,B,Natural,209,242.02
OR,1997,C,Human,31,1007.6
OR,1997,C,Natural,29,808.1
OR,1997,D,Human,9,1304.0
OR,1997,D,Natural,10,1888.5
OR,1997,E,Human,8,4595.6
OR,1997,E,Natural,2,1260.0
OR,1997,F,Natural,5,12924.300000000001
OR,1998,A,Human,818,70.43
OR,1998,A,Natural,1030,107.79
OR,1998,B,Human,269,491.01
OR,1998,B,Natural,315,457.63
OR,1998,C,Human,53,1605.36
OR,1998,C,Natural,35,1299.7
OR,1998,D,Human,16,3183.2
OR,1998,D,Natural,11,1709.9
OR,1998,E,Human,8,4130.0
OR,1998,E,Natural,4,2575.1
OR,1998,F,Human,4,5688.0
OR,1998,F,Natural,9,18365.5
OR,1998,G,Human,2,37000.0
OR,1998,G,Natural,1,6416.0
OR,1999,A,Human,965,93.06
OR,1999,A,Natural,1073,111.76
OR,1999,B,Human,378,734.54
OR,1999,B,Missing data/not specified/undetermined,1,3.0
OR,1999,B,Natural,319,429.15
OR,1999,C,Human,66,2079.12
OR,1999,C,Missing data/not specified/undetermined,1,25.0
OR,1999,C,Natural,44,1559.1
OR,1999,D,Human,22,3594.3
OR,1999,D,Natural,12,2124.4
OR,1999,E,Human,14,6992.4
OR,1999,E,Natural,14,7570.7
OR,1999,F,Human,7,16977.4
OR,1999,F,Natural,9,18696.0
OR,1999,G,Human,2,11172.0
OR,2000,A,Human,894,80.39
OR,2000,A,Missing data/not specified/undetermined,2,0.2
OR,2000,A,Natural,449,46.95
OR,2000,B,Human,301,522.81
OR,2000,B,Missing data/not specified/undetermined,3,5.0
OR,2000,B,Natural,159,234.45
OR,2000,C,Human,37,1115.48
OR,2000,C,Natural,20,746.7
OR,2000,D,Human,17,2570.0
OR,2000,D,Natural,7,1148.9
OR,2000,E,Human,11,5967.0
OR,2000,E,Missing data/not specified/undetermined,2,1300.0
OR,2000,E,Natural,6,2776.0
OR,2000,F,Human,6,14223.0
OR,2000,F,Natural,13,32665.0
OR,2000,G,Human,3,37671.0
OR,2000,G,Natural,8,264356.5
OR,2001,A,Human,909,82.71000000000001
OR,2001,A,Missing data/not specified/undetermined,1,0.1
OR,2001,A,Natural,1423,153.02
OR,2001,B,Human,292,530.33
OR,2001,B,Missing data/not specified/undetermined,4,10.5
OR,2001,B,Natural,529,778.47
OR,2001,C,Human,67,1688.35
OR,2001,C,Missing data/not specified/undetermined,1,80.0
OR,2001,C,Natural,56,1888.5
OR,2001,D,Human,16,2688.84
OR,2001,D,Natural,19,3456.2
OR,2001,E,Human,9,4591.3099999999995
OR,2001,E,Natural,9,4731.0
OR,2001,F,Human,6,15038.3
OR,2001,F,Natural,13,32059.8
OR,2001,G,Human,1,5000.0
OR,2001,G,Natural,14,316469.8
OR,2002,A,Human,982,87.93
OR,2002,A,Missing data/not specified/undetermined,1,0.1
OR,2002,A,Natural,876,95.47
OR,2002,B,Human,333,622.06
OR,2002,B,Missing data/not specified/undetermined,1,2.0
OR,2002,B,Natural,355,504.06
OR,2002,C,Human,60,2021.26
OR,2002,C,Natural,60,2131.85
OR,2002,D,Human,12,2116.95
OR,2002,D,Natural,18,2838.6
OR,2002,E,Human,7,3128.0
OR,2002,E,Natural,13,7282.7
OR,2002,F,Human,3,5787.0
OR,2002,F,Natural,16,34120.1
OR,2002,G,Human,1,17600.0
OR,2002,G,Natural,20,932735.54
OR,2003,A,Human,1013,91.11
OR,2003,A,Natural,905,92.67
OR,2003,B,Human,298,489.21
OR,2003,B,Natural,269,313.52
OR,2003,C,Human,48,1838.16
OR,2003,C,Natural,30,850.5
OR,2003,D,Human,12,2044.5
OR,2003,D,Natural,9,1290.0
OR,2003,E,Human,11,5459.5
OR,2003,E,Missing data/not specified/undetermined,1,700.0
OR,2003,E,Natural,6,3600.0
OR,2003,F,Human,4,16354.0
OR,2003,F,Natural,5,14090.0
OR,2003,G,Human,1,21135.0
OR,2003,G,Natural,3,101273.0
OR,2004,A,Human,796,70.49000000000001
OR,2004,A,Missing data/not specified/undetermined,1,0.1
OR,2004,A,Natural,992,106.47
OR,2004,B,Human,219,430.18
OR,2004,B,Natural,213,266.51
OR,2004,C,Human,20,539.67
OR,2004,C,Natural,13,563.12
OR,2004,D,Human,6,1302.0
OR,2004,D,Natural,1,216.2
OR,2004,E,Human,2,1308.0
OR,2004,E,Natural,3,1225.0
OR,2004,F,Human,2,6585.0
OR,2004,F,Natural,1,4232.0
OR,2004,G,Human,1,13539.0
OR,2005,A,Human,784,65.97
OR,2005,A,Missing data/not specified/undetermined,1,0.1
OR,2005,A,Natural,404,43.660000000000004
OR,2005,B,Human,252,439.55
OR,2005,B,Natural,177,243.9
OR,2005,C,Human,36,1119.5
OR,2005,C,Natural,30,1102.8
OR,2005,D,Human,8,1333.0
OR,2005,D,Natural,9,1629.0
OR,2005,E,Human,7,3860.9
OR,2005,E,Natural,10,5230.6
OR,2005,F,Human,11,21403.3
OR,2005,F,Missing data/not specified/undetermined,1,1548.0
OR,2005,F,Natural,10,23710.0
OR,2005,G,Natural,4,77647.0
OR,2006,A,Human,1059,82.18
OR,2006,A,Missing data/not specified/undetermined,1,0.1
OR,2006,A,Natural,1166,125.06
OR,2006,B,Human,329,649.53
OR,2006,B,Natural,413,688.74
OR,2006,C,Human,43,1193.4
OR,2006,C,Natural,72,2512.41
OR,2006,D,Human,7,1077.7
OR,2006,D,Natural,27,4318.7
OR,2006,E,Human,2,1410.0
OR,2006,E,Natural,23,13833.7
OR,2006,F,Human,3,7203.0
OR,2006,F,Natural,19,40227.9
OR,2006,G,Human,3,58984.2
OR,2006,G,Natural,17,368262.2
OR,2007,A,Human,940,76.88
OR,2007,A,Missing data/not specified/undetermined,1,0.1
OR,2007,A,Natural,751,82.14
OR,2007,B,Human,315,578.48
OR,2007,B,Missing data/not specified/undetermined,8,14.6
OR,2007,B,Natural,277,411.34
OR,2007,C,Human,59,1952.05
OR,2007,C,Missing data/not specified/undetermined,2,55.0
OR,2007,C,Natural,62,2288.7
OR,2007,D,Human,17,2660.9
OR,2007,D,Natural,24,4277.1
OR,2007,E,Human,5,2657.0
OR,2007,E,Natural,16,8440.6
OR,2007,F,Human,3,6565.0
OR,2007,F,Natural,13,32184.8
OR,2007,G,Human,3,73321.5
OR,2007,G,Natural,16,431639.7
OR,2008,A,Human,858,75.10000000000001
OR,2008,A,Missing data/not specified/undetermined,3,0.30000000000000004
OR,2008,A,Natural,944,108.09
OR,2008,B,Human,278,488.59
OR,2008,B,Missing data/not specified/undetermined,1,2.0
OR,2008,B,Natural,432,632.49
OR,2008,C,Human,36,1024.15
OR,2008,C,Missing data/not specified/undetermined,1,15.5
OR,2008,C,Natural,53,1507.15
OR,2008,D,Human,4,736.0
OR,2008,D,Natural,15,2445.16
OR,2008,E,Human,8,3525.1
OR,2008,E,Natural,13,5953.3
OR,2008,F,Human,4,10172.0
OR,2008,F,Natural,10,28459.5
OR,2008,G,Natural,8,185767.0
OR,2009,A,Human,790,74.77
OR,2009,A,Missing data/not specified/undetermined,3,0.30000000000000004
OR,2009,A,Natural,824,92.53
OR,2009,B,Human,250,370.35
OR,2009,B,Missing data/not specified/undetermined,1,2.0
OR,2009,B,Natural,322,490.33
OR,2009,C,Human,31,804.9300000000001
OR,2009,C,Natural,38,1167.4
OR,2009,D,Human,6,1231.1
OR,2009,D,Natural,15,2548.96
OR,2009,E,Human,2,1055.0
OR,2009,E,Missing data/not specified/undetermined,1,633.0
OR,2009,E,Natural,9,5501.1
OR,2009,F,Human,4,7734.0
OR,2009,F,Natural,2,4769.6
OR,2009,G,Human,1,8395.0
OR,2009,G,Natural,5,54188.0
OR,2010,A,Human,729,61.900000000000006
OR,2010,A,Missing data/not specified/undetermined,1,0.1
OR,2010,A,Natural,715,84.10000000000001
OR,2010,B,Human,167,280.17
OR,2010,B,Missing data/not specified/undetermined,1,0.3
OR,2010,B,Natural,222,293.95
OR,2010,C,Human,20,671.83
OR,2010,C,Missing data/not specified/undetermined,2,92.0
OR,2010,C,Natural,31,819.53
OR,2010,D,Human,3,576.0
OR,2010,D,Natural,9,1286.0
OR,2010,E,Human,2,626.0
OR,2010,E,Natural,7,2927.5
OR,2010,F,Human,3,8801.4
OR,2010,F,Natural,8,18795.0
OR,2010,G,Human,2,13628.0
OR,2010,G,Natural,2,38804.0
OR,2011,A,Human,748,65.54
OR,2011,A,Natural,649,74.91
OR,2011,B,Human,182,337.86
OR,2011,B,Missing data/not specified/undetermined,1,2.4
OR,2011,B,Natural,225,330.22
OR,2011,C,Human,39,1294.08
OR,2011,C,Natural,44,1514.18
OR,2011,D,Human,9,1719.0
OR,2011,D,Natural,19,3072.0
OR,2011,E,Human,3,1170.0
OR,2011,E,Natural,11,6626.4
OR,2011,F,Human,5,6825.0
OR,2011,F,Natural,17,34311.0
OR,2011,G,Human,2,13830.0
OR,2011,G,Natural,14,152862.0
OR,2012,A,Human,871,82.52000000000001
OR,2012,A,Missing data/not specified/undetermined,1,0.1
OR,2012,A,Natural,300,34.25
OR,2012,B,Human,240,437.01
OR,2012,B,Missing data/not specified/undetermined,3,3.0
OR,2012,B,Natural,117,216.07
OR,2012,C,Human,38,1145.57
OR,2012,C,Natural,24,818.45
OR,2012,D,Human,5,887.0
OR,2012,D,Missing data/not specified/undetermined,2,421.0
OR,2012,D,Natural,11,1763.0
OR,2012,E,Human,4,2064.0
OR,2012,E,Natural,9,6000.0
OR,2012,F,Human,6,10120.2
OR,2012,F,Natural,9,20590.0
OR,2012,G,Human,2,25929.8
OR,2012,G,Natural,15,1460593.3
OR,2013,A,Human,722,70.62
OR,2013,A,Missing data/not specified/undetermined,9,0.5900000000000001
OR,2013,A,Natural,1097,121.41000000000001
OR,2013,B,Human,240,380.71
OR,2013,B,Missing data/not specified/undetermined,7,26.200000000000003
OR,2013,B,Natural,321,453.55
OR,2013,C,Human,29,915.85
OR,2013,C,Missing data/not specified/undetermined,1,40.0
OR,2013,C,Natural,60,2136.8
OR,2013,D,Human,16,2374.2
OR,2013,D,Natural,19,3258.2
OR,2013,E,Human,4,1919.0
OR,2013,E,Natural,8,3965.2
OR,2013,F,Human,2,5084.0
OR,2013,F,Missing data/not specified/undetermined,1,1007.0
OR,2013,F,Natural,12,27804.0
OR,2013,G,Human,1,53000.0
OR,2013,G,Natural,13,216882.6
OR,2014,A,Human,845,76.98
OR,2014,A,Natural,1273,149.61
OR,2014,B,Human,256,383.85
OR,2014,B,Natural,439,597.07
OR,2014,C,Human,50,1666.15
OR,2014,C,Natural,79,2281.07
OR,2014,D,Human,19,3727.0
OR,2014,D,Natural,17,3419.0
OR,2014,E,Human,5,2482.0
OR,2014,E,Natural,7,3363.3
OR,2014,F,Human,10,23908.0
OR,2014,F,Natural,20,55735.55
OR,2014,G,Human,4,43672.0
OR,2014,G,Natural,23,792616.86
OR,2015,A,Human,1009,91.87
OR,2015,A,Missing data/not specified/undetermined,2,0.2
OR,2015,A,Natural,776,90.14
OR,2015,B,Human,303,484.34
OR,2015,B,Natural,244,454.35
OR,2015,C,Human,52,1928.66
OR,2015,C,Natural,32,1004.49
OR,2015,D,Human,16,2795.6
OR,2015,D,Missing data/not specified/undetermined,1,148.0
OR,2015,D,Natural,15,2504.5
OR,2015,E,Human,9,4123.0
OR,2015,E,Natural,11,6958.2
OR,2015,F,Human,7,13536.8
OR,2015,F,Natural,3,8809.0
OR,2015,G,Human,6,138607.2
OR,2015,G,Natural,14,397587.7
OR,2016,A,Human,913,82.41
OR,2016,A,Natural,190,21.69
OR,2016,B,Human,304,506.45
OR,2016,B,Natural,73,149.93
OR,2016,C,Human,48,1561.21
OR,2016,C,Natural,7,203.7
OR,2016,D,Human,12,2020.0
OR,2016,D,Natural,8,1330.8
OR,2016,E,Human,8,5235.0
OR,2016,E,Missing data/not specified/undetermined,1,660.0
OR,2016,E,Natural,6,3043.0
OR,2016,F,Human,6,13482.2
OR,2016,F,Natural,1,2094.0
OR,2016,G,Human,4,120076.0
OR,2016,G,Natural,4,52740.6
OR,2017,A,Human,880,76.51
OR,2017,A,Natural,786,95.49000000000001
OR,2017,B,Human,250,451.62
OR,2017,B,Missing data/not specified/undetermined,1,0.5
OR,2017,B,Natural,312,554.36
OR,2017,C,Human,52,1482.16
OR,2017,C,Natural,66,2801.83
OR,2017,D,Human,14,2875.76
OR,2017,D,Natural,19,2986.1
OR,2017,E,Human,11,4767.0
OR,2017,E,Missing data/not specified/undetermined,1,310.0
OR,2017,E,Natural,23,14397.2
OR,2017,F,Human,4,6370.9
OR,2017,F,Natural,29,68717.2
OR,2017,G,Human,9,235257.0
OR,2017,G,Natural,16,438943.0
OR,2018,A,Human,948,88.41
OR,2018,A,Natural,404,48.42
OR,2018,B,Human,307,569.59
OR,2018,B,Missing data/not specified/undetermined,1,5.0
OR,2018,B,Natural,151,273.29
OR,2018,C,Human,70,2155.44
OR,2018,C,Natural,42,1482.4
OR,2018,D,Human,13,2090.8
OR,2018,D,Natural,12,1664.5
OR,2018,E,Human,15,7220.5
OR,2018,E,Missing data/not specified/undetermined,3,1914.0
OR,2018,E,Natural,9,5508.7
OR,2018,F,Human,7,14772.9
OR,2018,F,Natural,11,22594.0
OR,2018,G,Human,7,220772.0
OR,2018,G,Missing data/not specified/undetermined,1,23600.0
OR,2018,G,Natural,14,433883.9
OR,2019,A,Human,811,71.58
OR,2019,A,Natural,802,86.87
OR,2019,B,Human,232,400.18
OR,2019,B,Missing data/not specified/undetermined,1,1.1
OR,2019,B,Natural,184,267.81
OR,2019,C,Human,41,1283.28
OR,2019,C,Natural,41,1373.94
OR,2019,D,Human,11,1736.12
OR,2019,D,Natural,13,2200.0
OR,2019,E,Human,4,1967.0
OR,2019,E,Natural,7,3819.0
OR,2019,F,Human,2,3207.0
OR,2019,F,Natural,4,6270.0
OR,2019,G,Human,1,13119.0
OR,2019,G,Natural,3,38623.0
OR,2020,A,Human,1051,96.72
OR,2020,A,Missing data/not specified/undetermined,28,3.25
OR,2020,A,Natural,486,56.470000000000006
OR,2020,B,Human,269,489.45
OR,2020,B,Missing data/not specified/undetermined,18,48.39
OR,2020,B,Natural,128,218.15
OR,2020,C,Human,46,1606.62
OR,2020,C,Missing data/not specified/undetermined,5,204.5
OR,2020,C,Natural,32,1277.9
OR,2020,D,Human,6,1029.75
OR,2020,D,Missing data/not specified/undetermined,2,229.0
OR,2020,D,Natural,12,2145.3
OR,2020,E,Human,13,7016.0
OR,2020,E,Missing data/not specified/undetermined,2,1264.9
OR,2020,E,Natural,9,5113.8
OR,2020,F,Human,5,8422.0
OR,2020,F,Missing data/not specified/undetermined,3,6644.0
OR,2020,F,Natural,7,26498.0
OR,2020,G,Human,5,257372.0
OR,2020,G,Missing data/not specified/undetermined,6,573737.0
OR,2020,G,Natural,3,231886.0
PA,1992,A,Human,10,1.1
PA,1992,B,Human,6,4.6
PA,1992,C,Human,1,54.0
PA,1993,A,Human,13,1.7000000000000002
PA,1993,A,Natural,1,0.1
PA,1993,B,Human,4,5.1
PA,1993,C,Human,1,33.9
PA,1994,A,Human,4,0.5
PA,1994,A,Natural,2,0.2
PA,1994,B,Human,11,22.3
PA,1994,B,Natural,1,1.5
PA,1994,C,Human,2,42.0
PA,1995,A,Human,10,1.1
PA,1995,B,Human,11,20.6
PA,1995,C,Human,1,29.5
PA,1996,A,Human,6,0.8
PA,1996,A,Missing data/not specified/undetermined,1,0.1
PA,1996,B,Human,5,18.0
PA,1997,A,Human,2,0.2
PA,1997,B,Human,6,19.5
PA,1997,C,Human,4,88.0
PA,1998,A,Human,5,0.5
PA,1998,A,Natural,1,0.1
PA,1998,B,Human,11,23.6
PA,1998,C,Human,1,30.0
PA,1999,A,Human,9,0.9
PA,1999,B,Human,15,35.1
PA,1999,C,Human,4,51.8
PA,1999,C,Natural,1,32.0
PA,1999,E,Human,1,374.0
PA,2000,A,Human,3,0.30000000000000004
PA,2000,B,Human,8,16.8
PA,2000,C,Human,2,39.599999999999994
PA,2000,E,Natural,1,300.0
PA,2001,A,Human,11,1.5
PA,2001,A,Missing data/not specified/undetermined,1,0.2
PA,2001,A,Natural,1,0.1
PA,2001,B,Human,18,32.9
PA,2001,C,Human,2,58.0
PA,2001,D,Human,1,150.0
PA,2001,E,Human,1,500.0
PA,2001,F,Human,2,3730.0
PA,2002,A,Human,215,28.0049
PA,2002,A,Natural,23,1.900859
PA,2002,B,Human,316,678.61
PA,2002,B,Natural,22,84.75
PA,2002,C,Human,41,1028.5
PA,2002,C,Natural,4,87.9
PA,2002,D,Human,6,1014.1
PA,2002,D,Natural,1,250.0
PA,2003,A,Human,129,14.49158
PA,2003,A,Natural,2,0.2
PA,2003,B,Human,234,539.19
PA,2003,B,Natural,3,23.3
PA,2003,C,Human,35,825.4399999999999
PA,2003,C,Natural,1,11.6
PA,2003,D,Human,2,325.0
PA,2003,E,Human,1,342.9
PA,2004,A,Human,86,10.65999
PA,2004,B,Human,95,206.34
PA,2004,B,Natural,1,1.5
PA,2004,C,Human,10,282.89
PA,2004,F,Human,1,2265.0
PA,2005,A,Human,270,34.043
PA,2005,A,Natural,4,0.023
PA,2005,B,Human,428,941.8
PA,2005,B,Natural,4,11.9
PA,2005,C,Human,69,1403.93
PA,2005,C,Natural,2,47.099999999999994
PA,2005,D,Human,5,976.2
PA,2005,E,Human,1,755.0
PA,2006,A,Human,338,42.5306
PA,2006,A,Natural,2,0.26
PA,2006,B,Human,457,960.1
PA,2006,B,Missing data/not specified/undetermined,1,1.0
PA,2006,B,Natural,2,7.2
PA,2006,C,Human,62,1438.14
PA,2006,C,Natural,2,50.0
PA,2006,D,Human,3,469.0
PA,2006,E,Human,6,3582.68
PA,2006,F,Human,1,1329.0
PA,2007,A,Human,242,30.709
PA,2007,A,Missing data/not specified/undetermined,1,0.1
PA,2007,A,Natural,11,1.02
PA,2007,B,Human,228,446.09
PA,2007,B,Natural,6,13.01
PA,2007,C,Human,25,505.15
PA,2007,D,Human,1,135.0
PA,2008,A,Human,240,28.9171
PA,2008,A,Natural,1,0.1
PA,2008,B,Human,362,764.76
PA,2008,B,Missing data/not specified/undetermined,1,0.6
PA,2008,B,Natural,5,20.2
PA,2008,C,Human,38,894.89
PA,2008,D,Human,2,426.0
PA,2008,E,Human,2,1475.0
PA,2008,F,Human,1,4000.0
PA,2009,A,Human,214,29.3563
PA,2009,A,Natural,1,0.01
PA,2009,B,Human,349,685.99
PA,2009,C,Human,59,1596.21
PA,2009,C,Missing data/not specified/undetermined,1,10.0
PA,2009,C,Natural,1,29.5
PA,2009,D,Human,4,845.9
PA,2009,D,Missing data/not specified/undetermined,1,100.0
PA,2009,E,Missing data/not specified/undetermined,1,780.0
PA,2009,F,Missing data/not specified/undetermined,1,2126.0
PA,2010,A,Human,240,31.03079
PA,2010,A,Natural,5,0.65
PA,2010,B,Human,281,621.25
PA,2010,B,Natural,4,12.0
PA,2010,C,Human,45,1206.89
PA,2010,C,Natural,1,85.0
PA,2010,D,Human,4,648.0
PA,2010,D,Natural,1,161.0
PA,2010,E,Human,2,734.0
PA,2011,A,Human,94,10.780000000000001
PA,2011,A,Natural,5,0.42000000000000004
PA,2011,B,Human,82,163.54
PA,2011,B,Natural,5,17.07
PA,2011,C,Human,15,387.6
PA,2012,A,Human,251,31.82
PA,2012,A,Natural,6,0.42000000000000004
PA,2012,B,Human,408,822.55
PA,2012,B,Natural,5,13.5
PA,2012,C,Human,49,1270.02
PA,2012,C,Natural,1,10.25
PA,2012,D,Human,3,318.0
PA,2012,E,Human,1,741.0
PA,2013,A,Human,258,36.32
PA,2013,A,Natural,2,0.15000000000000002
PA,2013,B,Human,348,593.4
PA,2013,B,Natural,1,2.2
PA,2013,C,Human,26,548.7
PA,2013,C,Natural,1,10.0
PA,2013,D,Human,2,242.0
PA,2013,E,Human,1,352.0
PA,2014,A,Human,274,41.51
PA,2014,A,Natural,1,0.1
PA,2014,B,Human,529,1025.89
PA,2014,C,Human,68,1612.68
PA,2014,E,Human,3,1831.0
PA,2015,A,Human,247,39.67
PA,2015,A,Natural,5,0.65
PA,2015,B,Human,491,929.08
PA,2015,C,Human,60,1338.64
PA,2015,D,Human,2,306.2
PA,2015,E,Human,2,1522.0
PA,2016,A,Human,336,50.620000000000005
PA,2016,A,Natural,6,0.6000000000000001
PA,2016,B,Human,449,828.13
PA,2016,B,Natural,3,5.21
PA,2016,C,Human,51,1382.91
PA,2016,C,Natural,2,119.0
PA,2016,D,Human,3,463.0
PA,2016,E,Human,3,1386.4
PA,2016,G,Human,1,7949.2
PA,2017,A,Human,235,34.33
PA,2017,A,Natural,1,0.1
PA,2017,B,Human,284,483.75
PA,2017,B,Natural,1,0.5
PA,2017,C,Human,16,297.63
PA,2017,D,Human,4,838.3
PA,2018,A,Human,280,42.7
PA,2018,A,Natural,2,0.2
PA,2018,B,Human,387,635.98
PA,2018,C,Human,25,488.21
PA,2018,E,Human,1,688.0
PA,2019,A,Human,243,34.64
PA,2019,A,Natural,1,0.1
PA,2019,B,Human,287,420.91
PA,2019,C,Human,14,239.08
PA,2020,A,Human,789,115.10000000000001
PA,2020,A,Missing data/not specified/undetermined,1,0.1
PA,2020,A,Natural,5,0.5800000000000001
PA,2020,B,Human,678,1131.99
PA,2020,B,Missing data/not specified/undetermined,1,3.9
PA,2020,B,Natural,3,7.460000000000001
PA,2020,C,Human,34,658.88
PA,2020,E,Human,2,1120.0
PR,1992,B,Human,1,2.0
PR,1992,C,Human,3,125.0
PR,1993,D,Human,1,163.0
PR,1994,C,Human,2,85.0
PR,1994,C,Missing data/not specified/undetermined,1,25.0
PR,1994,E,Human,1,890.0
PR,1996,B,Human,1,2.0
PR,1996,D,Human,1,100.0
PR,1996,E,Human,1,400.0
PR,1997,B,Human,5,7.8
PR,1997,C,Human,1,75.0
PR,1998,B,Missing data/not specified/undetermined,1,1.0
PR,2002,C,Missing data/not specified/undetermined,1,55.0
PR,2003,A,Missing data/not specified/undetermined,198,48.61
PR,2003,B,Human,1,8.0
PR,2003,B,Missing data/not specified/undetermined,3028,5842.5
PR,2003,C,Missing data/not specified/undetermined,372,7279.3
PR,2003,D,Missing data/not specified/undetermined,15,1650.0
PR,2003,E,Missing data/not specified/undetermined,7,3058.0
PR,2003,F,Missing data/not specified/undetermined,1,1000.0
PR,2004,A,Missing data/not specified/undetermined,132,31.84
PR,2004,B,Missing data/not specified/undetermined,1549,2733.35
PR,2004,C,Human,1,50.0
PR,2004,C,Missing data/not specified/undetermined,192,3584.1
PR,2004,D,Missing data/not specified/undetermined,7,925.0
PR,2004,E,Missing data/not specified/undetermined,3,950.0
PR,2004,F,Missing data/not specified/undetermined,1,1000.0
PR,2005,A,Human,17,1.8
PR,2005,A,Missing data/not specified/undetermined,279,65.69
PR,2005,B,Human,15,29.3
PR,2005,B,Missing data/not specified/undetermined,3449,6448.15
PR,2005,C,Human,14,593.4
PR,2005,C,Missing data/not specified/undetermined,462,9558.25
PR,2005,D,Human,1,220.0
PR,2005,D,Missing data/not specified/undetermined,29,3809.5
PR,2005,E,Missing data/not specified/undetermined,5,2204.0
PR,2005,F,Human,1,1300.0
PR,2005,F,Missing data/not specified/undetermined,2,3902.0
PR,2006,A,Missing data/not specified/undetermined,243,53.27
PR,2006,B,Missing data/not specified/undetermined,1994,3677.35
PR,2006,C,Human,1,15.0
PR,2006,C,Missing data/not specified/undetermined,283,5617.5
PR,2006,D,Missing data/not specified/undetermined,5,600.0
PR,2006,E,Missing data/not specified/undetermined,3,1300.0
PR,2007,A,Missing data/not specified/undetermined,298,63.58
PR,2007,B,Human,4,10.0
PR,2007,B,Missing data/not specified/undetermined,2832,5398.81
PR,2007,B,Natural,1,6.0
PR,2007,C,Missing data/not specified/undetermined,516,10792.09
PR,2007,D,Missing data/not specified/undetermined,34,4711.0
PR,2007,E,Human,1,695.0
PR,2007,E,Missing data/not specified/undetermined,7,3125.0
PR,2008,B,Human,5,23.0
PR,2008,B,Missing data/not specified/undetermined,3,10.0
PR,2008,C,Human,4,170.0
PR,2008,C,Missing data/not specified/undetermined,3,106.1
PR,2008,D,Missing data/not specified/undetermined,2,309.0
PR,2009,A,Missing data/not specified/undetermined,139,33.63
PR,2009,B,Human,2,6.0
PR,2009,B,Missing data/not specified/undetermined,1328,2452.73
PR,2009,C,Human,2,26.0
PR,2009,C,Missing data/not specified/undetermined,206,4502.0
PR,2009,D,Missing data/not specified/undetermined,12,1350.0
PR,2009,E,Missing data/not specified/undetermined,1,500.0
PR,2010,A,Missing data/not specified/undetermined,184,45.35
PR,2010,B,Missing data/not specified/undetermined,1400,2502.8
PR,2010,C,Missing data/not specified/undetermined,160,3006.0
PR,2010,D,Missing data/not specified/undetermined,5,617.0
PR,2010,F,Missing data/not specified/undetermined,1,1000.0
PR,2011,A,Missing data/not specified/undetermined,198,43.52
PR,2011,B,Human,1,4.0
PR,2011,B,Missing data/not specified/undetermined,1939,3883.05
PR,2011,C,Human,1,60.0
PR,2011,C,Missing data/not specified/undetermined,303,6367.0
PR,2011,D,Missing data/not specified/undetermined,30,4621.0
PR,2011,E,Missing data/not specified/undetermined,16,6255.0
PR,2011,F,Missing data/not specified/undetermined,2,2000.0
PR,2012,B,Missing data/not specified/undetermined,2,2.2
PR,2012,B,Natural,1,1.0
PR,2012,C,Missing data/not specified/undetermined,4,128.8
PR,2012,D,Missing data/not specified/undetermined,1,260.2
PR,2013,A,Human,4,0.7000000000000001
PR,2013,B,Human,13,43.3
PR,2013,B,Missing data/not specified/undetermined,5,10.0
PR,2013,C,Human,5,154.2
PR,2013,D,Human,3,361.2
PR,2013,D,Missing data/not specified/undetermined,1,158.0
PR,2013,E,Human,1,300.0
PR,2013,F,Human,1,1500.0
PR,2014,A,Human,8,1.0
PR,2014,B,Human,23,40.2
PR,2014,B,Missing data/not specified/undetermined,4,7.5
PR,2014,C,Human,7,212.0
PR,2015,A,Human,6,1.0
PR,2015,B,Human,19,14.15
PR,2015,D,Human,2,344.6
PR,2015,E,Human,1,967.0
PR,2016,A,Human,2,0.4
PR,2016,B,Human,22,63.3
PR,2016,C,Human,2,36.4
PR,2017,B,Human,24,98.0
PR,2017,C,Human,1,21.0
PR,2018,B,Human,25,99.9
PR,2018,C,Human,1,53.0
PR,2018,D,Human,1,127.0
PR,2019,B,Human,25,157.8
PR,2019,B,Missing data/not specified/undetermined,2,10.0
PR,2019,C,Human,2,68.0
PR,2019,C,Missing data/not specified/undetermined,2,78.6
PR,2020,B,Human,11,20.5
PR,2020,C,Human,1,50.0
RI,1994,C,Missing data/not specified/undetermined,1,25.0
RI,2005,B,Human,18,36.0
RI,2006,B,Human,20,28.0
RI,2006,C,Human,5,65.0
RI,2007,B,Human,21,37.0
RI,2008,A,Human,100,10.0
RI,2008,B,Human,34,71.0
RI,2008,C,Human,1,10.0
RI,2009,A,Human,15,2.63
RI,2009,B,Human,32,48.0
RI,2011,A,Human,12,2.04
RI,2011,A,Missing data/not specified/undetermined,1,0.1
RI,2011,B,Human,21,25.9
RI,2012,A,Human,25,4.61
RI,2012,B,Human,24,35.3
RI,2013,A,Human,7,1.4
RI,2013,B,Human,12,15.3
RI,2014,A,Human,22,3.45
RI,2014,B,Human,24,19.85
RI,2015,A,Human,34,4.5600000000000005
RI,2015,B,Human,47,69.82000000000001
RI,2015,C,Human,4,47.45
RI,2016,A,Human,44,5.73
RI,2016,B,Human,37,39.43
RI,2016,C,Human,1,10.5
RI,2017,A,Human,23,3.6500000000000004
RI,2017,B,Human,12,27.75
RI,2018,A,Human,24,3.25
RI,2018,B,Human,10,10.75
RI,2019,A,Human,21,2.9000000000000004
RI,2019,A,Natural,1,0.1
RI,2019,B,Human,22,29.15
RI,2020,A,Human,59,6.800000000000001
RI,2020,A,Natural,1,0.1
RI,2020,B,Human,51,60.6
RI,2020,C,Human,1,16.4
SC,1992,A,Human,14,1.7000000000000002
SC,1992,A,Missing data/not specified/undetermined,849,115.5
SC,1992,A,Natural,1,0.2
SC,1992,B,Human,27,73.0
SC,1992,B,Missing data/not specified/undetermined,3526,8534.3
SC,1992,B,Natural,1,1.0
SC,1992,C,Human,10,377.0
SC,1992,C,Missing data/not specified/undetermined,733,16567.9
SC,1992,C,Natural,3,137.0
SC,1992,D,Human,1,114.0
SC,1992,D,Missing data/not specified/undetermined,27,4315.0
SC,1992,D,Natural,1,116.2
SC,1992,E,Missing data/not specified/undetermined,2,850.0
SC,1993,A,Human,38,5.1000000000000005
SC,1993,A,Missing data/not specified/undetermined,912,123.5
SC,1993,A,Natural,4,0.4
SC,1993,B,Human,61,165.3
SC,1993,B,Missing data/not specified/undetermined,3547,8086.1
SC,1993,B,Natural,5,12.3
SC,1993,C,Human,28,731.5
SC,1993,C,Missing data/not specified/undetermined,643,15155.5
SC,1993,C,Natural,6,213.0
SC,1993,D,Human,2,263.0
SC,1993,D,Missing data/not specified/undetermined,31,4280.0
SC,1993,E,Missing data/not specified/undetermined,10,5249.0
SC,1994,A,Human,31,3.8000000000000003
SC,1994,A,Missing data/not specified/undetermined,681,89.4
SC,1994,A,Natural,4,0.4
SC,1994,B,Human,53,141.5
SC,1994,B,Missing data/not specified/undetermined,3061,7512.4
SC,1994,B,Natural,2,2.5
SC,1994,C,Human,20,558.6
SC,1994,C,Missing data/not specified/undetermined,605,13741.5
SC,1994,C,Natural,1,10.0
SC,1994,D,Human,2,321.0
SC,1994,D,Missing data/not specified/undetermined,23,3871.0
SC,1994,E,Human,1,357.0
SC,1994,E,Missing data/not specified/undetermined,4,2500.0
SC,1994,F,Human,1,1245.0
SC,1995,A,Human,22,2.9000000000000004
SC,1995,A,Missing data/not specified/undetermined,615,82.0
SC,1995,A,Natural,3,0.30000000000000004
SC,1995,B,Human,61,142.1
SC,1995,B,Missing data/not specified/undetermined,2367,5575.2
SC,1995,B,Natural,9,21.5
SC,1995,C,Human,9,191.5
SC,1995,C,Missing data/not specified/undetermined,417,8034.3
SC,1995,C,Natural,1,40.0
SC,1995,D,Human,1,158.0
SC,1995,D,Missing data/not specified/undetermined,10,1518.0
SC,1995,E,Human,2,749.0
SC,1995,E,Missing data/not specified/undetermined,3,1280.0
SC,1996,A,Human,21,2.5
SC,1996,A,Missing data/not specified/undetermined,716,96.4
SC,1996,A,Natural,1,0.2
SC,1996,B,Human,49,135.6
SC,1996,B,Missing data/not specified/undetermined,2917,7221.1
SC,1996,B,Natural,2,6.5
SC,1996,C,Human,33,1027.1
SC,1996,C,Missing data/not specified/undetermined,649,15171.3
SC,1996,C,Natural,1,21.8
SC,1996,D,Human,2,300.1
SC,1996,D,Missing data/not specified/undetermined,20,3124.0
SC,1996,E,Missing data/not specified/undetermined,3,1503.0
SC,1997,A,Human,478,62.5
SC,1997,A,Natural,8,0.9
SC,1997,B,Human,2121,5127.4
SC,1997,B,Natural,16,38.3
SC,1997,C,Human,414,9145.4
SC,1997,C,Missing data/not specified/undetermined,1,25.0
SC,1997,C,Natural,11,341.0
SC,1997,D,Human,13,1898.0
SC,1997,D,Natural,1,234.0
SC,1997,E,Human,5,2451.0
SC,1997,F,Human,2,5915.0
SC,1998,A,Human,685,91.4
SC,1998,A,Natural,17,2.0
SC,1998,B,Human,2381,5633.1
SC,1998,B,Natural,47,167.1
SC,1998,C,Human,350,7038.4
SC,1998,C,Natural,13,276.0
SC,1998,D,Human,10,1478.0
SC,1998,D,Natural,2,265.0
SC,1998,E,Human,2,1050.0
SC,1998,E,Natural,1,368.0
SC,1999,A,Human,847,117.80000000000001
SC,1999,A,Natural,28,3.3000000000000003
SC,1999,B,Human,3628,8861.3
SC,1999,B,Natural,76,216.8
SC,1999,C,Human,731,16570.8
SC,1999,C,Natural,38,986.4
SC,1999,D,Human,28,4279.9
SC,1999,D,Natural,4,714.1
SC,1999,E,Human,3,1700.0
SC,1999,F,Human,1,2484.0
SC,2000,A,Human,915,123.7
SC,2000,A,Natural,49,6.0
SC,2000,B,Human,3297,7849.6
SC,2000,B,Natural,100,250.6
SC,2000,C,Human,568,11990.8
SC,2000,C,Natural,42,1144.6
SC,2000,D,Human,20,3009.0
SC,2000,D,Natural,4,823.0
SC,2001,A,Human,1238,160.8
SC,2001,A,Missing data/not specified/undetermined,2,0.30000000000000004
SC,2001,A,Natural,17,2.0
SC,2001,B,Human,4170,9548.2
SC,2001,B,Missing data/not specified/undetermined,3,7.5
SC,2001,B,Natural,49,126.2
SC,2001,C,Human,700,16140.1
SC,2001,C,Missing data/not specified/undetermined,1,21.0
SC,2001,C,Natural,20,485.9
SC,2001,D,Human,16,2312.0
SC,2001,D,Natural,3,431.0
SC,2001,E,Human,3,1377.0
SC,2001,E,Natural,1,321.0
SC,2001,F,Human,2,5595.0
SC,2002,A,Human,650,86.5
SC,2002,A,Natural,53,6.5
SC,2002,B,Human,2979,7321.8
SC,2002,B,Missing data/not specified/undetermined,1,6.0
SC,2002,B,Natural,137,370.4
SC,2002,C,Human,726,17712.3
SC,2002,C,Missing data/not specified/undetermined,2,60.0
SC,2002,C,Natural,69,1978.5
SC,2002,D,Human,46,6967.6
SC,2002,D,Natural,5,610.0
SC,2002,E,Human,12,5196.0
SC,2002,F,Human,3,5170.0
SC,2003,A,Human,262,34.25
SC,2003,A,Natural,4,0.6000000000000001
SC,2003,B,Human,923,2031.1
SC,2003,B,Missing data/not specified/undetermined,1,0.4
SC,2003,B,Natural,6,29.0
SC,2003,C,Human,116,2601.5
SC,2003,C,Natural,1,40.0
SC,2003,D,Human,1,151.0
SC,2003,F,Human,1,1834.0
SC,2004,A,Human,461,64.51
SC,2004,A,Missing data/not specified/undetermined,2,0.2
SC,2004,A,Natural,13,1.5
SC,2004,B,Human,2051,5061.2
SC,2004,B,Missing data/not specified/undetermined,1,6.0
SC,2004,B,Natural,36,87.1
SC,2004,C,Human,441,10409.1
SC,2004,C,Missing data/not specified/undetermined,1,50.0
SC,2004,C,Natural,19,672.6
SC,2004,D,Human,28,4251.49
SC,2004,E,Human,5,2787.0
SC,2005,A,Human,402,53.900000000000006
SC,2005,A,Natural,6,0.6000000000000001
SC,2005,B,Human,1900,4550.44
SC,2005,B,Missing data/not specified/undetermined,3,6.3
SC,2005,B,Natural,17,49.6
SC,2005,C,Human,353,7772.3
SC,2005,C,Missing data/not specified/undetermined,1,15.0
SC,2005,C,Natural,10,284.5
SC,2005,D,Human,10,1468.0
SC,2005,D,Natural,1,146.5
SC,2005,E,Human,1,400.0
SC,2006,A,Human,463,62.190000000000005
SC,2006,A,Missing data/not specified/undetermined,1,0.1
SC,2006,A,Natural,15,2.0500000000000003
SC,2006,B,Human,1925,4602.18
SC,2006,B,Missing data/not specified/undetermined,4,14.5
SC,2006,B,Natural,61,172.84
SC,2006,C,Human,322,7177.8
SC,2006,C,Natural,42,1187.6
SC,2006,D,Human,16,2486.0
SC,2006,D,Natural,2,240.0
SC,2006,E,Human,4,1701.0
SC,2007,A,Human,595,84.06
SC,2007,A,Missing data/not specified/undetermined,2,0.2
SC,2007,A,Natural,32,4.0
SC,2007,B,Human,2801,6367.14
SC,2007,B,Missing data/not specified/undetermined,1,1.0
SC,2007,B,Natural,94,261.76
SC,2007,C,Human,418,9707.36
SC,2007,C,Natural,35,1198.48
SC,2007,D,Human,12,1714.0
SC,2007,D,Natural,4,550.6
SC,2007,E,Human,4,2387.0
SC,2008,A,Human,455,60.830000000000005
SC,2008,A,Natural,38,4.42
SC,2008,B,Human,1741,4020.15
SC,2008,B,Natural,134,380.63
SC,2008,C,Human,293,6639.42
SC,2008,C,Natural,59,1635.43
SC,2008,D,Human,15,2625.8
SC,2008,D,Natural,6,750.0
SC,2008,E,Human,3,1281.0900000000001
SC,2009,A,Human,314,41.86
SC,2009,A,Missing data/not specified/undetermined,1,0.1
SC,2009,A,Natural,13,1.7000000000000002
SC,2009,B,Human,1185,2906.16
SC,2009,B,Missing data/not specified/undetermined,1,1.0
SC,2009,B,Natural,24,50.8
SC,2009,C,Human,194,4335.3
SC,2009,C,Missing data/not specified/undetermined,1,20.0
SC,2009,C,Natural,8,316.5
SC,2009,D,Human,12,1998.8
SC,2009,E,Human,2,675.0
SC,2009,F,Human,1,1089.0
SC,2009,G,Human,1,19130.0
SC,2010,A,Human,360,50.7
SC,2010,A,Natural,11,1.1
SC,2010,B,Human,1504,3376.37
SC,2010,B,Natural,34,107.4
SC,2010,C,Human,216,4485.2
SC,2010,C,Natural,13,391.0
SC,2010,D,Human,4,500.0
SC,2010,D,Natural,1,120.0
SC,2010,E,Human,1,436.6
SC,2011,A,Human,377,53.190000000000005
SC,2011,A,Natural,29,3.8800000000000003
SC,2011,B,Human,2172,5276.79
SC,2011,B,Natural,80,291.39
SC,2011,C,Human,433,10468.4
SC,2011,C,Natural,54,1509.3
SC,2011,D,Human,21,2954.7
SC,2011,D,Natural,7,861.4
SC,2011,E,Human,2,630.0
SC,2011,E,Missing data/not specified/undetermined,1,435.0
SC,2011,E,Natural,1,401.0
SC,2011,F,Human,4,6801.0
SC,2012,A,Human,255,36.35
SC,2012,A,Natural,20,2.6
SC,2012,B,Human,1337,3024.48
SC,2012,B,Natural,61,187.2
SC,2012,C,Human,254,6309.9
SC,2012,C,Natural,22,520.0
SC,2012,D,Human,15,2524.8
SC,2012,D,Natural,3,374.0
SC,2012,E,Human,1,378.0
SC,2012,E,Natural,2,880.0
SC,2012,F,Human,1,1200.0
SC,2013,A,Human,237,32.43
SC,2013,A,Natural,1,0.1
SC,2013,B,Human,1177,2751.0
SC,2013,B,Natural,3,8.0
SC,2013,C,Human,193,4801.3
SC,2013,C,Natural,5,76.9
SC,2013,D,Human,8,1063.0
SC,2013,E,Human,2,746.0
SC,2014,A,Human,269,35.9
SC,2014,A,Natural,6,0.8
SC,2014,B,Human,1365,3061.27
SC,2014,B,Natural,25,65.08
SC,2014,C,Human,198,4556.15
SC,2014,C,Natural,13,468.7
SC,2014,D,Human,11,1218.0
SC,2014,D,Natural,2,208.0
SC,2014,E,Human,3,1217.0
SC,2014,E,Natural,1,395.0
SC,2015,A,Human,165,23.400000000000002
SC,2015,A,Missing data/not specified/undetermined,1,0.1
SC,2015,A,Natural,8,0.9
SC,2015,B,Human,932,2082.59
SC,2015,B,Missing data/not specified/undetermined,1,0.5
SC,2015,B,Natural,41,116.7
SC,2015,C,Human,127,2935.42
SC,2015,C,Natural,18,549.4
SC,2015,D,Human,5,616.4
SC,2015,E,Human,1,300.0
SC,2016,A,Human,218,29.75
SC,2016,A,Natural,13,1.85
SC,2016,B,Human,1015,2102.33
SC,2016,B,Natural,29,82.8
SC,2016,C,Human,122,2744.69
SC,2016,C,Natural,19,580.81
SC,2016,D,Human,10,1441.76
SC,2016,F,Human,1,1016.0
SC,2016,G,Human,1,10623.0
SC,2017,A,Human,210,29.35
SC,2017,A,Natural,6,0.8
SC,2017,B,Human,1235,2804.43
SC,2017,B,Natural,15,38.4
SC,2017,C,Human,286,7582.43
SC,2017,C,Natural,6,146.6
SC,2017,D,Human,17,2443.5
SC,2017,D,Natural,3,389.17
SC,2017,E,Human,2,1520.0
SC,2017,F,Human,2,2810.0
SC,2018,A,Human,152,20.25
SC,2018,A,Natural,3,0.4
SC,2018,B,Human,1072,2423.1
SC,2018,B,Natural,24,60.9
SC,2018,C,Human,214,4900.7
SC,2018,C,Natural,8,280.2
SC,2018,D,Human,17,2254.9
SC,2018,E,Human,5,2532.0
SC,2018,F,Human,1,1630.0
SC,2019,A,Human,203,26.35
SC,2019,A,Natural,10,1.2000000000000002
SC,2019,B,Human,972,2158.31
SC,2019,B,Missing data/not specified/undetermined,3,4.85
SC,2019,B,Natural,27,65.8
SC,2019,C,Human,141,3586.38
SC,2019,C,Natural,20,593.5
SC,2019,D,Human,5,791.0
SC,2019,D,Natural,3,618.6
SC,2019,E,Human,1,380.0
SC,2019,F,Human,1,1600.0
SC,2020,A,Human,89,11.020000000000001
SC,2020,A,Missing data/not specified/undetermined,4,0.4
SC,2020,A,Natural,1,0.1
SC,2020,B,Human,474,1016.35
SC,2020,B,Missing data/not specified/undetermined,2,1.19
SC,2020,B,Natural,20,54.3
SC,2020,C,Human,50,1128.3
SC,2020,C,Natural,2,55.0
SC,2020,D,Human,3,535.0
SD,1992,A,Human,228,25.25
SD,1992,A,Natural,45,5.45
SD,1992,B,Human,164,330.18
SD,1992,B,Missing data/not specified/undetermined,1,0.5
SD,1992,B,Natural,33,57.2
SD,1992,C,Human,50,1700.1
SD,1992,C,Natural,7,377.0
SD,1992,D,Human,13,2207.0
SD,1992,E,Human,6,2923.0
SD,1992,F,Human,4,11382.0
SD,1992,F,Missing data/not specified/undetermined,1,1435.0
SD,1992,G,Human,2,38969.6
SD,1993,A,Human,212,23.0
SD,1993,A,Missing data/not specified/undetermined,1,0.1
SD,1993,A,Natural,26,3.1
SD,1993,B,Human,134,236.7
SD,1993,B,Natural,22,50.2
SD,1993,C,Human,33,1022.7
SD,1993,C,Natural,2,53.8
SD,1993,D,Human,4,700.7
SD,1993,E,Human,1,711.6
SD,1993,E,Missing data/not specified/undetermined,1,358.0
SD,1993,F,Human,2,2973.4
SD,1994,A,Human,332,37.7
SD,1994,A,Natural,77,9.65
SD,1994,B,Human,248,419.8
SD,1994,B,Natural,82,183.5
SD,1994,C,Human,75,2616.5
SD,1994,C,Natural,34,1195.0
SD,1994,D,Human,10,1446.2
SD,1994,D,Natural,10,1634.7
SD,1994,E,Human,8,3306.0
SD,1994,E,Natural,3,1462.0
SD,1994,F,Human,2,2618.0
SD,1994,F,Natural,1,1591.0
SD,1995,A,Human,296,31.96
SD,1995,A,Missing data/not specified/undetermined,1,0.1
SD,1995,A,Natural,79,8.66
SD,1995,B,Human,171,287.8
SD,1995,B,Missing data/not specified/undetermined,4,7.4
SD,1995,B,Natural,46,99.4
SD,1995,C,Human,33,991.2
SD,1995,C,Natural,22,666.2
SD,1995,D,Human,3,636.4
SD,1995,D,Natural,1,272.0
SD,1995,E,Human,7,4620.1
SD,1995,F,Human,2,2652.0
SD,1996,A,Human,328,34.910000000000004
SD,1996,A,Missing data/not specified/undetermined,1,0.1
SD,1996,A,Natural,78,8.96
SD,1996,B,Human,253,473.35
SD,1996,B,Missing data/not specified/undetermined,7,21.0
SD,1996,B,Natural,63,110.0
SD,1996,C,Human,52,1379.9
SD,1996,C,Missing data/not specified/undetermined,3,90.2
SD,1996,C,Natural,18,586.4
SD,1996,D,Human,17,2497.7
SD,1996,D,Missing data/not specified/undetermined,1,115.0
SD,1996,D,Natural,4,930.0
SD,1996,E,Human,9,6379.0
SD,1996,E,Natural,2,856.5
SD,1996,F,Human,1,1440.0
SD,1996,F,Natural,2,3766.0
SD,1997,A,Human,306,32.550000000000004
SD,1997,A,Natural,36,4.21
SD,1997,B,Human,167,262.8
SD,1997,B,Natural,48,72.95
SD,1997,C,Human,33,637.1
SD,1997,C,Natural,5,166.0
SD,1997,D,Human,8,1069.7
SD,1997,D,Natural,1,107.3
SD,1997,E,Human,3,1966.0
SD,1998,A,Human,350,40.0
SD,1998,A,Missing data/not specified/undetermined,17,4.1
SD,1998,A,Natural,52,5.88
SD,1998,B,Human,235,451.7
SD,1998,B,Missing data/not specified/undetermined,6,13.0
SD,1998,B,Natural,51,95.45
SD,1998,C,Human,51,1293.3
SD,1998,C,Missing data/not specified/undetermined,6,165.0
SD,1998,C,Natural,21,620.0
SD,1998,D,Human,11,1829.4
SD,1998,D,Missing data/not specified/undetermined,1,150.0
SD,1998,D,Natural,3,454.0
SD,1998,E,Human,8,3846.0
SD,1998,E,Natural,2,850.0
SD,1998,F,Human,2,4255.0
SD,1999,A,Human,509,59.542100000000005
SD,1999,A,Missing data/not specified/undetermined,37,4.2232
SD,1999,A,Natural,29,3.46
SD,1999,B,Human,469,968.5
SD,1999,B,Missing data/not specified/undetermined,31,81.8
SD,1999,B,Natural,41,82.4
SD,1999,C,Human,183,4974.0
SD,1999,C,Missing data/not specified/undetermined,21,623.0
SD,1999,C,Natural,19,648.9
SD,1999,D,Human,30,4542.5
SD,1999,D,Missing data/not specified/undetermined,2,360.0
SD,1999,D,Natural,2,335.0
SD,1999,E,Human,14,6682.0
SD,1999,E,Missing data/not specified/undetermined,2,1000.0
SD,1999,E,Natural,1,422.9
SD,1999,F,Human,12,16979.0
SD,1999,F,Missing data/not specified/undetermined,2,3500.0
SD,1999,G,Human,5,39103.0
SD,2000,A,Human,567,63.847
SD,2000,A,Missing data/not specified/undetermined,23,2.964
SD,2000,A,Natural,144,17.612000000000002
SD,2000,B,Human,679,1414.23
SD,2000,B,Missing data/not specified/undetermined,73,134.75
SD,2000,B,Natural,226,518.15
SD,2000,C,Human,245,7542.0
SD,2000,C,Missing data/not specified/undetermined,31,1093.0
SD,2000,C,Natural,101,3065.9
SD,2000,D,Human,47,7882.7
SD,2000,D,Missing data/not specified/undetermined,7,1300.0
SD,2000,D,Natural,21,2983.3
SD,2000,E,Human,35,17027.2
SD,2000,E,Missing data/not specified/undetermined,3,1400.0
SD,2000,E,Natural,22,12194.9
SD,2000,F,Human,14,26178.9
SD,2000,F,Missing data/not specified/undetermined,3,6000.0
SD,2000,F,Natural,14,28196.1
SD,2000,G,Human,7,127439.4
SD,2000,G,Natural,9,110811.1
SD,2001,A,Human,455,51.650000000000006
SD,2001,A,Missing data/not specified/undetermined,12,1.953
SD,2001,A,Natural,102,12.64
SD,2001,B,Human,442,812.72
SD,2001,B,Missing data/not specified/undetermined,34,56.81
SD,2001,B,Natural,103,246.36
SD,2001,C,Human,100,2984.8
SD,2001,C,Missing data/not specified/undetermined,11,378.0
SD,2001,C,Natural,33,998.0
SD,2001,D,Human,12,1842.6
SD,2001,D,Missing data/not specified/undetermined,2,360.0
SD,2001,D,Natural,8,1286.9
SD,2001,E,Human,12,5971.3
SD,2001,E,Natural,2,1300.0
SD,2001,F,Human,7,15670.0
SD,2001,F,Missing data/not specified/undetermined,1,1000.0
SD,2001,G,Human,1,10547.0
SD,2001,G,Natural,1,11740.0
SD,2002,A,Human,662,73.27300000000001
SD,2002,A,Missing data/not specified/undetermined,11,1.9500000000000002
SD,2002,A,Natural,134,15.47
SD,2002,B,Human,641,1117.04
SD,2002,B,Missing data/not specified/undetermined,34,58.05
SD,2002,B,Natural,185,425.73
SD,2002,C,Human,128,3824.0
SD,2002,C,Missing data/not specified/undetermined,13,383.15
SD,2002,C,Natural,63,1985.4
SD,2002,D,Human,25,4016.0
SD,2002,D,Missing data/not specified/undetermined,7,1135.0
SD,2002,D,Natural,12,1644.7
SD,2002,E,Human,14,7448.1
SD,2002,E,Missing data/not specified/undetermined,1,560.0
SD,2002,E,Natural,9,5211.0
SD,2002,F,Human,10,22811.5
SD,2002,F,Missing data/not specified/undetermined,3,3800.0
SD,2002,F,Natural,4,4600.0
SD,2002,G,Human,6,59416.4
SD,2003,A,Human,592,65.92
SD,2003,A,Missing data/not specified/undetermined,43,9.68
SD,2003,A,Natural,117,14.91
SD,2003,B,Human,519,916.8
SD,2003,B,Missing data/not specified/undetermined,36,94.5
SD,2003,B,Natural,125,274.75
SD,2003,C,Human,132,4090.2
SD,2003,C,Missing data/not specified/undetermined,9,366.0
SD,2003,C,Natural,54,1773.6
SD,2003,D,Human,36,5651.8
SD,2003,D,Missing data/not specified/undetermined,4,550.0
SD,2003,D,Natural,12,1704.0
SD,2003,E,Human,21,10686.2
SD,2003,E,Missing data/not specified/undetermined,7,3620.0
SD,2003,E,Natural,8,5334.3
SD,2003,F,Human,8,19264.1
SD,2003,F,Missing data/not specified/undetermined,3,3800.0
SD,2003,F,Natural,3,5707.799999999999
SD,2003,G,Natural,1,17568.0
SD,2004,A,Human,664,72.36
SD,2004,A,Missing data/not specified/undetermined,6,0.9
SD,2004,A,Natural,123,15.99
SD,2004,B,Human,383,677.8
SD,2004,B,Missing data/not specified/undetermined,7,11.0
SD,2004,B,Natural,103,224.95
SD,2004,C,Human,51,1508.2
SD,2004,C,Natural,11,383.3
SD,2004,D,Human,9,1305.1
SD,2004,D,Missing data/not specified/undetermined,2,256.0
SD,2004,D,Natural,3,326.2
SD,2004,E,Human,7,2990.0
SD,2004,E,Missing data/not specified/undetermined,2,1075.0
SD,2004,E,Natural,3,2006.0
SD,2004,F,Human,1,1200.0
SD,2004,F,Missing data/not specified/undetermined,1,1400.0
SD,2004,F,Natural,1,1200.0
SD,2005,A,Human,672,73.86
SD,2005,A,Missing data/not specified/undetermined,16,2.45
SD,2005,A,Natural,119,14.530000000000001
SD,2005,B,Human,451,771.76
SD,2005,B,Missing data/not specified/undetermined,48,99.59
SD,2005,B,Natural,180,366.36
SD,2005,C,Human,124,3637.98
SD,2005,C,Missing data/not specified/undetermined,20,684.0
SD,2005,C,Natural,53,1382.5
SD,2005,D,Human,30,3802.2
SD,2005,D,Missing data/not specified/undetermined,6,876.0
SD,2005,D,Natural,12,2131.1
SD,2005,E,Human,6,3255.8
SD,2005,E,Natural,16,8170.3
SD,2005,F,Missing data/not specified/undetermined,1,1500.0
SD,2005,F,Natural,6,10791.0
SD,2005,G,Natural,1,5000.0
SD,2006,A,Human,903,103.4
SD,2006,A,Missing data/not specified/undetermined,25,3.42
SD,2006,A,Natural,169,21.84
SD,2006,B,Human,622,1103.42
SD,2006,B,Missing data/not specified/undetermined,71,164.25
SD,2006,B,Natural,297,741.39
SD,2006,C,Human,136,3878.23
SD,2006,C,Missing data/not specified/undetermined,20,709.27
SD,2006,C,Natural,190,6615.33
SD,2006,D,Human,34,5725.7
SD,2006,D,Missing data/not specified/undetermined,1,100.0
SD,2006,D,Natural,79,13050.4
SD,2006,E,Human,15,8277.6
SD,2006,E,Missing data/not specified/undetermined,4,2090.0
SD,2006,E,Natural,43,22872.6
SD,2006,F,Human,3,5593.0
SD,2006,F,Missing data/not specified/undetermined,1,3000.0
SD,2006,F,Natural,26,57293.3
SD,2006,G,Natural,7,66227.4
SD,2007,A,Human,669,77.56
SD,2007,A,Missing data/not specified/undetermined,19,3.21
SD,2007,A,Natural,129,15.96
SD,2007,B,Human,403,695.22
SD,2007,B,Missing data/not specified/undetermined,37,67.75
SD,2007,B,Natural,110,201.74
SD,2007,C,Human,123,4047.44
SD,2007,C,Missing data/not specified/undetermined,11,400.0
SD,2007,C,Natural,52,1907.22
SD,2007,D,Human,21,3279.0
SD,2007,D,Missing data/not specified/undetermined,1,160.0
SD,2007,D,Natural,11,1640.79
SD,2007,E,Human,15,8254.0
SD,2007,E,Missing data/not specified/undetermined,2,716.0
SD,2007,E,Natural,11,4800.0
SD,2007,F,Human,5,8939.0
SD,2007,F,Natural,5,8124.3
SD,2007,G,Human,1,22454.0
SD,2007,G,Natural,2,15324.0
SD,2008,A,Human,450,49.220000000000006
SD,2008,A,Missing data/not specified/undetermined,17,2.2800000000000002
SD,2008,A,Natural,61,6.79
SD,2008,B,Human,351,617.65
SD,2008,B,Missing data/not specified/undetermined,33,72.44
SD,2008,B,Natural,64,128.22
SD,2008,C,Human,124,4548.65
SD,2008,C,Missing data/not specified/undetermined,5,150.0
SD,2008,C,Natural,8,193.8
SD,2008,D,Human,38,6371.8
SD,2008,E,Human,25,12228.5
SD,2008,E,Missing data/not specified/undetermined,1,650.0
SD,2008,F,Human,13,16401.0
SD,2009,A,Human,345,37.791000000000004
SD,2009,A,Missing data/not specified/undetermined,10,0.73
SD,2009,A,Natural,91,10.18
SD,2009,B,Human,263,573.4
SD,2009,B,Missing data/not specified/undetermined,15,29.62
SD,2009,B,Natural,57,103.47
SD,2009,C,Human,99,3236.1
SD,2009,C,Missing data/not specified/undetermined,15,423.2
SD,2009,C,Natural,6,205.0
SD,2009,D,Human,44,6971.63
SD,2009,D,Missing data/not specified/undetermined,1,150.0
SD,2009,E,Human,32,16007.65
SD,2009,F,Human,6,10960.0
SD,2010,A,Human,513,60.541000000000004
SD,2010,A,Natural,65,7.7
SD,2010,B,Human,351,717.92
SD,2010,B,Missing data/not specified/undetermined,1,3.3
SD,2010,B,Natural,48,82.15
SD,2010,C,Human,91,2758.96
SD,2010,C,Natural,15,401.9
SD,2010,D,Human,10,1574.3
SD,2010,D,Natural,1,250.0
SD,2010,E,Human,4,1902.0
SD,2010,E,Natural,1,537.0
SD,2010,F,Human,1,2100.0
SD,2011,A,Human,439,52.996
SD,2011,A,Natural,142,16.86
SD,2011,B,Human,494,1033.11
SD,2011,B,Natural,97,189.87
SD,2011,C,Human,183,5295.65
SD,2011,C,Natural,27,995.11
SD,2011,D,Human,24,3372.0
SD,2011,D,Natural,2,333.0
SD,2011,E,Human,9,4790.9
SD,2011,E,Natural,4,1629.98
SD,2011,F,Human,6,11400.0
SD,2011,F,Natural,1,3213.0
SD,2011,G,Human,2,28500.0
SD,2011,G,Natural,1,5214.0
SD,2012,A,Human,865,104.634
SD,2012,A,Missing data/not specified/undetermined,1,0.1
SD,2012,A,Natural,227,25.53
SD,2012,B,Human,872,1891.97
SD,2012,B,Natural,215,493.39
SD,2012,C,Human,324,9611.39
SD,2012,C,Missing data/not specified/undetermined,2,74.0
SD,2012,C,Natural,81,2766.1
SD,2012,D,Human,65,10372.77
SD,2012,D,Natural,14,2286.7
SD,2012,E,Human,28,13245.2
SD,2012,E,Natural,12,6594.9
SD,2012,F,Human,8,17547.0
SD,2012,F,Natural,6,10927.7
SD,2012,G,Human,3,33339.0
SD,2012,G,Natural,3,61186.0
SD,2013,A,Human,503,56.13801
SD,2013,A,Natural,118,12.74
SD,2013,B,Human,276,517.38
SD,2013,B,Natural,36,55.410000000000004
SD,2013,C,Human,75,2002.9
SD,2013,C,Natural,5,144.4
SD,2013,D,Human,6,887.5
SD,2013,E,Human,2,705.0
SD,2013,G,Human,1,10679.7
SD,2014,A,Human,472,60.57
SD,2014,A,Natural,53,6.28
SD,2014,B,Human,328,689.36
SD,2014,B,Natural,26,38.53
SD,2014,C,Human,105,3113.3
SD,2014,C,Natural,3,123.5
SD,2014,D,Human,21,2992.4
SD,2014,D,Natural,3,510.0
SD,2014,E,Human,5,3090.0
SD,2014,F,Human,6,6886.0
SD,2014,F,Natural,1,1236.0
SD,2015,A,Human,390,45.910000000000004
SD,2015,A,Natural,49,5.95
SD,2015,B,Human,331,689.28
SD,2015,B,Missing data/not specified/undetermined,1,1.2
SD,2015,B,Natural,29,65.9
SD,2015,C,Human,111,3293.52
SD,2015,C,Natural,10,350.6
SD,2015,D,Human,20,3481.2
SD,2015,D,Natural,1,117.0
SD,2015,E,Human,15,7996.1
SD,2015,E,Natural,1,348.3
SD,2015,F,Human,4,10929.0
SD,2015,F,Natural,1,1745.0
SD,2015,G,Human,2,10548.0
SD,2015,G,Natural,1,13949.5
SD,2016,A,Human,526,59.939
SD,2016,A,Natural,106,12.88
SD,2016,B,Human,371,741.34
SD,2016,B,Natural,123,272.13
SD,2016,C,Human,107,3476.82
SD,2016,C,Natural,44,1084.35
SD,2016,D,Human,23,4095.3
SD,2016,D,Natural,8,1265.9
SD,2016,E,Human,5,3065.0
SD,2016,E,Natural,8,4358.15
SD,2016,F,Human,3,6157.0
SD,2016,F,Natural,1,2734.0
SD,2016,G,Human,1,41360.0
SD,2016,G,Natural,2,33133.5
SD,2017,A,Human,714,81.77510000000001
SD,2017,A,Natural,93,10.902000000000001
SD,2017,B,Human,368,766.83
SD,2017,B,Missing data/not specified/undetermined,1,3.5
SD,2017,B,Natural,133,304.49
SD,2017,C,Human,111,3582.85
SD,2017,C,Natural,45,1310.8
SD,2017,D,Human,16,2670.8
SD,2017,D,Natural,6,941.41
SD,2017,E,Human,1,320.0
SD,2017,E,Natural,3,1271.1999999999998
SD,2017,F,Human,2,3661.0
SD,2017,F,Natural,1,2133.0
SD,2017,G,Human,2,59328.0
SD,2018,A,Human,265,30.830000000000002
SD,2018,A,Natural,38,4.59
SD,2018,B,Human,170,346.87
SD,2018,B,Natural,39,80.69
SD,2018,C,Human,56,1482.18
SD,2018,C,Natural,13,380.03000000000003
SD,2018,D,Human,5,826.0
SD,2018,D,Natural,1,100.0
SD,2018,E,Human,5,2491.0
SD,2019,A,Human,176,20.560000000000002
SD,2019,A,Natural,41,5.0600000000000005
SD,2019,B,Human,79,164.7
SD,2019,B,Natural,20,39.55
SD,2019,C,Human,13,516.5
SD,2019,C,Natural,2,73.06
SD,2019,D,Human,1,248.9
SD,2019,D,Natural,1,140.0
SD,2019,E,Human,1,919.0
SD,2020,A,Human,583,67.95
SD,2020,A,Missing data/not specified/undetermined,14,1.6
SD,2020,A,Natural,60,7.0
SD,2020,B,Human,349,739.64
SD,2020,B,Missing data/not specified/undetermined,8,9.2
SD,2020,B,Natural,54,121.97
SD,2020,C,Human,131,4317.86
SD,2020,C,Missing data/not specified/undetermined,3,109.6
SD,2020,C,Natural,21,601.66
SD,2020,D,Human,18,2908.47
SD,2020,D,Missing data/not specified/undetermined,1,192.43
SD,2020,D,Natural,3,587.3
SD,2020,E,Human,11,6543.0
SD,2020,E,Natural,6,2801.0
SD,2020,F,Human,3,5233.0
SD,2020,F,Natural,1,3380.0
TN,1992,A,Human,9,1.3
TN,1992,A,Natural,1,0.1
TN,1992,B,Human,30,90.6
TN,1992,B,Natural,2,4.0
TN,1992,C,Human,13,333.6
TN,1993,A,Human,22,2.6
TN,1993,A,Natural,6,0.6000000000000001
TN,1993,B,Human,18,39.7
TN,1993,B,Natural,4,8.5
TN,1993,C,Human,10,255.0
TN,1993,C,Natural,4,160.0
TN,1993,E,Human,1,400.0
TN,1994,A,Human,14,1.6
TN,1994,B,Human,33,113.0
TN,1994,C,Human,22,517.6
TN,1994,D,Human,1,188.0
TN,1994,E,Human,2,1195.0
TN,1994,F,Human,1,1285.0
TN,1995,A,Human,21,2.2
TN,1995,A,Natural,1,0.1
TN,1995,B,Human,42,106.4
TN,1995,B,Missing data/not specified/undetermined,1,0.5
TN,1995,B,Natural,6,21.8
TN,1995,C,Human,27,742.2
TN,1995,C,Natural,3,82.0
TN,1995,D,Human,2,458.0
TN,1995,D,Natural,2,306.0
TN,1995,E,Human,1,330.0
TN,1996,A,Human,14,1.4000000000000001
TN,1996,A,Missing data/not specified/undetermined,2,0.30000000000000004
TN,1996,B,Human,25,53.1
TN,1996,C,Human,15,429.3
TN,1997,A,Human,186,23.700000000000003
TN,1997,A,Natural,2,0.4
TN,1997,B,Human,922,2189.7
TN,1997,B,Missing data/not specified/undetermined,1,0.5
TN,1997,B,Natural,6,16.5
TN,1997,C,Human,248,6029.9
TN,1997,C,Natural,2,100.0
TN,1997,D,Human,23,3303.0
TN,1997,D,Natural,1,200.0
TN,1997,E,Human,3,1180.0
TN,1998,A,Human,332,41.6
TN,1998,A,Natural,4,0.4
TN,1998,B,Human,1121,2704.3
TN,1998,B,Natural,1,5.0
TN,1998,C,Human,342,8704.4
TN,1998,D,Human,26,4170.0
TN,1998,D,Natural,2,438.0
TN,1998,E,Human,8,4793.4
TN,1999,A,Human,628,79.2
TN,1999,A,Natural,5,0.6000000000000001
TN,1999,B,Human,2102,5292.4
TN,1999,B,Natural,14,62.4
TN,1999,C,Human,624,17128.7
TN,1999,C,Natural,3,88.0
TN,1999,D,Human,62,9628.1
TN,1999,E,Human,14,6969.0
TN,1999,E,Natural,1,523.0
TN,1999,F,Human,1,2480.0
TN,2000,A,Human,414,51.7
TN,2000,A,Natural,11,1.3
TN,2000,B,Human,1547,3824.3
TN,2000,B,Missing data/not specified/undetermined,1,1.5
TN,2000,B,Natural,8,19.8
TN,2000,C,Human,605,16265.2
TN,2000,C,Natural,9,247.0
TN,2000,D,Human,50,8247.4
TN,2000,D,Natural,2,232.0
TN,2000,E,Human,11,6400.0
TN,2000,E,Missing data/not specified/undetermined,1,350.0
TN,2000,F,Human,14,32222.0
TN,2000,G,Human,1,8134.0
TN,2001,A,Human,392,48.900000000000006
TN,2001,A,Natural,4,0.4
TN,2001,B,Human,1548,4151.6
TN,2001,B,Natural,5,16.3
TN,2001,C,Human,464,13257.5
TN,2001,C,Natural,3,99.0
TN,2001,D,Human,77,12662.5
TN,2001,E,Human,16,7722.9
TN,2001,F,Human,12,24182.0
TN,2002,A,Human,235,30.5
TN,2002,A,Natural,4,0.5
TN,2002,B,Human,962,2357.1
TN,2002,B,Natural,7,26.2
TN,2002,C,Human,245,5983.1
TN,2002,C,Natural,9,286.0
TN,2002,D,Human,19,2557.3
TN,2002,E,Human,2,728.0
TN,2002,E,Natural,1,360.0
TN,2002,F,Human,1,1025.0
TN,2003,A,Human,4,0.4
TN,2003,B,Human,9,27.4
TN,2003,C,Human,13,355.0
TN,2003,D,Human,3,480.0
TN,2003,E,Human,2,749.4
TN,2004,A,Human,12,1.6500000000000001
TN,2004,B,Human,37,131.4
TN,2004,B,Missing data/not specified/undetermined,1,1.8
TN,2004,C,Human,11,389.5
TN,2004,C,Natural,1,75.4
TN,2004,D,Human,6,1034.0
TN,2004,E,Human,1,833.0
TN,2005,A,Human,296,37.95
TN,2005,A,Natural,6,0.7000000000000001
TN,2005,B,Human,1361,3500.95
TN,2005,B,Natural,3,5.0
TN,2005,C,Human,324,8907.5
TN,2005,D,Human,44,7046.9
TN,2005,E,Human,6,3354.0
TN,2005,F,Human,1,2000.0
TN,2006,A,Human,258,32.5
TN,2006,A,Natural,13,1.3
TN,2006,B,Human,1440,3747.7
TN,2006,B,Natural,10,19.900000000000002
TN,2006,C,Human,403,11414.9
TN,2006,C,Natural,4,115.0
TN,2006,D,Human,35,6016.5
TN,2006,D,Natural,1,200.0
TN,2006,E,Human,17,9298.0
TN,2006,E,Natural,1,913.0
TN,2006,F,Natural,1,1024.0
TN,2007,A,Human,505,66.51
TN,2007,A,Missing data/not specified/undetermined,34,3.7
TN,2007,A,Natural,28,3.5
TN,2007,B,Human,2011,5231.96
TN,2007,B,Missing data/not specified/undetermined,22,58.7
TN,2007,B,Natural,41,103.9
TN,2007,C,Human,603,16510.43
TN,2007,C,Missing data/not specified/undetermined,5,176.0
TN,2007,C,Natural,29,895.5
TN,2007,D,Human,92,16031.13
TN,2007,D,Missing data/not specified/undetermined,2,300.0
TN,2007,D,Natural,4,709.5
TN,2007,E,Human,10,5729.0
TN,2007,E,Natural,1,585.0
TN,2007,F,Human,5,5795.0
TN,2007,F,Natural,1,2115.0
TN,2008,A,Human,192,25.05
TN,2008,A,Missing data/not specified/undetermined,44,6.4
TN,2008,A,Natural,10,1.25
TN,2008,B,Human,630,1458.93
TN,2008,B,Missing data/not specified/undetermined,273,774.29
TN,2008,B,Natural,13,35.95
TN,2008,C,Human,127,3167.63
TN,2008,C,Missing data/not specified/undetermined,98,2916.17
TN,2008,C,Natural,5,188.0
TN,2008,D,Human,10,1896.2
TN,2008,D,Missing data/not specified/undetermined,11,1626.0
TN,2008,D,Natural,2,311.0
TN,2008,E,Human,5,2188.6
TN,2008,E,Missing data/not specified/undetermined,2,693.0
TN,2008,E,Natural,2,914.0
TN,2008,F,Human,3,4442.0
TN,2008,F,Natural,1,2000.0
TN,2009,A,Human,273,33.32
TN,2009,A,Missing data/not specified/undetermined,10,1.0
TN,2009,A,Natural,2,0.2
TN,2009,B,Human,900,2397.65
TN,2009,B,Missing data/not specified/undetermined,12,30.4
TN,2009,C,Human,236,6352.0
TN,2009,C,Missing data/not specified/undetermined,4,109.9
TN,2009,C,Natural,2,51.5
TN,2009,D,Human,30,4938.3
TN,2009,E,Human,8,4224.8
TN,2010,A,Human,287,38.31
TN,2010,A,Missing data/not specified/undetermined,5,0.5
TN,2010,A,Natural,8,0.9
TN,2010,B,Human,1196,2926.87
TN,2010,B,Missing data/not specified/undetermined,26,85.8
TN,2010,B,Natural,8,27.0
TN,2010,C,Human,324,8400.47
TN,2010,C,Missing data/not specified/undetermined,9,175.0
TN,2010,C,Natural,4,145.0
TN,2010,D,Human,24,4070.6
TN,2010,D,Natural,3,731.0
TN,2010,E,Human,9,4292.0
TN,2010,F,Human,1,1200.0
TN,2011,A,Human,186,23.8
TN,2011,A,Missing data/not specified/undetermined,7,0.8
TN,2011,A,Natural,8,1.05
TN,2011,B,Human,730,1954.75
TN,2011,B,Missing data/not specified/undetermined,7,26.9
TN,2011,B,Natural,10,30.8
TN,2011,C,Human,210,5830.9
TN,2011,C,Missing data/not specified/undetermined,7,214.2
TN,2011,C,Natural,4,286.6
TN,2011,D,Human,21,3660.2
TN,2011,D,Natural,2,308.0
TN,2011,E,Natural,2,1065.0
TN,2011,F,Human,1,1384.0
TN,2012,A,Human,204,25.400000000000002
TN,2012,A,Missing data/not specified/undetermined,6,0.7000000000000001
TN,2012,A,Natural,22,2.45
TN,2012,B,Human,712,1762.34
TN,2012,B,Missing data/not specified/undetermined,8,36.6
TN,2012,B,Natural,17,34.3
TN,2012,C,Human,176,4434.4
TN,2012,C,Missing data/not specified/undetermined,3,60.0
TN,2012,C,Natural,17,508.5
TN,2012,D,Human,23,3887.5
TN,2012,D,Natural,2,392.0
TN,2012,E,Human,9,5152.0
TN,2012,E,Natural,1,431.0
TN,2012,F,Human,3,5001.0
TN,2013,A,Human,88,11.4
TN,2013,A,Natural,8,0.7100000000000001
TN,2013,B,Human,386,1085.2
TN,2013,B,Missing data/not specified/undetermined,2,6.0
TN,2013,B,Natural,5,12.6
TN,2013,C,Human,129,3604.6
TN,2013,C,Missing data/not specified/undetermined,4,93.5
TN,2013,C,Natural,1,14.0
TN,2013,D,Human,9,1701.4
TN,2013,E,Human,6,3527.8
TN,2014,A,Human,76,10.55
TN,2014,A,Missing data/not specified/undetermined,1,0.1
TN,2014,A,Natural,3,0.30000000000000004
TN,2014,B,Human,819,2422.82
TN,2014,B,Natural,8,25.5
TN,2014,C,Human,322,7961.3
TN,2014,C,Natural,3,43.0
TN,2014,D,Human,22,3813.8
TN,2014,E,Human,5,2539.4
TN,2014,F,Human,1,1056.0
TN,2015,A,Human,80,9.46
TN,2015,A,Natural,6,0.6000000000000001
TN,2015,B,Human,359,1008.7
TN,2015,B,Missing data/not specified/undetermined,6,17.2
TN,2015,B,Natural,2,0.9
TN,2015,C,Human,144,4113.5
TN,2015,C,Missing data/not specified/undetermined,1,14.0
TN,2015,D,Human,10,1764.6
TN,2015,E,Human,4,1596.0
TN,2016,A,Human,157,20.060000000000002
TN,2016,A,Missing data/not specified/undetermined,3,0.4
TN,2016,A,Natural,3,0.30000000000000004
TN,2016,B,Human,801,2104.82
TN,2016,B,Missing data/not specified/undetermined,8,18.2
TN,2016,B,Natural,10,35.6
TN,2016,C,Human,273,7841.0
TN,2016,C,Missing data/not specified/undetermined,5,97.5
TN,2016,C,Natural,8,277.1
TN,2016,D,Human,78,12905.1
TN,2016,D,Missing data/not specified/undetermined,2,425.0
TN,2016,D,Natural,1,130.0
TN,2016,E,Human,43,25415.1
TN,2016,E,Missing data/not specified/undetermined,1,790.0
TN,2016,F,Human,4,6930.0
TN,2016,F,Missing data/not specified/undetermined,4,5287.0
TN,2016,G,Human,2,27726.0
TN,2017,A,Human,53,6.6000000000000005
TN,2017,A,Missing data/not specified/undetermined,2,0.2
TN,2017,A,Natural,4,0.4
TN,2017,B,Human,423,1288.35
TN,2017,B,Missing data/not specified/undetermined,10,40.6
TN,2017,B,Natural,6,16.0
TN,2017,C,Human,121,2934.5
TN,2017,C,Missing data/not specified/undetermined,5,71.3
TN,2017,C,Natural,2,31.0
TN,2017,D,Human,12,2153.9
TN,2017,D,Missing data/not specified/undetermined,2,318.0
TN,2017,E,Human,2,891.0
TN,2017,E,Missing data/not specified/undetermined,1,716.0
TN,2018,A,Human,61,8.05
TN,2018,A,Missing data/not specified/undetermined,5,0.6000000000000001
TN,2018,A,Natural,2,0.2
TN,2018,B,Human,228,651.4
TN,2018,B,Missing data/not specified/undetermined,37,118.3
TN,2018,C,Human,53,1452.6
TN,2018,C,Missing data/not specified/undetermined,17,593.9
TN,2018,C,Natural,2,26.0
TN,2018,D,Human,3,510.20000000000005
TN,2018,D,Missing data/not specified/undetermined,4,568.0
TN,2019,A,Human,67,7.75
TN,2019,A,Missing data/not specified/undetermined,8,1.0
TN,2019,A,Natural,5,0.5
TN,2019,B,Human,246,677.74
TN,2019,B,Missing data/not specified/undetermined,96,233.2
TN,2019,B,Natural,5,21.2
TN,2019,C,Human,60,1472.4
TN,2019,C,Missing data/not specified/undetermined,35,922.0
TN,2019,C,Natural,1,10.0
TN,2019,D,Human,4,538.0
TN,2019,D,Missing data/not specified/undetermined,7,1033.0
TN,2019,E,Missing data/not specified/undetermined,1,310.0
TN,2020,A,Human,73,8.57
TN,2020,A,Missing data/not specified/undetermined,8,0.65
TN,2020,B,Human,186,488.11
TN,2020,B,Missing data/not specified/undetermined,35,111.7
TN,2020,B,Natural,1,3.9
TN,2020,C,Human,51,1159.08
TN,2020,C,Missing data/not specified/undetermined,21,636.3
TN,2020,D,Human,7,877.0
TN,2020,D,Missing data/not specified/undetermined,3,440.0
TX,1992,A,Human,19,2.5
TX,1992,A,Natural,9,0.9
TX,1992,B,Human,722,2065.6
TX,1992,B,Missing data/not specified/undetermined,9,10.5
TX,1992,B,Natural,15,30.5
TX,1992,C,Human,362,9825.0
TX,1992,C,Natural,4,81.5
TX,1992,D,Human,12,1895.5
TX,1992,D,Missing data/not specified/undetermined,1,110.0
TX,1992,D,Natural,4,751.4
TX,1992,E,Human,1,560.0
TX,1992,E,Missing data/not specified/undetermined,4,2176.0
TX,1992,F,Human,1,1200.0
TX,1992,F,Missing data/not specified/undetermined,2,2400.0
TX,1992,F,Natural,2,3500.9
TX,1992,G,Missing data/not specified/undetermined,1,9000.0
TX,1993,A,Human,41,4.9
TX,1993,A,Missing data/not specified/undetermined,2,0.2
TX,1993,A,Natural,8,0.9
TX,1993,B,Human,832,2495.7
TX,1993,B,Missing data/not specified/undetermined,20,44.8
TX,1993,B,Natural,23,61.7
TX,1993,C,Human,452,13060.5
TX,1993,C,Missing data/not specified/undetermined,5,187.6
TX,1993,C,Natural,15,538.0
TX,1993,D,Human,30,4561.0
TX,1993,D,Missing data/not specified/undetermined,1,110.0
TX,1993,D,Natural,3,360.0
TX,1993,E,Human,10,4829.8
TX,1993,E,Missing data/not specified/undetermined,1,531.0
TX,1993,E,Natural,1,481.9
TX,1993,F,Human,2,2508.0
TX,1993,F,Missing data/not specified/undetermined,3,9808.0
TX,1993,F,Natural,2,5694.7
TX,1993,G,Human,1,6510.0
TX,1993,G,Missing data/not specified/undetermined,5,65085.0
TX,1994,A,Human,39,4.7
TX,1994,A,Missing data/not specified/undetermined,1,0.2
TX,1994,A,Natural,17,1.9000000000000001
TX,1994,B,Human,549,1654.0
TX,1994,B,Missing data/not specified/undetermined,5,18.0
TX,1994,B,Natural,15,38.5
TX,1994,C,Human,238,6886.1
TX,1994,C,Missing data/not specified/undetermined,4,226.6
TX,1994,C,Natural,8,186.5
TX,1994,D,Human,11,2107.0
TX,1994,D,Missing data/not specified/undetermined,2,395.0
TX,1994,E,Human,8,4836.0
TX,1994,E,Natural,2,675.0
TX,1994,F,Human,1,3190.0
TX,1994,F,Missing data/not specified/undetermined,2,2050.0
TX,1994,F,Natural,1,3774.0
TX,1994,G,Human,2,23312.0
TX,1994,G,Missing data/not specified/undetermined,1,15312.0
TX,1994,G,Natural,1,6250.0
TX,1995,A,Human,37,4.800000000000001
TX,1995,A,Natural,10,1.0
TX,1995,B,Human,1055,3231.0
TX,1995,B,Missing data/not specified/undetermined,18,62.5
TX,1995,B,Natural,18,56.0
TX,1995,C,Human,444,11557.5
TX,1995,C,Missing data/not specified/undetermined,3,71.0
TX,1995,C,Natural,12,415.5
TX,1995,D,Human,26,4226.0
TX,1995,D,Missing data/not specified/undetermined,1,150.0
TX,1995,D,Natural,4,548.0
TX,1995,E,Human,8,3833.5
TX,1995,E,Natural,2,767.4
TX,1995,F,Human,6,12874.0
TX,1995,F,Missing data/not specified/undetermined,1,1414.0
TX,1995,F,Natural,1,1078.9
TX,1995,G,Human,1,6670.0
TX,1995,G,Missing data/not specified/undetermined,1,9410.0
TX,1996,A,Human,37,4.6000000000000005
TX,1996,A,Missing data/not specified/undetermined,3,0.30000000000000004
TX,1996,A,Natural,11,1.1
TX,1996,B,Human,1527,4771.1
TX,1996,B,Missing data/not specified/undetermined,41,127.5
TX,1996,B,Natural,63,199.1
TX,1996,C,Human,923,28739.0
TX,1996,C,Missing data/not specified/undetermined,17,580.6
TX,1996,C,Natural,45,1468.6
TX,1996,D,Human,91,14984.0
TX,1996,D,Missing data/not specified/undetermined,1,189.0
TX,1996,D,Natural,7,1338.0
TX,1996,E,Human,51,24349.1
TX,1996,E,Missing data/not specified/undetermined,2,1230.0
TX,1996,E,Natural,3,1256.0
TX,1996,F,Human,10,19216.0
TX,1996,F,Missing data/not specified/undetermined,2,2593.0
TX,1996,G,Human,2,18388.0
TX,1996,G,Missing data/not specified/undetermined,6,96488.0
TX,1997,A,Human,26,3.2
TX,1997,A,Natural,23,2.4000000000000004
TX,1997,B,Human,435,1255.2
TX,1997,B,Missing data/not specified/undetermined,8,30.5
TX,1997,B,Natural,14,35.0
TX,1997,C,Human,215,6046.9
TX,1997,C,Missing data/not specified/undetermined,4,75.0
TX,1997,C,Natural,11,417.2
TX,1997,D,Human,10,1416.0
TX,1997,D,Natural,7,1050.0
TX,1997,E,Human,6,2872.8
TX,1997,E,Natural,3,1764.9
TX,1997,F,Human,3,7000.0
TX,1997,F,Natural,2,4850.8
TX,1997,G,Missing data/not specified/undetermined,2,19960.0
TX,1998,A,Human,32,4.1000000000000005
TX,1998,A,Natural,13,1.4000000000000001
TX,1998,B,Human,1246,3339.6
TX,1998,B,Missing data/not specified/undetermined,5,11.8
TX,1998,B,Natural,137,364.5
TX,1998,C,Human,435,11736.0
TX,1998,C,Missing data/not specified/undetermined,6,262.0
TX,1998,C,Natural,66,2060.0
TX,1998,D,Human,46,7658.7
TX,1998,D,Missing data/not specified/undetermined,3,348.0
TX,1998,D,Natural,12,2207.0
TX,1998,E,Human,6,3629.0
TX,1998,E,Missing data/not specified/undetermined,4,1937.5
TX,1998,E,Natural,4,1705.0
TX,1998,F,Human,4,6658.0
TX,1998,F,Missing data/not specified/undetermined,1,1602.0
TX,1998,G,Human,2,25000.0
TX,1998,G,Missing data/not specified/undetermined,2,68026.0
TX,1999,A,Human,32,3.7
TX,1999,A,Missing data/not specified/undetermined,5,0.5
TX,1999,A,Natural,9,0.9
TX,1999,B,Human,1205,3402.8
TX,1999,B,Missing data/not specified/undetermined,13,35.4
TX,1999,B,Natural,38,87.5
TX,1999,C,Human,390,10950.2
TX,1999,C,Missing data/not specified/undetermined,4,165.0
TX,1999,C,Natural,21,723.2
TX,1999,D,Human,31,5047.0
TX,1999,D,Missing data/not specified/undetermined,1,200.0
TX,1999,D,Natural,2,200.0
TX,1999,E,Human,9,4000.0
TX,1999,E,Missing data/not specified/undetermined,3,1590.0
TX,1999,E,Natural,2,1300.0
TX,1999,F,Human,4,6350.0
TX,1999,F,Missing data/not specified/undetermined,3,5513.0
TX,1999,F,Natural,1,1319.0
TX,1999,G,Human,3,41213.0
TX,1999,G,Missing data/not specified/undetermined,1,8927.0
TX,2000,A,Human,33,4.0
TX,2000,A,Missing data/not specified/undetermined,4,0.5
TX,2000,A,Natural,17,2.0
TX,2000,B,Human,1584,4558.6
TX,2000,B,Missing data/not specified/undetermined,22,41.9
TX,2000,B,Natural,123,399.0
TX,2000,C,Human,615,17467.7
TX,2000,C,Missing data/not specified/undetermined,7,265.0
TX,2000,C,Natural,75,2938.1
TX,2000,D,Human,68,11318.0
TX,2000,D,Missing data/not specified/undetermined,7,1319.0
TX,2000,D,Natural,17,2875.5
TX,2000,E,Human,26,11756.0
TX,2000,E,Missing data/not specified/undetermined,6,3186.0
TX,2000,E,Natural,6,3025.0
TX,2000,F,Human,9,13909.0
TX,2000,F,Missing data/not specified/undetermined,1,1000.0
TX,2000,F,Natural,5,9344.0
TX,2000,G,Human,3,55864.0
TX,2000,G,Natural,5,86205.0
TX,2001,A,Human,35,3.8000000000000003
TX,2001,A,Missing data/not specified/undetermined,6,0.6000000000000001
TX,2001,A,Natural,13,1.4000000000000001
TX,2001,B,Human,467,1353.3
TX,2001,B,Missing data/not specified/undetermined,13,35.0
TX,2001,B,Natural,24,67.4
TX,2001,C,Human,151,4006.8
TX,2001,C,Missing data/not specified/undetermined,12,331.8
TX,2001,C,Natural,5,111.8
TX,2001,D,Human,16,2596.0
TX,2001,D,Missing data/not specified/undetermined,2,216.5
TX,2001,D,Natural,4,839.0
TX,2001,E,Human,8,3784.9
TX,2001,E,Missing data/not specified/undetermined,1,451.2
TX,2001,E,Natural,2,1280.0
TX,2001,F,Human,4,8345.0
TX,2001,F,Missing data/not specified/undetermined,1,1100.0
TX,2001,F,Natural,4,10070.7
TX,2001,G,Missing data/not specified/undetermined,3,57631.0
TX,2002,A,Human,62,9.600000000000001
TX,2002,A,Missing data/not specified/undetermined,9,1.7000000000000002
TX,2002,A,Natural,21,2.4000000000000004
TX,2002,B,Human,674,2028.2
TX,2002,B,Missing data/not specified/undetermined,35,91.5
TX,2002,B,Natural,21,64.9
TX,2002,C,Human,318,8713.6
TX,2002,C,Missing data/not specified/undetermined,26,795.2
TX,2002,C,Natural,16,447.0
TX,2002,D,Human,17,2787.6
TX,2002,D,Missing data/not specified/undetermined,2,300.3
TX,2002,D,Natural,4,660.0
TX,2002,E,Human,9,4735.3
TX,2002,E,Missing data/not specified/undetermined,1,436.0
TX,2002,E,Natural,3,1121.0
TX,2002,F,Human,4,9300.0
TX,2002,F,Missing data/not specified/undetermined,4,6361.3
TX,2002,F,Natural,2,5918.0
TX,2003,A,Human,82,13.05
TX,2003,A,Missing data/not specified/undetermined,5,0.8
TX,2003,A,Natural,6,0.6000000000000001
TX,2003,B,Human,667,1969.3
TX,2003,B,Missing data/not specified/undetermined,17,46.5
TX,2003,B,Natural,24,82.0
TX,2003,C,Human,272,7163.6
TX,2003,C,Missing data/not specified/undetermined,6,128.7
TX,2003,C,Natural,7,169.1
TX,2003,D,Human,25,3762.5
TX,2003,D,Missing data/not specified/undetermined,3,495.0
TX,2003,D,Natural,4,652.5
TX,2003,E,Human,10,4649.0
TX,2003,E,Missing data/not specified/undetermined,1,620.0
TX,2003,E,Natural,8,3655.0
TX,2003,F,Human,1,1000.0
TX,2003,F,Missing data/not specified/undetermined,1,3056.0
TX,2003,F,Natural,5,9947.5
TX,2003,G,Missing data/not specified/undetermined,1,5668.0
TX,2003,G,Natural,1,11015.0
TX,2004,A,Human,66,10.600000000000001
TX,2004,A,Missing data/not specified/undetermined,6,0.8
TX,2004,A,Natural,9,0.9
TX,2004,B,Human,614,1781.8
TX,2004,B,Missing data/not specified/undetermined,17,40.9
TX,2004,B,Natural,10,20.5
TX,2004,C,Human,261,7301.1
TX,2004,C,Missing data/not specified/undetermined,8,196.2
TX,2004,C,Natural,8,245.1
TX,2004,D,Human,19,2944.0
TX,2004,D,Missing data/not specified/undetermined,2,315.0
TX,2004,D,Natural,2,580.0
TX,2004,E,Human,10,5238.0
TX,2004,E,Missing data/not specified/undetermined,1,652.0
TX,2004,F,Human,4,6737.6
TX,2004,F,Natural,2,3338.9
TX,2004,G,Missing data/not specified/undetermined,1,5150.0
TX,2005,A,Human,85,11.700000000000001
TX,2005,A,Missing data/not specified/undetermined,8,1.4000000000000001
TX,2005,A,Natural,8,0.8
TX,2005,B,Human,4549,10670.65
TX,2005,B,Missing data/not specified/undetermined,59,139.0
TX,2005,B,Natural,118,319.1
TX,2005,C,Human,1540,43871.2
TX,2005,C,Missing data/not specified/undetermined,32,992.7
TX,2005,C,Natural,109,3632.7
TX,2005,D,Human,206,30889.0
TX,2005,D,Missing data/not specified/undetermined,11,2140.0
TX,2005,D,Natural,16,2444.0
TX,2005,E,Human,84,40403.6
TX,2005,E,Missing data/not specified/undetermined,8,3740.0
TX,2005,E,Natural,13,6653.0
TX,2005,F,Human,34,58635.0
TX,2005,F,Missing data/not specified/undetermined,7,14823.5
TX,2005,F,Natural,8,17589.0
TX,2005,G,Human,3,18380.0
TX,2005,G,Natural,3,33515.0
TX,2006,A,Human,93,11.8
TX,2006,A,Missing data/not specified/undetermined,8,1.0
TX,2006,A,Natural,9,1.2000000000000002
TX,2006,B,Human,10107,21998.8
TX,2006,B,Missing data/not specified/undetermined,36,81.5
TX,2006,B,Natural,382,1053.6
TX,2006,C,Human,3113,84359.05
TX,2006,C,Missing data/not specified/undetermined,36,1010.0
TX,2006,C,Natural,291,8689.55
TX,2006,D,Human,431,65669.0
TX,2006,D,Missing data/not specified/undetermined,9,1211.9
TX,2006,D,Natural,93,14046.0
TX,2006,E,Human,187,89578.29
TX,2006,E,Missing data/not specified/undetermined,5,2630.0
TX,2006,E,Natural,83,41074.0
TX,2006,F,Human,85,153677.0
TX,2006,F,Missing data/not specified/undetermined,2,6228.0
TX,2006,F,Natural,24,58795.0
TX,2006,G,Human,17,1194369.0
TX,2006,G,Missing data/not specified/undetermined,2,46000.0
TX,2006,G,Natural,6,60975.0
TX,2007,A,Human,484,78.57000000000001
TX,2007,A,Missing data/not specified/undetermined,7,1.0
TX,2007,A,Natural,25,2.65
TX,2007,B,Human,3696,7404.28
TX,2007,B,Missing data/not specified/undetermined,9,23.8
TX,2007,B,Natural,69,144.1
TX,2007,C,Human,901,23709.75
TX,2007,C,Missing data/not specified/undetermined,15,395.8
TX,2007,C,Natural,32,839.6
TX,2007,D,Human,138,21127.0
TX,2007,D,Missing data/not specified/undetermined,3,525.0
TX,2007,D,Natural,9,1149.0
TX,2007,E,Human,54,25809.0
TX,2007,E,Missing data/not specified/undetermined,2,1240.0
TX,2007,E,Natural,10,5539.0
TX,2007,F,Human,17,30494.0
TX,2007,F,Natural,5,10575.0
TX,2007,G,Missing data/not specified/undetermined,1,5976.0
TX,2008,A,Human,2322,351.29
TX,2008,A,Missing data/not specified/undetermined,8,1.0
TX,2008,A,Natural,39,6.0200000000000005
TX,2008,B,Human,10538,21875.55
TX,2008,B,Missing data/not specified/undetermined,27,62.0
TX,2008,B,Natural,277,685.2
TX,2008,C,Human,3359,95476.36
TX,2008,C,Missing data/not specified/undetermined,12,365.0
TX,2008,C,Natural,235,6837.6
TX,2008,D,Human,645,94735.3
TX,2008,D,Missing data/not specified/undetermined,3,451.0
TX,2008,D,Natural,91,13741.0
TX,2008,E,Human,302,140610.29
TX,2008,E,Missing data/not specified/undetermined,3,1613.0
TX,2008,E,Natural,34,17898.0
TX,2008,F,Human,121,240180.5
TX,2008,F,Missing data/not specified/undetermined,1,1400.0
TX,2008,F,Natural,20,41762.0
TX,2008,G,Human,28,707928.0
TX,2008,G,Missing data/not specified/undetermined,2,84437.0
TX,2008,G,Natural,1,23000.0
TX,2009,A,Human,2358,339.40000000000003
TX,2009,A,Missing data/not specified/undetermined,43,8.200000000000001
TX,2009,A,Natural,48,7.35
TX,2009,B,Human,8526,17062.11
TX,2009,B,Missing data/not specified/undetermined,71,164.0
TX,2009,B,Natural,263,684.53
TX,2009,C,Human,2006,56617.16
TX,2009,C,Missing data/not specified/undetermined,36,996.4
TX,2009,C,Natural,179,5924.2
TX,2009,D,Human,289,43260.13
TX,2009,D,Missing data/not specified/undetermined,10,1444.0
TX,2009,D,Natural,42,7855.0
TX,2009,E,Human,139,64236.5
TX,2009,E,Missing data/not specified/undetermined,8,3506.0
TX,2009,E,Natural,30,14548.0
TX,2009,F,Human,61,110933.0
TX,2009,F,Missing data/not specified/undetermined,3,6000.0
TX,2009,F,Natural,13,27089.0
TX,2009,G,Human,11,152783.0
TX,2009,G,Missing data/not specified/undetermined,1,27876.0
TX,2009,G,Natural,5,44336.0
TX,2010,A,Human,1386,212.6
TX,2010,A,Missing data/not specified/undetermined,21,2.7
TX,2010,A,Natural,31,3.86
TX,2010,B,Human,5929,11528.55
TX,2010,B,Missing data/not specified/undetermined,33,76.6
TX,2010,B,Natural,179,408.25
TX,2010,C,Human,1225,32832.27
TX,2010,C,Missing data/not specified/undetermined,27,983.0
TX,2010,C,Natural,145,4415.0
TX,2010,D,Human,196,30289.2
TX,2010,D,Missing data/not specified/undetermined,2,200.0
TX,2010,D,Natural,40,6630.0
TX,2010,E,Human,72,32220.0
TX,2010,E,Missing data/not specified/undetermined,10,4270.0
TX,2010,E,Natural,19,9463.0
TX,2010,F,Human,19,39114.0
TX,2010,F,Missing data/not specified/undetermined,1,1220.0
TX,2010,F,Natural,13,24976.0
TX,2010,G,Human,1,6000.0
TX,2010,G,Natural,4,38057.0
TX,2011,A,Human,2673,396.41
TX,2011,A,Missing data/not specified/undetermined,15,2.2
TX,2011,A,Natural,79,11.11
TX,2011,B,Human,11477,21879.03
TX,2011,B,Missing data/not specified/undetermined,40,107.7
TX,2011,B,Natural,766,1956.5
TX,2011,C,Human,2714,73816.9
TX,2011,C,Missing data/not specified/undetermined,24,1126.7
TX,2011,C,Natural,425,13241.1
TX,2011,D,Human,483,72974.0
TX,2011,D,Missing data/not specified/undetermined,14,1951.0
TX,2011,D,Natural,107,16716.5
TX,2011,E,Human,259,125102.0
TX,2011,E,Missing data/not specified/undetermined,4,2149.0
TX,2011,E,Natural,67,31890.4
TX,2011,F,Human,161,322142.4
TX,2011,F,Missing data/not specified/undetermined,7,17386.0
TX,2011,F,Natural,40,82683.0
TX,2011,G,Human,77,1803835.0
TX,2011,G,Missing data/not specified/undetermined,5,133107.0
TX,2011,G,Natural,14,774030.0
TX,2012,A,Human,1260,181.3
TX,2012,A,Missing data/not specified/undetermined,7,1.1
TX,2012,A,Natural,48,5.66
TX,2012,B,Human,4979,9014.89
TX,2012,B,Missing data/not specified/undetermined,22,45.5
TX,2012,B,Natural,240,553.1
TX,2012,C,Human,719,18072.05
TX,2012,C,Missing data/not specified/undetermined,24,917.9
TX,2012,C,Natural,116,3898.4
TX,2012,D,Human,95,13627.2
TX,2012,D,Missing data/not specified/undetermined,9,1148.0
TX,2012,D,Natural,29,4362.0
TX,2012,E,Human,33,15437.0
TX,2012,E,Missing data/not specified/undetermined,2,1184.7
TX,2012,E,Natural,18,9517.0
TX,2012,F,Human,8,10805.5
TX,2012,F,Natural,9,18037.7
TX,2012,G,Missing data/not specified/undetermined,1,14169.9
TX,2012,G,Natural,4,42136.0
TX,2013,A,Human,1875,279.64
TX,2013,A,Missing data/not specified/undetermined,9,1.0
TX,2013,A,Natural,39,5.58
TX,2013,B,Human,6599,11488.15
TX,2013,B,Missing data/not specified/undetermined,12,32.8
TX,2013,B,Natural,152,343.65
TX,2013,C,Human,866,21710.8
TX,2013,C,Missing data/not specified/undetermined,5,229.4
TX,2013,C,Natural,69,1968.7
TX,2013,D,Human,62,8004.0
TX,2013,D,Missing data/not specified/undetermined,3,485.0
TX,2013,D,Natural,15,2469.0
TX,2013,E,Human,17,8442.0
TX,2013,E,Natural,6,2600.2
TX,2013,F,Human,2,4257.0
TX,2013,F,Missing data/not specified/undetermined,2,6845.0
TX,2013,F,Natural,1,2575.0
TX,2014,A,Human,2213,294.96
TX,2014,A,Missing data/not specified/undetermined,2,0.2
TX,2014,A,Natural,39,4.91
TX,2014,B,Human,5221,9194.79
TX,2014,B,Missing data/not specified/undetermined,3,6.8
TX,2014,B,Natural,129,272.07
TX,2014,C,Human,735,17988.34
TX,2014,C,Missing data/not specified/undetermined,2,22.7
TX,2014,C,Natural,48,1723.5
TX,2014,D,Human,81,12191.76
TX,2014,D,Missing data/not specified/undetermined,4,825.6
TX,2014,D,Natural,17,2791.4
TX,2014,E,Human,22,9645.0
TX,2014,E,Missing data/not specified/undetermined,1,977.0
TX,2014,E,Natural,3,1000.0
TX,2014,F,Human,5,9922.0
TX,2014,F,Missing data/not specified/undetermined,3,8568.0
TX,2014,F,Natural,6,12683.0
TX,2014,G,Human,3,49798.0
TX,2014,G,Natural,1,5933.0
TX,2015,A,Human,2098,265.89
TX,2015,A,Missing data/not specified/undetermined,4,0.65
TX,2015,A,Natural,34,3.9
TX,2015,B,Human,4913,9631.78
TX,2015,B,Missing data/not specified/undetermined,14,39.66
TX,2015,B,Natural,77,197.87
TX,2015,C,Human,880,22901.23
TX,2015,C,Missing data/not specified/undetermined,10,476.2
TX,2015,C,Natural,49,1588.77
TX,2015,D,Human,108,16975.18
TX,2015,D,Missing data/not specified/undetermined,4,606.0
TX,2015,D,Natural,17,2733.8
TX,2015,E,Human,49,23894.6
TX,2015,E,Missing data/not specified/undetermined,2,1160.0
TX,2015,E,Natural,12,6731.7
TX,2015,F,Human,16,34313.0
TX,2015,F,Natural,9,20258.8
TX,2015,G,Human,4,42959.8
TX,2015,G,Missing data/not specified/undetermined,1,5260.9
TX,2015,G,Natural,3,18762.0
TX,2016,A,Human,1947,247.3
TX,2016,A,Missing data/not specified/undetermined,34,4.58
TX,2016,A,Natural,36,4.3100000000000005
TX,2016,B,Human,5123,9393.07
TX,2016,B,Missing data/not specified/undetermined,73,136.6
TX,2016,B,Natural,135,311.4
TX,2016,C,Human,838,21144.45
TX,2016,C,Missing data/not specified/undetermined,9,304.8
TX,2016,C,Natural,105,3461.5
TX,2016,D,Human,115,17327.33
TX,2016,D,Missing data/not specified/undetermined,1,182.0
TX,2016,D,Natural,37,5748.0
TX,2016,E,Human,66,33788.8
TX,2016,E,Missing data/not specified/undetermined,1,600.0
TX,2016,E,Natural,13,6906.0
TX,2016,F,Human,29,50445.8
TX,2016,F,Natural,13,25593.0
TX,2016,G,Human,10,116393.0
TX,2016,G,Natural,1,14430.0
TX,2017,A,Human,1547,225.92000000000002
TX,2017,A,Missing data/not specified/undetermined,42,6.43
TX,2017,A,Natural,27,3.34
TX,2017,B,Human,5632,10871.19
TX,2017,B,Missing data/not specified/undetermined,175,311.54
TX,2017,B,Natural,113,278.45
TX,2017,C,Human,1057,27496.3
TX,2017,C,Missing data/not specified/undetermined,17,590.0
TX,2017,C,Natural,65,2111.27
TX,2017,D,Human,111,17842.31
TX,2017,D,Missing data/not specified/undetermined,6,777.4
TX,2017,D,Natural,22,3378.2
TX,2017,E,Human,48,21552.85
TX,2017,E,Missing data/not specified/undetermined,3,1588.0
TX,2017,E,Natural,12,5736.2
TX,2017,F,Human,21,38597.6
TX,2017,F,Natural,12,19127.1
TX,2017,G,Human,10,585512.0
TX,2017,G,Missing data/not specified/undetermined,1,7972.0
TX,2017,G,Natural,1,8300.0
TX,2018,A,Human,917,106.74
TX,2018,A,Missing data/not specified/undetermined,408,47.910000000000004
TX,2018,A,Natural,48,4.84
TX,2018,B,Human,3360,6761.23
TX,2018,B,Missing data/not specified/undetermined,988,1769.06
TX,2018,B,Natural,162,475.41
TX,2018,C,Human,827,22231.18
TX,2018,C,Missing data/not specified/undetermined,251,7116.36
TX,2018,C,Natural,150,4861.6
TX,2018,D,Human,153,22261.3
TX,2018,D,Missing data/not specified/undetermined,35,5904.0
TX,2018,D,Natural,57,8632.0
TX,2018,E,Human,67,29328.7
TX,2018,E,Missing data/not specified/undetermined,20,10929.0
TX,2018,E,Natural,24,12850.0
TX,2018,F,Human,30,64429.0
TX,2018,F,Missing data/not specified/undetermined,5,8564.4
TX,2018,F,Natural,19,37189.0
TX,2018,G,Human,8,112347.0
TX,2018,G,Natural,4,119897.0
TX,2019,A,Human,1100,117.03
TX,2019,A,Missing data/not specified/undetermined,658,65.77
TX,2019,A,Natural,36,3.05
TX,2019,B,Human,2256,4346.59
TX,2019,B,Missing data/not specified/undetermined,1223,2138.97
TX,2019,B,Natural,110,289.61
TX,2019,C,Human,506,13397.95
TX,2019,C,Missing data/not specified/undetermined,218,5756.11
TX,2019,C,Natural,82,2664.8
TX,2019,D,Human,78,13133.08
TX,2019,D,Missing data/not specified/undetermined,44,6205.5
TX,2019,D,Natural,33,5974.0
TX,2019,E,Human,37,19412.0
TX,2019,E,Missing data/not specified/undetermined,8,4254.4
TX,2019,E,Natural,27,11970.25
TX,2019,F,Human,12,25478.5
TX,2019,F,Missing data/not specified/undetermined,6,8895.8
TX,2019,F,Natural,13,21560.0
TX,2019,G,Human,5,37939.2
TX,2019,G,Missing data/not specified/undetermined,2,15028.0
TX,2019,G,Natural,1,7527.4
TX,2020,A,Human,1004,90.32000000000001
TX,2020,A,Missing data/not specified/undetermined,726,75.55
TX,2020,A,Natural,33,3.5300000000000002
TX,2020,B,Human,2308,4720.97
TX,2020,B,Missing data/not specified/undetermined,1216,2182.54
TX,2020,B,Natural,108,309.77
TX,2020,C,Human,555,14492.09
TX,2020,C,Missing data/not specified/undetermined,254,6513.91
TX,2020,C,Natural,95,3384.36
TX,2020,D,Human,83,13348.7
TX,2020,D,Missing data/not specified/undetermined,36,5649.0
TX,2020,D,Natural,36,6194.4
TX,2020,E,Human,38,19272.55
TX,2020,E,Missing data/not specified/undetermined,9,3917.5
TX,2020,E,Natural,27,12458.2
TX,2020,F,Human,17,33015.0
TX,2020,F,Missing data/not specified/undetermined,7,20395.1
TX,2020,F,Natural,12,28419.0
TX,2020,G,Human,6,72640.0
TX,2020,G,Natural,3,23288.0
UT,1992,A,Human,83,9.3
UT,1992,A,Missing data/not specified/undetermined,181,23.16
UT,1992,A,Natural,414,44.1
UT,1992,B,Human,55,100.4
UT,1992,B,Missing data/not specified/undetermined,129,305.85
UT,1992,B,Natural,106,123.1
UT,1992,C,Human,12,382.5
UT,1992,C,Missing data/not specified/undetermined,52,1474.5
UT,1992,C,Natural,25,721.0
UT,1992,D,Human,6,950.0
UT,1992,D,Missing data/not specified/undetermined,3,550.0
UT,1992,D,Natural,4,765.0
UT,1992,E,Human,2,1145.0
UT,1992,E,Missing data/not specified/undetermined,6,2790.0
UT,1992,E,Natural,5,2228.0
UT,1992,F,Human,1,1650.0
UT,1992,F,Missing data/not specified/undetermined,7,21520.0
UT,1992,F,Natural,1,2750.0
UT,1993,A,Human,76,8.700000000000001
UT,1993,A,Missing data/not specified/undetermined,120,13.440000000000001
UT,1993,A,Natural,237,26.700000000000003
UT,1993,B,Human,61,141.8
UT,1993,B,Missing data/not specified/undetermined,64,96.13
UT,1993,B,Natural,61,87.0
UT,1993,C,Human,14,393.7
UT,1993,C,Missing data/not specified/undetermined,18,616.0
UT,1993,C,Natural,24,729.0
UT,1993,D,Human,3,430.0
UT,1993,D,Missing data/not specified/undetermined,4,535.0
UT,1993,D,Natural,9,1583.0
UT,1993,E,Human,9,5258.0
UT,1993,E,Missing data/not specified/undetermined,5,2506.0
UT,1993,E,Natural,2,600.0
UT,1993,F,Human,1,1500.0
UT,1993,F,Natural,2,5363.0
UT,1994,A,Human,108,13.100000000000001
UT,1994,A,Missing data/not specified/undetermined,208,26.75
UT,1994,A,Natural,609,66.0
UT,1994,B,Human,88,165.6
UT,1994,B,Missing data/not specified/undetermined,158,348.25
UT,1994,B,Natural,212,362.1
UT,1994,C,Human,26,952.0
UT,1994,C,Missing data/not specified/undetermined,80,2923.0
UT,1994,C,Natural,60,1901.5
UT,1994,D,Human,9,1679.0
UT,1994,D,Missing data/not specified/undetermined,17,2820.0
UT,1994,D,Natural,14,2884.0
UT,1994,E,Human,8,4000.0
UT,1994,E,Missing data/not specified/undetermined,9,5070.0
UT,1994,E,Natural,14,6726.2
UT,1994,F,Human,7,18160.0
UT,1994,F,Missing data/not specified/undetermined,9,22045.0
UT,1994,F,Natural,15,34013.6
UT,1994,G,Human,3,22250.0
UT,1994,G,Missing data/not specified/undetermined,2,12746.0
UT,1994,G,Natural,7,74403.0
UT,1995,A,Human,109,11.9
UT,1995,A,Missing data/not specified/undetermined,198,23.14
UT,1995,A,Natural,361,39.2
UT,1995,B,Human,51,139.5
UT,1995,B,Missing data/not specified/undetermined,145,384.5
UT,1995,B,Natural,113,177.3
UT,1995,C,Human,21,763.4
UT,1995,C,Missing data/not specified/undetermined,40,1288.0
UT,1995,C,Natural,33,1281.9
UT,1995,D,Human,5,785.0
UT,1995,D,Missing data/not specified/undetermined,11,1480.0
UT,1995,D,Natural,9,1587.9
UT,1995,E,Human,8,4154.4
UT,1995,E,Missing data/not specified/undetermined,6,2793.0
UT,1995,E,Natural,12,5491.2
UT,1995,F,Human,5,11297.0
UT,1995,F,Missing data/not specified/undetermined,4,10120.0
UT,1995,F,Natural,10,19358.6
UT,1995,G,Human,2,42063.0
UT,1995,G,Missing data/not specified/undetermined,1,6000.0
UT,1995,G,Natural,7,89876.7
UT,1996,A,Human,107,12.700000000000001
UT,1996,A,Missing data/not specified/undetermined,224,28.470000000000002
UT,1996,A,Natural,520,56.300000000000004
UT,1996,B,Human,80,159.9
UT,1996,B,Missing data/not specified/undetermined,191,400.52
UT,1996,B,Natural,235,423.2
UT,1996,C,Human,36,1266.0
UT,1996,C,Missing data/not specified/undetermined,66,2000.0
UT,1996,C,Natural,72,2300.7
UT,1996,D,Human,16,2750.5
UT,1996,D,Missing data/not specified/undetermined,10,1437.0
UT,1996,D,Natural,21,3640.0
UT,1996,E,Human,6,2743.0
UT,1996,E,Missing data/not specified/undetermined,7,3725.0
UT,1996,E,Natural,23,12957.8
UT,1996,F,Human,4,12345.0
UT,1996,F,Missing data/not specified/undetermined,5,8750.0
UT,1996,F,Natural,22,48892.8
UT,1996,G,Human,2,23540.0
UT,1996,G,Natural,19,383736.89999999997
UT,1997,A,Human,61,6.800000000000001
UT,1997,A,Missing data/not specified/undetermined,148,21.91
UT,1997,A,Natural,335,35.6
UT,1997,B,Human,44,66.5
UT,1997,B,Missing data/not specified/undetermined,70,150.1
UT,1997,B,Natural,96,178.3
UT,1997,C,Human,15,282.9
UT,1997,C,Missing data/not specified/undetermined,26,630.0
UT,1997,C,Natural,27,1090.5
UT,1997,D,Human,5,760.0
UT,1997,D,Missing data/not specified/undetermined,5,900.0
UT,1997,D,Natural,8,1712.0
UT,1997,E,Human,5,2920.0
UT,1997,E,Missing data/not specified/undetermined,4,2830.0
UT,1997,E,Natural,7,3795.6
UT,1997,F,Human,1,1337.0
UT,1997,F,Missing data/not specified/undetermined,2,5883.0
UT,1997,F,Natural,2,4500.0
UT,1997,G,Natural,1,5425.0
UT,1998,A,Human,202,26.42
UT,1998,A,Missing data/not specified/undetermined,6,0.8500000000000001
UT,1998,A,Natural,320,36.300000000000004
UT,1998,B,Human,121,260.9
UT,1998,B,Missing data/not specified/undetermined,3,1.55
UT,1998,B,Natural,108,225.65
UT,1998,C,Human,26,1069.2
UT,1998,C,Missing data/not specified/undetermined,3,67.0
UT,1998,C,Natural,34,1324.0
UT,1998,D,Human,11,1777.0
UT,1998,D,Natural,12,2187.0
UT,1998,E,Human,5,2339.0
UT,1998,E,Natural,6,3443.0
UT,1998,F,Human,4,8473.0
UT,1998,F,Natural,6,13789.0
UT,1998,G,Human,4,39988.0
UT,1998,G,Natural,2,21555.2
UT,1999,A,Human,289,39.89
UT,1999,A,Missing data/not specified/undetermined,15,1.62
UT,1999,A,Natural,341,36.93
UT,1999,B,Human,262,490.28
UT,1999,B,Missing data/not specified/undetermined,4,3.0
UT,1999,B,Natural,169,367.4
UT,1999,C,Human,64,1997.5
UT,1999,C,Missing data/not specified/undetermined,2,55.0
UT,1999,C,Natural,52,1647.2
UT,1999,D,Human,16,2602.3
UT,1999,D,Natural,9,1624.0
UT,1999,E,Human,16,8142.5
UT,1999,E,Natural,16,8912.0
UT,1999,F,Human,14,29282.9
UT,1999,F,Natural,11,25762.0
UT,1999,G,Human,2,67533.4
UT,2000,A,Human,248,32.5
UT,2000,A,Missing data/not specified/undetermined,10,1.12
UT,2000,A,Natural,890,96.83
UT,2000,B,Human,184,295.5
UT,2000,B,Missing data/not specified/undetermined,7,12.0
UT,2000,B,Natural,342,531.45
UT,2000,C,Human,26,803.3
UT,2000,C,Missing data/not specified/undetermined,1,10.0
UT,2000,C,Natural,62,2121.0
UT,2000,D,Human,10,1684.0
UT,2000,D,Natural,22,3806.2
UT,2000,E,Human,6,3037.0
UT,2000,E,Natural,15,8750.1
UT,2000,F,Human,4,12052.0
UT,2000,F,Natural,19,43803.0
UT,2000,G,Human,2,13765.0
UT,2000,G,Natural,7,136685.0
UT,2001,A,Human,299,35.81
UT,2001,A,Missing data/not specified/undetermined,13,1.4500000000000002
UT,2001,A,Natural,867,95.17
UT,2001,B,Human,180,352.51
UT,2001,B,Missing data/not specified/undetermined,4,11.9
UT,2001,B,Natural,261,414.31
UT,2001,C,Human,25,748.6
UT,2001,C,Natural,58,1791.1
UT,2001,D,Human,8,1229.0
UT,2001,D,Natural,12,1959.3
UT,2001,E,Human,9,3535.0
UT,2001,E,Missing data/not specified/undetermined,1,375.0
UT,2001,E,Natural,14,8573.0
UT,2001,F,Human,5,11862.5
UT,2001,F,Natural,13,31078.0
UT,2001,G,Human,2,17021.0
UT,2001,G,Natural,2,45000.0
UT,2002,A,Human,217,28.8
UT,2002,A,Missing data/not specified/undetermined,7,0.62
UT,2002,A,Natural,511,56.96
UT,2002,B,Human,125,230.65
UT,2002,B,Missing data/not specified/undetermined,8,13.5
UT,2002,B,Natural,163,255.78
UT,2002,C,Human,23,720.2
UT,2002,C,Missing data/not specified/undetermined,2,27.0
UT,2002,C,Natural,34,860.2
UT,2002,D,Human,7,1109.0
UT,2002,D,Natural,9,1477.3
UT,2002,E,Human,4,2322.0
UT,2002,E,Natural,8,5089.0
UT,2002,F,Human,5,11289.0
UT,2002,F,Natural,12,24826.0
UT,2002,G,Human,3,77045.0
UT,2002,G,Natural,5,113773.40000000001
UT,2003,A,Human,147,18.25
UT,2003,A,Missing data/not specified/undetermined,11,1.25
UT,2003,A,Natural,813,90.66000000000001
UT,2003,B,Human,98,173.3
UT,2003,B,Missing data/not specified/undetermined,4,7.0
UT,2003,B,Natural,231,361.0
UT,2003,C,Human,33,1073.1
UT,2003,C,Missing data/not specified/undetermined,1,36.0
UT,2003,C,Natural,37,1310.2
UT,2003,D,Human,4,426.0
UT,2003,D,Natural,15,2906.0
UT,2003,E,Human,4,2274.0
UT,2003,E,Natural,7,3104.0
UT,2003,F,Human,5,8958.0
UT,2003,F,Missing data/not specified/undetermined,1,1200.0
UT,2003,F,Natural,6,14621.0
UT,2003,G,Human,4,75208.0
UT,2003,G,Natural,1,11200.0
UT,2004,A,Human,92,9.8
UT,2004,A,Missing data/not specified/undetermined,255,30.69
UT,2004,A,Natural,752,78.06
UT,2004,B,Human,38,89.1
UT,2004,B,Missing data/not specified/undetermined,90,186.45
UT,2004,B,Natural,177,280.04
UT,2004,C,Human,11,419.3
UT,2004,C,Missing data/not specified/undetermined,23,687.8
UT,2004,C,Natural,34,1211.5
UT,2004,D,Human,2,351.0
UT,2004,D,Missing data/not specified/undetermined,5,745.0
UT,2004,D,Natural,8,1402.0
UT,2004,E,Human,4,2298.0
UT,2004,E,Missing data/not specified/undetermined,3,1471.0
UT,2004,E,Natural,10,5049.0
UT,2004,F,Human,2,3067.0
UT,2004,F,Natural,9,25347.7
UT,2004,G,Natural,4,42762.0
UT,2005,A,Human,177,21.25
UT,2005,A,Missing data/not specified/undetermined,25,2.81
UT,2005,A,Natural,572,62.84
UT,2005,B,Human,151,335.26
UT,2005,B,Missing data/not specified/undetermined,9,13.25
UT,2005,B,Natural,189,406.48
UT,2005,C,Human,46,1514.6
UT,2005,C,Missing data/not specified/undetermined,4,96.0
UT,2005,C,Natural,72,2409.9
UT,2005,D,Human,14,2147.6
UT,2005,D,Missing data/not specified/undetermined,1,200.0
UT,2005,D,Natural,33,5985.1
UT,2005,E,Human,10,5515.7
UT,2005,E,Missing data/not specified/undetermined,1,640.0
UT,2005,E,Natural,22,11300.5
UT,2005,F,Human,6,15191.0
UT,2005,F,Natural,15,31850.0
UT,2005,G,Human,2,41294.0
UT,2005,G,Natural,8,133104.1
UT,2006,A,Human,232,31.720000000000002
UT,2006,A,Missing data/not specified/undetermined,4,0.55
UT,2006,A,Natural,823,91.711
UT,2006,B,Human,207,424.47
UT,2006,B,Missing data/not specified/undetermined,1,0.5
UT,2006,B,Natural,340,725.26
UT,2006,C,Human,79,2900.7
UT,2006,C,Missing data/not specified/undetermined,3,144.95
UT,2006,C,Natural,99,3370.3
UT,2006,D,Human,21,4150.5
UT,2006,D,Natural,29,4988.5
UT,2006,E,Human,8,5015.7
UT,2006,E,Natural,32,17326.0
UT,2006,F,Human,7,16562.4
UT,2006,F,Natural,25,55797.5
UT,2006,G,Human,4,83392.0
UT,2006,G,Natural,8,150628.0
UT,2007,A,Human,320,40.94
UT,2007,A,Missing data/not specified/undetermined,28,3.25
UT,2007,A,Natural,567,61.440000000000005
UT,2007,B,Human,251,525.39
UT,2007,B,Missing data/not specified/undetermined,4,9.5
UT,2007,B,Natural,182,353.82
UT,2007,C,Human,62,1902.94
UT,2007,C,Missing data/not specified/undetermined,1,15.0
UT,2007,C,Natural,34,961.4
UT,2007,D,Human,20,3799.1
UT,2007,D,Natural,21,3492.9
UT,2007,E,Human,10,4638.0
UT,2007,E,Natural,13,8731.67
UT,2007,F,Human,6,12612.0
UT,2007,F,Natural,12,26322.7
UT,2007,G,Human,6,119992.0
UT,2007,G,Natural,9,461757.0
UT,2008,A,Human,269,29.98
UT,2008,A,Missing data/not specified/undetermined,8,1.02
UT,2008,A,Natural,405,42.47
UT,2008,B,Human,149,293.92
UT,2008,B,Missing data/not specified/undetermined,6,8.4
UT,2008,B,Natural,130,201.15
UT,2008,C,Human,33,952.29
UT,2008,C,Natural,14,495.6
UT,2008,D,Human,10,1576.0
UT,2008,D,Natural,6,1341.0
UT,2008,E,Human,12,7473.0
UT,2008,E,Natural,13,6166.4
UT,2008,F,Human,4,10515.0
UT,2008,F,Natural,2,5020.0
UT,2009,A,Human,282,31.261000000000003
UT,2009,A,Natural,476,50.6
UT,2009,B,Human,177,312.39
UT,2009,B,Natural,123,205.85
UT,2009,C,Human,28,992.38
UT,2009,C,Natural,29,1142.1
UT,2009,D,Human,7,1230.0
UT,2009,D,Natural,8,1546.0
UT,2009,E,Human,1,440.0
UT,2009,E,Natural,7,4835.0
UT,2009,F,Human,2,2588.0
UT,2009,F,Natural,11,29150.0
UT,2009,G,Natural,4,71919.0
UT,2010,A,Human,269,34.22
UT,2010,A,Natural,446,47.35
UT,2010,B,Human,177,345.97
UT,2010,B,Natural,83,138.02
UT,2010,C,Human,31,878.7
UT,2010,C,Natural,23,585.11
UT,2010,D,Human,8,1254.0
UT,2010,D,Natural,5,655.0
UT,2010,E,Human,3,1700.0
UT,2010,E,Natural,4,3054.0
UT,2010,F,Human,3,7098.0
UT,2010,F,Natural,1,1968.0
UT,2010,G,Natural,1,44892.0
UT,2011,A,Human,234,29.41
UT,2011,A,Missing data/not specified/undetermined,1,0.1
UT,2011,A,Natural,447,47.730000000000004
UT,2011,B,Human,163,336.42
UT,2011,B,Natural,115,212.0
UT,2011,C,Human,49,1769.87
UT,2011,C,Natural,33,1013.1
UT,2011,D,Human,13,2199.0
UT,2011,D,Natural,16,3027.0
UT,2011,E,Human,4,2194.0
UT,2011,E,Natural,8,4325.0
UT,2011,F,Human,3,4200.0
UT,2011,F,Natural,6,12052.0
UT,2011,G,Human,1,16267.0
UT,2011,G,Natural,2,14371.0
UT,2012,A,Human,371,40.85
UT,2012,A,Natural,620,65.60000000000001
UT,2012,B,Human,251,518.97
UT,2012,B,Natural,147,293.28
UT,2012,C,Human,69,2380.38
UT,2012,C,Natural,58,2153.7
UT,2012,D,Human,10,2027.9
UT,2012,D,Natural,7,1390.0
UT,2012,E,Human,7,3433.0
UT,2012,E,Natural,12,7447.0
UT,2012,F,Human,16,29811.0
UT,2012,F,Natural,10,26103.0
UT,2012,G,Human,5,184700.0
UT,2012,G,Natural,8,172537.5
UT,2013,A,Human,281,31.82
UT,2013,A,Missing data/not specified/undetermined,13,1.3
UT,2013,A,Natural,615,64.54
UT,2013,B,Human,126,239.41
UT,2013,B,Natural,127,187.58
UT,2013,C,Human,30,926.3
UT,2013,C,Natural,29,1185.6
UT,2013,D,Human,1,110.0
UT,2013,D,Natural,9,1653.2
UT,2013,E,Human,1,365.0
UT,2013,E,Natural,7,4038.0
UT,2013,F,Human,1,1152.0
UT,2013,F,Natural,6,14307.7
UT,2013,G,Natural,3,46135.0
UT,2014,A,Human,312,34.620000000000005
UT,2014,A,Natural,413,43.79
UT,2014,B,Human,182,316.44
UT,2014,B,Missing data/not specified/undetermined,1,0.3
UT,2014,B,Natural,85,141.53
UT,2014,C,Human,16,537.38
UT,2014,C,Natural,23,784.3
UT,2014,D,Human,6,963.0
UT,2014,D,Natural,5,820.0
UT,2014,E,Human,2,1264.0
UT,2014,E,Natural,6,3352.0
UT,2014,F,Human,2,7205.0
UT,2014,F,Natural,4,6723.0
UT,2014,G,Human,1,5000.0
UT,2015,A,Human,135,14.110000000000001
UT,2015,A,Natural,286,30.110000000000003
UT,2015,B,Human,77,138.73
UT,2015,B,Natural,60,58.65
UT,2015,C,Human,16,456.9
UT,2015,C,Natural,10,311.4
UT,2015,D,Human,7,939.0
UT,2015,D,Natural,6,1041.0
UT,2015,E,Human,4,1806.7
UT,2015,E,Natural,2,1645.0
UT,2015,F,Human,1,1209.0
UT,2015,F,Natural,1,2175.0
UT,2016,A,Human,404,42.660000000000004
UT,2016,A,Natural,321,34.120000000000005
UT,2016,B,Human,213,420.37
UT,2016,B,Missing data/not specified/undetermined,1,0.3
UT,2016,B,Natural,61,113.18
UT,2016,C,Human,36,1245.34
UT,2016,C,Natural,26,795.4
UT,2016,D,Human,9,1468.0
UT,2016,D,Natural,6,1145.0
UT,2016,E,Human,4,1979.0
UT,2016,E,Natural,6,3816.0
UT,2016,F,Human,7,14679.0
UT,2016,F,Natural,9,18785.0
UT,2016,G,Human,1,6468.0
UT,2016,G,Natural,4,50595.0
UT,2017,A,Human,360,41.07
UT,2017,A,Missing data/not specified/undetermined,1,0.1
UT,2017,A,Natural,302,33.97
UT,2017,B,Human,269,523.47
UT,2017,B,Natural,83,131.81
UT,2017,C,Human,51,1598.01
UT,2017,C,Natural,34,1376.94
UT,2017,D,Human,16,2644.29
UT,2017,D,Natural,8,1520.0
UT,2017,E,Human,12,6430.0
UT,2017,E,Missing data/not specified/undetermined,1,430.0
UT,2017,E,Natural,13,8440.61
UT,2017,F,Human,6,11210.7
UT,2017,F,Natural,6,13438.0
UT,2017,G,Human,4,97078.0
UT,2017,G,Missing data/not specified/undetermined,1,9000.0
UT,2017,G,Natural,6,95076.0
UT,2018,A,Human,362,44.021
UT,2018,A,Missing data/not specified/undetermined,24,1.2630000000000001
UT,2018,A,Natural,441,47.09
UT,2018,B,Human,240,420.09
UT,2018,B,Missing data/not specified/undetermined,2,5.5
UT,2018,B,Natural,134,263.21
UT,2018,C,Human,50,1804.4
UT,2018,C,Missing data/not specified/undetermined,1,35.5
UT,2018,C,Natural,22,854.4
UT,2018,D,Human,7,1063.31
UT,2018,D,Missing data/not specified/undetermined,1,225.0
UT,2018,D,Natural,11,2084.02
UT,2018,E,Human,8,4470.79
UT,2018,E,Natural,10,5306.29
UT,2018,F,Human,7,16762.83
UT,2018,F,Missing data/not specified/undetermined,1,4102.23
UT,2018,F,Natural,9,19098.78
UT,2018,G,Human,6,127675.0
UT,2018,G,Natural,7,199275.28
UT,2019,A,Human,365,44.120000000000005
UT,2019,A,Natural,223,23.91
UT,2019,B,Human,295,638.27
UT,2019,B,Natural,74,153.62
UT,2019,C,Human,46,1400.83
UT,2019,C,Natural,23,926.79
UT,2019,D,Human,10,1684.98
UT,2019,D,Natural,9,1687.72
UT,2019,E,Human,9,3458.56
UT,2019,E,Natural,7,3580.3
UT,2019,F,Human,4,8355.2
UT,2019,F,Natural,10,27586.9
UT,2019,G,Human,1,8906.4
UT,2019,G,Natural,3,34070.6
UT,2020,A,Human,611,79.48
UT,2020,A,Missing data/not specified/undetermined,7,0.8500000000000001
UT,2020,A,Natural,234,26.75
UT,2020,B,Human,449,995.77
UT,2020,B,Missing data/not specified/undetermined,10,18.89
UT,2020,B,Natural,68,172.91
UT,2020,C,Human,81,2553.05
UT,2020,C,Natural,27,1011.1899999999999
UT,2020,D,Human,23,4419.85
UT,2020,D,Natural,4,606.0
UT,2020,E,Human,26,14605.04
UT,2020,E,Missing data/not specified/undetermined,1,570.0
UT,2020,E,Natural,7,3069.3
UT,2020,F,Human,10,23523.84
UT,2020,F,Missing data/not specified/undetermined,1,1885.0
UT,2020,F,Natural,6,12792.0
UT,2020,G,Human,5,43257.6
UT,2020,G,Natural,5,198909.0
VA,1992,A,Human,13,1.5
VA,1992,A,Natural,4,0.4
VA,1992,B,Human,16,42.7
VA,1992,B,Natural,2,11.0
VA,1992,C,Human,7,216.0
VA,1992,D,Human,1,163.0
VA,1993,A,Human,17,1.8
VA,1993,A,Natural,6,0.8
VA,1993,B,Human,17,51.0
VA,1993,B,Natural,4,5.9
VA,1993,C,Human,7,206.5
VA,1993,C,Missing data/not specified/undetermined,1,63.0
VA,1993,C,Natural,1,15.0
VA,1993,D,Natural,1,220.0
VA,1994,A,Human,14,1.7000000000000002
VA,1994,A,Natural,7,0.9
VA,1994,B,Human,34,89.6
VA,1994,B,Natural,7,25.3
VA,1994,C,Human,10,165.0
VA,1994,C,Natural,3,83.0
VA,1994,D,Human,2,240.0
VA,1994,E,Human,1,600.0
VA,1995,A,Human,535,74.5
VA,1995,A,Missing data/not specified/undetermined,1,0.1
VA,1995,A,Natural,3,0.45
VA,1995,B,Human,850,1715.8
VA,1995,B,Natural,10,24.6
VA,1995,C,Human,127,3381.3
VA,1995,C,Missing data/not specified/undetermined,1,10.0
VA,1995,C,Natural,4,140.0
VA,1995,D,Human,13,2187.0
VA,1995,D,Missing data/not specified/undetermined,1,150.0
VA,1995,F,Human,5,7453.0
VA,1996,A,Human,268,35.5
VA,1996,A,Missing data/not specified/undetermined,1,0.25
VA,1996,A,Natural,3,0.30000000000000004
VA,1996,B,Human,500,979.45
VA,1996,B,Natural,4,19.0
VA,1996,C,Human,41,902.0
VA,1996,C,Missing data/not specified/undetermined,1,11.0
VA,1996,C,Natural,2,37.0
VA,1996,D,Human,1,120.0
VA,1996,E,Human,3,1155.0
VA,1997,A,Human,391,49.900000000000006
VA,1997,A,Natural,12,1.3
VA,1997,B,Human,621,1160.5
VA,1997,B,Missing data/not specified/undetermined,1,0.7
VA,1997,B,Natural,21,72.5
VA,1997,C,Human,71,1503.4
VA,1997,C,Natural,8,185.0
VA,1997,D,Human,5,758.0
VA,1997,D,Natural,1,105.0
VA,1997,E,Natural,1,363.0
VA,1997,F,Human,1,1000.0
VA,1998,A,Human,388,49.7
VA,1998,A,Natural,5,0.8
VA,1998,B,Human,657,1221.1
VA,1998,B,Natural,13,50.5
VA,1998,C,Human,82,1954.5
VA,1998,C,Natural,10,322.5
VA,1998,D,Human,9,1399.0
VA,1998,E,Human,1,400.0
VA,1998,E,Natural,1,650.0
VA,1998,F,Human,2,3231.0
VA,1999,A,Human,445,61.1
VA,1999,A,Natural,23,2.7
VA,1999,B,Human,848,1717.6
VA,1999,B,Natural,62,149.7
VA,1999,C,Human,141,3789.5
VA,1999,C,Missing data/not specified/undetermined,2,35.0
VA,1999,C,Natural,37,1061.6
VA,1999,D,Human,10,1715.0
VA,1999,D,Natural,3,486.0
VA,1999,E,Human,7,3429.0
VA,1999,E,Natural,1,400.0
VA,1999,F,Human,4,6419.0
VA,2000,A,Human,312,42.5
VA,2000,A,Natural,18,2.0
VA,2000,B,Human,515,998.9
VA,2000,B,Natural,12,29.8
VA,2000,C,Human,96,2819.0
VA,2000,C,Missing data/not specified/undetermined,1,60.0
VA,2000,C,Natural,13,362.0
VA,2000,D,Human,9,1304.0
VA,2000,D,Natural,1,127.0
VA,2000,E,Human,6,2500.0
VA,2000,E,Natural,2,681.6
VA,2000,F,Human,1,1113.0
VA,2000,G,Human,2,22152.0
VA,2001,A,Human,573,78.2
VA,2001,A,Natural,4,0.5
VA,2001,B,Human,1258,2369.7
VA,2001,B,Natural,18,50.1
VA,2001,C,Human,188,5126.6
VA,2001,C,Missing data/not specified/undetermined,2,160.0
VA,2001,C,Natural,20,774.0
VA,2001,D,Human,26,4584.0
VA,2001,E,Human,8,4456.0
VA,2001,E,Natural,2,1010.0
VA,2001,F,Human,2,2297.0
VA,2002,A,Human,417,51.300000000000004
VA,2002,A,Missing data/not specified/undetermined,1,0.1
VA,2002,A,Natural,48,5.9
VA,2002,B,Human,849,1587.1
VA,2002,B,Natural,97,273.7
VA,2002,C,Human,106,2938.2
VA,2002,C,Natural,29,984.2
VA,2002,D,Human,12,1591.4
VA,2002,D,Natural,4,619.0
VA,2002,E,Human,1,400.0
VA,2002,E,Natural,5,3143.0
VA,2002,F,Human,2,5346.0
VA,2002,F,Natural,1,2935.0
VA,2003,A,Human,105,13.700000000000001
VA,2003,A,Missing data/not specified/undetermined,2,0.30000000000000004
VA,2003,A,Natural,2,0.2
VA,2003,B,Human,189,464.3
VA,2003,B,Missing data/not specified/undetermined,4,6.3
VA,2003,B,Natural,1,4.0
VA,2003,C,Human,34,927.9
VA,2003,D,Human,6,961.0
VA,2003,F,Human,1,3200.0
VA,2004,A,Human,74,9.3
VA,2004,A,Natural,4,0.55
VA,2004,B,Human,181,402.75
VA,2004,B,Missing data/not specified/undetermined,4,21.0
VA,2004,B,Natural,3,15.0
VA,2004,C,Human,31,974.0
VA,2004,D,Human,1,125.0
VA,2004,D,Natural,1,198.0
VA,2004,E,Human,2,1486.0
VA,2005,A,Human,199,28.3
VA,2005,A,Missing data/not specified/undetermined,3,0.30000000000000004
VA,2005,A,Natural,5,0.8
VA,2005,B,Human,484,1004.35
VA,2005,B,Missing data/not specified/undetermined,5,19.0
VA,2005,B,Natural,6,24.9
VA,2005,C,Human,72,1730.6
VA,2005,C,Natural,3,130.0
VA,2005,D,Human,5,770.0
VA,2005,D,Natural,1,113.0
VA,2005,E,Human,2,1253.29
VA,2005,E,Natural,1,350.0
VA,2006,A,Human,333,47.46
VA,2006,A,Missing data/not specified/undetermined,4,0.5
VA,2006,A,Natural,12,1.7000000000000002
VA,2006,B,Human,711,1485.0
VA,2006,B,Missing data/not specified/undetermined,6,22.3
VA,2006,B,Natural,34,73.6
VA,2006,C,Human,121,3206.9
VA,2006,C,Natural,18,616.5
VA,2006,D,Human,12,2100.0
VA,2006,D,Natural,1,250.0
VA,2006,E,Human,7,3732.0
VA,2006,E,Missing data/not specified/undetermined,1,400.0
VA,2006,E,Natural,3,1238.6
VA,2006,F,Human,3,5946.0
VA,2006,F,Natural,2,4846.0
VA,2007,A,Human,430,58.25
VA,2007,A,Missing data/not specified/undetermined,5,0.5
VA,2007,A,Natural,22,3.1100000000000003
VA,2007,B,Human,753,1503.03
VA,2007,B,Missing data/not specified/undetermined,10,18.7
VA,2007,B,Natural,47,124.5
VA,2007,C,Human,127,3403.7
VA,2007,C,Missing data/not specified/undetermined,1,50.0
VA,2007,C,Natural,18,454.7
VA,2007,D,Human,15,2626.0
VA,2007,D,Natural,6,1093.0
VA,2007,E,Human,7,3304.0
VA,2007,E,Natural,3,1135.0
VA,2007,F,Human,2,2120.0
VA,2008,A,Human,304,40.45
VA,2008,A,Natural,12,1.7000000000000002
VA,2008,B,Human,695,1415.5
VA,2008,B,Missing data/not specified/undetermined,1,1.0
VA,2008,B,Natural,39,97.4
VA,2008,C,Human,177,5564.9
VA,2008,C,Natural,8,345.0
VA,2008,D,Human,28,4430.8
VA,2008,E,Human,9,4470.0
VA,2008,E,Natural,5,2423.0
VA,2008,F,Human,10,25303.3
VA,2009,A,Human,214,30.48
VA,2009,A,Missing data/not specified/undetermined,2,0.2
VA,2009,A,Natural,5,0.41000000000000003
VA,2009,B,Human,453,985.95
VA,2009,B,Natural,10,25.8
VA,2009,C,Human,80,2552.2
VA,2009,C,Natural,1,64.0
VA,2009,D,Human,13,2213.2
VA,2009,E,Human,6,2160.0
VA,2010,A,Human,230,30.28
VA,2010,A,Missing data/not specified/undetermined,2,0.2
VA,2010,A,Natural,9,1.05
VA,2010,B,Human,613,1139.6
VA,2010,B,Natural,37,67.9
VA,2010,C,Human,86,2307.9
VA,2010,C,Missing data/not specified/undetermined,1,40.0
VA,2010,C,Natural,15,603.7
VA,2010,D,Human,20,3268.0
VA,2010,D,Natural,6,848.0
VA,2010,E,Human,4,1936.0
VA,2010,E,Natural,2,1195.0
VA,2011,A,Human,146,18.98
VA,2011,A,Missing data/not specified/undetermined,1,0.1
VA,2011,A,Natural,13,1.5
VA,2011,B,Human,487,1099.8
VA,2011,B,Natural,25,88.4
VA,2011,C,Human,102,3216.1
VA,2011,C,Missing data/not specified/undetermined,1,75.0
VA,2011,C,Natural,8,258.5
VA,2011,D,Human,12,1938.5
VA,2011,D,Missing data/not specified/undetermined,1,180.0
VA,2011,D,Natural,2,332.0
VA,2011,E,Human,11,6672.0
VA,2011,F,Human,2,4553.0
VA,2011,G,Natural,1,6574.0
VA,2012,A,Human,145,18.880000000000003
VA,2012,A,Missing data/not specified/undetermined,1,0.2
VA,2012,A,Natural,17,1.9000000000000001
VA,2012,B,Human,363,700.08
VA,2012,B,Missing data/not specified/undetermined,1,2.0
VA,2012,B,Natural,73,168.1
VA,2012,C,Human,48,1432.62
VA,2012,C,Missing data/not specified/undetermined,1,27.0
VA,2012,C,Natural,18,384.0
VA,2012,D,Human,6,764.0
VA,2012,D,Missing data/not specified/undetermined,1,181.0
VA,2012,E,Human,5,3157.0
VA,2012,F,Human,1,3717.0
VA,2012,F,Natural,2,3338.0
VA,2012,G,Human,3,34186.0
VA,2013,A,Human,141,18.1
VA,2013,A,Natural,1,0.1
VA,2013,B,Human,374,749.35
VA,2013,B,Natural,8,18.1
VA,2013,C,Human,47,1358.1
VA,2013,D,Human,7,1160.8
VA,2013,E,Human,2,1058.0
VA,2013,F,Human,1,1509.0
VA,2014,A,Human,140,19.55
VA,2014,A,Natural,3,0.45
VA,2014,B,Human,546,1278.94
VA,2014,B,Missing data/not specified/undetermined,1,0.5
VA,2014,B,Natural,9,14.8
VA,2014,C,Human,98,3043.3
VA,2014,C,Natural,1,19.0
VA,2014,D,Human,14,2618.0
VA,2014,E,Human,8,4224.0
VA,2014,F,Human,1,1348.0
VA,2015,A,Human,105,13.3
VA,2015,A,Natural,7,0.7000000000000001
VA,2015,B,Human,393,771.1
VA,2015,B,Missing data/not specified/undetermined,2,17.7
VA,2015,B,Natural,9,19.8
VA,2015,C,Human,69,2049.2
VA,2015,C,Natural,4,196.0
VA,2015,D,Human,5,614.3
VA,2015,E,Human,1,644.0
VA,2015,E,Natural,1,326.0
VA,2015,F,Human,1,1676.0
VA,2016,A,Human,143,18.0
VA,2016,A,Natural,5,0.6000000000000001
VA,2016,B,Human,405,798.5
VA,2016,B,Natural,6,18.7
VA,2016,C,Human,86,2985.8
VA,2016,C,Natural,5,96.0
VA,2016,D,Human,20,3373.0
VA,2016,E,Human,9,4995.0
VA,2016,F,Human,1,1614.0
VA,2016,G,Human,2,21555.0
VA,2017,A,Human,119,15.510000000000002
VA,2017,A,Natural,4,0.5
VA,2017,B,Human,389,784.85
VA,2017,B,Natural,9,31.9
VA,2017,C,Human,63,2015.6
VA,2017,C,Natural,4,149.0
VA,2017,D,Human,5,921.0
VA,2017,F,Human,1,3058.8
VA,2018,A,Human,127,16.25
VA,2018,A,Natural,2,0.2
VA,2018,B,Human,428,919.08
VA,2018,B,Natural,4,12.67
VA,2018,C,Human,65,1695.3
VA,2018,C,Natural,1,21.0
VA,2018,D,Human,6,1079.0
VA,2018,E,Human,4,1378.0
VA,2018,F,Human,2,3057.0
VA,2019,A,Human,88,11.09
VA,2019,A,Natural,6,0.7100000000000001
VA,2019,B,Human,235,505.96
VA,2019,B,Natural,7,12.7
VA,2019,C,Human,45,1487.1
VA,2019,C,Natural,6,216.5
VA,2019,D,Human,2,240.0
VA,2019,E,Missing data/not specified/undetermined,1,745.0
VA,2020,A,Human,91,12.600000000000001
VA,2020,A,Natural,5,0.5
VA,2020,B,Human,236,469.94
VA,2020,B,Missing data/not specified/undetermined,1,2.0
VA,2020,B,Natural,12,38.6
VA,2020,C,Human,41,1204.8
VA,2020,C,Missing data/not specified/undetermined,1,11.0
VA,2020,C,Natural,6,217.0
VA,2020,D,Human,6,888.0
VA,2020,D,Natural,2,273.0
VA,2020,E,Human,3,1420.0
VA,2020,F,Human,1,1000.0
VT,1992,D,Human,1,270.0
VT,1993,B,Natural,1,3.0
VT,1994,A,Human,2,0.2
VT,1994,B,Human,3,9.1
VT,1994,C,Human,1,16.0
VT,1995,A,Human,1,0.2
VT,1995,B,Human,1,1.0
VT,1997,B,Human,2,3.0
VT,1998,B,Human,1,2.0
VT,1998,C,Human,1,12.0
VT,1999,B,Human,2,9.0
VT,1999,B,Natural,1,1.5
VT,2002,A,Human,3,0.30000000000000004
VT,2002,B,Human,3,4.5
VT,2003,A,Human,1,0.1
VT,2003,A,Missing data/not specified/undetermined,1,0.1
VT,2003,B,Human,6,7.0
VT,2003,B,Natural,1,1.0
VT,2004,A,Human,4,0.7000000000000001
VT,2004,A,Missing data/not specified/undetermined,1,0.1
VT,2004,A,Natural,1,0.1
VT,2004,B,Human,7,5.3
VT,2004,B,Missing data/not specified/undetermined,3,9.5
VT,2005,A,Human,4,0.5
VT,2005,A,Missing data/not specified/undetermined,7,0.9
VT,2005,B,Human,10,13.0
VT,2005,B,Missing data/not specified/undetermined,5,8.8
VT,2006,A,Human,2,0.15000000000000002
VT,2006,B,Human,2,5.8
VT,2007,A,Human,3,0.25
VT,2007,B,Human,1,0.5
VT,2007,C,Human,1,10.0
VT,2008,A,Human,2,0.2
VT,2008,B,Human,1,0.5
VT,2008,B,Missing data/not specified/undetermined,1,5.0
VT,2008,C,Human,1,13.0
VT,2009,B,Human,1,0.5
VT,2010,A,Human,1,0.25
VT,2010,A,Natural,1,0.1
VT,2012,A,Human,39,4.157
VT,2012,A,Natural,1,0.001
VT,2012,B,Human,52,116.63
VT,2012,B,Natural,1,3.0
VT,2012,C,Human,3,112.7
VT,2012,D,Human,1,120.0
VT,2013,A,Human,46,5.718
VT,2013,B,Human,73,148.08
VT,2013,C,Human,7,121.5
VT,2014,A,Human,15,2.111
VT,2014,B,Human,37,72.5
VT,2014,C,Human,3,88.5
VT,2015,A,Human,29,3.942
VT,2015,A,Natural,2,0.060000000000000005
VT,2015,B,Human,52,120.42
VT,2015,C,Human,3,85.0
VT,2015,D,Human,1,137.0
VT,2016,A,Human,45,4.948
VT,2016,A,Natural,1,0.001
VT,2016,B,Human,65,121.86
VT,2016,B,Natural,1,2.0
VT,2016,C,Human,4,87.0
VT,2017,A,Human,26,2.892
VT,2017,A,Natural,1,0.25
VT,2017,B,Human,19,39.75
VT,2017,B,Natural,1,4.0
VT,2018,A,Human,27,3.74
VT,2018,A,Natural,1,0.1
VT,2018,B,Human,21,27.63
VT,2018,B,Natural,1,1.0
VT,2018,C,Human,2,71.6
VT,2019,A,Human,12,1.1300000000000001
VT,2019,B,Human,7,21.3
VT,2020,A,Human,43,3.9917000000000002
VT,2020,A,Natural,2,0.11
VT,2020,B,Human,42,68.14
VT,2020,B,Natural,1,2.08
VT,2020,C,Human,3,60.0
WA,1992,A,Human,757,85.35000000000001
WA,1992,A,Missing data/not specified/undetermined,2,0.2
WA,1992,A,Natural,304,33.9
WA,1992,B,Human,428,786.5
WA,1992,B,Missing data/not specified/undetermined,1,5.0
WA,1992,B,Natural,153,256.1
WA,1992,C,Human,66,2054.7
WA,1992,C,Natural,26,714.0
WA,1992,D,Human,10,1678.0
WA,1992,D,Natural,5,887.0
WA,1992,E,Human,7,4222.0
WA,1992,E,Natural,1,500.0
WA,1992,F,Human,8,19536.5
WA,1992,F,Missing data/not specified/undetermined,1,1719.0
WA,1992,F,Natural,2,8190.0
WA,1992,G,Human,2,42027.8
WA,1992,G,Natural,1,6985.0
WA,1993,A,Human,491,55.900000000000006
WA,1993,A,Missing data/not specified/undetermined,2,0.2
WA,1993,A,Natural,149,17.2
WA,1993,B,Human,236,346.1
WA,1993,B,Missing data/not specified/undetermined,2,1.5
WA,1993,B,Natural,40,44.5
WA,1993,C,Human,39,957.0
WA,1993,C,Natural,4,141.0
WA,1993,D,Human,9,1598.6
WA,1993,D,Missing data/not specified/undetermined,1,111.0
WA,1993,D,Natural,2,284.0
WA,1993,E,Human,8,4957.0
WA,1993,E,Natural,1,410.0
WA,1993,F,Human,1,1000.0
WA,1993,G,Human,1,12705.0
WA,1994,A,Human,706,79.80000000000001
WA,1994,A,Missing data/not specified/undetermined,1,0.1
WA,1994,A,Natural,416,48.800000000000004
WA,1994,B,Human,410,615.6
WA,1994,B,Missing data/not specified/undetermined,7,8.4
WA,1994,B,Natural,282,399.3
WA,1994,C,Human,81,2371.5
WA,1994,C,Natural,43,1609.5
WA,1994,D,Human,16,2325.0
WA,1994,D,Natural,18,2895.0
WA,1994,E,Human,5,2298.0
WA,1994,E,Natural,11,6768.0
WA,1994,F,Human,5,9948.0
WA,1994,F,Natural,14,35496.0
WA,1994,G,Human,1,29435.0
WA,1994,G,Natural,5,177140.0
WA,1995,A,Human,546,62.6
WA,1995,A,Missing data/not specified/undetermined,1,0.1
WA,1995,A,Natural,143,16.5
WA,1995,B,Human,382,618.3
WA,1995,B,Missing data/not specified/undetermined,3,3.0
WA,1995,B,Natural,79,105.5
WA,1995,C,Human,39,1189.2
WA,1995,C,Natural,9,137.6
WA,1995,D,Human,4,805.0
WA,1995,D,Missing data/not specified/undetermined,1,200.0
WA,1995,D,Natural,2,269.7
WA,1995,E,Human,2,1520.0
WA,1995,E,Natural,1,596.0
WA,1995,F,Human,1,1204.3
WA,1996,A,Human,464,52.45
WA,1996,A,Missing data/not specified/undetermined,1,0.1
WA,1996,A,Natural,120,13.100000000000001
WA,1996,B,Human,343,663.85
WA,1996,B,Missing data/not specified/undetermined,1,3.0
WA,1996,B,Natural,68,123.7
WA,1996,C,Human,43,1322.1
WA,1996,C,Natural,12,494.6
WA,1996,D,Human,10,1469.2
WA,1996,D,Natural,2,332.0
WA,1996,E,Human,11,5611.0
WA,1996,F,Human,7,16101.0
WA,1996,F,Natural,3,6350.0
WA,1996,G,Human,5,107148.0
WA,1996,G,Natural,1,8450.0
WA,1997,A,Human,379,43.0
WA,1997,A,Missing data/not specified/undetermined,1,0.1
WA,1997,A,Natural,247,26.900000000000002
WA,1997,B,Human,221,387.2
WA,1997,B,Missing data/not specified/undetermined,5,9.5
WA,1997,B,Natural,88,96.7
WA,1997,C,Human,24,755.8
WA,1997,C,Natural,14,432.9
WA,1997,D,Human,4,941.0
WA,1997,D,Natural,3,320.0
WA,1997,E,Human,6,3879.0
WA,1997,E,Natural,2,720.0
WA,1997,F,Human,2,2951.0
WA,1997,G,Human,1,5500.0
WA,1997,G,Natural,2,11500.0
WA,1998,A,Human,583,66.9
WA,1998,A,Missing data/not specified/undetermined,1,0.1
WA,1998,A,Natural,294,33.6
WA,1998,B,Human,349,519.9
WA,1998,B,Missing data/not specified/undetermined,1,2.0
WA,1998,B,Natural,152,239.5
WA,1998,C,Human,39,1326.2
WA,1998,C,Natural,18,702.7
WA,1998,D,Human,10,1602.8
WA,1998,D,Missing data/not specified/undetermined,1,107.0
WA,1998,D,Natural,4,706.0
WA,1998,E,Human,2,1183.0
WA,1998,E,Missing data/not specified/undetermined,1,960.0
WA,1998,E,Natural,5,2105.4
WA,1998,F,Human,5,11007.5
WA,1998,F,Natural,3,4432.0
WA,1998,G,Human,2,26020.0
WA,1998,G,Natural,6,60606.0
WA,1999,A,Human,537,61.17
WA,1999,A,Natural,272,30.1
WA,1999,B,Human,442,788.9
WA,1999,B,Missing data/not specified/undetermined,2,1.4
WA,1999,B,Natural,105,121.8
WA,1999,C,Human,66,1955.8
WA,1999,C,Natural,17,487.2
WA,1999,D,Human,12,2058.5
WA,1999,D,Natural,4,782.0
WA,1999,E,Human,8,4124.7
WA,1999,E,Missing data/not specified/undetermined,1,925.0
WA,1999,E,Natural,3,1175.6
WA,1999,F,Human,5,11663.0
WA,1999,F,Natural,1,2000.0
WA,2000,A,Human,491,56.800000000000004
WA,2000,A,Missing data/not specified/undetermined,1,0.1
WA,2000,A,Natural,136,15.9
WA,2000,B,Human,388,666.1
WA,2000,B,Missing data/not specified/undetermined,2,5.5
WA,2000,B,Natural,89,136.5
WA,2000,C,Human,61,1869.2
WA,2000,C,Natural,15,373.5
WA,2000,D,Human,8,1274.0
WA,2000,D,Missing data/not specified/undetermined,1,100.0
WA,2000,D,Natural,6,836.0
WA,2000,E,Human,10,6080.0
WA,2000,E,Natural,4,2488.0
WA,2000,F,Human,5,7452.0
WA,2000,F,Natural,1,1000.0
WA,2000,G,Human,3,183493.0
WA,2000,G,Missing data/not specified/undetermined,2,12580.0
WA,2000,G,Natural,4,72906.0
WA,2001,A,Human,443,49.0
WA,2001,A,Missing data/not specified/undetermined,2,0.30000000000000004
WA,2001,A,Natural,153,17.7
WA,2001,B,Human,324,580.4
WA,2001,B,Missing data/not specified/undetermined,4,13.0
WA,2001,B,Natural,99,172.0
WA,2001,C,Human,56,1944.0
WA,2001,C,Missing data/not specified/undetermined,4,119.0
WA,2001,C,Natural,19,510.1
WA,2001,D,Human,8,1477.5
WA,2001,D,Natural,4,887.0
WA,2001,E,Human,10,5474.0
WA,2001,E,Natural,10,4924.1
WA,2001,F,Human,8,23127.0
WA,2001,F,Natural,5,9215.0
WA,2001,G,Human,4,63739.0
WA,2001,G,Natural,5,111531.0
WA,2002,A,Human,538,61.870000000000005
WA,2002,A,Missing data/not specified/undetermined,1,0.1
WA,2002,A,Natural,232,27.400000000000002
WA,2002,B,Human,391,630.5
WA,2002,B,Missing data/not specified/undetermined,1,5.0
WA,2002,B,Natural,143,216.4
WA,2002,C,Human,59,1795.9
WA,2002,C,Missing data/not specified/undetermined,2,96.0
WA,2002,C,Natural,19,480.6
WA,2002,D,Human,10,1390.0
WA,2002,D,Natural,3,509.0
WA,2002,E,Human,6,2759.0
WA,2002,E,Natural,2,1079.0
WA,2002,F,Human,7,16534.0
WA,2002,F,Natural,1,4286.0
WA,2002,G,Human,2,53740.5
WA,2002,G,Natural,1,7858.0
WA,2003,A,Human,567,67.15
WA,2003,A,Missing data/not specified/undetermined,2,0.2
WA,2003,A,Natural,205,24.94
WA,2003,B,Human,406,691.5
WA,2003,B,Missing data/not specified/undetermined,3,6.0
WA,2003,B,Natural,135,223.02
WA,2003,C,Human,50,1524.9
WA,2003,C,Natural,10,344.0
WA,2003,D,Human,12,2372.9
WA,2003,D,Natural,5,919.0
WA,2003,E,Human,6,3027.0
WA,2003,E,Natural,6,2726.0
WA,2003,F,Human,12,20432.0
WA,2003,F,Missing data/not specified/undetermined,1,1334.0
WA,2003,F,Natural,6,15011.0
WA,2003,G,Human,3,37709.0
WA,2003,G,Natural,4,113128.0
WA,2004,A,Human,463,52.900000000000006
WA,2004,A,Missing data/not specified/undetermined,22,2.4000000000000004
WA,2004,A,Natural,475,54.24
WA,2004,B,Human,292,482.43
WA,2004,B,Missing data/not specified/undetermined,14,28.0
WA,2004,B,Natural,205,314.63
WA,2004,C,Human,51,1695.3
WA,2004,C,Missing data/not specified/undetermined,4,145.0
WA,2004,C,Natural,27,1023.9
WA,2004,D,Human,7,1060.0
WA,2004,D,Missing data/not specified/undetermined,1,130.0
WA,2004,D,Natural,11,2147.0
WA,2004,E,Human,4,2491.0
WA,2004,E,Missing data/not specified/undetermined,2,1300.0
WA,2004,E,Natural,5,3058.0
WA,2004,F,Human,3,10134.0
WA,2004,F,Natural,1,1257.0
WA,2004,G,Human,1,16424.0
WA,2004,G,Natural,3,51998.0
WA,2005,A,Human,508,59.02
WA,2005,A,Missing data/not specified/undetermined,28,2.16
WA,2005,A,Natural,105,11.620000000000001
WA,2005,B,Human,273,515.32
WA,2005,B,Missing data/not specified/undetermined,18,27.330000000000002
WA,2005,B,Natural,59,79.98
WA,2005,C,Human,47,1417.72
WA,2005,C,Missing data/not specified/undetermined,7,223.5
WA,2005,C,Natural,5,114.5
WA,2005,D,Human,13,1960.0
WA,2005,D,Missing data/not specified/undetermined,2,284.0
WA,2005,D,Natural,1,123.0
WA,2005,E,Human,7,3647.0
WA,2005,F,Human,7,12733.0
WA,2005,F,Missing data/not specified/undetermined,2,6917.0
WA,2005,G,Human,4,75359.0
WA,2005,G,Missing data/not specified/undetermined,3,35400.0
WA,2006,A,Human,636,74.12
WA,2006,A,Missing data/not specified/undetermined,122,12.030000000000001
WA,2006,A,Natural,199,24.73
WA,2006,B,Human,366,590.05
WA,2006,B,Missing data/not specified/undetermined,44,58.85
WA,2006,B,Natural,100,169.25
WA,2006,C,Human,55,1649.98
WA,2006,C,Missing data/not specified/undetermined,3,63.0
WA,2006,C,Natural,11,371.5
WA,2006,D,Human,11,1859.5
WA,2006,D,Missing data/not specified/undetermined,1,280.0
WA,2006,D,Natural,1,100.1
WA,2006,E,Human,5,2377.0
WA,2006,E,Missing data/not specified/undetermined,1,800.0
WA,2006,E,Natural,4,2371.0
WA,2006,F,Human,4,5450.0
WA,2006,F,Missing data/not specified/undetermined,1,2500.0
WA,2006,F,Natural,4,7979.0
WA,2006,G,Human,3,21385.0
WA,2006,G,Missing data/not specified/undetermined,1,5000.0
WA,2006,G,Natural,5,345366.0
WA,2007,A,Human,616,62.67
WA,2007,A,Missing data/not specified/undetermined,15,1.3
WA,2007,A,Natural,166,18.89
WA,2007,B,Human,283,580.31
WA,2007,B,Missing data/not specified/undetermined,8,28.0
WA,2007,B,Natural,63,119.0
WA,2007,C,Human,71,2000.0
WA,2007,C,Missing data/not specified/undetermined,6,175.0
WA,2007,C,Natural,11,402.2
WA,2007,D,Human,14,2246.0
WA,2007,D,Missing data/not specified/undetermined,1,164.0
WA,2007,D,Natural,7,1146.0
WA,2007,E,Human,8,4416.4
WA,2007,E,Missing data/not specified/undetermined,1,400.0
WA,2007,E,Natural,3,1150.0
WA,2007,F,Human,9,19618.0
WA,2007,F,Missing data/not specified/undetermined,1,4704.0
WA,2007,F,Natural,8,14744.0
WA,2007,G,Human,4,59934.0
WA,2007,G,Missing data/not specified/undetermined,2,78641.0
WA,2007,G,Natural,5,73914.0
WA,2008,A,Human,581,58.24
WA,2008,A,Missing data/not specified/undetermined,4,0.6000000000000001
WA,2008,A,Natural,368,42.89
WA,2008,B,Human,269,586.19
WA,2008,B,Missing data/not specified/undetermined,1,1.0
WA,2008,B,Natural,139,266.1
WA,2008,C,Human,59,1635.0
WA,2008,C,Missing data/not specified/undetermined,2,40.0
WA,2008,C,Natural,17,688.4
WA,2008,D,Human,12,1828.6
WA,2008,D,Natural,6,964.0
WA,2008,E,Human,5,2907.5
WA,2008,E,Missing data/not specified/undetermined,1,700.0
WA,2008,E,Natural,5,2997.0
WA,2008,F,Human,10,19775.9
WA,2008,F,Missing data/not specified/undetermined,3,6772.0
WA,2008,F,Natural,4,9835.0
WA,2008,G,Human,3,56268.0
WA,2008,G,Missing data/not specified/undetermined,1,12513.0
WA,2009,A,Human,684,72.65
WA,2009,A,Missing data/not specified/undetermined,4,0.5
WA,2009,A,Natural,582,62.93
WA,2009,B,Human,332,583.66
WA,2009,B,Missing data/not specified/undetermined,4,14.0
WA,2009,B,Natural,259,446.14
WA,2009,C,Human,54,1656.46
WA,2009,C,Missing data/not specified/undetermined,2,58.0
WA,2009,C,Natural,36,1090.75
WA,2009,D,Human,5,1139.2
WA,2009,D,Natural,12,2283.0
WA,2009,E,Human,6,2430.0
WA,2009,E,Missing data/not specified/undetermined,1,300.0
WA,2009,E,Natural,11,5827.0
WA,2009,F,Human,3,6073.0
WA,2009,F,Natural,3,6517.0
WA,2009,G,Natural,2,58509.0
WA,2010,A,Human,469,46.06
WA,2010,A,Missing data/not specified/undetermined,10,1.6
WA,2010,A,Natural,216,24.85
WA,2010,B,Human,181,290.85
WA,2010,B,Missing data/not specified/undetermined,8,15.5
WA,2010,B,Natural,85,120.7
WA,2010,C,Human,33,1043.64
WA,2010,C,Missing data/not specified/undetermined,1,50.0
WA,2010,C,Natural,10,442.5
WA,2010,D,Human,8,1152.1
WA,2010,D,Missing data/not specified/undetermined,2,200.0
WA,2010,D,Natural,3,395.0
WA,2010,E,Human,2,1075.0
WA,2010,E,Missing data/not specified/undetermined,1,400.0
WA,2010,E,Natural,4,3136.0
WA,2010,F,Human,3,7310.0
WA,2010,F,Missing data/not specified/undetermined,2,2265.0
WA,2010,F,Natural,4,10403.0
WA,2010,G,Human,4,54438.0
WA,2010,G,Missing data/not specified/undetermined,1,11500.0
WA,2011,A,Human,594,50.190000000000005
WA,2011,A,Missing data/not specified/undetermined,4,0.4
WA,2011,A,Natural,69,7.83
WA,2011,B,Human,268,474.83
WA,2011,B,Missing data/not specified/undetermined,6,10.9
WA,2011,B,Natural,29,47.7
WA,2011,C,Human,29,891.2
WA,2011,C,Missing data/not specified/undetermined,1,25.0
WA,2011,C,Natural,3,98.0
WA,2011,D,Human,10,1755.2
WA,2011,E,Human,6,3034.0
WA,2011,F,Human,7,16210.0
WA,2011,F,Natural,1,4002.0
WA,2011,G,Human,1,11008.0
WA,2011,G,Missing data/not specified/undetermined,1,5000.0
WA,2012,A,Human,600,58.370000000000005
WA,2012,A,Missing data/not specified/undetermined,3,0.4
WA,2012,A,Natural,254,26.85
WA,2012,B,Human,298,625.64
WA,2012,B,Missing data/not specified/undetermined,6,5.9
WA,2012,B,Natural,121,220.39
WA,2012,C,Human,51,1687.8
WA,2012,C,Missing data/not specified/undetermined,2,71.1
WA,2012,C,Natural,22,654.6
WA,2012,D,Human,13,2069.5
WA,2012,D,Missing data/not specified/undetermined,2,371.0
WA,2012,D,Natural,12,2413.35
WA,2012,E,Human,5,2588.0
WA,2012,E,Natural,6,3064.0
WA,2012,F,Human,6,12612.0
WA,2012,F,Missing data/not specified/undetermined,2,4138.0
WA,2012,F,Natural,11,18707.4
WA,2012,G,Human,5,67068.0
WA,2012,G,Natural,10,168999.11
WA,2013,A,Human,530,51.02
WA,2013,A,Missing data/not specified/undetermined,6,0.9
WA,2013,A,Natural,355,36.52
WA,2013,B,Human,242,469.41
WA,2013,B,Missing data/not specified/undetermined,9,32.6
WA,2013,B,Natural,124,236.41
WA,2013,C,Human,43,1380.4
WA,2013,C,Missing data/not specified/undetermined,1,39.0
WA,2013,C,Natural,28,885.5
WA,2013,D,Human,11,1817.9
WA,2013,D,Missing data/not specified/undetermined,2,365.0
WA,2013,D,Natural,4,851.0
WA,2013,E,Human,3,1618.0
WA,2013,E,Missing data/not specified/undetermined,2,823.0
WA,2013,E,Natural,4,1776.0
WA,2013,F,Human,4,7559.0
WA,2013,F,Missing data/not specified/undetermined,1,3280.0
WA,2013,F,Natural,5,10508.0
WA,2013,G,Human,2,106146.0
WA,2013,G,Missing data/not specified/undetermined,1,10130.0
WA,2013,G,Natural,1,5541.0
WA,2014,A,Human,626,56.67
WA,2014,A,Missing data/not specified/undetermined,4,0.6000000000000001
WA,2014,A,Natural,328,30.720000000000002
WA,2014,B,Human,335,619.33
WA,2014,B,Missing data/not specified/undetermined,4,4.9
WA,2014,B,Natural,108,241.71
WA,2014,C,Human,75,2155.84
WA,2014,C,Missing data/not specified/undetermined,1,45.0
WA,2014,C,Natural,22,702.55
WA,2014,D,Human,16,2502.9
WA,2014,D,Natural,9,1513.6
WA,2014,E,Human,9,5189.0
WA,2014,E,Natural,5,2847.0
WA,2014,F,Human,5,8496.1
WA,2014,F,Natural,8,20787.3
WA,2014,G,Human,4,66495.2
WA,2014,G,Missing data/not specified/undetermined,1,11375.0
WA,2014,G,Natural,7,326837.5
WA,2015,A,Human,734,77.33
WA,2015,A,Natural,251,28.32
WA,2015,B,Human,408,774.57
WA,2015,B,Missing data/not specified/undetermined,2,10.5
WA,2015,B,Natural,146,272.23
WA,2015,C,Human,68,2210.45
WA,2015,C,Natural,20,573.9
WA,2015,D,Human,23,3477.4
WA,2015,D,Natural,15,2465.99
WA,2015,E,Human,15,7858.9
WA,2015,E,Missing data/not specified/undetermined,2,1335.0
WA,2015,E,Natural,16,8117.8
WA,2015,F,Human,10,23192.0
WA,2015,F,Missing data/not specified/undetermined,2,3550.0
WA,2015,F,Natural,6,17228.0
WA,2015,G,Human,6,342312.4
WA,2015,G,Natural,17,748161.59
WA,2016,A,Human,710,70.11
WA,2016,A,Missing data/not specified/undetermined,1,0.1
WA,2016,A,Natural,97,9.25
WA,2016,B,Human,297,514.45
WA,2016,B,Natural,44,81.13
WA,2016,C,Human,53,1856.75
WA,2016,C,Natural,8,346.2
WA,2016,D,Human,10,1836.8
WA,2016,D,Missing data/not specified/undetermined,1,230.0
WA,2016,D,Natural,2,390.0
WA,2016,E,Human,10,5243.0
WA,2016,E,Natural,4,2323.4
WA,2016,F,Human,12,25745.1
WA,2016,F,Missing data/not specified/undetermined,2,7313.0
WA,2016,F,Natural,3,7713.0
WA,2016,G,Human,7,229733.0
WA,2016,G,Missing data/not specified/undetermined,3,26883.0
WA,2017,A,Human,749,66.87
WA,2017,A,Natural,65,6.91
WA,2017,B,Human,340,584.64
WA,2017,B,Missing data/not specified/undetermined,1,0.5
WA,2017,B,Natural,40,70.28
WA,2017,C,Human,61,2033.52
WA,2017,C,Natural,10,299.8
WA,2017,D,Human,13,2423.1
WA,2017,D,Missing data/not specified/undetermined,3,599.0
WA,2017,D,Natural,3,512.0
WA,2017,E,Human,15,7555.83
WA,2017,E,Missing data/not specified/undetermined,8,3974.0
WA,2017,E,Natural,3,1378.2
WA,2017,F,Human,11,23155.8
WA,2017,F,Missing data/not specified/undetermined,2,4000.0
WA,2017,F,Natural,6,21646.0
WA,2017,G,Human,5,163161.8
WA,2017,G,Missing data/not specified/undetermined,3,107354.0
WA,2017,G,Natural,5,106127.8
WA,2018,A,Human,833,78.17
WA,2018,A,Natural,159,17.16
WA,2018,B,Human,419,863.8
WA,2018,B,Missing data/not specified/undetermined,2,2.8
WA,2018,B,Natural,81,159.35
WA,2018,C,Human,77,2488.92
WA,2018,C,Natural,19,534.1
WA,2018,D,Human,19,3473.3
WA,2018,D,Missing data/not specified/undetermined,1,200.0
WA,2018,D,Natural,4,489.0
WA,2018,E,Human,14,8012.1
WA,2018,E,Missing data/not specified/undetermined,1,875.0
WA,2018,E,Natural,6,2874.0
WA,2018,F,Human,17,42013.2
WA,2018,F,Missing data/not specified/undetermined,3,7876.0
WA,2018,F,Natural,2,6125.1
WA,2018,G,Human,5,170918.1
WA,2018,G,Missing data/not specified/undetermined,2,35081.0
WA,2018,G,Natural,7,146825.0
WA,2019,A,Human,686,60.080000000000005
WA,2019,A,Natural,270,26.76
WA,2019,B,Human,294,517.59
WA,2019,B,Missing data/not specified/undetermined,1,1.2
WA,2019,B,Natural,89,139.22
WA,2019,C,Human,60,1755.36
WA,2019,C,Missing data/not specified/undetermined,1,15.8
WA,2019,C,Natural,26,724.89
WA,2019,D,Human,11,1792.5
WA,2019,D,Missing data/not specified/undetermined,1,253.0
WA,2019,D,Natural,4,577.0
WA,2019,E,Human,4,1744.9
WA,2019,E,Natural,2,1579.0
WA,2019,F,Human,4,8387.3
WA,2019,F,Natural,3,5862.0
WA,2019,G,Human,3,58218.7
WA,2019,G,Missing data/not specified/undetermined,1,22672.0
WA,2019,G,Natural,2,50961.0
WA,2020,A,Human,770,88.0
WA,2020,A,Missing data/not specified/undetermined,187,21.810000000000002
WA,2020,A,Natural,65,7.83
WA,2020,B,Human,260,505.08
WA,2020,B,Missing data/not specified/undetermined,84,136.94
WA,2020,B,Natural,25,31.73
WA,2020,C,Human,49,1596.1
WA,2020,C,Missing data/not specified/undetermined,14,585.9
WA,2020,C,Natural,6,201.2
WA,2020,D,Human,19,3322.03
WA,2020,D,Missing data/not specified/undetermined,4,764.0
WA,2020,D,Natural,1,175.0
WA,2020,E,Human,8,4878.2
WA,2020,E,Missing data/not specified/undetermined,4,2073.0
WA,2020,E,Natural,2,1085.0
WA,2020,F,Human,6,11130.0
WA,2020,F,Missing data/not specified/undetermined,3,6731.0
WA,2020,F,Natural,2,5317.0
WA,2020,G,Human,7,219163.2
WA,2020,G,Missing data/not specified/undetermined,8,541971.0
WA,2020,G,Natural,1,24892.0
WI,1992,A,Human,704,68.14
WI,1992,A,Natural,12,0.77
WI,1992,B,Human,508,881.21
WI,1992,B,Missing data/not specified/undetermined,1,2.0
WI,1992,B,Natural,7,14.0
WI,1992,C,Human,44,1138.95
WI,1992,C,Missing data/not specified/undetermined,2,30.0
WI,1992,D,Human,2,284.0
WI,1992,D,Natural,1,100.0
WI,1993,A,Human,502,46.99
WI,1993,A,Natural,2,0.02
WI,1993,B,Human,349,584.93
WI,1993,B,Natural,3,12.55
WI,1993,C,Human,27,798.48
WI,1994,A,Human,997,97.73
WI,1994,A,Natural,12,0.61
WI,1994,B,Human,866,1573.77
WI,1994,B,Missing data/not specified/undetermined,1,4.35
WI,1994,B,Natural,14,20.71
WI,1994,C,Human,75,1789.83
WI,1994,C,Natural,3,86.76
WI,1994,D,Human,1,100.0
WI,1994,E,Human,1,553.0
WI,1994,F,Human,1,1015.0
WI,1995,A,Human,856,79.06
WI,1995,A,Missing data/not specified/undetermined,1,0.01
WI,1995,A,Natural,18,0.85
WI,1995,B,Human,703,1164.49
WI,1995,B,Natural,5,2.3
WI,1995,C,Human,52,1053.58
WI,1995,C,Natural,1,15.0
WI,1996,A,Human,734,71.52
WI,1996,A,Natural,10,0.33
WI,1996,B,Human,651,1094.14
WI,1996,B,Natural,7,18.23
WI,1996,C,Human,57,1510.72
WI,1996,C,Natural,1,46.0
WI,1996,D,Human,1,187.0
WI,1997,A,Human,897,87.16
WI,1997,A,Natural,11,0.5800000000000001
WI,1997,B,Human,718,1144.85
WI,1997,B,Natural,2,9.01
WI,1997,C,Human,44,940.0
WI,1997,C,Natural,1,10.0
WI,1997,D,Human,1,130.0
WI,1997,E,Human,1,300.0
WI,1998,A,Human,907,82.92
WI,1998,A,Missing data/not specified/undetermined,1,0.2
WI,1998,A,Natural,25,1.0
WI,1998,B,Human,598,1012.29
WI,1998,B,Natural,13,14.81
WI,1998,C,Human,60,1421.3
WI,1998,C,Natural,1,23.0
WI,1998,D,Human,5,910.0
WI,1998,E,Human,1,630.0
WI,1999,A,Human,865,81.82000000000001
WI,1999,A,Natural,11,0.7000000000000001
WI,1999,B,Human,658,1112.11
WI,1999,B,Natural,4,3.5
WI,1999,C,Human,58,1423.25
WI,1999,C,Natural,3,73.7
WI,1999,D,Human,2,358.0
WI,1999,E,Human,2,900.0
WI,1999,F,Human,1,1400.0
WI,2000,A,Human,825,76.16
WI,2000,A,Natural,16,0.73
WI,2000,B,Human,636,1158.74
WI,2000,B,Natural,6,14.68
WI,2000,C,Human,86,2346.06
WI,2000,C,Natural,2,108.0
WI,2000,D,Human,4,650.0
WI,2000,E,Human,1,360.0
WI,2000,F,Human,2,2300.0
WI,2001,A,Human,626,53.09
WI,2001,A,Missing data/not specified/undetermined,2,0.02
WI,2001,A,Natural,21,1.26
WI,2001,B,Human,311,493.76
WI,2001,B,Missing data/not specified/undetermined,1,0.3
WI,2001,B,Natural,3,6.33
WI,2001,C,Human,29,809.79
WI,2002,A,Human,533,48.32
WI,2002,A,Missing data/not specified/undetermined,1,0.1
WI,2002,A,Natural,23,1.6700000000000002
WI,2002,B,Human,345,604.82
WI,2002,B,Natural,3,13.15
WI,2002,C,Human,40,1051.5
WI,2002,C,Missing data/not specified/undetermined,1,36.0
WI,2002,D,Human,1,160.0
WI,2002,E,Human,1,325.0
WI,2002,E,Natural,1,360.0
WI,2003,A,Human,1227,107.58
WI,2003,A,Missing data/not specified/undetermined,8,0.29000000000000004
WI,2003,A,Natural,11,0.91
WI,2003,B,Human,892,1646.58
WI,2003,B,Missing data/not specified/undetermined,5,21.98
WI,2003,B,Natural,11,26.05
WI,2003,C,Human,81,1771.43
WI,2003,C,Missing data/not specified/undetermined,1,23.5
WI,2003,C,Natural,1,25.0
WI,2003,D,Human,7,1213.0
WI,2003,E,Human,7,3148.0
WI,2003,F,Human,1,1100.0
WI,2004,A,Human,605,54.17
WI,2004,A,Missing data/not specified/undetermined,12,0.7000000000000001
WI,2004,A,Natural,17,0.74
WI,2004,B,Human,474,765.98
WI,2004,B,Missing data/not specified/undetermined,7,22.09
WI,2004,B,Natural,4,12.6
WI,2004,C,Human,36,954.93
WI,2004,C,Missing data/not specified/undetermined,2,35.4
WI,2004,C,Natural,1,15.3
WI,2004,D,Human,3,493.0
WI,2005,A,Human,868,74.9
WI,2005,A,Missing data/not specified/undetermined,5,0.32
WI,2005,A,Natural,37,1.4000000000000001
WI,2005,B,Human,582,885.26
WI,2005,B,Missing data/not specified/undetermined,2,1.99
WI,2005,B,Natural,13,30.29
WI,2005,C,Human,51,1237.4
WI,2005,C,Missing data/not specified/undetermined,2,69.75
WI,2005,D,Human,3,652.0
WI,2005,D,Missing data/not specified/undetermined,1,150.0
WI,2005,F,Human,1,3410.0
WI,2006,A,Human,1005,81.25
WI,2006,A,Natural,38,2.41
WI,2006,B,Human,538,866.72
WI,2006,B,Missing data/not specified/undetermined,2,7.3
WI,2006,B,Natural,24,51.5
WI,2006,C,Human,43,1168.96
WI,2006,C,Natural,5,176.32999999999998
WI,2006,D,Human,1,108.0
WI,2006,E,Human,1,612.0
WI,2007,A,Human,853,68.312
WI,2007,A,Natural,70,5.351
WI,2007,B,Human,492,769.99
WI,2007,B,Missing data/not specified/undetermined,1,1.0
WI,2007,B,Natural,22,61.46
WI,2007,C,Human,40,1092.8
WI,2007,C,Missing data/not specified/undetermined,1,13.0
WI,2007,C,Natural,2,61.0
WI,2007,D,Human,4,725.1
WI,2007,E,Human,1,487.0
WI,2007,F,Human,1,1167.0
WI,2008,A,Human,553,43.462
WI,2008,A,Natural,18,0.77
WI,2008,B,Human,218,351.14
WI,2008,B,Missing data/not specified/undetermined,1,0.3
WI,2008,B,Natural,9,22.29
WI,2008,C,Human,11,292.34000000000003
WI,2008,C,Natural,2,37.8
WI,2008,D,Human,1,153.52
WI,2009,A,Human,909,80.8
WI,2009,A,Natural,16,0.9
WI,2009,B,Human,565,994.53
WI,2009,B,Missing data/not specified/undetermined,6,24.299999999999997
WI,2009,B,Natural,5,9.89
WI,2009,C,Human,57,1564.24
WI,2009,C,Missing data/not specified/undetermined,3,74.0
WI,2009,C,Natural,2,40.0
WI,2009,D,Human,3,346.5
WI,2009,E,Human,1,390.0
WI,2009,E,Missing data/not specified/undetermined,1,617.0
WI,2010,A,Human,752,67.47500000000001
WI,2010,A,Natural,29,1.02
WI,2010,B,Human,450,804.35
WI,2010,B,Missing data/not specified/undetermined,1,1.0
WI,2010,B,Natural,10,25.3
WI,2010,C,Human,35,749.9399999999999
WI,2010,C,Missing data/not specified/undetermined,2,38.0
WI,2010,C,Natural,4,67.7
WI,2010,D,Human,2,266.0
WI,2010,D,Missing data/not specified/undetermined,1,100.0
WI,2010,D,Natural,2,380.0
WI,2011,A,Human,503,42.2
WI,2011,A,Natural,4,0.31
WI,2011,B,Human,207,308.88
WI,2011,B,Natural,4,7.15
WI,2011,C,Human,17,277.21
WI,2012,A,Human,721,87.4
WI,2012,A,Natural,29,3.0
WI,2012,B,Human,567,919.1
WI,2012,B,Missing data/not specified/undetermined,3,3.8
WI,2012,B,Natural,13,47.8
WI,2012,C,Human,40,1082.4
WI,2012,C,Natural,2,34.6
WI,2012,D,Human,4,618.6
WI,2013,A,Human,426,48.120000000000005
WI,2013,A,Natural,5,0.5
WI,2013,B,Human,235,366.1
WI,2013,B,Natural,2,10.4
WI,2013,C,Human,20,367.95
WI,2013,C,Natural,1,19.6
WI,2013,D,Human,1,170.0
WI,2013,E,Human,1,656.0
WI,2013,G,Human,1,7499.4
WI,2014,A,Human,353,31.75
WI,2014,A,Natural,9,0.36000000000000004
WI,2014,B,Human,209,373.98
WI,2014,B,Missing data/not specified/undetermined,2,8.0
WI,2014,B,Natural,5,11.6
WI,2014,C,Human,20,557.63
WI,2014,C,Missing data/not specified/undetermined,2,82.0
WI,2014,D,Human,2,455.0
WI,2014,D,Natural,1,110.4
WI,2014,E,Human,2,1193.0
WI,2015,A,Human,524,62.59
WI,2015,A,Missing data/not specified/undetermined,1,0.1
WI,2015,A,Natural,9,1.0
WI,2015,B,Human,378,718.95
WI,2015,B,Natural,10,18.09
WI,2015,C,Human,36,760.7
WI,2015,C,Missing data/not specified/undetermined,1,22.0
WI,2015,C,Natural,1,10.0
WI,2015,D,Human,3,425.0
WI,2015,E,Human,2,703.0
WI,2016,A,Human,430,51.550000000000004
WI,2016,A,Natural,13,1.3
WI,2016,B,Human,252,375.65
WI,2016,B,Missing data/not specified/undetermined,2,1.3
WI,2016,B,Natural,4,11.39
WI,2016,C,Human,10,216.79999999999998
WI,2016,E,Human,1,500.0
WI,2017,A,Human,446,53.89
WI,2017,A,Natural,4,0.4
WI,2017,B,Human,234,318.58
WI,2017,C,Human,12,292.3
WI,2018,A,Human,1298,138.3
WI,2018,A,Natural,15,1.6
WI,2018,B,Human,704,1235.75
WI,2018,B,Natural,5,4.9399999999999995
WI,2018,C,Human,69,1384.35
WI,2018,D,Human,8,1058.38
WI,2019,A,Human,823,91.53
WI,2019,A,Natural,4,0.4
WI,2019,B,Human,353,641.17
WI,2019,B,Missing data/not specified/undetermined,1,0.3
WI,2019,B,Natural,3,3.0
WI,2019,C,Human,27,542.96
WI,2019,E,Human,1,385.68
WI,2020,A,Human,670,77.86
WI,2020,A,Missing data/not specified/undetermined,325,32.32
WI,2020,A,Natural,5,0.5
WI,2020,B,Human,404,598.16
WI,2020,B,Missing data/not specified/undetermined,206,283.5
WI,2020,B,Natural,10,18.17
WI,2020,C,Human,27,590.41
WI,2020,C,Missing data/not specified/undetermined,12,252.0
WI,2020,D,Human,2,496.14
WI,2020,D,Missing data/not specified/undetermined,1,100.0
WI,2020,E,Human,1,320.2
WV,1992,A,Human,181,23.200000000000003
WV,1992,A,Natural,3,0.30000000000000004
WV,1992,B,Human,352,845.8
WV,1992,B,Natural,9,22.6
WV,1992,C,Human,137,3749.5
WV,1992,C,Natural,2,25.0
WV,1992,D,Human,15,2080.0
WV,1992,E,Human,2,768.0
WV,1993,A,Human,224,28.6
WV,1993,A,Natural,3,0.30000000000000004
WV,1993,B,Human,448,1002.5
WV,1993,C,Human,154,4189.4
WV,1993,D,Human,12,1813.0
WV,1993,E,Human,5,2400.0
WV,1994,A,Human,217,27.6
WV,1994,A,Natural,7,0.9
WV,1994,B,Human,438,1057.2
WV,1994,B,Natural,6,13.2
WV,1994,C,Human,236,6813.3
WV,1994,D,Human,66,11443.6
WV,1994,E,Human,33,17189.0
WV,1994,F,Human,7,14362.0
WV,1995,A,Human,304,40.400000000000006
WV,1995,A,Natural,8,0.8
WV,1995,B,Human,604,1288.9
WV,1995,B,Natural,7,26.5
WV,1995,C,Human,224,6903.0
WV,1995,C,Natural,2,32.0
WV,1995,D,Human,57,10066.0
WV,1995,E,Human,31,18039.0
WV,1995,F,Human,4,5187.0
WV,1996,A,Human,206,26.700000000000003
WV,1996,A,Natural,1,0.1
WV,1996,B,Human,317,579.4
WV,1996,B,Natural,3,12.3
WV,1996,C,Human,112,3262.0
WV,1996,D,Human,11,1678.0
WV,1996,E,Human,1,300.0
WV,1997,A,Human,254,32.15
WV,1997,A,Natural,2,0.2
WV,1997,B,Human,335,720.6
WV,1997,C,Human,109,3560.5
WV,1997,C,Natural,1,50.0
WV,1997,D,Human,18,3171.5
WV,1998,A,Human,320,38.71
WV,1998,B,Human,460,1040.1
WV,1998,B,Natural,4,11.0
WV,1998,C,Human,164,5321.5
WV,1998,D,Human,41,6454.0
WV,1998,E,Human,16,6388.0
WV,1998,F,Human,1,1314.0
WV,1999,A,Human,564,74.85000000000001
WV,1999,A,Natural,18,2.3000000000000003
WV,1999,B,Human,846,1958.7
WV,1999,B,Natural,18,46.6
WV,1999,C,Human,350,10488.0
WV,1999,C,Natural,6,119.0
WV,1999,D,Human,77,13300.0
WV,1999,E,Human,46,24549.0
WV,1999,E,Natural,1,315.0
WV,1999,F,Human,23,52448.0
WV,2000,A,Human,285,35.4
WV,2000,A,Natural,3,0.30000000000000004
WV,2000,B,Human,517,1193.1
WV,2000,B,Missing data/not specified/undetermined,1,0.5
WV,2000,B,Natural,7,14.5
WV,2000,C,Human,198,6130.5
WV,2000,C,Natural,2,150.0
WV,2000,D,Human,45,7679.0
WV,2000,D,Natural,2,340.0
WV,2000,E,Human,36,16706.0
WV,2000,F,Human,9,15409.0
WV,2000,F,Natural,1,2743.0
WV,2001,A,Human,516,63.800000000000004
WV,2001,A,Natural,7,0.7000000000000001
WV,2001,B,Human,807,1785.7
WV,2001,B,Natural,6,17.5
WV,2001,C,Human,291,8528.9
WV,2001,C,Natural,2,34.0
WV,2001,D,Human,87,16121.0
WV,2001,D,Natural,1,120.0
WV,2001,E,Human,50,26983.0
WV,2001,F,Human,22,38056.0
WV,2001,G,Human,1,5832.0
WV,2002,A,Human,316,39.7
WV,2002,A,Natural,5,0.5
WV,2002,B,Human,515,1088.5
WV,2002,B,Natural,3,7.7
WV,2002,C,Human,132,4145.0
WV,2002,D,Human,24,3708.0
WV,2002,E,Human,5,1813.0
WV,2003,A,Human,233,29.3
WV,2003,A,Natural,4,0.4
WV,2003,B,Human,267,600.65
WV,2003,B,Natural,3,12.3
WV,2003,C,Human,108,3169.7
WV,2003,D,Human,23,3419.0
WV,2003,E,Human,3,1149.0
WV,2004,A,Human,206,26.5
WV,2004,A,Natural,1,0.1
WV,2004,B,Human,300,659.7
WV,2004,C,Human,94,2919.0
WV,2004,D,Human,16,2188.0
WV,2004,E,Human,1,304.0
WV,2005,A,Human,249,29.900000000000002
WV,2005,A,Natural,7,0.7000000000000001
WV,2005,B,Human,343,697.8
WV,2005,B,Natural,1,3.0
WV,2005,C,Human,120,3695.0
WV,2005,D,Human,30,5254.0
WV,2005,D,Natural,1,119.0
WV,2005,E,Human,9,3996.0
WV,2005,F,Human,1,1641.0
WV,2006,A,Human,292,37.45
WV,2006,A,Natural,1,0.1
WV,2006,B,Human,512,1094.1
WV,2006,B,Natural,11,35.75
WV,2006,C,Human,166,5970.0
WV,2006,C,Natural,1,19.0
WV,2006,D,Human,35,5377.0
WV,2006,E,Human,7,2511.0
WV,2006,F,Human,1,1108.0
WV,2007,A,Human,270,34.35
WV,2007,A,Natural,6,0.8
WV,2007,B,Human,414,861.84
WV,2007,B,Natural,12,28.7
WV,2007,C,Human,118,3906.0
WV,2007,C,Natural,2,55.0
WV,2007,D,Human,11,1479.0
WV,2007,E,Human,3,1154.0
WV,2008,A,Human,279,36.4
WV,2008,A,Missing data/not specified/undetermined,1,0.1
WV,2008,A,Natural,4,0.65
WV,2008,B,Human,416,826.0
WV,2008,B,Natural,10,28.5
WV,2008,C,Human,133,4111.1
WV,2008,C,Natural,3,91.7
WV,2008,D,Human,30,4748.0
WV,2008,E,Human,10,4510.0
WV,2009,A,Human,249,33.4
WV,2009,A,Natural,1,0.2
WV,2009,B,Human,524,1133.4
WV,2009,C,Human,164,5586.0
WV,2009,C,Missing data/not specified/undetermined,1,89.0
WV,2009,D,Human,29,5006.0
WV,2009,D,Missing data/not specified/undetermined,1,100.0
WV,2009,E,Human,7,3313.0
WV,2009,F,Human,1,1243.0
WV,2010,A,Human,191,24.560000000000002
WV,2010,A,Natural,2,0.2
WV,2010,B,Human,379,831.3
WV,2010,B,Natural,7,22.4
WV,2010,C,Human,144,5536.0
WV,2010,C,Natural,7,320.7
WV,2010,D,Human,46,8039.0
WV,2010,D,Natural,6,802.0
WV,2010,E,Human,10,4971.0
WV,2010,F,Human,4,4907.0
WV,2011,A,Human,130,16.0
WV,2011,A,Natural,8,0.7100000000000001
WV,2011,B,Human,264,578.45
WV,2011,B,Natural,6,16.3
WV,2011,C,Human,68,2078.0
WV,2011,C,Natural,1,10.0
WV,2011,D,Human,8,1210.0
WV,2011,E,Human,4,1902.0
WV,2012,A,Human,205,26.32
WV,2012,A,Natural,5,0.5
WV,2012,B,Human,307,576.1
WV,2012,B,Natural,7,18.5
WV,2012,C,Human,120,4299.0
WV,2012,C,Natural,4,69.0
WV,2012,D,Human,35,5285.1
WV,2012,E,Human,9,4511.0
WV,2012,E,Natural,1,320.0
WV,2012,F,Human,1,1640.0
WV,2013,A,Human,173,22.220000000000002
WV,2013,A,Natural,1,0.01
WV,2013,B,Human,289,549.8
WV,2013,C,Human,92,3087.0
WV,2013,D,Human,22,3275.0
WV,2013,E,Human,2,1169.0
WV,2013,F,Human,1,1611.0
WV,2014,A,Human,257,33.71
WV,2014,B,Human,520,1044.3
WV,2014,B,Natural,2,13.0
WV,2014,C,Human,138,4583.0
WV,2014,C,Natural,1,12.0
WV,2014,D,Human,25,3874.0
WV,2014,E,Human,7,3027.0
WV,2014,F,Human,1,1051.5
WV,2015,A,Human,220,28.6
WV,2015,A,Natural,2,0.2
WV,2015,B,Human,318,717.3
WV,2015,B,Natural,4,25.5
WV,2015,C,Human,105,3523.27
WV,2015,D,Human,21,3729.0
WV,2015,D,Missing data/not specified/undetermined,1,150.0
WV,2015,E,Human,11,5402.5
WV,2015,F,Human,3,3675.0
WV,2016,A,Human,290,37.7
WV,2016,A,Natural,2,0.30000000000000004
WV,2016,B,Human,307,584.45
WV,2016,B,Natural,2,8.700000000000001
WV,2016,C,Human,105,3929.97
WV,2016,C,Natural,2,26.0
WV,2016,D,Human,26,4873.4
WV,2016,E,Human,14,6703.06
WV,2016,F,Human,1,1033.9
WV,2017,A,Human,197,24.85
WV,2017,B,Human,273,561.27
WV,2017,B,Natural,3,12.7
WV,2017,C,Human,61,2008.1
WV,2017,D,Human,10,1801.2
WV,2017,E,Human,5,2429.0
WV,2018,A,Human,165,21.21
WV,2018,A,Natural,2,0.2
WV,2018,B,Human,226,506.9
WV,2018,B,Natural,2,8.0
WV,2018,C,Human,66,2059.1
WV,2018,D,Human,10,1842.0
WV,2018,E,Human,3,1517.0
WV,2019,A,Human,286,35.800000000000004
WV,2019,A,Natural,3,0.30000000000000004
WV,2019,B,Human,327,606.77
WV,2019,B,Natural,1,1.0
WV,2019,C,Human,90,3395.4
WV,2019,C,Natural,1,10.0
WV,2019,D,Human,10,2015.0
WV,2019,E,Human,3,1201.0
WV,2019,F,Human,1,1289.0
WV,2020,A,Human,220,27.700000000000003
WV,2020,A,Missing data/not specified/undetermined,1,0.2
WV,2020,A,Natural,2,0.2
WV,2020,B,Human,315,580.05
WV,2020,B,Natural,2,1.5
WV,2020,C,Human,61,1771.7
WV,2020,C,Natural,1,51.0
WV,2020,D,Human,8,1275.0
WV,2020,F,Human,1,1025.0
WY,1992,A,Human,142,15.100000000000001
WY,1992,A,Missing data/not specified/undetermined,127,31.6
WY,1992,A,Natural,112,12.4
WY,1992,B,Human,55,125.6
WY,1992,B,Missing data/not specified/undetermined,110,298.5
WY,1992,B,Natural,74,99.0
WY,1992,C,Human,23,626.7
WY,1992,C,Missing data/not specified/undetermined,60,2140.0
WY,1992,C,Natural,11,337.5
WY,1992,D,Human,3,351.0
WY,1992,D,Missing data/not specified/undetermined,12,1643.5
WY,1992,E,Human,4,1787.7
WY,1992,E,Missing data/not specified/undetermined,4,1950.0
WY,1992,E,Natural,3,1330.0
WY,1992,F,Human,2,2693.2
WY,1992,F,Missing data/not specified/undetermined,4,8800.0
WY,1993,A,Human,71,7.4
WY,1993,A,Missing data/not specified/undetermined,51,12.75
WY,1993,A,Natural,51,5.4
WY,1993,B,Human,20,41.5
WY,1993,B,Missing data/not specified/undetermined,33,90.0
WY,1993,B,Natural,20,31.4
WY,1993,C,Human,4,150.0
WY,1993,C,Missing data/not specified/undetermined,7,160.0
WY,1993,C,Natural,3,97.0
WY,1993,D,Human,2,224.0
WY,1993,D,Missing data/not specified/undetermined,2,285.0
WY,1993,D,Natural,2,400.0
WY,1993,E,Human,1,600.0
WY,1993,E,Missing data/not specified/undetermined,1,309.0
WY,1993,F,Natural,1,2910.0
WY,1994,A,Human,96,10.450000000000001
WY,1994,A,Missing data/not specified/undetermined,115,28.75
WY,1994,A,Natural,190,20.700000000000003
WY,1994,B,Human,63,166.4
WY,1994,B,Missing data/not specified/undetermined,126,311.75
WY,1994,B,Natural,127,233.9
WY,1994,C,Human,27,893.0
WY,1994,C,Missing data/not specified/undetermined,67,1792.25
WY,1994,C,Natural,43,1540.0
WY,1994,D,Human,9,1582.0
WY,1994,D,Missing data/not specified/undetermined,11,2005.5
WY,1994,D,Natural,7,1122.0
WY,1994,E,Human,5,2458.0
WY,1994,E,Missing data/not specified/undetermined,10,4863.5
WY,1994,E,Natural,12,6478.0
WY,1994,F,Missing data/not specified/undetermined,2,3280.0
WY,1994,F,Natural,7,17228.0
WY,1994,G,Natural,2,20550.0
WY,1995,A,Human,48,5.800000000000001
WY,1995,A,Missing data/not specified/undetermined,108,26.85
WY,1995,A,Natural,76,8.8
WY,1995,B,Human,48,71.9
WY,1995,B,Missing data/not specified/undetermined,101,250.0
WY,1995,B,Natural,53,84.5
WY,1995,C,Human,13,288.7
WY,1995,C,Missing data/not specified/undetermined,35,986.5
WY,1995,C,Natural,21,786.7
WY,1995,D,Human,5,681.0
WY,1995,D,Missing data/not specified/undetermined,10,1664.0
WY,1995,D,Natural,4,527.0
WY,1995,E,Human,1,400.0
WY,1995,E,Missing data/not specified/undetermined,3,1740.0
WY,1995,E,Natural,2,1175.0
WY,1995,F,Missing data/not specified/undetermined,1,2200.0
WY,1995,F,Natural,1,1667.0
WY,1996,A,Human,81,9.200000000000001
WY,1996,A,Missing data/not specified/undetermined,178,44.05
WY,1996,A,Natural,144,15.9
WY,1996,B,Human,89,217.4
WY,1996,B,Missing data/not specified/undetermined,172,430.75
WY,1996,B,Natural,88,184.2
WY,1996,C,Human,29,973.0
WY,1996,C,Missing data/not specified/undetermined,97,3251.25
WY,1996,C,Natural,37,1295.7
WY,1996,D,Human,6,1060.6
WY,1996,D,Missing data/not specified/undetermined,28,4719.5
WY,1996,D,Natural,18,3069.1
WY,1996,E,Human,8,4000.6
WY,1996,E,Missing data/not specified/undetermined,15,7209.0
WY,1996,E,Natural,10,4828.4
WY,1996,F,Human,3,9687.0
WY,1996,F,Missing data/not specified/undetermined,5,9400.0
WY,1996,F,Natural,18,44657.1
WY,1996,G,Human,1,9290.0
WY,1996,G,Natural,5,165831.6
WY,1997,A,Human,28,2.9000000000000004
WY,1997,A,Natural,73,8.0
WY,1997,B,Human,27,59.1
WY,1997,B,Natural,34,103.5
WY,1997,C,Human,14,340.0
WY,1997,C,Natural,10,438.8
WY,1997,D,Natural,5,738.2
WY,1997,E,Human,2,1482.0
WY,1997,E,Natural,1,728.0
WY,1997,F,Human,1,4415.1
WY,1998,A,Human,33,3.4000000000000004
WY,1998,A,Natural,70,7.800000000000001
WY,1998,B,Human,26,39.4
WY,1998,B,Natural,43,73.6
WY,1998,C,Human,8,214.7
WY,1998,C,Natural,7,140.0
WY,1998,D,Human,1,250.0
WY,1998,D,Natural,5,841.0
WY,1998,E,Human,2,703.7
WY,1998,E,Natural,2,1076.0
WY,1998,F,Natural,1,1300.0
WY,1999,A,Human,81,8.8
WY,1999,A,Natural,53,6.1000000000000005
WY,1999,B,Human,76,164.9
WY,1999,B,Natural,41,75.1
WY,1999,C,Human,26,848.0
WY,1999,C,Natural,12,335.5
WY,1999,D,Human,3,407.0
WY,1999,D,Natural,2,497.0
WY,1999,E,Human,1,420.0
WY,1999,E,Natural,5,2239.5
WY,1999,F,Human,2,3355.0
WY,1999,F,Natural,1,1329.3
WY,1999,G,Human,2,30000.0
WY,2000,A,Human,64,7.0
WY,2000,A,Natural,141,15.200000000000001
WY,2000,B,Human,75,156.7
WY,2000,B,Natural,155,255.5
WY,2000,C,Human,18,545.1
WY,2000,C,Natural,30,1139.5
WY,2000,D,Human,5,931.0
WY,2000,D,Natural,19,3448.3
WY,2000,E,Human,4,1808.0
WY,2000,E,Natural,24,12159.0
WY,2000,F,Human,3,4742.0
WY,2000,F,Natural,21,46056.0
WY,2000,G,Natural,12,296449.0
WY,2001,A,Human,90,9.9
WY,2001,A,Natural,202,22.700000000000003
WY,2001,B,Human,115,186.3
WY,2001,B,Natural,163,313.6
WY,2001,C,Human,18,635.6
WY,2001,C,Natural,41,1565.9
WY,2001,D,Human,2,395.0
WY,2001,D,Natural,14,2121.0
WY,2001,E,Human,3,1381.0
WY,2001,E,Natural,11,5708.0
WY,2001,F,Human,2,6902.0
WY,2001,F,Natural,8,22143.0
WY,2001,G,Natural,3,25607.0
WY,2002,A,Human,102,11.0
WY,2002,A,Natural,197,21.400000000000002
WY,2002,B,Human,114,178.1
WY,2002,B,Natural,157,265.8
WY,2002,C,Human,15,532.8
WY,2002,C,Natural,42,1156.5
WY,2002,D,Human,2,230.0
WY,2002,D,Natural,11,1474.1
WY,2002,E,Human,2,1041.0
WY,2002,E,Natural,9,5108.8
WY,2002,F,Natural,9,21248.0
WY,2002,G,Natural,9,101600.0
WY,2003,A,Human,126,14.15
WY,2003,A,Missing data/not specified/undetermined,4,0.4
WY,2003,A,Natural,252,29.1
WY,2003,B,Human,86,119.55
WY,2003,B,Missing data/not specified/undetermined,1,1.5
WY,2003,B,Natural,164,247.5
WY,2003,C,Human,5,128.0
WY,2003,C,Missing data/not specified/undetermined,1,16.0
WY,2003,C,Natural,25,702.2
WY,2003,D,Human,2,332.0
WY,2003,D,Natural,17,3327.0
WY,2003,E,Human,3,1532.2
WY,2003,E,Natural,13,6662.0
WY,2003,F,Human,2,5262.0
WY,2003,F,Missing data/not specified/undetermined,1,1500.0
WY,2003,F,Natural,8,17539.4
WY,2003,G,Natural,6,54520.0
WY,2004,A,Human,95,11.25
WY,2004,A,Missing data/not specified/undetermined,2,0.4
WY,2004,A,Natural,113,12.9
WY,2004,B,Human,104,149.6
WY,2004,B,Natural,53,96.22
WY,2004,C,Human,14,567.5
WY,2004,C,Natural,14,549.5
WY,2004,D,Human,2,539.0
WY,2004,D,Natural,3,628.8
WY,2004,E,Human,2,900.0
WY,2004,E,Natural,4,1357.0
WY,2004,F,Human,1,4700.0
WY,2004,F,Missing data/not specified/undetermined,1,3014.0
WY,2004,G,Human,2,11420.0
WY,2005,A,Human,139,15.510000000000002
WY,2005,A,Natural,125,14.92
WY,2005,B,Human,116,213.97
WY,2005,B,Missing data/not specified/undetermined,1,0.5
WY,2005,B,Natural,79,175.2
WY,2005,C,Human,21,451.3
WY,2005,C,Natural,19,637.6
WY,2005,D,Human,4,761.0
WY,2005,D,Natural,4,753.0
WY,2005,E,Human,2,1270.0
WY,2005,E,Natural,1,400.0
WY,2005,F,Human,6,12644.0
WY,2005,F,Natural,4,8846.0
WY,2006,A,Human,157,16.95
WY,2006,A,Natural,177,20.380000000000003
WY,2006,B,Human,207,352.12
WY,2006,B,Natural,108,216.75
WY,2006,C,Human,23,753.3
WY,2006,C,Natural,36,1172.4
WY,2006,D,Human,4,503.5
WY,2006,D,Natural,11,1684.8
WY,2006,E,Human,4,1863.0
WY,2006,E,Natural,10,6100.0
WY,2006,F,Human,1,1500.0
WY,2006,F,Natural,19,40901.91
WY,2006,G,Human,2,22298.0
WY,2006,G,Natural,10,167916.0
WY,2007,A,Human,103,10.82
WY,2007,A,Natural,189,21.52
WY,2007,B,Human,104,158.16
WY,2007,B,Natural,106,222.9
WY,2007,C,Human,12,478.0
WY,2007,C,Natural,37,1189.5
WY,2007,D,Human,3,466.0
WY,2007,D,Natural,10,1662.0
WY,2007,E,Human,1,663.0
WY,2007,E,Natural,8,4383.0
WY,2007,F,Human,3,7604.0
WY,2007,F,Natural,16,36663.0
WY,2007,G,Human,1,8590.0
WY,2007,G,Natural,2,32045.0
WY,2008,A,Human,133,14.08
WY,2008,A,Natural,77,8.360000000000001
WY,2008,B,Human,148,269.8
WY,2008,B,Natural,45,68.77
WY,2008,C,Human,18,362.2
WY,2008,C,Natural,14,508.90000000000003
WY,2008,D,Human,1,110.0
WY,2008,D,Natural,2,297.0
WY,2008,E,Human,4,1953.0
WY,2008,E,Natural,1,448.0
WY,2008,F,Human,2,3250.0
WY,2008,F,Natural,1,1381.0
WY,2008,G,Human,2,25450.0
WY,2008,G,Natural,1,68148.0
WY,2009,A,Human,136,13.8
WY,2009,A,Natural,117,12.98
WY,2009,B,Human,106,181.66
WY,2009,B,Natural,64,122.5
WY,2009,C,Human,24,800.9
WY,2009,C,Natural,12,321.8
WY,2009,D,Human,1,185.0
WY,2009,D,Natural,4,634.0
WY,2009,E,Human,1,300.0
WY,2009,E,Natural,5,2247.5
WY,2009,F,Human,1,3257.0
WY,2009,F,Natural,2,4872.0
WY,2009,G,Natural,1,10700.0
WY,2010,A,Human,151,16.2692
WY,2010,A,Natural,132,16.310000000000002
WY,2010,B,Human,163,323.65
WY,2010,B,Natural,58,88.82
WY,2010,C,Human,39,1351.9
WY,2010,C,Natural,37,1269.4
WY,2010,D,Human,12,2248.4
WY,2010,D,Natural,11,1880.2
WY,2010,E,Human,6,3653.0
WY,2010,E,Natural,9,4277.8
WY,2010,F,Human,6,14036.7
WY,2010,F,Natural,1,1144.0
WY,2010,G,Human,4,45704.0
WY,2010,G,Natural,2,10939.0
WY,2011,A,Human,86,9.790000000000001
WY,2011,A,Natural,127,15.22
WY,2011,B,Human,148,214.1
WY,2011,B,Natural,116,255.22
WY,2011,C,Human,33,805.1
WY,2011,C,Natural,58,2015.2
WY,2011,D,Human,6,934.5
WY,2011,D,Natural,29,5591.4
WY,2011,E,Human,3,1467.0
WY,2011,E,Natural,13,6596.05
WY,2011,F,Human,3,5819.0
WY,2011,F,Natural,10,26242.0
WY,2011,G,Human,1,5670.0
WY,2011,G,Natural,7,79196.0
WY,2012,A,Human,193,21.53
WY,2012,A,Natural,144,16.43
WY,2012,B,Human,298,596.84
WY,2012,B,Natural,186,464.2
WY,2012,C,Human,71,2009.24
WY,2012,C,Natural,66,2126.6
WY,2012,D,Human,14,2395.4
WY,2012,D,Natural,18,2669.8
WY,2012,E,Human,7,4290.5
WY,2012,E,Natural,12,6733.5
WY,2012,F,Human,3,7183.0
WY,2012,F,Natural,18,36857.91
WY,2012,G,Human,6,196799.0
WY,2012,G,Natural,10,220141.51
WY,2013,A,Human,130,13.98
WY,2013,A,Natural,152,17.32
WY,2013,B,Human,147,241.4
WY,2013,B,Natural,108,164.2
WY,2013,C,Human,13,492.2
WY,2013,C,Natural,12,420.1
WY,2013,D,Human,2,267.0
WY,2013,D,Natural,7,1362.0
WY,2013,E,Natural,2,1099.0
WY,2013,F,Human,1,1508.6
WY,2013,F,Natural,4,8422.0
WY,2013,G,Natural,3,40314.0
WY,2014,A,Human,177,20.17
WY,2014,A,Missing data/not specified/undetermined,1,0.1
WY,2014,A,Natural,65,6.510000000000001
WY,2014,B,Human,227,346.78
WY,2014,B,Missing data/not specified/undetermined,3,3.4000000000000004
WY,2014,B,Natural,64,169.5
WY,2014,C,Human,29,819.83
WY,2014,C,Natural,19,632.6
WY,2014,D,Human,2,367.0
WY,2014,D,Natural,1,256.0
WY,2014,E,Human,2,780.0
WY,2014,E,Natural,3,1625.0
WY,2014,F,Human,1,1170.0
WY,2014,F,Natural,1,1529.0
WY,2015,A,Human,151,16.82
WY,2015,A,Natural,78,8.05
WY,2015,B,Human,201,346.7
WY,2015,B,Natural,90,216.15
WY,2015,C,Human,38,1269.3
WY,2015,C,Natural,40,1185.2
WY,2015,D,Human,11,1848.4
WY,2015,D,Natural,4,505.0
WY,2015,E,Human,6,3138.0
WY,2015,E,Natural,5,2038.0
WY,2015,F,Human,4,6562.0
WY,2015,F,Natural,2,4448.0
WY,2015,G,Human,2,15239.6
WY,2016,A,Human,149,17.35
WY,2016,A,Natural,122,14.48
WY,2016,B,Human,580,977.03
WY,2016,B,Natural,103,210.51
WY,2016,C,Human,96,2754.4
WY,2016,C,Natural,38,1418.5
WY,2016,D,Human,15,2925.5
WY,2016,D,Natural,15,2621.7999999999997
WY,2016,E,Human,15,7866.8
WY,2016,E,Missing data/not specified/undetermined,1,440.0
WY,2016,E,Natural,10,5177.1
WY,2016,F,Human,7,14766.4
WY,2016,F,Natural,9,20151.2
WY,2016,G,Human,2,32387.0
WY,2016,G,Natural,7,168468.9
WY,2017,A,Human,95,10.26
WY,2017,A,Natural,76,8.05
WY,2017,B,Human,519,766.95
WY,2017,B,Natural,190,413.37
WY,2017,C,Human,50,1722.4
WY,2017,C,Natural,47,1452.1
WY,2017,D,Human,13,2125.42
WY,2017,D,Natural,13,2406.2
WY,2017,E,Human,8,3586.9
WY,2017,E,Natural,4,1701.5
WY,2017,F,Human,6,10738.0
WY,2017,F,Natural,7,18791.8
WY,2017,G,Natural,2,79653.20000000001
WY,2018,A,Human,295,32.0
WY,2018,A,Natural,91,10.01
WY,2018,B,Human,511,846.18
WY,2018,B,Natural,123,324.36
WY,2018,C,Human,54,1625.9
WY,2018,C,Natural,41,1369.6
WY,2018,D,Human,16,2370.6
WY,2018,D,Natural,14,2206.1
WY,2018,E,Human,3,1633.0
WY,2018,E,Natural,6,3038.5
WY,2018,F,Human,4,9508.0
WY,2018,F,Natural,6,19338.0
WY,2018,G,Human,4,95370.0
WY,2018,G,Natural,3,87553.8
WY,2019,A,Human,246,26.93
WY,2019,A,Natural,99,10.71
WY,2019,B,Human,299,550.42
WY,2019,B,Natural,98,195.82
WY,2019,C,Human,49,1424.7
WY,2019,C,Natural,35,1110.8
WY,2019,D,Human,7,964.8
WY,2019,D,Missing data/not specified/undetermined,1,250.0
WY,2019,D,Natural,8,1306.4
WY,2019,E,Human,1,330.0
WY,2019,E,Natural,3,1325.0
WY,2019,F,Human,2,2358.0
WY,2019,G,Natural,2,34588.0
WY,2020,A,Human,481,59.6
WY,2020,A,Missing data/not specified/undetermined,101,11.17
WY,2020,A,Natural,105,12.63
WY,2020,B,Human,492,912.32
WY,2020,B,Missing data/not specified/undetermined,76,145.0
WY,2020,B,Natural,136,309.87
WY,2020,C,Human,88,2308.05
WY,2020,C,Missing data/not specified/undetermined,12,275.15
WY,2020,C,Natural,44,1378.37
WY,2020,D,Human,17,2845.1800000000003
WY,2020,D,Missing data/not specified/undetermined,2,248.0
WY,2020,D,Natural,22,3417.6
WY,2020,E,Human,11,5957.1
WY,2020,E,Missing data/not specified/undetermined,2,1392.23
WY,2020,E,Natural,7,3354.14
WY,2020,F,Human,4,8106.0
WY,2020,F,Missing data/not specified/undetermined,1,2112.0
WY,2020,F,Natural,2,5241.0
WY,2020,G,Human,2,31760.0
WY,2020,G,Missing data/not specified/undetermined,2,202467.9
WY,2020,G,Natural,2,19267.1
