state,fire_year,month,cause_class,n
AK,1992,4,Human,20
AK,1992,5,Human,152
AK,1992,5,Missing data/not specified/undetermined,1
AK,1992,5,Natural,3
AK,1992,6,Human,95
AK,1992,6,Natural,32
AK,1992,7,Human,51
AK,1992,7,Missing data/not specified/undetermined,1
AK,1992,7,Natural,53
AK,1992,8,Human,27
AK,1992,8,Natural,10
AK,1992,9,Human,28
AK,1992,10,Human,7
AK,1993,4,Human,32
AK,1993,5,Human,158
AK,1993,5,Natural,1
AK,1993,6,Human,98
AK,1993,6,Natural,139
AK,1993,7,Human,182
AK,1993,7,Natural,126
AK,1993,8,Human,91
AK,1993,8,Natural,10
AK,1993,9,Human,21
AK,1993,10,Human,1
AK,1994,3,Human,2
AK,1994,4,Human,19
AK,1994,5,Human,129
AK,1994,5,Missing data/not specified/undetermined,1
AK,1994,5,Natural,3
AK,1994,6,Human,53
AK,1994,6,Missing data/not specified/undetermined,2
AK,1994,6,Natural,124
AK,1994,7,Human,86
AK,1994,7,Natural,56
AK,1994,8,Human,88
AK,1994,8,Natural,24
AK,1994,9,Human,42
AK,1994,9,Natural,1
AK,1994,10,Human,9
AK,1995,3,Human,2
AK,1995,4,Human,71
AK,1995,5,Human,128
AK,1995,5,Missing data/not specified/undetermined,1
AK,1995,5,Natural,15
AK,1995,6,Human,79
AK,1995,6,Natural,29
AK,1995,7,Human,28
AK,1995,7,Natural,19
AK,1995,8,Human,16
AK,1995,9,Human,20
AK,1995,10,Human,3
AK,1995,12,Human,3
AK,1996,3,Human,2
AK,1996,4,Human,47
AK,1996,5,Human,268
AK,1996,5,Natural,6
AK,1996,6,Human,123
AK,1996,6,Natural,82
AK,1996,7,Human,62
AK,1996,7,Natural,53
AK,1996,8,Human,26
AK,1996,8,Natural,1
AK,1996,9,Human,34
AK,1996,10,Human,14
AK,1997,3,Human,8
AK,1997,4,Human,57
AK,1997,5,Human,166
AK,1997,5,Natural,1
AK,1997,6,Human,116
AK,1997,6,Natural,85
AK,1997,7,Human,82
AK,1997,7,Missing data/not specified/undetermined,1
AK,1997,7,Natural,139
AK,1997,8,Human,28
AK,1997,8,Natural,15
AK,1997,9,Human,18
AK,1997,10,Human,3
AK,1997,11,Human,1
AK,1998,2,Human,1
AK,1998,3,Human,2
AK,1998,4,Human,94
AK,1998,5,Human,109
AK,1998,5,Natural,6
AK,1998,6,Human,66
AK,1998,6,Natural,14
AK,1998,7,Human,37
AK,1998,7,Natural,27
AK,1998,8,Human,29
AK,1998,8,Natural,1
AK,1998,9,Human,19
AK,1998,10,Human,3
AK,1999,3,Human,1
AK,1999,4,Human,36
AK,1999,4,Missing data/not specified/undetermined,1
AK,1999,5,Human,110
AK,1999,5,Natural,4
AK,1999,6,Human,103
AK,1999,6,Natural,76
AK,1999,7,Human,53
AK,1999,7,Natural,75
AK,1999,8,Human,9
AK,1999,8,Natural,2
AK,1999,9,Human,11
AK,1999,10,Human,1
AK,2000,4,Human,14
AK,2000,4,Natural,1
AK,2000,5,Human,122
AK,2000,6,Human,87
AK,2000,6,Missing data/not specified/undetermined,1
AK,2000,6,Natural,67
AK,2000,7,Human,27
AK,2000,7,Natural,12
AK,2000,8,Human,22
AK,2000,8,Natural,3
AK,2000,9,Human,6
AK,2000,11,Human,1
AK,2000,12,Human,1
AK,2001,3,Human,3
AK,2001,4,Human,28
AK,2001,5,Human,124
AK,2001,5,Natural,1
AK,2001,6,Human,109
AK,2001,6,Natural,24
AK,2001,7,Human,28
AK,2001,7,Natural,4
AK,2001,8,Human,23
AK,2001,9,Human,12
AK,2001,10,Human,3
AK,2002,1,Human,1
AK,2002,3,Human,1
AK,2002,4,Human,20
AK,2002,5,Human,219
AK,2002,5,Natural,13
AK,2002,6,Human,54
AK,2002,6,Natural,39
AK,2002,7,Human,43
AK,2002,7,Natural,104
AK,2002,8,Human,22
AK,2002,8,Natural,13
AK,2002,9,Human,6
AK,2002,9,Natural,1
AK,2002,11,Human,1
AK,2003,1,Natural,1
AK,2003,3,Human,45
AK,2003,4,Human,42
AK,2003,5,Human,129
AK,2003,5,Missing data/not specified/undetermined,1
AK,2003,5,Natural,5
AK,2003,6,Human,73
AK,2003,6,Natural,67
AK,2003,7,Human,47
AK,2003,7,Natural,4
AK,2003,8,Human,37
AK,2003,8,Missing data/not specified/undetermined,1
AK,2003,8,Natural,3
AK,2003,9,Human,15
AK,2003,10,Human,7
AK,2003,11,Human,1
AK,2004,1,Human,1
AK,2004,3,Human,1
AK,2004,4,Human,14
AK,2004,5,Human,82
AK,2004,5,Missing data/not specified/undetermined,12
AK,2004,5,Natural,13
AK,2004,6,Human,83
AK,2004,6,Missing data/not specified/undetermined,11
AK,2004,6,Natural,130
AK,2004,7,Human,90
AK,2004,7,Missing data/not specified/undetermined,6
AK,2004,7,Natural,96
AK,2004,8,Human,76
AK,2004,8,Missing data/not specified/undetermined,12
AK,2004,8,Natural,28
AK,2004,9,Human,24
AK,2004,9,Missing data/not specified/undetermined,6
AK,2004,9,Natural,7
AK,2004,10,Human,2
AK,2005,3,Human,5
AK,2005,4,Human,41
AK,2005,4,Natural,1
AK,2005,5,Human,113
AK,2005,5,Missing data/not specified/undetermined,1
AK,2005,5,Natural,14
AK,2005,6,Human,49
AK,2005,6,Natural,177
AK,2005,7,Human,48
AK,2005,7,Natural,105
AK,2005,8,Human,33
AK,2005,8,Natural,27
AK,2005,9,Human,4
AK,2005,9,Natural,1
AK,2006,4,Human,14
AK,2006,5,Human,103
AK,2006,5,Missing data/not specified/undetermined,12
AK,2006,5,Natural,2
AK,2006,6,Human,54
AK,2006,6,Missing data/not specified/undetermined,7
AK,2006,6,Natural,7
AK,2006,7,Human,27
AK,2006,7,Missing data/not specified/undetermined,2
AK,2006,7,Natural,42
AK,2006,8,Human,9
AK,2006,8,Natural,2
AK,2006,9,Human,13
AK,2006,9,Natural,1
AK,2006,10,Human,6
AK,2007,4,Human,39
AK,2007,4,Missing data/not specified/undetermined,5
AK,2007,5,Human,98
AK,2007,5,Missing data/not specified/undetermined,16
AK,2007,5,Natural,10
AK,2007,6,Human,47
AK,2007,6,Missing data/not specified/undetermined,9
AK,2007,6,Natural,99
AK,2007,7,Human,12
AK,2007,7,Missing data/not specified/undetermined,2
AK,2007,7,Natural,145
AK,2007,8,Human,9
AK,2007,8,Natural,6
AK,2007,9,Human,8
AK,2007,9,Missing data/not specified/undetermined,1
AK,2007,9,Natural,3
AK,2007,10,Human,2
AK,2007,11,Human,2
AK,2008,3,Human,14
AK,2008,4,Human,22
AK,2008,5,Human,111
AK,2008,5,Natural,4
AK,2008,6,Human,65
AK,2008,6,Natural,26
AK,2008,7,Human,23
AK,2008,7,Missing data/not specified/undetermined,1
AK,2008,7,Natural,68
AK,2008,8,Human,17
AK,2008,8,Natural,4
AK,2008,9,Human,12
AK,2008,9,Missing data/not specified/undetermined,1
AK,2008,9,Natural,1
AK,2009,1,Human,1
AK,2009,3,Human,1
AK,2009,4,Human,27
AK,2009,5,Human,125
AK,2009,5,Natural,36
AK,2009,6,Human,42
AK,2009,6,Natural,82
AK,2009,7,Human,79
AK,2009,7,Natural,67
AK,2009,8,Human,28
AK,2009,8,Natural,8
AK,2009,9,Human,5
AK,2009,9,Natural,2
AK,2009,10,Human,8
AK,2009,11,Human,2
AK,2010,3,Human,2
AK,2010,4,Human,45
AK,2010,4,Natural,2
AK,2010,5,Human,145
AK,2010,5,Natural,83
AK,2010,6,Human,52
AK,2010,6,Natural,143
AK,2010,7,Human,26
AK,2010,7,Natural,103
AK,2010,8,Human,44
AK,2010,8,Natural,4
AK,2010,9,Human,34
AK,2010,10,Human,6
AK,2010,11,Human,1
AK,2011,1,Human,1
AK,2011,3,Human,4
AK,2011,4,Human,39
AK,2011,5,Human,175
AK,2011,5,Natural,55
AK,2011,6,Human,63
AK,2011,6,Natural,25
AK,2011,7,Human,55
AK,2011,7,Natural,50
AK,2011,8,Human,19
AK,2011,8,Natural,4
AK,2011,9,Human,12
AK,2011,10,Human,6
AK,2012,4,Human,19
AK,2012,5,Human,90
AK,2012,5,Natural,2
AK,2012,6,Human,49
AK,2012,6,Natural,105
AK,2012,7,Human,20
AK,2012,7,Natural,33
AK,2012,8,Human,23
AK,2012,8,Natural,3
AK,2012,9,Human,39
AK,2012,9,Natural,2
AK,2012,10,Human,6
AK,2012,10,Natural,1
AK,2012,11,Human,10
AK,2012,12,Human,7
AK,2013,2,Human,1
AK,2013,3,Natural,1
AK,2013,4,Human,7
AK,2013,5,Human,93
AK,2013,5,Missing data/not specified/undetermined,1
AK,2013,5,Natural,22
AK,2013,6,Human,158
AK,2013,6,Natural,127
AK,2013,7,Human,64
AK,2013,7,Natural,42
AK,2013,8,Human,38
AK,2013,8,Natural,19
AK,2013,9,Human,15
AK,2013,9,Natural,1
AK,2013,10,Human,2
AK,2013,11,Human,1
AK,2014,2,Human,1
AK,2014,3,Human,5
AK,2014,4,Human,34
AK,2014,4,Natural,1
AK,2014,5,Human,172
AK,2014,5,Missing data/not specified/undetermined,2
AK,2014,5,Natural,1
AK,2014,6,Human,49
AK,2014,6,Natural,12
AK,2014,7,Human,35
AK,2014,7,Natural,18
AK,2014,8,Human,20
AK,2014,8,Natural,21
AK,2014,9,Human,16
AK,2014,10,Human,3
AK,2014,11,Human,3
AK,2015,1,Human,1
AK,2015,2,Human,1
AK,2015,3,Human,9
AK,2015,4,Human,45
AK,2015,5,Human,137
AK,2015,5,Natural,21
AK,2015,6,Human,76
AK,2015,6,Natural,322
AK,2015,7,Human,43
AK,2015,7,Missing data/not specified/undetermined,1
AK,2015,7,Natural,72
AK,2015,8,Human,24
AK,2015,8,Natural,7
AK,2015,9,Human,9
AK,2015,10,Human,2
AK,2015,12,Human,1
AK,2016,2,Human,4
AK,2016,3,Human,7
AK,2016,4,Human,72
AK,2016,4,Natural,1
AK,2016,5,Human,106
AK,2016,5,Natural,9
AK,2016,6,Human,65
AK,2016,6,Natural,78
AK,2016,7,Human,33
AK,2016,7,Natural,141
AK,2016,8,Human,21
AK,2016,9,Human,17
AK,2016,10,Human,17
AK,2016,11,Human,3
AK,2016,12,Human,2
AK,2017,2,Human,1
AK,2017,3,Human,4
AK,2017,4,Human,39
AK,2017,5,Human,78
AK,2017,5,Natural,3
AK,2017,6,Human,41
AK,2017,6,Natural,87
AK,2017,7,Human,16
AK,2017,7,Natural,60
AK,2017,8,Human,17
AK,2017,8,Natural,3
AK,2017,9,Human,9
AK,2017,10,Human,2
AK,2018,1,Natural,1
AK,2018,2,Human,3
AK,2018,4,Human,13
AK,2018,4,Missing data/not specified/undetermined,1
AK,2018,5,Human,65
AK,2018,5,Missing data/not specified/undetermined,5
AK,2018,5,Natural,1
AK,2018,6,Human,46
AK,2018,6,Missing data/not specified/undetermined,3
AK,2018,6,Natural,116
AK,2018,7,Human,50
AK,2018,7,Missing data/not specified/undetermined,7
AK,2018,7,Natural,18
AK,2018,8,Human,6
AK,2018,8,Missing data/not specified/undetermined,1
AK,2018,9,Human,14
AK,2018,10,Human,7
AK,2018,10,Missing data/not specified/undetermined,1
AK,2018,10,Natural,1
AK,2019,1,Natural,1
AK,2019,2,Missing data/not specified/undetermined,1
AK,2019,3,Human,9
AK,2019,3,Missing data/not specified/undetermined,2
AK,2019,4,Human,28
AK,2019,4,Missing data/not specified/undetermined,38
AK,2019,5,Human,17
AK,2019,5,Missing data/not specified/undetermined,41
AK,2019,5,Natural,5
AK,2019,6,Human,16
AK,2019,6,Missing data/not specified/undetermined,60
AK,2019,6,Natural,137
AK,2019,7,Human,24
AK,2019,7,Missing data/not specified/undetermined,88
AK,2019,7,Natural,137
AK,2019,8,Human,18
AK,2019,8,Missing data/not specified/undetermined,62
AK,2019,8,Natural,8
AK,2019,9,Human,8
AK,2019,9,Missing data/not specified/undetermined,17
AK,2019,9,Natural,3
AK,2019,10,Missing data/not specified/undetermined,1
AK,2020,1,Natural,1
AK,2020,3,Human,2
AK,2020,4,Human,23
AK,2020,4,Missing data/not specified/undetermined,1
AK,2020,5,Human,67
AK,2020,5,Missing data/not specified/undetermined,4
AK,2020,5,Natural,25
AK,2020,6,Human,20
AK,2020,6,Missing data/not specified/undetermined,2
AK,2020,6,Natural,131
AK,2020,7,Human,29
AK,2020,7,Natural,11
AK,2020,8,Human,16
AK,2020,9,Human,9
AK,2020,9,Natural,1
AK,2020,10,Human,7
AL,1992,1,Human,9
AL,1992,2,Human,27
AL,1992,3,Human,14
AL,1992,4,Human,17
AL,1992,4,Natural,1
AL,1992,5,Human,9
AL,1992,5,Missing data/not specified/undetermined,1
AL,1992,8,Human,1
AL,1992,8,Natural,1
AL,1992,9,Human,1
AL,1992,10,Human,4
AL,1992,11,Human,6
AL,1992,12,Human,2
AL,1993,1,Human,18
AL,1993,2,Human,34
AL,1993,3,Human,23
AL,1993,3,Natural,1
AL,1993,4,Human,14
AL,1993,6,Human,3
AL,1993,7,Human,8
AL,1993,7,Natural,5
AL,1993,8,Natural,3
AL,1993,9,Human,4
AL,1993,10,Human,8
AL,1993,10,Missing data/not specified/undetermined,4
AL,1993,11,Human,6
AL,1993,11,Missing data/not specified/undetermined,1
AL,1993,12,Human,4
AL,1993,12,Missing data/not specified/undetermined,1
AL,1994,1,Human,428
AL,1994,1,Missing data/not specified/undetermined,1
AL,1994,2,Human,704
AL,1994,2,Missing data/not specified/undetermined,1
AL,1994,3,Human,1171
AL,1994,3,Missing data/not specified/undetermined,8
AL,1994,3,Natural,1
AL,1994,4,Human,260
AL,1994,4,Natural,4
AL,1994,5,Human,224
AL,1994,5,Missing data/not specified/undetermined,1
AL,1994,5,Natural,1
AL,1994,6,Human,35
AL,1994,6,Missing data/not specified/undetermined,1
AL,1994,6,Natural,6
AL,1994,7,Human,13
AL,1994,7,Natural,2
AL,1994,8,Human,47
AL,1994,9,Human,95
AL,1994,9,Missing data/not specified/undetermined,2
AL,1994,10,Human,36
AL,1994,11,Human,257
AL,1994,11,Missing data/not specified/undetermined,3
AL,1994,12,Human,150
AL,1994,12,Missing data/not specified/undetermined,1
AL,1995,1,Human,183
AL,1995,1,Natural,1
AL,1995,2,Human,712
AL,1995,2,Missing data/not specified/undetermined,5
AL,1995,2,Natural,1
AL,1995,3,Human,715
AL,1995,3,Missing data/not specified/undetermined,1
AL,1995,4,Human,600
AL,1995,4,Missing data/not specified/undetermined,2
AL,1995,5,Human,167
AL,1995,5,Natural,5
AL,1995,6,Human,161
AL,1995,6,Missing data/not specified/undetermined,1
AL,1995,6,Natural,8
AL,1995,7,Human,353
AL,1995,7,Missing data/not specified/undetermined,4
AL,1995,7,Natural,25
AL,1995,8,Human,327
AL,1995,8,Missing data/not specified/undetermined,1
AL,1995,8,Natural,10
AL,1995,9,Human,485
AL,1995,9,Missing data/not specified/undetermined,1
AL,1995,9,Natural,9
AL,1995,10,Human,165
AL,1995,10,Missing data/not specified/undetermined,1
AL,1995,10,Natural,1
AL,1995,11,Human,66
AL,1995,12,Human,215
AL,1995,12,Missing data/not specified/undetermined,1
AL,1995,12,Natural,4
AL,1996,1,Human,247
AL,1996,1,Missing data/not specified/undetermined,1
AL,1996,2,Human,1113
AL,1996,2,Missing data/not specified/undetermined,3
AL,1996,3,Human,1089
AL,1996,3,Missing data/not specified/undetermined,5
AL,1996,3,Natural,1
AL,1996,4,Human,540
AL,1996,4,Natural,1
AL,1996,5,Human,288
AL,1996,5,Natural,18
AL,1996,6,Human,79
AL,1996,6,Natural,6
AL,1996,7,Human,229
AL,1996,7,Natural,7
AL,1996,8,Human,59
AL,1996,8,Natural,3
AL,1996,9,Human,31
AL,1996,10,Human,98
AL,1996,10,Natural,1
AL,1996,11,Human,110
AL,1996,11,Missing data/not specified/undetermined,3
AL,1996,12,Human,114
AL,1996,12,Missing data/not specified/undetermined,2
AL,1997,1,Human,201
AL,1997,1,Missing data/not specified/undetermined,2
AL,1997,1,Natural,1
AL,1997,2,Human,214
AL,1997,3,Human,599
AL,1997,3,Missing data/not specified/undetermined,1
AL,1997,4,Human,414
AL,1997,4,Missing data/not specified/undetermined,2
AL,1997,4,Natural,1
AL,1997,5,Human,156
AL,1997,5,Missing data/not specified/undetermined,1
AL,1997,5,Natural,1
AL,1997,6,Human,6
AL,1997,6,Missing data/not specified/undetermined,1
AL,1997,7,Human,31
AL,1997,7,Natural,2
AL,1997,8,Human,58
AL,1997,8,Natural,2
AL,1997,9,Human,374
AL,1997,9,Missing data/not specified/undetermined,2
AL,1997,9,Natural,1
AL,1997,10,Human,348
AL,1997,10,Natural,2
AL,1997,11,Human,71
AL,1997,12,Human,100
AL,1998,1,Human,126
AL,1998,2,Human,361
AL,1998,2,Missing data/not specified/undetermined,1
AL,1998,2,Natural,4
AL,1998,3,Human,734
AL,1998,3,Missing data/not specified/undetermined,2
AL,1998,3,Natural,2
AL,1998,4,Human,150
AL,1998,4,Missing data/not specified/undetermined,1
AL,1998,5,Human,213
AL,1998,5,Natural,4
AL,1998,6,Human,262
AL,1998,6,Missing data/not specified/undetermined,1
AL,1998,6,Natural,18
AL,1998,7,Human,93
AL,1998,7,Natural,12
AL,1998,8,Human,144
AL,1998,8,Natural,3
AL,1998,9,Human,527
AL,1998,9,Missing data/not specified/undetermined,2
AL,1998,9,Natural,7
AL,1998,10,Human,589
AL,1998,10,Missing data/not specified/undetermined,4
AL,1998,11,Human,191
AL,1998,11,Missing data/not specified/undetermined,1
AL,1998,12,Human,114
AL,1999,1,Human,187
AL,1999,2,Human,467
AL,1999,2,Missing data/not specified/undetermined,1
AL,1999,2,Natural,1
AL,1999,3,Human,641
AL,1999,3,Missing data/not specified/undetermined,2
AL,1999,3,Natural,12
AL,1999,4,Human,559
AL,1999,4,Missing data/not specified/undetermined,2
AL,1999,4,Natural,4
AL,1999,5,Human,165
AL,1999,5,Missing data/not specified/undetermined,1
AL,1999,5,Natural,7
AL,1999,6,Human,44
AL,1999,6,Natural,6
AL,1999,7,Human,35
AL,1999,7,Natural,3
AL,1999,8,Human,411
AL,1999,8,Natural,16
AL,1999,9,Human,958
AL,1999,9,Natural,13
AL,1999,10,Human,322
AL,1999,10,Natural,1
AL,1999,11,Human,378
AL,1999,12,Human,265
AL,2000,1,Human,261
AL,2000,2,Human,1155
AL,2000,2,Natural,1
AL,2000,3,Human,665
AL,2000,4,Human,241
AL,2000,4,Natural,3
AL,2000,5,Human,510
AL,2000,5,Natural,5
AL,2000,6,Human,315
AL,2000,6,Natural,17
AL,2000,7,Human,769
AL,2000,7,Natural,132
AL,2000,8,Human,635
AL,2000,8,Natural,78
AL,2000,9,Human,417
AL,2000,9,Natural,26
AL,2000,10,Human,757
AL,2000,10,Natural,4
AL,2000,11,Human,168
AL,2000,12,Human,107
AL,2001,1,Human,262
AL,2001,2,Human,638
AL,2001,2,Natural,1
AL,2001,3,Human,309
AL,2001,4,Human,312
AL,2001,4,Natural,4
AL,2001,5,Human,294
AL,2001,5,Natural,19
AL,2001,6,Human,37
AL,2001,6,Natural,5
AL,2001,7,Human,51
AL,2001,7,Natural,1
AL,2001,8,Human,44
AL,2001,8,Natural,4
AL,2001,9,Human,61
AL,2001,10,Human,271
AL,2001,10,Natural,1
AL,2001,11,Human,881
AL,2001,12,Human,114
AL,2002,1,Human,149
AL,2002,2,Human,793
AL,2002,2,Natural,1
AL,2002,3,Human,656
AL,2002,3,Natural,1
AL,2002,4,Human,332
AL,2002,4,Natural,2
AL,2002,5,Human,217
AL,2002,5,Natural,7
AL,2002,6,Human,155
AL,2002,6,Missing data/not specified/undetermined,1
AL,2002,6,Natural,23
AL,2002,7,Human,51
AL,2002,7,Natural,9
AL,2002,8,Human,134
AL,2002,8,Natural,19
AL,2002,9,Human,249
AL,2002,9,Natural,4
AL,2002,10,Human,11
AL,2002,11,Human,35
AL,2002,12,Human,76
AL,2002,12,Missing data/not specified/undetermined,1
AL,2003,1,Human,348
AL,2003,2,Human,155
AL,2003,3,Human,226
AL,2003,4,Human,199
AL,2003,4,Missing data/not specified/undetermined,1
AL,2003,5,Human,30
AL,2003,5,Natural,1
AL,2003,6,Human,18
AL,2003,7,Human,16
AL,2003,8,Human,31
AL,2003,8,Natural,1
AL,2003,9,Human,92
AL,2003,10,Human,207
AL,2003,11,Human,293
AL,2003,12,Human,200
AL,2003,12,Missing data/not specified/undetermined,1
AL,2004,1,Human,267
AL,2004,2,Human,301
AL,2004,3,Human,1425
AL,2004,3,Missing data/not specified/undetermined,5
AL,2004,3,Natural,1
AL,2004,4,Human,564
AL,2004,4,Missing data/not specified/undetermined,1
AL,2004,4,Natural,4
AL,2004,5,Human,77
AL,2004,5,Natural,1
AL,2004,6,Human,13
AL,2004,6,Natural,1
AL,2004,7,Human,30
AL,2004,8,Human,68
AL,2004,8,Natural,3
AL,2004,9,Human,94
AL,2004,10,Human,76
AL,2004,11,Human,30
AL,2004,12,Human,91
AL,2005,1,Human,341
AL,2005,2,Human,206
AL,2005,3,Human,476
AL,2005,3,Missing data/not specified/undetermined,2
AL,2005,3,Natural,2
AL,2005,4,Human,190
AL,2005,4,Natural,3
AL,2005,5,Human,126
AL,2005,5,Natural,2
AL,2005,6,Human,20
AL,2005,7,Human,16
AL,2005,7,Natural,1
AL,2005,8,Human,32
AL,2005,8,Natural,2
AL,2005,9,Human,170
AL,2005,10,Human,308
AL,2005,10,Missing data/not specified/undetermined,1
AL,2005,11,Human,476
AL,2005,12,Human,173
AL,2006,1,Human,386
AL,2006,1,Missing data/not specified/undetermined,2
AL,2006,2,Human,264
AL,2006,3,Human,1073
AL,2006,3,Missing data/not specified/undetermined,7
AL,2006,4,Human,476
AL,2006,4,Missing data/not specified/undetermined,1
AL,2006,4,Natural,6
AL,2006,5,Human,117
AL,2006,5,Natural,3
AL,2006,6,Human,385
AL,2006,6,Missing data/not specified/undetermined,1
AL,2006,6,Natural,58
AL,2006,7,Human,353
AL,2006,7,Missing data/not specified/undetermined,1
AL,2006,7,Natural,59
AL,2006,8,Human,134
AL,2006,8,Missing data/not specified/undetermined,2
AL,2006,8,Natural,31
AL,2006,9,Human,134
AL,2006,9,Natural,3
AL,2006,10,Human,159
AL,2006,11,Human,88
AL,2006,12,Human,203
AL,2006,12,Missing data/not specified/undetermined,1
AL,2007,1,Human,76
AL,2007,2,Human,488
AL,2007,2,Missing data/not specified/undetermined,1
AL,2007,2,Natural,3
AL,2007,3,Human,1062
AL,2007,4,Human,229
AL,2007,4,Natural,4
AL,2007,5,Human,470
AL,2007,5,Natural,25
AL,2007,6,Human,341
AL,2007,6,Natural,61
AL,2007,7,Human,68
AL,2007,7,Natural,11
AL,2007,8,Human,333
AL,2007,8,Natural,84
AL,2007,9,Human,124
AL,2007,9,Natural,4
AL,2007,10,Human,240
AL,2007,11,Human,133
AL,2007,12,Human,76
AL,2008,1,Human,107
AL,2008,2,Human,247
AL,2008,3,Human,474
AL,2008,4,Human,125
AL,2008,4,Missing data/not specified/undetermined,1
AL,2008,4,Natural,2
AL,2008,5,Human,85
AL,2008,6,Human,155
AL,2008,6,Natural,16
AL,2008,7,Human,124
AL,2008,7,Natural,14
AL,2008,8,Human,67
AL,2008,8,Natural,8
AL,2008,9,Human,100
AL,2008,10,Human,159
AL,2008,11,Human,246
AL,2008,12,Human,76
AL,2009,1,Human,121
AL,2009,1,Missing data/not specified/undetermined,1
AL,2009,2,Human,411
AL,2009,2,Missing data/not specified/undetermined,1
AL,2009,3,Human,430
AL,2009,3,Missing data/not specified/undetermined,3
AL,2009,4,Human,135
AL,2009,4,Missing data/not specified/undetermined,2
AL,2009,4,Natural,5
AL,2009,5,Human,19
AL,2009,6,Human,91
AL,2009,6,Missing data/not specified/undetermined,1
AL,2009,6,Natural,3
AL,2009,7,Human,109
AL,2009,7,Missing data/not specified/undetermined,1
AL,2009,7,Natural,8
AL,2009,8,Human,18
AL,2009,8,Natural,2
AL,2009,9,Human,5
AL,2009,10,Human,2
AL,2009,11,Human,2
AL,2010,1,Human,111
AL,2010,2,Human,189
AL,2010,3,Human,340
AL,2010,4,Human,401
AL,2010,4,Natural,2
AL,2010,5,Human,39
AL,2010,5,Missing data/not specified/undetermined,1
AL,2010,5,Natural,2
AL,2010,6,Human,35
AL,2010,6,Natural,4
AL,2010,7,Human,78
AL,2010,7,Natural,8
AL,2010,8,Human,105
AL,2010,8,Natural,11
AL,2010,9,Human,542
AL,2010,9,Natural,5
AL,2010,10,Human,752
AL,2010,10,Natural,4
AL,2010,11,Human,124
AL,2010,12,Human,160
AL,2011,1,Human,137
AL,2011,2,Human,444
AL,2011,3,Human,300
AL,2011,4,Human,117
AL,2011,4,Natural,2
AL,2011,5,Human,172
AL,2011,5,Natural,10
AL,2011,6,Human,221
AL,2011,6,Natural,55
AL,2011,7,Human,53
AL,2011,7,Natural,28
AL,2011,8,Human,140
AL,2011,8,Natural,7
AL,2011,9,Human,70
AL,2011,9,Natural,3
AL,2011,10,Human,125
AL,2011,11,Human,118
AL,2011,11,Natural,2
AL,2011,12,Human,38
AL,2012,1,Human,168
AL,2012,1,Natural,1
AL,2012,2,Human,131
AL,2012,3,Human,335
AL,2012,4,Human,156
AL,2012,4,Missing data/not specified/undetermined,1
AL,2012,5,Human,103
AL,2012,5,Natural,6
AL,2012,6,Human,158
AL,2012,6,Natural,7
AL,2012,7,Human,138
AL,2012,7,Missing data/not specified/undetermined,1
AL,2012,7,Natural,41
AL,2012,8,Human,29
AL,2012,8,Natural,7
AL,2012,9,Human,41
AL,2012,10,Human,100
AL,2012,11,Human,212
AL,2012,11,Missing data/not specified/undetermined,1
AL,2012,12,Human,111
AL,2013,1,Human,91
AL,2013,2,Human,130
AL,2013,2,Missing data/not specified/undetermined,1
AL,2013,3,Human,665
AL,2013,3,Natural,2
AL,2013,4,Human,149
AL,2013,4,Natural,2
AL,2013,5,Human,96
AL,2013,5,Natural,1
AL,2013,6,Human,24
AL,2013,6,Natural,7
AL,2013,7,Human,13
AL,2013,8,Human,14
AL,2013,8,Natural,2
AL,2013,9,Human,72
AL,2013,9,Natural,2
AL,2013,10,Human,78
AL,2013,11,Human,247
AL,2013,12,Human,74
AL,2014,1,Human,400
AL,2014,2,Human,174
AL,2014,2,Missing data/not specified/undetermined,1
AL,2014,3,Human,478
AL,2014,4,Human,172
AL,2014,4,Natural,1
AL,2014,5,Human,74
AL,2014,5,Natural,2
AL,2014,6,Human,20
AL,2014,6,Natural,1
AL,2014,7,Human,59
AL,2014,7,Natural,6
AL,2014,8,Human,132
AL,2014,8,Missing data/not specified/undetermined,1
AL,2014,8,Natural,8
AL,2014,9,Human,117
AL,2014,9,Natural,8
AL,2014,10,Human,204
AL,2014,11,Human,321
AL,2014,12,Human,239
AL,2015,1,Human,297
AL,2015,2,Human,558
AL,2015,3,Human,199
AL,2015,4,Human,77
AL,2015,5,Human,112
AL,2015,5,Missing data/not specified/undetermined,1
AL,2015,5,Natural,2
AL,2015,6,Human,85
AL,2015,6,Natural,7
AL,2015,7,Human,58
AL,2015,7,Natural,7
AL,2015,8,Human,107
AL,2015,8,Natural,8
AL,2015,9,Human,133
AL,2015,9,Natural,3
AL,2015,10,Human,278
AL,2015,10,Missing data/not specified/undetermined,1
AL,2015,11,Human,84
AL,2015,12,Human,57
AL,2016,1,Human,29
AL,2016,2,Human,221
AL,2016,3,Human,256
AL,2016,3,Missing data/not specified/undetermined,1
AL,2016,3,Natural,1
AL,2016,4,Human,110
AL,2016,4,Natural,2
AL,2016,5,Human,110
AL,2016,5,Natural,2
AL,2016,6,Human,172
AL,2016,6,Natural,11
AL,2016,7,Human,131
AL,2016,7,Natural,5
AL,2016,8,Human,50
AL,2016,8,Natural,3
AL,2016,9,Human,339
AL,2016,9,Natural,10
AL,2016,10,Human,1209
AL,2016,10,Natural,1
AL,2016,11,Human,1007
AL,2016,11,Natural,1
AL,2016,12,Human,104
AL,2017,1,Human,147
AL,2017,2,Human,209
AL,2017,2,Natural,1
AL,2017,3,Human,340
AL,2017,3,Missing data/not specified/undetermined,1
AL,2017,3,Natural,6
AL,2017,4,Human,240
AL,2017,4,Natural,3
AL,2017,5,Human,55
AL,2017,6,Human,18
AL,2017,7,Human,9
AL,2017,7,Natural,1
AL,2017,8,Human,25
AL,2017,8,Natural,1
AL,2017,9,Human,31
AL,2017,10,Human,53
AL,2017,11,Human,65
AL,2017,12,Human,36
AL,2018,1,Human,162
AL,2018,2,Human,88
AL,2018,3,Human,195
AL,2018,4,Human,136
AL,2018,5,Human,96
AL,2018,5,Natural,2
AL,2018,6,Human,18
AL,2018,6,Natural,2
AL,2018,7,Human,25
AL,2018,8,Human,38
AL,2018,8,Missing data/not specified/undetermined,1
AL,2018,8,Natural,4
AL,2018,9,Human,69
AL,2018,10,Human,37
AL,2018,11,Human,12
AL,2018,12,Human,24
AL,2019,1,Human,44
AL,2019,1,Natural,1
AL,2019,2,Human,52
AL,2019,3,Human,254
AL,2019,3,Missing data/not specified/undetermined,1
AL,2019,4,Human,73
AL,2019,5,Human,59
AL,2019,5,Natural,1
AL,2019,6,Human,29
AL,2019,6,Natural,1
AL,2019,7,Human,1
AL,2019,7,Missing data/not specified/undetermined,1
AL,2019,8,Human,2
AL,2019,8,Missing data/not specified/undetermined,1
AL,2019,9,Human,7
AL,2019,9,Missing data/not specified/undetermined,11
AL,2019,9,Natural,1
AL,2019,10,Human,12
AL,2019,10,Missing data/not specified/undetermined,1
AL,2019,10,Natural,1
AL,2019,11,Human,5
AL,2019,12,Human,1
AL,2019,12,Missing data/not specified/undetermined,1
AL,2020,1,Human,31
AL,2020,1,Missing data/not specified/undetermined,1
AL,2020,2,Human,52
AL,2020,2,Natural,1
AL,2020,3,Human,135
AL,2020,3,Missing data/not specified/undetermined,1
AL,2020,4,Human,84
AL,2020,4,Missing data/not specified/undetermined,2
AL,2020,4,Natural,3
AL,2020,5,Human,147
AL,2020,5,Missing data/not specified/undetermined,2
AL,2020,5,Natural,1
AL,2020,6,Human,42
AL,2020,6,Missing data/not specified/undetermined,1
AL,2020,6,Natural,2
AL,2020,7,Human,20
AL,2020,7,Natural,3
AL,2020,8,Human,46
AL,2020,8,Natural,2
AL,2020,9,Human,35
AL,2020,9,Missing data/not specified/undetermined,1
AL,2020,10,Human,29
AL,2020,11,Human,112
AL,2020,11,Missing data/not specified/undetermined,1
AL,2020,12,Human,28
AR,1992,1,Human,5
AR,1992,2,Human,26
AR,1992,3,Human,26
AR,1992,4,Human,23
AR,1992,4,Natural,1
AR,1992,5,Human,6
AR,1992,6,Human,2
AR,1992,7,Human,3
AR,1992,8,Human,2
AR,1992,8,Natural,1
AR,1992,9,Human,1
AR,1992,9,Natural,3
AR,1992,10,Human,9
AR,1992,10,Natural,3
AR,1992,11,Human,15
AR,1992,12,Human,2
AR,1993,1,Human,18
AR,1993,2,Human,20
AR,1993,3,Human,27
AR,1993,3,Missing data/not specified/undetermined,1
AR,1993,4,Human,21
AR,1993,4,Natural,1
AR,1993,5,Human,3
AR,1993,7,Human,24
AR,1993,7,Natural,2
AR,1993,8,Human,7
AR,1993,8,Natural,3
AR,1993,9,Human,9
AR,1993,10,Human,3
AR,1993,11,Human,2
AR,1993,11,Missing data/not specified/undetermined,1
AR,1993,12,Human,9
AR,1994,1,Human,3
AR,1994,2,Human,33
AR,1994,3,Human,49
AR,1994,3,Natural,2
AR,1994,4,Human,21
AR,1994,4,Natural,6
AR,1994,5,Human,5
AR,1994,5,Natural,1
AR,1994,6,Human,1
AR,1994,7,Human,10
AR,1994,7,Natural,1
AR,1994,8,Natural,1
AR,1994,9,Human,5
AR,1994,10,Human,8
AR,1994,10,Natural,1
AR,1994,11,Human,12
AR,1994,12,Human,8
AR,1995,1,Human,1
AR,1995,2,Human,74
AR,1995,3,Human,32
AR,1995,4,Human,24
AR,1995,4,Natural,1
AR,1995,5,Human,2
AR,1995,7,Human,7
AR,1995,7,Natural,1
AR,1995,8,Human,29
AR,1995,8,Natural,7
AR,1995,9,Human,14
AR,1995,9,Natural,2
AR,1995,10,Human,9
AR,1995,11,Human,24
AR,1995,11,Natural,1
AR,1995,12,Human,11
AR,1995,12,Natural,1
AR,1996,1,Human,10
AR,1996,2,Human,87
AR,1996,2,Natural,1
AR,1996,3,Human,42
AR,1996,3,Natural,3
AR,1996,4,Human,44
AR,1996,4,Natural,11
AR,1996,5,Human,1
AR,1996,5,Natural,2
AR,1996,6,Human,2
AR,1996,7,Human,1
AR,1996,7,Natural,4
AR,1996,8,Human,4
AR,1996,8,Natural,1
AR,1996,9,Human,1
AR,1996,9,Natural,2
AR,1996,10,Human,1
AR,1996,11,Human,5
AR,1996,12,Human,2
AR,1997,1,Human,47
AR,1997,2,Human,57
AR,1997,2,Natural,1
AR,1997,3,Human,219
AR,1997,3,Natural,3
AR,1997,4,Human,144
AR,1997,4,Natural,2
AR,1997,5,Human,60
AR,1997,5,Natural,1
AR,1997,6,Human,12
AR,1997,6,Natural,1
AR,1997,7,Human,62
AR,1997,7,Natural,15
AR,1997,8,Human,116
AR,1997,8,Missing data/not specified/undetermined,1
AR,1997,8,Natural,4
AR,1997,9,Human,119
AR,1997,9,Natural,10
AR,1997,10,Human,77
AR,1997,10,Natural,1
AR,1997,11,Human,45
AR,1997,12,Human,43
AR,1998,1,Human,18
AR,1998,2,Human,61
AR,1998,3,Human,86
AR,1998,4,Human,185
AR,1998,4,Natural,4
AR,1998,5,Human,63
AR,1998,5,Natural,2
AR,1998,6,Human,98
AR,1998,6,Natural,5
AR,1998,7,Human,155
AR,1998,7,Natural,67
AR,1998,8,Human,108
AR,1998,8,Natural,18
AR,1998,9,Human,243
AR,1998,9,Natural,4
AR,1998,10,Human,11
AR,1998,11,Human,19
AR,1998,12,Human,9
AR,1999,1,Human,74
AR,1999,1,Natural,1
AR,1999,2,Human,163
AR,1999,2,Natural,1
AR,1999,3,Human,197
AR,1999,3,Natural,2
AR,1999,4,Human,83
AR,1999,4,Natural,2
AR,1999,5,Human,27
AR,1999,5,Natural,1
AR,1999,6,Human,18
AR,1999,6,Natural,3
AR,1999,7,Human,68
AR,1999,7,Natural,4
AR,1999,8,Human,435
AR,1999,8,Natural,78
AR,1999,9,Human,361
AR,1999,9,Natural,21
AR,1999,10,Human,306
AR,1999,10,Natural,5
AR,1999,11,Human,282
AR,1999,11,Natural,1
AR,1999,12,Human,90
AR,1999,12,Natural,1
AR,2000,1,Human,157
AR,2000,1,Natural,1
AR,2000,2,Human,180
AR,2000,2,Natural,3
AR,2000,3,Human,192
AR,2000,3,Natural,7
AR,2000,4,Human,176
AR,2000,4,Natural,7
AR,2000,5,Human,12
AR,2000,5,Natural,2
AR,2000,6,Human,12
AR,2000,7,Human,74
AR,2000,7,Natural,6
AR,2000,8,Human,560
AR,2000,8,Natural,81
AR,2000,9,Human,544
AR,2000,9,Natural,76
AR,2000,10,Human,235
AR,2000,10,Natural,2
AR,2000,11,Human,21
AR,2000,12,Human,15
AR,2001,1,Human,38
AR,2001,1,Missing data/not specified/undetermined,24
AR,2001,2,Human,89
AR,2001,2,Missing data/not specified/undetermined,42
AR,2001,3,Human,230
AR,2001,3,Missing data/not specified/undetermined,98
AR,2001,3,Natural,3
AR,2001,4,Human,127
AR,2001,4,Missing data/not specified/undetermined,46
AR,2001,4,Natural,6
AR,2001,5,Human,45
AR,2001,5,Missing data/not specified/undetermined,26
AR,2001,5,Natural,4
AR,2001,6,Human,40
AR,2001,6,Missing data/not specified/undetermined,16
AR,2001,6,Natural,2
AR,2001,7,Human,87
AR,2001,7,Missing data/not specified/undetermined,33
AR,2001,7,Natural,27
AR,2001,8,Human,150
AR,2001,8,Missing data/not specified/undetermined,36
AR,2001,8,Natural,37
AR,2001,9,Human,66
AR,2001,9,Missing data/not specified/undetermined,33
AR,2001,9,Natural,4
AR,2001,10,Human,107
AR,2001,10,Missing data/not specified/undetermined,49
AR,2001,10,Natural,2
AR,2001,11,Human,163
AR,2001,11,Missing data/not specified/undetermined,51
AR,2001,11,Natural,1
AR,2001,12,Human,19
AR,2001,12,Missing data/not specified/undetermined,7
AR,2002,1,Human,80
AR,2002,1,Missing data/not specified/undetermined,52
AR,2002,2,Human,153
AR,2002,2,Missing data/not specified/undetermined,103
AR,2002,2,Natural,1
AR,2002,3,Human,80
AR,2002,3,Missing data/not specified/undetermined,48
AR,2002,4,Human,129
AR,2002,4,Missing data/not specified/undetermined,41
AR,2002,5,Human,7
AR,2002,5,Missing data/not specified/undetermined,8
AR,2002,6,Human,17
AR,2002,6,Missing data/not specified/undetermined,12
AR,2002,6,Natural,1
AR,2002,7,Human,21
AR,2002,7,Missing data/not specified/undetermined,15
AR,2002,7,Natural,11
AR,2002,8,Human,85
AR,2002,8,Missing data/not specified/undetermined,46
AR,2002,8,Natural,14
AR,2002,9,Human,147
AR,2002,9,Missing data/not specified/undetermined,71
AR,2002,10,Human,49
AR,2002,10,Missing data/not specified/undetermined,16
AR,2002,10,Natural,6
AR,2002,11,Human,143
AR,2002,11,Missing data/not specified/undetermined,49
AR,2002,12,Human,48
AR,2002,12,Missing data/not specified/undetermined,21
AR,2003,1,Human,153
AR,2003,2,Human,113
AR,2003,3,Human,321
AR,2003,3,Missing data/not specified/undetermined,1
AR,2003,3,Natural,4
AR,2003,4,Human,489
AR,2003,4,Natural,13
AR,2003,5,Human,18
AR,2003,5,Natural,2
AR,2003,6,Human,18
AR,2003,7,Human,53
AR,2003,7,Natural,5
AR,2003,8,Human,74
AR,2003,8,Natural,20
AR,2003,9,Human,66
AR,2003,10,Human,115
AR,2003,10,Natural,3
AR,2003,11,Human,102
AR,2003,12,Human,94
AR,2004,1,Human,56
AR,2004,2,Human,210
AR,2004,3,Human,351
AR,2004,3,Natural,6
AR,2004,4,Human,212
AR,2004,4,Missing data/not specified/undetermined,1
AR,2004,4,Natural,1
AR,2004,5,Human,23
AR,2004,6,Human,10
AR,2004,7,Human,13
AR,2004,8,Human,64
AR,2004,8,Natural,1
AR,2004,9,Human,312
AR,2004,9,Natural,2
AR,2004,10,Human,91
AR,2004,10,Natural,1
AR,2004,11,Human,2
AR,2004,12,Human,8
AR,2005,1,Human,58
AR,2005,2,Human,56
AR,2005,3,Human,355
AR,2005,3,Missing data/not specified/undetermined,1
AR,2005,3,Natural,2
AR,2005,4,Human,176
AR,2005,4,Natural,7
AR,2005,5,Human,96
AR,2005,5,Natural,4
AR,2005,6,Human,136
AR,2005,6,Natural,5
AR,2005,7,Human,114
AR,2005,7,Natural,18
AR,2005,8,Human,201
AR,2005,8,Natural,72
AR,2005,9,Human,267
AR,2005,9,Natural,21
AR,2005,10,Human,148
AR,2005,10,Missing data/not specified/undetermined,1
AR,2005,10,Natural,1
AR,2005,11,Human,217
AR,2005,11,Natural,5
AR,2005,12,Human,331
AR,2005,12,Natural,4
AR,2006,1,Human,366
AR,2006,1,Missing data/not specified/undetermined,1
AR,2006,1,Natural,16
AR,2006,2,Human,219
AR,2006,2,Natural,4
AR,2006,3,Human,510
AR,2006,3,Natural,13
AR,2006,4,Human,308
AR,2006,4,Natural,25
AR,2006,5,Human,42
AR,2006,6,Human,105
AR,2006,6,Natural,5
AR,2006,7,Human,272
AR,2006,7,Natural,59
AR,2006,8,Human,149
AR,2006,8,Natural,90
AR,2006,9,Human,148
AR,2006,9,Natural,3
AR,2006,10,Human,103
AR,2006,10,Natural,1
AR,2006,11,Human,74
AR,2006,11,Natural,3
AR,2006,12,Human,55
AR,2007,1,Human,21
AR,2007,1,Natural,2
AR,2007,2,Human,184
AR,2007,2,Missing data/not specified/undetermined,1
AR,2007,2,Natural,1
AR,2007,3,Human,438
AR,2007,3,Natural,12
AR,2007,4,Human,153
AR,2007,4,Natural,6
AR,2007,5,Human,21
AR,2007,5,Natural,4
AR,2007,6,Human,21
AR,2007,6,Natural,5
AR,2007,7,Human,16
AR,2007,8,Human,199
AR,2007,8,Natural,14
AR,2007,9,Human,68
AR,2007,9,Natural,1
AR,2007,10,Human,22
AR,2007,10,Natural,3
AR,2007,11,Human,71
AR,2007,11,Natural,3
AR,2007,12,Human,34
AR,2008,1,Human,104
AR,2008,1,Natural,1
AR,2008,2,Human,63
AR,2008,2,Natural,1
AR,2008,3,Human,112
AR,2008,3,Missing data/not specified/undetermined,1
AR,2008,3,Natural,4
AR,2008,4,Human,56
AR,2008,5,Human,6
AR,2008,6,Human,35
AR,2008,7,Human,128
AR,2008,7,Missing data/not specified/undetermined,2
AR,2008,7,Natural,42
AR,2008,8,Human,82
AR,2008,8,Natural,20
AR,2008,9,Human,14
AR,2008,10,Human,27
AR,2008,11,Human,104
AR,2008,12,Human,80
AR,2008,12,Natural,1
AR,2009,1,Human,251
AR,2009,2,Human,158
AR,2009,3,Human,307
AR,2009,3,Natural,2
AR,2009,4,Human,117
AR,2009,4,Natural,3
AR,2009,5,Human,4
AR,2009,6,Human,52
AR,2009,6,Natural,3
AR,2009,7,Human,61
AR,2009,7,Natural,8
AR,2009,8,Human,27
AR,2009,8,Natural,1
AR,2009,9,Human,13
AR,2009,9,Natural,2
AR,2009,10,Human,1
AR,2009,11,Human,41
AR,2009,11,Natural,1
AR,2009,12,Human,24
AR,2010,1,Human,25
AR,2010,1,Natural,1
AR,2010,2,Human,102
AR,2010,3,Human,419
AR,2010,3,Natural,2
AR,2010,4,Human,185
AR,2010,4,Natural,1
AR,2010,5,Human,19
AR,2010,5,Natural,3
AR,2010,6,Human,62
AR,2010,6,Natural,8
AR,2010,7,Human,72
AR,2010,7,Natural,12
AR,2010,8,Human,257
AR,2010,8,Natural,48
AR,2010,9,Human,267
AR,2010,9,Missing data/not specified/undetermined,1
AR,2010,9,Natural,9
AR,2010,10,Human,350
AR,2010,10,Missing data/not specified/undetermined,1
AR,2010,10,Natural,15
AR,2010,11,Human,194
AR,2010,11,Missing data/not specified/undetermined,3
AR,2010,11,Natural,1
AR,2010,12,Human,163
AR,2011,1,Human,128
AR,2011,2,Human,144
AR,2011,2,Natural,1
AR,2011,3,Human,338
AR,2011,3,Natural,2
AR,2011,4,Human,253
AR,2011,4,Natural,21
AR,2011,5,Human,48
AR,2011,6,Human,145
AR,2011,6,Natural,17
AR,2011,7,Human,257
AR,2011,7,Natural,109
AR,2011,8,Human,265
AR,2011,8,Natural,148
AR,2011,9,Human,309
AR,2011,9,Natural,62
AR,2011,10,Human,217
AR,2011,10,Natural,16
AR,2011,11,Human,51
AR,2011,11,Natural,3
AR,2011,12,Human,12
AR,2012,1,Human,93
AR,2012,1,Natural,2
AR,2012,2,Human,149
AR,2012,2,Natural,3
AR,2012,3,Human,330
AR,2012,3,Natural,6
AR,2012,4,Human,51
AR,2012,4,Natural,2
AR,2012,5,Human,152
AR,2012,5,Natural,6
AR,2012,6,Human,312
AR,2012,6,Natural,22
AR,2012,7,Human,361
AR,2012,7,Natural,146
AR,2012,8,Human,266
AR,2012,8,Missing data/not specified/undetermined,3
AR,2012,8,Natural,196
AR,2012,9,Human,68
AR,2012,9,Natural,7
AR,2012,10,Human,37
AR,2012,11,Human,69
AR,2012,11,Natural,6
AR,2012,12,Human,61
AR,2012,12,Natural,3
AR,2013,1,Human,2
AR,2013,1,Missing data/not specified/undetermined,19
AR,2013,2,Human,4
AR,2013,2,Missing data/not specified/undetermined,26
AR,2013,2,Natural,1
AR,2013,3,Human,28
AR,2013,3,Missing data/not specified/undetermined,197
AR,2013,4,Human,13
AR,2013,4,Missing data/not specified/undetermined,84
AR,2013,4,Natural,3
AR,2013,5,Human,1
AR,2013,5,Missing data/not specified/undetermined,16
AR,2013,5,Natural,1
AR,2013,6,Human,4
AR,2013,6,Missing data/not specified/undetermined,30
AR,2013,7,Human,8
AR,2013,7,Missing data/not specified/undetermined,106
AR,2013,7,Natural,4
AR,2013,8,Human,3
AR,2013,8,Missing data/not specified/undetermined,62
AR,2013,9,Human,7
AR,2013,9,Missing data/not specified/undetermined,174
AR,2013,9,Natural,2
AR,2013,10,Missing data/not specified/undetermined,16
AR,2013,11,Human,3
AR,2013,11,Missing data/not specified/undetermined,20
AR,2013,12,Human,1
AR,2013,12,Missing data/not specified/undetermined,12
AR,2014,1,Human,308
AR,2014,2,Human,273
AR,2014,2,Natural,4
AR,2014,3,Human,249
AR,2014,3,Missing data/not specified/undetermined,1
AR,2014,4,Human,151
AR,2014,4,Natural,6
AR,2014,5,Human,64
AR,2014,5,Natural,2
AR,2014,6,Human,13
AR,2014,7,Human,24
AR,2014,7,Natural,1
AR,2014,8,Human,28
AR,2014,8,Natural,2
AR,2014,9,Human,44
AR,2014,9,Natural,1
AR,2014,10,Human,15
AR,2014,10,Natural,2
AR,2014,11,Human,92
AR,2014,12,Human,15
AR,2015,1,Human,243
AR,2015,1,Natural,1
AR,2015,2,Human,231
AR,2015,3,Human,52
AR,2015,3,Natural,2
AR,2015,4,Human,32
AR,2015,4,Natural,4
AR,2015,5,Human,17
AR,2015,5,Missing data/not specified/undetermined,1
AR,2015,6,Human,11
AR,2015,7,Human,34
AR,2015,7,Natural,1
AR,2015,8,Human,134
AR,2015,8,Natural,6
AR,2015,9,Human,161
AR,2015,9,Missing data/not specified/undetermined,4
AR,2015,9,Natural,5
AR,2015,10,Human,292
AR,2015,10,Missing data/not specified/undetermined,2
AR,2015,10,Natural,3
AR,2015,11,Human,23
AR,2015,11,Natural,1
AR,2015,12,Human,29
AR,2015,12,Missing data/not specified/undetermined,1
AR,2016,1,Human,82
AR,2016,1,Natural,1
AR,2016,2,Human,360
AR,2016,2,Natural,5
AR,2016,3,Human,196
AR,2016,3,Natural,4
AR,2016,4,Human,145
AR,2016,4,Missing data/not specified/undetermined,1
AR,2016,4,Natural,1
AR,2016,5,Human,11
AR,2016,5,Natural,3
AR,2016,6,Human,25
AR,2016,6,Natural,1
AR,2016,7,Human,67
AR,2016,7,Natural,9
AR,2016,8,Human,9
AR,2016,8,Natural,4
AR,2016,9,Human,43
AR,2016,9,Natural,1
AR,2016,10,Human,138
AR,2016,11,Human,194
AR,2016,11,Missing data/not specified/undetermined,1
AR,2016,11,Natural,4
AR,2016,12,Human,79
AR,2016,12,Natural,2
AR,2017,1,Human,7
AR,2017,1,Missing data/not specified/undetermined,168
AR,2017,2,Human,15
AR,2017,2,Missing data/not specified/undetermined,289
AR,2017,3,Human,16
AR,2017,3,Missing data/not specified/undetermined,274
AR,2017,4,Human,6
AR,2017,4,Missing data/not specified/undetermined,53
AR,2017,5,Missing data/not specified/undetermined,11
AR,2017,6,Missing data/not specified/undetermined,14
AR,2017,7,Missing data/not specified/undetermined,29
AR,2017,7,Natural,2
AR,2017,8,Missing data/not specified/undetermined,22
AR,2017,9,Human,3
AR,2017,9,Missing data/not specified/undetermined,66
AR,2017,9,Natural,1
AR,2017,10,Human,7
AR,2017,10,Missing data/not specified/undetermined,172
AR,2017,10,Natural,1
AR,2017,11,Human,20
AR,2017,11,Missing data/not specified/undetermined,320
AR,2017,12,Human,6
AR,2017,12,Missing data/not specified/undetermined,155
AR,2017,12,Natural,1
AR,2018,1,Human,6
AR,2018,1,Missing data/not specified/undetermined,169
AR,2018,2,Human,8
AR,2018,2,Missing data/not specified/undetermined,67
AR,2018,2,Natural,1
AR,2018,3,Human,28
AR,2018,3,Missing data/not specified/undetermined,284
AR,2018,3,Natural,3
AR,2018,4,Human,5
AR,2018,4,Missing data/not specified/undetermined,128
AR,2018,5,Human,2
AR,2018,5,Missing data/not specified/undetermined,45
AR,2018,6,Human,2
AR,2018,6,Missing data/not specified/undetermined,91
AR,2018,6,Natural,4
AR,2018,7,Human,2
AR,2018,7,Missing data/not specified/undetermined,119
AR,2018,7,Natural,2
AR,2018,8,Missing data/not specified/undetermined,53
AR,2018,9,Human,2
AR,2018,9,Missing data/not specified/undetermined,16
AR,2018,10,Missing data/not specified/undetermined,3
AR,2018,11,Human,1
AR,2018,11,Missing data/not specified/undetermined,6
AR,2018,12,Missing data/not specified/undetermined,9
AR,2019,1,Human,1
AR,2019,1,Missing data/not specified/undetermined,14
AR,2019,2,Human,1
AR,2019,2,Missing data/not specified/undetermined,14
AR,2019,3,Human,11
AR,2019,3,Missing data/not specified/undetermined,122
AR,2019,3,Natural,1
AR,2019,4,Human,7
AR,2019,4,Missing data/not specified/undetermined,91
AR,2019,4,Natural,1
AR,2019,5,Human,1
AR,2019,5,Missing data/not specified/undetermined,5
AR,2019,6,Human,1
AR,2019,6,Missing data/not specified/undetermined,12
AR,2019,7,Human,2
AR,2019,7,Missing data/not specified/undetermined,15
AR,2019,8,Human,6
AR,2019,8,Missing data/not specified/undetermined,34
AR,2019,9,Human,5
AR,2019,9,Missing data/not specified/undetermined,115
AR,2019,10,Human,1
AR,2019,10,Missing data/not specified/undetermined,43
AR,2019,11,Human,5
AR,2019,11,Missing data/not specified/undetermined,50
AR,2019,11,Natural,1
AR,2019,12,Human,5
AR,2019,12,Missing data/not specified/undetermined,59
AR,2020,1,Human,4
AR,2020,1,Missing data/not specified/undetermined,33
AR,2020,2,Human,4
AR,2020,2,Missing data/not specified/undetermined,45
AR,2020,3,Human,19
AR,2020,3,Missing data/not specified/undetermined,144
AR,2020,4,Human,3
AR,2020,4,Missing data/not specified/undetermined,18
AR,2020,5,Human,3
AR,2020,5,Missing data/not specified/undetermined,15
AR,2020,6,Human,1
AR,2020,6,Missing data/not specified/undetermined,10
AR,2020,7,Human,1
AR,2020,7,Missing data/not specified/undetermined,28
AR,2020,8,Human,3
AR,2020,8,Missing data/not specified/undetermined,51
AR,2020,8,Natural,2
AR,2020,9,Human,1
AR,2020,9,Missing data/not specified/undetermined,12
AR,2020,10,Missing data/not specified/undetermined,33
AR,2020,11,Human,11
AR,2020,11,Missing data/not specified/undetermined,119
AR,2020,12,Human,4
AR,2020,12,Missing data/not specified/undetermined,82
AZ,1992,1,Human,17
AZ,1992,2,Human,20
AZ,1992,3,Human,14
AZ,1992,4,Human,245
AZ,1992,4,Natural,7
AZ,1992,5,Human,409
AZ,1992,5,Natural,197
AZ,1992,6,Human,620
AZ,1992,6,Missing data/not specified/undetermined,1
AZ,1992,6,Natural,198
AZ,1992,7,Human,480
AZ,1992,7,Natural,293
AZ,1992,8,Human,125
AZ,1992,8,Missing data/not specified/undetermined,2
AZ,1992,8,Natural,413
AZ,1992,9,Human,133
AZ,1992,9,Natural,44
AZ,1992,10,Human,131
AZ,1992,10,Missing data/not specified/undetermined,1
AZ,1992,10,Natural,29
AZ,1992,11,Human,89
AZ,1992,11,Missing data/not specified/undetermined,1
AZ,1992,11,Natural,3
AZ,1992,12,Human,21
AZ,1992,12,Natural,1
AZ,1993,1,Human,6
AZ,1993,2,Human,16
AZ,1993,3,Human,45
AZ,1993,3,Natural,5
AZ,1993,4,Human,264
AZ,1993,4,Missing data/not specified/undetermined,5
AZ,1993,4,Natural,1
AZ,1993,5,Human,864
AZ,1993,5,Missing data/not specified/undetermined,51
AZ,1993,5,Natural,171
AZ,1993,6,Human,972
AZ,1993,6,Missing data/not specified/undetermined,53
AZ,1993,6,Natural,83
AZ,1993,7,Human,669
AZ,1993,7,Missing data/not specified/undetermined,19
AZ,1993,7,Natural,96
AZ,1993,8,Human,294
AZ,1993,8,Missing data/not specified/undetermined,17
AZ,1993,8,Natural,613
AZ,1993,9,Human,165
AZ,1993,9,Missing data/not specified/undetermined,4
AZ,1993,9,Natural,36
AZ,1993,10,Human,86
AZ,1993,10,Missing data/not specified/undetermined,3
AZ,1993,10,Natural,16
AZ,1993,11,Human,51
AZ,1993,11,Missing data/not specified/undetermined,4
AZ,1993,11,Natural,3
AZ,1993,12,Human,19
AZ,1993,12,Missing data/not specified/undetermined,4
AZ,1993,12,Natural,1
AZ,1994,1,Human,62
AZ,1994,1,Missing data/not specified/undetermined,5
AZ,1994,2,Human,34
AZ,1994,2,Natural,1
AZ,1994,3,Human,83
AZ,1994,3,Missing data/not specified/undetermined,4
AZ,1994,3,Natural,2
AZ,1994,4,Human,223
AZ,1994,4,Missing data/not specified/undetermined,13
AZ,1994,4,Natural,44
AZ,1994,5,Human,541
AZ,1994,5,Missing data/not specified/undetermined,37
AZ,1994,5,Natural,60
AZ,1994,6,Human,577
AZ,1994,6,Missing data/not specified/undetermined,45
AZ,1994,6,Natural,285
AZ,1994,7,Human,419
AZ,1994,7,Missing data/not specified/undetermined,22
AZ,1994,7,Natural,791
AZ,1994,8,Human,137
AZ,1994,8,Missing data/not specified/undetermined,17
AZ,1994,8,Natural,706
AZ,1994,9,Human,74
AZ,1994,9,Missing data/not specified/undetermined,8
AZ,1994,9,Natural,150
AZ,1994,10,Human,105
AZ,1994,10,Missing data/not specified/undetermined,7
AZ,1994,10,Natural,12
AZ,1994,11,Human,37
AZ,1994,11,Missing data/not specified/undetermined,2
AZ,1994,11,Natural,1
AZ,1994,12,Human,14
AZ,1994,12,Missing data/not specified/undetermined,1
AZ,1995,1,Human,16
AZ,1995,1,Missing data/not specified/undetermined,1
AZ,1995,2,Human,22
AZ,1995,2,Natural,1
AZ,1995,3,Human,34
AZ,1995,3,Missing data/not specified/undetermined,2
AZ,1995,3,Natural,1
AZ,1995,4,Human,247
AZ,1995,4,Missing data/not specified/undetermined,10
AZ,1995,4,Natural,3
AZ,1995,5,Human,556
AZ,1995,5,Missing data/not specified/undetermined,30
AZ,1995,5,Natural,28
AZ,1995,6,Human,716
AZ,1995,6,Missing data/not specified/undetermined,65
AZ,1995,6,Natural,326
AZ,1995,7,Human,571
AZ,1995,7,Missing data/not specified/undetermined,44
AZ,1995,7,Natural,362
AZ,1995,8,Human,219
AZ,1995,8,Missing data/not specified/undetermined,29
AZ,1995,8,Natural,492
AZ,1995,9,Human,148
AZ,1995,9,Missing data/not specified/undetermined,11
AZ,1995,9,Natural,202
AZ,1995,10,Human,206
AZ,1995,10,Missing data/not specified/undetermined,5
AZ,1995,10,Natural,7
AZ,1995,11,Human,69
AZ,1995,11,Missing data/not specified/undetermined,2
AZ,1995,11,Natural,2
AZ,1995,12,Human,72
AZ,1995,12,Missing data/not specified/undetermined,1
AZ,1995,12,Natural,1
AZ,1996,1,Human,98
AZ,1996,1,Natural,3
AZ,1996,2,Human,57
AZ,1996,2,Missing data/not specified/undetermined,2
AZ,1996,2,Natural,1
AZ,1996,3,Human,137
AZ,1996,3,Missing data/not specified/undetermined,4
AZ,1996,3,Natural,1
AZ,1996,4,Human,324
AZ,1996,4,Missing data/not specified/undetermined,17
AZ,1996,4,Natural,14
AZ,1996,5,Human,347
AZ,1996,5,Missing data/not specified/undetermined,30
AZ,1996,5,Natural,6
AZ,1996,6,Human,263
AZ,1996,6,Missing data/not specified/undetermined,27
AZ,1996,6,Natural,316
AZ,1996,7,Human,126
AZ,1996,7,Missing data/not specified/undetermined,12
AZ,1996,7,Natural,937
AZ,1996,8,Human,105
AZ,1996,8,Missing data/not specified/undetermined,6
AZ,1996,8,Natural,508
AZ,1996,9,Human,43
AZ,1996,9,Missing data/not specified/undetermined,2
AZ,1996,9,Natural,172
AZ,1996,10,Human,76
AZ,1996,10,Missing data/not specified/undetermined,2
AZ,1996,10,Natural,35
AZ,1996,11,Human,48
AZ,1996,11,Missing data/not specified/undetermined,1
AZ,1996,11,Natural,2
AZ,1996,12,Human,37
AZ,1996,12,Missing data/not specified/undetermined,2
AZ,1997,1,Human,15
AZ,1997,2,Human,17
AZ,1997,2,Natural,1
AZ,1997,3,Human,46
AZ,1997,3,Natural,1
AZ,1997,4,Human,55
AZ,1997,4,Missing data/not specified/undetermined,3
AZ,1997,4,Natural,19
AZ,1997,5,Human,190
AZ,1997,5,Missing data/not specified/undetermined,4
AZ,1997,5,Natural,294
AZ,1997,6,Human,312
AZ,1997,6,Natural,75
AZ,1997,7,Human,284
AZ,1997,7,Natural,363
AZ,1997,8,Human,37
AZ,1997,8,Natural,314
AZ,1997,9,Human,29
AZ,1997,9,Natural,101
AZ,1997,10,Human,44
AZ,1997,10,Natural,14
AZ,1997,11,Human,25
AZ,1997,11,Natural,4
AZ,1997,12,Human,3
AZ,1998,1,Human,11
AZ,1998,2,Human,7
AZ,1998,3,Human,12
AZ,1998,4,Human,91
AZ,1998,4,Natural,2
AZ,1998,5,Human,604
AZ,1998,5,Missing data/not specified/undetermined,1
AZ,1998,5,Natural,6
AZ,1998,6,Human,675
AZ,1998,6,Natural,13
AZ,1998,7,Human,193
AZ,1998,7,Natural,491
AZ,1998,8,Human,83
AZ,1998,8,Natural,279
AZ,1998,9,Human,50
AZ,1998,9,Natural,41
AZ,1998,10,Human,77
AZ,1998,10,Natural,9
AZ,1998,11,Human,20
AZ,1998,11,Natural,1
AZ,1998,12,Human,13
AZ,1999,1,Human,109
AZ,1999,2,Human,106
AZ,1999,2,Missing data/not specified/undetermined,1
AZ,1999,2,Natural,1
AZ,1999,3,Human,189
AZ,1999,3,Natural,3
AZ,1999,4,Human,119
AZ,1999,4,Missing data/not specified/undetermined,1
AZ,1999,4,Natural,2
AZ,1999,5,Human,317
AZ,1999,5,Natural,119
AZ,1999,6,Human,299
AZ,1999,6,Natural,359
AZ,1999,7,Human,129
AZ,1999,7,Natural,299
AZ,1999,8,Human,58
AZ,1999,8,Natural,176
AZ,1999,9,Human,40
AZ,1999,9,Natural,114
AZ,1999,10,Human,94
AZ,1999,10,Natural,2
AZ,1999,11,Human,109
AZ,1999,12,Human,90
AZ,2000,1,Human,89
AZ,2000,1,Natural,1
AZ,2000,2,Human,110
AZ,2000,2,Natural,5
AZ,2000,3,Human,96
AZ,2000,3,Missing data/not specified/undetermined,2
AZ,2000,3,Natural,4
AZ,2000,4,Human,209
AZ,2000,4,Natural,10
AZ,2000,5,Human,334
AZ,2000,5,Missing data/not specified/undetermined,2
AZ,2000,5,Natural,31
AZ,2000,6,Human,211
AZ,2000,6,Natural,465
AZ,2000,7,Human,178
AZ,2000,7,Missing data/not specified/undetermined,1
AZ,2000,7,Natural,488
AZ,2000,8,Human,75
AZ,2000,8,Missing data/not specified/undetermined,1
AZ,2000,8,Natural,1159
AZ,2000,9,Human,108
AZ,2000,9,Natural,114
AZ,2000,10,Human,38
AZ,2000,10,Natural,71
AZ,2000,11,Human,25
AZ,2000,11,Natural,1
AZ,2000,12,Human,31
AZ,2001,1,Human,29
AZ,2001,1,Natural,1
AZ,2001,2,Human,25
AZ,2001,2,Natural,1
AZ,2001,3,Human,50
AZ,2001,3,Natural,1
AZ,2001,4,Human,74
AZ,2001,4,Natural,27
AZ,2001,5,Human,368
AZ,2001,5,Natural,87
AZ,2001,6,Human,556
AZ,2001,6,Natural,294
AZ,2001,7,Human,234
AZ,2001,7,Missing data/not specified/undetermined,2
AZ,2001,7,Natural,595
AZ,2001,8,Human,73
AZ,2001,8,Natural,327
AZ,2001,9,Human,127
AZ,2001,9,Natural,44
AZ,2001,10,Human,83
AZ,2001,10,Natural,69
AZ,2001,11,Human,85
AZ,2001,11,Natural,2
AZ,2001,12,Human,32
AZ,2002,1,Human,66
AZ,2002,2,Human,139
AZ,2002,2,Natural,2
AZ,2002,3,Human,263
AZ,2002,3,Missing data/not specified/undetermined,1
AZ,2002,3,Natural,9
AZ,2002,4,Human,269
AZ,2002,4,Missing data/not specified/undetermined,1
AZ,2002,4,Natural,85
AZ,2002,5,Human,340
AZ,2002,5,Natural,12
AZ,2002,6,Human,269
AZ,2002,6,Missing data/not specified/undetermined,2
AZ,2002,6,Natural,27
AZ,2002,7,Human,112
AZ,2002,7,Natural,728
AZ,2002,8,Human,83
AZ,2002,8,Missing data/not specified/undetermined,1
AZ,2002,8,Natural,267
AZ,2002,9,Human,53
AZ,2002,9,Natural,65
AZ,2002,10,Human,40
AZ,2002,10,Natural,20
AZ,2002,11,Human,48
AZ,2002,11,Natural,2
AZ,2002,12,Human,13
AZ,2003,1,Human,38
AZ,2003,1,Natural,1
AZ,2003,2,Human,43
AZ,2003,2,Natural,1
AZ,2003,3,Human,41
AZ,2003,4,Human,109
AZ,2003,4,Missing data/not specified/undetermined,1
AZ,2003,4,Natural,1
AZ,2003,5,Human,251
AZ,2003,5,Missing data/not specified/undetermined,1
AZ,2003,5,Natural,96
AZ,2003,6,Human,264
AZ,2003,6,Natural,184
AZ,2003,7,Human,186
AZ,2003,7,Natural,850
AZ,2003,8,Human,86
AZ,2003,8,Missing data/not specified/undetermined,1
AZ,2003,8,Natural,433
AZ,2003,9,Human,69
AZ,2003,9,Natural,86
AZ,2003,10,Human,71
AZ,2003,10,Missing data/not specified/undetermined,1
AZ,2003,10,Natural,29
AZ,2003,11,Human,37
AZ,2003,12,Human,35
AZ,2004,1,Human,36
AZ,2004,1,Natural,2
AZ,2004,2,Human,47
AZ,2004,3,Human,65
AZ,2004,3,Natural,16
AZ,2004,4,Human,117
AZ,2004,4,Natural,5
AZ,2004,5,Human,355
AZ,2004,5,Missing data/not specified/undetermined,1
AZ,2004,5,Natural,6
AZ,2004,6,Human,333
AZ,2004,6,Missing data/not specified/undetermined,1
AZ,2004,6,Natural,321
AZ,2004,7,Human,179
AZ,2004,7,Missing data/not specified/undetermined,3
AZ,2004,7,Natural,636
AZ,2004,8,Human,78
AZ,2004,8,Natural,432
AZ,2004,9,Human,74
AZ,2004,9,Natural,92
AZ,2004,10,Human,46
AZ,2004,10,Natural,31
AZ,2004,11,Human,9
AZ,2004,11,Natural,1
AZ,2004,12,Human,19
AZ,2004,12,Natural,1
AZ,2005,1,Human,13
AZ,2005,2,Human,13
AZ,2005,2,Natural,2
AZ,2005,3,Human,45
AZ,2005,3,Natural,1
AZ,2005,4,Human,227
AZ,2005,4,Natural,10
AZ,2005,5,Human,622
AZ,2005,5,Missing data/not specified/undetermined,2
AZ,2005,5,Natural,60
AZ,2005,6,Human,589
AZ,2005,6,Missing data/not specified/undetermined,4
AZ,2005,6,Natural,219
AZ,2005,7,Human,447
AZ,2005,7,Missing data/not specified/undetermined,3
AZ,2005,7,Natural,662
AZ,2005,8,Human,96
AZ,2005,8,Natural,216
AZ,2005,9,Human,99
AZ,2005,9,Missing data/not specified/undetermined,6
AZ,2005,9,Natural,50
AZ,2005,10,Human,89
AZ,2005,10,Missing data/not specified/undetermined,1
AZ,2005,10,Natural,21
AZ,2005,11,Human,91
AZ,2005,11,Missing data/not specified/undetermined,1
AZ,2005,11,Natural,13
AZ,2005,12,Human,84
AZ,2005,12,Natural,3
AZ,2006,1,Human,115
AZ,2006,1,Missing data/not specified/undetermined,2
AZ,2006,1,Natural,5
AZ,2006,2,Human,159
AZ,2006,2,Missing data/not specified/undetermined,1
AZ,2006,2,Natural,16
AZ,2006,3,Human,122
AZ,2006,3,Missing data/not specified/undetermined,3
AZ,2006,3,Natural,7
AZ,2006,4,Human,176
AZ,2006,4,Natural,16
AZ,2006,5,Human,251
AZ,2006,5,Missing data/not specified/undetermined,4
AZ,2006,5,Natural,109
AZ,2006,6,Human,290
AZ,2006,6,Missing data/not specified/undetermined,4
AZ,2006,6,Natural,463
AZ,2006,7,Human,101
AZ,2006,7,Missing data/not specified/undetermined,6
AZ,2006,7,Natural,969
AZ,2006,8,Human,39
AZ,2006,8,Missing data/not specified/undetermined,2
AZ,2006,8,Natural,192
AZ,2006,9,Human,39
AZ,2006,9,Natural,83
AZ,2006,10,Human,46
AZ,2006,10,Natural,9
AZ,2006,11,Human,52
AZ,2006,11,Natural,2
AZ,2006,12,Human,31
AZ,2006,12,Natural,1
AZ,2007,1,Human,35
AZ,2007,1,Missing data/not specified/undetermined,1
AZ,2007,2,Human,45
AZ,2007,2,Missing data/not specified/undetermined,1
AZ,2007,2,Natural,2
AZ,2007,3,Human,136
AZ,2007,3,Missing data/not specified/undetermined,6
AZ,2007,3,Natural,2
AZ,2007,4,Human,125
AZ,2007,4,Missing data/not specified/undetermined,1
AZ,2007,4,Natural,14
AZ,2007,5,Human,262
AZ,2007,5,Missing data/not specified/undetermined,2
AZ,2007,5,Natural,98
AZ,2007,6,Human,266
AZ,2007,6,Missing data/not specified/undetermined,2
AZ,2007,6,Natural,67
AZ,2007,7,Human,140
AZ,2007,7,Natural,723
AZ,2007,8,Human,42
AZ,2007,8,Natural,157
AZ,2007,9,Human,49
AZ,2007,9,Natural,80
AZ,2007,10,Human,65
AZ,2007,10,Natural,6
AZ,2007,11,Human,88
AZ,2007,11,Natural,4
AZ,2007,12,Human,23
AZ,2008,1,Human,29
AZ,2008,1,Missing data/not specified/undetermined,4
AZ,2008,2,Human,37
AZ,2008,2,Missing data/not specified/undetermined,2
AZ,2008,2,Natural,1
AZ,2008,3,Human,73
AZ,2008,3,Missing data/not specified/undetermined,9
AZ,2008,3,Natural,1
AZ,2008,4,Human,163
AZ,2008,4,Missing data/not specified/undetermined,11
AZ,2008,5,Human,184
AZ,2008,5,Missing data/not specified/undetermined,11
AZ,2008,5,Natural,20
AZ,2008,6,Human,252
AZ,2008,6,Missing data/not specified/undetermined,22
AZ,2008,6,Natural,159
AZ,2008,7,Human,100
AZ,2008,7,Missing data/not specified/undetermined,14
AZ,2008,7,Natural,290
AZ,2008,8,Human,35
AZ,2008,8,Missing data/not specified/undetermined,10
AZ,2008,8,Natural,176
AZ,2008,9,Human,50
AZ,2008,9,Missing data/not specified/undetermined,9
AZ,2008,9,Natural,43
AZ,2008,10,Human,90
AZ,2008,10,Missing data/not specified/undetermined,7
AZ,2008,10,Natural,2
AZ,2008,11,Human,61
AZ,2008,11,Missing data/not specified/undetermined,10
AZ,2008,11,Natural,9
AZ,2008,12,Human,11
AZ,2008,12,Missing data/not specified/undetermined,2
AZ,2008,12,Natural,1
AZ,2009,1,Human,45
AZ,2009,1,Missing data/not specified/undetermined,5
AZ,2009,1,Natural,1
AZ,2009,2,Human,49
AZ,2009,2,Missing data/not specified/undetermined,3
AZ,2009,3,Human,106
AZ,2009,3,Missing data/not specified/undetermined,11
AZ,2009,3,Natural,3
AZ,2009,4,Human,156
AZ,2009,4,Missing data/not specified/undetermined,11
AZ,2009,4,Natural,3
AZ,2009,5,Human,222
AZ,2009,5,Missing data/not specified/undetermined,22
AZ,2009,5,Natural,87
AZ,2009,6,Human,221
AZ,2009,6,Missing data/not specified/undetermined,6
AZ,2009,6,Natural,51
AZ,2009,7,Human,131
AZ,2009,7,Missing data/not specified/undetermined,10
AZ,2009,7,Natural,360
AZ,2009,8,Human,153
AZ,2009,8,Missing data/not specified/undetermined,11
AZ,2009,8,Natural,184
AZ,2009,9,Human,94
AZ,2009,9,Missing data/not specified/undetermined,8
AZ,2009,9,Natural,228
AZ,2009,10,Human,112
AZ,2009,10,Missing data/not specified/undetermined,9
AZ,2009,10,Natural,15
AZ,2009,11,Human,76
AZ,2009,11,Missing data/not specified/undetermined,17
AZ,2009,11,Natural,2
AZ,2009,12,Human,33
AZ,2009,12,Missing data/not specified/undetermined,6
AZ,2009,12,Natural,1
AZ,2010,1,Human,27
AZ,2010,1,Missing data/not specified/undetermined,130
AZ,2010,1,Natural,1
AZ,2010,2,Human,20
AZ,2010,2,Missing data/not specified/undetermined,72
AZ,2010,3,Human,30
AZ,2010,3,Missing data/not specified/undetermined,72
AZ,2010,3,Natural,2
AZ,2010,4,Human,78
AZ,2010,4,Missing data/not specified/undetermined,108
AZ,2010,4,Natural,1
AZ,2010,5,Human,207
AZ,2010,5,Missing data/not specified/undetermined,157
AZ,2010,5,Natural,4
AZ,2010,6,Human,238
AZ,2010,6,Missing data/not specified/undetermined,166
AZ,2010,6,Natural,103
AZ,2010,7,Human,120
AZ,2010,7,Missing data/not specified/undetermined,173
AZ,2010,7,Natural,339
AZ,2010,8,Human,50
AZ,2010,8,Missing data/not specified/undetermined,93
AZ,2010,8,Natural,87
AZ,2010,9,Human,109
AZ,2010,9,Missing data/not specified/undetermined,137
AZ,2010,9,Natural,9
AZ,2010,10,Human,60
AZ,2010,10,Missing data/not specified/undetermined,112
AZ,2010,10,Natural,41
AZ,2010,11,Human,48
AZ,2010,11,Missing data/not specified/undetermined,126
AZ,2010,11,Natural,2
AZ,2010,12,Human,38
AZ,2010,12,Missing data/not specified/undetermined,100
AZ,2010,12,Natural,1
AZ,2011,1,Human,46
AZ,2011,1,Missing data/not specified/undetermined,175
AZ,2011,1,Natural,2
AZ,2011,2,Human,35
AZ,2011,2,Missing data/not specified/undetermined,124
AZ,2011,3,Human,98
AZ,2011,3,Missing data/not specified/undetermined,129
AZ,2011,3,Natural,1
AZ,2011,4,Human,116
AZ,2011,4,Missing data/not specified/undetermined,151
AZ,2011,4,Natural,2
AZ,2011,5,Human,197
AZ,2011,5,Missing data/not specified/undetermined,226
AZ,2011,5,Natural,4
AZ,2011,6,Human,176
AZ,2011,6,Missing data/not specified/undetermined,250
AZ,2011,6,Natural,20
AZ,2011,7,Human,99
AZ,2011,7,Missing data/not specified/undetermined,183
AZ,2011,7,Natural,401
AZ,2011,8,Human,51
AZ,2011,8,Missing data/not specified/undetermined,135
AZ,2011,8,Natural,286
AZ,2011,9,Human,37
AZ,2011,9,Missing data/not specified/undetermined,113
AZ,2011,9,Natural,124
AZ,2011,10,Human,33
AZ,2011,10,Missing data/not specified/undetermined,125
AZ,2011,10,Natural,24
AZ,2011,11,Human,24
AZ,2011,11,Missing data/not specified/undetermined,78
AZ,2011,12,Human,10
AZ,2011,12,Missing data/not specified/undetermined,82
AZ,2011,12,Natural,2
AZ,2012,1,Human,44
AZ,2012,1,Missing data/not specified/undetermined,139
AZ,2012,1,Natural,2
AZ,2012,2,Human,54
AZ,2012,2,Missing data/not specified/undetermined,111
AZ,2012,2,Natural,1
AZ,2012,3,Human,92
AZ,2012,3,Missing data/not specified/undetermined,126
AZ,2012,3,Natural,5
AZ,2012,4,Human,123
AZ,2012,4,Missing data/not specified/undetermined,135
AZ,2012,4,Natural,11
AZ,2012,5,Human,201
AZ,2012,5,Missing data/not specified/undetermined,182
AZ,2012,5,Natural,27
AZ,2012,6,Human,218
AZ,2012,6,Missing data/not specified/undetermined,159
AZ,2012,6,Natural,106
AZ,2012,7,Human,76
AZ,2012,7,Missing data/not specified/undetermined,132
AZ,2012,7,Natural,354
AZ,2012,8,Human,33
AZ,2012,8,Missing data/not specified/undetermined,92
AZ,2012,8,Natural,218
AZ,2012,9,Human,36
AZ,2012,9,Missing data/not specified/undetermined,85
AZ,2012,9,Natural,41
AZ,2012,10,Human,44
AZ,2012,10,Missing data/not specified/undetermined,101
AZ,2012,10,Natural,11
AZ,2012,11,Human,52
AZ,2012,11,Missing data/not specified/undetermined,81
AZ,2012,11,Natural,1
AZ,2012,12,Human,20
AZ,2012,12,Missing data/not specified/undetermined,92
AZ,2012,12,Natural,1
AZ,2013,1,Human,34
AZ,2013,1,Missing data/not specified/undetermined,125
AZ,2013,1,Natural,1
AZ,2013,2,Human,26
AZ,2013,2,Missing data/not specified/undetermined,75
AZ,2013,3,Human,73
AZ,2013,3,Missing data/not specified/undetermined,128
AZ,2013,3,Natural,1
AZ,2013,4,Human,143
AZ,2013,4,Missing data/not specified/undetermined,136
AZ,2013,4,Natural,1
AZ,2013,5,Human,227
AZ,2013,5,Missing data/not specified/undetermined,177
AZ,2013,5,Natural,15
AZ,2013,6,Human,231
AZ,2013,6,Missing data/not specified/undetermined,179
AZ,2013,6,Natural,91
AZ,2013,7,Human,61
AZ,2013,7,Missing data/not specified/undetermined,137
AZ,2013,7,Natural,378
AZ,2013,8,Human,52
AZ,2013,8,Missing data/not specified/undetermined,130
AZ,2013,8,Natural,179
AZ,2013,9,Human,18
AZ,2013,9,Missing data/not specified/undetermined,91
AZ,2013,9,Natural,26
AZ,2013,10,Human,39
AZ,2013,10,Missing data/not specified/undetermined,83
AZ,2013,10,Natural,3
AZ,2013,11,Human,39
AZ,2013,11,Missing data/not specified/undetermined,81
AZ,2013,11,Natural,1
AZ,2013,12,Human,27
AZ,2013,12,Missing data/not specified/undetermined,75
AZ,2014,1,Human,69
AZ,2014,1,Missing data/not specified/undetermined,124
AZ,2014,2,Human,71
AZ,2014,2,Missing data/not specified/undetermined,112
AZ,2014,3,Human,96
AZ,2014,3,Missing data/not specified/undetermined,71
AZ,2014,3,Natural,3
AZ,2014,4,Human,141
AZ,2014,4,Missing data/not specified/undetermined,103
AZ,2014,4,Natural,10
AZ,2014,5,Human,182
AZ,2014,5,Missing data/not specified/undetermined,151
AZ,2014,5,Natural,35
AZ,2014,6,Human,231
AZ,2014,6,Missing data/not specified/undetermined,175
AZ,2014,6,Natural,9
AZ,2014,7,Human,82
AZ,2014,7,Missing data/not specified/undetermined,177
AZ,2014,7,Natural,354
AZ,2014,8,Human,33
AZ,2014,8,Missing data/not specified/undetermined,78
AZ,2014,8,Natural,96
AZ,2014,9,Human,36
AZ,2014,9,Missing data/not specified/undetermined,76
AZ,2014,9,Natural,25
AZ,2014,10,Human,45
AZ,2014,10,Missing data/not specified/undetermined,74
AZ,2014,10,Natural,3
AZ,2014,11,Human,54
AZ,2014,11,Missing data/not specified/undetermined,80
AZ,2014,12,Human,18
AZ,2014,12,Missing data/not specified/undetermined,13
AZ,2015,1,Human,14
AZ,2015,1,Missing data/not specified/undetermined,178
AZ,2015,2,Human,33
AZ,2015,2,Missing data/not specified/undetermined,131
AZ,2015,3,Human,50
AZ,2015,3,Missing data/not specified/undetermined,213
AZ,2015,4,Human,84
AZ,2015,4,Missing data/not specified/undetermined,276
AZ,2015,4,Natural,2
AZ,2015,5,Human,111
AZ,2015,5,Missing data/not specified/undetermined,317
AZ,2015,5,Natural,12
AZ,2015,6,Human,139
AZ,2015,6,Missing data/not specified/undetermined,369
AZ,2015,6,Natural,167
AZ,2015,7,Human,86
AZ,2015,7,Missing data/not specified/undetermined,282
AZ,2015,7,Natural,185
AZ,2015,8,Human,31
AZ,2015,8,Missing data/not specified/undetermined,188
AZ,2015,8,Natural,191
AZ,2015,9,Human,29
AZ,2015,9,Missing data/not specified/undetermined,133
AZ,2015,9,Natural,46
AZ,2015,10,Human,27
AZ,2015,10,Missing data/not specified/undetermined,113
AZ,2015,10,Natural,13
AZ,2015,11,Human,17
AZ,2015,11,Missing data/not specified/undetermined,165
AZ,2015,11,Natural,2
AZ,2015,12,Human,23
AZ,2015,12,Missing data/not specified/undetermined,192
AZ,2016,1,Human,27
AZ,2016,1,Missing data/not specified/undetermined,3
AZ,2016,2,Human,58
AZ,2016,2,Missing data/not specified/undetermined,6
AZ,2016,2,Natural,1
AZ,2016,3,Human,90
AZ,2016,3,Missing data/not specified/undetermined,30
AZ,2016,3,Natural,3
AZ,2016,4,Human,113
AZ,2016,4,Missing data/not specified/undetermined,11
AZ,2016,4,Natural,5
AZ,2016,5,Human,177
AZ,2016,5,Missing data/not specified/undetermined,19
AZ,2016,5,Natural,42
AZ,2016,6,Human,170
AZ,2016,6,Missing data/not specified/undetermined,30
AZ,2016,6,Natural,183
AZ,2016,7,Human,99
AZ,2016,7,Missing data/not specified/undetermined,26
AZ,2016,7,Natural,313
AZ,2016,8,Human,54
AZ,2016,8,Missing data/not specified/undetermined,18
AZ,2016,8,Natural,101
AZ,2016,9,Human,57
AZ,2016,9,Missing data/not specified/undetermined,7
AZ,2016,9,Natural,36
AZ,2016,10,Human,39
AZ,2016,10,Missing data/not specified/undetermined,4
AZ,2016,10,Natural,15
AZ,2016,11,Human,22
AZ,2016,11,Missing data/not specified/undetermined,4
AZ,2016,11,Natural,7
AZ,2016,12,Human,15
AZ,2016,12,Missing data/not specified/undetermined,3
AZ,2017,1,Human,21
AZ,2017,1,Missing data/not specified/undetermined,80
AZ,2017,1,Natural,2
AZ,2017,2,Human,32
AZ,2017,2,Missing data/not specified/undetermined,130
AZ,2017,2,Natural,1
AZ,2017,3,Human,59
AZ,2017,3,Missing data/not specified/undetermined,222
AZ,2017,3,Natural,2
AZ,2017,4,Human,165
AZ,2017,4,Missing data/not specified/undetermined,325
AZ,2017,4,Natural,2
AZ,2017,5,Human,213
AZ,2017,5,Missing data/not specified/undetermined,397
AZ,2017,5,Natural,22
AZ,2017,6,Human,223
AZ,2017,6,Missing data/not specified/undetermined,421
AZ,2017,6,Natural,88
AZ,2017,7,Human,124
AZ,2017,7,Missing data/not specified/undetermined,333
AZ,2017,7,Natural,280
AZ,2017,8,Human,46
AZ,2017,8,Missing data/not specified/undetermined,124
AZ,2017,8,Natural,96
AZ,2017,9,Human,78
AZ,2017,9,Missing data/not specified/undetermined,135
AZ,2017,9,Natural,44
AZ,2017,10,Human,107
AZ,2017,10,Missing data/not specified/undetermined,108
AZ,2017,10,Natural,5
AZ,2017,11,Human,59
AZ,2017,11,Missing data/not specified/undetermined,93
AZ,2017,11,Natural,1
AZ,2017,12,Human,45
AZ,2017,12,Missing data/not specified/undetermined,97
AZ,2017,12,Natural,1
AZ,2018,1,Human,829
AZ,2018,1,Missing data/not specified/undetermined,4
AZ,2018,1,Natural,15
AZ,2018,2,Human,657
AZ,2018,2,Missing data/not specified/undetermined,2
AZ,2018,2,Natural,7
AZ,2018,3,Human,816
AZ,2018,3,Natural,3
AZ,2018,4,Human,1022
AZ,2018,4,Missing data/not specified/undetermined,3
AZ,2018,4,Natural,12
AZ,2018,5,Human,1085
AZ,2018,5,Missing data/not specified/undetermined,3
AZ,2018,5,Natural,12
AZ,2018,6,Human,987
AZ,2018,6,Missing data/not specified/undetermined,1
AZ,2018,6,Natural,41
AZ,2018,7,Human,1014
AZ,2018,7,Missing data/not specified/undetermined,6
AZ,2018,7,Natural,496
AZ,2018,8,Human,483
AZ,2018,8,Missing data/not specified/undetermined,2
AZ,2018,8,Natural,201
AZ,2018,9,Human,504
AZ,2018,9,Missing data/not specified/undetermined,1
AZ,2018,9,Natural,32
AZ,2018,10,Human,375
AZ,2018,10,Missing data/not specified/undetermined,2
AZ,2018,10,Natural,17
AZ,2018,11,Human,544
AZ,2018,11,Natural,8
AZ,2018,12,Human,543
AZ,2018,12,Missing data/not specified/undetermined,1
AZ,2018,12,Natural,10
AZ,2019,1,Human,33
AZ,2019,1,Missing data/not specified/undetermined,170
AZ,2019,1,Natural,23
AZ,2019,2,Human,33
AZ,2019,2,Missing data/not specified/undetermined,175
AZ,2019,2,Natural,19
AZ,2019,3,Human,51
AZ,2019,3,Missing data/not specified/undetermined,295
AZ,2019,3,Natural,24
AZ,2019,4,Human,135
AZ,2019,4,Missing data/not specified/undetermined,407
AZ,2019,4,Natural,35
AZ,2019,5,Human,211
AZ,2019,5,Missing data/not specified/undetermined,448
AZ,2019,5,Natural,48
AZ,2019,6,Human,281
AZ,2019,6,Missing data/not specified/undetermined,507
AZ,2019,6,Natural,59
AZ,2019,7,Human,313
AZ,2019,7,Missing data/not specified/undetermined,529
AZ,2019,7,Natural,205
AZ,2019,8,Human,155
AZ,2019,8,Missing data/not specified/undetermined,314
AZ,2019,8,Natural,126
AZ,2019,9,Human,89
AZ,2019,9,Missing data/not specified/undetermined,246
AZ,2019,9,Natural,103
AZ,2019,10,Human,126
AZ,2019,10,Missing data/not specified/undetermined,245
AZ,2019,10,Natural,19
AZ,2019,11,Human,64
AZ,2019,11,Missing data/not specified/undetermined,199
AZ,2019,11,Natural,25
AZ,2019,12,Human,4
AZ,2019,12,Missing data/not specified/undetermined,87
AZ,2019,12,Natural,7
AZ,2020,1,Human,206
AZ,2020,1,Missing data/not specified/undetermined,2
AZ,2020,2,Human,216
AZ,2020,2,Missing data/not specified/undetermined,1
AZ,2020,3,Human,220
AZ,2020,4,Human,490
AZ,2020,4,Missing data/not specified/undetermined,7
AZ,2020,4,Natural,2
AZ,2020,5,Human,1030
AZ,2020,5,Missing data/not specified/undetermined,12
AZ,2020,5,Natural,31
AZ,2020,6,Human,806
AZ,2020,6,Missing data/not specified/undetermined,10
AZ,2020,6,Natural,24
AZ,2020,7,Human,590
AZ,2020,7,Missing data/not specified/undetermined,7
AZ,2020,7,Natural,129
AZ,2020,8,Human,443
AZ,2020,8,Missing data/not specified/undetermined,12
AZ,2020,8,Natural,225
AZ,2020,9,Human,357
AZ,2020,9,Missing data/not specified/undetermined,8
AZ,2020,9,Natural,14
AZ,2020,10,Human,397
AZ,2020,10,Missing data/not specified/undetermined,6
AZ,2020,10,Natural,4
AZ,2020,11,Human,238
AZ,2020,11,Missing data/not specified/undetermined,1
AZ,2020,11,Natural,26
AZ,2020,12,Human,213
AZ,2020,12,Missing data/not specified/undetermined,3
CA,1992,1,Human,90
CA,1992,1,Missing data/not specified/undetermined,1
CA,1992,1,Natural,1
CA,1992,2,Human,53
CA,1992,2,Natural,1
CA,1992,3,Human,40
CA,1992,3,Natural,8
CA,1992,4,Human,256
CA,1992,4,Missing data/not specified/undetermined,1
CA,1992,4,Natural,2
CA,1992,5,Human,1031
CA,1992,5,Missing data/not specified/undetermined,1
CA,1992,5,Natural,307
CA,1992,6,Human,1366
CA,1992,6,Missing data/not specified/undetermined,1
CA,1992,6,Natural,818
CA,1992,7,Human,1641
CA,1992,7,Natural,421
CA,1992,8,Human,1509
CA,1992,8,Missing data/not specified/undetermined,3
CA,1992,8,Natural,772
CA,1992,9,Human,1137
CA,1992,9,Missing data/not specified/undetermined,3
CA,1992,9,Natural,221
CA,1992,10,Human,611
CA,1992,10,Missing data/not specified/undetermined,1
CA,1992,10,Natural,141
CA,1992,11,Human,287
CA,1992,11,Missing data/not specified/undetermined,2
CA,1992,11,Natural,4
CA,1992,12,Human,101
CA,1993,1,Human,31
CA,1993,2,Human,39
CA,1993,2,Missing data/not specified/undetermined,1
CA,1993,3,Human,69
CA,1993,4,Human,200
CA,1993,4,Missing data/not specified/undetermined,1
CA,1993,5,Human,723
CA,1993,5,Missing data/not specified/undetermined,1
CA,1993,5,Natural,25
CA,1993,6,Human,1146
CA,1993,6,Missing data/not specified/undetermined,5
CA,1993,6,Natural,45
CA,1993,7,Human,1645
CA,1993,7,Missing data/not specified/undetermined,4
CA,1993,7,Natural,28
CA,1993,8,Human,1316
CA,1993,8,Missing data/not specified/undetermined,2
CA,1993,8,Natural,354
CA,1993,9,Human,1164
CA,1993,9,Missing data/not specified/undetermined,1
CA,1993,9,Natural,99
CA,1993,10,Human,608
CA,1993,10,Missing data/not specified/undetermined,4
CA,1993,10,Natural,138
CA,1993,11,Human,478
CA,1993,11,Missing data/not specified/undetermined,1
CA,1993,11,Natural,15
CA,1993,12,Human,125
CA,1994,1,Human,186
CA,1994,1,Missing data/not specified/undetermined,2
CA,1994,1,Natural,1
CA,1994,2,Human,78
CA,1994,2,Missing data/not specified/undetermined,1
CA,1994,3,Human,183
CA,1994,3,Natural,9
CA,1994,4,Human,325
CA,1994,4,Natural,7
CA,1994,5,Human,532
CA,1994,5,Missing data/not specified/undetermined,4
CA,1994,5,Natural,81
CA,1994,6,Human,1368
CA,1994,6,Natural,73
CA,1994,7,Human,1490
CA,1994,7,Missing data/not specified/undetermined,3
CA,1994,7,Natural,526
CA,1994,8,Human,1283
CA,1994,8,Missing data/not specified/undetermined,4
CA,1994,8,Natural,93
CA,1994,9,Human,851
CA,1994,9,Missing data/not specified/undetermined,4
CA,1994,9,Natural,670
CA,1994,10,Human,549
CA,1994,10,Natural,41
CA,1994,11,Human,190
CA,1994,12,Human,95
CA,1995,1,Human,33
CA,1995,1,Missing data/not specified/undetermined,1
CA,1995,2,Human,58
CA,1995,2,Natural,1
CA,1995,3,Human,33
CA,1995,3,Natural,1
CA,1995,4,Human,102
CA,1995,4,Natural,1
CA,1995,5,Human,299
CA,1995,5,Natural,16
CA,1995,6,Human,825
CA,1995,6,Missing data/not specified/undetermined,2
CA,1995,6,Natural,111
CA,1995,7,Human,1411
CA,1995,7,Missing data/not specified/undetermined,3
CA,1995,7,Natural,307
CA,1995,8,Human,1417
CA,1995,8,Missing data/not specified/undetermined,3
CA,1995,8,Natural,31
CA,1995,9,Human,1007
CA,1995,9,Missing data/not specified/undetermined,2
CA,1995,9,Natural,71
CA,1995,10,Human,978
CA,1995,10,Missing data/not specified/undetermined,1
CA,1995,10,Natural,4
CA,1995,11,Human,498
CA,1995,11,Missing data/not specified/undetermined,1
CA,1995,11,Natural,4
CA,1995,12,Human,158
CA,1995,12,Natural,2
CA,1996,1,Human,159
CA,1996,1,Natural,1
CA,1996,2,Human,42
CA,1996,2,Natural,2
CA,1996,3,Human,92
CA,1996,3,Missing data/not specified/undetermined,2
CA,1996,4,Human,485
CA,1996,4,Natural,3
CA,1996,5,Human,886
CA,1996,5,Missing data/not specified/undetermined,1
CA,1996,5,Natural,8
CA,1996,6,Human,1315
CA,1996,6,Natural,52
CA,1996,7,Human,1612
CA,1996,7,Missing data/not specified/undetermined,4
CA,1996,7,Natural,542
CA,1996,8,Human,1266
CA,1996,8,Missing data/not specified/undetermined,3
CA,1996,8,Natural,735
CA,1996,9,Human,856
CA,1996,9,Missing data/not specified/undetermined,3
CA,1996,9,Natural,26
CA,1996,10,Human,729
CA,1996,10,Natural,44
CA,1996,11,Human,256
CA,1996,12,Human,46
CA,1997,1,Human,43
CA,1997,2,Human,137
CA,1997,3,Human,319
CA,1997,3,Missing data/not specified/undetermined,2
CA,1997,3,Natural,1
CA,1997,4,Human,566
CA,1997,4,Missing data/not specified/undetermined,3
CA,1997,4,Natural,3
CA,1997,5,Human,955
CA,1997,5,Missing data/not specified/undetermined,2
CA,1997,5,Natural,173
CA,1997,6,Human,980
CA,1997,6,Natural,133
CA,1997,7,Human,1320
CA,1997,7,Missing data/not specified/undetermined,2
CA,1997,7,Natural,473
CA,1997,8,Human,1004
CA,1997,8,Natural,124
CA,1997,9,Human,744
CA,1997,9,Missing data/not specified/undetermined,1
CA,1997,9,Natural,179
CA,1997,10,Human,494
CA,1997,10,Natural,10
CA,1997,11,Human,184
CA,1997,11,Natural,3
CA,1997,12,Human,73
CA,1998,1,Human,36
CA,1998,2,Human,19
CA,1998,3,Human,63
CA,1998,4,Human,117
CA,1998,4,Natural,4
CA,1998,5,Human,248
CA,1998,5,Missing data/not specified/undetermined,1
CA,1998,5,Natural,2
CA,1998,6,Human,683
CA,1998,6,Missing data/not specified/undetermined,2
CA,1998,6,Natural,38
CA,1998,7,Human,1357
CA,1998,7,Missing data/not specified/undetermined,1
CA,1998,7,Natural,264
CA,1998,8,Human,1385
CA,1998,8,Missing data/not specified/undetermined,2
CA,1998,8,Natural,333
CA,1998,9,Human,821
CA,1998,9,Missing data/not specified/undetermined,6
CA,1998,9,Natural,387
CA,1998,10,Human,749
CA,1998,10,Natural,14
CA,1998,11,Human,196
CA,1998,12,Human,133
CA,1999,1,Human,203
CA,1999,1,Missing data/not specified/undetermined,2
CA,1999,2,Human,86
CA,1999,2,Natural,1
CA,1999,3,Human,149
CA,1999,3,Missing data/not specified/undetermined,1
CA,1999,4,Human,298
CA,1999,4,Missing data/not specified/undetermined,1
CA,1999,4,Natural,5
CA,1999,5,Human,676
CA,1999,5,Missing data/not specified/undetermined,2
CA,1999,5,Natural,75
CA,1999,6,Human,1238
CA,1999,6,Missing data/not specified/undetermined,17
CA,1999,6,Natural,9
CA,1999,7,Human,1502
CA,1999,7,Missing data/not specified/undetermined,19
CA,1999,7,Natural,351
CA,1999,8,Human,1011
CA,1999,8,Missing data/not specified/undetermined,12
CA,1999,8,Natural,858
CA,1999,9,Human,831
CA,1999,9,Missing data/not specified/undetermined,5
CA,1999,9,Natural,293
CA,1999,10,Human,677
CA,1999,10,Missing data/not specified/undetermined,13
CA,1999,10,Natural,12
CA,1999,11,Human,258
CA,1999,11,Missing data/not specified/undetermined,3
CA,1999,11,Natural,1
CA,1999,12,Human,297
CA,1999,12,Missing data/not specified/undetermined,3
CA,2000,1,Human,151
CA,2000,1,Missing data/not specified/undetermined,1
CA,2000,1,Natural,2
CA,2000,2,Human,64
CA,2000,2,Missing data/not specified/undetermined,2
CA,2000,2,Natural,2
CA,2000,3,Human,139
CA,2000,3,Missing data/not specified/undetermined,1
CA,2000,3,Natural,1
CA,2000,4,Human,267
CA,2000,4,Missing data/not specified/undetermined,1
CA,2000,4,Natural,18
CA,2000,5,Human,522
CA,2000,5,Missing data/not specified/undetermined,10
CA,2000,5,Natural,7
CA,2000,6,Human,998
CA,2000,6,Missing data/not specified/undetermined,32
CA,2000,6,Natural,155
CA,2000,7,Human,1328
CA,2000,7,Missing data/not specified/undetermined,17
CA,2000,7,Natural,151
CA,2000,8,Human,1027
CA,2000,8,Missing data/not specified/undetermined,21
CA,2000,8,Natural,441
CA,2000,9,Human,676
CA,2000,9,Missing data/not specified/undetermined,8
CA,2000,9,Natural,75
CA,2000,10,Human,455
CA,2000,10,Missing data/not specified/undetermined,3
CA,2000,10,Natural,35
CA,2000,11,Human,197
CA,2000,11,Natural,1
CA,2000,12,Human,162
CA,2001,1,Human,154
CA,2001,1,Missing data/not specified/undetermined,1
CA,2001,1,Natural,1
CA,2001,2,Human,57
CA,2001,2,Missing data/not specified/undetermined,3
CA,2001,2,Natural,1
CA,2001,3,Human,115
CA,2001,3,Missing data/not specified/undetermined,2
CA,2001,3,Natural,4
CA,2001,4,Human,157
CA,2001,4,Missing data/not specified/undetermined,3
CA,2001,4,Natural,1
CA,2001,5,Human,862
CA,2001,5,Missing data/not specified/undetermined,14
CA,2001,5,Natural,17
CA,2001,6,Human,1313
CA,2001,6,Missing data/not specified/undetermined,15
CA,2001,6,Natural,6
CA,2001,7,Human,1292
CA,2001,7,Missing data/not specified/undetermined,22
CA,2001,7,Natural,749
CA,2001,8,Human,1071
CA,2001,8,Missing data/not specified/undetermined,24
CA,2001,8,Natural,226
CA,2001,9,Human,683
CA,2001,9,Missing data/not specified/undetermined,21
CA,2001,9,Natural,466
CA,2001,10,Human,620
CA,2001,10,Missing data/not specified/undetermined,8
CA,2001,10,Natural,11
CA,2001,11,Human,194
CA,2001,11,Missing data/not specified/undetermined,1
CA,2001,11,Natural,1
CA,2001,12,Human,45
CA,2001,12,Missing data/not specified/undetermined,2
CA,2001,12,Natural,1
CA,2002,1,Human,94
CA,2002,1,Natural,3
CA,2002,2,Human,172
CA,2002,2,Missing data/not specified/undetermined,2
CA,2002,3,Human,207
CA,2002,3,Missing data/not specified/undetermined,3
CA,2002,3,Natural,1
CA,2002,4,Human,320
CA,2002,4,Missing data/not specified/undetermined,2
CA,2002,4,Natural,8
CA,2002,5,Human,741
CA,2002,5,Missing data/not specified/undetermined,13
CA,2002,5,Natural,23
CA,2002,6,Human,1119
CA,2002,6,Missing data/not specified/undetermined,13
CA,2002,6,Natural,103
CA,2002,7,Human,1103
CA,2002,7,Missing data/not specified/undetermined,21
CA,2002,7,Natural,436
CA,2002,8,Human,911
CA,2002,8,Missing data/not specified/undetermined,19
CA,2002,8,Natural,21
CA,2002,9,Human,767
CA,2002,9,Missing data/not specified/undetermined,21
CA,2002,9,Natural,33
CA,2002,10,Human,507
CA,2002,10,Missing data/not specified/undetermined,13
CA,2002,10,Natural,12
CA,2002,11,Human,361
CA,2002,11,Missing data/not specified/undetermined,3
CA,2002,11,Natural,5
CA,2002,12,Human,59
CA,2002,12,Natural,2
CA,2003,1,Human,86
CA,2003,1,Missing data/not specified/undetermined,4
CA,2003,2,Human,72
CA,2003,2,Missing data/not specified/undetermined,2
CA,2003,3,Human,108
CA,2003,3,Missing data/not specified/undetermined,5
CA,2003,4,Human,85
CA,2003,4,Missing data/not specified/undetermined,7
CA,2003,5,Human,399
CA,2003,5,Missing data/not specified/undetermined,5
CA,2003,5,Natural,18
CA,2003,6,Human,984
CA,2003,6,Missing data/not specified/undetermined,20
CA,2003,6,Natural,87
CA,2003,7,Human,1451
CA,2003,7,Missing data/not specified/undetermined,23
CA,2003,7,Natural,702
CA,2003,8,Human,964
CA,2003,8,Missing data/not specified/undetermined,13
CA,2003,8,Natural,443
CA,2003,9,Human,773
CA,2003,9,Missing data/not specified/undetermined,11
CA,2003,9,Natural,685
CA,2003,10,Human,649
CA,2003,10,Missing data/not specified/undetermined,9
CA,2003,10,Natural,4
CA,2003,11,Human,190
CA,2003,11,Natural,1
CA,2003,12,Human,87
CA,2003,12,Missing data/not specified/undetermined,4
CA,2003,12,Natural,3
CA,2004,1,Human,61
CA,2004,1,Missing data/not specified/undetermined,1
CA,2004,1,Natural,2
CA,2004,2,Human,73
CA,2004,2,Missing data/not specified/undetermined,1
CA,2004,3,Human,204
CA,2004,3,Missing data/not specified/undetermined,4
CA,2004,3,Natural,1
CA,2004,4,Human,532
CA,2004,4,Missing data/not specified/undetermined,6
CA,2004,4,Natural,3
CA,2004,5,Human,889
CA,2004,5,Missing data/not specified/undetermined,18
CA,2004,5,Natural,39
CA,2004,6,Human,1037
CA,2004,6,Missing data/not specified/undetermined,28
CA,2004,6,Natural,383
CA,2004,7,Human,1214
CA,2004,7,Missing data/not specified/undetermined,19
CA,2004,7,Natural,274
CA,2004,8,Human,921
CA,2004,8,Missing data/not specified/undetermined,14
CA,2004,8,Natural,279
CA,2004,9,Human,730
CA,2004,9,Missing data/not specified/undetermined,20
CA,2004,9,Natural,53
CA,2004,10,Human,375
CA,2004,10,Missing data/not specified/undetermined,6
CA,2004,10,Natural,50
CA,2004,11,Human,91
CA,2004,11,Missing data/not specified/undetermined,5
CA,2004,12,Human,73
CA,2004,12,Missing data/not specified/undetermined,1
CA,2005,1,Human,54
CA,2005,1,Missing data/not specified/undetermined,17
CA,2005,2,Human,78
CA,2005,2,Missing data/not specified/undetermined,19
CA,2005,3,Human,120
CA,2005,3,Missing data/not specified/undetermined,27
CA,2005,3,Natural,3
CA,2005,4,Human,287
CA,2005,4,Missing data/not specified/undetermined,108
CA,2005,4,Natural,6
CA,2005,5,Human,639
CA,2005,5,Missing data/not specified/undetermined,160
CA,2005,5,Natural,29
CA,2005,6,Human,1205
CA,2005,6,Missing data/not specified/undetermined,257
CA,2005,6,Natural,37
CA,2005,7,Human,1787
CA,2005,7,Missing data/not specified/undetermined,362
CA,2005,7,Natural,155
CA,2005,8,Human,1309
CA,2005,8,Missing data/not specified/undetermined,264
CA,2005,8,Natural,192
CA,2005,9,Human,1023
CA,2005,9,Missing data/not specified/undetermined,196
CA,2005,9,Natural,238
CA,2005,10,Human,677
CA,2005,10,Missing data/not specified/undetermined,134
CA,2005,10,Natural,62
CA,2005,11,Human,448
CA,2005,11,Missing data/not specified/undetermined,92
CA,2005,11,Natural,9
CA,2005,12,Human,184
CA,2005,12,Missing data/not specified/undetermined,39
CA,2005,12,Natural,2
CA,2006,1,Human,192
CA,2006,1,Missing data/not specified/undetermined,47
CA,2006,1,Natural,1
CA,2006,2,Human,290
CA,2006,2,Missing data/not specified/undetermined,82
CA,2006,3,Human,93
CA,2006,3,Missing data/not specified/undetermined,32
CA,2006,3,Natural,1
CA,2006,4,Human,144
CA,2006,4,Missing data/not specified/undetermined,44
CA,2006,4,Natural,6
CA,2006,5,Human,779
CA,2006,5,Missing data/not specified/undetermined,176
CA,2006,5,Natural,35
CA,2006,6,Human,1464
CA,2006,6,Missing data/not specified/undetermined,258
CA,2006,6,Natural,360
CA,2006,7,Human,1875
CA,2006,7,Missing data/not specified/undetermined,431
CA,2006,7,Natural,627
CA,2006,8,Human,1178
CA,2006,8,Missing data/not specified/undetermined,246
CA,2006,8,Natural,307
CA,2006,9,Human,1065
CA,2006,9,Missing data/not specified/undetermined,220
CA,2006,9,Natural,30
CA,2006,10,Human,905
CA,2006,10,Missing data/not specified/undetermined,235
CA,2006,10,Natural,48
CA,2006,11,Human,385
CA,2006,11,Missing data/not specified/undetermined,81
CA,2006,11,Natural,1
CA,2006,12,Human,342
CA,2006,12,Missing data/not specified/undetermined,57
CA,2006,12,Natural,1
CA,2007,1,Human,613
CA,2007,1,Missing data/not specified/undetermined,90
CA,2007,2,Human,326
CA,2007,2,Missing data/not specified/undetermined,64
CA,2007,2,Natural,1
CA,2007,3,Human,517
CA,2007,3,Missing data/not specified/undetermined,106
CA,2007,3,Natural,1
CA,2007,4,Human,651
CA,2007,4,Missing data/not specified/undetermined,122
CA,2007,4,Natural,7
CA,2007,5,Human,1311
CA,2007,5,Missing data/not specified/undetermined,299
CA,2007,5,Natural,60
CA,2007,6,Human,1634
CA,2007,6,Missing data/not specified/undetermined,314
CA,2007,6,Natural,58
CA,2007,7,Human,1678
CA,2007,7,Missing data/not specified/undetermined,293
CA,2007,7,Natural,312
CA,2007,8,Human,1387
CA,2007,8,Missing data/not specified/undetermined,220
CA,2007,8,Natural,212
CA,2007,9,Human,980
CA,2007,9,Missing data/not specified/undetermined,151
CA,2007,9,Natural,115
CA,2007,10,Human,784
CA,2007,10,Missing data/not specified/undetermined,109
CA,2007,10,Natural,96
CA,2007,11,Human,504
CA,2007,11,Missing data/not specified/undetermined,66
CA,2007,11,Natural,14
CA,2007,12,Human,295
CA,2007,12,Missing data/not specified/undetermined,37
CA,2007,12,Natural,1
CA,2008,1,Human,112
CA,2008,1,Missing data/not specified/undetermined,27
CA,2008,2,Human,131
CA,2008,2,Missing data/not specified/undetermined,49
CA,2008,3,Human,327
CA,2008,3,Missing data/not specified/undetermined,68
CA,2008,4,Human,732
CA,2008,4,Missing data/not specified/undetermined,133
CA,2008,5,Human,1067
CA,2008,5,Missing data/not specified/undetermined,206
CA,2008,5,Natural,25
CA,2008,6,Human,1476
CA,2008,6,Missing data/not specified/undetermined,279
CA,2008,6,Natural,662
CA,2008,7,Human,1201
CA,2008,7,Missing data/not specified/undetermined,245
CA,2008,7,Natural,146
CA,2008,8,Human,1059
CA,2008,8,Missing data/not specified/undetermined,180
CA,2008,8,Natural,177
CA,2008,9,Human,788
CA,2008,9,Missing data/not specified/undetermined,129
CA,2008,9,Natural,79
CA,2008,10,Human,697
CA,2008,10,Missing data/not specified/undetermined,171
CA,2008,10,Natural,11
CA,2008,11,Human,263
CA,2008,11,Missing data/not specified/undetermined,40
CA,2008,11,Natural,4
CA,2008,12,Human,90
CA,2008,12,Missing data/not specified/undetermined,20
CA,2009,1,Human,172
CA,2009,1,Missing data/not specified/undetermined,78
CA,2009,2,Human,101
CA,2009,2,Missing data/not specified/undetermined,45
CA,2009,2,Natural,2
CA,2009,3,Human,203
CA,2009,3,Missing data/not specified/undetermined,75
CA,2009,3,Natural,1
CA,2009,4,Human,493
CA,2009,4,Missing data/not specified/undetermined,188
CA,2009,4,Natural,5
CA,2009,5,Human,723
CA,2009,5,Missing data/not specified/undetermined,261
CA,2009,5,Natural,146
CA,2009,6,Human,918
CA,2009,6,Missing data/not specified/undetermined,340
CA,2009,6,Natural,209
CA,2009,7,Human,1274
CA,2009,7,Missing data/not specified/undetermined,538
CA,2009,7,Natural,208
CA,2009,8,Human,956
CA,2009,8,Missing data/not specified/undetermined,341
CA,2009,8,Natural,320
CA,2009,9,Human,765
CA,2009,9,Missing data/not specified/undetermined,279
CA,2009,9,Natural,73
CA,2009,10,Human,464
CA,2009,10,Missing data/not specified/undetermined,167
CA,2009,10,Natural,4
CA,2009,11,Human,281
CA,2009,11,Missing data/not specified/undetermined,93
CA,2009,11,Natural,1
CA,2009,12,Human,104
CA,2009,12,Missing data/not specified/undetermined,34
CA,2010,1,Human,94
CA,2010,1,Missing data/not specified/undetermined,34
CA,2010,1,Natural,2
CA,2010,2,Human,42
CA,2010,2,Missing data/not specified/undetermined,28
CA,2010,2,Natural,1
CA,2010,3,Human,147
CA,2010,3,Missing data/not specified/undetermined,47
CA,2010,4,Human,172
CA,2010,4,Missing data/not specified/undetermined,74
CA,2010,4,Natural,2
CA,2010,5,Human,505
CA,2010,5,Missing data/not specified/undetermined,178
CA,2010,5,Natural,1
CA,2010,6,Human,1035
CA,2010,6,Missing data/not specified/undetermined,361
CA,2010,6,Natural,4
CA,2010,7,Human,1217
CA,2010,7,Missing data/not specified/undetermined,453
CA,2010,7,Natural,309
CA,2010,8,Human,951
CA,2010,8,Missing data/not specified/undetermined,378
CA,2010,8,Natural,114
CA,2010,9,Human,760
CA,2010,9,Missing data/not specified/undetermined,306
CA,2010,9,Natural,31
CA,2010,10,Human,424
CA,2010,10,Missing data/not specified/undetermined,155
CA,2010,10,Natural,165
CA,2010,11,Human,202
CA,2010,11,Missing data/not specified/undetermined,43
CA,2010,11,Natural,5
CA,2010,12,Human,51
CA,2010,12,Missing data/not specified/undetermined,12
CA,2010,12,Natural,1
CA,2011,1,Human,91
CA,2011,1,Missing data/not specified/undetermined,46
CA,2011,2,Human,115
CA,2011,2,Missing data/not specified/undetermined,39
CA,2011,2,Natural,1
CA,2011,3,Human,90
CA,2011,3,Missing data/not specified/undetermined,40
CA,2011,3,Natural,1
CA,2011,4,Human,233
CA,2011,4,Missing data/not specified/undetermined,115
CA,2011,5,Human,524
CA,2011,5,Missing data/not specified/undetermined,278
CA,2011,5,Natural,6
CA,2011,6,Human,746
CA,2011,6,Missing data/not specified/undetermined,345
CA,2011,6,Natural,6
CA,2011,7,Human,1098
CA,2011,7,Missing data/not specified/undetermined,481
CA,2011,7,Natural,81
CA,2011,8,Human,886
CA,2011,8,Missing data/not specified/undetermined,381
CA,2011,8,Natural,72
CA,2011,9,Human,766
CA,2011,9,Missing data/not specified/undetermined,323
CA,2011,9,Natural,403
CA,2011,10,Human,373
CA,2011,10,Missing data/not specified/undetermined,162
CA,2011,10,Natural,15
CA,2011,11,Human,248
CA,2011,11,Missing data/not specified/undetermined,79
CA,2011,11,Natural,3
CA,2011,12,Human,395
CA,2011,12,Missing data/not specified/undetermined,117
CA,2011,12,Natural,1
CA,2012,1,Human,295
CA,2012,1,Missing data/not specified/undetermined,112
CA,2012,2,Human,209
CA,2012,2,Missing data/not specified/undetermined,77
CA,2012,3,Human,204
CA,2012,3,Missing data/not specified/undetermined,78
CA,2012,3,Natural,1
CA,2012,4,Human,203
CA,2012,4,Missing data/not specified/undetermined,69
CA,2012,4,Natural,5
CA,2012,5,Human,527
CA,2012,5,Missing data/not specified/undetermined,235
CA,2012,5,Natural,9
CA,2012,6,Human,746
CA,2012,6,Missing data/not specified/undetermined,305
CA,2012,6,Natural,12
CA,2012,7,Human,810
CA,2012,7,Missing data/not specified/undetermined,342
CA,2012,7,Natural,127
CA,2012,8,Human,625
CA,2012,8,Missing data/not specified/undetermined,223
CA,2012,8,Natural,454
CA,2012,9,Human,501
CA,2012,9,Missing data/not specified/undetermined,216
CA,2012,9,Natural,64
CA,2012,10,Human,375
CA,2012,10,Missing data/not specified/undetermined,94
CA,2012,10,Natural,13
CA,2012,11,Human,162
CA,2012,11,Missing data/not specified/undetermined,49
CA,2012,11,Natural,1
CA,2012,12,Human,45
CA,2012,12,Missing data/not specified/undetermined,10
CA,2013,1,Human,109
CA,2013,1,Missing data/not specified/undetermined,58
CA,2013,2,Human,154
CA,2013,2,Missing data/not specified/undetermined,64
CA,2013,2,Natural,1
CA,2013,3,Human,242
CA,2013,3,Missing data/not specified/undetermined,122
CA,2013,3,Natural,2
CA,2013,4,Human,439
CA,2013,4,Missing data/not specified/undetermined,215
CA,2013,4,Natural,1
CA,2013,5,Human,804
CA,2013,5,Missing data/not specified/undetermined,444
CA,2013,5,Natural,58
CA,2013,6,Human,712
CA,2013,6,Missing data/not specified/undetermined,437
CA,2013,6,Natural,125
CA,2013,7,Human,694
CA,2013,7,Missing data/not specified/undetermined,332
CA,2013,7,Natural,334
CA,2013,8,Human,541
CA,2013,8,Missing data/not specified/undetermined,215
CA,2013,8,Natural,532
CA,2013,9,Human,424
CA,2013,9,Missing data/not specified/undetermined,136
CA,2013,9,Natural,111
CA,2013,10,Human,383
CA,2013,10,Missing data/not specified/undetermined,165
CA,2013,10,Natural,21
CA,2013,11,Human,420
CA,2013,11,Missing data/not specified/undetermined,128
CA,2013,11,Natural,3
CA,2013,12,Human,222
CA,2013,12,Missing data/not specified/undetermined,74
CA,2014,1,Human,383
CA,2014,1,Missing data/not specified/undetermined,133
CA,2014,2,Human,170
CA,2014,2,Missing data/not specified/undetermined,51
CA,2014,2,Natural,1
CA,2014,3,Human,172
CA,2014,3,Missing data/not specified/undetermined,44
CA,2014,3,Natural,1
CA,2014,4,Human,241
CA,2014,4,Missing data/not specified/undetermined,98
CA,2014,4,Natural,7
CA,2014,5,Human,553
CA,2014,5,Missing data/not specified/undetermined,234
CA,2014,5,Natural,15
CA,2014,6,Human,670
CA,2014,6,Missing data/not specified/undetermined,261
CA,2014,6,Natural,34
CA,2014,7,Human,679
CA,2014,7,Missing data/not specified/undetermined,228
CA,2014,7,Natural,540
CA,2014,8,Human,409
CA,2014,8,Missing data/not specified/undetermined,153
CA,2014,8,Natural,278
CA,2014,9,Human,358
CA,2014,9,Missing data/not specified/undetermined,128
CA,2014,9,Natural,51
CA,2014,10,Human,240
CA,2014,10,Missing data/not specified/undetermined,92
CA,2014,10,Natural,13
CA,2014,11,Human,155
CA,2014,11,Missing data/not specified/undetermined,37
CA,2014,11,Natural,5
CA,2014,12,Human,48
CA,2014,12,Missing data/not specified/undetermined,11
CA,2015,1,Human,78
CA,2015,1,Missing data/not specified/undetermined,14
CA,2015,2,Human,117
CA,2015,2,Missing data/not specified/undetermined,19
CA,2015,2,Natural,2
CA,2015,3,Human,185
CA,2015,3,Missing data/not specified/undetermined,59
CA,2015,3,Natural,3
CA,2015,4,Human,379
CA,2015,4,Missing data/not specified/undetermined,151
CA,2015,4,Natural,34
CA,2015,5,Human,483
CA,2015,5,Missing data/not specified/undetermined,154
CA,2015,5,Natural,50
CA,2015,6,Human,677
CA,2015,6,Missing data/not specified/undetermined,267
CA,2015,6,Natural,262
CA,2015,7,Human,727
CA,2015,7,Missing data/not specified/undetermined,274
CA,2015,7,Natural,849
CA,2015,8,Human,473
CA,2015,8,Missing data/not specified/undetermined,241
CA,2015,8,Natural,216
CA,2015,9,Human,464
CA,2015,9,Missing data/not specified/undetermined,178
CA,2015,9,Natural,59
CA,2015,10,Human,346
CA,2015,10,Missing data/not specified/undetermined,134
CA,2015,10,Natural,85
CA,2015,11,Human,199
CA,2015,11,Missing data/not specified/undetermined,58
CA,2015,11,Natural,6
CA,2015,12,Human,85
CA,2015,12,Missing data/not specified/undetermined,26
CA,2016,1,Human,68
CA,2016,1,Missing data/not specified/undetermined,37
CA,2016,2,Human,125
CA,2016,2,Missing data/not specified/undetermined,87
CA,2016,2,Natural,1
CA,2016,3,Human,120
CA,2016,3,Missing data/not specified/undetermined,78
CA,2016,4,Human,282
CA,2016,4,Missing data/not specified/undetermined,166
CA,2016,4,Natural,10
CA,2016,5,Human,545
CA,2016,5,Missing data/not specified/undetermined,262
CA,2016,5,Natural,22
CA,2016,6,Human,846
CA,2016,6,Missing data/not specified/undetermined,477
CA,2016,6,Natural,75
CA,2016,7,Human,962
CA,2016,7,Missing data/not specified/undetermined,596
CA,2016,7,Natural,35
CA,2016,8,Human,692
CA,2016,8,Missing data/not specified/undetermined,419
CA,2016,8,Natural,66
CA,2016,9,Human,613
CA,2016,9,Missing data/not specified/undetermined,358
CA,2016,9,Natural,18
CA,2016,10,Human,368
CA,2016,10,Missing data/not specified/undetermined,182
CA,2016,10,Natural,69
CA,2016,11,Human,130
CA,2016,11,Missing data/not specified/undetermined,73
CA,2016,11,Natural,4
CA,2016,12,Human,63
CA,2016,12,Missing data/not specified/undetermined,33
CA,2017,1,Human,44
CA,2017,1,Missing data/not specified/undetermined,20
CA,2017,2,Human,59
CA,2017,2,Missing data/not specified/undetermined,32
CA,2017,3,Human,114
CA,2017,3,Missing data/not specified/undetermined,78
CA,2017,3,Natural,1
CA,2017,4,Human,254
CA,2017,4,Missing data/not specified/undetermined,170
CA,2017,4,Natural,2
CA,2017,5,Human,687
CA,2017,5,Missing data/not specified/undetermined,351
CA,2017,5,Natural,6
CA,2017,6,Human,910
CA,2017,6,Missing data/not specified/undetermined,487
CA,2017,6,Natural,49
CA,2017,7,Human,1083
CA,2017,7,Missing data/not specified/undetermined,591
CA,2017,7,Natural,226
CA,2017,8,Human,735
CA,2017,8,Missing data/not specified/undetermined,366
CA,2017,8,Natural,486
CA,2017,9,Human,523
CA,2017,9,Missing data/not specified/undetermined,261
CA,2017,9,Natural,358
CA,2017,10,Human,572
CA,2017,10,Missing data/not specified/undetermined,278
CA,2017,10,Natural,7
CA,2017,11,Human,259
CA,2017,11,Missing data/not specified/undetermined,88
CA,2017,11,Natural,1
CA,2017,12,Human,289
CA,2017,12,Missing data/not specified/undetermined,150
CA,2018,1,Human,152
CA,2018,1,Missing data/not specified/undetermined,85
CA,2018,2,Human,265
CA,2018,2,Missing data/not specified/undetermined,140
CA,2018,2,Natural,2
CA,2018,3,Human,114
CA,2018,3,Missing data/not specified/undetermined,76
CA,2018,4,Human,280
CA,2018,4,Missing data/not specified/undetermined,192
CA,2018,4,Natural,2
CA,2018,5,Human,529
CA,2018,5,Missing data/not specified/undetermined,394
CA,2018,5,Natural,40
CA,2018,6,Human,960
CA,2018,6,Missing data/not specified/undetermined,694
CA,2018,6,Natural,17
CA,2018,7,Human,907
CA,2018,7,Missing data/not specified/undetermined,739
CA,2018,7,Natural,220
CA,2018,8,Human,658
CA,2018,8,Missing data/not specified/undetermined,464
CA,2018,8,Natural,44
CA,2018,9,Human,562
CA,2018,9,Missing data/not specified/undetermined,377
CA,2018,9,Natural,20
CA,2018,10,Human,402
CA,2018,10,Missing data/not specified/undetermined,286
CA,2018,10,Natural,48
CA,2018,11,Human,414
CA,2018,11,Missing data/not specified/undetermined,254
CA,2018,11,Natural,1
CA,2018,12,Human,120
CA,2018,12,Missing data/not specified/undetermined,30
CA,2019,1,Human,50
CA,2019,1,Missing data/not specified/undetermined,35
CA,2019,1,Natural,4
CA,2019,2,Human,32
CA,2019,2,Missing data/not specified/undetermined,21
CA,2019,2,Natural,1
CA,2019,3,Human,77
CA,2019,3,Missing data/not specified/undetermined,41
CA,2019,3,Natural,3
CA,2019,4,Human,226
CA,2019,4,Missing data/not specified/undetermined,122
CA,2019,4,Natural,9
CA,2019,5,Human,309
CA,2019,5,Missing data/not specified/undetermined,181
CA,2019,5,Natural,15
CA,2019,6,Human,521
CA,2019,6,Missing data/not specified/undetermined,365
CA,2019,6,Natural,56
CA,2019,7,Human,599
CA,2019,7,Missing data/not specified/undetermined,443
CA,2019,7,Natural,47
CA,2019,8,Human,509
CA,2019,8,Missing data/not specified/undetermined,348
CA,2019,8,Natural,146
CA,2019,9,Human,437
CA,2019,9,Missing data/not specified/undetermined,370
CA,2019,9,Natural,169
CA,2019,10,Human,455
CA,2019,10,Missing data/not specified/undetermined,350
CA,2019,10,Natural,2
CA,2019,11,Human,249
CA,2019,11,Missing data/not specified/undetermined,191
CA,2019,11,Natural,5
CA,2019,12,Human,51
CA,2019,12,Missing data/not specified/undetermined,15
CA,2020,1,Human,57
CA,2020,1,Missing data/not specified/undetermined,55
CA,2020,2,Human,257
CA,2020,2,Missing data/not specified/undetermined,146
CA,2020,3,Human,148
CA,2020,3,Missing data/not specified/undetermined,126
CA,2020,3,Natural,7
CA,2020,4,Human,211
CA,2020,4,Missing data/not specified/undetermined,130
CA,2020,4,Natural,2
CA,2020,5,Human,556
CA,2020,5,Missing data/not specified/undetermined,503
CA,2020,5,Natural,27
CA,2020,6,Human,844
CA,2020,6,Missing data/not specified/undetermined,781
CA,2020,6,Natural,81
CA,2020,7,Human,965
CA,2020,7,Missing data/not specified/undetermined,969
CA,2020,7,Natural,193
CA,2020,8,Human,585
CA,2020,8,Missing data/not specified/undetermined,646
CA,2020,8,Natural,320
CA,2020,9,Human,391
CA,2020,9,Missing data/not specified/undetermined,435
CA,2020,9,Natural,1
CA,2020,10,Human,331
CA,2020,10,Missing data/not specified/undetermined,431
CA,2020,10,Natural,3
CA,2020,11,Human,258
CA,2020,11,Missing data/not specified/undetermined,265
CA,2020,11,Natural,3
CA,2020,12,Human,277
CA,2020,12,Missing data/not specified/undetermined,194
CA,2020,12,Natural,2
CO,1992,1,Human,4
CO,1992,1,Missing data/not specified/undetermined,5
CO,1992,2,Human,13
CO,1992,2,Missing data/not specified/undetermined,24
CO,1992,3,Human,26
CO,1992,3,Missing data/not specified/undetermined,5
CO,1992,4,Human,91
CO,1992,4,Missing data/not specified/undetermined,22
CO,1992,4,Natural,9
CO,1992,5,Human,42
CO,1992,5,Missing data/not specified/undetermined,9
CO,1992,5,Natural,60
CO,1992,6,Human,45
CO,1992,6,Missing data/not specified/undetermined,6
CO,1992,6,Natural,195
CO,1992,7,Human,55
CO,1992,7,Missing data/not specified/undetermined,15
CO,1992,7,Natural,203
CO,1992,8,Human,21
CO,1992,8,Missing data/not specified/undetermined,11
CO,1992,8,Natural,255
CO,1992,9,Human,43
CO,1992,9,Missing data/not specified/undetermined,7
CO,1992,9,Natural,51
CO,1992,10,Human,68
CO,1992,10,Missing data/not specified/undetermined,10
CO,1992,10,Natural,13
CO,1992,11,Human,6
CO,1992,11,Missing data/not specified/undetermined,4
CO,1992,12,Human,1
CO,1992,12,Missing data/not specified/undetermined,2
CO,1993,1,Human,5
CO,1993,1,Missing data/not specified/undetermined,2
CO,1993,2,Human,5
CO,1993,2,Missing data/not specified/undetermined,4
CO,1993,3,Human,44
CO,1993,3,Missing data/not specified/undetermined,22
CO,1993,4,Human,66
CO,1993,4,Missing data/not specified/undetermined,16
CO,1993,4,Natural,5
CO,1993,5,Human,38
CO,1993,5,Missing data/not specified/undetermined,14
CO,1993,5,Natural,58
CO,1993,6,Human,67
CO,1993,6,Missing data/not specified/undetermined,8
CO,1993,6,Natural,98
CO,1993,7,Human,131
CO,1993,7,Missing data/not specified/undetermined,30
CO,1993,7,Natural,150
CO,1993,8,Human,70
CO,1993,8,Missing data/not specified/undetermined,15
CO,1993,8,Natural,152
CO,1993,9,Human,48
CO,1993,9,Missing data/not specified/undetermined,7
CO,1993,9,Natural,96
CO,1993,10,Human,44
CO,1993,10,Missing data/not specified/undetermined,11
CO,1993,10,Natural,5
CO,1993,11,Human,18
CO,1993,11,Missing data/not specified/undetermined,3
CO,1993,12,Human,9
CO,1993,12,Missing data/not specified/undetermined,3
CO,1994,1,Human,47
CO,1994,1,Missing data/not specified/undetermined,17
CO,1994,1,Natural,1
CO,1994,2,Human,16
CO,1994,2,Missing data/not specified/undetermined,17
CO,1994,2,Natural,2
CO,1994,3,Human,101
CO,1994,3,Missing data/not specified/undetermined,47
CO,1994,3,Natural,8
CO,1994,4,Human,68
CO,1994,4,Missing data/not specified/undetermined,23
CO,1994,4,Natural,26
CO,1994,5,Human,48
CO,1994,5,Missing data/not specified/undetermined,15
CO,1994,5,Natural,61
CO,1994,6,Human,137
CO,1994,6,Missing data/not specified/undetermined,35
CO,1994,6,Natural,148
CO,1994,7,Human,154
CO,1994,7,Missing data/not specified/undetermined,45
CO,1994,7,Natural,787
CO,1994,8,Human,44
CO,1994,8,Missing data/not specified/undetermined,15
CO,1994,8,Natural,374
CO,1994,9,Human,33
CO,1994,9,Missing data/not specified/undetermined,12
CO,1994,9,Natural,178
CO,1994,10,Human,19
CO,1994,10,Missing data/not specified/undetermined,4
CO,1994,10,Natural,7
CO,1994,11,Human,13
CO,1994,11,Missing data/not specified/undetermined,1
CO,1994,12,Human,9
CO,1994,12,Missing data/not specified/undetermined,3
CO,1995,1,Human,32
CO,1995,1,Missing data/not specified/undetermined,13
CO,1995,2,Human,60
CO,1995,2,Missing data/not specified/undetermined,18
CO,1995,3,Human,59
CO,1995,3,Missing data/not specified/undetermined,11
CO,1995,3,Natural,6
CO,1995,4,Human,36
CO,1995,4,Missing data/not specified/undetermined,10
CO,1995,4,Natural,1
CO,1995,5,Human,17
CO,1995,5,Missing data/not specified/undetermined,10
CO,1995,5,Natural,14
CO,1995,6,Human,53
CO,1995,6,Missing data/not specified/undetermined,7
CO,1995,6,Natural,80
CO,1995,7,Human,102
CO,1995,7,Missing data/not specified/undetermined,26
CO,1995,7,Natural,185
CO,1995,8,Human,102
CO,1995,8,Missing data/not specified/undetermined,24
CO,1995,8,Natural,168
CO,1995,9,Human,42
CO,1995,9,Missing data/not specified/undetermined,17
CO,1995,9,Natural,243
CO,1995,10,Human,60
CO,1995,10,Missing data/not specified/undetermined,27
CO,1995,10,Natural,18
CO,1995,11,Human,31
CO,1995,11,Missing data/not specified/undetermined,12
CO,1995,12,Human,16
CO,1995,12,Missing data/not specified/undetermined,17
CO,1996,1,Human,2
CO,1996,2,Human,10
CO,1996,2,Natural,1
CO,1996,3,Human,12
CO,1996,3,Natural,1
CO,1996,4,Human,26
CO,1996,4,Natural,7
CO,1996,5,Human,56
CO,1996,5,Missing data/not specified/undetermined,2
CO,1996,5,Natural,27
CO,1996,6,Human,45
CO,1996,6,Missing data/not specified/undetermined,2
CO,1996,6,Natural,332
CO,1996,7,Human,33
CO,1996,7,Missing data/not specified/undetermined,1
CO,1996,7,Natural,299
CO,1996,8,Human,57
CO,1996,8,Natural,365
CO,1996,9,Human,23
CO,1996,9,Natural,70
CO,1996,10,Human,12
CO,1996,10,Natural,19
CO,1996,11,Human,3
CO,1997,1,Human,2
CO,1997,3,Human,6
CO,1997,4,Human,3
CO,1997,4,Natural,2
CO,1997,5,Human,7
CO,1997,5,Natural,31
CO,1997,6,Human,33
CO,1997,6,Natural,105
CO,1997,7,Human,90
CO,1997,7,Natural,283
CO,1997,8,Human,14
CO,1997,8,Natural,70
CO,1997,9,Human,13
CO,1997,9,Natural,43
CO,1997,10,Human,10
CO,1997,10,Natural,5
CO,1997,11,Human,4
CO,1997,12,Human,1
CO,1998,1,Human,1
CO,1998,2,Human,4
CO,1998,3,Human,5
CO,1998,4,Human,6
CO,1998,4,Natural,1
CO,1998,5,Human,38
CO,1998,5,Natural,22
CO,1998,6,Human,72
CO,1998,6,Natural,41
CO,1998,7,Human,54
CO,1998,7,Natural,258
CO,1998,8,Human,22
CO,1998,8,Natural,110
CO,1998,9,Human,36
CO,1998,9,Natural,61
CO,1998,10,Human,11
CO,1998,10,Natural,22
CO,1998,12,Human,1
CO,1999,1,Human,3
CO,1999,2,Human,5
CO,1999,3,Human,26
CO,1999,4,Human,13
CO,1999,4,Natural,1
CO,1999,5,Human,15
CO,1999,5,Natural,30
CO,1999,6,Human,30
CO,1999,6,Natural,177
CO,1999,7,Human,54
CO,1999,7,Natural,189
CO,1999,8,Human,10
CO,1999,8,Natural,77
CO,1999,9,Human,14
CO,1999,9,Natural,37
CO,1999,10,Human,36
CO,1999,10,Natural,6
CO,1999,11,Human,27
CO,1999,11,Natural,3
CO,1999,12,Human,3
CO,2000,1,Human,2
CO,2000,2,Human,3
CO,2000,3,Human,6
CO,2000,3,Natural,1
CO,2000,4,Human,29
CO,2000,4,Missing data/not specified/undetermined,1
CO,2000,4,Natural,8
CO,2000,5,Human,51
CO,2000,5,Natural,64
CO,2000,6,Human,43
CO,2000,6,Natural,209
CO,2000,7,Human,48
CO,2000,7,Missing data/not specified/undetermined,2
CO,2000,7,Natural,437
CO,2000,8,Human,20
CO,2000,8,Missing data/not specified/undetermined,2
CO,2000,8,Natural,534
CO,2000,9,Human,12
CO,2000,9,Missing data/not specified/undetermined,2
CO,2000,9,Natural,111
CO,2000,10,Human,11
CO,2000,10,Natural,18
CO,2000,11,Human,1
CO,2000,12,Human,3
CO,2001,1,Human,1
CO,2001,2,Human,3
CO,2001,3,Human,3
CO,2001,3,Natural,1
CO,2001,4,Human,10
CO,2001,4,Natural,3
CO,2001,5,Human,7
CO,2001,5,Missing data/not specified/undetermined,1
CO,2001,5,Natural,47
CO,2001,6,Human,53
CO,2001,6,Natural,146
CO,2001,7,Human,38
CO,2001,7,Missing data/not specified/undetermined,2
CO,2001,7,Natural,455
CO,2001,8,Human,21
CO,2001,8,Missing data/not specified/undetermined,1
CO,2001,8,Natural,276
CO,2001,9,Human,16
CO,2001,9,Natural,125
CO,2001,10,Human,18
CO,2001,10,Natural,26
CO,2001,11,Human,9
CO,2001,11,Natural,1
CO,2001,12,Human,4
CO,2002,1,Human,2
CO,2002,2,Human,8
CO,2002,2,Missing data/not specified/undetermined,1
CO,2002,3,Human,11
CO,2002,3,Natural,2
CO,2002,4,Human,46
CO,2002,4,Natural,17
CO,2002,5,Human,39
CO,2002,5,Missing data/not specified/undetermined,1
CO,2002,5,Natural,63
CO,2002,6,Human,53
CO,2002,6,Natural,155
CO,2002,7,Human,36
CO,2002,7,Missing data/not specified/undetermined,1
CO,2002,7,Natural,385
CO,2002,8,Human,12
CO,2002,8,Natural,295
CO,2002,9,Human,8
CO,2002,9,Natural,74
CO,2002,10,Human,3
CO,2002,10,Missing data/not specified/undetermined,1
CO,2002,10,Natural,4
CO,2002,11,Human,2
CO,2002,12,Human,2
CO,2002,12,Missing data/not specified/undetermined,1
CO,2003,1,Human,1
CO,2003,1,Missing data/not specified/undetermined,53
CO,2003,2,Human,2
CO,2003,2,Missing data/not specified/undetermined,33
CO,2003,3,Human,3
CO,2003,3,Missing data/not specified/undetermined,73
CO,2003,3,Natural,1
CO,2003,4,Human,6
CO,2003,4,Missing data/not specified/undetermined,71
CO,2003,4,Natural,6
CO,2003,5,Human,24
CO,2003,5,Missing data/not specified/undetermined,79
CO,2003,5,Natural,136
CO,2003,6,Human,23
CO,2003,6,Missing data/not specified/undetermined,73
CO,2003,6,Natural,258
CO,2003,7,Human,76
CO,2003,7,Missing data/not specified/undetermined,165
CO,2003,7,Natural,525
CO,2003,8,Human,45
CO,2003,8,Missing data/not specified/undetermined,109
CO,2003,8,Natural,397
CO,2003,9,Human,17
CO,2003,9,Missing data/not specified/undetermined,26
CO,2003,9,Natural,47
CO,2003,10,Human,30
CO,2003,10,Missing data/not specified/undetermined,81
CO,2003,10,Natural,8
CO,2003,11,Human,7
CO,2003,11,Missing data/not specified/undetermined,26
CO,2003,12,Human,6
CO,2003,12,Missing data/not specified/undetermined,14
CO,2004,1,Human,2
CO,2004,1,Missing data/not specified/undetermined,12
CO,2004,2,Human,3
CO,2004,2,Missing data/not specified/undetermined,17
CO,2004,3,Human,12
CO,2004,3,Missing data/not specified/undetermined,75
CO,2004,3,Natural,8
CO,2004,4,Human,3
CO,2004,4,Missing data/not specified/undetermined,32
CO,2004,4,Natural,4
CO,2004,5,Human,22
CO,2004,5,Missing data/not specified/undetermined,42
CO,2004,5,Natural,11
CO,2004,6,Human,37
CO,2004,6,Missing data/not specified/undetermined,70
CO,2004,6,Natural,227
CO,2004,7,Human,31
CO,2004,7,Missing data/not specified/undetermined,5
CO,2004,7,Natural,448
CO,2004,8,Human,23
CO,2004,8,Missing data/not specified/undetermined,4
CO,2004,8,Natural,159
CO,2004,9,Human,12
CO,2004,9,Natural,39
CO,2004,10,Human,3
CO,2004,10,Natural,5
CO,2004,11,Human,4
CO,2005,1,Missing data/not specified/undetermined,31
CO,2005,2,Human,1
CO,2005,2,Missing data/not specified/undetermined,30
CO,2005,3,Human,3
CO,2005,3,Missing data/not specified/undetermined,102
CO,2005,4,Human,11
CO,2005,4,Missing data/not specified/undetermined,88
CO,2005,4,Natural,1
CO,2005,5,Human,20
CO,2005,5,Missing data/not specified/undetermined,66
CO,2005,5,Natural,17
CO,2005,6,Human,39
CO,2005,6,Missing data/not specified/undetermined,89
CO,2005,6,Natural,167
CO,2005,7,Human,117
CO,2005,7,Missing data/not specified/undetermined,253
CO,2005,7,Natural,295
CO,2005,8,Human,14
CO,2005,8,Missing data/not specified/undetermined,81
CO,2005,8,Natural,159
CO,2005,9,Human,28
CO,2005,9,Missing data/not specified/undetermined,58
CO,2005,9,Natural,99
CO,2005,10,Human,10
CO,2005,10,Missing data/not specified/undetermined,43
CO,2005,10,Natural,6
CO,2005,11,Missing data/not specified/undetermined,30
CO,2005,11,Natural,2
CO,2005,12,Human,1
CO,2005,12,Missing data/not specified/undetermined,14
CO,2006,1,Human,12
CO,2006,2,Human,5
CO,2006,3,Human,8
CO,2006,4,Human,23
CO,2006,4,Natural,7
CO,2006,5,Human,32
CO,2006,5,Natural,119
CO,2006,6,Human,52
CO,2006,6,Missing data/not specified/undetermined,1
CO,2006,6,Natural,272
CO,2006,7,Human,28
CO,2006,7,Missing data/not specified/undetermined,4
CO,2006,7,Natural,513
CO,2006,8,Human,19
CO,2006,8,Missing data/not specified/undetermined,1
CO,2006,8,Natural,147
CO,2006,9,Human,22
CO,2006,9,Natural,42
CO,2006,10,Human,4
CO,2006,10,Natural,1
CO,2006,11,Human,4
CO,2007,3,Human,3
CO,2007,4,Human,7
CO,2007,4,Natural,8
CO,2007,5,Human,22
CO,2007,5,Natural,74
CO,2007,6,Human,41
CO,2007,6,Missing data/not specified/undetermined,1
CO,2007,6,Natural,125
CO,2007,7,Human,47
CO,2007,7,Missing data/not specified/undetermined,3
CO,2007,7,Natural,400
CO,2007,8,Human,21
CO,2007,8,Missing data/not specified/undetermined,3
CO,2007,8,Natural,180
CO,2007,9,Human,17
CO,2007,9,Missing data/not specified/undetermined,1
CO,2007,9,Natural,97
CO,2007,10,Human,8
CO,2007,10,Natural,4
CO,2007,11,Human,7
CO,2007,12,Natural,1
CO,2008,1,Human,4
CO,2008,1,Natural,1
CO,2008,2,Human,4
CO,2008,2,Missing data/not specified/undetermined,4
CO,2008,3,Human,19
CO,2008,3,Missing data/not specified/undetermined,18
CO,2008,4,Human,31
CO,2008,4,Missing data/not specified/undetermined,13
CO,2008,4,Natural,4
CO,2008,5,Human,28
CO,2008,5,Missing data/not specified/undetermined,5
CO,2008,5,Natural,12
CO,2008,6,Human,64
CO,2008,6,Missing data/not specified/undetermined,10
CO,2008,6,Natural,112
CO,2008,7,Human,70
CO,2008,7,Missing data/not specified/undetermined,16
CO,2008,7,Natural,303
CO,2008,8,Human,41
CO,2008,8,Missing data/not specified/undetermined,5
CO,2008,8,Natural,134
CO,2008,9,Human,15
CO,2008,9,Missing data/not specified/undetermined,6
CO,2008,9,Natural,39
CO,2008,10,Human,24
CO,2008,10,Missing data/not specified/undetermined,1
CO,2008,10,Natural,15
CO,2008,11,Human,12
CO,2008,11,Missing data/not specified/undetermined,2
CO,2008,11,Natural,2
CO,2008,12,Human,1
CO,2009,1,Human,5
CO,2009,1,Missing data/not specified/undetermined,1
CO,2009,2,Human,5
CO,2009,2,Natural,1
CO,2009,3,Human,20
CO,2009,4,Human,6
CO,2009,4,Natural,1
CO,2009,5,Human,12
CO,2009,5,Natural,35
CO,2009,6,Human,16
CO,2009,6,Natural,58
CO,2009,7,Human,39
CO,2009,7,Natural,273
CO,2009,8,Human,49
CO,2009,8,Natural,212
CO,2009,9,Human,28
CO,2009,9,Natural,165
CO,2009,10,Human,12
CO,2009,10,Natural,2
CO,2009,11,Human,11
CO,2009,12,Human,1
CO,2010,1,Human,40
CO,2010,2,Human,20
CO,2010,3,Human,133
CO,2010,3,Missing data/not specified/undetermined,1
CO,2010,3,Natural,2
CO,2010,4,Human,233
CO,2010,4,Missing data/not specified/undetermined,1
CO,2010,4,Natural,17
CO,2010,5,Human,206
CO,2010,5,Missing data/not specified/undetermined,2
CO,2010,5,Natural,17
CO,2010,6,Human,313
CO,2010,6,Missing data/not specified/undetermined,4
CO,2010,6,Natural,148
CO,2010,7,Human,356
CO,2010,7,Missing data/not specified/undetermined,9
CO,2010,7,Natural,235
CO,2010,8,Human,181
CO,2010,8,Missing data/not specified/undetermined,2
CO,2010,8,Natural,165
CO,2010,9,Human,239
CO,2010,9,Missing data/not specified/undetermined,4
CO,2010,9,Natural,49
CO,2010,10,Human,118
CO,2010,10,Missing data/not specified/undetermined,3
CO,2010,10,Natural,41
CO,2010,11,Human,90
CO,2010,11,Missing data/not specified/undetermined,2
CO,2010,11,Natural,1
CO,2010,12,Human,59
CO,2010,12,Missing data/not specified/undetermined,2
CO,2010,12,Natural,1
CO,2011,1,Human,1
CO,2011,1,Missing data/not specified/undetermined,222
CO,2011,2,Human,11
CO,2011,2,Missing data/not specified/undetermined,302
CO,2011,3,Human,20
CO,2011,3,Missing data/not specified/undetermined,903
CO,2011,4,Human,12
CO,2011,4,Missing data/not specified/undetermined,771
CO,2011,4,Natural,5
CO,2011,5,Human,25
CO,2011,5,Missing data/not specified/undetermined,572
CO,2011,5,Natural,10
CO,2011,6,Human,83
CO,2011,6,Missing data/not specified/undetermined,784
CO,2011,6,Natural,85
CO,2011,7,Human,53
CO,2011,7,Missing data/not specified/undetermined,899
CO,2011,7,Natural,284
CO,2011,8,Human,36
CO,2011,8,Missing data/not specified/undetermined,557
CO,2011,8,Natural,204
CO,2011,9,Human,30
CO,2011,9,Missing data/not specified/undetermined,378
CO,2011,9,Natural,64
CO,2011,10,Human,12
CO,2011,10,Missing data/not specified/undetermined,371
CO,2011,10,Natural,13
CO,2011,11,Human,2
CO,2011,11,Missing data/not specified/undetermined,349
CO,2011,12,Human,2
CO,2011,12,Missing data/not specified/undetermined,173
CO,2012,1,Human,4
CO,2012,2,Human,2
CO,2012,3,Human,28
CO,2012,4,Human,40
CO,2012,4,Natural,25
CO,2012,5,Human,59
CO,2012,5,Natural,15
CO,2012,6,Human,89
CO,2012,6,Missing data/not specified/undetermined,1
CO,2012,6,Natural,112
CO,2012,7,Human,23
CO,2012,7,Natural,360
CO,2012,8,Human,21
CO,2012,8,Natural,167
CO,2012,9,Human,30
CO,2012,9,Natural,50
CO,2012,10,Human,39
CO,2012,10,Missing data/not specified/undetermined,1
CO,2012,10,Natural,27
CO,2012,11,Human,10
CO,2012,11,Natural,2
CO,2012,12,Human,1
CO,2013,1,Human,212
CO,2013,1,Natural,3
CO,2013,2,Human,172
CO,2013,2,Natural,6
CO,2013,3,Human,372
CO,2013,3,Missing data/not specified/undetermined,1
CO,2013,3,Natural,6
CO,2013,4,Human,336
CO,2013,4,Natural,6
CO,2013,5,Human,383
CO,2013,5,Natural,57
CO,2013,6,Human,571
CO,2013,6,Natural,229
CO,2013,7,Human,361
CO,2013,7,Natural,324
CO,2013,8,Human,212
CO,2013,8,Natural,280
CO,2013,9,Human,138
CO,2013,9,Natural,85
CO,2013,10,Human,57
CO,2013,10,Natural,11
CO,2013,11,Human,58
CO,2013,11,Missing data/not specified/undetermined,1
CO,2013,11,Natural,1
CO,2013,12,Human,11
CO,2013,12,Natural,1
CO,2014,1,Human,143
CO,2014,1,Natural,1
CO,2014,2,Human,139
CO,2014,2,Natural,1
CO,2014,3,Human,364
CO,2014,4,Human,365
CO,2014,4,Missing data/not specified/undetermined,1
CO,2014,4,Natural,14
CO,2014,5,Human,325
CO,2014,5,Natural,32
CO,2014,6,Human,370
CO,2014,6,Natural,72
CO,2014,7,Human,345
CO,2014,7,Natural,321
CO,2014,8,Human,236
CO,2014,8,Natural,79
CO,2014,9,Human,208
CO,2014,9,Natural,28
CO,2014,10,Human,93
CO,2014,10,Natural,7
CO,2014,11,Human,44
CO,2014,11,Natural,5
CO,2014,12,Human,9
CO,2015,1,Human,115
CO,2015,2,Human,199
CO,2015,2,Missing data/not specified/undetermined,1
CO,2015,3,Human,491
CO,2015,3,Natural,8
CO,2015,4,Human,366
CO,2015,4,Natural,10
CO,2015,5,Human,143
CO,2015,5,Natural,38
CO,2015,6,Human,257
CO,2015,6,Natural,94
CO,2015,7,Human,306
CO,2015,7,Natural,116
CO,2015,8,Human,257
CO,2015,8,Natural,147
CO,2015,9,Human,275
CO,2015,9,Missing data/not specified/undetermined,2
CO,2015,9,Natural,43
CO,2015,10,Human,138
CO,2015,10,Missing data/not specified/undetermined,1
CO,2015,10,Natural,17
CO,2015,11,Human,57
CO,2015,12,Human,7
CO,2016,1,Human,144
CO,2016,2,Human,230
CO,2016,2,Missing data/not specified/undetermined,1
CO,2016,2,Natural,1
CO,2016,3,Human,406
CO,2016,3,Natural,1
CO,2016,4,Human,374
CO,2016,4,Natural,6
CO,2016,5,Human,320
CO,2016,5,Natural,33
CO,2016,6,Human,543
CO,2016,6,Natural,189
CO,2016,7,Human,705
CO,2016,7,Natural,229
CO,2016,8,Human,382
CO,2016,8,Natural,185
CO,2016,9,Human,317
CO,2016,9,Natural,91
CO,2016,10,Human,294
CO,2016,10,Missing data/not specified/undetermined,1
CO,2016,10,Natural,7
CO,2016,11,Human,135
CO,2016,11,Natural,2
CO,2016,12,Human,32
CO,2017,1,Human,230
CO,2017,2,Human,455
CO,2017,3,Human,888
CO,2017,3,Missing data/not specified/undetermined,2
CO,2017,3,Natural,3
CO,2017,4,Human,505
CO,2017,4,Natural,9
CO,2017,5,Human,419
CO,2017,5,Missing data/not specified/undetermined,1
CO,2017,5,Natural,44
CO,2017,6,Human,596
CO,2017,6,Natural,65
CO,2017,7,Human,762
CO,2017,7,Missing data/not specified/undetermined,1
CO,2017,7,Natural,285
CO,2017,8,Human,352
CO,2017,8,Missing data/not specified/undetermined,1
CO,2017,8,Natural,118
CO,2017,9,Human,399
CO,2017,9,Natural,105
CO,2017,10,Human,246
CO,2017,10,Natural,9
CO,2017,11,Human,131
CO,2017,11,Natural,2
CO,2017,12,Human,67
CO,2017,12,Natural,1
CO,2018,1,Human,261
CO,2018,1,Natural,1
CO,2018,2,Human,208
CO,2018,2,Missing data/not specified/undetermined,1
CO,2018,2,Natural,2
CO,2018,3,Human,604
CO,2018,3,Natural,12
CO,2018,4,Human,540
CO,2018,4,Missing data/not specified/undetermined,1
CO,2018,4,Natural,32
CO,2018,5,Human,443
CO,2018,5,Missing data/not specified/undetermined,1
CO,2018,5,Natural,57
CO,2018,6,Human,700
CO,2018,6,Natural,110
CO,2018,7,Human,526
CO,2018,7,Natural,436
CO,2018,8,Human,313
CO,2018,8,Natural,221
CO,2018,9,Human,343
CO,2018,9,Natural,80
CO,2018,10,Human,201
CO,2018,10,Missing data/not specified/undetermined,1
CO,2018,10,Natural,13
CO,2018,11,Human,158
CO,2018,11,Natural,1
CO,2018,12,Human,107
CO,2018,12,Natural,1
CO,2019,1,Human,101
CO,2019,1,Natural,1
CO,2019,2,Human,80
CO,2019,3,Human,181
CO,2019,3,Natural,1
CO,2019,4,Human,308
CO,2019,4,Natural,3
CO,2019,5,Human,218
CO,2019,5,Natural,15
CO,2019,6,Human,297
CO,2019,6,Natural,103
CO,2019,7,Human,320
CO,2019,7,Natural,197
CO,2019,8,Human,314
CO,2019,8,Natural,101
CO,2019,9,Human,316
CO,2019,9,Missing data/not specified/undetermined,1
CO,2019,9,Natural,111
CO,2019,10,Human,212
CO,2019,10,Missing data/not specified/undetermined,1
CO,2019,10,Natural,4
CO,2019,11,Human,88
CO,2019,12,Human,32
CO,2020,1,Human,204
CO,2020,1,Natural,1
CO,2020,2,Human,151
CO,2020,3,Human,403
CO,2020,3,Missing data/not specified/undetermined,9
CO,2020,3,Natural,1
CO,2020,4,Human,501
CO,2020,4,Missing data/not specified/undetermined,11
CO,2020,4,Natural,4
CO,2020,5,Human,562
CO,2020,5,Missing data/not specified/undetermined,8
CO,2020,5,Natural,38
CO,2020,6,Human,503
CO,2020,6,Missing data/not specified/undetermined,11
CO,2020,6,Natural,169
CO,2020,7,Human,520
CO,2020,7,Missing data/not specified/undetermined,32
CO,2020,7,Natural,192
CO,2020,8,Human,401
CO,2020,8,Missing data/not specified/undetermined,24
CO,2020,8,Natural,146
CO,2020,9,Human,223
CO,2020,9,Missing data/not specified/undetermined,17
CO,2020,9,Natural,19
CO,2020,10,Human,144
CO,2020,10,Missing data/not specified/undetermined,15
CO,2020,10,Natural,1
CO,2020,11,Human,63
CO,2020,11,Missing data/not specified/undetermined,2
CO,2020,11,Natural,1
CO,2020,12,Human,8
CT,1992,1,Human,10
CT,1992,2,Human,23
CT,1992,3,Human,27
CT,1992,3,Missing data/not specified/undetermined,1
CT,1992,4,Human,64
CT,1992,4,Missing data/not specified/undetermined,1
CT,1992,5,Human,60
CT,1992,6,Human,8
CT,1992,9,Human,1
CT,1992,10,Human,2
CT,1992,11,Human,3
CT,1992,12,Human,2
CT,1993,1,Human,4
CT,1993,2,Human,8
CT,1993,4,Human,24
CT,1993,5,Human,21
CT,1993,7,Human,32
CT,1993,7,Missing data/not specified/undetermined,1
CT,1993,7,Natural,2
CT,1993,8,Human,9
CT,1993,8,Natural,1
CT,1993,11,Human,1
CT,1994,1,Human,2
CT,1994,2,Human,3
CT,1994,3,Human,14
CT,1994,4,Human,98
CT,1994,4,Missing data/not specified/undetermined,1
CT,1994,5,Human,36
CT,1994,6,Human,20
CT,1994,7,Human,31
CT,1994,8,Human,12
CT,1994,9,Human,7
CT,1994,10,Human,20
CT,1994,11,Human,35
CT,1994,12,Human,11
CT,1995,1,Human,3
CT,1995,2,Human,1
CT,1995,3,Human,23
CT,1995,4,Human,27
CT,1995,5,Human,20
CT,1995,6,Human,1
CT,1995,7,Human,4
CT,1995,7,Natural,1
CT,1995,8,Human,18
CT,1995,9,Human,12
CT,1996,3,Human,13
CT,1996,4,Human,9
CT,1996,5,Human,4
CT,1996,11,Human,1
CT,1997,1,Human,2
CT,1997,2,Human,5
CT,1997,2,Missing data/not specified/undetermined,1
CT,1997,3,Human,4
CT,1997,3,Missing data/not specified/undetermined,1
CT,1997,4,Human,38
CT,1997,4,Missing data/not specified/undetermined,1
CT,1997,5,Human,11
CT,1997,5,Natural,1
CT,1997,6,Human,3
CT,1997,7,Human,4
CT,1997,8,Human,1
CT,1997,10,Human,11
CT,1998,2,Human,2
CT,1998,3,Human,7
CT,1998,4,Human,13
CT,1998,5,Human,1
CT,1998,5,Natural,1
CT,1998,8,Human,2
CT,1998,9,Human,1
CT,1998,10,Human,1
CT,1998,11,Human,2
CT,1999,2,Human,1
CT,1999,3,Human,26
CT,1999,4,Human,98
CT,1999,5,Human,47
CT,1999,5,Missing data/not specified/undetermined,4
CT,1999,6,Human,51
CT,1999,7,Human,16
CT,1999,7,Natural,5
CT,1999,8,Human,16
CT,1999,8,Missing data/not specified/undetermined,1
CT,1999,8,Natural,2
CT,1999,11,Human,26
CT,1999,11,Missing data/not specified/undetermined,2
CT,1999,12,Human,2
CT,2000,1,Missing data/not specified/undetermined,2
CT,2000,2,Missing data/not specified/undetermined,1
CT,2000,3,Human,28
CT,2000,3,Missing data/not specified/undetermined,4
CT,2000,3,Natural,1
CT,2000,4,Human,47
CT,2000,4,Missing data/not specified/undetermined,1
CT,2000,5,Human,12
CT,2000,7,Human,5
CT,2000,9,Human,2
CT,2000,10,Human,4
CT,2000,11,Human,19
CT,2001,3,Human,2
CT,2001,4,Human,52
CT,2001,4,Natural,1
CT,2001,5,Human,90
CT,2001,7,Human,1
CT,2001,8,Human,13
CT,2001,9,Human,1
CT,2001,10,Human,18
CT,2001,11,Human,28
CT,2001,12,Human,1
CT,2002,1,Human,2
CT,2002,2,Human,22
CT,2002,3,Human,19
CT,2002,4,Human,28
CT,2002,4,Missing data/not specified/undetermined,1
CT,2002,5,Human,14
CT,2002,6,Human,2
CT,2002,7,Human,4
CT,2002,8,Human,8
CT,2002,8,Missing data/not specified/undetermined,1
CT,2002,9,Human,6
CT,2003,3,Human,7
CT,2003,4,Human,73
CT,2003,5,Human,12
CT,2003,10,Human,3
CT,2004,1,Human,1
CT,2004,2,Human,2
CT,2004,3,Human,5
CT,2004,4,Human,44
CT,2004,5,Human,15
CT,2004,6,Human,6
CT,2004,6,Natural,1
CT,2004,7,Human,5
CT,2004,8,Human,2
CT,2004,9,Human,4
CT,2004,10,Human,2
CT,2005,1,Human,4
CT,2005,2,Human,4
CT,2005,2,Missing data/not specified/undetermined,1
CT,2005,3,Human,7
CT,2005,4,Human,185
CT,2005,4,Missing data/not specified/undetermined,6
CT,2005,5,Human,28
CT,2005,6,Human,18
CT,2005,7,Human,12
CT,2005,8,Human,18
CT,2005,9,Human,8
CT,2005,10,Human,2
CT,2006,1,Human,2
CT,2006,2,Human,17
CT,2006,3,Human,115
CT,2006,4,Human,159
CT,2006,5,Human,30
CT,2006,6,Human,3
CT,2006,7,Human,6
CT,2006,8,Human,10
CT,2006,8,Missing data/not specified/undetermined,1
CT,2006,9,Human,5
CT,2006,10,Human,4
CT,2006,11,Human,7
CT,2006,12,Human,13
CT,2007,1,Human,15
CT,2007,2,Human,20
CT,2007,3,Human,37
CT,2007,4,Human,89
CT,2007,5,Human,75
CT,2007,6,Human,13
CT,2007,7,Human,15
CT,2007,8,Human,12
CT,2007,9,Human,36
CT,2007,9,Natural,1
CT,2007,10,Human,9
CT,2007,11,Human,8
CT,2007,12,Human,1
CT,2008,1,Human,8
CT,2008,2,Human,5
CT,2008,3,Human,61
CT,2008,4,Human,200
CT,2008,4,Missing data/not specified/undetermined,2
CT,2008,5,Human,41
CT,2008,5,Missing data/not specified/undetermined,1
CT,2008,6,Human,7
CT,2008,7,Human,16
CT,2008,8,Human,20
CT,2008,9,Human,4
CT,2008,10,Human,1
CT,2009,1,Human,4
CT,2009,2,Human,6
CT,2009,3,Human,69
CT,2009,4,Human,123
CT,2009,5,Human,23
CT,2009,6,Human,8
CT,2009,7,Human,9
CT,2009,8,Human,8
CT,2009,9,Human,4
CT,2009,10,Human,3
CT,2010,1,Human,12
CT,2010,2,Human,7
CT,2010,3,Human,70
CT,2010,3,Missing data/not specified/undetermined,5
CT,2010,4,Human,129
CT,2010,4,Missing data/not specified/undetermined,5
CT,2010,5,Human,44
CT,2010,5,Missing data/not specified/undetermined,2
CT,2010,6,Human,14
CT,2010,7,Human,38
CT,2010,8,Human,11
CT,2010,8,Missing data/not specified/undetermined,1
CT,2010,9,Human,12
CT,2010,10,Human,11
CT,2010,10,Missing data/not specified/undetermined,1
CT,2010,11,Human,38
CT,2010,12,Human,18
CT,2011,1,Human,2
CT,2011,2,Human,2
CT,2011,3,Human,55
CT,2011,3,Missing data/not specified/undetermined,3
CT,2011,4,Human,62
CT,2011,4,Missing data/not specified/undetermined,1
CT,2011,5,Human,33
CT,2011,6,Human,24
CT,2011,7,Human,20
CT,2011,8,Human,12
CT,2011,9,Human,12
CT,2011,9,Missing data/not specified/undetermined,1
CT,2012,1,Human,28
CT,2012,2,Human,49
CT,2012,3,Human,95
CT,2012,4,Human,225
CT,2012,4,Missing data/not specified/undetermined,1
CT,2012,5,Human,50
CT,2012,6,Human,60
CT,2012,7,Human,18
CT,2012,8,Human,23
CT,2012,9,Human,11
CT,2012,10,Human,11
CT,2012,11,Human,4
CT,2012,12,Human,1
CT,2015,1,Human,7
CT,2015,3,Human,2
CT,2015,4,Human,114
CT,2015,5,Human,138
CT,2015,6,Human,25
CT,2015,7,Human,13
CT,2015,8,Human,25
CT,2015,9,Human,24
CT,2015,10,Human,7
CT,2015,11,Human,12
CT,2015,12,Human,5
CT,2016,1,Human,19
CT,2016,2,Human,18
CT,2016,3,Human,92
CT,2016,4,Human,164
CT,2016,4,Missing data/not specified/undetermined,1
CT,2016,5,Human,53
CT,2016,6,Human,57
CT,2016,7,Human,77
CT,2016,7,Natural,1
CT,2016,8,Human,25
CT,2016,9,Human,26
CT,2016,9,Natural,1
CT,2016,10,Human,26
CT,2016,11,Human,60
CT,2016,12,Human,12
CT,2017,1,Human,13
CT,2017,2,Human,14
CT,2017,3,Human,43
CT,2017,4,Human,88
CT,2017,5,Human,38
CT,2017,6,Human,19
CT,2017,7,Human,16
CT,2017,7,Missing data/not specified/undetermined,1
CT,2017,8,Human,10
CT,2017,9,Human,27
CT,2017,10,Human,34
CT,2017,11,Human,22
CT,2017,12,Human,6
CT,2018,2,Human,4
CT,2018,3,Human,8
CT,2018,4,Human,23
CT,2018,5,Human,9
CT,2018,6,Human,2
CT,2018,7,Human,7
CT,2018,8,Human,2
CT,2018,9,Human,1
CT,2018,10,Human,1
CT,2018,11,Human,6
CT,2018,12,Human,4
CT,2019,1,Human,6
CT,2019,2,Human,3
CT,2019,3,Human,14
CT,2019,4,Human,20
CT,2019,5,Human,7
CT,2019,6,Human,1
CT,2019,7,Human,11
CT,2019,8,Human,8
CT,2019,9,Human,9
CT,2019,10,Human,10
CT,2019,11,Human,15
CT,2019,12,Human,1
CT,2020,1,Human,5
CT,2020,1,Missing data/not specified/undetermined,7
CT,2020,2,Human,28
CT,2020,2,Missing data/not specified/undetermined,10
CT,2020,3,Human,40
CT,2020,3,Missing data/not specified/undetermined,46
CT,2020,4,Human,11
CT,2020,4,Missing data/not specified/undetermined,36
CT,2020,5,Human,46
CT,2020,5,Missing data/not specified/undetermined,36
CT,2020,6,Human,25
CT,2020,6,Missing data/not specified/undetermined,27
CT,2020,6,Natural,1
CT,2020,7,Human,21
CT,2020,7,Missing data/not specified/undetermined,25
CT,2020,8,Human,14
CT,2020,8,Missing data/not specified/undetermined,45
CT,2020,8,Natural,1
CT,2020,9,Human,22
CT,2020,9,Missing data/not specified/undetermined,35
CT,2020,10,Human,18
CT,2020,10,Missing data/not specified/undetermined,36
CT,2020,10,Natural,1
CT,2020,11,Human,36
CT,2020,11,Missing data/not specified/undetermined,27
CT,2020,12,Human,1
CT,2020,12,Missing data/not specified/undetermined,3
DC,1992,2,Human,1
DC,1992,3,Human,1
DC,1992,7,Human,1
DC,1993,2,Human,2
DC,1993,5,Human,4
DC,1993,9,Human,1
DC,1994,4,Human,2
DC,1994,11,Human,2
DC,1995,2,Human,1
DC,1995,3,Human,1
DC,1995,4,Human,1
DC,1995,5,Human,1
DC,1995,9,Human,1
DC,1997,3,Human,3
DC,1998,3,Human,6
DC,1998,4,Human,1
DC,1998,6,Human,1
DC,1998,10,Human,2
DC,1998,11,Human,3
DC,1999,4,Human,2
DC,1999,5,Human,1
DC,1999,6,Human,1
DC,1999,7,Human,1
DC,1999,8,Human,3
DC,2001,11,Human,1
DC,2002,2,Human,1
DC,2005,10,Human,2
DC,2006,1,Human,1
DC,2006,3,Human,2
DC,2007,1,Human,1
DC,2008,3,Human,1
DC,2009,1,Human,1
DC,2010,7,Natural,1
DC,2011,6,Human,1
DC,2011,8,Human,1
DC,2012,2,Human,1
DC,2012,4,Human,4
DC,2013,11,Human,1
DC,2014,5,Human,1
DC,2015,5,Human,1
DC,2015,6,Human,1
DC,2015,9,Human,1
DC,2016,3,Human,1
DC,2016,4,Human,1
DC,2016,11,Human,2
DC,2017,2,Human,4
DC,2017,4,Human,1
DC,2017,5,Human,2
DC,2017,6,Human,2
DC,2018,4,Human,1
DC,2019,4,Human,1
DC,2019,8,Natural,1
DC,2020,4,Human,1
DE,1992,4,Human,2
DE,1992,5,Human,1
DE,1993,11,Missing data/not specified/undetermined,1
DE,1994,3,Human,1
DE,1994,3,Missing data/not specified/undetermined,1
DE,1995,2,Human,1
DE,1995,3,Human,3
DE,1995,4,Human,1
DE,1997,2,Human,1
DE,1997,3,Human,2
DE,1997,6,Human,1
DE,1997,7,Human,1
DE,1999,3,Missing data/not specified/undetermined,1
DE,1999,4,Missing data/not specified/undetermined,1
DE,2000,3,Human,1
DE,2001,5,Human,1
DE,2002,1,Human,4
DE,2002,2,Human,3
DE,2002,2,Missing data/not specified/undetermined,2
DE,2002,3,Human,5
DE,2002,3,Missing data/not specified/undetermined,2
DE,2002,4,Human,1
DE,2002,4,Missing data/not specified/undetermined,3
DE,2002,6,Human,1
DE,2002,6,Missing data/not specified/undetermined,4
DE,2002,8,Human,3
DE,2002,8,Missing data/not specified/undetermined,2
DE,2002,8,Natural,6
DE,2002,9,Missing data/not specified/undetermined,1
DE,2002,9,Natural,1
DE,2002,12,Human,1
DE,2003,1,Human,1
DE,2003,1,Missing data/not specified/undetermined,3
DE,2003,3,Human,2
DE,2003,3,Missing data/not specified/undetermined,1
DE,2003,4,Missing data/not specified/undetermined,1
DE,2003,5,Missing data/not specified/undetermined,2
DE,2003,6,Human,1
DE,2003,6,Missing data/not specified/undetermined,2
DE,2003,8,Human,1
DE,2003,8,Missing data/not specified/undetermined,1
DE,2003,10,Missing data/not specified/undetermined,3
DE,2003,11,Missing data/not specified/undetermined,1
DE,2003,12,Human,2
DE,2004,1,Human,1
DE,2004,2,Human,1
DE,2004,3,Missing data/not specified/undetermined,2
DE,2004,4,Human,3
DE,2004,4,Missing data/not specified/undetermined,3
DE,2004,5,Human,2
DE,2004,5,Missing data/not specified/undetermined,4
DE,2004,6,Human,1
DE,2004,7,Human,2
DE,2004,7,Missing data/not specified/undetermined,2
DE,2004,8,Human,2
DE,2004,11,Human,1
DE,2004,11,Missing data/not specified/undetermined,2
DE,2004,12,Missing data/not specified/undetermined,1
DE,2005,3,Missing data/not specified/undetermined,1
DE,2005,4,Human,1
DE,2005,4,Missing data/not specified/undetermined,7
DE,2005,5,Missing data/not specified/undetermined,1
DE,2005,6,Missing data/not specified/undetermined,1
DE,2005,11,Human,1
DE,2005,11,Missing data/not specified/undetermined,1
DE,2005,11,Natural,1
DE,2007,7,Missing data/not specified/undetermined,1
DE,2007,12,Human,1
DE,2010,8,Human,1
DE,2012,4,Human,9
DE,2012,6,Human,3
DE,2012,7,Human,4
DE,2012,7,Natural,2
DE,2012,10,Human,1
DE,2013,3,Human,2
DE,2013,4,Human,3
DE,2013,6,Human,1
DE,2013,7,Human,1
DE,2013,9,Human,1
DE,2013,12,Human,1
DE,2014,4,Human,2
DE,2014,5,Human,1
DE,2015,4,Human,6
DE,2015,5,Human,2
DE,2015,6,Human,2
DE,2015,8,Human,2
DE,2015,9,Human,4
DE,2016,3,Human,1
DE,2016,4,Human,4
DE,2016,7,Human,1
DE,2016,8,Human,1
DE,2016,9,Human,1
DE,2016,11,Human,1
DE,2017,2,Human,2
DE,2017,3,Human,2
DE,2017,3,Missing data/not specified/undetermined,1
DE,2017,6,Human,1
DE,2017,12,Human,1
DE,2019,3,Human,1
DE,2019,4,Human,4
DE,2019,5,Human,1
DE,2020,3,Human,1
DE,2020,4,Human,2
DE,2020,6,Human,1
DE,2020,11,Human,1
FL,1992,1,Human,581
FL,1992,2,Human,527
FL,1992,2,Natural,3
FL,1992,3,Human,587
FL,1992,3,Missing data/not specified/undetermined,1
FL,1992,3,Natural,6
FL,1992,4,Human,480
FL,1992,4,Natural,16
FL,1992,5,Human,652
FL,1992,5,Missing data/not specified/undetermined,4
FL,1992,5,Natural,50
FL,1992,6,Human,96
FL,1992,6,Natural,81
FL,1992,7,Human,170
FL,1992,7,Natural,318
FL,1992,8,Human,34
FL,1992,8,Natural,90
FL,1992,9,Human,45
FL,1992,9,Natural,40
FL,1992,10,Human,118
FL,1992,10,Missing data/not specified/undetermined,1
FL,1992,10,Natural,2
FL,1992,11,Human,104
FL,1992,11,Natural,1
FL,1992,12,Human,215
FL,1993,1,Human,138
FL,1993,1,Natural,1
FL,1993,2,Human,291
FL,1993,2,Missing data/not specified/undetermined,1
FL,1993,2,Natural,4
FL,1993,3,Human,454
FL,1993,3,Natural,6
FL,1993,4,Human,433
FL,1993,4,Natural,7
FL,1993,5,Human,520
FL,1993,5,Missing data/not specified/undetermined,3
FL,1993,5,Natural,50
FL,1993,6,Human,418
FL,1993,6,Missing data/not specified/undetermined,1
FL,1993,6,Natural,387
FL,1993,7,Human,145
FL,1993,7,Missing data/not specified/undetermined,2
FL,1993,7,Natural,352
FL,1993,8,Human,252
FL,1993,8,Missing data/not specified/undetermined,1
FL,1993,8,Natural,337
FL,1993,9,Human,100
FL,1993,9,Natural,65
FL,1993,10,Human,121
FL,1993,10,Natural,9
FL,1993,11,Human,153
FL,1993,11,Missing data/not specified/undetermined,1
FL,1993,11,Natural,1
FL,1993,12,Human,294
FL,1993,12,Natural,1
FL,1994,1,Human,408
FL,1994,1,Missing data/not specified/undetermined,1
FL,1994,1,Natural,1
FL,1994,2,Human,359
FL,1994,2,Natural,3
FL,1994,3,Human,552
FL,1994,3,Natural,9
FL,1994,4,Human,389
FL,1994,4,Missing data/not specified/undetermined,1
FL,1994,4,Natural,77
FL,1994,5,Human,500
FL,1994,5,Natural,209
FL,1994,6,Human,92
FL,1994,6,Natural,224
FL,1994,7,Human,97
FL,1994,7,Natural,186
FL,1994,8,Human,43
FL,1994,8,Natural,60
FL,1994,9,Human,35
FL,1994,9,Natural,29
FL,1994,10,Human,41
FL,1994,10,Natural,2
FL,1994,11,Human,120
FL,1994,11,Natural,2
FL,1994,12,Human,89
FL,1994,12,Natural,1
FL,1995,1,Human,168
FL,1995,1,Natural,1
FL,1995,2,Human,587
FL,1995,2,Natural,3
FL,1995,3,Human,432
FL,1995,3,Missing data/not specified/undetermined,1
FL,1995,3,Natural,6
FL,1995,4,Human,254
FL,1995,4,Missing data/not specified/undetermined,1
FL,1995,4,Natural,5
FL,1995,5,Human,368
FL,1995,5,Missing data/not specified/undetermined,1
FL,1995,5,Natural,68
FL,1995,6,Human,183
FL,1995,6,Natural,83
FL,1995,7,Human,142
FL,1995,7,Natural,221
FL,1995,8,Human,44
FL,1995,8,Natural,45
FL,1995,9,Human,73
FL,1995,9,Natural,21
FL,1995,10,Human,82
FL,1995,10,Natural,2
FL,1995,11,Human,122
FL,1995,11,Natural,2
FL,1995,12,Human,267
FL,1995,12,Natural,4
FL,1996,1,Human,635
FL,1996,2,Human,1099
FL,1996,2,Missing data/not specified/undetermined,1
FL,1996,2,Natural,5
FL,1996,3,Human,737
FL,1996,3,Missing data/not specified/undetermined,3
FL,1996,3,Natural,4
FL,1996,4,Human,425
FL,1996,4,Missing data/not specified/undetermined,1
FL,1996,4,Natural,8
FL,1996,5,Human,314
FL,1996,5,Natural,74
FL,1996,6,Human,125
FL,1996,6,Natural,111
FL,1996,7,Human,157
FL,1996,7,Natural,82
FL,1996,8,Human,62
FL,1996,8,Natural,120
FL,1996,9,Human,90
FL,1996,9,Natural,41
FL,1996,10,Human,90
FL,1996,11,Human,298
FL,1996,11,Missing data/not specified/undetermined,2
FL,1996,11,Natural,1
FL,1996,12,Human,211
FL,1996,12,Natural,1
FL,1997,1,Human,502
FL,1997,1,Natural,1
FL,1997,2,Human,544
FL,1997,3,Human,569
FL,1997,3,Missing data/not specified/undetermined,1
FL,1997,3,Natural,8
FL,1997,4,Human,412
FL,1997,4,Missing data/not specified/undetermined,1
FL,1997,4,Natural,17
FL,1997,5,Human,289
FL,1997,5,Missing data/not specified/undetermined,1
FL,1997,5,Natural,67
FL,1997,6,Human,152
FL,1997,6,Natural,102
FL,1997,7,Human,78
FL,1997,7,Natural,197
FL,1997,8,Human,84
FL,1997,8,Natural,96
FL,1997,9,Human,208
FL,1997,9,Natural,69
FL,1997,10,Human,266
FL,1997,10,Natural,8
FL,1997,11,Human,148
FL,1997,11,Natural,2
FL,1997,12,Human,89
FL,1997,12,Natural,1
FL,1998,1,Human,169
FL,1998,1,Natural,2
FL,1998,2,Human,199
FL,1998,2,Natural,2
FL,1998,3,Human,354
FL,1998,3,Natural,4
FL,1998,4,Human,490
FL,1998,4,Natural,1
FL,1998,5,Human,639
FL,1998,5,Missing data/not specified/undetermined,2
FL,1998,5,Natural,80
FL,1998,6,Human,692
FL,1998,6,Missing data/not specified/undetermined,1
FL,1998,6,Natural,914
FL,1998,7,Human,151
FL,1998,7,Natural,462
FL,1998,8,Human,64
FL,1998,8,Natural,146
FL,1998,9,Human,42
FL,1998,9,Natural,19
FL,1998,10,Human,116
FL,1998,10,Natural,3
FL,1998,11,Human,126
FL,1998,11,Missing data/not specified/undetermined,1
FL,1998,11,Natural,4
FL,1998,12,Human,126
FL,1998,12,Missing data/not specified/undetermined,3
FL,1998,12,Natural,1
FL,1999,1,Human,361
FL,1999,1,Natural,7
FL,1999,2,Human,613
FL,1999,2,Missing data/not specified/undetermined,2
FL,1999,2,Natural,11
FL,1999,3,Human,890
FL,1999,3,Missing data/not specified/undetermined,7
FL,1999,3,Natural,18
FL,1999,4,Human,729
FL,1999,4,Missing data/not specified/undetermined,18
FL,1999,4,Natural,194
FL,1999,5,Human,376
FL,1999,5,Missing data/not specified/undetermined,6
FL,1999,5,Natural,459
FL,1999,6,Human,91
FL,1999,6,Missing data/not specified/undetermined,2
FL,1999,6,Natural,245
FL,1999,7,Human,100
FL,1999,7,Missing data/not specified/undetermined,1
FL,1999,7,Natural,225
FL,1999,8,Human,81
FL,1999,8,Missing data/not specified/undetermined,1
FL,1999,8,Natural,281
FL,1999,9,Human,154
FL,1999,9,Natural,63
FL,1999,10,Human,114
FL,1999,10,Natural,3
FL,1999,11,Human,153
FL,1999,12,Human,277
FL,1999,12,Missing data/not specified/undetermined,2
FL,2000,1,Human,455
FL,2000,1,Missing data/not specified/undetermined,7
FL,2000,1,Natural,4
FL,2000,2,Human,771
FL,2000,2,Missing data/not specified/undetermined,8
FL,2000,2,Natural,7
FL,2000,3,Human,588
FL,2000,3,Missing data/not specified/undetermined,1
FL,2000,3,Natural,25
FL,2000,4,Human,563
FL,2000,4,Missing data/not specified/undetermined,2
FL,2000,4,Natural,18
FL,2000,5,Human,840
FL,2000,5,Missing data/not specified/undetermined,3
FL,2000,5,Natural,216
FL,2000,6,Human,383
FL,2000,6,Missing data/not specified/undetermined,3
FL,2000,6,Natural,700
FL,2000,7,Human,175
FL,2000,7,Natural,401
FL,2000,8,Human,105
FL,2000,8,Natural,226
FL,2000,9,Human,52
FL,2000,9,Natural,46
FL,2000,10,Human,212
FL,2000,10,Natural,7
FL,2000,11,Human,242
FL,2000,11,Missing data/not specified/undetermined,6
FL,2000,12,Human,432
FL,2000,12,Missing data/not specified/undetermined,3
FL,2000,12,Natural,3
FL,2001,1,Human,842
FL,2001,1,Missing data/not specified/undetermined,1
FL,2001,1,Natural,5
FL,2001,2,Human,657
FL,2001,2,Missing data/not specified/undetermined,3
FL,2001,2,Natural,4
FL,2001,3,Human,404
FL,2001,3,Natural,29
FL,2001,4,Human,490
FL,2001,4,Natural,31
FL,2001,5,Human,474
FL,2001,5,Missing data/not specified/undetermined,1
FL,2001,5,Natural,222
FL,2001,6,Human,115
FL,2001,6,Natural,725
FL,2001,7,Human,62
FL,2001,7,Natural,122
FL,2001,8,Human,56
FL,2001,8,Natural,90
FL,2001,9,Human,43
FL,2001,9,Natural,55
FL,2001,10,Human,136
FL,2001,10,Natural,1
FL,2001,11,Human,177
FL,2001,11,Natural,1
FL,2001,12,Human,144
FL,2001,12,Natural,1
FL,2002,1,Human,277
FL,2002,2,Human,368
FL,2002,2,Natural,1
FL,2002,3,Human,516
FL,2002,3,Natural,27
FL,2002,4,Human,323
FL,2002,4,Natural,68
FL,2002,5,Human,496
FL,2002,5,Missing data/not specified/undetermined,1
FL,2002,5,Natural,190
FL,2002,6,Human,106
FL,2002,6,Natural,179
FL,2002,7,Human,42
FL,2002,7,Natural,117
FL,2002,8,Human,40
FL,2002,8,Natural,65
FL,2002,9,Human,38
FL,2002,9,Natural,8
FL,2002,10,Human,56
FL,2002,10,Natural,24
FL,2002,11,Human,83
FL,2002,11,Natural,2
FL,2002,12,Human,103
FL,2002,12,Natural,1
FL,2003,1,Human,413
FL,2003,2,Human,307
FL,2003,3,Human,72
FL,2003,3,Natural,14
FL,2003,4,Human,228
FL,2003,4,Missing data/not specified/undetermined,1
FL,2003,4,Natural,12
FL,2003,5,Human,208
FL,2003,5,Missing data/not specified/undetermined,1
FL,2003,5,Natural,130
FL,2003,6,Human,47
FL,2003,6,Natural,100
FL,2003,7,Human,40
FL,2003,7,Natural,120
FL,2003,8,Human,19
FL,2003,8,Natural,27
FL,2003,9,Human,50
FL,2003,9,Natural,10
FL,2003,10,Human,76
FL,2003,10,Missing data/not specified/undetermined,2
FL,2003,10,Natural,2
FL,2003,11,Human,87
FL,2003,11,Natural,2
FL,2003,12,Human,177
FL,2003,12,Missing data/not specified/undetermined,3
FL,2004,1,Human,392
FL,2004,2,Human,214
FL,2004,2,Missing data/not specified/undetermined,2
FL,2004,3,Human,547
FL,2004,3,Missing data/not specified/undetermined,4
FL,2004,3,Natural,1
FL,2004,4,Human,498
FL,2004,4,Missing data/not specified/undetermined,4
FL,2004,4,Natural,32
FL,2004,5,Human,379
FL,2004,5,Missing data/not specified/undetermined,1
FL,2004,5,Natural,35
FL,2004,6,Human,124
FL,2004,6,Missing data/not specified/undetermined,2
FL,2004,6,Natural,523
FL,2004,7,Human,73
FL,2004,7,Natural,284
FL,2004,8,Human,26
FL,2004,8,Natural,41
FL,2004,9,Human,34
FL,2004,9,Missing data/not specified/undetermined,1
FL,2004,9,Natural,6
FL,2004,10,Human,76
FL,2004,10,Natural,2
FL,2004,11,Human,101
FL,2004,12,Human,205
FL,2004,12,Missing data/not specified/undetermined,3
FL,2005,1,Human,300
FL,2005,1,Missing data/not specified/undetermined,2
FL,2005,1,Natural,2
FL,2005,2,Human,495
FL,2005,2,Missing data/not specified/undetermined,2
FL,2005,2,Natural,2
FL,2005,3,Human,327
FL,2005,3,Missing data/not specified/undetermined,3
FL,2005,3,Natural,9
FL,2005,4,Human,244
FL,2005,4,Missing data/not specified/undetermined,1
FL,2005,4,Natural,9
FL,2005,5,Human,158
FL,2005,5,Missing data/not specified/undetermined,2
FL,2005,5,Natural,83
FL,2005,6,Human,30
FL,2005,6,Missing data/not specified/undetermined,1
FL,2005,6,Natural,16
FL,2005,7,Human,56
FL,2005,7,Missing data/not specified/undetermined,1
FL,2005,7,Natural,64
FL,2005,8,Human,35
FL,2005,8,Natural,80
FL,2005,9,Human,93
FL,2005,9,Natural,18
FL,2005,10,Human,117
FL,2005,10,Natural,2
FL,2005,11,Human,134
FL,2005,12,Human,105
FL,2005,12,Natural,1
FL,2006,1,Human,377
FL,2006,1,Missing data/not specified/undetermined,2
FL,2006,1,Natural,2
FL,2006,2,Human,337
FL,2006,2,Missing data/not specified/undetermined,2
FL,2006,2,Natural,3
FL,2006,3,Human,817
FL,2006,3,Missing data/not specified/undetermined,4
FL,2006,3,Natural,2
FL,2006,4,Human,653
FL,2006,4,Missing data/not specified/undetermined,8
FL,2006,4,Natural,91
FL,2006,5,Human,525
FL,2006,5,Missing data/not specified/undetermined,5
FL,2006,5,Natural,263
FL,2006,6,Human,263
FL,2006,6,Missing data/not specified/undetermined,1
FL,2006,6,Natural,272
FL,2006,7,Human,170
FL,2006,7,Missing data/not specified/undetermined,2
FL,2006,7,Natural,257
FL,2006,8,Human,110
FL,2006,8,Missing data/not specified/undetermined,1
FL,2006,8,Natural,243
FL,2006,9,Human,64
FL,2006,9,Natural,15
FL,2006,10,Human,261
FL,2006,10,Missing data/not specified/undetermined,3
FL,2006,10,Natural,6
FL,2006,11,Human,167
FL,2006,11,Natural,1
FL,2006,12,Human,171
FL,2006,12,Natural,1
FL,2007,1,Human,143
FL,2007,1,Missing data/not specified/undetermined,1
FL,2007,1,Natural,1
FL,2007,2,Human,474
FL,2007,2,Missing data/not specified/undetermined,1
FL,2007,2,Natural,3
FL,2007,3,Human,724
FL,2007,3,Missing data/not specified/undetermined,11
FL,2007,3,Natural,8
FL,2007,4,Human,501
FL,2007,4,Missing data/not specified/undetermined,12
FL,2007,4,Natural,26
FL,2007,5,Human,561
FL,2007,5,Missing data/not specified/undetermined,9
FL,2007,5,Natural,356
FL,2007,6,Human,154
FL,2007,6,Natural,423
FL,2007,7,Human,83
FL,2007,7,Natural,418
FL,2007,8,Human,105
FL,2007,8,Missing data/not specified/undetermined,1
FL,2007,8,Natural,136
FL,2007,9,Human,58
FL,2007,9,Missing data/not specified/undetermined,2
FL,2007,9,Natural,75
FL,2007,10,Human,45
FL,2007,10,Missing data/not specified/undetermined,1
FL,2007,10,Natural,9
FL,2007,11,Human,112
FL,2007,11,Missing data/not specified/undetermined,1
FL,2007,11,Natural,1
FL,2007,12,Human,116
FL,2007,12,Missing data/not specified/undetermined,3
FL,2007,12,Natural,3
FL,2008,1,Human,182
FL,2008,1,Missing data/not specified/undetermined,4
FL,2008,1,Natural,3
FL,2008,2,Human,299
FL,2008,2,Missing data/not specified/undetermined,1
FL,2008,2,Natural,2
FL,2008,3,Human,274
FL,2008,3,Missing data/not specified/undetermined,1
FL,2008,3,Natural,2
FL,2008,4,Human,235
FL,2008,4,Natural,32
FL,2008,5,Human,422
FL,2008,5,Missing data/not specified/undetermined,7
FL,2008,5,Natural,52
FL,2008,6,Human,148
FL,2008,6,Natural,634
FL,2008,7,Human,40
FL,2008,7,Missing data/not specified/undetermined,2
FL,2008,7,Natural,97
FL,2008,8,Human,36
FL,2008,8,Natural,50
FL,2008,9,Human,47
FL,2008,9,Natural,13
FL,2008,10,Human,112
FL,2008,10,Natural,6
FL,2008,11,Human,207
FL,2008,11,Missing data/not specified/undetermined,1
FL,2008,12,Human,190
FL,2008,12,Missing data/not specified/undetermined,1
FL,2009,1,Human,305
FL,2009,1,Missing data/not specified/undetermined,3
FL,2009,1,Natural,1
FL,2009,2,Human,636
FL,2009,2,Missing data/not specified/undetermined,10
FL,2009,3,Human,592
FL,2009,3,Missing data/not specified/undetermined,6
FL,2009,3,Natural,14
FL,2009,4,Human,287
FL,2009,4,Missing data/not specified/undetermined,4
FL,2009,4,Natural,39
FL,2009,5,Human,215
FL,2009,5,Missing data/not specified/undetermined,6
FL,2009,5,Natural,235
FL,2009,6,Human,61
FL,2009,6,Natural,134
FL,2009,7,Human,39
FL,2009,7,Natural,73
FL,2009,8,Human,17
FL,2009,8,Natural,66
FL,2009,9,Human,27
FL,2009,9,Natural,15
FL,2009,10,Human,57
FL,2009,10,Missing data/not specified/undetermined,2
FL,2009,10,Natural,4
FL,2009,11,Human,102
FL,2009,11,Natural,2
FL,2009,12,Human,55
FL,2009,12,Missing data/not specified/undetermined,1
FL,2010,1,Human,253
FL,2010,1,Missing data/not specified/undetermined,2
FL,2010,1,Natural,2
FL,2010,2,Human,257
FL,2010,2,Missing data/not specified/undetermined,1
FL,2010,2,Natural,1
FL,2010,3,Human,379
FL,2010,3,Missing data/not specified/undetermined,4
FL,2010,3,Natural,2
FL,2010,4,Human,242
FL,2010,4,Missing data/not specified/undetermined,1
FL,2010,4,Natural,25
FL,2010,5,Human,143
FL,2010,5,Natural,76
FL,2010,6,Human,79
FL,2010,6,Natural,306
FL,2010,7,Human,52
FL,2010,7,Natural,120
FL,2010,8,Human,25
FL,2010,8,Natural,92
FL,2010,9,Human,115
FL,2010,9,Natural,26
FL,2010,10,Human,309
FL,2010,10,Natural,1
FL,2010,11,Human,201
FL,2010,11,Natural,1
FL,2010,12,Human,573
FL,2010,12,Missing data/not specified/undetermined,2
FL,2010,12,Natural,1
FL,2011,1,Human,460
FL,2011,1,Missing data/not specified/undetermined,1
FL,2011,1,Natural,11
FL,2011,2,Human,591
FL,2011,2,Missing data/not specified/undetermined,4
FL,2011,2,Natural,3
FL,2011,3,Human,484
FL,2011,3,Missing data/not specified/undetermined,3
FL,2011,3,Natural,10
FL,2011,4,Human,303
FL,2011,4,Missing data/not specified/undetermined,3
FL,2011,4,Natural,181
FL,2011,5,Human,402
FL,2011,5,Missing data/not specified/undetermined,4
FL,2011,5,Natural,355
FL,2011,6,Human,313
FL,2011,6,Missing data/not specified/undetermined,4
FL,2011,6,Natural,819
FL,2011,7,Human,72
FL,2011,7,Natural,213
FL,2011,8,Human,75
FL,2011,8,Missing data/not specified/undetermined,1
FL,2011,8,Natural,181
FL,2011,9,Human,92
FL,2011,9,Missing data/not specified/undetermined,1
FL,2011,9,Natural,48
FL,2011,10,Human,131
FL,2011,10,Natural,4
FL,2011,11,Human,131
FL,2011,11,Missing data/not specified/undetermined,1
FL,2011,11,Natural,3
FL,2011,12,Human,123
FL,2011,12,Natural,2
FL,2012,1,Human,464
FL,2012,1,Missing data/not specified/undetermined,3
FL,2012,1,Natural,2
FL,2012,2,Human,289
FL,2012,2,Missing data/not specified/undetermined,2
FL,2012,2,Natural,14
FL,2012,3,Human,336
FL,2012,3,Missing data/not specified/undetermined,3
FL,2012,3,Natural,59
FL,2012,4,Human,383
FL,2012,4,Missing data/not specified/undetermined,1
FL,2012,4,Natural,79
FL,2012,5,Human,254
FL,2012,5,Missing data/not specified/undetermined,2
FL,2012,5,Natural,255
FL,2012,6,Human,86
FL,2012,6,Natural,56
FL,2012,7,Human,61
FL,2012,7,Missing data/not specified/undetermined,1
FL,2012,7,Natural,206
FL,2012,8,Human,24
FL,2012,8,Natural,93
FL,2012,9,Human,36
FL,2012,9,Natural,16
FL,2012,10,Human,83
FL,2012,10,Natural,4
FL,2012,11,Human,169
FL,2012,11,Missing data/not specified/undetermined,1
FL,2012,11,Natural,1
FL,2012,12,Human,120
FL,2012,12,Missing data/not specified/undetermined,1
FL,2012,12,Natural,3
FL,2013,1,Human,264
FL,2013,1,Natural,1
FL,2013,2,Human,265
FL,2013,2,Missing data/not specified/undetermined,2
FL,2013,3,Human,524
FL,2013,3,Missing data/not specified/undetermined,3
FL,2013,3,Natural,33
FL,2013,4,Human,173
FL,2013,4,Missing data/not specified/undetermined,1
FL,2013,4,Natural,46
FL,2013,5,Human,185
FL,2013,5,Natural,122
FL,2013,6,Human,44
FL,2013,6,Natural,90
FL,2013,7,Human,17
FL,2013,7,Natural,23
FL,2013,8,Human,18
FL,2013,8,Natural,31
FL,2013,9,Human,45
FL,2013,9,Natural,31
FL,2013,10,Human,71
FL,2013,11,Human,81
FL,2013,12,Human,93
FL,2014,1,Human,171
FL,2014,1,Natural,6
FL,2014,2,Human,173
FL,2014,2,Natural,4
FL,2014,3,Human,227
FL,2014,3,Natural,6
FL,2014,4,Human,178
FL,2014,4,Missing data/not specified/undetermined,1
FL,2014,4,Natural,44
FL,2014,5,Human,179
FL,2014,5,Missing data/not specified/undetermined,2
FL,2014,5,Natural,124
FL,2014,6,Human,57
FL,2014,6,Natural,181
FL,2014,7,Human,58
FL,2014,7,Missing data/not specified/undetermined,1
FL,2014,7,Natural,129
FL,2014,8,Human,55
FL,2014,8,Missing data/not specified/undetermined,1
FL,2014,8,Natural,100
FL,2014,9,Human,21
FL,2014,9,Natural,33
FL,2014,10,Human,70
FL,2014,10,Natural,2
FL,2014,11,Human,142
FL,2014,11,Missing data/not specified/undetermined,1
FL,2014,11,Natural,2
FL,2014,12,Human,176
FL,2015,1,Human,171
FL,2015,1,Natural,1
FL,2015,2,Human,219
FL,2015,2,Missing data/not specified/undetermined,4
FL,2015,2,Natural,2
FL,2015,3,Human,258
FL,2015,3,Missing data/not specified/undetermined,2
FL,2015,3,Natural,6
FL,2015,4,Human,124
FL,2015,4,Missing data/not specified/undetermined,1
FL,2015,4,Natural,41
FL,2015,5,Human,311
FL,2015,5,Missing data/not specified/undetermined,3
FL,2015,5,Natural,216
FL,2015,6,Human,126
FL,2015,6,Missing data/not specified/undetermined,4
FL,2015,6,Natural,383
FL,2015,7,Human,61
FL,2015,7,Natural,246
FL,2015,8,Human,31
FL,2015,8,Missing data/not specified/undetermined,1
FL,2015,8,Natural,70
FL,2015,9,Human,32
FL,2015,9,Natural,25
FL,2015,10,Human,91
FL,2015,10,Natural,3
FL,2015,11,Human,56
FL,2015,11,Natural,2
FL,2015,12,Human,58
FL,2016,1,Human,63
FL,2016,1,Natural,3
FL,2016,2,Human,357
FL,2016,3,Human,379
FL,2016,3,Missing data/not specified/undetermined,2
FL,2016,3,Natural,11
FL,2016,4,Human,228
FL,2016,4,Natural,25
FL,2016,5,Human,220
FL,2016,5,Natural,100
FL,2016,6,Human,73
FL,2016,6,Natural,163
FL,2016,7,Human,97
FL,2016,7,Missing data/not specified/undetermined,1
FL,2016,7,Natural,346
FL,2016,8,Human,55
FL,2016,8,Natural,81
FL,2016,9,Human,42
FL,2016,9,Natural,46
FL,2016,10,Human,196
FL,2016,10,Natural,4
FL,2016,11,Human,382
FL,2016,11,Natural,1
FL,2016,12,Human,176
FL,2016,12,Natural,1
FL,2017,1,Human,259
FL,2017,1,Natural,6
FL,2017,2,Human,370
FL,2017,2,Natural,7
FL,2017,3,Human,638
FL,2017,3,Missing data/not specified/undetermined,3
FL,2017,3,Natural,16
FL,2017,4,Human,520
FL,2017,4,Missing data/not specified/undetermined,1
FL,2017,4,Natural,79
FL,2017,5,Human,402
FL,2017,5,Missing data/not specified/undetermined,3
FL,2017,5,Natural,190
FL,2017,6,Human,32
FL,2017,6,Natural,55
FL,2017,7,Human,34
FL,2017,7,Missing data/not specified/undetermined,1
FL,2017,7,Natural,128
FL,2017,8,Human,27
FL,2017,8,Natural,25
FL,2017,9,Human,50
FL,2017,9,Natural,4
FL,2017,10,Human,50
FL,2017,10,Natural,4
FL,2017,11,Human,92
FL,2017,12,Human,100
FL,2017,12,Natural,2
FL,2018,1,Human,305
FL,2018,2,Human,286
FL,2018,2,Missing data/not specified/undetermined,1
FL,2018,2,Natural,1
FL,2018,3,Human,523
FL,2018,3,Missing data/not specified/undetermined,1
FL,2018,3,Natural,40
FL,2018,4,Human,213
FL,2018,4,Natural,40
FL,2018,5,Human,161
FL,2018,5,Natural,8
FL,2018,6,Human,33
FL,2018,6,Natural,74
FL,2018,7,Human,26
FL,2018,7,Missing data/not specified/undetermined,1
FL,2018,7,Natural,60
FL,2018,8,Human,21
FL,2018,8,Natural,48
FL,2018,9,Human,28
FL,2018,9,Natural,22
FL,2018,10,Human,84
FL,2018,10,Natural,1
FL,2018,11,Human,52
FL,2018,11,Natural,3
FL,2018,12,Human,37
FL,2018,12,Natural,3
FL,2019,1,Human,128
FL,2019,1,Natural,2
FL,2019,2,Human,126
FL,2019,2,Natural,2
FL,2019,3,Human,227
FL,2019,3,Natural,4
FL,2019,4,Human,164
FL,2019,4,Natural,13
FL,2019,5,Human,199
FL,2019,5,Natural,97
FL,2019,6,Human,100
FL,2019,6,Missing data/not specified/undetermined,1
FL,2019,6,Natural,116
FL,2019,7,Human,47
FL,2019,7,Natural,166
FL,2019,8,Human,18
FL,2019,8,Natural,33
FL,2019,9,Human,186
FL,2019,9,Natural,18
FL,2019,10,Human,129
FL,2019,10,Missing data/not specified/undetermined,1
FL,2019,10,Natural,5
FL,2019,11,Human,83
FL,2019,12,Human,73
FL,2020,1,Human,111
FL,2020,1,Missing data/not specified/undetermined,1
FL,2020,2,Human,188
FL,2020,2,Missing data/not specified/undetermined,2
FL,2020,2,Natural,4
FL,2020,3,Human,455
FL,2020,3,Missing data/not specified/undetermined,6
FL,2020,3,Natural,2
FL,2020,4,Human,283
FL,2020,4,Missing data/not specified/undetermined,9
FL,2020,4,Natural,24
FL,2020,5,Human,352
FL,2020,5,Missing data/not specified/undetermined,5
FL,2020,5,Natural,85
FL,2020,6,Human,62
FL,2020,6,Missing data/not specified/undetermined,3
FL,2020,6,Natural,88
FL,2020,7,Human,47
FL,2020,7,Natural,81
FL,2020,8,Human,31
FL,2020,8,Missing data/not specified/undetermined,1
FL,2020,8,Natural,74
FL,2020,9,Human,24
FL,2020,9,Missing data/not specified/undetermined,1
FL,2020,9,Natural,11
FL,2020,10,Human,35
FL,2020,10,Natural,2
FL,2020,11,Human,54
FL,2020,11,Natural,1
FL,2020,12,Human,70
FL,2020,12,Missing data/not specified/undetermined,3
GA,1992,1,Human,731
GA,1992,1,Natural,9
GA,1992,2,Human,1317
GA,1992,2,Natural,19
GA,1992,3,Human,1679
GA,1992,3,Natural,22
GA,1992,4,Human,807
GA,1992,4,Natural,35
GA,1992,5,Human,767
GA,1992,5,Missing data/not specified/undetermined,1
GA,1992,5,Natural,32
GA,1992,6,Human,107
GA,1992,6,Natural,19
GA,1992,7,Human,128
GA,1992,7,Natural,40
GA,1992,8,Human,74
GA,1992,8,Natural,24
GA,1992,9,Human,84
GA,1992,9,Natural,3
GA,1992,10,Human,190
GA,1992,10,Missing data/not specified/undetermined,1
GA,1992,10,Natural,2
GA,1992,11,Human,182
GA,1992,11,Natural,4
GA,1992,12,Human,177
GA,1992,12,Natural,4
GA,1993,1,Human,268
GA,1993,1,Natural,3
GA,1993,2,Human,757
GA,1993,2,Missing data/not specified/undetermined,1
GA,1993,2,Natural,8
GA,1993,3,Human,882
GA,1993,3,Natural,43
GA,1993,4,Human,925
GA,1993,4,Natural,25
GA,1993,5,Human,585
GA,1993,5,Natural,29
GA,1993,6,Human,823
GA,1993,6,Natural,144
GA,1993,7,Human,914
GA,1993,7,Natural,344
GA,1993,8,Human,594
GA,1993,8,Natural,86
GA,1993,9,Human,774
GA,1993,9,Natural,42
GA,1993,10,Human,916
GA,1993,10,Missing data/not specified/undetermined,1
GA,1993,10,Natural,15
GA,1993,11,Human,545
GA,1993,11,Natural,15
GA,1993,12,Human,367
GA,1993,12,Natural,5
GA,1994,1,Human,622
GA,1994,1,Natural,10
GA,1994,2,Human,1025
GA,1994,2,Missing data/not specified/undetermined,1
GA,1994,2,Natural,14
GA,1994,3,Human,2150
GA,1994,3,Natural,44
GA,1994,4,Human,767
GA,1994,4,Natural,15
GA,1994,5,Human,679
GA,1994,5,Natural,52
GA,1994,6,Human,151
GA,1994,6,Natural,41
GA,1994,7,Human,39
GA,1994,7,Natural,18
GA,1994,8,Human,72
GA,1994,8,Natural,13
GA,1994,9,Human,138
GA,1994,9,Natural,6
GA,1994,10,Human,104
GA,1994,10,Natural,2
GA,1994,11,Human,391
GA,1994,11,Natural,7
GA,1994,12,Human,221
GA,1994,12,Natural,2
GA,1995,1,Human,262
GA,1995,1,Natural,7
GA,1995,2,Human,739
GA,1995,2,Natural,33
GA,1995,3,Human,1399
GA,1995,3,Natural,21
GA,1995,4,Human,1240
GA,1995,4,Natural,23
GA,1995,5,Human,719
GA,1995,5,Natural,97
GA,1995,6,Human,223
GA,1995,6,Natural,39
GA,1995,7,Human,528
GA,1995,7,Natural,131
GA,1995,8,Human,379
GA,1995,8,Natural,47
GA,1995,9,Human,404
GA,1995,9,Natural,12
GA,1995,10,Human,374
GA,1995,10,Natural,4
GA,1995,11,Human,444
GA,1995,11,Natural,7
GA,1995,12,Human,817
GA,1995,12,Natural,17
GA,1996,1,Human,723
GA,1996,1,Natural,11
GA,1996,2,Human,2314
GA,1996,2,Natural,28
GA,1996,3,Human,1665
GA,1996,3,Natural,19
GA,1996,4,Human,1338
GA,1996,4,Natural,36
GA,1996,5,Human,607
GA,1996,5,Natural,49
GA,1996,6,Human,480
GA,1996,6,Natural,90
GA,1996,7,Human,560
GA,1996,7,Natural,102
GA,1996,8,Human,258
GA,1996,8,Natural,22
GA,1996,9,Human,314
GA,1996,9,Natural,16
GA,1996,10,Human,385
GA,1996,10,Natural,12
GA,1996,11,Human,405
GA,1996,11,Natural,17
GA,1996,12,Human,414
GA,1996,12,Natural,7
GA,1997,1,Human,611
GA,1997,1,Natural,11
GA,1997,2,Human,550
GA,1997,2,Natural,11
GA,1997,3,Human,1482
GA,1997,3,Natural,50
GA,1997,4,Human,1143
GA,1997,4,Natural,33
GA,1997,5,Human,481
GA,1997,5,Natural,30
GA,1997,6,Human,122
GA,1997,6,Natural,26
GA,1997,7,Human,242
GA,1997,7,Natural,75
GA,1997,8,Human,378
GA,1997,8,Natural,57
GA,1997,9,Human,990
GA,1997,9,Natural,49
GA,1997,10,Human,494
GA,1997,10,Natural,8
GA,1997,11,Human,172
GA,1997,11,Natural,4
GA,1997,12,Human,211
GA,1997,12,Natural,4
GA,1998,1,Human,235
GA,1998,2,Human,497
GA,1998,2,Natural,2
GA,1998,3,Human,872
GA,1998,3,Natural,2
GA,1998,4,Human,416
GA,1998,4,Natural,3
GA,1998,5,Human,468
GA,1998,5,Natural,15
GA,1998,6,Human,954
GA,1998,6,Natural,289
GA,1998,7,Human,596
GA,1998,7,Natural,159
GA,1998,8,Human,480
GA,1998,8,Natural,40
GA,1998,9,Human,452
GA,1998,9,Natural,15
GA,1998,10,Human,658
GA,1998,10,Natural,4
GA,1998,11,Human,513
GA,1998,11,Natural,2
GA,1998,12,Human,628
GA,1998,12,Natural,1
GA,1999,1,Human,760
GA,1999,1,Natural,4
GA,1999,2,Human,1389
GA,1999,2,Natural,2
GA,1999,3,Human,2307
GA,1999,3,Natural,6
GA,1999,4,Human,1393
GA,1999,4,Natural,52
GA,1999,5,Human,716
GA,1999,5,Natural,91
GA,1999,6,Human,412
GA,1999,6,Natural,66
GA,1999,7,Human,161
GA,1999,7,Natural,36
GA,1999,8,Human,608
GA,1999,8,Natural,190
GA,1999,9,Human,1046
GA,1999,9,Natural,61
GA,1999,10,Human,392
GA,1999,11,Human,603
GA,1999,12,Human,842
GA,1999,12,Natural,1
GA,2000,1,Human,795
GA,2000,1,Natural,3
GA,2000,2,Human,2279
GA,2000,2,Natural,13
GA,2000,3,Human,1419
GA,2000,3,Natural,18
GA,2000,4,Human,705
GA,2000,4,Natural,12
GA,2000,5,Human,1149
GA,2000,5,Natural,79
GA,2000,6,Human,827
GA,2000,6,Natural,249
GA,2000,7,Human,703
GA,2000,7,Natural,229
GA,2000,8,Human,392
GA,2000,8,Natural,93
GA,2000,9,Human,128
GA,2000,9,Natural,3
GA,2000,10,Human,638
GA,2000,10,Natural,4
GA,2000,11,Human,327
GA,2000,11,Natural,2
GA,2000,12,Human,477
GA,2000,12,Natural,1
GA,2001,1,Human,1289
GA,2001,1,Natural,3
GA,2001,2,Human,1292
GA,2001,2,Natural,5
GA,2001,3,Human,784
GA,2001,3,Natural,4
GA,2001,4,Human,875
GA,2001,4,Natural,7
GA,2001,5,Human,843
GA,2001,5,Natural,67
GA,2001,6,Human,110
GA,2001,6,Natural,56
GA,2001,7,Human,155
GA,2001,7,Missing data/not specified/undetermined,1
GA,2001,7,Natural,23
GA,2001,8,Human,228
GA,2001,8,Natural,38
GA,2001,9,Human,191
GA,2001,9,Natural,10
GA,2001,10,Human,1078
GA,2001,10,Natural,1
GA,2001,11,Human,1815
GA,2001,11,Missing data/not specified/undetermined,1
GA,2001,11,Natural,5
GA,2001,12,Human,686
GA,2001,12,Natural,1
GA,2002,1,Human,700
GA,2002,1,Natural,3
GA,2002,2,Human,1841
GA,2002,2,Natural,5
GA,2002,3,Human,1604
GA,2002,3,Natural,16
GA,2002,4,Human,707
GA,2002,4,Natural,19
GA,2002,5,Human,599
GA,2002,5,Natural,65
GA,2002,6,Human,426
GA,2002,6,Natural,132
GA,2002,7,Human,297
GA,2002,7,Natural,117
GA,2002,8,Human,456
GA,2002,8,Natural,113
GA,2002,9,Human,262
GA,2002,9,Natural,4
GA,2002,10,Human,71
GA,2002,10,Natural,13
GA,2002,11,Human,133
GA,2002,11,Natural,3
GA,2002,12,Human,213
GA,2002,12,Natural,2
GA,2003,1,Human,834
GA,2003,1,Natural,3
GA,2003,2,Human,644
GA,2003,2,Natural,2
GA,2003,3,Human,308
GA,2003,3,Natural,3
GA,2003,4,Human,359
GA,2003,4,Natural,1
GA,2003,5,Human,164
GA,2003,5,Natural,11
GA,2003,6,Human,90
GA,2003,6,Natural,10
GA,2003,7,Human,59
GA,2003,7,Natural,24
GA,2003,8,Human,67
GA,2003,8,Natural,3
GA,2003,9,Human,315
GA,2003,9,Natural,2
GA,2003,10,Human,557
GA,2003,11,Human,567
GA,2003,11,Natural,5
GA,2003,12,Human,539
GA,2004,1,Human,1079
GA,2004,2,Human,619
GA,2004,2,Natural,2
GA,2004,3,Human,2934
GA,2004,3,Natural,5
GA,2004,4,Human,1389
GA,2004,4,Natural,7
GA,2004,5,Human,543
GA,2004,5,Natural,35
GA,2004,6,Human,169
GA,2004,6,Missing data/not specified/undetermined,2
GA,2004,6,Natural,59
GA,2004,7,Human,186
GA,2004,7,Natural,50
GA,2004,8,Human,222
GA,2004,8,Natural,21
GA,2004,9,Human,98
GA,2004,9,Natural,3
GA,2004,10,Human,152
GA,2004,10,Natural,2
GA,2004,11,Human,154
GA,2004,11,Natural,2
GA,2004,12,Human,394
GA,2005,1,Human,818
GA,2005,2,Human,846
GA,2005,3,Human,1077
GA,2005,3,Natural,6
GA,2005,4,Human,477
GA,2005,4,Natural,5
GA,2005,5,Human,287
GA,2005,5,Natural,20
GA,2005,6,Human,85
GA,2005,6,Natural,3
GA,2005,7,Human,69
GA,2005,7,Natural,8
GA,2005,8,Human,60
GA,2005,8,Natural,10
GA,2005,9,Human,474
GA,2005,9,Natural,2
GA,2005,10,Human,540
GA,2005,10,Natural,2
GA,2005,11,Human,906
GA,2005,11,Natural,1
GA,2005,12,Human,353
GA,2006,1,Human,582
GA,2006,2,Human,657
GA,2006,2,Natural,2
GA,2006,3,Human,1900
GA,2006,3,Natural,4
GA,2006,4,Human,1069
GA,2006,4,Natural,27
GA,2006,5,Human,557
GA,2006,5,Natural,87
GA,2006,6,Human,759
GA,2006,6,Natural,118
GA,2006,7,Human,621
GA,2006,7,Natural,193
GA,2006,8,Human,254
GA,2006,8,Natural,196
GA,2006,9,Human,236
GA,2006,9,Natural,6
GA,2006,10,Human,529
GA,2006,10,Natural,8
GA,2006,11,Human,408
GA,2006,11,Natural,7
GA,2006,12,Human,703
GA,2006,12,Missing data/not specified/undetermined,1
GA,2006,12,Natural,1
GA,2007,1,Human,319
GA,2007,2,Human,1241
GA,2007,2,Natural,5
GA,2007,3,Human,1809
GA,2007,3,Natural,5
GA,2007,4,Human,1199
GA,2007,4,Natural,14
GA,2007,5,Human,1108
GA,2007,5,Natural,68
GA,2007,6,Human,427
GA,2007,6,Natural,144
GA,2007,7,Human,170
GA,2007,7,Natural,153
GA,2007,8,Human,337
GA,2007,8,Natural,172
GA,2007,9,Human,269
GA,2007,9,Natural,13
GA,2007,10,Human,303
GA,2007,10,Natural,4
GA,2007,11,Human,558
GA,2007,11,Natural,1
GA,2007,12,Human,397
GA,2007,12,Natural,1
GA,2008,1,Human,283
GA,2008,1,Natural,1
GA,2008,2,Human,772
GA,2008,2,Natural,2
GA,2008,3,Human,986
GA,2008,3,Natural,5
GA,2008,4,Human,445
GA,2008,4,Natural,3
GA,2008,5,Human,401
GA,2008,5,Natural,36
GA,2008,6,Human,647
GA,2008,6,Natural,211
GA,2008,7,Human,290
GA,2008,7,Natural,117
GA,2008,8,Human,225
GA,2008,8,Natural,57
GA,2008,9,Human,284
GA,2008,9,Natural,4
GA,2008,10,Human,394
GA,2008,10,Natural,2
GA,2008,11,Human,374
GA,2008,12,Human,268
GA,2009,1,Human,396
GA,2009,2,Human,1333
GA,2009,2,Natural,1
GA,2009,3,Human,905
GA,2009,3,Natural,3
GA,2009,4,Human,321
GA,2009,4,Natural,7
GA,2009,5,Human,92
GA,2009,5,Natural,18
GA,2009,6,Human,203
GA,2009,6,Natural,32
GA,2009,7,Human,337
GA,2009,7,Natural,33
GA,2009,8,Human,114
GA,2009,8,Natural,20
GA,2009,9,Human,116
GA,2009,10,Human,72
GA,2009,11,Human,121
GA,2009,11,Natural,1
GA,2009,12,Human,51
GA,2010,1,Human,258
GA,2010,1,Natural,1
GA,2010,2,Human,364
GA,2010,3,Human,862
GA,2010,3,Natural,1
GA,2010,4,Human,814
GA,2010,4,Natural,7
GA,2010,5,Human,148
GA,2010,5,Natural,16
GA,2010,6,Human,133
GA,2010,6,Natural,74
GA,2010,7,Human,231
GA,2010,7,Natural,57
GA,2010,8,Human,168
GA,2010,8,Natural,40
GA,2010,9,Human,708
GA,2010,9,Natural,15
GA,2010,10,Human,801
GA,2010,10,Missing data/not specified/undetermined,2
GA,2010,10,Natural,3
GA,2010,11,Human,491
GA,2010,11,Natural,2
GA,2010,12,Human,671
GA,2011,1,Human,684
GA,2011,1,Natural,1
GA,2011,2,Human,1630
GA,2011,2,Missing data/not specified/undetermined,1
GA,2011,2,Natural,2
GA,2011,3,Human,1206
GA,2011,3,Missing data/not specified/undetermined,2
GA,2011,3,Natural,7
GA,2011,4,Human,536
GA,2011,4,Natural,46
GA,2011,5,Human,786
GA,2011,5,Natural,93
GA,2011,6,Human,743
GA,2011,6,Missing data/not specified/undetermined,1
GA,2011,6,Natural,312
GA,2011,7,Human,181
GA,2011,7,Natural,131
GA,2011,8,Human,494
GA,2011,8,Natural,141
GA,2011,9,Human,487
GA,2011,9,Natural,10
GA,2011,10,Human,383
GA,2011,10,Natural,3
GA,2011,11,Human,302
GA,2011,11,Natural,3
GA,2011,12,Human,227
GA,2011,12,Natural,1
GA,2012,1,Human,520
GA,2012,1,Natural,5
GA,2012,2,Human,526
GA,2012,2,Natural,6
GA,2012,3,Human,626
GA,2012,3,Natural,38
GA,2012,4,Human,549
GA,2012,4,Natural,16
GA,2012,5,Human,414
GA,2012,5,Natural,70
GA,2012,6,Human,302
GA,2012,6,Natural,16
GA,2012,7,Human,212
GA,2012,7,Natural,244
GA,2012,8,Human,52
GA,2012,8,Natural,33
GA,2012,9,Human,99
GA,2012,9,Natural,1
GA,2012,10,Human,398
GA,2012,10,Natural,2
GA,2012,11,Human,597
GA,2012,11,Missing data/not specified/undetermined,1
GA,2012,11,Natural,6
GA,2012,12,Human,216
GA,2013,1,Human,559
GA,2013,2,Human,360
GA,2013,2,Natural,3
GA,2013,3,Human,770
GA,2013,3,Natural,6
GA,2013,4,Human,304
GA,2013,4,Natural,5
GA,2013,5,Human,187
GA,2013,5,Natural,13
GA,2013,6,Human,96
GA,2013,6,Natural,11
GA,2013,7,Human,17
GA,2013,7,Natural,6
GA,2013,8,Human,26
GA,2013,8,Natural,9
GA,2013,9,Human,105
GA,2013,9,Natural,8
GA,2013,10,Human,268
GA,2013,10,Natural,1
GA,2013,11,Human,355
GA,2013,12,Human,143
GA,2014,1,Human,517
GA,2014,1,Missing data/not specified/undetermined,1
GA,2014,1,Natural,1
GA,2014,2,Human,456
GA,2014,2,Natural,1
GA,2014,3,Human,799
GA,2014,3,Natural,2
GA,2014,4,Human,431
GA,2014,4,Missing data/not specified/undetermined,1
GA,2014,5,Human,156
GA,2014,5,Natural,11
GA,2014,6,Human,98
GA,2014,6,Natural,33
GA,2014,7,Human,189
GA,2014,7,Natural,45
GA,2014,8,Human,286
GA,2014,8,Natural,47
GA,2014,9,Human,50
GA,2014,9,Natural,16
GA,2014,10,Human,271
GA,2014,10,Natural,1
GA,2014,11,Human,415
GA,2014,11,Natural,3
GA,2014,12,Human,233
GA,2015,1,Human,225
GA,2015,1,Natural,1
GA,2015,2,Human,430
GA,2015,2,Natural,2
GA,2015,3,Human,403
GA,2015,4,Human,141
GA,2015,4,Natural,9
GA,2015,5,Human,245
GA,2015,5,Natural,28
GA,2015,6,Human,130
GA,2015,6,Natural,83
GA,2015,7,Human,115
GA,2015,7,Natural,58
GA,2015,8,Human,97
GA,2015,8,Natural,24
GA,2015,9,Human,63
GA,2015,9,Natural,4
GA,2015,10,Human,152
GA,2015,11,Human,64
GA,2015,12,Human,81
GA,2016,1,Human,59
GA,2016,2,Human,348
GA,2016,2,Natural,4
GA,2016,3,Human,576
GA,2016,3,Natural,7
GA,2016,4,Human,222
GA,2016,4,Natural,1
GA,2016,5,Human,270
GA,2016,5,Natural,15
GA,2016,6,Human,216
GA,2016,6,Natural,52
GA,2016,7,Human,303
GA,2016,7,Natural,124
GA,2016,8,Human,192
GA,2016,8,Natural,58
GA,2016,9,Human,340
GA,2016,9,Natural,17
GA,2016,10,Human,977
GA,2016,10,Natural,6
GA,2016,11,Human,1128
GA,2016,11,Missing data/not specified/undetermined,2
GA,2016,11,Natural,5
GA,2016,12,Human,173
GA,2016,12,Natural,1
GA,2017,1,Human,342
GA,2017,2,Human,656
GA,2017,2,Natural,1
GA,2017,3,Human,959
GA,2017,3,Natural,15
GA,2017,4,Human,524
GA,2017,4,Natural,28
GA,2017,5,Human,249
GA,2017,5,Natural,33
GA,2017,6,Human,39
GA,2017,6,Natural,8
GA,2017,7,Human,34
GA,2017,7,Natural,32
GA,2017,8,Human,99
GA,2017,8,Natural,17
GA,2017,9,Human,125
GA,2017,9,Natural,7
GA,2017,10,Human,192
GA,2017,10,Natural,2
GA,2017,11,Human,176
GA,2017,12,Human,120
GA,2017,12,Natural,2
GA,2018,1,Human,636
GA,2018,2,Human,328
GA,2018,2,Natural,1
GA,2018,3,Human,570
GA,2018,3,Natural,4
GA,2018,4,Human,307
GA,2018,4,Natural,2
GA,2018,5,Human,214
GA,2018,5,Natural,2
GA,2018,6,Human,49
GA,2018,6,Natural,21
GA,2018,7,Human,30
GA,2018,7,Natural,13
GA,2018,8,Human,41
GA,2018,8,Natural,12
GA,2018,9,Human,124
GA,2018,9,Natural,16
GA,2018,10,Human,123
GA,2018,10,Natural,2
GA,2018,11,Human,36
GA,2018,12,Human,43
GA,2019,1,Human,115
GA,2019,1,Natural,1
GA,2019,2,Human,190
GA,2019,3,Human,449
GA,2019,3,Natural,2
GA,2019,4,Human,206
GA,2019,4,Natural,3
GA,2019,5,Human,317
GA,2019,5,Natural,18
GA,2019,6,Human,218
GA,2019,6,Natural,41
GA,2019,7,Human,171
GA,2019,7,Missing data/not specified/undetermined,1
GA,2019,7,Natural,84
GA,2019,8,Human,122
GA,2019,8,Natural,35
GA,2019,9,Human,597
GA,2019,9,Natural,37
GA,2019,10,Human,367
GA,2019,10,Natural,6
GA,2019,11,Human,90
GA,2019,12,Human,100
GA,2019,12,Natural,1
GA,2020,1,Human,123
GA,2020,2,Human,81
GA,2020,3,Human,221
GA,2020,3,Natural,1
GA,2020,4,Human,199
GA,2020,4,Missing data/not specified/undetermined,1
GA,2020,4,Natural,7
GA,2020,5,Human,216
GA,2020,5,Natural,10
GA,2020,6,Human,88
GA,2020,6,Natural,8
GA,2020,7,Human,158
GA,2020,7,Natural,35
GA,2020,8,Human,67
GA,2020,8,Natural,22
GA,2020,9,Human,69
GA,2020,9,Natural,5
GA,2020,10,Human,98
GA,2020,10,Natural,1
GA,2020,11,Human,165
GA,2020,11,Missing data/not specified/undetermined,2
GA,2020,11,Natural,1
GA,2020,12,Human,116
HI,1992,1,Human,6
HI,1992,2,Human,14
HI,1992,2,Missing data/not specified/undetermined,2
HI,1992,3,Human,4
HI,1992,3,Missing data/not specified/undetermined,5
HI,1992,4,Human,4
HI,1992,4,Missing data/not specified/undetermined,4
HI,1992,5,Human,1
HI,1992,5,Missing data/not specified/undetermined,2
HI,1992,6,Missing data/not specified/undetermined,4
HI,1992,7,Human,1
HI,1992,7,Missing data/not specified/undetermined,11
HI,1992,8,Human,2
HI,1992,8,Missing data/not specified/undetermined,6
HI,1992,9,Missing data/not specified/undetermined,5
HI,1992,10,Human,3
HI,1992,11,Missing data/not specified/undetermined,2
HI,1992,12,Human,1
HI,1993,1,Human,2
HI,1993,4,Missing data/not specified/undetermined,1
HI,1993,5,Human,3
HI,1993,6,Human,1
HI,1993,6,Missing data/not specified/undetermined,1
HI,1993,7,Missing data/not specified/undetermined,1
HI,1993,8,Human,1
HI,1993,10,Human,2
HI,1993,12,Human,2
HI,1994,1,Human,1
HI,1994,3,Human,1
HI,1994,6,Human,1
HI,1994,7,Human,2
HI,1994,8,Human,1
HI,1994,10,Natural,1
HI,1994,11,Human,2
HI,1995,1,Natural,1
HI,1995,3,Human,3
HI,1995,5,Missing data/not specified/undetermined,1
HI,1995,6,Natural,1
HI,1995,8,Natural,1
HI,1995,9,Human,1
HI,1995,10,Human,1
HI,1995,11,Natural,1
HI,1996,1,Natural,1
HI,1996,2,Natural,1
HI,1996,6,Human,1
HI,1996,6,Natural,1
HI,1996,8,Missing data/not specified/undetermined,1
HI,1996,9,Human,1
HI,1996,10,Missing data/not specified/undetermined,1
HI,1996,12,Human,1
HI,1997,1,Human,2
HI,1997,1,Natural,1
HI,1997,4,Human,3
HI,1997,4,Natural,1
HI,1997,5,Human,5
HI,1998,2,Missing data/not specified/undetermined,4
HI,1998,3,Missing data/not specified/undetermined,5
HI,1998,4,Missing data/not specified/undetermined,1
HI,1998,5,Missing data/not specified/undetermined,3
HI,1998,6,Human,1
HI,1998,6,Missing data/not specified/undetermined,1
HI,1998,7,Human,1
HI,1998,7,Missing data/not specified/undetermined,1
HI,1998,7,Natural,1
HI,1998,8,Human,1
HI,1998,8,Missing data/not specified/undetermined,4
HI,1998,9,Human,1
HI,1998,10,Missing data/not specified/undetermined,1
HI,1998,12,Missing data/not specified/undetermined,1
HI,1999,2,Human,1
HI,1999,4,Missing data/not specified/undetermined,1
HI,1999,5,Missing data/not specified/undetermined,1
HI,1999,6,Human,1
HI,1999,6,Missing data/not specified/undetermined,1
HI,1999,7,Human,1
HI,1999,8,Human,1
HI,1999,8,Missing data/not specified/undetermined,1
HI,1999,10,Missing data/not specified/undetermined,1
HI,2000,1,Human,1
HI,2000,2,Human,1
HI,2000,3,Human,1
HI,2000,3,Missing data/not specified/undetermined,6
HI,2000,6,Human,1
HI,2000,7,Missing data/not specified/undetermined,2
HI,2000,8,Missing data/not specified/undetermined,1
HI,2001,1,Missing data/not specified/undetermined,24
HI,2001,2,Missing data/not specified/undetermined,35
HI,2001,3,Missing data/not specified/undetermined,38
HI,2001,4,Missing data/not specified/undetermined,42
HI,2001,5,Missing data/not specified/undetermined,37
HI,2001,6,Human,1
HI,2001,6,Missing data/not specified/undetermined,52
HI,2001,7,Human,1
HI,2001,7,Missing data/not specified/undetermined,86
HI,2001,8,Missing data/not specified/undetermined,55
HI,2001,9,Human,1
HI,2001,9,Missing data/not specified/undetermined,53
HI,2001,10,Human,1
HI,2001,10,Missing data/not specified/undetermined,57
HI,2001,11,Missing data/not specified/undetermined,48
HI,2001,12,Missing data/not specified/undetermined,35
HI,2002,1,Human,1
HI,2002,1,Missing data/not specified/undetermined,43
HI,2002,2,Missing data/not specified/undetermined,19
HI,2002,3,Missing data/not specified/undetermined,25
HI,2002,4,Missing data/not specified/undetermined,27
HI,2002,5,Missing data/not specified/undetermined,24
HI,2002,5,Natural,1
HI,2002,6,Missing data/not specified/undetermined,33
HI,2002,7,Missing data/not specified/undetermined,137
HI,2002,7,Natural,1
HI,2002,8,Human,1
HI,2002,8,Missing data/not specified/undetermined,67
HI,2002,8,Natural,1
HI,2002,9,Human,1
HI,2002,9,Missing data/not specified/undetermined,61
HI,2002,10,Missing data/not specified/undetermined,39
HI,2002,11,Human,1
HI,2002,11,Missing data/not specified/undetermined,16
HI,2002,11,Natural,2
HI,2002,12,Missing data/not specified/undetermined,73
HI,2002,12,Natural,3
HI,2003,1,Missing data/not specified/undetermined,95
HI,2003,1,Natural,1
HI,2003,2,Human,1
HI,2003,2,Missing data/not specified/undetermined,33
HI,2003,2,Natural,1
HI,2003,3,Missing data/not specified/undetermined,42
HI,2003,4,Missing data/not specified/undetermined,25
HI,2003,5,Missing data/not specified/undetermined,83
HI,2003,5,Natural,1
HI,2003,6,Missing data/not specified/undetermined,87
HI,2003,6,Natural,1
HI,2003,7,Human,1
HI,2003,7,Missing data/not specified/undetermined,216
HI,2003,7,Natural,3
HI,2003,8,Missing data/not specified/undetermined,126
HI,2003,9,Missing data/not specified/undetermined,104
HI,2003,10,Missing data/not specified/undetermined,55
HI,2003,11,Missing data/not specified/undetermined,59
HI,2003,12,Missing data/not specified/undetermined,7
HI,2004,1,Missing data/not specified/undetermined,19
HI,2004,2,Missing data/not specified/undetermined,22
HI,2004,3,Missing data/not specified/undetermined,24
HI,2004,4,Missing data/not specified/undetermined,35
HI,2004,5,Missing data/not specified/undetermined,37
HI,2004,6,Missing data/not specified/undetermined,59
HI,2004,7,Human,1
HI,2004,7,Missing data/not specified/undetermined,248
HI,2004,8,Missing data/not specified/undetermined,81
HI,2004,9,Missing data/not specified/undetermined,56
HI,2004,10,Missing data/not specified/undetermined,60
HI,2004,11,Missing data/not specified/undetermined,15
HI,2004,12,Missing data/not specified/undetermined,29
HI,2004,12,Natural,1
HI,2005,1,Human,1
HI,2005,1,Missing data/not specified/undetermined,29
HI,2005,2,Missing data/not specified/undetermined,31
HI,2005,3,Missing data/not specified/undetermined,71
HI,2005,4,Human,1
HI,2005,4,Missing data/not specified/undetermined,101
HI,2005,5,Human,1
HI,2005,5,Missing data/not specified/undetermined,136
HI,2005,6,Missing data/not specified/undetermined,127
HI,2005,7,Missing data/not specified/undetermined,272
HI,2005,8,Human,1
HI,2005,8,Missing data/not specified/undetermined,156
HI,2005,9,Missing data/not specified/undetermined,79
HI,2005,10,Missing data/not specified/undetermined,51
HI,2005,11,Missing data/not specified/undetermined,34
HI,2005,12,Missing data/not specified/undetermined,151
HI,2006,1,Missing data/not specified/undetermined,117
HI,2006,2,Missing data/not specified/undetermined,53
HI,2006,3,Missing data/not specified/undetermined,7
HI,2006,4,Missing data/not specified/undetermined,40
HI,2006,5,Missing data/not specified/undetermined,36
HI,2006,6,Missing data/not specified/undetermined,77
HI,2006,7,Missing data/not specified/undetermined,209
HI,2006,8,Missing data/not specified/undetermined,74
HI,2006,9,Missing data/not specified/undetermined,62
HI,2006,10,Missing data/not specified/undetermined,26
HI,2006,11,Missing data/not specified/undetermined,18
HI,2006,12,Missing data/not specified/undetermined,70
HI,2007,1,Missing data/not specified/undetermined,91
HI,2007,2,Missing data/not specified/undetermined,50
HI,2007,3,Missing data/not specified/undetermined,42
HI,2007,4,Missing data/not specified/undetermined,56
HI,2007,5,Missing data/not specified/undetermined,90
HI,2007,6,Missing data/not specified/undetermined,127
HI,2007,6,Natural,1
HI,2007,7,Human,5
HI,2007,7,Missing data/not specified/undetermined,223
HI,2007,8,Human,1
HI,2007,8,Missing data/not specified/undetermined,114
HI,2007,9,Missing data/not specified/undetermined,54
HI,2007,10,Human,1
HI,2007,10,Missing data/not specified/undetermined,63
HI,2007,11,Missing data/not specified/undetermined,23
HI,2007,12,Missing data/not specified/undetermined,22
HI,2007,12,Natural,1
HI,2008,1,Missing data/not specified/undetermined,51
HI,2008,2,Missing data/not specified/undetermined,25
HI,2008,3,Missing data/not specified/undetermined,72
HI,2008,4,Human,1
HI,2008,4,Missing data/not specified/undetermined,72
HI,2008,5,Missing data/not specified/undetermined,76
HI,2008,6,Missing data/not specified/undetermined,91
HI,2008,7,Missing data/not specified/undetermined,125
HI,2008,8,Missing data/not specified/undetermined,74
HI,2008,9,Missing data/not specified/undetermined,59
HI,2008,10,Missing data/not specified/undetermined,60
HI,2008,11,Missing data/not specified/undetermined,36
HI,2008,12,Human,2
HI,2008,12,Missing data/not specified/undetermined,25
HI,2009,1,Missing data/not specified/undetermined,40
HI,2009,2,Missing data/not specified/undetermined,39
HI,2009,3,Missing data/not specified/undetermined,37
HI,2009,4,Missing data/not specified/undetermined,56
HI,2009,5,Missing data/not specified/undetermined,66
HI,2009,5,Natural,1
HI,2009,6,Missing data/not specified/undetermined,88
HI,2009,7,Human,1
HI,2009,7,Missing data/not specified/undetermined,181
HI,2009,8,Missing data/not specified/undetermined,61
HI,2009,9,Missing data/not specified/undetermined,76
HI,2009,10,Missing data/not specified/undetermined,55
HI,2009,11,Missing data/not specified/undetermined,35
HI,2009,12,Missing data/not specified/undetermined,80
HI,2009,12,Natural,1
HI,2010,1,Missing data/not specified/undetermined,92
HI,2010,2,Missing data/not specified/undetermined,60
HI,2010,3,Human,1
HI,2010,3,Missing data/not specified/undetermined,53
HI,2010,4,Human,1
HI,2010,4,Missing data/not specified/undetermined,87
HI,2010,5,Human,1
HI,2010,5,Missing data/not specified/undetermined,61
HI,2010,6,Human,1
HI,2010,6,Missing data/not specified/undetermined,95
HI,2010,7,Human,2
HI,2010,7,Missing data/not specified/undetermined,169
HI,2010,8,Human,3
HI,2010,8,Missing data/not specified/undetermined,123
HI,2010,9,Missing data/not specified/undetermined,100
HI,2010,10,Missing data/not specified/undetermined,67
HI,2010,10,Natural,1
HI,2010,11,Missing data/not specified/undetermined,39
HI,2010,12,Missing data/not specified/undetermined,29
HI,2011,1,Missing data/not specified/undetermined,25
HI,2011,2,Missing data/not specified/undetermined,26
HI,2011,3,Missing data/not specified/undetermined,26
HI,2011,3,Natural,1
HI,2011,4,Missing data/not specified/undetermined,28
HI,2011,5,Missing data/not specified/undetermined,40
HI,2011,6,Missing data/not specified/undetermined,45
HI,2011,7,Human,2
HI,2011,7,Missing data/not specified/undetermined,76
HI,2011,8,Missing data/not specified/undetermined,95
HI,2011,8,Natural,1
HI,2011,9,Missing data/not specified/undetermined,81
HI,2011,10,Missing data/not specified/undetermined,76
HI,2011,11,Missing data/not specified/undetermined,44
HI,2011,12,Missing data/not specified/undetermined,36
HI,2012,1,Missing data/not specified/undetermined,76
HI,2012,2,Human,1
HI,2012,2,Missing data/not specified/undetermined,49
HI,2012,3,Missing data/not specified/undetermined,34
HI,2012,4,Missing data/not specified/undetermined,41
HI,2012,5,Human,1
HI,2012,5,Missing data/not specified/undetermined,70
HI,2012,6,Human,1
HI,2012,6,Missing data/not specified/undetermined,108
HI,2012,7,Missing data/not specified/undetermined,66
HI,2012,7,Natural,1
HI,2012,8,Missing data/not specified/undetermined,69
HI,2012,9,Missing data/not specified/undetermined,57
HI,2012,10,Human,1
HI,2012,10,Missing data/not specified/undetermined,48
HI,2012,11,Human,2
HI,2012,11,Missing data/not specified/undetermined,48
HI,2012,12,Missing data/not specified/undetermined,42
HI,2013,1,Missing data/not specified/undetermined,22
HI,2013,2,Missing data/not specified/undetermined,19
HI,2013,3,Human,1
HI,2013,3,Missing data/not specified/undetermined,11
HI,2013,7,Natural,1
HI,2013,10,Human,2
HI,2013,11,Human,1
HI,2013,11,Natural,1
HI,2013,12,Human,2
HI,2014,1,Natural,1
HI,2014,11,Human,1
HI,2015,1,Human,1
HI,2015,2,Human,1
HI,2015,8,Human,1
HI,2015,8,Missing data/not specified/undetermined,1
HI,2016,2,Human,4
HI,2016,3,Natural,1
HI,2016,4,Human,2
HI,2016,5,Human,1
HI,2016,7,Human,3
HI,2016,8,Human,1
HI,2016,9,Human,2
HI,2016,11,Human,1
HI,2016,12,Human,1
HI,2017,1,Human,3
HI,2017,2,Human,2
HI,2017,5,Human,3
HI,2017,6,Human,3
HI,2017,7,Human,3
HI,2017,7,Natural,1
HI,2017,8,Human,2
HI,2017,9,Human,2
HI,2017,10,Human,1
HI,2017,11,Natural,1
HI,2017,12,Human,1
HI,2018,1,Human,2
HI,2018,1,Natural,1
HI,2018,2,Natural,1
HI,2018,4,Natural,1
HI,2018,8,Human,7
HI,2018,9,Human,1
HI,2018,12,Human,1
HI,2019,1,Human,1
HI,2019,2,Human,1
HI,2019,3,Human,2
HI,2019,5,Human,2
HI,2019,6,Human,1
HI,2019,7,Human,2
HI,2019,9,Human,1
HI,2019,10,Human,1
HI,2019,10,Missing data/not specified/undetermined,1
HI,2019,11,Human,1
HI,2020,1,Human,1
HI,2020,7,Human,2
HI,2020,8,Human,2
HI,2020,9,Human,2
HI,2020,10,Human,1
IA,1992,3,Human,4
IA,1992,4,Human,1
IA,1993,3,Missing data/not specified/undetermined,2
IA,1993,4,Missing data/not specified/undetermined,1
IA,1993,12,Human,3
IA,1994,3,Human,1
IA,1994,4,Human,4
IA,1995,3,Human,1
IA,1995,4,Human,4
IA,1995,11,Human,1
IA,1996,3,Human,6
IA,1996,4,Human,20
IA,1996,5,Human,1
IA,1996,6,Human,1
IA,1997,3,Human,2
IA,1997,4,Human,8
IA,1998,11,Human,2
IA,1998,12,Human,1
IA,1999,3,Human,6
IA,1999,3,Missing data/not specified/undetermined,1
IA,1999,4,Human,2
IA,1999,4,Missing data/not specified/undetermined,1
IA,1999,9,Human,1
IA,1999,10,Human,1
IA,1999,11,Human,8
IA,2000,1,Human,1
IA,2000,2,Human,2
IA,2000,3,Human,3
IA,2000,3,Missing data/not specified/undetermined,8
IA,2000,4,Human,1
IA,2000,4,Missing data/not specified/undetermined,2
IA,2000,5,Human,1
IA,2000,6,Human,1
IA,2001,4,Human,1
IA,2001,5,Human,1
IA,2001,7,Human,1
IA,2001,10,Human,1
IA,2001,11,Human,5
IA,2001,12,Human,1
IA,2002,1,Human,5
IA,2002,1,Missing data/not specified/undetermined,4
IA,2002,2,Missing data/not specified/undetermined,1
IA,2002,3,Human,10
IA,2002,4,Human,3
IA,2002,6,Human,3
IA,2002,7,Human,1
IA,2002,7,Missing data/not specified/undetermined,4
IA,2002,8,Human,1
IA,2002,8,Missing data/not specified/undetermined,2
IA,2002,9,Human,3
IA,2002,10,Human,3
IA,2002,10,Missing data/not specified/undetermined,1
IA,2002,11,Human,3
IA,2002,11,Missing data/not specified/undetermined,1
IA,2002,12,Human,3
IA,2002,12,Missing data/not specified/undetermined,3
IA,2003,1,Human,7
IA,2003,1,Missing data/not specified/undetermined,2
IA,2003,2,Human,2
IA,2003,3,Human,6
IA,2003,3,Missing data/not specified/undetermined,5
IA,2003,4,Human,13
IA,2003,4,Missing data/not specified/undetermined,9
IA,2003,6,Missing data/not specified/undetermined,1
IA,2003,8,Human,1
IA,2003,10,Human,2
IA,2003,11,Human,2
IA,2004,2,Missing data/not specified/undetermined,1
IA,2004,3,Human,9
IA,2004,3,Missing data/not specified/undetermined,1
IA,2004,4,Human,18
IA,2004,4,Missing data/not specified/undetermined,2
IA,2004,5,Human,3
IA,2004,5,Missing data/not specified/undetermined,1
IA,2004,5,Natural,1
IA,2004,7,Human,1
IA,2004,8,Human,1
IA,2004,9,Human,2
IA,2004,10,Human,1
IA,2004,12,Human,9
IA,2005,3,Human,14
IA,2005,4,Human,4
IA,2005,4,Missing data/not specified/undetermined,4
IA,2005,8,Human,1
IA,2005,9,Missing data/not specified/undetermined,1
IA,2005,10,Human,4
IA,2005,10,Missing data/not specified/undetermined,1
IA,2005,11,Human,1
IA,2005,11,Missing data/not specified/undetermined,4
IA,2006,1,Human,1
IA,2006,1,Missing data/not specified/undetermined,45
IA,2006,2,Human,2
IA,2006,2,Missing data/not specified/undetermined,96
IA,2006,3,Human,2
IA,2006,3,Missing data/not specified/undetermined,93
IA,2006,4,Human,4
IA,2006,4,Missing data/not specified/undetermined,79
IA,2006,5,Missing data/not specified/undetermined,18
IA,2006,6,Missing data/not specified/undetermined,19
IA,2006,7,Missing data/not specified/undetermined,22
IA,2006,8,Missing data/not specified/undetermined,3
IA,2006,9,Human,1
IA,2006,9,Missing data/not specified/undetermined,5
IA,2006,10,Missing data/not specified/undetermined,24
IA,2006,11,Human,1
IA,2006,11,Missing data/not specified/undetermined,14
IA,2006,12,Missing data/not specified/undetermined,13
IA,2007,1,Human,1
IA,2007,1,Missing data/not specified/undetermined,3
IA,2007,2,Missing data/not specified/undetermined,1
IA,2007,3,Human,1
IA,2007,3,Missing data/not specified/undetermined,26
IA,2007,4,Human,3
IA,2007,4,Missing data/not specified/undetermined,44
IA,2007,5,Human,1
IA,2007,5,Missing data/not specified/undetermined,11
IA,2007,6,Missing data/not specified/undetermined,15
IA,2007,7,Missing data/not specified/undetermined,18
IA,2007,8,Missing data/not specified/undetermined,4
IA,2007,9,Missing data/not specified/undetermined,9
IA,2007,10,Missing data/not specified/undetermined,6
IA,2008,3,Missing data/not specified/undetermined,32
IA,2008,4,Human,6
IA,2008,4,Missing data/not specified/undetermined,42
IA,2008,5,Missing data/not specified/undetermined,19
IA,2008,6,Human,1
IA,2008,6,Missing data/not specified/undetermined,5
IA,2008,7,Missing data/not specified/undetermined,11
IA,2008,8,Missing data/not specified/undetermined,6
IA,2008,9,Missing data/not specified/undetermined,1
IA,2008,10,Missing data/not specified/undetermined,7
IA,2008,11,Human,1
IA,2008,11,Missing data/not specified/undetermined,19
IA,2008,12,Missing data/not specified/undetermined,1
IA,2009,1,Missing data/not specified/undetermined,5
IA,2009,2,Human,1
IA,2009,2,Missing data/not specified/undetermined,22
IA,2009,3,Human,8
IA,2009,3,Missing data/not specified/undetermined,281
IA,2009,4,Human,16
IA,2009,4,Missing data/not specified/undetermined,288
IA,2009,5,Human,1
IA,2009,5,Missing data/not specified/undetermined,27
IA,2009,6,Missing data/not specified/undetermined,3
IA,2009,7,Missing data/not specified/undetermined,7
IA,2009,8,Missing data/not specified/undetermined,2
IA,2009,9,Missing data/not specified/undetermined,7
IA,2009,10,Missing data/not specified/undetermined,3
IA,2009,11,Human,2
IA,2009,11,Missing data/not specified/undetermined,27
IA,2009,12,Missing data/not specified/undetermined,2
IA,2010,3,Missing data/not specified/undetermined,54
IA,2010,4,Human,3
IA,2010,4,Missing data/not specified/undetermined,58
IA,2010,5,Missing data/not specified/undetermined,9
IA,2010,6,Missing data/not specified/undetermined,3
IA,2010,7,Missing data/not specified/undetermined,1
IA,2010,8,Missing data/not specified/undetermined,1
IA,2010,9,Human,1
IA,2010,9,Missing data/not specified/undetermined,3
IA,2010,10,Missing data/not specified/undetermined,29
IA,2010,11,Human,1
IA,2010,11,Missing data/not specified/undetermined,29
IA,2010,12,Missing data/not specified/undetermined,7
IA,2011,1,Missing data/not specified/undetermined,2
IA,2011,2,Missing data/not specified/undetermined,1
IA,2011,3,Human,3
IA,2011,3,Missing data/not specified/undetermined,107
IA,2011,4,Human,4
IA,2011,4,Missing data/not specified/undetermined,151
IA,2011,5,Missing data/not specified/undetermined,20
IA,2011,6,Missing data/not specified/undetermined,9
IA,2011,7,Missing data/not specified/undetermined,9
IA,2011,8,Human,1
IA,2011,8,Missing data/not specified/undetermined,1
IA,2011,9,Missing data/not specified/undetermined,29
IA,2011,10,Missing data/not specified/undetermined,69
IA,2011,11,Human,2
IA,2011,11,Missing data/not specified/undetermined,16
IA,2011,12,Human,2
IA,2011,12,Missing data/not specified/undetermined,13
IA,2012,1,Human,43
IA,2012,1,Missing data/not specified/undetermined,1
IA,2012,2,Human,15
IA,2012,3,Human,91
IA,2012,3,Missing data/not specified/undetermined,6
IA,2012,3,Natural,1
IA,2012,4,Human,11
IA,2012,4,Missing data/not specified/undetermined,1
IA,2012,5,Human,17
IA,2012,6,Human,35
IA,2012,6,Natural,1
IA,2012,7,Human,51
IA,2012,7,Missing data/not specified/undetermined,1
IA,2012,7,Natural,1
IA,2012,8,Human,37
IA,2012,8,Missing data/not specified/undetermined,1
IA,2012,9,Human,53
IA,2012,9,Missing data/not specified/undetermined,1
IA,2012,9,Natural,3
IA,2012,10,Human,50
IA,2012,11,Human,30
IA,2012,12,Human,7
IA,2013,1,Human,18
IA,2013,2,Human,10
IA,2013,3,Human,22
IA,2013,4,Human,95
IA,2013,4,Missing data/not specified/undetermined,2
IA,2013,5,Human,19
IA,2013,6,Human,4
IA,2013,6,Natural,1
IA,2013,7,Human,13
IA,2013,8,Human,20
IA,2013,9,Human,13
IA,2013,9,Natural,2
IA,2013,10,Human,15
IA,2013,11,Human,9
IA,2014,1,Human,20
IA,2014,1,Natural,1
IA,2014,2,Human,2
IA,2014,3,Human,134
IA,2014,3,Natural,2
IA,2014,4,Human,303
IA,2014,5,Human,44
IA,2014,6,Human,2
IA,2014,7,Human,3
IA,2014,8,Human,3
IA,2014,9,Human,1
IA,2014,10,Human,9
IA,2014,11,Human,16
IA,2014,12,Human,3
IA,2015,1,Human,8
IA,2015,3,Human,241
IA,2015,3,Missing data/not specified/undetermined,3
IA,2015,3,Natural,1
IA,2015,4,Human,197
IA,2015,5,Human,9
IA,2015,5,Missing data/not specified/undetermined,1
IA,2015,5,Natural,1
IA,2015,6,Human,3
IA,2015,7,Human,4
IA,2015,8,Human,1
IA,2015,9,Natural,1
IA,2015,10,Human,40
IA,2015,11,Human,7
IA,2016,2,Human,9
IA,2016,2,Missing data/not specified/undetermined,1
IA,2016,3,Human,52
IA,2016,4,Human,47
IA,2016,4,Missing data/not specified/undetermined,2
IA,2016,4,Natural,1
IA,2016,5,Human,9
IA,2016,6,Human,15
IA,2016,7,Human,3
IA,2016,8,Human,2
IA,2016,8,Natural,1
IA,2016,9,Human,2
IA,2016,10,Human,8
IA,2016,11,Human,11
IA,2016,12,Human,4
IA,2017,1,Human,14
IA,2017,2,Human,118
IA,2017,3,Human,120
IA,2017,3,Missing data/not specified/undetermined,4
IA,2017,3,Natural,1
IA,2017,4,Human,35
IA,2017,5,Human,16
IA,2017,5,Natural,1
IA,2017,6,Human,24
IA,2017,6,Natural,2
IA,2017,7,Human,29
IA,2017,8,Human,5
IA,2017,9,Human,9
IA,2017,10,Human,7
IA,2017,11,Human,9
IA,2017,11,Missing data/not specified/undetermined,2
IA,2017,12,Human,5
IA,2017,12,Missing data/not specified/undetermined,1
IA,2018,1,Human,9
IA,2018,2,Human,6
IA,2018,3,Human,91
IA,2018,4,Human,230
IA,2018,4,Missing data/not specified/undetermined,1
IA,2018,4,Natural,3
IA,2018,5,Human,26
IA,2018,5,Missing data/not specified/undetermined,1
IA,2018,6,Human,10
IA,2018,7,Human,3
IA,2018,8,Human,2
IA,2018,9,Human,2
IA,2018,10,Human,3
IA,2018,11,Human,4
IA,2018,12,Human,1
IA,2019,1,Human,3
IA,2019,2,Human,1
IA,2019,3,Human,17
IA,2019,4,Human,103
IA,2019,4,Missing data/not specified/undetermined,1
IA,2019,5,Human,4
IA,2019,5,Missing data/not specified/undetermined,2
IA,2019,6,Human,4
IA,2019,7,Human,11
IA,2019,8,Human,7
IA,2019,8,Missing data/not specified/undetermined,1
IA,2019,9,Human,2
IA,2019,10,Human,1
IA,2019,11,Human,6
IA,2019,12,Human,3
IA,2020,1,Human,6
IA,2020,2,Human,15
IA,2020,3,Human,117
IA,2020,4,Human,105
IA,2020,5,Human,20
IA,2020,6,Human,10
IA,2020,7,Human,10
IA,2020,8,Human,12
IA,2020,9,Human,26
IA,2020,9,Missing data/not specified/undetermined,1
IA,2020,9,Natural,1
IA,2020,10,Human,49
IA,2020,11,Human,32
IA,2020,12,Human,7
IA,2020,12,Missing data/not specified/undetermined,1
ID,1992,1,Human,1
ID,1992,2,Human,2
ID,1992,3,Human,16
ID,1992,4,Human,21
ID,1992,4,Natural,1
ID,1992,5,Human,72
ID,1992,5,Natural,16
ID,1992,6,Human,102
ID,1992,6,Natural,421
ID,1992,7,Human,110
ID,1992,7,Natural,287
ID,1992,8,Human,144
ID,1992,8,Natural,759
ID,1992,9,Human,75
ID,1992,9,Natural,67
ID,1992,10,Human,65
ID,1992,10,Natural,32
ID,1992,11,Human,4
ID,1993,3,Human,2
ID,1993,4,Human,5
ID,1993,4,Natural,1
ID,1993,5,Human,16
ID,1993,5,Natural,38
ID,1993,6,Human,20
ID,1993,6,Natural,58
ID,1993,7,Human,45
ID,1993,7,Natural,38
ID,1993,8,Human,42
ID,1993,8,Natural,263
ID,1993,9,Human,91
ID,1993,9,Natural,10
ID,1993,10,Human,49
ID,1993,10,Natural,7
ID,1993,11,Human,11
ID,1993,11,Missing data/not specified/undetermined,1
ID,1993,11,Natural,1
ID,1994,2,Human,2
ID,1994,2,Natural,1
ID,1994,3,Human,49
ID,1994,3,Missing data/not specified/undetermined,1
ID,1994,3,Natural,1
ID,1994,4,Human,30
ID,1994,4,Natural,3
ID,1994,5,Human,42
ID,1994,5,Natural,19
ID,1994,6,Human,96
ID,1994,6,Natural,51
ID,1994,7,Human,189
ID,1994,7,Natural,1072
ID,1994,8,Human,161
ID,1994,8,Missing data/not specified/undetermined,4
ID,1994,8,Natural,1237
ID,1994,9,Human,85
ID,1994,9,Natural,181
ID,1994,10,Human,74
ID,1994,10,Natural,37
ID,1994,11,Human,1
ID,1995,1,Human,1
ID,1995,2,Human,2
ID,1995,3,Human,6
ID,1995,4,Human,14
ID,1995,5,Human,22
ID,1995,5,Natural,6
ID,1995,6,Human,32
ID,1995,6,Natural,20
ID,1995,7,Human,91
ID,1995,7,Natural,436
ID,1995,8,Human,106
ID,1995,8,Missing data/not specified/undetermined,1
ID,1995,8,Natural,197
ID,1995,9,Human,94
ID,1995,9,Missing data/not specified/undetermined,1
ID,1995,9,Natural,342
ID,1995,10,Human,51
ID,1995,10,Natural,3
ID,1995,11,Human,7
ID,1996,2,Human,1
ID,1996,3,Human,5
ID,1996,4,Human,9
ID,1996,4,Natural,2
ID,1996,5,Human,14
ID,1996,6,Human,70
ID,1996,6,Natural,40
ID,1996,7,Human,162
ID,1996,7,Missing data/not specified/undetermined,1
ID,1996,7,Natural,204
ID,1996,8,Human,210
ID,1996,8,Natural,750
ID,1996,9,Human,92
ID,1996,9,Missing data/not specified/undetermined,1
ID,1996,9,Natural,316
ID,1996,10,Human,73
ID,1996,10,Natural,17
ID,1996,11,Human,5
ID,1996,11,Natural,1
ID,1996,12,Human,1
ID,1997,3,Human,9
ID,1997,4,Human,8
ID,1997,5,Human,25
ID,1997,5,Natural,1
ID,1997,6,Human,31
ID,1997,6,Natural,77
ID,1997,7,Human,106
ID,1997,7,Natural,147
ID,1997,8,Human,97
ID,1997,8,Natural,436
ID,1997,9,Human,30
ID,1997,9,Natural,126
ID,1997,10,Human,29
ID,1997,10,Natural,3
ID,1997,11,Human,4
ID,1997,12,Human,1
ID,1998,3,Human,1
ID,1998,4,Human,10
ID,1998,5,Human,10
ID,1998,5,Natural,11
ID,1998,6,Human,19
ID,1998,6,Natural,22
ID,1998,7,Human,109
ID,1998,7,Natural,326
ID,1998,8,Human,134
ID,1998,8,Natural,793
ID,1998,9,Human,64
ID,1998,9,Natural,200
ID,1998,10,Human,49
ID,1998,10,Natural,8
ID,1998,11,Human,1
ID,1998,12,Human,1
ID,1999,1,Human,2
ID,1999,2,Human,1
ID,1999,3,Human,10
ID,1999,4,Human,30
ID,1999,5,Human,48
ID,1999,5,Natural,3
ID,1999,6,Human,52
ID,1999,6,Natural,65
ID,1999,7,Human,170
ID,1999,7,Missing data/not specified/undetermined,1
ID,1999,7,Natural,134
ID,1999,8,Human,121
ID,1999,8,Missing data/not specified/undetermined,1
ID,1999,8,Natural,913
ID,1999,9,Human,130
ID,1999,9,Natural,55
ID,1999,10,Human,150
ID,1999,10,Natural,2
ID,1999,11,Human,27
ID,2000,1,Human,1
ID,2000,2,Human,1
ID,2000,3,Human,7
ID,2000,4,Human,21
ID,2000,4,Natural,1
ID,2000,5,Human,17
ID,2000,5,Natural,7
ID,2000,6,Human,100
ID,2000,6,Natural,29
ID,2000,7,Human,175
ID,2000,7,Missing data/not specified/undetermined,2
ID,2000,7,Natural,306
ID,2000,8,Human,127
ID,2000,8,Natural,759
ID,2000,9,Human,67
ID,2000,9,Natural,90
ID,2000,10,Human,31
ID,2000,10,Natural,3
ID,2000,11,Human,5
ID,2001,1,Human,1
ID,2001,3,Human,13
ID,2001,4,Human,14
ID,2001,4,Natural,3
ID,2001,5,Human,54
ID,2001,5,Natural,10
ID,2001,6,Human,97
ID,2001,6,Natural,22
ID,2001,7,Human,164
ID,2001,7,Missing data/not specified/undetermined,2
ID,2001,7,Natural,277
ID,2001,8,Human,181
ID,2001,8,Natural,341
ID,2001,9,Human,105
ID,2001,9,Natural,328
ID,2001,10,Human,62
ID,2001,10,Natural,4
ID,2001,11,Human,5
ID,2002,1,Human,1
ID,2002,2,Human,1
ID,2002,3,Human,4
ID,2002,4,Human,19
ID,2002,5,Human,30
ID,2002,5,Natural,4
ID,2002,6,Human,44
ID,2002,6,Natural,89
ID,2002,7,Human,104
ID,2002,7,Natural,457
ID,2002,8,Human,112
ID,2002,8,Missing data/not specified/undetermined,1
ID,2002,8,Natural,416
ID,2002,9,Human,80
ID,2002,9,Natural,52
ID,2002,10,Human,78
ID,2002,10,Natural,7
ID,2002,11,Human,10
ID,2002,11,Missing data/not specified/undetermined,1
ID,2002,12,Human,1
ID,2003,1,Human,3
ID,2003,3,Human,6
ID,2003,4,Human,17
ID,2003,4,Natural,2
ID,2003,5,Human,19
ID,2003,5,Natural,14
ID,2003,6,Human,80
ID,2003,6,Natural,109
ID,2003,7,Human,192
ID,2003,7,Natural,173
ID,2003,8,Human,124
ID,2003,8,Natural,659
ID,2003,9,Human,72
ID,2003,9,Missing data/not specified/undetermined,1
ID,2003,9,Natural,54
ID,2003,10,Human,89
ID,2003,10,Natural,31
ID,2003,11,Human,9
ID,2003,12,Human,2
ID,2004,1,Human,2
ID,2004,2,Human,1
ID,2004,3,Human,9
ID,2004,4,Human,14
ID,2004,5,Human,19
ID,2004,5,Natural,11
ID,2004,6,Human,31
ID,2004,6,Natural,126
ID,2004,7,Human,86
ID,2004,7,Natural,207
ID,2004,8,Human,87
ID,2004,8,Natural,442
ID,2004,9,Human,40
ID,2004,9,Natural,40
ID,2004,10,Human,22
ID,2004,10,Natural,1
ID,2005,1,Human,3
ID,2005,2,Human,1
ID,2005,3,Human,17
ID,2005,4,Human,12
ID,2005,4,Natural,5
ID,2005,5,Human,15
ID,2005,5,Natural,8
ID,2005,6,Human,28
ID,2005,6,Natural,56
ID,2005,7,Human,151
ID,2005,7,Natural,112
ID,2005,8,Human,149
ID,2005,8,Missing data/not specified/undetermined,1
ID,2005,8,Natural,468
ID,2005,9,Human,107
ID,2005,9,Natural,45
ID,2005,10,Human,47
ID,2005,10,Natural,3
ID,2005,11,Human,3
ID,2006,1,Human,1
ID,2006,2,Human,2
ID,2006,3,Human,2
ID,2006,4,Human,13
ID,2006,5,Human,33
ID,2006,5,Missing data/not specified/undetermined,1
ID,2006,5,Natural,20
ID,2006,6,Human,74
ID,2006,6,Missing data/not specified/undetermined,1
ID,2006,6,Natural,35
ID,2006,7,Human,158
ID,2006,7,Missing data/not specified/undetermined,1
ID,2006,7,Natural,261
ID,2006,8,Human,126
ID,2006,8,Natural,800
ID,2006,9,Human,79
ID,2006,9,Natural,168
ID,2006,10,Human,50
ID,2006,10,Natural,59
ID,2006,11,Human,3
ID,2006,12,Human,1
ID,2007,1,Human,1
ID,2007,2,Human,2
ID,2007,3,Human,10
ID,2007,4,Human,18
ID,2007,5,Human,39
ID,2007,5,Missing data/not specified/undetermined,1
ID,2007,5,Natural,6
ID,2007,6,Human,103
ID,2007,6,Natural,36
ID,2007,7,Human,219
ID,2007,7,Natural,471
ID,2007,8,Human,208
ID,2007,8,Natural,210
ID,2007,9,Human,94
ID,2007,9,Natural,123
ID,2007,10,Human,33
ID,2007,11,Human,15
ID,2008,2,Human,1
ID,2008,3,Human,3
ID,2008,4,Human,15
ID,2008,5,Human,22
ID,2008,5,Natural,7
ID,2008,6,Human,40
ID,2008,6,Natural,25
ID,2008,7,Human,166
ID,2008,7,Missing data/not specified/undetermined,2
ID,2008,7,Natural,106
ID,2008,8,Human,105
ID,2008,8,Natural,313
ID,2008,9,Human,89
ID,2008,9,Natural,28
ID,2008,10,Human,53
ID,2008,10,Natural,8
ID,2008,11,Human,2
ID,2008,12,Human,1
ID,2009,1,Human,1
ID,2009,3,Human,3
ID,2009,4,Human,17
ID,2009,4,Missing data/not specified/undetermined,1
ID,2009,5,Human,24
ID,2009,5,Natural,3
ID,2009,6,Human,51
ID,2009,6,Natural,50
ID,2009,7,Human,146
ID,2009,7,Natural,256
ID,2009,8,Human,89
ID,2009,8,Natural,363
ID,2009,9,Human,78
ID,2009,9,Natural,79
ID,2009,10,Human,32
ID,2009,10,Natural,2
ID,2009,11,Human,3
ID,2010,2,Human,4
ID,2010,3,Human,19
ID,2010,4,Human,12
ID,2010,5,Human,4
ID,2010,5,Natural,2
ID,2010,6,Human,73
ID,2010,6,Natural,28
ID,2010,7,Human,174
ID,2010,7,Natural,202
ID,2010,8,Human,131
ID,2010,8,Natural,322
ID,2010,9,Human,102
ID,2010,9,Natural,31
ID,2010,10,Human,30
ID,2010,10,Natural,8
ID,2010,11,Human,7
ID,2010,11,Natural,1
ID,2011,1,Human,1
ID,2011,2,Human,3
ID,2011,4,Human,3
ID,2011,5,Human,7
ID,2011,6,Human,119
ID,2011,6,Natural,9
ID,2011,7,Human,234
ID,2011,7,Natural,51
ID,2011,8,Human,151
ID,2011,8,Missing data/not specified/undetermined,1
ID,2011,8,Natural,463
ID,2011,9,Human,92
ID,2011,9,Natural,148
ID,2011,10,Human,18
ID,2011,10,Natural,12
ID,2011,11,Human,6
ID,2012,2,Human,4
ID,2012,3,Human,3
ID,2012,4,Human,10
ID,2012,4,Natural,5
ID,2012,5,Human,31
ID,2012,5,Missing data/not specified/undetermined,1
ID,2012,5,Natural,5
ID,2012,6,Human,97
ID,2012,6,Natural,9
ID,2012,7,Human,129
ID,2012,7,Natural,271
ID,2012,8,Human,131
ID,2012,8,Natural,251
ID,2012,9,Human,78
ID,2012,9,Natural,92
ID,2012,10,Human,59
ID,2012,10,Natural,4
ID,2012,11,Human,8
ID,2012,12,Human,2
ID,2013,2,Human,3
ID,2013,3,Human,8
ID,2013,4,Human,4
ID,2013,4,Natural,1
ID,2013,5,Human,68
ID,2013,5,Natural,12
ID,2013,6,Human,75
ID,2013,6,Missing data/not specified/undetermined,1
ID,2013,6,Natural,16
ID,2013,7,Human,143
ID,2013,7,Missing data/not specified/undetermined,1
ID,2013,7,Natural,214
ID,2013,8,Human,119
ID,2013,8,Natural,610
ID,2013,9,Human,31
ID,2013,9,Missing data/not specified/undetermined,1
ID,2013,9,Natural,221
ID,2013,10,Human,30
ID,2013,10,Natural,1
ID,2013,11,Human,6
ID,2013,11,Natural,1
ID,2014,1,Human,1
ID,2014,3,Human,4
ID,2014,4,Human,10
ID,2014,4,Natural,1
ID,2014,5,Human,19
ID,2014,5,Natural,4
ID,2014,6,Human,81
ID,2014,6,Natural,18
ID,2014,7,Human,164
ID,2014,7,Natural,181
ID,2014,8,Human,116
ID,2014,8,Missing data/not specified/undetermined,1
ID,2014,8,Natural,498
ID,2014,9,Human,50
ID,2014,9,Natural,34
ID,2014,10,Human,20
ID,2014,10,Natural,5
ID,2014,11,Human,5
ID,2014,12,Human,3
ID,2015,1,Human,1
ID,2015,2,Human,2
ID,2015,3,Human,17
ID,2015,4,Human,21
ID,2015,5,Human,35
ID,2015,5,Natural,21
ID,2015,6,Human,96
ID,2015,6,Natural,75
ID,2015,7,Human,108
ID,2015,7,Natural,230
ID,2015,8,Human,73
ID,2015,8,Natural,478
ID,2015,9,Human,38
ID,2015,9,Natural,23
ID,2015,10,Human,49
ID,2015,10,Natural,5
ID,2015,11,Human,4
ID,2015,12,Human,1
ID,2016,2,Human,2
ID,2016,3,Human,3
ID,2016,4,Human,14
ID,2016,4,Natural,2
ID,2016,5,Human,16
ID,2016,5,Natural,8
ID,2016,6,Human,139
ID,2016,6,Natural,30
ID,2016,7,Human,111
ID,2016,7,Missing data/not specified/undetermined,1
ID,2016,7,Natural,58
ID,2016,8,Human,110
ID,2016,8,Missing data/not specified/undetermined,1
ID,2016,8,Natural,107
ID,2016,9,Human,56
ID,2016,9,Natural,20
ID,2016,10,Human,12
ID,2016,10,Natural,7
ID,2016,11,Human,1
ID,2017,3,Human,5
ID,2017,5,Human,81
ID,2017,5,Natural,3
ID,2017,6,Human,170
ID,2017,6,Natural,75
ID,2017,7,Human,391
ID,2017,7,Natural,205
ID,2017,8,Human,251
ID,2017,8,Natural,210
ID,2017,9,Human,78
ID,2017,9,Missing data/not specified/undetermined,1
ID,2017,9,Natural,66
ID,2017,10,Human,39
ID,2017,10,Natural,1
ID,2017,11,Human,1
ID,2017,12,Human,2
ID,2018,1,Human,1
ID,2018,2,Human,5
ID,2018,3,Human,8
ID,2018,4,Human,25
ID,2018,5,Human,86
ID,2018,5,Natural,19
ID,2018,6,Human,84
ID,2018,6,Natural,17
ID,2018,7,Human,206
ID,2018,7,Natural,141
ID,2018,8,Human,158
ID,2018,8,Natural,134
ID,2018,9,Human,120
ID,2018,9,Natural,23
ID,2018,10,Human,58
ID,2018,10,Natural,4
ID,2018,11,Human,4
ID,2018,12,Human,1
ID,2019,1,Human,5
ID,2019,3,Human,5
ID,2019,4,Human,11
ID,2019,4,Natural,1
ID,2019,5,Human,27
ID,2019,5,Natural,8
ID,2019,6,Human,41
ID,2019,6,Natural,29
ID,2019,7,Human,115
ID,2019,7,Natural,194
ID,2019,8,Human,120
ID,2019,8,Natural,190
ID,2019,9,Human,78
ID,2019,9,Natural,63
ID,2019,10,Human,39
ID,2019,10,Natural,1
ID,2019,11,Human,13
ID,2019,12,Human,1
ID,2020,2,Human,3
ID,2020,3,Human,19
ID,2020,4,Human,34
ID,2020,4,Natural,3
ID,2020,5,Human,33
ID,2020,5,Missing data/not specified/undetermined,2
ID,2020,5,Natural,12
ID,2020,6,Human,37
ID,2020,6,Missing data/not specified/undetermined,1
ID,2020,6,Natural,14
ID,2020,7,Human,124
ID,2020,7,Missing data/not specified/undetermined,5
ID,2020,7,Natural,32
ID,2020,8,Human,174
ID,2020,8,Missing data/not specified/undetermined,5
ID,2020,8,Natural,200
ID,2020,9,Human,139
ID,2020,9,Missing data/not specified/undetermined,8
ID,2020,9,Natural,24
ID,2020,10,Human,58
ID,2020,10,Missing data/not specified/undetermined,6
ID,2020,10,Natural,2
ID,2020,11,Human,27
ID,2020,11,Missing data/not specified/undetermined,2
ID,2020,11,Natural,1
IL,1992,2,Human,4
IL,1992,3,Human,2
IL,1992,4,Human,5
IL,1992,5,Human,1
IL,1992,6,Human,2
IL,1992,7,Human,2
IL,1992,10,Human,1
IL,1992,11,Human,1
IL,1993,2,Human,4
IL,1993,5,Human,1
IL,1994,2,Human,3
IL,1994,3,Human,14
IL,1994,3,Natural,1
IL,1994,4,Human,6
IL,1994,5,Human,1
IL,1994,8,Human,1
IL,1994,11,Human,1
IL,1995,2,Human,10
IL,1995,3,Human,19
IL,1995,4,Human,8
IL,1995,9,Human,1
IL,1995,10,Human,1
IL,1995,11,Human,8
IL,1996,2,Human,5
IL,1996,3,Human,3
IL,1996,4,Human,7
IL,1996,4,Missing data/not specified/undetermined,1
IL,1996,7,Missing data/not specified/undetermined,1
IL,1996,10,Human,1
IL,1996,11,Human,1
IL,1996,12,Human,2
IL,1997,2,Human,1
IL,1997,3,Human,1
IL,1997,4,Human,4
IL,1997,5,Human,2
IL,1997,8,Human,1
IL,1997,11,Human,1
IL,1998,2,Human,9
IL,1998,3,Human,5
IL,1998,4,Human,3
IL,1998,9,Human,1
IL,1998,9,Missing data/not specified/undetermined,1
IL,1998,10,Human,2
IL,1998,11,Human,1
IL,1999,2,Human,7
IL,1999,3,Human,3
IL,1999,4,Human,1
IL,1999,5,Human,1
IL,1999,8,Human,3
IL,1999,9,Human,12
IL,1999,10,Human,18
IL,1999,11,Human,7
IL,1999,12,Human,1
IL,2000,1,Human,3
IL,2000,3,Human,7
IL,2000,4,Human,8
IL,2000,5,Natural,1
IL,2000,8,Human,3
IL,2000,9,Human,1
IL,2000,10,Human,3
IL,2000,11,Human,3
IL,2001,2,Missing data/not specified/undetermined,1
IL,2001,3,Human,6
IL,2001,4,Human,13
IL,2001,4,Natural,1
IL,2001,5,Human,1
IL,2001,5,Missing data/not specified/undetermined,1
IL,2001,7,Human,2
IL,2001,7,Natural,1
IL,2001,9,Natural,1
IL,2001,10,Human,4
IL,2001,11,Human,11
IL,2001,11,Missing data/not specified/undetermined,1
IL,2001,11,Natural,1
IL,2001,12,Missing data/not specified/undetermined,1
IL,2002,2,Human,6
IL,2002,2,Missing data/not specified/undetermined,1
IL,2002,3,Human,5
IL,2002,4,Human,5
IL,2002,6,Human,1
IL,2002,7,Human,1
IL,2002,9,Human,9
IL,2002,9,Missing data/not specified/undetermined,2
IL,2002,10,Human,2
IL,2002,11,Human,1
IL,2002,11,Missing data/not specified/undetermined,1
IL,2002,12,Human,6
IL,2002,12,Missing data/not specified/undetermined,3
IL,2003,2,Human,1
IL,2003,2,Missing data/not specified/undetermined,1
IL,2003,3,Human,9
IL,2003,4,Human,11
IL,2003,4,Missing data/not specified/undetermined,5
IL,2003,4,Natural,1
IL,2003,5,Missing data/not specified/undetermined,1
IL,2003,6,Human,3
IL,2003,6,Missing data/not specified/undetermined,2
IL,2003,7,Human,1
IL,2003,7,Missing data/not specified/undetermined,1
IL,2003,8,Human,1
IL,2003,9,Human,1
IL,2003,9,Missing data/not specified/undetermined,1
IL,2003,10,Human,3
IL,2003,10,Missing data/not specified/undetermined,4
IL,2003,11,Human,2
IL,2004,1,Human,5
IL,2004,2,Human,14
IL,2004,2,Missing data/not specified/undetermined,3
IL,2004,3,Human,13
IL,2004,3,Missing data/not specified/undetermined,6
IL,2004,4,Human,17
IL,2004,4,Missing data/not specified/undetermined,7
IL,2004,5,Human,1
IL,2004,5,Natural,1
IL,2004,6,Missing data/not specified/undetermined,3
IL,2004,7,Human,3
IL,2004,9,Missing data/not specified/undetermined,5
IL,2004,10,Human,9
IL,2004,10,Missing data/not specified/undetermined,1
IL,2005,2,Human,1
IL,2005,2,Missing data/not specified/undetermined,1
IL,2005,3,Human,14
IL,2005,3,Missing data/not specified/undetermined,7
IL,2005,3,Natural,1
IL,2005,4,Human,3
IL,2005,4,Missing data/not specified/undetermined,1
IL,2005,5,Missing data/not specified/undetermined,2
IL,2005,6,Human,2
IL,2005,6,Missing data/not specified/undetermined,2
IL,2005,6,Natural,1
IL,2005,7,Human,4
IL,2005,7,Missing data/not specified/undetermined,4
IL,2005,9,Human,1
IL,2005,9,Missing data/not specified/undetermined,3
IL,2005,10,Human,2
IL,2005,10,Missing data/not specified/undetermined,2
IL,2005,11,Human,6
IL,2005,11,Missing data/not specified/undetermined,4
IL,2005,12,Human,1
IL,2006,2,Human,6
IL,2006,2,Missing data/not specified/undetermined,1
IL,2006,3,Missing data/not specified/undetermined,2
IL,2006,4,Human,3
IL,2006,6,Human,1
IL,2006,6,Missing data/not specified/undetermined,2
IL,2006,7,Human,1
IL,2006,9,Human,2
IL,2006,9,Missing data/not specified/undetermined,2
IL,2006,9,Natural,1
IL,2006,10,Human,1
IL,2006,10,Missing data/not specified/undetermined,1
IL,2006,11,Human,7
IL,2006,11,Missing data/not specified/undetermined,1
IL,2006,12,Human,3
IL,2007,2,Human,1
IL,2007,2,Missing data/not specified/undetermined,6
IL,2007,3,Human,9
IL,2007,3,Missing data/not specified/undetermined,11
IL,2007,4,Human,6
IL,2007,4,Missing data/not specified/undetermined,1
IL,2007,5,Human,5
IL,2007,5,Missing data/not specified/undetermined,2
IL,2007,6,Human,2
IL,2007,6,Missing data/not specified/undetermined,7
IL,2007,6,Natural,1
IL,2007,7,Human,1
IL,2007,7,Missing data/not specified/undetermined,1
IL,2007,8,Human,8
IL,2007,8,Missing data/not specified/undetermined,4
IL,2007,9,Human,5
IL,2007,9,Missing data/not specified/undetermined,9
IL,2007,10,Human,8
IL,2007,10,Missing data/not specified/undetermined,3
IL,2007,11,Human,5
IL,2007,11,Missing data/not specified/undetermined,3
IL,2007,11,Natural,1
IL,2008,1,Human,15
IL,2008,2,Human,6
IL,2008,3,Human,36
IL,2008,3,Missing data/not specified/undetermined,1
IL,2008,4,Human,33
IL,2008,4,Natural,1
IL,2008,5,Human,15
IL,2008,5,Natural,2
IL,2008,6,Human,14
IL,2008,7,Human,10
IL,2008,8,Human,6
IL,2008,9,Human,6
IL,2008,10,Human,13
IL,2008,11,Human,27
IL,2008,11,Missing data/not specified/undetermined,1
IL,2008,12,Human,11
IL,2009,1,Human,32
IL,2009,2,Human,33
IL,2009,3,Human,167
IL,2009,3,Natural,1
IL,2009,4,Human,48
IL,2009,4,Missing data/not specified/undetermined,1
IL,2009,5,Human,10
IL,2009,6,Human,10
IL,2009,6,Missing data/not specified/undetermined,1
IL,2009,7,Human,4
IL,2009,8,Human,3
IL,2009,8,Natural,1
IL,2009,9,Human,7
IL,2009,9,Natural,2
IL,2009,10,Human,8
IL,2009,11,Human,15
IL,2009,12,Human,4
IL,2010,1,Human,2
IL,2010,2,Human,9
IL,2010,2,Missing data/not specified/undetermined,1
IL,2010,3,Human,85
IL,2010,3,Missing data/not specified/undetermined,3
IL,2010,3,Natural,1
IL,2010,4,Human,57
IL,2010,5,Human,14
IL,2010,6,Natural,1
IL,2010,7,Human,12
IL,2010,7,Missing data/not specified/undetermined,1
IL,2010,7,Natural,2
IL,2010,8,Human,19
IL,2010,8,Missing data/not specified/undetermined,1
IL,2010,9,Human,43
IL,2010,10,Human,105
IL,2010,10,Missing data/not specified/undetermined,1
IL,2010,11,Human,77
IL,2010,11,Missing data/not specified/undetermined,5
IL,2010,12,Human,13
IL,2011,1,Human,4
IL,2011,2,Human,13
IL,2011,3,Human,40
IL,2011,4,Human,34
IL,2011,4,Natural,1
IL,2011,5,Human,3
IL,2011,6,Human,3
IL,2011,6,Natural,1
IL,2011,7,Human,7
IL,2011,8,Human,3
IL,2011,9,Human,6
IL,2011,10,Human,15
IL,2011,11,Human,5
IL,2011,12,Human,1
IL,2012,1,Human,5
IL,2012,2,Human,7
IL,2012,3,Human,28
IL,2012,4,Human,6
IL,2012,5,Human,5
IL,2012,6,Human,22
IL,2012,6,Missing data/not specified/undetermined,3
IL,2012,7,Human,41
IL,2012,7,Missing data/not specified/undetermined,1
IL,2012,7,Natural,3
IL,2012,8,Human,25
IL,2012,8,Missing data/not specified/undetermined,2
IL,2012,8,Natural,2
IL,2012,9,Human,6
IL,2012,10,Human,4
IL,2012,10,Missing data/not specified/undetermined,1
IL,2012,11,Human,5
IL,2012,12,Human,1
IL,2013,1,Human,6
IL,2013,2,Human,6
IL,2013,3,Human,19
IL,2013,4,Human,46
IL,2013,4,Missing data/not specified/undetermined,1
IL,2013,4,Natural,1
IL,2013,5,Human,13
IL,2013,5,Missing data/not specified/undetermined,1
IL,2013,6,Human,3
IL,2013,6,Natural,1
IL,2013,7,Human,6
IL,2013,8,Human,7
IL,2013,9,Human,18
IL,2013,9,Natural,1
IL,2013,10,Human,16
IL,2013,10,Natural,1
IL,2013,11,Human,14
IL,2013,12,Human,9
IL,2014,1,Human,9
IL,2014,2,Human,11
IL,2014,3,Human,85
IL,2014,4,Human,86
IL,2014,4,Natural,1
IL,2014,5,Human,15
IL,2014,6,Human,9
IL,2014,7,Human,1
IL,2014,8,Natural,1
IL,2014,9,Human,2
IL,2014,10,Human,2
IL,2014,11,Human,3
IL,2014,12,Human,2
IL,2015,1,Human,6
IL,2015,2,Human,2
IL,2015,3,Human,40
IL,2015,4,Human,34
IL,2015,5,Human,3
IL,2015,6,Human,1
IL,2015,7,Human,1
IL,2015,9,Human,2
IL,2015,10,Human,3
IL,2015,11,Human,1
IL,2016,1,Human,1
IL,2016,2,Human,9
IL,2016,3,Human,11
IL,2016,4,Human,6
IL,2016,4,Natural,1
IL,2016,5,Human,1
IL,2016,6,Human,1
IL,2016,7,Human,4
IL,2016,8,Human,2
IL,2016,9,Human,6
IL,2016,10,Human,5
IL,2016,11,Human,9
IL,2017,1,Human,4
IL,2017,2,Human,33
IL,2017,3,Human,20
IL,2017,4,Human,7
IL,2017,4,Natural,1
IL,2017,5,Human,7
IL,2017,6,Human,17
IL,2017,7,Human,4
IL,2017,8,Human,3
IL,2017,9,Human,10
IL,2017,10,Human,19
IL,2017,11,Human,11
IL,2017,12,Human,8
IL,2018,1,Human,10
IL,2018,2,Human,12
IL,2018,3,Human,44
IL,2018,4,Human,40
IL,2018,5,Human,17
IL,2018,6,Human,6
IL,2018,7,Human,10
IL,2018,8,Human,10
IL,2018,9,Human,11
IL,2018,10,Human,9
IL,2018,11,Human,2
IL,2018,12,Human,4
IL,2019,1,Human,2
IL,2019,2,Human,3
IL,2019,3,Human,26
IL,2019,4,Human,20
IL,2019,4,Missing data/not specified/undetermined,2
IL,2019,5,Human,3
IL,2019,6,Human,2
IL,2019,7,Human,5
IL,2019,8,Human,5
IL,2019,9,Human,9
IL,2019,10,Human,6
IL,2020,1,Human,1
IL,2020,2,Human,2
IL,2020,2,Missing data/not specified/undetermined,1
IL,2020,3,Human,12
IL,2020,3,Missing data/not specified/undetermined,1
IL,2020,4,Human,18
IL,2020,4,Missing data/not specified/undetermined,1
IL,2020,5,Human,10
IL,2020,5,Natural,1
IL,2020,6,Human,3
IL,2020,7,Human,4
IL,2020,8,Human,5
IL,2020,9,Human,5
IL,2020,9,Natural,1
IL,2020,10,Human,9
IL,2020,11,Human,24
IL,2020,11,Missing data/not specified/undetermined,3
IL,2020,12,Human,24
IN,1992,2,Human,8
IN,1992,3,Human,10
IN,1992,4,Human,10
IN,1992,5,Human,30
IN,1992,6,Human,17
IN,1992,7,Human,8
IN,1992,8,Human,3
IN,1992,9,Human,1
IN,1992,10,Human,7
IN,1992,11,Human,1
IN,1993,1,Human,1
IN,1993,2,Human,2
IN,1993,3,Human,3
IN,1993,4,Human,17
IN,1993,5,Human,9
IN,1993,6,Human,2
IN,1993,7,Human,4
IN,1993,8,Human,2
IN,1993,9,Human,2
IN,1993,10,Human,4
IN,1993,11,Human,9
IN,1993,12,Human,1
IN,1994,3,Human,14
IN,1994,4,Human,16
IN,1994,4,Natural,1
IN,1994,5,Human,15
IN,1994,6,Human,11
IN,1994,6,Natural,1
IN,1994,7,Human,12
IN,1994,8,Human,1
IN,1994,9,Human,2
IN,1994,10,Human,4
IN,1994,11,Human,6
IN,1994,12,Human,2
IN,1995,2,Human,6
IN,1995,3,Human,23
IN,1995,4,Human,14
IN,1995,5,Human,3
IN,1995,6,Human,24
IN,1995,7,Human,2
IN,1995,8,Human,3
IN,1995,9,Human,7
IN,1995,10,Human,8
IN,1995,11,Human,6
IN,1995,12,Human,5
IN,1996,2,Human,2
IN,1996,3,Human,12
IN,1996,4,Human,29
IN,1996,5,Human,6
IN,1996,6,Human,4
IN,1996,7,Human,22
IN,1996,8,Human,4
IN,1996,9,Human,1
IN,1996,10,Human,2
IN,1996,10,Natural,1
IN,1996,11,Human,5
IN,1997,3,Human,5
IN,1997,4,Human,11
IN,1997,5,Human,1
IN,1997,6,Human,4
IN,1997,7,Human,6
IN,1997,8,Natural,1
IN,1997,9,Human,1
IN,1997,10,Human,4
IN,1997,11,Human,3
IN,1998,2,Human,1
IN,1998,3,Human,5
IN,1998,4,Human,11
IN,1998,5,Human,5
IN,1998,6,Human,4
IN,1998,7,Human,8
IN,1998,7,Natural,1
IN,1998,8,Human,2
IN,1998,8,Natural,1
IN,1998,9,Human,8
IN,1998,10,Human,1
IN,1998,11,Human,9
IN,1998,12,Human,1
IN,1999,2,Human,3
IN,1999,2,Natural,1
IN,1999,3,Human,16
IN,1999,4,Human,9
IN,1999,5,Human,7
IN,1999,5,Missing data/not specified/undetermined,1
IN,1999,6,Human,8
IN,1999,7,Human,10
IN,1999,8,Human,22
IN,1999,9,Human,19
IN,1999,10,Human,16
IN,1999,11,Human,38
IN,1999,12,Human,1
IN,2000,1,Human,2
IN,2000,2,Human,6
IN,2000,3,Human,28
IN,2000,4,Human,15
IN,2000,5,Human,10
IN,2000,6,Human,5
IN,2000,7,Human,6
IN,2000,9,Human,2
IN,2000,10,Human,9
IN,2000,11,Human,9
IN,2001,2,Human,7
IN,2001,3,Human,39
IN,2001,4,Human,31
IN,2001,4,Missing data/not specified/undetermined,2
IN,2001,5,Human,9
IN,2001,5,Natural,1
IN,2001,6,Human,2
IN,2001,6,Natural,1
IN,2001,7,Human,9
IN,2001,8,Human,3
IN,2001,9,Human,5
IN,2001,10,Human,7
IN,2001,10,Missing data/not specified/undetermined,1
IN,2001,11,Human,18
IN,2001,11,Missing data/not specified/undetermined,1
IN,2001,12,Human,4
IN,2002,1,Human,5
IN,2002,2,Human,17
IN,2002,2,Missing data/not specified/undetermined,1
IN,2002,3,Human,14
IN,2002,3,Missing data/not specified/undetermined,1
IN,2002,4,Human,13
IN,2002,4,Missing data/not specified/undetermined,1
IN,2002,4,Natural,1
IN,2002,5,Human,1
IN,2002,6,Human,6
IN,2002,7,Human,16
IN,2002,7,Missing data/not specified/undetermined,3
IN,2002,8,Human,6
IN,2002,8,Missing data/not specified/undetermined,3
IN,2002,8,Natural,1
IN,2002,9,Human,10
IN,2002,9,Missing data/not specified/undetermined,2
IN,2002,10,Human,3
IN,2002,10,Missing data/not specified/undetermined,2
IN,2002,11,Human,1
IN,2002,11,Missing data/not specified/undetermined,1
IN,2002,12,Human,14
IN,2002,12,Missing data/not specified/undetermined,1
IN,2003,1,Human,1
IN,2003,1,Missing data/not specified/undetermined,1
IN,2003,2,Human,2
IN,2003,3,Human,35
IN,2003,3,Missing data/not specified/undetermined,3
IN,2003,4,Human,37
IN,2003,4,Missing data/not specified/undetermined,17
IN,2003,4,Natural,1
IN,2003,5,Human,2
IN,2003,6,Human,6
IN,2003,6,Missing data/not specified/undetermined,3
IN,2003,7,Human,8
IN,2003,7,Missing data/not specified/undetermined,1
IN,2003,7,Natural,1
IN,2003,8,Human,5
IN,2003,9,Human,1
IN,2003,9,Missing data/not specified/undetermined,1
IN,2003,10,Human,15
IN,2003,10,Missing data/not specified/undetermined,1
IN,2003,11,Human,8
IN,2003,11,Missing data/not specified/undetermined,3
IN,2003,12,Human,3
IN,2004,1,Human,1
IN,2004,2,Human,39
IN,2004,2,Missing data/not specified/undetermined,2
IN,2004,3,Human,26
IN,2004,3,Missing data/not specified/undetermined,8
IN,2004,4,Human,31
IN,2004,4,Missing data/not specified/undetermined,6
IN,2004,5,Human,5
IN,2004,5,Missing data/not specified/undetermined,1
IN,2004,5,Natural,1
IN,2004,6,Human,10
IN,2004,6,Missing data/not specified/undetermined,1
IN,2004,7,Human,9
IN,2004,7,Missing data/not specified/undetermined,1
IN,2004,8,Human,2
IN,2004,9,Human,14
IN,2004,9,Missing data/not specified/undetermined,1
IN,2004,9,Natural,1
IN,2004,10,Human,18
IN,2004,10,Missing data/not specified/undetermined,2
IN,2004,11,Human,11
IN,2004,11,Missing data/not specified/undetermined,2
IN,2004,12,Human,1
IN,2005,2,Human,2
IN,2005,3,Human,32
IN,2005,3,Missing data/not specified/undetermined,5
IN,2005,3,Natural,1
IN,2005,4,Human,31
IN,2005,4,Missing data/not specified/undetermined,4
IN,2005,4,Natural,5
IN,2005,5,Human,14
IN,2005,5,Missing data/not specified/undetermined,5
IN,2005,5,Natural,4
IN,2005,6,Human,3
IN,2005,6,Natural,2
IN,2005,7,Human,14
IN,2005,7,Missing data/not specified/undetermined,1
IN,2005,8,Human,2
IN,2005,8,Missing data/not specified/undetermined,2
IN,2005,9,Human,6
IN,2005,9,Missing data/not specified/undetermined,2
IN,2005,9,Natural,1
IN,2005,10,Human,4
IN,2005,10,Missing data/not specified/undetermined,2
IN,2005,11,Human,26
IN,2005,11,Missing data/not specified/undetermined,4
IN,2005,12,Human,1
IN,2006,1,Human,2
IN,2006,1,Missing data/not specified/undetermined,1
IN,2006,2,Human,9
IN,2006,2,Missing data/not specified/undetermined,1
IN,2006,3,Human,11
IN,2006,3,Missing data/not specified/undetermined,1
IN,2006,4,Human,12
IN,2006,4,Missing data/not specified/undetermined,4
IN,2006,5,Human,7
IN,2006,6,Human,6
IN,2006,7,Human,5
IN,2006,7,Missing data/not specified/undetermined,1
IN,2006,8,Human,2
IN,2006,8,Missing data/not specified/undetermined,2
IN,2006,9,Human,1
IN,2006,9,Missing data/not specified/undetermined,1
IN,2006,10,Missing data/not specified/undetermined,2
IN,2006,11,Human,10
IN,2006,12,Human,6
IN,2006,12,Missing data/not specified/undetermined,2
IN,2007,2,Human,1
IN,2007,3,Human,27
IN,2007,3,Missing data/not specified/undetermined,6
IN,2007,4,Human,15
IN,2007,5,Human,6
IN,2007,5,Missing data/not specified/undetermined,4
IN,2007,5,Natural,2
IN,2007,6,Human,9
IN,2007,6,Missing data/not specified/undetermined,3
IN,2007,6,Natural,1
IN,2007,7,Human,7
IN,2007,7,Missing data/not specified/undetermined,3
IN,2007,7,Natural,2
IN,2007,8,Human,8
IN,2007,8,Missing data/not specified/undetermined,1
IN,2007,8,Natural,1
IN,2007,9,Human,10
IN,2007,9,Missing data/not specified/undetermined,4
IN,2007,10,Human,6
IN,2007,11,Human,8
IN,2007,11,Missing data/not specified/undetermined,1
IN,2007,12,Human,2
IN,2008,1,Human,1
IN,2008,1,Missing data/not specified/undetermined,1
IN,2008,2,Human,3
IN,2008,2,Missing data/not specified/undetermined,1
IN,2008,2,Natural,2
IN,2008,3,Human,6
IN,2008,4,Human,20
IN,2008,4,Missing data/not specified/undetermined,2
IN,2008,5,Human,2
IN,2008,5,Missing data/not specified/undetermined,2
IN,2008,6,Human,3
IN,2008,6,Natural,1
IN,2008,7,Human,1
IN,2008,8,Human,1
IN,2008,8,Missing data/not specified/undetermined,1
IN,2008,8,Natural,1
IN,2008,9,Human,5
IN,2008,10,Human,5
IN,2008,10,Missing data/not specified/undetermined,1
IN,2008,11,Human,7
IN,2008,11,Missing data/not specified/undetermined,1
IN,2009,3,Human,25
IN,2009,4,Human,5
IN,2009,5,Natural,2
IN,2009,6,Human,3
IN,2009,6,Natural,1
IN,2009,7,Human,3
IN,2009,7,Natural,1
IN,2009,8,Human,2
IN,2009,11,Human,3
IN,2010,3,Human,7
IN,2010,4,Human,10
IN,2010,5,Human,3
IN,2010,7,Human,2
IN,2010,8,Human,1
IN,2010,9,Human,5
IN,2010,9,Missing data/not specified/undetermined,1
IN,2010,10,Human,25
IN,2010,11,Human,18
IN,2010,11,Missing data/not specified/undetermined,1
IN,2011,2,Human,4
IN,2011,3,Human,2
IN,2011,4,Human,7
IN,2011,7,Human,5
IN,2011,8,Human,1
IN,2011,9,Human,3
IN,2011,10,Human,1
IN,2011,11,Human,1
IN,2011,11,Missing data/not specified/undetermined,1
IN,2011,12,Natural,1
IN,2012,2,Human,1
IN,2012,3,Human,11
IN,2012,4,Human,4
IN,2012,5,Human,2
IN,2012,6,Human,10
IN,2012,6,Missing data/not specified/undetermined,2
IN,2012,7,Human,10
IN,2012,7,Natural,4
IN,2012,8,Human,4
IN,2012,8,Natural,1
IN,2012,10,Human,4
IN,2012,11,Human,4
IN,2013,1,Human,1
IN,2013,3,Human,2
IN,2013,4,Human,5
IN,2013,6,Human,2
IN,2013,7,Human,3
IN,2013,7,Natural,1
IN,2013,8,Human,3
IN,2013,9,Human,1
IN,2013,9,Natural,1
IN,2013,11,Human,1
IN,2014,2,Human,2
IN,2014,3,Human,21
IN,2014,4,Human,8
IN,2014,5,Human,2
IN,2014,5,Natural,1
IN,2014,6,Natural,1
IN,2014,7,Human,1
IN,2015,3,Human,3
IN,2015,4,Human,7
IN,2015,5,Human,1
IN,2015,5,Missing data/not specified/undetermined,1
IN,2015,6,Human,2
IN,2015,10,Human,1
IN,2015,11,Human,1
IN,2016,2,Human,6
IN,2016,3,Human,8
IN,2016,3,Missing data/not specified/undetermined,1
IN,2016,4,Human,9
IN,2016,4,Natural,4
IN,2016,7,Human,4
IN,2016,8,Human,1
IN,2016,11,Human,7
IN,2017,2,Human,2
IN,2017,3,Human,2
IN,2017,4,Human,16
IN,2017,5,Human,3
IN,2017,5,Natural,1
IN,2017,6,Human,7
IN,2017,9,Human,1
IN,2017,11,Human,3
IN,2017,12,Human,4
IN,2017,12,Natural,1
IN,2018,2,Human,2
IN,2018,3,Human,1
IN,2018,4,Human,9
IN,2018,4,Natural,1
IN,2018,5,Human,7
IN,2018,6,Human,2
IN,2018,7,Human,4
IN,2018,9,Human,1
IN,2018,9,Missing data/not specified/undetermined,1
IN,2019,2,Human,2
IN,2019,3,Human,9
IN,2019,3,Natural,1
IN,2019,4,Human,5
IN,2019,6,Human,14
IN,2019,7,Human,1
IN,2019,7,Missing data/not specified/undetermined,1
IN,2019,8,Human,1
IN,2019,9,Human,2
IN,2019,10,Human,2
IN,2019,12,Missing data/not specified/undetermined,1
IN,2020,2,Human,1
IN,2020,3,Human,8
IN,2020,3,Missing data/not specified/undetermined,2
IN,2020,4,Human,3
IN,2020,5,Human,1
IN,2020,6,Human,1
IN,2020,7,Human,4
IN,2020,8,Human,1
IN,2020,9,Human,1
IN,2020,11,Human,10
KS,1992,2,Human,1
KS,1992,3,Natural,1
KS,1992,4,Human,5
KS,1992,4,Natural,1
KS,1992,5,Human,1
KS,1992,6,Human,2
KS,1992,6,Natural,1
KS,1992,7,Human,1
KS,1992,9,Human,1
KS,1992,10,Human,2
KS,1993,3,Human,1
KS,1993,4,Human,8
KS,1993,7,Missing data/not specified/undetermined,1
KS,1993,8,Human,1
KS,1993,9,Human,1
KS,1993,12,Human,1
KS,1993,12,Missing data/not specified/undetermined,1
KS,1994,2,Missing data/not specified/undetermined,2
KS,1994,3,Human,7
KS,1994,3,Missing data/not specified/undetermined,7
KS,1994,4,Human,9
KS,1994,4,Missing data/not specified/undetermined,1
KS,1994,5,Human,1
KS,1994,6,Natural,4
KS,1994,7,Human,2
KS,1994,7,Natural,8
KS,1994,8,Missing data/not specified/undetermined,1
KS,1994,9,Human,1
KS,1994,10,Human,2
KS,1994,12,Human,2
KS,1995,2,Human,1
KS,1995,2,Missing data/not specified/undetermined,1
KS,1995,3,Human,2
KS,1995,3,Natural,7
KS,1995,4,Human,4
KS,1995,4,Missing data/not specified/undetermined,1
KS,1995,5,Human,2
KS,1995,6,Natural,1
KS,1995,7,Human,2
KS,1995,8,Natural,2
KS,1995,9,Natural,1
KS,1995,10,Human,2
KS,1995,10,Missing data/not specified/undetermined,1
KS,1995,11,Missing data/not specified/undetermined,1
KS,1995,12,Human,2
KS,1996,1,Missing data/not specified/undetermined,1
KS,1996,2,Human,1
KS,1996,2,Missing data/not specified/undetermined,4
KS,1996,3,Human,3
KS,1996,3,Natural,1
KS,1996,4,Human,10
KS,1996,4,Missing data/not specified/undetermined,5
KS,1996,5,Human,1
KS,1996,6,Human,1
KS,1996,6,Natural,1
KS,1996,8,Natural,2
KS,1997,1,Human,1
KS,1997,2,Missing data/not specified/undetermined,1
KS,1997,3,Human,4
KS,1997,3,Missing data/not specified/undetermined,1
KS,1997,4,Human,2
KS,1997,4,Natural,1
KS,1997,7,Human,1
KS,1997,7,Natural,2
KS,1997,9,Human,1
KS,1997,9,Natural,1
KS,1997,10,Human,3
KS,1997,10,Natural,1
KS,1997,11,Human,2
KS,1997,11,Missing data/not specified/undetermined,1
KS,1998,2,Human,4
KS,1998,3,Human,2
KS,1998,3,Missing data/not specified/undetermined,2
KS,1998,4,Human,8
KS,1998,4,Missing data/not specified/undetermined,1
KS,1998,5,Human,3
KS,1998,6,Human,2
KS,1998,6,Missing data/not specified/undetermined,1
KS,1998,6,Natural,4
KS,1998,7,Human,1
KS,1998,7,Natural,1
KS,1998,9,Natural,2
KS,1999,1,Human,1
KS,1999,2,Human,1
KS,1999,3,Human,4
KS,1999,4,Human,9
KS,1999,4,Missing data/not specified/undetermined,1
KS,1999,5,Human,5
KS,1999,5,Natural,1
KS,1999,7,Human,1
KS,1999,7,Natural,2
KS,1999,8,Human,3
KS,1999,9,Natural,1
KS,1999,10,Human,5
KS,1999,11,Human,1
KS,1999,12,Missing data/not specified/undetermined,1
KS,2000,1,Human,3
KS,2000,1,Missing data/not specified/undetermined,1
KS,2000,2,Human,10
KS,2000,3,Human,5
KS,2000,3,Missing data/not specified/undetermined,1
KS,2000,4,Human,12
KS,2000,5,Human,1
KS,2000,6,Human,3
KS,2000,7,Natural,3
KS,2000,8,Natural,2
KS,2000,9,Human,3
KS,2000,9,Missing data/not specified/undetermined,3
KS,2000,10,Human,1
KS,2001,1,Human,1
KS,2001,3,Human,8
KS,2001,3,Missing data/not specified/undetermined,2
KS,2001,4,Human,21
KS,2001,4,Missing data/not specified/undetermined,1
KS,2001,5,Human,9
KS,2001,7,Human,4
KS,2001,7,Missing data/not specified/undetermined,1
KS,2001,7,Natural,1
KS,2001,8,Human,4
KS,2001,10,Human,3
KS,2001,10,Missing data/not specified/undetermined,1
KS,2001,11,Human,5
KS,2001,11,Missing data/not specified/undetermined,1
KS,2001,12,Human,5
KS,2001,12,Missing data/not specified/undetermined,1
KS,2001,12,Natural,1
KS,2002,1,Human,11
KS,2002,1,Missing data/not specified/undetermined,3
KS,2002,1,Natural,3
KS,2002,2,Human,12
KS,2002,2,Missing data/not specified/undetermined,4
KS,2002,3,Human,21
KS,2002,3,Missing data/not specified/undetermined,7
KS,2002,4,Human,16
KS,2002,4,Missing data/not specified/undetermined,5
KS,2002,5,Human,3
KS,2002,6,Human,5
KS,2002,7,Human,12
KS,2002,7,Missing data/not specified/undetermined,1
KS,2002,7,Natural,2
KS,2002,8,Human,2
KS,2002,8,Missing data/not specified/undetermined,1
KS,2002,8,Natural,6
KS,2002,9,Human,1
KS,2002,9,Missing data/not specified/undetermined,2
KS,2002,9,Natural,1
KS,2002,11,Human,7
KS,2002,11,Missing data/not specified/undetermined,2
KS,2002,12,Human,1
KS,2003,1,Human,7
KS,2003,1,Missing data/not specified/undetermined,2
KS,2003,2,Human,2
KS,2003,2,Missing data/not specified/undetermined,1
KS,2003,3,Human,8
KS,2003,3,Missing data/not specified/undetermined,3
KS,2003,4,Human,15
KS,2003,4,Missing data/not specified/undetermined,6
KS,2003,5,Human,3
KS,2003,6,Human,7
KS,2003,7,Human,20
KS,2003,7,Missing data/not specified/undetermined,2
KS,2003,7,Natural,3
KS,2003,8,Human,12
KS,2003,8,Missing data/not specified/undetermined,5
KS,2003,8,Natural,8
KS,2003,9,Human,2
KS,2003,9,Missing data/not specified/undetermined,2
KS,2003,10,Human,1
KS,2003,11,Missing data/not specified/undetermined,1
KS,2003,12,Human,2
KS,2003,12,Missing data/not specified/undetermined,1
KS,2004,1,Human,5
KS,2004,2,Missing data/not specified/undetermined,1
KS,2004,3,Human,14
KS,2004,3,Missing data/not specified/undetermined,5
KS,2004,4,Human,17
KS,2004,4,Missing data/not specified/undetermined,4
KS,2004,5,Human,1
KS,2004,6,Human,3
KS,2004,6,Missing data/not specified/undetermined,1
KS,2004,6,Natural,2
KS,2004,7,Human,6
KS,2004,8,Human,1
KS,2004,8,Missing data/not specified/undetermined,1
KS,2004,9,Human,8
KS,2004,9,Missing data/not specified/undetermined,1
KS,2004,10,Human,1
KS,2004,11,Missing data/not specified/undetermined,1
KS,2004,12,Human,6
KS,2005,1,Human,4
KS,2005,1,Natural,1
KS,2005,2,Human,3
KS,2005,3,Human,47
KS,2005,3,Missing data/not specified/undetermined,7
KS,2005,4,Human,33
KS,2005,4,Natural,1
KS,2005,5,Human,5
KS,2005,6,Human,4
KS,2005,6,Missing data/not specified/undetermined,1
KS,2005,7,Human,9
KS,2005,7,Missing data/not specified/undetermined,1
KS,2005,7,Natural,1
KS,2005,8,Human,12
KS,2005,8,Missing data/not specified/undetermined,1
KS,2005,8,Natural,1
KS,2005,9,Human,2
KS,2005,9,Missing data/not specified/undetermined,3
KS,2005,10,Human,8
KS,2005,10,Missing data/not specified/undetermined,3
KS,2005,11,Human,12
KS,2005,11,Missing data/not specified/undetermined,2
KS,2005,12,Human,8
KS,2005,12,Missing data/not specified/undetermined,6
KS,2006,1,Human,26
KS,2006,1,Missing data/not specified/undetermined,9
KS,2006,1,Natural,1
KS,2006,2,Human,33
KS,2006,2,Missing data/not specified/undetermined,12
KS,2006,3,Human,52
KS,2006,3,Missing data/not specified/undetermined,10
KS,2006,3,Natural,3
KS,2006,4,Human,57
KS,2006,4,Missing data/not specified/undetermined,8
KS,2006,4,Natural,1
KS,2006,5,Human,11
KS,2006,5,Missing data/not specified/undetermined,2
KS,2006,5,Natural,1
KS,2006,6,Human,21
KS,2006,6,Missing data/not specified/undetermined,5
KS,2006,6,Natural,2
KS,2006,7,Human,30
KS,2006,7,Missing data/not specified/undetermined,6
KS,2006,7,Natural,1
KS,2006,8,Human,3
KS,2006,8,Missing data/not specified/undetermined,2
KS,2006,8,Natural,3
KS,2006,9,Human,6
KS,2006,9,Missing data/not specified/undetermined,3
KS,2006,10,Human,8
KS,2006,10,Missing data/not specified/undetermined,3
KS,2006,11,Human,17
KS,2006,11,Missing data/not specified/undetermined,5
KS,2006,12,Human,4
KS,2006,12,Missing data/not specified/undetermined,3
KS,2006,12,Natural,1
KS,2007,1,Human,4
KS,2007,1,Missing data/not specified/undetermined,4
KS,2007,2,Human,9
KS,2007,2,Missing data/not specified/undetermined,5
KS,2007,3,Human,38
KS,2007,3,Missing data/not specified/undetermined,16
KS,2007,4,Human,19
KS,2007,4,Missing data/not specified/undetermined,7
KS,2007,5,Human,5
KS,2007,6,Human,3
KS,2007,6,Missing data/not specified/undetermined,2
KS,2007,7,Human,10
KS,2007,7,Missing data/not specified/undetermined,1
KS,2007,7,Natural,1
KS,2007,8,Human,10
KS,2007,8,Missing data/not specified/undetermined,2
KS,2007,8,Natural,4
KS,2007,9,Human,7
KS,2007,9,Missing data/not specified/undetermined,4
KS,2007,9,Natural,3
KS,2007,10,Human,11
KS,2007,10,Missing data/not specified/undetermined,2
KS,2007,10,Natural,1
KS,2007,11,Human,19
KS,2007,11,Missing data/not specified/undetermined,8
KS,2007,12,Human,1
KS,2008,1,Human,2
KS,2008,3,Human,25
KS,2008,3,Missing data/not specified/undetermined,5
KS,2008,4,Human,27
KS,2008,4,Missing data/not specified/undetermined,2
KS,2008,4,Natural,1
KS,2008,5,Human,4
KS,2008,6,Human,3
KS,2008,7,Human,3
KS,2008,7,Natural,1
KS,2008,8,Human,1
KS,2008,8,Missing data/not specified/undetermined,1
KS,2008,8,Natural,2
KS,2008,9,Human,2
KS,2008,10,Human,2
KS,2008,11,Human,9
KS,2008,11,Missing data/not specified/undetermined,1
KS,2008,11,Natural,1
KS,2008,12,Human,3
KS,2009,1,Human,5
KS,2009,1,Missing data/not specified/undetermined,3
KS,2009,2,Human,19
KS,2009,2,Missing data/not specified/undetermined,3
KS,2009,2,Natural,1
KS,2009,3,Human,12
KS,2009,3,Missing data/not specified/undetermined,4
KS,2009,4,Human,22
KS,2009,6,Human,1
KS,2009,7,Natural,1
KS,2010,3,Human,8
KS,2010,3,Missing data/not specified/undetermined,2
KS,2010,4,Human,8
KS,2010,4,Missing data/not specified/undetermined,7
KS,2010,5,Missing data/not specified/undetermined,1
KS,2010,6,Natural,1
KS,2010,7,Human,1
KS,2010,8,Human,2
KS,2010,8,Natural,1
KS,2010,10,Human,2
KS,2010,11,Human,6
KS,2010,12,Human,1
KS,2011,1,Human,4
KS,2011,1,Missing data/not specified/undetermined,1
KS,2011,2,Human,5
KS,2011,3,Human,12
KS,2011,3,Missing data/not specified/undetermined,2
KS,2011,3,Natural,1
KS,2011,4,Human,10
KS,2011,4,Missing data/not specified/undetermined,7
KS,2011,5,Human,3
KS,2011,5,Missing data/not specified/undetermined,5
KS,2011,6,Human,1
KS,2011,6,Natural,1
KS,2011,7,Human,2
KS,2011,7,Natural,1
KS,2011,8,Human,2
KS,2011,8,Natural,2
KS,2011,10,Human,2
KS,2012,1,Human,3
KS,2012,1,Missing data/not specified/undetermined,1
KS,2012,2,Human,5
KS,2012,2,Missing data/not specified/undetermined,2
KS,2012,3,Human,11
KS,2012,3,Missing data/not specified/undetermined,4
KS,2012,4,Human,3
KS,2012,4,Missing data/not specified/undetermined,4
KS,2012,6,Human,6
KS,2012,6,Missing data/not specified/undetermined,4
KS,2012,7,Human,7
KS,2012,7,Missing data/not specified/undetermined,2
KS,2012,7,Natural,3
KS,2012,8,Human,5
KS,2012,8,Missing data/not specified/undetermined,4
KS,2012,8,Natural,4
KS,2012,9,Human,2
KS,2012,9,Natural,1
KS,2012,10,Human,1
KS,2012,12,Human,1
KS,2013,1,Missing data/not specified/undetermined,2
KS,2013,2,Missing data/not specified/undetermined,1
KS,2013,4,Human,2
KS,2013,4,Missing data/not specified/undetermined,1
KS,2013,4,Natural,1
KS,2013,6,Natural,1
KS,2013,7,Human,1
KS,2013,8,Natural,2
KS,2013,9,Human,1
KS,2013,11,Human,1
KS,2013,12,Human,1
KS,2014,1,Human,5
KS,2014,1,Missing data/not specified/undetermined,1
KS,2014,2,Human,3
KS,2014,3,Human,28
KS,2014,3,Missing data/not specified/undetermined,4
KS,2014,4,Human,11
KS,2014,5,Human,2
KS,2014,7,Human,2
KS,2014,8,Natural,1
KS,2014,10,Human,1
KS,2014,11,Human,1
KS,2015,1,Human,636
KS,2015,2,Human,464
KS,2015,3,Human,2246
KS,2015,3,Missing data/not specified/undetermined,1
KS,2015,4,Human,577
KS,2015,4,Natural,16
KS,2015,5,Human,84
KS,2015,5,Natural,3
KS,2015,6,Human,184
KS,2015,6,Natural,5
KS,2015,7,Human,263
KS,2015,7,Natural,21
KS,2015,8,Human,140
KS,2015,8,Natural,12
KS,2015,9,Human,189
KS,2015,9,Natural,13
KS,2015,10,Human,396
KS,2015,10,Natural,6
KS,2015,11,Human,419
KS,2015,11,Natural,2
KS,2015,12,Human,208
KS,2016,1,Human,199
KS,2016,1,Missing data/not specified/undetermined,1
KS,2016,2,Human,666
KS,2016,3,Human,328
KS,2016,4,Human,21
KS,2016,5,Human,2
KS,2016,6,Natural,1
KS,2016,7,Human,1
KS,2016,7,Natural,1
KS,2016,8,Human,2
KS,2016,10,Human,160
KS,2016,10,Natural,7
KS,2016,11,Human,219
KS,2016,11,Natural,1
KS,2016,12,Human,172
KS,2017,1,Human,331
KS,2017,1,Natural,1
KS,2017,2,Human,1014
KS,2017,2,Missing data/not specified/undetermined,1
KS,2017,2,Natural,3
KS,2017,3,Human,1192
KS,2017,3,Missing data/not specified/undetermined,2
KS,2017,3,Natural,9
KS,2017,4,Human,310
KS,2017,4,Natural,6
KS,2017,5,Human,139
KS,2017,5,Natural,7
KS,2017,6,Human,219
KS,2017,6,Natural,25
KS,2017,7,Human,341
KS,2017,7,Natural,6
KS,2017,8,Human,139
KS,2017,8,Natural,6
KS,2017,9,Human,212
KS,2017,9,Natural,10
KS,2017,11,Human,2
KS,2017,12,Human,4
KS,2018,1,Human,413
KS,2018,2,Human,389
KS,2018,2,Natural,1
KS,2018,3,Human,1097
KS,2018,3,Natural,2
KS,2018,4,Human,789
KS,2018,4,Missing data/not specified/undetermined,1
KS,2018,4,Natural,2
KS,2018,5,Human,199
KS,2018,5,Natural,17
KS,2018,6,Human,212
KS,2018,6,Natural,9
KS,2018,7,Human,379
KS,2018,7,Natural,17
KS,2018,8,Human,148
KS,2018,8,Natural,6
KS,2018,9,Human,72
KS,2018,9,Natural,7
KS,2018,10,Human,64
KS,2018,10,Natural,1
KS,2018,11,Human,116
KS,2018,12,Human,91
KS,2018,12,Natural,1
KS,2019,1,Human,4
KS,2019,2,Human,2
KS,2019,3,Human,17
KS,2019,4,Human,19
KS,2019,5,Human,1
KS,2019,6,Human,3
KS,2019,7,Human,8
KS,2019,9,Human,4
KS,2019,11,Human,25
KS,2019,11,Natural,1
KS,2019,12,Human,39
KS,2020,1,Human,29
KS,2020,1,Missing data/not specified/undetermined,1
KS,2020,2,Human,82
KS,2020,2,Missing data/not specified/undetermined,1
KS,2020,2,Natural,1
KS,2020,3,Human,235
KS,2020,3,Missing data/not specified/undetermined,6
KS,2020,3,Natural,4
KS,2020,4,Human,169
KS,2020,4,Missing data/not specified/undetermined,1
KS,2020,4,Natural,5
KS,2020,5,Human,26
KS,2020,5,Natural,3
KS,2020,6,Human,77
KS,2020,6,Missing data/not specified/undetermined,8
KS,2020,6,Natural,10
KS,2020,7,Human,64
KS,2020,7,Natural,9
KS,2020,8,Human,41
KS,2020,8,Natural,1
KS,2020,9,Human,38
KS,2020,9,Missing data/not specified/undetermined,1
KS,2020,10,Human,49
KS,2020,10,Missing data/not specified/undetermined,2
KS,2020,10,Natural,1
KS,2020,11,Human,73
KS,2020,11,Natural,3
KS,2020,12,Human,36
KS,2020,12,Missing data/not specified/undetermined,1
KS,2020,12,Natural,1
KY,1992,1,Human,6
KY,1992,2,Human,16
KY,1992,3,Human,6
KY,1992,4,Human,9
KY,1992,4,Natural,1
KY,1992,5,Human,1
KY,1992,10,Human,4
KY,1992,11,Human,6
KY,1993,1,Human,4
KY,1993,2,Human,29
KY,1993,4,Human,23
KY,1993,5,Human,10
KY,1993,7,Natural,2
KY,1993,10,Human,5
KY,1993,11,Human,8
KY,1994,2,Human,19
KY,1994,3,Human,33
KY,1994,4,Human,25
KY,1994,5,Human,1
KY,1994,9,Human,1
KY,1994,10,Human,30
KY,1994,11,Human,64
KY,1994,12,Human,5
KY,1995,2,Human,14
KY,1995,3,Human,64
KY,1995,4,Human,76
KY,1995,4,Natural,1
KY,1995,5,Human,1
KY,1995,7,Human,2
KY,1995,7,Natural,1
KY,1995,9,Human,3
KY,1995,9,Natural,1
KY,1995,10,Human,1
KY,1995,11,Human,14
KY,1995,12,Human,2
KY,1996,2,Human,4
KY,1996,3,Human,9
KY,1996,4,Human,35
KY,1996,4,Natural,1
KY,1996,5,Human,2
KY,1996,7,Human,1
KY,1996,9,Human,1
KY,1996,10,Human,9
KY,1996,11,Human,8
KY,1996,12,Human,2
KY,1997,1,Human,2
KY,1997,2,Human,109
KY,1997,2,Natural,1
KY,1997,3,Human,144
KY,1997,4,Human,257
KY,1997,5,Human,25
KY,1997,5,Natural,1
KY,1997,7,Human,2
KY,1997,8,Human,4
KY,1997,9,Human,1
KY,1997,10,Human,38
KY,1997,11,Human,59
KY,1997,12,Human,32
KY,1998,1,Human,14
KY,1998,2,Human,60
KY,1998,3,Human,311
KY,1998,4,Human,94
KY,1998,5,Human,6
KY,1998,6,Human,1
KY,1998,8,Human,8
KY,1998,9,Human,70
KY,1998,9,Natural,1
KY,1998,10,Human,89
KY,1998,11,Human,246
KY,1998,11,Natural,3
KY,1998,12,Human,54
KY,1999,1,Human,25
KY,1999,2,Human,90
KY,1999,3,Human,369
KY,1999,4,Human,325
KY,1999,4,Natural,5
KY,1999,5,Human,22
KY,1999,5,Natural,1
KY,1999,6,Human,16
KY,1999,7,Human,14
KY,1999,8,Human,64
KY,1999,8,Natural,11
KY,1999,9,Human,238
KY,1999,10,Human,174
KY,1999,11,Human,454
KY,1999,11,Natural,1
KY,1999,12,Human,70
KY,2000,1,Human,87
KY,2000,2,Human,169
KY,2000,3,Human,545
KY,2000,3,Natural,8
KY,2000,4,Human,158
KY,2000,4,Natural,2
KY,2000,5,Human,91
KY,2000,6,Human,17
KY,2000,6,Natural,1
KY,2000,7,Human,10
KY,2000,8,Human,2
KY,2000,9,Human,7
KY,2000,10,Human,240
KY,2000,10,Natural,1
KY,2000,11,Human,234
KY,2000,12,Human,15
KY,2001,1,Human,51
KY,2001,2,Human,243
KY,2001,3,Human,304
KY,2001,4,Human,512
KY,2001,4,Natural,4
KY,2001,5,Human,53
KY,2001,5,Natural,3
KY,2001,6,Human,1
KY,2001,7,Human,8
KY,2001,8,Human,1
KY,2001,9,Human,9
KY,2001,10,Human,362
KY,2001,11,Human,473
KY,2001,12,Human,37
KY,2002,1,Human,27
KY,2002,2,Human,261
KY,2002,3,Human,295
KY,2002,4,Human,232
KY,2002,4,Natural,1
KY,2002,5,Human,2
KY,2002,6,Human,7
KY,2002,6,Natural,1
KY,2002,7,Human,8
KY,2002,7,Natural,1
KY,2002,8,Human,30
KY,2002,9,Human,85
KY,2002,9,Natural,1
KY,2002,10,Human,6
KY,2002,11,Human,47
KY,2002,12,Human,45
KY,2003,1,Missing data/not specified/undetermined,26
KY,2003,2,Missing data/not specified/undetermined,6
KY,2003,3,Human,12
KY,2003,3,Missing data/not specified/undetermined,427
KY,2003,4,Human,5
KY,2003,4,Missing data/not specified/undetermined,162
KY,2003,5,Missing data/not specified/undetermined,3
KY,2003,6,Missing data/not specified/undetermined,2
KY,2003,7,Missing data/not specified/undetermined,1
KY,2003,8,Missing data/not specified/undetermined,1
KY,2003,9,Missing data/not specified/undetermined,2
KY,2003,10,Human,7
KY,2003,10,Missing data/not specified/undetermined,127
KY,2003,11,Human,9
KY,2003,11,Missing data/not specified/undetermined,141
KY,2003,12,Human,1
KY,2003,12,Missing data/not specified/undetermined,24
KY,2004,1,Human,1
KY,2004,1,Missing data/not specified/undetermined,23
KY,2004,2,Human,8
KY,2004,2,Missing data/not specified/undetermined,450
KY,2004,3,Human,17
KY,2004,3,Missing data/not specified/undetermined,414
KY,2004,4,Human,24
KY,2004,4,Natural,1
KY,2004,7,Missing data/not specified/undetermined,4
KY,2004,8,Missing data/not specified/undetermined,7
KY,2004,9,Missing data/not specified/undetermined,21
KY,2004,10,Human,3
KY,2004,10,Missing data/not specified/undetermined,74
KY,2004,11,Human,7
KY,2004,11,Missing data/not specified/undetermined,170
KY,2004,12,Missing data/not specified/undetermined,14
KY,2005,1,Human,1
KY,2005,1,Missing data/not specified/undetermined,15
KY,2005,2,Human,2
KY,2005,2,Missing data/not specified/undetermined,68
KY,2005,3,Human,7
KY,2005,3,Missing data/not specified/undetermined,271
KY,2005,4,Human,23
KY,2005,4,Missing data/not specified/undetermined,275
KY,2005,5,Human,1
KY,2005,5,Missing data/not specified/undetermined,23
KY,2005,6,Human,2
KY,2005,6,Missing data/not specified/undetermined,30
KY,2005,7,Missing data/not specified/undetermined,7
KY,2005,8,Human,2
KY,2005,8,Missing data/not specified/undetermined,17
KY,2005,9,Human,5
KY,2005,9,Missing data/not specified/undetermined,70
KY,2005,9,Natural,1
KY,2005,10,Human,4
KY,2005,10,Missing data/not specified/undetermined,121
KY,2005,11,Human,42
KY,2005,11,Missing data/not specified/undetermined,720
KY,2005,12,Human,2
KY,2005,12,Missing data/not specified/undetermined,58
KY,2006,1,Human,4
KY,2006,1,Missing data/not specified/undetermined,126
KY,2006,2,Human,11
KY,2006,2,Missing data/not specified/undetermined,274
KY,2006,3,Human,40
KY,2006,3,Missing data/not specified/undetermined,595
KY,2006,4,Human,21
KY,2006,4,Missing data/not specified/undetermined,349
KY,2006,4,Natural,3
KY,2006,5,Human,1
KY,2006,5,Missing data/not specified/undetermined,15
KY,2006,6,Missing data/not specified/undetermined,3
KY,2006,7,Missing data/not specified/undetermined,4
KY,2006,8,Missing data/not specified/undetermined,3
KY,2006,9,Missing data/not specified/undetermined,1
KY,2006,10,Human,1
KY,2006,10,Missing data/not specified/undetermined,30
KY,2006,11,Human,7
KY,2006,11,Missing data/not specified/undetermined,216
KY,2006,12,Human,7
KY,2006,12,Missing data/not specified/undetermined,173
KY,2007,1,Human,20
KY,2007,2,Human,107
KY,2007,3,Human,676
KY,2007,3,Natural,2
KY,2007,4,Human,253
KY,2007,4,Natural,1
KY,2007,5,Human,63
KY,2007,6,Human,52
KY,2007,6,Natural,9
KY,2007,7,Human,15
KY,2007,7,Natural,1
KY,2007,8,Human,116
KY,2007,8,Natural,7
KY,2007,9,Human,256
KY,2007,9,Natural,5
KY,2007,10,Human,275
KY,2007,10,Missing data/not specified/undetermined,1
KY,2007,10,Natural,1
KY,2007,11,Human,169
KY,2007,12,Human,52
KY,2008,1,Human,28
KY,2008,2,Human,62
KY,2008,3,Human,273
KY,2008,3,Natural,1
KY,2008,4,Human,318
KY,2008,5,Human,68
KY,2008,5,Natural,1
KY,2008,6,Human,25
KY,2008,6,Natural,2
KY,2008,7,Human,12
KY,2008,8,Human,55
KY,2008,8,Natural,1
KY,2008,9,Human,123
KY,2008,9,Natural,1
KY,2008,10,Human,305
KY,2008,10,Natural,1
KY,2008,11,Human,257
KY,2008,12,Human,30
KY,2009,1,Human,33
KY,2009,2,Human,185
KY,2009,2,Natural,1
KY,2009,3,Human,551
KY,2009,4,Human,260
KY,2009,5,Human,5
KY,2009,6,Human,1
KY,2009,7,Human,1
KY,2009,8,Human,4
KY,2009,9,Human,5
KY,2009,10,Human,11
KY,2009,11,Human,347
KY,2009,11,Natural,1
KY,2009,12,Human,14
KY,2010,1,Human,1
KY,2010,2,Human,12
KY,2010,3,Human,360
KY,2010,4,Human,594
KY,2010,5,Human,11
KY,2010,7,Human,10
KY,2010,8,Human,11
KY,2010,8,Natural,1
KY,2010,9,Human,104
KY,2010,10,Human,513
KY,2010,10,Natural,2
KY,2010,11,Human,292
KY,2010,12,Human,2
KY,2011,1,Human,7
KY,2011,2,Human,223
KY,2011,3,Human,271
KY,2011,4,Human,166
KY,2011,4,Natural,1
KY,2011,6,Human,2
KY,2011,6,Natural,1
KY,2011,8,Human,7
KY,2011,8,Natural,1
KY,2011,9,Human,7
KY,2011,9,Natural,1
KY,2011,10,Human,86
KY,2011,11,Human,240
KY,2011,12,Human,19
KY,2012,1,Human,57
KY,2012,2,Human,62
KY,2012,2,Natural,1
KY,2012,3,Human,274
KY,2012,3,Natural,2
KY,2012,4,Human,149
KY,2012,5,Human,8
KY,2012,6,Human,101
KY,2012,7,Human,40
KY,2012,7,Natural,12
KY,2012,8,Human,27
KY,2012,8,Natural,2
KY,2012,9,Human,4
KY,2012,9,Natural,1
KY,2012,10,Human,127
KY,2012,10,Natural,1
KY,2012,11,Human,320
KY,2012,12,Human,75
KY,2013,1,Human,21
KY,2013,2,Human,86
KY,2013,3,Human,220
KY,2013,4,Human,418
KY,2013,4,Natural,1
KY,2013,5,Human,8
KY,2013,6,Human,1
KY,2013,7,Human,1
KY,2013,7,Natural,1
KY,2013,9,Human,3
KY,2013,10,Human,18
KY,2013,11,Human,175
KY,2013,12,Human,51
KY,2014,1,Human,24
KY,2014,2,Human,145
KY,2014,2,Natural,2
KY,2014,3,Human,545
KY,2014,3,Natural,1
KY,2014,4,Human,476
KY,2014,4,Natural,2
KY,2014,5,Human,34
KY,2014,5,Natural,1
KY,2014,6,Human,4
KY,2014,6,Natural,1
KY,2014,7,Human,11
KY,2014,8,Human,2
KY,2014,9,Human,1
KY,2014,10,Human,23
KY,2014,11,Human,157
KY,2014,12,Human,18
KY,2015,1,Human,30
KY,2015,2,Human,53
KY,2015,3,Human,179
KY,2015,4,Human,124
KY,2015,4,Natural,1
KY,2015,5,Human,29
KY,2015,6,Human,5
KY,2015,7,Human,2
KY,2015,8,Human,1
KY,2015,9,Human,10
KY,2015,10,Human,46
KY,2015,11,Human,242
KY,2015,11,Natural,2
KY,2015,12,Human,32
KY,2016,1,Human,12
KY,2016,2,Human,52
KY,2016,3,Human,304
KY,2016,3,Natural,2
KY,2016,4,Human,307
KY,2016,6,Human,5
KY,2016,9,Human,11
KY,2016,10,Human,185
KY,2016,11,Human,373
KY,2016,12,Human,8
KY,2016,12,Natural,1
KY,2017,1,Human,7
KY,2017,2,Human,198
KY,2017,2,Natural,1
KY,2017,3,Human,197
KY,2017,3,Natural,1
KY,2017,4,Human,158
KY,2017,5,Human,7
KY,2017,6,Human,4
KY,2017,7,Human,2
KY,2017,8,Human,2
KY,2017,9,Human,6
KY,2017,10,Human,31
KY,2017,11,Human,160
KY,2017,12,Human,108
KY,2018,1,Human,26
KY,2018,2,Human,23
KY,2018,3,Human,66
KY,2018,4,Human,203
KY,2018,4,Missing data/not specified/undetermined,2
KY,2018,5,Human,38
KY,2018,6,Human,1
KY,2018,7,Human,1
KY,2018,8,Human,1
KY,2018,9,Human,3
KY,2018,10,Human,3
KY,2018,11,Human,6
KY,2018,12,Human,4
KY,2019,1,Human,12
KY,2019,2,Human,21
KY,2019,2,Natural,1
KY,2019,3,Human,279
KY,2019,3,Natural,1
KY,2019,4,Human,146
KY,2019,5,Human,6
KY,2019,5,Natural,1
KY,2019,6,Human,1
KY,2019,7,Human,1
KY,2019,7,Natural,1
KY,2019,8,Human,8
KY,2019,9,Human,116
KY,2019,10,Human,95
KY,2019,10,Natural,1
KY,2019,11,Human,43
KY,2019,12,Human,18
KY,2020,1,Human,22
KY,2020,1,Missing data/not specified/undetermined,1
KY,2020,2,Human,21
KY,2020,3,Human,103
KY,2020,4,Human,113
KY,2020,4,Missing data/not specified/undetermined,3
KY,2020,4,Natural,1
KY,2020,5,Human,12
KY,2020,6,Human,3
KY,2020,7,Human,5
KY,2020,8,Human,1
KY,2020,8,Natural,1
KY,2020,9,Human,3
KY,2020,10,Human,13
KY,2020,11,Human,196
KY,2020,11,Missing data/not specified/undetermined,1
KY,2020,11,Natural,1
KY,2020,12,Human,13
LA,1992,1,Human,13
LA,1992,2,Human,7
LA,1992,3,Human,15
LA,1992,4,Human,5
LA,1992,5,Human,4
LA,1992,5,Missing data/not specified/undetermined,1
LA,1992,6,Missing data/not specified/undetermined,1
LA,1992,7,Human,3
LA,1992,7,Natural,1
LA,1992,8,Human,3
LA,1992,8,Missing data/not specified/undetermined,1
LA,1992,8,Natural,3
LA,1992,9,Human,4
LA,1992,9,Missing data/not specified/undetermined,1
LA,1992,9,Natural,2
LA,1992,10,Human,14
LA,1992,10,Natural,1
LA,1992,11,Human,5
LA,1992,12,Human,3
LA,1993,1,Human,6
LA,1993,2,Human,29
LA,1993,2,Missing data/not specified/undetermined,1
LA,1993,2,Natural,1
LA,1993,3,Human,17
LA,1993,4,Human,7
LA,1993,5,Human,5
LA,1993,6,Human,1
LA,1993,6,Natural,1
LA,1993,7,Human,10
LA,1993,7,Natural,2
LA,1993,8,Human,3
LA,1993,8,Missing data/not specified/undetermined,1
LA,1993,8,Natural,7
LA,1993,9,Human,15
LA,1993,9,Natural,1
LA,1993,10,Human,9
LA,1993,11,Human,3
LA,1993,12,Human,8
LA,1994,1,Human,6
LA,1994,1,Missing data/not specified/undetermined,1
LA,1994,2,Human,32
LA,1994,3,Human,17
LA,1994,4,Human,5
LA,1994,6,Human,1
LA,1994,6,Natural,4
LA,1994,8,Human,1
LA,1994,8,Natural,1
LA,1994,9,Human,7
LA,1994,10,Human,24
LA,1994,11,Human,10
LA,1994,11,Missing data/not specified/undetermined,1
LA,1994,12,Human,1
LA,1995,1,Human,3
LA,1995,2,Human,24
LA,1995,2,Missing data/not specified/undetermined,1
LA,1995,3,Human,10
LA,1995,4,Human,2
LA,1995,5,Human,3
LA,1995,5,Missing data/not specified/undetermined,1
LA,1995,5,Natural,3
LA,1995,6,Human,3
LA,1995,6,Natural,1
LA,1995,7,Natural,1
LA,1995,8,Human,1
LA,1995,8,Natural,1
LA,1995,9,Human,32
LA,1995,9,Missing data/not specified/undetermined,2
LA,1995,9,Natural,1
LA,1995,10,Human,26
LA,1995,10,Missing data/not specified/undetermined,2
LA,1995,10,Natural,1
LA,1995,11,Human,7
LA,1995,12,Human,13
LA,1995,12,Missing data/not specified/undetermined,1
LA,1996,1,Human,19
LA,1996,1,Missing data/not specified/undetermined,8
LA,1996,2,Human,50
LA,1996,2,Natural,1
LA,1996,3,Human,38
LA,1996,4,Human,8
LA,1996,4,Natural,1
LA,1996,5,Human,8
LA,1996,6,Human,1
LA,1996,6,Natural,4
LA,1996,7,Human,4
LA,1996,7,Missing data/not specified/undetermined,1
LA,1996,7,Natural,1
LA,1996,8,Natural,5
LA,1996,9,Human,2
LA,1996,10,Human,1
LA,1996,11,Human,2
LA,1996,12,Human,3
LA,1997,1,Human,110
LA,1997,2,Human,134
LA,1997,3,Human,97
LA,1997,4,Human,64
LA,1997,5,Human,51
LA,1997,5,Natural,1
LA,1997,6,Human,24
LA,1997,6,Natural,5
LA,1997,7,Human,40
LA,1997,7,Natural,10
LA,1997,8,Human,61
LA,1997,9,Human,323
LA,1997,9,Missing data/not specified/undetermined,1
LA,1997,9,Natural,4
LA,1997,10,Human,261
LA,1997,10,Missing data/not specified/undetermined,1
LA,1997,11,Human,78
LA,1997,12,Human,96
LA,1998,1,Human,73
LA,1998,2,Human,176
LA,1998,3,Human,461
LA,1998,4,Human,232
LA,1998,5,Human,139
LA,1998,5,Missing data/not specified/undetermined,1
LA,1998,6,Human,355
LA,1998,6,Natural,1
LA,1998,7,Human,357
LA,1998,7,Natural,6
LA,1998,8,Human,217
LA,1998,8,Natural,12
LA,1998,9,Human,160
LA,1998,10,Human,48
LA,1998,11,Human,19
LA,1998,12,Human,26
LA,1999,1,Human,154
LA,1999,2,Human,343
LA,1999,3,Human,282
LA,1999,4,Human,150
LA,1999,4,Missing data/not specified/undetermined,1
LA,1999,5,Human,105
LA,1999,5,Natural,1
LA,1999,6,Human,31
LA,1999,6,Natural,1
LA,1999,7,Human,14
LA,1999,7,Natural,2
LA,1999,8,Human,321
LA,1999,8,Missing data/not specified/undetermined,1
LA,1999,8,Natural,3
LA,1999,9,Human,494
LA,1999,9,Natural,2
LA,1999,10,Human,264
LA,1999,11,Human,372
LA,1999,11,Missing data/not specified/undetermined,1
LA,1999,11,Natural,1
LA,1999,12,Human,245
LA,2000,1,Human,655
LA,2000,1,Missing data/not specified/undetermined,2
LA,2000,2,Human,994
LA,2000,2,Missing data/not specified/undetermined,1
LA,2000,3,Human,406
LA,2000,3,Natural,1
LA,2000,4,Human,153
LA,2000,5,Human,216
LA,2000,6,Human,95
LA,2000,6,Natural,1
LA,2000,7,Human,217
LA,2000,7,Missing data/not specified/undetermined,1
LA,2000,7,Natural,4
LA,2000,8,Human,548
LA,2000,8,Natural,2
LA,2000,9,Human,506
LA,2000,9,Natural,4
LA,2000,10,Human,340
LA,2000,10,Missing data/not specified/undetermined,1
LA,2000,11,Human,42
LA,2000,11,Natural,1
LA,2000,12,Human,43
LA,2000,12,Missing data/not specified/undetermined,1
LA,2001,1,Human,82
LA,2001,2,Human,183
LA,2001,3,Human,97
LA,2001,3,Natural,1
LA,2001,4,Human,119
LA,2001,5,Human,211
LA,2001,5,Natural,1
LA,2001,6,Human,32
LA,2001,6,Natural,4
LA,2001,7,Human,56
LA,2001,7,Natural,5
LA,2001,8,Human,61
LA,2001,9,Human,11
LA,2001,9,Natural,2
LA,2001,10,Human,44
LA,2001,11,Human,63
LA,2001,12,Human,4
LA,2002,1,Human,142
LA,2002,2,Human,390
LA,2002,2,Missing data/not specified/undetermined,1
LA,2002,3,Human,230
LA,2002,4,Human,81
LA,2002,5,Human,196
LA,2002,5,Natural,1
LA,2002,6,Human,81
LA,2002,6,Natural,1
LA,2002,7,Human,40
LA,2002,7,Natural,18
LA,2002,8,Human,119
LA,2002,8,Natural,4
LA,2002,9,Human,121
LA,2002,10,Human,12
LA,2002,11,Human,21
LA,2002,12,Human,23
LA,2003,1,Human,19
LA,2003,2,Human,1
LA,2003,2,Missing data/not specified/undetermined,1
LA,2003,3,Human,1
LA,2003,4,Human,4
LA,2003,5,Human,5
LA,2003,5,Missing data/not specified/undetermined,1
LA,2003,6,Human,3
LA,2003,6,Natural,6
LA,2003,7,Natural,4
LA,2003,8,Human,2
LA,2003,8,Natural,19
LA,2003,9,Human,1
LA,2003,10,Human,11
LA,2003,11,Human,11
LA,2003,12,Human,3
LA,2003,12,Missing data/not specified/undetermined,2
LA,2004,1,Human,4
LA,2004,2,Human,2
LA,2004,3,Human,13
LA,2004,4,Human,7
LA,2004,5,Human,2
LA,2004,6,Human,1
LA,2004,6,Natural,4
LA,2004,7,Human,1
LA,2004,7,Natural,10
LA,2004,8,Human,3
LA,2004,8,Natural,11
LA,2004,9,Human,6
LA,2004,9,Natural,1
LA,2004,10,Human,1
LA,2004,10,Natural,2
LA,2004,11,Human,4
LA,2004,12,Human,6
LA,2005,1,Human,52
LA,2005,1,Missing data/not specified/undetermined,14
LA,2005,1,Natural,122
LA,2005,2,Human,25
LA,2005,2,Missing data/not specified/undetermined,4
LA,2005,2,Natural,45
LA,2005,3,Human,102
LA,2005,3,Missing data/not specified/undetermined,19
LA,2005,3,Natural,206
LA,2005,4,Human,72
LA,2005,4,Missing data/not specified/undetermined,9
LA,2005,4,Natural,126
LA,2005,5,Human,103
LA,2005,5,Missing data/not specified/undetermined,8
LA,2005,5,Natural,107
LA,2005,6,Human,54
LA,2005,6,Missing data/not specified/undetermined,4
LA,2005,6,Natural,68
LA,2005,7,Human,41
LA,2005,7,Missing data/not specified/undetermined,3
LA,2005,7,Natural,38
LA,2005,8,Human,108
LA,2005,8,Missing data/not specified/undetermined,13
LA,2005,8,Natural,88
LA,2005,9,Human,255
LA,2005,9,Missing data/not specified/undetermined,21
LA,2005,9,Natural,280
LA,2005,10,Human,345
LA,2005,10,Missing data/not specified/undetermined,17
LA,2005,10,Natural,374
LA,2005,11,Human,147
LA,2005,11,Missing data/not specified/undetermined,11
LA,2005,11,Natural,172
LA,2005,12,Human,162
LA,2005,12,Missing data/not specified/undetermined,5
LA,2005,12,Natural,164
LA,2006,1,Human,603
LA,2006,1,Missing data/not specified/undetermined,2
LA,2006,1,Natural,4
LA,2006,2,Human,250
LA,2006,2,Missing data/not specified/undetermined,1
LA,2006,3,Human,760
LA,2006,4,Human,341
LA,2006,5,Human,161
LA,2006,5,Missing data/not specified/undetermined,1
LA,2006,5,Natural,2
LA,2006,6,Human,349
LA,2006,6,Missing data/not specified/undetermined,2
LA,2006,6,Natural,8
LA,2006,7,Human,111
LA,2006,7,Natural,11
LA,2006,8,Human,141
LA,2006,8,Missing data/not specified/undetermined,2
LA,2006,8,Natural,7
LA,2006,9,Human,139
LA,2006,9,Missing data/not specified/undetermined,1
LA,2006,9,Natural,1
LA,2006,10,Human,148
LA,2006,10,Missing data/not specified/undetermined,1
LA,2006,11,Human,38
LA,2006,12,Human,47
LA,2007,1,Human,1
LA,2007,1,Missing data/not specified/undetermined,1
LA,2007,2,Human,10
LA,2007,3,Human,21
LA,2007,4,Human,5
LA,2007,6,Human,1
LA,2007,7,Missing data/not specified/undetermined,1
LA,2007,7,Natural,2
LA,2007,8,Human,4
LA,2007,8,Missing data/not specified/undetermined,1
LA,2007,9,Natural,2
LA,2007,10,Human,1
LA,2007,11,Human,4
LA,2007,11,Missing data/not specified/undetermined,1
LA,2007,11,Natural,1
LA,2007,12,Human,7
LA,2008,1,Human,87
LA,2008,2,Human,190
LA,2008,2,Missing data/not specified/undetermined,1
LA,2008,2,Natural,3
LA,2008,3,Human,338
LA,2008,3,Missing data/not specified/undetermined,1
LA,2008,4,Human,93
LA,2008,4,Natural,1
LA,2008,5,Human,34
LA,2008,5,Natural,1
LA,2008,6,Human,70
LA,2008,6,Natural,15
LA,2008,7,Human,197
LA,2008,7,Natural,17
LA,2008,8,Human,68
LA,2008,8,Natural,7
LA,2008,9,Human,33
LA,2008,10,Human,105
LA,2008,11,Human,125
LA,2008,11,Natural,1
LA,2008,12,Human,51
LA,2009,1,Human,263
LA,2009,1,Missing data/not specified/undetermined,14
LA,2009,2,Human,276
LA,2009,2,Missing data/not specified/undetermined,15
LA,2009,2,Natural,1
LA,2009,3,Human,361
LA,2009,3,Missing data/not specified/undetermined,23
LA,2009,4,Human,107
LA,2009,4,Missing data/not specified/undetermined,7
LA,2009,4,Natural,1
LA,2009,5,Human,33
LA,2009,5,Missing data/not specified/undetermined,3
LA,2009,6,Human,185
LA,2009,6,Missing data/not specified/undetermined,7
LA,2009,6,Natural,4
LA,2009,7,Human,115
LA,2009,7,Missing data/not specified/undetermined,2
LA,2009,7,Natural,17
LA,2009,8,Human,45
LA,2009,8,Missing data/not specified/undetermined,2
LA,2009,8,Natural,5
LA,2009,9,Human,26
LA,2009,9,Missing data/not specified/undetermined,2
LA,2009,9,Natural,1
LA,2009,10,Human,9
LA,2009,11,Human,11
LA,2009,11,Missing data/not specified/undetermined,1
LA,2009,12,Human,6
LA,2010,1,Human,58
LA,2010,1,Natural,60
LA,2010,2,Human,48
LA,2010,2,Natural,63
LA,2010,3,Human,143
LA,2010,3,Missing data/not specified/undetermined,1
LA,2010,3,Natural,194
LA,2010,4,Human,124
LA,2010,4,Missing data/not specified/undetermined,1
LA,2010,4,Natural,130
LA,2010,5,Human,87
LA,2010,5,Natural,116
LA,2010,6,Human,50
LA,2010,6,Missing data/not specified/undetermined,1
LA,2010,6,Natural,44
LA,2010,7,Human,42
LA,2010,7,Natural,13
LA,2010,8,Human,119
LA,2010,8,Natural,15
LA,2010,9,Human,265
LA,2010,9,Missing data/not specified/undetermined,1
LA,2010,9,Natural,3
LA,2010,10,Human,537
LA,2010,10,Missing data/not specified/undetermined,2
LA,2010,10,Natural,9
LA,2010,11,Human,62
LA,2010,11,Missing data/not specified/undetermined,4
LA,2010,11,Natural,1
LA,2010,12,Human,219
LA,2010,12,Missing data/not specified/undetermined,4
LA,2011,1,Human,3
LA,2011,1,Missing data/not specified/undetermined,2
LA,2011,2,Human,10
LA,2011,2,Missing data/not specified/undetermined,1
LA,2011,3,Human,16
LA,2011,3,Missing data/not specified/undetermined,3
LA,2011,3,Natural,2
LA,2011,4,Human,21
LA,2011,4,Missing data/not specified/undetermined,1
LA,2011,4,Natural,6
LA,2011,5,Human,18
LA,2011,5,Missing data/not specified/undetermined,6
LA,2011,6,Human,19
LA,2011,6,Missing data/not specified/undetermined,2
LA,2011,6,Natural,7
LA,2011,7,Human,12
LA,2011,7,Missing data/not specified/undetermined,1
LA,2011,7,Natural,10
LA,2011,8,Human,31
LA,2011,8,Missing data/not specified/undetermined,5
LA,2011,8,Natural,5
LA,2011,9,Human,15
LA,2011,9,Missing data/not specified/undetermined,2
LA,2011,9,Natural,1
LA,2011,10,Human,11
LA,2011,10,Missing data/not specified/undetermined,1
LA,2011,11,Human,4
LA,2011,11,Missing data/not specified/undetermined,1
LA,2011,12,Human,1
LA,2012,1,Human,102
LA,2012,1,Missing data/not specified/undetermined,2
LA,2012,2,Human,54
LA,2012,2,Missing data/not specified/undetermined,3
LA,2012,3,Human,73
LA,2012,3,Missing data/not specified/undetermined,1
LA,2012,3,Natural,5
LA,2012,4,Human,36
LA,2012,4,Natural,2
LA,2012,5,Human,78
LA,2012,5,Natural,7
LA,2012,6,Human,102
LA,2012,6,Natural,3
LA,2012,7,Human,59
LA,2012,7,Missing data/not specified/undetermined,1
LA,2012,7,Natural,24
LA,2012,8,Human,71
LA,2012,8,Natural,28
LA,2012,9,Human,36
LA,2012,9,Natural,1
LA,2012,10,Human,54
LA,2012,10,Natural,1
LA,2012,11,Human,85
LA,2012,11,Missing data/not specified/undetermined,2
LA,2012,11,Natural,3
LA,2012,12,Human,41
LA,2012,12,Missing data/not specified/undetermined,2
LA,2012,12,Natural,1
LA,2013,1,Human,27
LA,2013,2,Human,45
LA,2013,2,Natural,1
LA,2013,3,Human,381
LA,2013,4,Human,39
LA,2013,4,Natural,3
LA,2013,5,Human,43
LA,2013,6,Human,34
LA,2013,6,Missing data/not specified/undetermined,1
LA,2013,6,Natural,2
LA,2013,7,Human,72
LA,2013,7,Natural,5
LA,2013,8,Human,142
LA,2013,8,Natural,3
LA,2013,9,Human,168
LA,2013,9,Natural,15
LA,2013,10,Human,21
LA,2013,11,Human,41
LA,2013,12,Human,32
LA,2014,1,Human,225
LA,2014,1,Missing data/not specified/undetermined,1
LA,2014,2,Human,76
LA,2014,2,Missing data/not specified/undetermined,1
LA,2014,2,Natural,1
LA,2014,3,Human,179
LA,2014,3,Missing data/not specified/undetermined,3
LA,2014,4,Human,66
LA,2014,4,Natural,4
LA,2014,5,Human,65
LA,2014,6,Human,8
LA,2014,6,Natural,1
LA,2014,7,Human,32
LA,2014,7,Missing data/not specified/undetermined,1
LA,2014,7,Natural,6
LA,2014,8,Human,20
LA,2014,8,Missing data/not specified/undetermined,1
LA,2014,8,Natural,4
LA,2014,9,Human,31
LA,2014,9,Natural,6
LA,2014,10,Human,33
LA,2014,10,Natural,1
LA,2014,11,Human,79
LA,2014,12,Human,31
LA,2014,12,Missing data/not specified/undetermined,1
LA,2015,1,Human,2
LA,2015,1,Missing data/not specified/undetermined,79
LA,2015,2,Human,6
LA,2015,2,Missing data/not specified/undetermined,158
LA,2015,3,Human,6
LA,2015,3,Missing data/not specified/undetermined,29
LA,2015,4,Human,1
LA,2015,4,Missing data/not specified/undetermined,14
LA,2015,5,Human,1
LA,2015,5,Missing data/not specified/undetermined,5
LA,2015,6,Human,1
LA,2015,6,Missing data/not specified/undetermined,9
LA,2015,6,Natural,2
LA,2015,7,Human,3
LA,2015,7,Missing data/not specified/undetermined,43
LA,2015,7,Natural,2
LA,2015,8,Human,18
LA,2015,8,Missing data/not specified/undetermined,180
LA,2015,8,Natural,1
LA,2015,9,Human,3
LA,2015,9,Missing data/not specified/undetermined,138
LA,2015,9,Natural,1
LA,2015,10,Human,12
LA,2015,10,Missing data/not specified/undetermined,340
LA,2015,10,Natural,1
LA,2015,11,Missing data/not specified/undetermined,11
LA,2015,12,Missing data/not specified/undetermined,9
LA,2016,1,Human,28
LA,2016,2,Human,228
LA,2016,2,Missing data/not specified/undetermined,2
LA,2016,3,Human,88
LA,2016,3,Natural,1
LA,2016,4,Human,37
LA,2016,5,Human,17
LA,2016,6,Human,7
LA,2016,6,Natural,3
LA,2016,7,Human,34
LA,2016,7,Natural,6
LA,2016,8,Human,9
LA,2016,8,Missing data/not specified/undetermined,1
LA,2016,8,Natural,6
LA,2016,9,Human,9
LA,2016,10,Human,138
LA,2016,10,Missing data/not specified/undetermined,1
LA,2016,10,Natural,1
LA,2016,11,Human,109
LA,2016,11,Natural,1
LA,2016,12,Human,38
LA,2016,12,Natural,1
LA,2017,1,Human,105
LA,2017,1,Missing data/not specified/undetermined,1
LA,2017,1,Natural,1
LA,2017,2,Human,161
LA,2017,3,Human,125
LA,2017,3,Missing data/not specified/undetermined,2
LA,2017,3,Natural,2
LA,2017,4,Human,44
LA,2017,4,Natural,1
LA,2017,5,Human,26
LA,2017,6,Human,2
LA,2017,6,Natural,1
LA,2017,7,Human,10
LA,2017,7,Natural,5
LA,2017,8,Human,5
LA,2017,8,Natural,1
LA,2017,9,Human,23
LA,2017,9,Natural,1
LA,2017,10,Human,94
LA,2017,11,Human,107
LA,2017,12,Human,36
LA,2017,12,Missing data/not specified/undetermined,1
LA,2018,1,Human,103
LA,2018,2,Human,39
LA,2018,3,Human,132
LA,2018,3,Natural,1
LA,2018,4,Human,44
LA,2018,5,Human,91
LA,2018,5,Missing data/not specified/undetermined,1
LA,2018,5,Natural,10
LA,2018,6,Human,70
LA,2018,6,Missing data/not specified/undetermined,2
LA,2018,6,Natural,4
LA,2018,7,Human,71
LA,2018,7,Missing data/not specified/undetermined,1
LA,2018,7,Natural,6
LA,2018,8,Human,93
LA,2018,8,Natural,14
LA,2018,9,Human,14
LA,2018,9,Natural,2
LA,2018,10,Human,5
LA,2018,11,Human,4
LA,2018,12,Human,7
LA,2019,1,Human,23
LA,2019,2,Human,44
LA,2019,3,Human,87
LA,2019,4,Human,21
LA,2019,5,Human,24
LA,2019,6,Human,19
LA,2019,6,Missing data/not specified/undetermined,1
LA,2019,7,Human,16
LA,2019,7,Missing data/not specified/undetermined,1
LA,2019,7,Natural,1
LA,2019,8,Human,21
LA,2019,8,Natural,3
LA,2019,9,Human,121
LA,2019,9,Natural,2
LA,2019,10,Human,34
LA,2019,10,Natural,3
LA,2019,11,Human,39
LA,2019,12,Human,44
LA,2019,12,Missing data/not specified/undetermined,1
LA,2020,1,Human,19
LA,2020,2,Human,26
LA,2020,2,Missing data/not specified/undetermined,2
LA,2020,3,Human,48
LA,2020,3,Missing data/not specified/undetermined,3
LA,2020,4,Human,30
LA,2020,4,Natural,1
LA,2020,5,Human,20
LA,2020,5,Missing data/not specified/undetermined,1
LA,2020,5,Natural,3
LA,2020,6,Human,19
LA,2020,6,Missing data/not specified/undetermined,1
LA,2020,7,Human,11
LA,2020,7,Missing data/not specified/undetermined,1
LA,2020,7,Natural,2
LA,2020,8,Human,36
LA,2020,8,Missing data/not specified/undetermined,2
LA,2020,8,Natural,2
LA,2020,9,Human,27
LA,2020,9,Missing data/not specified/undetermined,1
LA,2020,10,Human,45
LA,2020,11,Human,65
LA,2020,11,Missing data/not specified/undetermined,1
LA,2020,12,Human,13
LA,2020,12,Missing data/not specified/undetermined,1
LA,2020,12,Natural,1
MA,1992,1,Human,1
MA,1992,3,Human,1
MA,1992,4,Human,1
MA,1992,5,Human,1
MA,1992,6,Human,1
MA,1992,7,Human,1
MA,1992,8,Human,1
MA,1993,5,Human,1
MA,1993,7,Human,1
MA,1993,8,Human,2
MA,1994,1,Human,1
MA,1995,4,Human,3
MA,1995,4,Missing data/not specified/undetermined,1
MA,1995,5,Human,3
MA,1995,8,Human,2
MA,1995,9,Human,3
MA,1995,10,Human,1
MA,1995,12,Human,2
MA,1996,3,Human,1
MA,1996,4,Human,1
MA,1996,7,Human,2
MA,1997,1,Human,1
MA,1997,3,Human,1
MA,1997,6,Human,1
MA,1997,7,Human,2
MA,1997,8,Human,3
MA,1997,9,Human,1
MA,1997,10,Human,2
MA,1998,9,Human,1
MA,1999,5,Human,1
MA,1999,6,Human,1
MA,1999,7,Human,4
MA,1999,8,Human,1
MA,2000,7,Human,1
MA,2000,10,Missing data/not specified/undetermined,1
MA,2000,12,Human,1
MA,2001,5,Human,3
MA,2001,5,Natural,1
MA,2001,6,Missing data/not specified/undetermined,1
MA,2001,7,Human,2
MA,2001,9,Natural,1
MA,2001,10,Human,4
MA,2001,10,Missing data/not specified/undetermined,2
MA,2001,11,Human,2
MA,2001,12,Human,1
MA,2002,1,Human,4
MA,2002,2,Human,7
MA,2002,3,Human,3
MA,2002,3,Missing data/not specified/undetermined,3
MA,2002,4,Human,10
MA,2002,4,Missing data/not specified/undetermined,1
MA,2002,4,Natural,1
MA,2002,5,Human,18
MA,2002,5,Missing data/not specified/undetermined,4
MA,2002,6,Human,5
MA,2002,6,Missing data/not specified/undetermined,4
MA,2002,7,Human,6
MA,2002,7,Missing data/not specified/undetermined,8
MA,2002,7,Natural,8
MA,2002,8,Human,13
MA,2002,8,Missing data/not specified/undetermined,8
MA,2002,8,Natural,1
MA,2002,9,Human,4
MA,2002,9,Missing data/not specified/undetermined,2
MA,2002,10,Human,3
MA,2002,11,Human,1
MA,2002,11,Missing data/not specified/undetermined,1
MA,2003,3,Human,3
MA,2003,3,Missing data/not specified/undetermined,1
MA,2003,4,Human,34
MA,2003,4,Missing data/not specified/undetermined,6
MA,2003,4,Natural,1
MA,2003,5,Human,8
MA,2003,5,Missing data/not specified/undetermined,1
MA,2003,6,Human,1
MA,2003,7,Human,1
MA,2003,7,Missing data/not specified/undetermined,2
MA,2003,7,Natural,1
MA,2003,8,Human,2
MA,2003,8,Missing data/not specified/undetermined,1
MA,2003,9,Missing data/not specified/undetermined,2
MA,2003,10,Human,2
MA,2003,11,Human,4
MA,2003,11,Missing data/not specified/undetermined,2
MA,2003,12,Human,1
MA,2003,12,Missing data/not specified/undetermined,2
MA,2004,2,Human,3
MA,2004,2,Missing data/not specified/undetermined,1
MA,2004,3,Human,4
MA,2004,3,Missing data/not specified/undetermined,2
MA,2004,4,Human,21
MA,2004,4,Missing data/not specified/undetermined,6
MA,2004,5,Human,7
MA,2004,5,Missing data/not specified/undetermined,1
MA,2004,6,Human,2
MA,2004,6,Missing data/not specified/undetermined,2
MA,2004,7,Human,5
MA,2004,7,Missing data/not specified/undetermined,4
MA,2004,7,Natural,1
MA,2004,8,Human,1
MA,2004,8,Missing data/not specified/undetermined,4
MA,2004,9,Human,1
MA,2004,9,Missing data/not specified/undetermined,1
MA,2004,10,Human,1
MA,2004,11,Missing data/not specified/undetermined,1
MA,2004,11,Natural,1
MA,2005,3,Human,4
MA,2005,3,Missing data/not specified/undetermined,1
MA,2005,4,Human,15
MA,2005,4,Missing data/not specified/undetermined,2
MA,2005,5,Human,1
MA,2005,6,Natural,1
MA,2005,7,Human,2
MA,2005,8,Human,1
MA,2005,8,Natural,1
MA,2005,10,Missing data/not specified/undetermined,1
MA,2005,12,Human,1
MA,2006,3,Human,7
MA,2006,4,Human,10
MA,2006,4,Missing data/not specified/undetermined,4
MA,2006,4,Natural,1
MA,2006,5,Human,1
MA,2006,5,Missing data/not specified/undetermined,2
MA,2006,6,Human,1
MA,2006,7,Human,2
MA,2006,8,Missing data/not specified/undetermined,2
MA,2006,10,Human,1
MA,2007,3,Human,2
MA,2007,4,Human,3
MA,2007,5,Human,5
MA,2007,5,Missing data/not specified/undetermined,4
MA,2007,6,Human,6
MA,2007,6,Missing data/not specified/undetermined,1
MA,2007,6,Natural,1
MA,2007,7,Human,4
MA,2007,7,Missing data/not specified/undetermined,1
MA,2007,8,Human,1
MA,2007,9,Human,2
MA,2007,9,Missing data/not specified/undetermined,2
MA,2007,11,Missing data/not specified/undetermined,1
MA,2007,11,Natural,1
MA,2008,2,Missing data/not specified/undetermined,1
MA,2008,3,Missing data/not specified/undetermined,1
MA,2008,4,Human,2
MA,2008,4,Missing data/not specified/undetermined,3
MA,2008,5,Human,1
MA,2008,5,Missing data/not specified/undetermined,1
MA,2008,6,Human,1
MA,2008,9,Human,1
MA,2008,10,Missing data/not specified/undetermined,1
MA,2009,4,Human,1
MA,2010,3,Human,1
MA,2010,4,Missing data/not specified/undetermined,1
MA,2010,7,Human,1
MA,2012,3,Human,1
MA,2012,4,Human,1
MA,2012,7,Human,2
MA,2012,8,Human,1
MA,2013,4,Human,3
MA,2013,9,Human,1
MA,2013,11,Human,1
MA,2014,4,Human,3
MA,2014,5,Human,2
MA,2014,5,Missing data/not specified/undetermined,1
MA,2015,1,Human,25
MA,2015,2,Human,1
MA,2015,3,Human,4
MA,2015,4,Human,466
MA,2015,4,Natural,16
MA,2015,5,Human,952
MA,2015,5,Missing data/not specified/undetermined,3
MA,2015,5,Natural,22
MA,2015,6,Human,133
MA,2015,6,Natural,7
MA,2015,7,Human,101
MA,2015,7,Natural,4
MA,2015,8,Human,147
MA,2015,8,Natural,9
MA,2015,9,Human,154
MA,2015,9,Natural,4
MA,2015,10,Human,44
MA,2015,10,Natural,1
MA,2015,11,Human,62
MA,2015,11,Natural,4
MA,2015,12,Human,11
MA,2016,1,Human,26
MA,2016,1,Natural,2
MA,2016,2,Human,20
MA,2016,2,Natural,1
MA,2016,3,Human,188
MA,2016,3,Natural,4
MA,2016,4,Human,426
MA,2016,4,Missing data/not specified/undetermined,1
MA,2016,4,Natural,12
MA,2016,5,Human,248
MA,2016,5,Natural,5
MA,2016,6,Human,317
MA,2016,6,Natural,4
MA,2016,7,Human,349
MA,2016,7,Missing data/not specified/undetermined,1
MA,2016,7,Natural,9
MA,2016,8,Human,242
MA,2016,8,Missing data/not specified/undetermined,1
MA,2016,8,Natural,2
MA,2016,9,Human,132
MA,2016,9,Natural,2
MA,2016,10,Human,43
MA,2016,10,Natural,2
MA,2016,11,Human,58
MA,2016,11,Natural,2
MA,2016,12,Human,10
MA,2016,12,Natural,1
MA,2017,1,Human,15
MA,2017,1,Natural,1
MA,2017,2,Human,10
MA,2017,3,Human,114
MA,2017,3,Natural,3
MA,2017,4,Human,429
MA,2017,4,Missing data/not specified/undetermined,1
MA,2017,4,Natural,4
MA,2017,5,Human,100
MA,2017,5,Natural,2
MA,2017,6,Human,98
MA,2017,6,Natural,1
MA,2017,7,Human,103
MA,2017,7,Natural,2
MA,2017,8,Human,121
MA,2017,8,Natural,2
MA,2017,9,Human,67
MA,2017,9,Natural,2
MA,2017,10,Human,51
MA,2017,10,Natural,1
MA,2017,11,Human,29
MA,2017,12,Human,2
MA,2018,1,Human,9
MA,2018,1,Natural,1
MA,2018,2,Human,20
MA,2018,3,Human,56
MA,2018,3,Natural,2
MA,2018,4,Human,208
MA,2018,4,Natural,1
MA,2018,5,Human,157
MA,2018,5,Natural,4
MA,2018,6,Human,159
MA,2018,6,Natural,3
MA,2018,7,Human,137
MA,2018,7,Natural,3
MA,2018,8,Human,45
MA,2018,8,Natural,2
MA,2018,9,Human,48
MA,2018,9,Natural,3
MA,2018,10,Human,8
MA,2018,11,Human,6
MA,2018,11,Natural,1
MA,2018,12,Human,13
MA,2019,1,Human,4
MA,2019,2,Human,4
MA,2019,3,Human,72
MA,2019,4,Human,113
MA,2019,4,Natural,1
MA,2019,5,Human,14
MA,2019,5,Natural,1
MA,2019,6,Human,23
MA,2019,6,Natural,1
MA,2019,7,Human,9
MA,2019,7,Natural,1
MA,2019,8,Human,8
MA,2019,9,Human,11
MA,2019,11,Human,10
MA,2020,1,Human,25
MA,2020,1,Natural,1
MA,2020,2,Human,36
MA,2020,2,Natural,1
MA,2020,3,Human,285
MA,2020,3,Natural,2
MA,2020,4,Human,156
MA,2020,4,Natural,1
MA,2020,5,Human,249
MA,2020,5,Natural,3
MA,2020,6,Human,159
MA,2020,6,Natural,7
MA,2020,7,Human,69
MA,2020,7,Natural,2
MA,2020,8,Human,122
MA,2020,8,Natural,3
MA,2020,9,Human,138
MA,2020,9,Missing data/not specified/undetermined,1
MA,2020,9,Natural,1
MA,2020,10,Human,30
MA,2020,11,Human,26
MA,2020,11,Natural,1
MA,2020,12,Human,3
MD,1992,1,Human,8
MD,1992,2,Human,2
MD,1992,8,Human,1
MD,1992,11,Human,1
MD,1993,1,Human,8
MD,1993,2,Human,1
MD,1993,2,Missing data/not specified/undetermined,1
MD,1993,11,Human,1
MD,1994,1,Human,1
MD,1994,2,Human,6
MD,1994,3,Human,2
MD,1994,4,Human,2
MD,1994,6,Natural,1
MD,1994,7,Natural,1
MD,1994,11,Human,2
MD,1994,12,Human,1
MD,1995,1,Human,5
MD,1995,2,Human,12
MD,1995,3,Human,3
MD,1995,4,Human,7
MD,1995,5,Human,1
MD,1995,5,Missing data/not specified/undetermined,1
MD,1995,6,Human,1
MD,1995,8,Human,1
MD,1995,12,Human,1
MD,1996,1,Human,2
MD,1996,2,Human,8
MD,1996,3,Human,5
MD,1996,4,Human,1
MD,1996,5,Human,1
MD,1997,1,Human,4
MD,1997,2,Human,8
MD,1997,3,Human,1
MD,1997,5,Human,1
MD,1997,7,Human,3
MD,1997,8,Human,2
MD,1998,1,Human,3
MD,1998,2,Human,5
MD,1998,7,Human,1
MD,1998,8,Human,2
MD,1998,8,Missing data/not specified/undetermined,1
MD,1998,9,Natural,1
MD,1998,10,Human,1
MD,1998,10,Missing data/not specified/undetermined,1
MD,1998,11,Human,1
MD,1998,12,Human,1
MD,1999,1,Human,7
MD,1999,2,Human,6
MD,1999,3,Human,4
MD,1999,3,Natural,1
MD,1999,4,Human,1
MD,1999,5,Human,1
MD,1999,6,Human,2
MD,1999,6,Missing data/not specified/undetermined,1
MD,1999,7,Human,2
MD,1999,7,Missing data/not specified/undetermined,1
MD,1999,8,Human,3
MD,1999,8,Missing data/not specified/undetermined,1
MD,1999,8,Natural,2
MD,1999,10,Human,1
MD,1999,11,Human,1
MD,2000,1,Human,2
MD,2000,2,Human,1
MD,2000,3,Human,4
MD,2000,4,Human,1
MD,2000,5,Human,2
MD,2000,5,Natural,2
MD,2000,9,Human,1
MD,2000,10,Human,1
MD,2001,1,Human,5
MD,2001,2,Human,5
MD,2001,3,Human,2
MD,2001,4,Human,1
MD,2001,5,Human,1
MD,2001,10,Human,1
MD,2001,11,Human,2
MD,2001,11,Missing data/not specified/undetermined,1
MD,2001,12,Human,3
MD,2001,12,Natural,1
MD,2002,2,Human,3
MD,2002,2,Missing data/not specified/undetermined,4
MD,2002,6,Human,1
MD,2002,7,Human,1
MD,2002,7,Natural,1
MD,2002,8,Natural,3
MD,2002,9,Human,1
MD,2003,3,Human,3
MD,2003,3,Missing data/not specified/undetermined,1
MD,2003,12,Human,1
MD,2004,1,Human,5
MD,2004,1,Missing data/not specified/undetermined,2
MD,2004,2,Human,3
MD,2004,3,Human,8
MD,2004,3,Missing data/not specified/undetermined,1
MD,2004,10,Human,1
MD,2004,11,Human,1
MD,2005,1,Human,11
MD,2005,2,Human,8
MD,2005,3,Human,36
MD,2005,4,Human,148
MD,2005,4,Natural,1
MD,2005,5,Human,27
MD,2005,6,Human,14
MD,2005,7,Human,15
MD,2005,7,Natural,1
MD,2005,8,Human,8
MD,2005,8,Natural,1
MD,2005,9,Human,62
MD,2005,9,Missing data/not specified/undetermined,3
MD,2005,9,Natural,2
MD,2005,10,Human,26
MD,2005,11,Human,46
MD,2005,11,Natural,1
MD,2005,12,Human,7
MD,2006,1,Human,37
MD,2006,1,Missing data/not specified/undetermined,1
MD,2006,2,Human,63
MD,2006,3,Human,355
MD,2006,3,Missing data/not specified/undetermined,7
MD,2006,4,Human,93
MD,2006,4,Missing data/not specified/undetermined,1
MD,2006,4,Natural,7
MD,2006,5,Human,44
MD,2006,6,Human,10
MD,2006,6,Natural,3
MD,2006,7,Human,5
MD,2006,7,Natural,1
MD,2006,8,Human,37
MD,2006,8,Missing data/not specified/undetermined,1
MD,2006,8,Natural,4
MD,2006,9,Human,4
MD,2006,10,Human,9
MD,2006,11,Human,4
MD,2006,12,Human,32
MD,2007,1,Human,21
MD,2007,2,Human,29
MD,2007,3,Human,92
MD,2007,4,Human,81
MD,2007,4,Natural,1
MD,2007,5,Human,54
MD,2007,6,Human,33
MD,2007,6,Natural,4
MD,2007,7,Human,91
MD,2007,7,Missing data/not specified/undetermined,1
MD,2007,7,Natural,18
MD,2007,8,Human,26
MD,2007,8,Natural,8
MD,2007,9,Human,59
MD,2007,9,Missing data/not specified/undetermined,3
MD,2007,10,Human,51
MD,2007,10,Natural,1
MD,2007,11,Human,18
MD,2007,12,Human,7
MD,2008,1,Human,23
MD,2008,2,Human,39
MD,2008,3,Human,113
MD,2008,4,Human,84
MD,2008,4,Natural,1
MD,2008,5,Human,16
MD,2008,5,Natural,1
MD,2008,6,Human,24
MD,2008,6,Natural,9
MD,2008,7,Human,28
MD,2008,7,Natural,7
MD,2008,8,Human,52
MD,2008,8,Natural,7
MD,2008,9,Human,61
MD,2008,10,Human,18
MD,2008,10,Natural,1
MD,2008,11,Human,13
MD,2008,12,Human,33
MD,2009,1,Human,4
MD,2009,1,Missing data/not specified/undetermined,17
MD,2009,2,Human,5
MD,2009,2,Missing data/not specified/undetermined,74
MD,2009,3,Human,1
MD,2009,3,Missing data/not specified/undetermined,70
MD,2009,4,Human,2
MD,2009,4,Missing data/not specified/undetermined,50
MD,2009,4,Natural,1
MD,2009,5,Missing data/not specified/undetermined,4
MD,2009,6,Missing data/not specified/undetermined,1
MD,2009,7,Human,1
MD,2009,7,Missing data/not specified/undetermined,19
MD,2009,8,Missing data/not specified/undetermined,2
MD,2009,9,Missing data/not specified/undetermined,2
MD,2009,10,Missing data/not specified/undetermined,3
MD,2009,11,Missing data/not specified/undetermined,3
MD,2009,12,Missing data/not specified/undetermined,2
MD,2010,1,Missing data/not specified/undetermined,5
MD,2010,2,Human,1
MD,2010,3,Missing data/not specified/undetermined,15
MD,2010,4,Human,1
MD,2010,4,Missing data/not specified/undetermined,20
MD,2010,5,Human,2
MD,2010,5,Missing data/not specified/undetermined,11
MD,2010,6,Human,1
MD,2010,6,Missing data/not specified/undetermined,14
MD,2010,6,Natural,1
MD,2010,7,Human,1
MD,2010,7,Missing data/not specified/undetermined,28
MD,2010,8,Human,1
MD,2010,8,Missing data/not specified/undetermined,6
MD,2010,8,Natural,2
MD,2010,9,Human,3
MD,2010,9,Missing data/not specified/undetermined,34
MD,2010,10,Missing data/not specified/undetermined,11
MD,2010,11,Missing data/not specified/undetermined,4
MD,2010,12,Human,1
MD,2010,12,Missing data/not specified/undetermined,6
MD,2011,1,Human,3
MD,2011,2,Human,52
MD,2011,2,Missing data/not specified/undetermined,4
MD,2011,3,Human,13
MD,2011,4,Human,4
MD,2011,4,Missing data/not specified/undetermined,1
MD,2011,5,Human,1
MD,2011,6,Human,13
MD,2011,6,Natural,2
MD,2011,7,Human,13
MD,2011,7,Natural,8
MD,2011,8,Human,9
MD,2011,8,Natural,1
MD,2011,9,Human,1
MD,2011,11,Human,4
MD,2011,12,Human,3
MD,2011,12,Missing data/not specified/undetermined,1
MD,2012,1,Human,5
MD,2012,2,Human,10
MD,2012,2,Missing data/not specified/undetermined,3
MD,2012,3,Human,28
MD,2012,3,Natural,1
MD,2012,4,Human,40
MD,2012,5,Human,3
MD,2012,6,Human,12
MD,2012,6,Natural,1
MD,2012,7,Human,21
MD,2012,7,Natural,7
MD,2012,8,Human,7
MD,2012,8,Natural,1
MD,2012,9,Human,4
MD,2012,10,Human,3
MD,2012,11,Human,14
MD,2012,12,Human,3
MD,2013,1,Human,5
MD,2013,2,Human,6
MD,2013,3,Human,17
MD,2013,3,Missing data/not specified/undetermined,1
MD,2013,4,Human,39
MD,2013,5,Human,8
MD,2013,6,Human,4
MD,2013,6,Natural,2
MD,2013,7,Human,2
MD,2013,8,Human,2
MD,2013,8,Missing data/not specified/undetermined,1
MD,2013,9,Human,9
MD,2013,9,Natural,2
MD,2013,10,Human,4
MD,2013,11,Human,22
MD,2013,12,Human,2
MD,2014,1,Human,4
MD,2014,2,Human,11
MD,2014,2,Missing data/not specified/undetermined,1
MD,2014,3,Human,28
MD,2014,4,Human,29
MD,2014,5,Human,8
MD,2014,5,Natural,1
MD,2014,6,Human,8
MD,2014,7,Human,5
MD,2014,8,Human,1
MD,2014,8,Natural,1
MD,2014,9,Human,4
MD,2014,10,Human,5
MD,2014,11,Human,13
MD,2014,12,Human,4
MD,2015,1,Human,1
MD,2015,2,Human,6
MD,2015,3,Human,23
MD,2015,4,Human,46
MD,2015,5,Human,19
MD,2015,5,Natural,1
MD,2015,7,Human,4
MD,2015,8,Human,5
MD,2015,8,Natural,1
MD,2015,9,Human,21
MD,2015,10,Human,7
MD,2015,11,Human,13
MD,2015,12,Human,3
MD,2016,1,Human,1
MD,2016,2,Human,4
MD,2016,3,Human,37
MD,2016,4,Human,36
MD,2016,6,Human,5
MD,2016,6,Natural,1
MD,2016,7,Human,2
MD,2016,7,Natural,2
MD,2016,8,Human,1
MD,2016,8,Natural,1
MD,2016,9,Human,2
MD,2016,10,Human,4
MD,2016,11,Human,31
MD,2016,12,Human,5
MD,2017,1,Human,1
MD,2017,2,Human,31
MD,2017,3,Human,32
MD,2017,4,Human,15
MD,2017,5,Human,3
MD,2017,6,Human,4
MD,2017,7,Human,4
MD,2017,8,Human,1
MD,2017,9,Human,1
MD,2017,10,Human,5
MD,2017,11,Human,9
MD,2017,12,Human,8
MD,2018,1,Human,8
MD,2018,2,Human,1
MD,2018,3,Human,7
MD,2018,4,Human,45
MD,2018,5,Human,10
MD,2018,5,Natural,2
MD,2018,6,Human,2
MD,2018,7,Human,2
MD,2018,8,Natural,1
MD,2018,11,Human,1
MD,2018,12,Human,1
MD,2019,1,Human,1
MD,2019,2,Human,11
MD,2019,3,Human,10
MD,2019,4,Human,17
MD,2019,5,Human,1
MD,2019,5,Natural,1
MD,2019,6,Human,1
MD,2019,6,Natural,1
MD,2019,7,Human,5
MD,2019,7,Natural,1
MD,2019,8,Human,4
MD,2019,8,Missing data/not specified/undetermined,1
MD,2019,8,Natural,2
MD,2019,9,Human,29
MD,2019,9,Natural,1
MD,2019,10,Human,31
MD,2019,11,Human,15
MD,2019,12,Human,5
MD,2020,1,Human,3
MD,2020,2,Human,13
MD,2020,3,Human,19
MD,2020,4,Human,16
MD,2020,4,Missing data/not specified/undetermined,1
MD,2020,5,Human,4
MD,2020,6,Human,5
MD,2020,7,Human,3
MD,2020,9,Human,1
MD,2020,10,Human,4
MD,2020,11,Human,3
MD,2020,12,Human,1
ME,1992,1,Human,1
ME,1992,2,Human,1
ME,1992,3,Human,31
ME,1992,4,Human,151
ME,1992,5,Human,329
ME,1992,5,Natural,3
ME,1992,6,Human,43
ME,1992,6,Natural,13
ME,1992,7,Human,9
ME,1992,8,Human,8
ME,1992,8,Natural,1
ME,1992,9,Human,11
ME,1992,10,Human,6
ME,1992,11,Human,2
ME,1992,12,Human,2
ME,1993,4,Human,126
ME,1993,5,Human,249
ME,1993,5,Natural,2
ME,1993,6,Human,20
ME,1993,6,Natural,19
ME,1993,7,Human,83
ME,1993,7,Natural,17
ME,1993,8,Human,67
ME,1993,8,Natural,41
ME,1993,9,Human,18
ME,1993,9,Natural,4
ME,1993,10,Human,5
ME,1993,11,Human,20
ME,1993,12,Human,1
ME,1994,2,Human,1
ME,1994,3,Missing data/not specified/undetermined,4
ME,1994,4,Missing data/not specified/undetermined,128
ME,1994,5,Human,1
ME,1994,5,Missing data/not specified/undetermined,155
ME,1994,6,Missing data/not specified/undetermined,65
ME,1994,7,Human,1
ME,1994,7,Missing data/not specified/undetermined,54
ME,1994,8,Human,3
ME,1994,8,Missing data/not specified/undetermined,40
ME,1994,8,Natural,2
ME,1994,9,Human,1
ME,1994,9,Missing data/not specified/undetermined,16
ME,1994,10,Human,1
ME,1994,10,Missing data/not specified/undetermined,42
ME,1994,11,Human,1
ME,1994,11,Missing data/not specified/undetermined,24
ME,1994,12,Missing data/not specified/undetermined,2
ME,1995,1,Missing data/not specified/undetermined,1
ME,1995,2,Missing data/not specified/undetermined,1
ME,1995,3,Missing data/not specified/undetermined,33
ME,1995,4,Human,1
ME,1995,4,Missing data/not specified/undetermined,207
ME,1995,5,Human,10
ME,1995,5,Missing data/not specified/undetermined,162
ME,1995,6,Human,2
ME,1995,6,Missing data/not specified/undetermined,78
ME,1995,7,Human,6
ME,1995,7,Missing data/not specified/undetermined,139
ME,1995,7,Natural,1
ME,1995,8,Human,2
ME,1995,8,Missing data/not specified/undetermined,168
ME,1995,9,Human,7
ME,1995,9,Missing data/not specified/undetermined,121
ME,1995,9,Natural,1
ME,1995,10,Missing data/not specified/undetermined,19
ME,1995,11,Missing data/not specified/undetermined,3
ME,1995,12,Missing data/not specified/undetermined,1
ME,1996,3,Missing data/not specified/undetermined,34
ME,1996,4,Human,1
ME,1996,4,Missing data/not specified/undetermined,75
ME,1996,5,Human,1
ME,1996,5,Missing data/not specified/undetermined,91
ME,1996,6,Missing data/not specified/undetermined,46
ME,1996,7,Missing data/not specified/undetermined,21
ME,1996,8,Human,1
ME,1996,8,Missing data/not specified/undetermined,27
ME,1996,9,Missing data/not specified/undetermined,9
ME,1996,10,Missing data/not specified/undetermined,1
ME,1996,11,Missing data/not specified/undetermined,8
ME,1997,1,Missing data/not specified/undetermined,2
ME,1997,4,Human,3
ME,1997,4,Missing data/not specified/undetermined,190
ME,1997,5,Human,2
ME,1997,5,Missing data/not specified/undetermined,99
ME,1997,6,Human,1
ME,1997,6,Missing data/not specified/undetermined,81
ME,1997,6,Natural,1
ME,1997,7,Human,4
ME,1997,7,Missing data/not specified/undetermined,74
ME,1997,8,Human,4
ME,1997,8,Missing data/not specified/undetermined,76
ME,1997,9,Missing data/not specified/undetermined,9
ME,1997,10,Human,2
ME,1997,10,Missing data/not specified/undetermined,36
ME,1997,11,Missing data/not specified/undetermined,1
ME,1998,3,Missing data/not specified/undetermined,31
ME,1998,4,Human,2
ME,1998,4,Missing data/not specified/undetermined,243
ME,1998,5,Human,2
ME,1998,5,Missing data/not specified/undetermined,100
ME,1998,6,Human,1
ME,1998,6,Missing data/not specified/undetermined,11
ME,1998,7,Human,2
ME,1998,7,Missing data/not specified/undetermined,20
ME,1998,8,Human,1
ME,1998,8,Missing data/not specified/undetermined,75
ME,1998,9,Human,1
ME,1998,9,Missing data/not specified/undetermined,33
ME,1998,9,Natural,1
ME,1998,10,Missing data/not specified/undetermined,34
ME,1998,11,Missing data/not specified/undetermined,12
ME,1998,12,Missing data/not specified/undetermined,11
ME,1999,2,Missing data/not specified/undetermined,14
ME,1999,3,Missing data/not specified/undetermined,16
ME,1999,4,Missing data/not specified/undetermined,260
ME,1999,5,Missing data/not specified/undetermined,119
ME,1999,6,Missing data/not specified/undetermined,73
ME,1999,6,Natural,1
ME,1999,7,Human,1
ME,1999,7,Missing data/not specified/undetermined,79
ME,1999,7,Natural,2
ME,1999,8,Missing data/not specified/undetermined,58
ME,1999,9,Human,2
ME,1999,9,Missing data/not specified/undetermined,34
ME,1999,10,Missing data/not specified/undetermined,4
ME,1999,11,Missing data/not specified/undetermined,12
ME,1999,12,Human,2
ME,1999,12,Missing data/not specified/undetermined,4
ME,2000,1,Missing data/not specified/undetermined,2
ME,2000,3,Missing data/not specified/undetermined,18
ME,2000,4,Human,2
ME,2000,4,Missing data/not specified/undetermined,95
ME,2000,5,Human,1
ME,2000,5,Missing data/not specified/undetermined,78
ME,2000,6,Human,1
ME,2000,6,Missing data/not specified/undetermined,39
ME,2000,7,Missing data/not specified/undetermined,35
ME,2000,8,Human,1
ME,2000,8,Missing data/not specified/undetermined,20
ME,2000,9,Missing data/not specified/undetermined,16
ME,2000,10,Missing data/not specified/undetermined,21
ME,2000,11,Missing data/not specified/undetermined,7
ME,2000,12,Missing data/not specified/undetermined,10
ME,2001,4,Human,235
ME,2001,5,Human,277
ME,2001,6,Human,51
ME,2001,6,Natural,6
ME,2001,7,Human,50
ME,2001,7,Natural,19
ME,2001,8,Human,161
ME,2001,8,Natural,23
ME,2001,9,Human,48
ME,2001,9,Natural,16
ME,2001,10,Human,26
ME,2001,11,Human,44
ME,2001,12,Human,7
ME,2002,1,Human,7
ME,2002,2,Human,4
ME,2002,3,Human,26
ME,2002,4,Human,91
ME,2002,5,Human,132
ME,2002,5,Natural,2
ME,2002,6,Human,35
ME,2002,6,Missing data/not specified/undetermined,1
ME,2002,6,Natural,14
ME,2002,7,Human,22
ME,2002,7,Natural,18
ME,2002,8,Human,105
ME,2002,8,Natural,105
ME,2002,9,Human,55
ME,2002,9,Natural,41
ME,2002,10,Human,4
ME,2002,11,Human,2
ME,2003,1,Human,1
ME,2003,3,Human,1
ME,2003,4,Human,256
ME,2003,5,Human,173
ME,2003,6,Human,38
ME,2003,6,Natural,19
ME,2003,7,Human,41
ME,2003,7,Natural,12
ME,2003,8,Human,41
ME,2003,8,Missing data/not specified/undetermined,1
ME,2003,8,Natural,4
ME,2003,9,Human,23
ME,2003,10,Human,4
ME,2003,11,Human,8
ME,2003,12,Human,2
ME,2004,2,Human,1
ME,2004,3,Human,2
ME,2004,4,Human,173
ME,2004,4,Natural,1
ME,2004,5,Human,136
ME,2004,5,Natural,3
ME,2004,6,Human,52
ME,2004,6,Natural,1
ME,2004,7,Human,22
ME,2004,7,Natural,12
ME,2004,8,Human,5
ME,2004,8,Natural,2
ME,2004,9,Human,14
ME,2004,10,Human,12
ME,2004,11,Human,31
ME,2005,1,Human,1
ME,2005,3,Human,4
ME,2005,4,Human,274
ME,2005,4,Missing data/not specified/undetermined,1
ME,2005,5,Human,82
ME,2005,6,Human,10
ME,2005,6,Natural,1
ME,2005,7,Human,31
ME,2005,7,Natural,7
ME,2005,8,Human,34
ME,2005,8,Natural,10
ME,2005,9,Human,11
ME,2005,10,Human,1
ME,2005,11,Human,4
ME,2005,12,Human,1
ME,2006,1,Human,1
ME,2006,2,Human,14
ME,2006,3,Human,132
ME,2006,4,Human,338
ME,2006,5,Human,71
ME,2006,6,Human,14
ME,2006,6,Natural,2
ME,2006,7,Human,12
ME,2006,7,Natural,6
ME,2006,8,Human,8
ME,2006,8,Natural,4
ME,2006,9,Human,7
ME,2006,10,Human,7
ME,2006,11,Human,2
ME,2006,12,Human,5
ME,2007,1,Human,2
ME,2007,3,Human,20
ME,2007,4,Human,76
ME,2007,5,Human,173
ME,2007,5,Natural,1
ME,2007,6,Human,34
ME,2007,6,Natural,8
ME,2007,7,Human,31
ME,2007,7,Natural,7
ME,2007,8,Human,26
ME,2007,8,Natural,18
ME,2007,9,Human,38
ME,2007,9,Natural,11
ME,2007,10,Human,24
ME,2007,10,Natural,2
ME,2007,11,Human,10
ME,2008,2,Human,2
ME,2008,3,Human,4
ME,2008,4,Human,185
ME,2008,5,Human,156
ME,2008,5,Missing data/not specified/undetermined,1
ME,2008,5,Natural,4
ME,2008,6,Human,14
ME,2008,6,Natural,6
ME,2008,7,Human,38
ME,2008,7,Natural,2
ME,2008,8,Human,12
ME,2008,8,Natural,2
ME,2008,9,Human,12
ME,2008,10,Human,12
ME,2008,11,Human,15
ME,2008,12,Natural,1
ME,2009,1,Human,1
ME,2009,3,Human,2
ME,2009,4,Human,242
ME,2009,5,Human,146
ME,2009,5,Natural,1
ME,2009,6,Human,20
ME,2009,6,Natural,1
ME,2009,7,Human,4
ME,2009,7,Natural,1
ME,2009,8,Human,10
ME,2009,8,Natural,1
ME,2009,9,Human,27
ME,2009,10,Human,6
ME,2009,10,Natural,1
ME,2009,11,Human,19
ME,2009,12,Human,1
ME,2010,2,Human,3
ME,2010,3,Human,110
ME,2010,4,Human,87
ME,2010,4,Natural,1
ME,2010,5,Human,126
ME,2010,5,Natural,7
ME,2010,6,Human,21
ME,2010,6,Natural,2
ME,2010,7,Human,41
ME,2010,7,Natural,3
ME,2010,8,Human,84
ME,2010,8,Natural,1
ME,2010,9,Human,10
ME,2010,9,Natural,1
ME,2010,10,Human,4
ME,2010,11,Human,3
ME,2010,12,Human,1
ME,2011,3,Human,35
ME,2011,4,Human,92
ME,2011,5,Human,54
ME,2011,5,Natural,3
ME,2011,6,Human,22
ME,2011,6,Natural,6
ME,2011,7,Human,73
ME,2011,7,Natural,6
ME,2011,8,Human,28
ME,2011,8,Natural,8
ME,2011,9,Human,11
ME,2011,9,Natural,1
ME,2011,10,Human,14
ME,2011,11,Human,12
ME,2012,1,Human,2
ME,2012,2,Human,9
ME,2012,3,Human,80
ME,2012,4,Human,234
ME,2012,5,Human,57
ME,2012,5,Natural,1
ME,2012,6,Human,10
ME,2012,6,Natural,4
ME,2012,7,Human,85
ME,2012,7,Natural,8
ME,2012,8,Human,36
ME,2012,8,Natural,5
ME,2012,9,Human,9
ME,2012,9,Natural,2
ME,2012,10,Human,6
ME,2012,11,Human,9
ME,2012,12,Human,3
ME,2013,1,Human,2
ME,2013,3,Human,9
ME,2013,4,Human,195
ME,2013,4,Natural,1
ME,2013,5,Human,104
ME,2013,6,Human,14
ME,2013,6,Natural,3
ME,2013,7,Human,15
ME,2013,7,Natural,5
ME,2013,8,Human,29
ME,2013,8,Natural,1
ME,2013,9,Human,5
ME,2013,9,Natural,1
ME,2013,10,Human,21
ME,2013,11,Human,38
ME,2013,12,Human,1
ME,2014,1,Human,1
ME,2014,2,Human,1
ME,2014,3,Human,2
ME,2014,4,Human,86
ME,2014,5,Human,109
ME,2014,6,Human,15
ME,2014,7,Human,26
ME,2014,7,Natural,1
ME,2014,8,Human,26
ME,2014,8,Natural,3
ME,2014,9,Human,35
ME,2014,10,Human,17
ME,2014,11,Human,10
ME,2014,12,Human,1
ME,2015,1,Human,2
ME,2015,2,Human,2
ME,2015,4,Human,41
ME,2015,5,Human,208
ME,2015,5,Natural,7
ME,2015,6,Human,19
ME,2015,6,Natural,1
ME,2015,7,Human,29
ME,2015,7,Natural,3
ME,2015,8,Human,17
ME,2015,8,Natural,7
ME,2015,9,Human,32
ME,2015,10,Human,14
ME,2015,11,Human,24
ME,2016,1,Human,3
ME,2016,2,Human,7
ME,2016,3,Human,31
ME,2016,4,Human,218
ME,2016,5,Human,113
ME,2016,5,Natural,2
ME,2016,6,Human,73
ME,2016,6,Natural,3
ME,2016,7,Human,42
ME,2016,7,Natural,8
ME,2016,8,Human,77
ME,2016,8,Natural,13
ME,2016,9,Human,44
ME,2016,9,Natural,4
ME,2016,10,Human,25
ME,2016,10,Natural,1
ME,2016,11,Human,30
ME,2016,12,Human,1
ME,2017,2,Human,3
ME,2017,3,Human,10
ME,2017,4,Human,110
ME,2017,5,Human,72
ME,2017,5,Natural,2
ME,2017,6,Human,42
ME,2017,6,Natural,2
ME,2017,7,Human,49
ME,2017,7,Natural,8
ME,2017,8,Human,75
ME,2017,8,Natural,4
ME,2017,9,Human,44
ME,2017,10,Human,87
ME,2017,10,Natural,2
ME,2017,11,Human,8
ME,2017,12,Human,3
ME,2018,1,Human,2
ME,2018,2,Human,6
ME,2018,3,Human,6
ME,2018,4,Human,117
ME,2018,5,Human,160
ME,2018,5,Natural,2
ME,2018,6,Human,78
ME,2018,6,Natural,5
ME,2018,7,Human,73
ME,2018,7,Natural,6
ME,2018,8,Human,29
ME,2018,8,Natural,6
ME,2018,9,Human,39
ME,2018,9,Natural,1
ME,2018,10,Human,21
ME,2018,11,Human,6
ME,2018,12,Human,1
ME,2019,1,Human,2
ME,2019,2,Human,1
ME,2019,3,Human,7
ME,2019,4,Human,50
ME,2019,5,Human,84
ME,2019,6,Human,47
ME,2019,6,Natural,1
ME,2019,7,Human,45
ME,2019,7,Natural,4
ME,2019,8,Human,55
ME,2019,8,Natural,5
ME,2019,9,Human,19
ME,2019,9,Natural,1
ME,2019,10,Human,18
ME,2019,11,Human,14
ME,2019,12,Human,2
ME,2020,2,Human,3
ME,2020,3,Human,56
ME,2020,4,Human,251
ME,2020,4,Missing data/not specified/undetermined,1
ME,2020,4,Natural,1
ME,2020,5,Human,280
ME,2020,5,Missing data/not specified/undetermined,1
ME,2020,5,Natural,3
ME,2020,6,Human,145
ME,2020,6,Missing data/not specified/undetermined,1
ME,2020,6,Natural,18
ME,2020,7,Human,39
ME,2020,7,Natural,9
ME,2020,8,Human,86
ME,2020,8,Natural,6
ME,2020,9,Human,161
ME,2020,9,Missing data/not specified/undetermined,4
ME,2020,9,Natural,7
ME,2020,10,Human,33
ME,2020,10,Natural,1
ME,2020,11,Human,51
ME,2020,12,Human,3
MI,1992,2,Human,1
MI,1992,3,Human,2
MI,1992,4,Human,77
MI,1992,5,Human,339
MI,1992,5,Natural,2
MI,1992,6,Human,114
MI,1992,6,Natural,15
MI,1992,7,Human,27
MI,1992,7,Natural,1
MI,1992,8,Human,25
MI,1992,8,Natural,2
MI,1992,9,Human,6
MI,1992,10,Human,3
MI,1993,3,Human,3
MI,1993,4,Human,95
MI,1993,5,Human,96
MI,1993,6,Human,9
MI,1993,7,Human,28
MI,1993,7,Natural,1
MI,1993,8,Human,11
MI,1993,8,Natural,2
MI,1993,9,Human,3
MI,1993,10,Human,11
MI,1993,11,Human,1
MI,1993,12,Human,2
MI,1994,3,Human,22
MI,1994,4,Human,343
MI,1994,4,Natural,3
MI,1994,5,Human,164
MI,1994,6,Human,59
MI,1994,6,Natural,2
MI,1994,7,Human,6
MI,1994,7,Natural,2
MI,1994,8,Human,10
MI,1994,8,Natural,3
MI,1994,9,Human,1
MI,1994,10,Human,7
MI,1994,11,Human,19
MI,1994,12,Human,3
MI,1995,3,Human,81
MI,1995,4,Human,177
MI,1995,5,Human,172
MI,1995,6,Human,81
MI,1995,6,Natural,9
MI,1995,7,Human,29
MI,1995,7,Natural,14
MI,1995,8,Human,13
MI,1995,8,Natural,2
MI,1995,9,Human,15
MI,1995,9,Natural,4
MI,1995,10,Human,29
MI,1995,11,Human,1
MI,1996,3,Human,31
MI,1996,4,Human,107
MI,1996,5,Human,157
MI,1996,5,Missing data/not specified/undetermined,1
MI,1996,5,Natural,7
MI,1996,6,Human,16
MI,1996,6,Natural,2
MI,1996,7,Human,17
MI,1996,8,Human,23
MI,1996,8,Natural,4
MI,1996,9,Human,9
MI,1996,10,Human,10
MI,1996,11,Human,1
MI,1996,11,Natural,1
MI,1997,4,Human,46
MI,1997,5,Human,37
MI,1997,5,Missing data/not specified/undetermined,1
MI,1997,6,Human,14
MI,1997,6,Natural,1
MI,1997,7,Human,7
MI,1997,7,Natural,3
MI,1997,8,Human,6
MI,1997,8,Natural,1
MI,1997,9,Human,2
MI,1998,4,Human,56
MI,1998,4,Missing data/not specified/undetermined,2
MI,1998,5,Human,30
MI,1998,5,Missing data/not specified/undetermined,1
MI,1998,5,Natural,7
MI,1998,6,Human,8
MI,1998,6,Missing data/not specified/undetermined,1
MI,1998,6,Natural,2
MI,1998,7,Human,30
MI,1998,7,Missing data/not specified/undetermined,2
MI,1998,8,Human,17
MI,1998,9,Human,10
MI,1998,9,Natural,3
MI,1998,11,Human,1
MI,1999,3,Human,15
MI,1999,4,Human,35
MI,1999,4,Natural,2
MI,1999,5,Human,43
MI,1999,5,Missing data/not specified/undetermined,2
MI,1999,5,Natural,1
MI,1999,6,Human,4
MI,1999,6,Missing data/not specified/undetermined,1
MI,1999,7,Natural,3
MI,1999,8,Human,8
MI,1999,9,Human,12
MI,1999,10,Human,5
MI,1999,11,Human,19
MI,2000,3,Human,24
MI,2000,3,Missing data/not specified/undetermined,1
MI,2000,4,Human,39
MI,2000,5,Human,21
MI,2000,5,Natural,2
MI,2000,6,Human,2
MI,2000,7,Human,4
MI,2000,7,Missing data/not specified/undetermined,1
MI,2000,7,Natural,1
MI,2000,8,Human,7
MI,2000,8,Natural,1
MI,2000,9,Human,1
MI,2000,9,Natural,1
MI,2000,10,Human,6
MI,2000,10,Natural,2
MI,2000,11,Human,2
MI,2001,3,Human,7
MI,2001,4,Human,109
MI,2001,4,Missing data/not specified/undetermined,2
MI,2001,5,Human,79
MI,2001,5,Natural,2
MI,2001,6,Human,14
MI,2001,6,Natural,2
MI,2001,7,Human,85
MI,2001,7,Natural,5
MI,2001,8,Human,69
MI,2001,8,Natural,14
MI,2001,9,Human,14
MI,2001,9,Missing data/not specified/undetermined,2
MI,2001,10,Human,11
MI,2001,11,Human,8
MI,2002,1,Human,2
MI,2002,2,Human,1
MI,2002,3,Human,4
MI,2002,4,Human,93
MI,2002,4,Natural,2
MI,2002,5,Human,80
MI,2002,5,Missing data/not specified/undetermined,1
MI,2002,5,Natural,1
MI,2002,6,Human,8
MI,2002,6,Missing data/not specified/undetermined,1
MI,2002,6,Natural,1
MI,2002,7,Human,47
MI,2002,7,Missing data/not specified/undetermined,1
MI,2002,7,Natural,6
MI,2002,8,Human,17
MI,2002,8,Natural,3
MI,2002,9,Human,28
MI,2002,9,Natural,2
MI,2002,10,Human,3
MI,2002,11,Human,6
MI,2002,11,Natural,1
MI,2003,1,Human,2
MI,2003,3,Human,33
MI,2003,3,Missing data/not specified/undetermined,1
MI,2003,4,Human,299
MI,2003,4,Missing data/not specified/undetermined,18
MI,2003,4,Natural,1
MI,2003,5,Human,146
MI,2003,5,Missing data/not specified/undetermined,14
MI,2003,5,Natural,1
MI,2003,6,Human,75
MI,2003,6,Missing data/not specified/undetermined,3
MI,2003,6,Natural,1
MI,2003,7,Human,36
MI,2003,7,Missing data/not specified/undetermined,4
MI,2003,7,Natural,8
MI,2003,8,Human,42
MI,2003,8,Missing data/not specified/undetermined,2
MI,2003,8,Natural,12
MI,2003,9,Human,21
MI,2003,9,Missing data/not specified/undetermined,4
MI,2003,9,Natural,4
MI,2003,10,Human,16
MI,2003,10,Missing data/not specified/undetermined,4
MI,2003,11,Human,3
MI,2004,1,Missing data/not specified/undetermined,1
MI,2004,3,Human,7
MI,2004,3,Missing data/not specified/undetermined,1
MI,2004,4,Human,192
MI,2004,4,Missing data/not specified/undetermined,21
MI,2004,4,Natural,1
MI,2004,5,Human,55
MI,2004,5,Missing data/not specified/undetermined,4
MI,2004,5,Natural,4
MI,2004,6,Human,15
MI,2004,6,Missing data/not specified/undetermined,2
MI,2004,6,Natural,4
MI,2004,7,Human,16
MI,2004,7,Missing data/not specified/undetermined,1
MI,2004,7,Natural,6
MI,2004,8,Human,52
MI,2004,8,Missing data/not specified/undetermined,2
MI,2004,8,Natural,6
MI,2004,9,Human,40
MI,2004,9,Missing data/not specified/undetermined,7
MI,2004,10,Human,22
MI,2004,10,Missing data/not specified/undetermined,2
MI,2004,11,Human,6
MI,2005,2,Human,2
MI,2005,3,Human,6
MI,2005,4,Human,238
MI,2005,4,Missing data/not specified/undetermined,31
MI,2005,4,Natural,1
MI,2005,5,Human,90
MI,2005,5,Missing data/not specified/undetermined,8
MI,2005,5,Natural,1
MI,2005,6,Human,42
MI,2005,6,Missing data/not specified/undetermined,2
MI,2005,6,Natural,10
MI,2005,7,Human,64
MI,2005,7,Missing data/not specified/undetermined,5
MI,2005,7,Natural,24
MI,2005,8,Human,24
MI,2005,8,Missing data/not specified/undetermined,7
MI,2005,8,Natural,34
MI,2005,9,Human,20
MI,2005,9,Missing data/not specified/undetermined,2
MI,2005,9,Natural,13
MI,2005,10,Human,6
MI,2005,10,Missing data/not specified/undetermined,2
MI,2005,10,Natural,1
MI,2005,11,Human,6
MI,2005,11,Natural,1
MI,2006,3,Human,51
MI,2006,4,Human,234
MI,2006,4,Natural,2
MI,2006,5,Human,99
MI,2006,6,Human,36
MI,2006,6,Missing data/not specified/undetermined,1
MI,2006,6,Natural,3
MI,2006,7,Human,40
MI,2006,7,Natural,14
MI,2006,8,Human,22
MI,2006,8,Natural,6
MI,2006,9,Human,12
MI,2006,9,Natural,2
MI,2006,10,Human,5
MI,2006,10,Natural,1
MI,2006,11,Human,5
MI,2006,12,Human,1
MI,2007,1,Human,1
MI,2007,3,Human,28
MI,2007,4,Human,94
MI,2007,5,Human,110
MI,2007,5,Natural,2
MI,2007,6,Human,53
MI,2007,6,Natural,5
MI,2007,7,Human,57
MI,2007,7,Natural,14
MI,2007,8,Human,88
MI,2007,8,Missing data/not specified/undetermined,1
MI,2007,8,Natural,32
MI,2007,9,Human,9
MI,2007,9,Natural,3
MI,2007,10,Human,12
MI,2007,11,Human,7
MI,2008,3,Human,1
MI,2008,4,Human,195
MI,2008,5,Human,145
MI,2008,6,Human,11
MI,2008,6,Natural,3
MI,2008,7,Human,20
MI,2008,7,Natural,4
MI,2008,8,Human,30
MI,2008,8,Natural,8
MI,2008,9,Human,10
MI,2008,9,Natural,2
MI,2008,10,Human,9
MI,2008,11,Human,6
MI,2009,2,Human,1
MI,2009,3,Human,29
MI,2009,4,Human,165
MI,2009,5,Human,144
MI,2009,5,Natural,3
MI,2009,6,Human,37
MI,2009,6,Natural,2
MI,2009,7,Human,53
MI,2009,7,Natural,4
MI,2009,8,Human,11
MI,2009,8,Natural,1
MI,2009,9,Human,19
MI,2009,9,Natural,1
MI,2009,11,Human,16
MI,2010,3,Human,112
MI,2010,4,Human,233
MI,2010,4,Natural,2
MI,2010,5,Human,91
MI,2010,5,Natural,21
MI,2010,6,Human,10
MI,2010,6,Natural,6
MI,2010,7,Human,14
MI,2010,7,Natural,2
MI,2010,8,Human,18
MI,2010,8,Natural,1
MI,2010,9,Human,5
MI,2010,9,Natural,1
MI,2010,10,Human,57
MI,2010,11,Human,11
MI,2011,2,Human,1
MI,2011,3,Human,4
MI,2011,3,Missing data/not specified/undetermined,2
MI,2011,4,Human,23
MI,2011,4,Missing data/not specified/undetermined,35
MI,2011,5,Human,33
MI,2011,5,Missing data/not specified/undetermined,53
MI,2011,6,Human,11
MI,2011,6,Missing data/not specified/undetermined,19
MI,2011,6,Natural,4
MI,2011,7,Human,25
MI,2011,7,Missing data/not specified/undetermined,12
MI,2011,7,Natural,2
MI,2011,8,Human,16
MI,2011,8,Missing data/not specified/undetermined,16
MI,2011,9,Human,19
MI,2011,9,Missing data/not specified/undetermined,9
MI,2011,9,Natural,1
MI,2011,10,Human,3
MI,2011,10,Missing data/not specified/undetermined,12
MI,2011,11,Human,4
MI,2011,11,Missing data/not specified/undetermined,4
MI,2011,12,Missing data/not specified/undetermined,1
MI,2012,1,Human,1
MI,2012,2,Human,1
MI,2012,3,Human,83
MI,2012,4,Human,212
MI,2012,5,Human,126
MI,2012,5,Natural,20
MI,2012,6,Human,46
MI,2012,6,Natural,5
MI,2012,7,Human,73
MI,2012,7,Missing data/not specified/undetermined,2
MI,2012,7,Natural,14
MI,2012,8,Human,38
MI,2012,8,Natural,15
MI,2012,9,Human,30
MI,2012,9,Natural,4
MI,2012,10,Human,26
MI,2012,10,Natural,3
MI,2012,11,Human,11
MI,2012,12,Human,1
MI,2013,1,Missing data/not specified/undetermined,1
MI,2013,3,Human,7
MI,2013,3,Missing data/not specified/undetermined,1
MI,2013,4,Human,43
MI,2013,4,Missing data/not specified/undetermined,49
MI,2013,5,Human,68
MI,2013,5,Missing data/not specified/undetermined,118
MI,2013,6,Human,16
MI,2013,6,Missing data/not specified/undetermined,18
MI,2013,6,Natural,1
MI,2013,7,Human,31
MI,2013,7,Missing data/not specified/undetermined,22
MI,2013,7,Natural,1
MI,2013,8,Human,19
MI,2013,8,Missing data/not specified/undetermined,26
MI,2013,8,Natural,2
MI,2013,9,Human,16
MI,2013,9,Missing data/not specified/undetermined,7
MI,2013,10,Human,3
MI,2013,10,Missing data/not specified/undetermined,2
MI,2013,11,Human,1
MI,2013,11,Missing data/not specified/undetermined,2
MI,2013,12,Human,1
MI,2014,4,Human,79
MI,2014,4,Natural,1
MI,2014,5,Human,88
MI,2014,6,Human,49
MI,2014,6,Natural,1
MI,2014,7,Human,11
MI,2014,8,Human,16
MI,2014,8,Natural,4
MI,2014,9,Human,3
MI,2014,9,Natural,1
MI,2014,10,Human,9
MI,2014,11,Human,2
MI,2015,3,Human,50
MI,2015,4,Human,224
MI,2015,5,Human,133
MI,2015,5,Missing data/not specified/undetermined,2
MI,2015,5,Natural,5
MI,2015,6,Human,18
MI,2015,7,Human,44
MI,2015,7,Natural,1
MI,2015,8,Human,17
MI,2015,8,Natural,5
MI,2015,9,Human,5
MI,2015,9,Natural,1
MI,2015,10,Human,12
MI,2015,10,Natural,3
MI,2015,11,Human,2
MI,2015,11,Natural,1
MI,2016,3,Human,20
MI,2016,4,Human,69
MI,2016,5,Human,139
MI,2016,6,Human,45
MI,2016,6,Natural,4
MI,2016,7,Human,37
MI,2016,7,Natural,3
MI,2016,8,Human,41
MI,2016,8,Natural,1
MI,2016,9,Human,6
MI,2016,10,Human,1
MI,2016,11,Human,21
MI,2017,2,Natural,1
MI,2017,3,Human,24
MI,2017,4,Human,70
MI,2017,5,Human,94
MI,2017,6,Human,30
MI,2017,6,Natural,2
MI,2017,7,Human,7
MI,2017,7,Natural,2
MI,2017,8,Human,3
MI,2017,8,Natural,2
MI,2017,9,Human,17
MI,2017,9,Natural,1
MI,2017,10,Human,7
MI,2017,11,Human,1
MI,2017,12,Human,3
MI,2017,12,Natural,1
MI,2018,1,Human,6
MI,2018,1,Natural,2
MI,2018,2,Human,45
MI,2018,2,Natural,7
MI,2018,3,Human,556
MI,2018,3,Natural,53
MI,2018,4,Human,596
MI,2018,4,Natural,64
MI,2018,5,Human,598
MI,2018,5,Missing data/not specified/undetermined,1
MI,2018,5,Natural,42
MI,2018,6,Human,183
MI,2018,6,Natural,14
MI,2018,7,Human,519
MI,2018,7,Natural,38
MI,2018,8,Human,128
MI,2018,8,Natural,17
MI,2018,9,Human,42
MI,2018,9,Natural,18
MI,2018,10,Human,24
MI,2018,10,Natural,12
MI,2018,11,Human,20
MI,2018,11,Natural,10
MI,2018,12,Human,13
MI,2018,12,Natural,6
MI,2019,1,Human,40
MI,2019,1,Natural,11
MI,2019,2,Human,16
MI,2019,2,Natural,4
MI,2019,3,Human,457
MI,2019,3,Natural,45
MI,2019,4,Human,957
MI,2019,4,Missing data/not specified/undetermined,1
MI,2019,4,Natural,104
MI,2019,5,Human,341
MI,2019,5,Natural,45
MI,2019,6,Human,189
MI,2019,6,Natural,36
MI,2019,7,Human,328
MI,2019,7,Natural,32
MI,2019,8,Human,338
MI,2019,8,Natural,47
MI,2019,9,Human,118
MI,2019,9,Natural,22
MI,2019,10,Human,57
MI,2019,10,Natural,27
MI,2019,11,Human,49
MI,2019,11,Missing data/not specified/undetermined,1
MI,2019,11,Natural,35
MI,2019,12,Human,43
MI,2019,12,Natural,15
MI,2020,1,Human,11
MI,2020,1,Natural,1
MI,2020,2,Human,15
MI,2020,2,Natural,4
MI,2020,3,Human,171
MI,2020,3,Natural,28
MI,2020,4,Human,247
MI,2020,4,Missing data/not specified/undetermined,3
MI,2020,4,Natural,50
MI,2020,5,Human,270
MI,2020,5,Natural,21
MI,2020,6,Human,133
MI,2020,6,Missing data/not specified/undetermined,4
MI,2020,6,Natural,22
MI,2020,7,Human,207
MI,2020,7,Natural,17
MI,2020,8,Human,95
MI,2020,8,Missing data/not specified/undetermined,1
MI,2020,8,Natural,19
MI,2020,9,Human,36
MI,2020,9,Missing data/not specified/undetermined,2
MI,2020,9,Natural,6
MI,2020,10,Human,26
MI,2020,10,Natural,4
MI,2020,11,Human,158
MI,2020,11,Natural,23
MI,2020,12,Human,25
MI,2020,12,Natural,4
MN,1992,1,Human,1
MN,1992,2,Human,1
MN,1992,3,Human,124
MN,1992,3,Missing data/not specified/undetermined,1
MN,1992,4,Human,566
MN,1992,4,Missing data/not specified/undetermined,1
MN,1992,4,Natural,1
MN,1992,5,Human,648
MN,1992,5,Missing data/not specified/undetermined,2
MN,1992,5,Natural,3
MN,1992,6,Human,72
MN,1992,6,Natural,5
MN,1992,7,Human,23
MN,1992,7,Natural,2
MN,1992,8,Human,32
MN,1992,8,Natural,2
MN,1992,9,Human,26
MN,1992,9,Natural,2
MN,1992,10,Human,101
MN,1992,11,Human,6
MN,1992,12,Human,1
MN,1993,2,Human,2
MN,1993,3,Human,8
MN,1993,4,Human,956
MN,1993,4,Natural,1
MN,1993,5,Human,279
MN,1993,5,Natural,4
MN,1993,6,Human,21
MN,1993,7,Human,6
MN,1993,7,Missing data/not specified/undetermined,1
MN,1993,7,Natural,2
MN,1993,8,Human,7
MN,1993,8,Natural,1
MN,1993,9,Human,4
MN,1993,10,Human,45
MN,1993,10,Natural,1
MN,1993,11,Human,24
MN,1993,12,Human,1
MN,1994,3,Human,23
MN,1994,4,Human,1213
MN,1994,4,Missing data/not specified/undetermined,3
MN,1994,5,Human,471
MN,1994,5,Natural,8
MN,1994,6,Human,52
MN,1994,6,Natural,6
MN,1994,7,Human,12
MN,1994,7,Natural,1
MN,1994,8,Human,20
MN,1994,8,Natural,9
MN,1994,9,Human,3
MN,1994,9,Natural,2
MN,1994,10,Human,28
MN,1994,11,Human,52
MN,1994,11,Natural,1
MN,1995,1,Human,1
MN,1995,3,Human,153
MN,1995,4,Human,729
MN,1995,4,Missing data/not specified/undetermined,1
MN,1995,5,Human,480
MN,1995,5,Natural,1
MN,1995,6,Human,178
MN,1995,6,Natural,45
MN,1995,7,Human,30
MN,1995,7,Natural,3
MN,1995,8,Human,42
MN,1995,8,Natural,19
MN,1995,9,Human,17
MN,1995,9,Natural,1
MN,1995,10,Human,24
MN,1995,11,Human,7
MN,1996,3,Human,6
MN,1996,4,Human,451
MN,1996,4,Natural,1
MN,1996,5,Human,947
MN,1996,5,Missing data/not specified/undetermined,3
MN,1996,5,Natural,3
MN,1996,6,Human,83
MN,1996,6,Natural,11
MN,1996,7,Human,25
MN,1996,7,Natural,7
MN,1996,8,Human,50
MN,1996,8,Natural,9
MN,1996,9,Human,28
MN,1996,9,Natural,3
MN,1996,10,Human,111
MN,1996,10,Natural,2
MN,1996,11,Human,12
MN,1997,3,Human,1
MN,1997,4,Human,1369
MN,1997,5,Human,786
MN,1997,5,Natural,2
MN,1997,6,Human,182
MN,1997,6,Missing data/not specified/undetermined,1
MN,1997,6,Natural,7
MN,1997,7,Human,24
MN,1997,7,Missing data/not specified/undetermined,1
MN,1997,7,Natural,1
MN,1997,8,Human,36
MN,1997,8,Natural,20
MN,1997,9,Human,43
MN,1997,9,Natural,5
MN,1997,10,Human,46
MN,1997,11,Human,2
MN,1997,12,Human,2
MN,1998,1,Human,2
MN,1998,2,Human,5
MN,1998,3,Human,249
MN,1998,3,Natural,1
MN,1998,4,Human,1592
MN,1998,4,Missing data/not specified/undetermined,6
MN,1998,5,Human,260
MN,1998,5,Missing data/not specified/undetermined,2
MN,1998,5,Natural,20
MN,1998,6,Human,28
MN,1998,6,Natural,4
MN,1998,7,Human,27
MN,1998,7,Natural,14
MN,1998,8,Human,76
MN,1998,8,Natural,27
MN,1998,9,Human,92
MN,1998,9,Natural,12
MN,1998,10,Human,36
MN,1998,10,Natural,1
MN,1998,11,Human,8
MN,1998,12,Human,12
MN,1999,2,Human,8
MN,1999,3,Human,107
MN,1999,3,Missing data/not specified/undetermined,2
MN,1999,4,Human,1069
MN,1999,4,Missing data/not specified/undetermined,1
MN,1999,5,Human,274
MN,1999,5,Missing data/not specified/undetermined,1
MN,1999,5,Natural,6
MN,1999,6,Human,34
MN,1999,6,Natural,3
MN,1999,7,Human,13
MN,1999,7,Natural,3
MN,1999,8,Human,13
MN,1999,8,Natural,1
MN,1999,9,Human,6
MN,1999,9,Natural,1
MN,1999,10,Human,186
MN,1999,10,Missing data/not specified/undetermined,1
MN,1999,10,Natural,3
MN,1999,11,Human,345
MN,1999,11,Missing data/not specified/undetermined,4
MN,1999,12,Human,30
MN,1999,12,Missing data/not specified/undetermined,2
MN,2000,1,Human,4
MN,2000,2,Human,12
MN,2000,3,Human,737
MN,2000,4,Human,1134
MN,2000,4,Missing data/not specified/undetermined,9
MN,2000,4,Natural,1
MN,2000,5,Human,264
MN,2000,5,Missing data/not specified/undetermined,2
MN,2000,5,Natural,5
MN,2000,6,Human,34
MN,2000,6,Natural,1
MN,2000,7,Human,52
MN,2000,7,Natural,4
MN,2000,8,Human,29
MN,2000,8,Natural,5
MN,2000,9,Human,59
MN,2000,9,Missing data/not specified/undetermined,1
MN,2000,9,Natural,3
MN,2000,10,Human,265
MN,2000,10,Missing data/not specified/undetermined,3
MN,2000,11,Human,6
MN,2000,11,Missing data/not specified/undetermined,1
MN,2001,1,Human,5
MN,2001,2,Human,2
MN,2001,3,Human,2
MN,2001,4,Human,651
MN,2001,4,Missing data/not specified/undetermined,4
MN,2001,4,Natural,1
MN,2001,5,Human,226
MN,2001,5,Missing data/not specified/undetermined,3
MN,2001,5,Natural,2
MN,2001,6,Human,38
MN,2001,6,Natural,3
MN,2001,7,Human,129
MN,2001,7,Missing data/not specified/undetermined,4
MN,2001,7,Natural,10
MN,2001,8,Human,34
MN,2001,8,Natural,5
MN,2001,9,Human,26
MN,2001,10,Human,60
MN,2001,10,Natural,1
MN,2001,11,Human,118
MN,2001,11,Missing data/not specified/undetermined,1
MN,2001,11,Natural,1
MN,2001,12,Human,1
MN,2002,1,Human,4
MN,2002,2,Human,25
MN,2002,3,Human,12
MN,2002,3,Missing data/not specified/undetermined,1
MN,2002,4,Human,781
MN,2002,4,Missing data/not specified/undetermined,3
MN,2002,4,Natural,2
MN,2002,5,Human,895
MN,2002,5,Missing data/not specified/undetermined,3
MN,2002,5,Natural,8
MN,2002,6,Human,97
MN,2002,6,Missing data/not specified/undetermined,1
MN,2002,6,Natural,13
MN,2002,7,Human,50
MN,2002,7,Missing data/not specified/undetermined,1
MN,2002,7,Natural,9
MN,2002,8,Human,20
MN,2002,8,Natural,5
MN,2002,9,Human,12
MN,2002,9,Natural,8
MN,2002,10,Human,4
MN,2002,11,Human,38
MN,2002,11,Missing data/not specified/undetermined,2
MN,2002,12,Human,43
MN,2002,12,Missing data/not specified/undetermined,2
MN,2003,1,Human,15
MN,2003,2,Human,5
MN,2003,3,Human,526
MN,2003,3,Missing data/not specified/undetermined,1
MN,2003,3,Natural,1
MN,2003,4,Human,1490
MN,2003,4,Missing data/not specified/undetermined,16
MN,2003,4,Natural,2
MN,2003,5,Human,538
MN,2003,5,Missing data/not specified/undetermined,12
MN,2003,5,Natural,2
MN,2003,6,Human,121
MN,2003,6,Missing data/not specified/undetermined,1
MN,2003,6,Natural,9
MN,2003,7,Human,64
MN,2003,7,Natural,12
MN,2003,8,Human,101
MN,2003,8,Missing data/not specified/undetermined,3
MN,2003,8,Natural,11
MN,2003,9,Human,81
MN,2003,9,Missing data/not specified/undetermined,3
MN,2003,9,Natural,3
MN,2003,10,Human,267
MN,2003,10,Missing data/not specified/undetermined,2
MN,2003,11,Human,10
MN,2003,12,Human,1
MN,2004,1,Human,3
MN,2004,2,Human,2
MN,2004,3,Human,31
MN,2004,4,Human,1185
MN,2004,4,Missing data/not specified/undetermined,5
MN,2004,4,Natural,13
MN,2004,5,Human,466
MN,2004,5,Missing data/not specified/undetermined,3
MN,2004,5,Natural,9
MN,2004,6,Human,105
MN,2004,6,Natural,1
MN,2004,7,Human,57
MN,2004,7,Natural,11
MN,2004,8,Human,38
MN,2004,8,Natural,3
MN,2004,9,Human,19
MN,2004,9,Natural,1
MN,2004,10,Human,11
MN,2004,11,Human,18
MN,2004,11,Missing data/not specified/undetermined,1
MN,2004,12,Human,7
MN,2005,2,Human,1
MN,2005,3,Human,33
MN,2005,4,Human,1071
MN,2005,4,Missing data/not specified/undetermined,4
MN,2005,4,Natural,6
MN,2005,5,Human,248
MN,2005,5,Natural,5
MN,2005,6,Human,45
MN,2005,6,Natural,1
MN,2005,7,Human,66
MN,2005,7,Missing data/not specified/undetermined,1
MN,2005,7,Natural,12
MN,2005,8,Human,110
MN,2005,8,Natural,12
MN,2005,9,Human,41
MN,2005,9,Natural,26
MN,2005,10,Human,23
MN,2005,11,Human,21
MN,2005,11,Missing data/not specified/undetermined,2
MN,2006,1,Human,1
MN,2006,2,Human,3
MN,2006,3,Human,26
MN,2006,3,Missing data/not specified/undetermined,1
MN,2006,4,Human,1246
MN,2006,4,Missing data/not specified/undetermined,8
MN,2006,4,Natural,4
MN,2006,5,Human,125
MN,2006,5,Missing data/not specified/undetermined,4
MN,2006,5,Natural,10
MN,2006,6,Human,104
MN,2006,6,Natural,13
MN,2006,7,Human,325
MN,2006,7,Missing data/not specified/undetermined,1
MN,2006,7,Natural,72
MN,2006,8,Human,142
MN,2006,8,Missing data/not specified/undetermined,1
MN,2006,8,Natural,22
MN,2006,9,Human,95
MN,2006,9,Natural,46
MN,2006,10,Human,116
MN,2006,10,Missing data/not specified/undetermined,2
MN,2006,10,Natural,3
MN,2006,11,Human,111
MN,2006,11,Missing data/not specified/undetermined,4
MN,2006,12,Human,23
MN,2007,1,Human,9
MN,2007,2,Human,9
MN,2007,3,Human,63
MN,2007,4,Human,730
MN,2007,4,Missing data/not specified/undetermined,8
MN,2007,4,Natural,1
MN,2007,5,Human,371
MN,2007,5,Missing data/not specified/undetermined,2
MN,2007,5,Natural,13
MN,2007,6,Human,64
MN,2007,6,Natural,12
MN,2007,7,Human,156
MN,2007,7,Natural,9
MN,2007,8,Human,155
MN,2007,8,Missing data/not specified/undetermined,2
MN,2007,8,Natural,40
MN,2007,9,Human,42
MN,2007,9,Natural,30
MN,2007,10,Human,25
MN,2007,11,Human,46
MN,2008,1,Human,1
MN,2008,3,Human,14
MN,2008,4,Human,355
MN,2008,4,Missing data/not specified/undetermined,1
MN,2008,4,Natural,1
MN,2008,5,Human,495
MN,2008,5,Missing data/not specified/undetermined,2
MN,2008,5,Natural,10
MN,2008,6,Human,41
MN,2008,6,Missing data/not specified/undetermined,1
MN,2008,6,Natural,1
MN,2008,7,Human,57
MN,2008,7,Natural,3
MN,2008,8,Human,93
MN,2008,8,Natural,8
MN,2008,9,Human,18
MN,2008,9,Natural,1
MN,2008,10,Human,25
MN,2008,11,Human,31
MN,2008,11,Missing data/not specified/undetermined,1
MN,2008,12,Human,6
MN,2009,1,Human,1
MN,2009,2,Human,1
MN,2009,3,Human,17
MN,2009,3,Missing data/not specified/undetermined,1
MN,2009,4,Human,621
MN,2009,4,Missing data/not specified/undetermined,6
MN,2009,4,Natural,2
MN,2009,5,Human,463
MN,2009,5,Missing data/not specified/undetermined,5
MN,2009,5,Natural,3
MN,2009,6,Human,51
MN,2009,6,Missing data/not specified/undetermined,1
MN,2009,6,Natural,2
MN,2009,7,Human,26
MN,2009,8,Human,9
MN,2009,8,Natural,2
MN,2009,9,Human,10
MN,2009,9,Natural,1
MN,2009,10,Human,3
MN,2009,10,Natural,1
MN,2009,11,Human,6
MN,2009,11,Missing data/not specified/undetermined,1
MN,2010,3,Human,578
MN,2010,3,Missing data/not specified/undetermined,11
MN,2010,4,Human,1045
MN,2010,4,Missing data/not specified/undetermined,22
MN,2010,4,Natural,1
MN,2010,5,Human,128
MN,2010,5,Missing data/not specified/undetermined,1
MN,2010,5,Natural,7
MN,2010,6,Human,30
MN,2010,6,Natural,2
MN,2010,7,Human,34
MN,2010,7,Natural,1
MN,2010,8,Human,22
MN,2010,8,Natural,4
MN,2010,9,Human,5
MN,2010,9,Natural,1
MN,2010,10,Human,146
MN,2010,10,Missing data/not specified/undetermined,1
MN,2010,11,Human,34
MN,2010,12,Human,1
MN,2011,1,Human,1
MN,2011,3,Human,3
MN,2011,4,Human,392
MN,2011,4,Natural,1
MN,2011,5,Human,257
MN,2011,5,Natural,2
MN,2011,6,Human,19
MN,2011,6,Natural,4
MN,2011,7,Human,17
MN,2011,8,Human,47
MN,2011,8,Natural,8
MN,2011,9,Human,52
MN,2011,9,Missing data/not specified/undetermined,1
MN,2011,9,Natural,11
MN,2011,10,Human,248
MN,2011,10,Missing data/not specified/undetermined,2
MN,2011,10,Natural,4
MN,2011,11,Human,115
MN,2011,11,Missing data/not specified/undetermined,2
MN,2011,12,Human,49
MN,2011,12,Missing data/not specified/undetermined,1
MN,2012,1,Human,10
MN,2012,2,Human,27
MN,2012,2,Missing data/not specified/undetermined,1
MN,2012,3,Human,461
MN,2012,3,Missing data/not specified/undetermined,2
MN,2012,3,Natural,2
MN,2012,4,Human,767
MN,2012,4,Missing data/not specified/undetermined,8
MN,2012,5,Human,196
MN,2012,5,Missing data/not specified/undetermined,3
MN,2012,5,Natural,8
MN,2012,6,Human,40
MN,2012,6,Natural,3
MN,2012,7,Human,57
MN,2012,7,Natural,11
MN,2012,8,Human,61
MN,2012,8,Missing data/not specified/undetermined,1
MN,2012,8,Natural,4
MN,2012,9,Human,283
MN,2012,9,Missing data/not specified/undetermined,10
MN,2012,9,Natural,21
MN,2012,10,Human,240
MN,2012,10,Missing data/not specified/undetermined,10
MN,2012,10,Natural,1
MN,2012,11,Human,54
MN,2012,11,Missing data/not specified/undetermined,1
MN,2012,12,Human,12
MN,2013,1,Human,1
MN,2013,2,Human,1
MN,2013,4,Human,155
MN,2013,4,Missing data/not specified/undetermined,3
MN,2013,5,Human,726
MN,2013,5,Missing data/not specified/undetermined,9
MN,2013,5,Natural,2
MN,2013,6,Human,46
MN,2013,6,Natural,3
MN,2013,7,Human,53
MN,2013,7,Missing data/not specified/undetermined,1
MN,2013,7,Natural,2
MN,2013,8,Human,60
MN,2013,8,Natural,6
MN,2013,9,Human,24
MN,2013,9,Missing data/not specified/undetermined,1
MN,2013,9,Natural,1
MN,2013,10,Human,19
MN,2013,11,Human,19
MN,2014,4,Human,411
MN,2014,4,Natural,1
MN,2014,5,Human,365
MN,2014,5,Natural,7
MN,2014,6,Human,20
MN,2014,6,Natural,3
MN,2014,7,Human,33
MN,2014,7,Missing data/not specified/undetermined,1
MN,2014,7,Natural,2
MN,2014,8,Human,19
MN,2014,8,Natural,1
MN,2014,9,Human,15
MN,2014,9,Natural,1
MN,2014,10,Human,106
MN,2014,11,Human,20
MN,2014,12,Human,1
MN,2015,1,Human,2
MN,2015,2,Human,4
MN,2015,3,Human,327
MN,2015,3,Missing data/not specified/undetermined,1
MN,2015,4,Human,956
MN,2015,4,Missing data/not specified/undetermined,7
MN,2015,4,Natural,6
MN,2015,5,Human,243
MN,2015,5,Missing data/not specified/undetermined,1
MN,2015,5,Natural,2
MN,2015,6,Human,45
MN,2015,6,Natural,1
MN,2015,7,Human,38
MN,2015,7,Natural,1
MN,2015,8,Human,31
MN,2015,8,Natural,6
MN,2015,9,Human,45
MN,2015,9,Natural,1
MN,2015,10,Human,107
MN,2015,11,Human,14
MN,2016,1,Human,1
MN,2016,1,Missing data/not specified/undetermined,1
MN,2016,2,Human,2
MN,2016,3,Human,351
MN,2016,4,Human,498
MN,2016,5,Human,416
MN,2016,5,Natural,10
MN,2016,6,Human,19
MN,2016,6,Natural,3
MN,2016,7,Human,25
MN,2016,7,Natural,3
MN,2016,8,Human,9
MN,2016,9,Human,7
MN,2016,9,Missing data/not specified/undetermined,1
MN,2016,9,Natural,1
MN,2016,10,Human,24
MN,2016,10,Natural,1
MN,2016,11,Human,66
MN,2017,2,Human,1
MN,2017,3,Human,178
MN,2017,3,Missing data/not specified/undetermined,1
MN,2017,4,Human,443
MN,2017,4,Missing data/not specified/undetermined,2
MN,2017,4,Natural,1
MN,2017,5,Human,206
MN,2017,5,Natural,1
MN,2017,6,Human,47
MN,2017,6,Missing data/not specified/undetermined,1
MN,2017,6,Natural,1
MN,2017,7,Human,36
MN,2017,8,Human,37
MN,2017,8,Natural,1
MN,2017,9,Human,30
MN,2017,9,Natural,2
MN,2017,10,Human,83
MN,2017,11,Human,28
MN,2017,11,Missing data/not specified/undetermined,1
MN,2017,12,Human,6
MN,2018,1,Human,1
MN,2018,3,Human,3
MN,2018,4,Human,574
MN,2018,4,Missing data/not specified/undetermined,3
MN,2018,5,Human,554
MN,2018,5,Missing data/not specified/undetermined,1
MN,2018,5,Natural,5
MN,2018,6,Human,26
MN,2018,6,Natural,1
MN,2018,7,Human,24
MN,2018,7,Natural,6
MN,2018,8,Human,84
MN,2018,8,Natural,7
MN,2018,9,Human,32
MN,2018,9,Natural,1
MN,2018,10,Human,31
MN,2018,11,Human,4
MN,2018,12,Human,9
MN,2019,3,Human,14
MN,2019,4,Human,436
MN,2019,4,Natural,3
MN,2019,5,Human,368
MN,2019,5,Natural,1
MN,2019,6,Human,87
MN,2019,6,Missing data/not specified/undetermined,1
MN,2019,6,Natural,3
MN,2019,7,Human,22
MN,2019,7,Natural,8
MN,2019,8,Human,32
MN,2019,8,Natural,1
MN,2019,9,Human,7
MN,2019,10,Human,7
MN,2019,11,Human,2
MN,2020,3,Human,26
MN,2020,4,Human,560
MN,2020,4,Missing data/not specified/undetermined,12
MN,2020,4,Natural,2
MN,2020,5,Human,432
MN,2020,5,Missing data/not specified/undetermined,18
MN,2020,6,Human,94
MN,2020,6,Missing data/not specified/undetermined,3
MN,2020,6,Natural,1
MN,2020,7,Human,43
MN,2020,7,Missing data/not specified/undetermined,3
MN,2020,7,Natural,13
MN,2020,8,Human,24
MN,2020,8,Missing data/not specified/undetermined,4
MN,2020,8,Natural,2
MN,2020,9,Human,18
MN,2020,9,Missing data/not specified/undetermined,5
MN,2020,10,Human,65
MN,2020,10,Missing data/not specified/undetermined,1
MN,2020,10,Natural,3
MN,2020,11,Human,63
MN,2020,11,Missing data/not specified/undetermined,1
MN,2020,12,Human,9
MN,2020,12,Missing data/not specified/undetermined,1
MO,1992,1,Human,94
MO,1992,2,Human,331
MO,1992,3,Human,534
MO,1992,3,Natural,1
MO,1992,4,Human,451
MO,1992,4,Natural,11
MO,1992,5,Human,82
MO,1992,6,Human,16
MO,1992,7,Human,20
MO,1992,7,Natural,1
MO,1992,8,Human,10
MO,1992,9,Human,9
MO,1992,10,Human,82
MO,1992,11,Human,20
MO,1992,12,Human,17
MO,1992,12,Natural,1
MO,1993,1,Human,64
MO,1993,2,Human,211
MO,1993,2,Natural,2
MO,1993,3,Human,222
MO,1993,3,Natural,3
MO,1993,4,Human,243
MO,1993,4,Natural,1
MO,1993,5,Human,25
MO,1993,6,Human,2
MO,1993,7,Human,10
MO,1993,8,Human,9
MO,1993,8,Natural,3
MO,1993,9,Human,7
MO,1993,10,Human,5
MO,1993,11,Human,57
MO,1993,12,Human,42
MO,1994,1,Human,16
MO,1994,2,Human,377
MO,1994,3,Human,767
MO,1994,3,Natural,3
MO,1994,4,Human,211
MO,1994,4,Natural,2
MO,1994,5,Human,24
MO,1994,6,Human,28
MO,1994,7,Human,7
MO,1994,8,Human,25
MO,1994,9,Human,9
MO,1994,10,Human,35
MO,1994,11,Human,48
MO,1994,12,Human,55
MO,1995,1,Human,14
MO,1995,2,Human,435
MO,1995,2,Missing data/not specified/undetermined,2
MO,1995,3,Human,834
MO,1995,3,Missing data/not specified/undetermined,10
MO,1995,3,Natural,11
MO,1995,4,Human,380
MO,1995,4,Natural,2
MO,1995,5,Human,12
MO,1995,6,Human,4
MO,1995,7,Human,3
MO,1995,8,Human,33
MO,1995,8,Natural,2
MO,1995,9,Human,34
MO,1995,9,Natural,1
MO,1995,10,Human,146
MO,1995,10,Missing data/not specified/undetermined,1
MO,1995,10,Natural,1
MO,1995,11,Human,118
MO,1995,11,Missing data/not specified/undetermined,2
MO,1995,12,Human,15
MO,1996,1,Human,8
MO,1996,2,Human,72
MO,1996,3,Human,93
MO,1996,3,Missing data/not specified/undetermined,1
MO,1996,3,Natural,1
MO,1996,4,Human,59
MO,1996,4,Missing data/not specified/undetermined,3
MO,1996,4,Natural,3
MO,1996,5,Human,3
MO,1996,5,Natural,2
MO,1996,6,Human,7
MO,1996,7,Human,44
MO,1996,7,Missing data/not specified/undetermined,3
MO,1996,7,Natural,1
MO,1996,8,Human,30
MO,1996,9,Human,35
MO,1996,9,Natural,1
MO,1996,10,Human,24
MO,1996,11,Human,14
MO,1996,12,Human,39
MO,1997,1,Human,33
MO,1997,1,Missing data/not specified/undetermined,1
MO,1997,2,Human,122
MO,1997,2,Missing data/not specified/undetermined,1
MO,1997,2,Natural,1
MO,1997,3,Human,506
MO,1997,3,Missing data/not specified/undetermined,6
MO,1997,3,Natural,1
MO,1997,4,Human,329
MO,1997,4,Missing data/not specified/undetermined,1
MO,1997,4,Natural,1
MO,1997,5,Human,103
MO,1997,5,Natural,2
MO,1997,6,Human,11
MO,1997,7,Human,68
MO,1997,7,Natural,3
MO,1997,8,Human,48
MO,1997,8,Missing data/not specified/undetermined,2
MO,1997,8,Natural,1
MO,1997,9,Human,10
MO,1997,10,Human,4
MO,1997,11,Human,41
MO,1997,12,Human,19
MO,1998,1,Human,39
MO,1998,1,Missing data/not specified/undetermined,1
MO,1998,2,Human,100
MO,1998,3,Human,81
MO,1998,4,Human,220
MO,1998,4,Missing data/not specified/undetermined,1
MO,1998,5,Human,4
MO,1998,6,Human,8
MO,1998,8,Human,2
MO,1998,9,Human,8
MO,1998,10,Human,4
MO,1998,11,Human,52
MO,1998,12,Human,1
MO,1999,2,Human,24
MO,1999,3,Human,61
MO,1999,3,Missing data/not specified/undetermined,1
MO,1999,4,Human,21
MO,1999,4,Missing data/not specified/undetermined,1
MO,1999,6,Human,1
MO,1999,7,Human,52
MO,1999,7,Missing data/not specified/undetermined,1
MO,1999,7,Natural,1
MO,1999,8,Human,107
MO,1999,8,Missing data/not specified/undetermined,3
MO,1999,8,Natural,3
MO,1999,9,Human,126
MO,1999,9,Missing data/not specified/undetermined,2
MO,1999,10,Human,229
MO,1999,10,Missing data/not specified/undetermined,1
MO,1999,10,Natural,3
MO,1999,11,Human,497
MO,1999,11,Missing data/not specified/undetermined,5
MO,1999,11,Natural,3
MO,1999,12,Human,62
MO,2000,1,Human,30
MO,2000,2,Human,43
MO,2000,2,Missing data/not specified/undetermined,1
MO,2000,2,Natural,1
MO,2000,3,Human,134
MO,2000,4,Human,169
MO,2000,4,Natural,2
MO,2000,5,Human,12
MO,2000,5,Natural,3
MO,2000,6,Human,3
MO,2000,7,Human,7
MO,2000,8,Human,50
MO,2000,8,Missing data/not specified/undetermined,1
MO,2000,9,Human,109
MO,2000,9,Natural,2
MO,2000,10,Human,67
MO,2000,11,Human,30
MO,2000,11,Natural,1
MO,2000,12,Human,7
MO,2001,1,Human,20
MO,2001,2,Human,62
MO,2001,2,Missing data/not specified/undetermined,1
MO,2001,3,Human,333
MO,2001,3,Natural,1
MO,2001,4,Human,173
MO,2001,4,Natural,1
MO,2001,5,Human,26
MO,2001,6,Human,58
MO,2001,7,Human,15
MO,2001,7,Missing data/not specified/undetermined,1
MO,2001,8,Human,20
MO,2001,9,Human,11
MO,2001,9,Natural,1
MO,2001,10,Human,41
MO,2001,10,Natural,1
MO,2001,11,Human,101
MO,2001,12,Human,15
MO,2001,12,Missing data/not specified/undetermined,1
MO,2002,1,Human,86
MO,2002,1,Missing data/not specified/undetermined,2
MO,2002,1,Natural,1
MO,2002,2,Human,214
MO,2002,3,Human,141
MO,2002,4,Human,181
MO,2002,5,Human,2
MO,2002,6,Human,5
MO,2002,9,Human,3
MO,2002,11,Human,30
MO,2002,11,Missing data/not specified/undetermined,1
MO,2002,12,Human,4
MO,2003,1,Human,13
MO,2003,1,Missing data/not specified/undetermined,4
MO,2003,2,Human,11
MO,2003,2,Missing data/not specified/undetermined,1
MO,2003,3,Human,91
MO,2003,3,Missing data/not specified/undetermined,6
MO,2003,4,Human,90
MO,2003,4,Missing data/not specified/undetermined,5
MO,2003,4,Natural,1
MO,2003,5,Human,3
MO,2003,5,Missing data/not specified/undetermined,1
MO,2003,6,Human,4
MO,2003,6,Missing data/not specified/undetermined,1
MO,2003,6,Natural,1
MO,2003,7,Human,13
MO,2003,7,Missing data/not specified/undetermined,9
MO,2003,7,Natural,1
MO,2003,8,Human,25
MO,2003,8,Missing data/not specified/undetermined,17
MO,2003,8,Natural,8
MO,2003,9,Human,2
MO,2003,9,Missing data/not specified/undetermined,4
MO,2003,10,Human,5
MO,2003,10,Missing data/not specified/undetermined,1
MO,2003,11,Human,21
MO,2003,11,Natural,1
MO,2003,12,Human,1
MO,2004,1,Human,5
MO,2004,2,Human,61
MO,2004,2,Missing data/not specified/undetermined,4
MO,2004,3,Human,85
MO,2004,3,Missing data/not specified/undetermined,10
MO,2004,4,Human,69
MO,2004,4,Missing data/not specified/undetermined,2
MO,2004,5,Human,5
MO,2004,5,Missing data/not specified/undetermined,1
MO,2004,6,Human,3
MO,2004,6,Missing data/not specified/undetermined,2
MO,2004,6,Natural,1
MO,2004,7,Human,4
MO,2004,7,Missing data/not specified/undetermined,4
MO,2004,7,Natural,1
MO,2004,8,Human,3
MO,2004,8,Missing data/not specified/undetermined,3
MO,2004,9,Human,11
MO,2004,9,Missing data/not specified/undetermined,2
MO,2004,10,Human,8
MO,2004,10,Missing data/not specified/undetermined,2
MO,2004,11,Human,8
MO,2004,11,Missing data/not specified/undetermined,1
MO,2004,12,Human,7
MO,2004,12,Missing data/not specified/undetermined,4
MO,2004,12,Natural,1
MO,2005,1,Human,6
MO,2005,1,Missing data/not specified/undetermined,1
MO,2005,2,Human,27
MO,2005,2,Missing data/not specified/undetermined,6
MO,2005,3,Human,169
MO,2005,3,Missing data/not specified/undetermined,15
MO,2005,3,Natural,1
MO,2005,4,Human,73
MO,2005,4,Missing data/not specified/undetermined,4
MO,2005,5,Human,11
MO,2005,5,Missing data/not specified/undetermined,1
MO,2005,6,Human,8
MO,2005,6,Missing data/not specified/undetermined,1
MO,2005,7,Human,12
MO,2005,7,Missing data/not specified/undetermined,7
MO,2005,8,Human,5
MO,2005,8,Missing data/not specified/undetermined,2
MO,2005,8,Natural,1
MO,2005,9,Human,5
MO,2005,9,Missing data/not specified/undetermined,3
MO,2005,9,Natural,1
MO,2005,10,Human,5
MO,2005,11,Human,30
MO,2005,11,Missing data/not specified/undetermined,8
MO,2005,12,Human,11
MO,2006,1,Human,46
MO,2006,1,Missing data/not specified/undetermined,3
MO,2006,2,Human,67
MO,2006,2,Missing data/not specified/undetermined,12
MO,2006,3,Human,81
MO,2006,3,Missing data/not specified/undetermined,14
MO,2006,4,Human,74
MO,2006,4,Missing data/not specified/undetermined,15
MO,2006,4,Natural,3
MO,2006,5,Human,3
MO,2006,5,Missing data/not specified/undetermined,3
MO,2006,6,Human,14
MO,2006,6,Missing data/not specified/undetermined,9
MO,2006,6,Natural,1
MO,2006,7,Human,10
MO,2006,7,Missing data/not specified/undetermined,15
MO,2006,7,Natural,1
MO,2006,8,Human,17
MO,2006,8,Missing data/not specified/undetermined,9
MO,2006,8,Natural,3
MO,2006,9,Human,5
MO,2006,9,Missing data/not specified/undetermined,2
MO,2006,9,Natural,1
MO,2006,10,Human,5
MO,2006,10,Missing data/not specified/undetermined,4
MO,2006,11,Human,12
MO,2006,11,Missing data/not specified/undetermined,4
MO,2006,12,Human,6
MO,2006,12,Missing data/not specified/undetermined,2
MO,2007,1,Human,4
MO,2007,1,Missing data/not specified/undetermined,5
MO,2007,2,Human,36
MO,2007,2,Missing data/not specified/undetermined,11
MO,2007,3,Human,103
MO,2007,3,Missing data/not specified/undetermined,17
MO,2007,4,Human,51
MO,2007,4,Missing data/not specified/undetermined,13
MO,2007,4,Natural,2
MO,2007,5,Human,8
MO,2007,5,Missing data/not specified/undetermined,2
MO,2007,5,Natural,1
MO,2007,6,Human,10
MO,2007,6,Missing data/not specified/undetermined,9
MO,2007,6,Natural,1
MO,2007,7,Human,16
MO,2007,7,Missing data/not specified/undetermined,13
MO,2007,7,Natural,1
MO,2007,8,Human,46
MO,2007,8,Missing data/not specified/undetermined,28
MO,2007,8,Natural,2
MO,2007,9,Human,26
MO,2007,9,Missing data/not specified/undetermined,25
MO,2007,9,Natural,1
MO,2007,10,Human,11
MO,2007,10,Missing data/not specified/undetermined,2
MO,2007,11,Human,33
MO,2007,11,Missing data/not specified/undetermined,22
MO,2007,11,Natural,1
MO,2007,12,Human,16
MO,2007,12,Missing data/not specified/undetermined,6
MO,2007,12,Natural,1
MO,2008,1,Human,11
MO,2008,1,Missing data/not specified/undetermined,5
MO,2008,2,Human,2
MO,2008,3,Human,28
MO,2008,3,Missing data/not specified/undetermined,7
MO,2008,4,Human,13
MO,2008,4,Missing data/not specified/undetermined,1
MO,2008,5,Human,5
MO,2008,5,Missing data/not specified/undetermined,3
MO,2008,5,Natural,1
MO,2008,6,Human,1
MO,2008,6,Missing data/not specified/undetermined,2
MO,2008,7,Missing data/not specified/undetermined,2
MO,2008,8,Human,3
MO,2008,8,Missing data/not specified/undetermined,2
MO,2008,9,Human,1
MO,2008,9,Missing data/not specified/undetermined,1
MO,2008,10,Human,2
MO,2008,10,Missing data/not specified/undetermined,5
MO,2008,11,Human,25
MO,2008,11,Missing data/not specified/undetermined,4
MO,2008,12,Human,9
MO,2008,12,Missing data/not specified/undetermined,2
MO,2008,12,Natural,1
MO,2009,1,Human,40
MO,2009,2,Human,16
MO,2009,3,Human,87
MO,2009,3,Natural,1
MO,2009,4,Human,58
MO,2009,6,Human,1
MO,2009,7,Human,1
MO,2009,8,Natural,1
MO,2009,9,Human,1
MO,2009,11,Human,30
MO,2009,12,Human,3
MO,2010,1,Human,1
MO,2010,2,Human,6
MO,2010,3,Human,55
MO,2010,4,Human,35
MO,2010,4,Missing data/not specified/undetermined,1
MO,2010,6,Human,1
MO,2010,7,Human,2
MO,2010,8,Human,4
MO,2010,8,Natural,2
MO,2010,9,Human,1
MO,2010,9,Natural,1
MO,2010,10,Human,21
MO,2010,11,Human,63
MO,2010,12,Human,3
MO,2011,1,Human,70
MO,2011,2,Human,58
MO,2011,3,Human,157
MO,2011,3,Missing data/not specified/undetermined,2
MO,2011,3,Natural,2
MO,2011,4,Human,123
MO,2011,4,Missing data/not specified/undetermined,1
MO,2011,4,Natural,1
MO,2011,5,Human,6
MO,2011,6,Human,17
MO,2011,7,Human,58
MO,2011,7,Natural,1
MO,2011,8,Human,39
MO,2011,8,Natural,2
MO,2011,9,Human,45
MO,2011,10,Human,68
MO,2011,10,Natural,1
MO,2011,11,Human,73
MO,2011,12,Human,16
MO,2012,1,Human,13
MO,2012,2,Human,7
MO,2012,2,Natural,1
MO,2012,3,Human,56
MO,2012,3,Missing data/not specified/undetermined,1
MO,2012,3,Natural,2
MO,2012,4,Human,9
MO,2012,4,Missing data/not specified/undetermined,2
MO,2012,5,Human,15
MO,2012,5,Natural,2
MO,2012,6,Human,15
MO,2012,6,Missing data/not specified/undetermined,1
MO,2012,6,Natural,1
MO,2012,7,Human,45
MO,2012,7,Missing data/not specified/undetermined,1
MO,2012,7,Natural,9
MO,2012,8,Human,26
MO,2012,8,Natural,3
MO,2012,9,Human,1
MO,2012,10,Human,2
MO,2012,11,Human,7
MO,2012,12,Human,2
MO,2013,1,Human,31
MO,2013,2,Human,24
MO,2013,3,Human,56
MO,2013,4,Human,111
MO,2013,4,Natural,1
MO,2013,5,Human,13
MO,2013,6,Human,12
MO,2013,6,Natural,1
MO,2013,7,Human,40
MO,2013,7,Natural,1
MO,2013,8,Human,6
MO,2013,8,Natural,1
MO,2013,9,Human,20
MO,2013,10,Human,8
MO,2013,11,Human,65
MO,2013,12,Human,23
MO,2014,1,Human,212
MO,2014,2,Human,185
MO,2014,3,Human,450
MO,2014,4,Human,233
MO,2014,4,Natural,2
MO,2014,5,Human,53
MO,2014,6,Human,5
MO,2014,6,Natural,1
MO,2014,7,Human,25
MO,2014,8,Human,29
MO,2014,8,Natural,1
MO,2014,9,Human,8
MO,2014,10,Human,6
MO,2014,11,Human,40
MO,2014,12,Human,1
MO,2015,1,Human,136
MO,2015,2,Human,89
MO,2015,3,Human,224
MO,2015,4,Human,74
MO,2015,5,Human,28
MO,2015,6,Human,5
MO,2015,7,Human,3
MO,2015,8,Human,5
MO,2015,9,Human,21
MO,2015,9,Natural,1
MO,2015,10,Human,95
MO,2015,11,Human,71
MO,2015,12,Human,17
MO,2016,1,Human,72
MO,2016,2,Human,281
MO,2016,3,Human,237
MO,2016,3,Natural,1
MO,2016,4,Human,113
MO,2016,4,Natural,1
MO,2016,5,Human,14
MO,2016,5,Natural,1
MO,2016,6,Human,16
MO,2016,7,Human,3
MO,2016,7,Natural,1
MO,2016,8,Human,7
MO,2016,9,Human,11
MO,2016,10,Human,19
MO,2016,11,Human,73
MO,2016,12,Human,43
MO,2017,1,Human,93
MO,2017,1,Natural,2
MO,2017,2,Human,366
MO,2017,2,Natural,1
MO,2017,3,Human,261
MO,2017,3,Natural,3
MO,2017,4,Human,77
MO,2017,4,Natural,1
MO,2017,5,Human,13
MO,2017,6,Human,22
MO,2017,7,Human,36
MO,2017,8,Human,12
MO,2017,9,Human,40
MO,2017,10,Human,44
MO,2017,11,Human,127
MO,2017,12,Human,103
MO,2018,1,Human,298
MO,2018,1,Natural,2
MO,2018,2,Human,245
MO,2018,3,Human,524
MO,2018,3,Natural,2
MO,2018,4,Human,447
MO,2018,4,Natural,1
MO,2018,5,Human,74
MO,2018,5,Natural,1
MO,2018,6,Human,66
MO,2018,7,Human,104
MO,2018,7,Natural,3
MO,2018,8,Human,73
MO,2018,8,Natural,1
MO,2018,9,Human,17
MO,2018,10,Human,24
MO,2018,11,Human,31
MO,2018,12,Human,43
MO,2019,1,Human,34
MO,2019,2,Human,60
MO,2019,3,Human,287
MO,2019,3,Natural,3
MO,2019,4,Human,277
MO,2019,4,Natural,1
MO,2019,5,Human,18
MO,2019,6,Human,32
MO,2019,6,Natural,1
MO,2019,7,Human,40
MO,2019,7,Natural,3
MO,2019,8,Human,25
MO,2019,8,Natural,1
MO,2019,9,Human,54
MO,2019,10,Human,44
MO,2019,10,Natural,1
MO,2019,11,Human,104
MO,2019,12,Human,148
MO,2020,1,Human,115
MO,2020,1,Natural,1
MO,2020,2,Human,139
MO,2020,3,Human,308
MO,2020,3,Natural,1
MO,2020,4,Human,170
MO,2020,5,Human,20
MO,2020,6,Human,39
MO,2020,7,Human,45
MO,2020,8,Human,46
MO,2020,9,Human,52
MO,2020,10,Human,144
MO,2020,10,Missing data/not specified/undetermined,1
MO,2020,11,Human,166
MO,2020,12,Human,132
MS,1992,1,Human,442
MS,1992,2,Human,1076
MS,1992,2,Missing data/not specified/undetermined,1
MS,1992,3,Human,1219
MS,1992,3,Missing data/not specified/undetermined,1
MS,1992,4,Human,517
MS,1992,4,Natural,2
MS,1992,5,Human,468
MS,1992,5,Natural,1
MS,1992,6,Human,66
MS,1992,7,Human,101
MS,1992,7,Natural,3
MS,1992,8,Human,48
MS,1992,8,Missing data/not specified/undetermined,1
MS,1992,9,Human,57
MS,1992,10,Human,211
MS,1992,11,Human,127
MS,1992,11,Missing data/not specified/undetermined,1
MS,1992,12,Human,136
MS,1993,1,Human,257
MS,1993,2,Human,1004
MS,1993,2,Natural,1
MS,1993,3,Human,846
MS,1993,4,Human,332
MS,1993,5,Human,85
MS,1993,5,Natural,1
MS,1993,6,Human,143
MS,1993,6,Natural,1
MS,1993,7,Human,83
MS,1993,7,Natural,4
MS,1993,8,Human,73
MS,1993,8,Natural,4
MS,1993,9,Human,220
MS,1993,9,Natural,1
MS,1993,10,Human,357
MS,1993,10,Natural,2
MS,1993,11,Human,289
MS,1993,12,Human,312
MS,1994,1,Human,404
MS,1994,1,Natural,1
MS,1994,2,Human,618
MS,1994,3,Human,1137
MS,1994,3,Missing data/not specified/undetermined,1
MS,1994,4,Human,282
MS,1994,4,Natural,1
MS,1994,5,Human,111
MS,1994,6,Human,24
MS,1994,6,Natural,1
MS,1994,7,Human,39
MS,1994,7,Natural,2
MS,1994,8,Human,93
MS,1994,8,Natural,1
MS,1994,9,Human,235
MS,1994,10,Human,104
MS,1994,11,Human,166
MS,1994,11,Natural,1
MS,1994,12,Human,134
MS,1995,1,Human,251
MS,1995,1,Natural,1
MS,1995,2,Human,976
MS,1995,3,Human,810
MS,1995,4,Human,426
MS,1995,5,Human,69
MS,1995,5,Natural,2
MS,1995,6,Human,138
MS,1995,6,Natural,1
MS,1995,7,Human,164
MS,1995,7,Natural,6
MS,1995,8,Human,218
MS,1995,8,Natural,3
MS,1995,9,Human,881
MS,1995,9,Natural,9
MS,1995,10,Human,510
MS,1995,10,Missing data/not specified/undetermined,1
MS,1995,11,Human,185
MS,1995,12,Human,341
MS,1996,1,Human,324
MS,1996,1,Natural,1
MS,1996,2,Human,1486
MS,1996,2,Missing data/not specified/undetermined,1
MS,1996,2,Natural,1
MS,1996,3,Human,1258
MS,1996,3,Natural,4
MS,1996,4,Human,654
MS,1996,4,Natural,1
MS,1996,5,Human,288
MS,1996,5,Natural,4
MS,1996,6,Human,49
MS,1996,6,Natural,1
MS,1996,7,Human,195
MS,1996,7,Natural,5
MS,1996,8,Human,61
MS,1996,8,Natural,3
MS,1996,9,Human,68
MS,1996,10,Human,201
MS,1996,10,Natural,1
MS,1996,11,Human,102
MS,1996,12,Human,215
MS,1997,1,Human,194
MS,1997,2,Human,282
MS,1997,3,Human,489
MS,1997,4,Human,334
MS,1997,5,Human,129
MS,1997,5,Natural,1
MS,1997,6,Human,11
MS,1997,6,Natural,2
MS,1997,7,Human,25
MS,1997,7,Natural,2
MS,1997,8,Human,73
MS,1997,8,Natural,1
MS,1997,9,Human,424
MS,1997,9,Missing data/not specified/undetermined,1
MS,1997,10,Human,593
MS,1997,11,Human,94
MS,1997,12,Human,127
MS,1998,1,Human,151
MS,1998,2,Human,366
MS,1998,2,Missing data/not specified/undetermined,1
MS,1998,2,Natural,2
MS,1998,3,Human,707
MS,1998,4,Human,251
MS,1998,5,Human,204
MS,1998,6,Human,361
MS,1998,6,Natural,5
MS,1998,7,Human,142
MS,1998,7,Natural,15
MS,1998,8,Human,190
MS,1998,8,Natural,6
MS,1998,9,Human,238
MS,1998,10,Human,499
MS,1998,10,Missing data/not specified/undetermined,1
MS,1998,10,Natural,1
MS,1998,11,Human,210
MS,1998,12,Human,71
MS,1999,1,Human,423
MS,1999,1,Natural,1
MS,1999,2,Human,568
MS,1999,2,Natural,1
MS,1999,3,Human,522
MS,1999,3,Natural,1
MS,1999,4,Human,415
MS,1999,4,Natural,2
MS,1999,5,Human,339
MS,1999,5,Natural,2
MS,1999,6,Human,115
MS,1999,6,Natural,3
MS,1999,7,Human,63
MS,1999,7,Natural,7
MS,1999,8,Human,559
MS,1999,8,Natural,15
MS,1999,9,Human,957
MS,1999,9,Natural,6
MS,1999,10,Human,435
MS,1999,10,Natural,1
MS,1999,11,Human,495
MS,1999,11,Natural,1
MS,1999,12,Human,505
MS,2000,1,Human,534
MS,2000,2,Human,1803
MS,2000,2,Missing data/not specified/undetermined,1
MS,2000,3,Human,940
MS,2000,3,Missing data/not specified/undetermined,1
MS,2000,4,Human,238
MS,2000,5,Human,407
MS,2000,6,Human,302
MS,2000,7,Human,759
MS,2000,7,Natural,48
MS,2000,8,Human,972
MS,2000,8,Natural,84
MS,2000,9,Human,631
MS,2000,9,Natural,22
MS,2000,10,Human,941
MS,2000,11,Human,142
MS,2000,12,Human,159
MS,2001,1,Human,242
MS,2001,2,Human,576
MS,2001,2,Natural,2
MS,2001,3,Human,353
MS,2001,4,Human,360
MS,2001,4,Missing data/not specified/undetermined,2
MS,2001,4,Natural,1
MS,2001,5,Human,366
MS,2001,5,Missing data/not specified/undetermined,2
MS,2001,5,Natural,10
MS,2001,6,Human,65
MS,2001,7,Human,75
MS,2001,7,Natural,2
MS,2001,8,Human,30
MS,2001,8,Natural,5
MS,2001,9,Human,52
MS,2001,10,Human,139
MS,2001,11,Human,459
MS,2001,11,Missing data/not specified/undetermined,1
MS,2001,12,Human,146
MS,2002,1,Human,219
MS,2002,1,Missing data/not specified/undetermined,1
MS,2002,2,Human,900
MS,2002,3,Human,704
MS,2002,3,Missing data/not specified/undetermined,1
MS,2002,3,Natural,1
MS,2002,4,Human,244
MS,2002,5,Human,270
MS,2002,6,Human,122
MS,2002,6,Natural,7
MS,2002,7,Human,36
MS,2002,7,Natural,5
MS,2002,8,Human,53
MS,2002,8,Natural,1
MS,2002,9,Human,151
MS,2002,9,Natural,1
MS,2002,10,Human,8
MS,2002,11,Human,25
MS,2002,12,Human,83
MS,2003,1,Human,370
MS,2003,1,Missing data/not specified/undetermined,1
MS,2003,2,Human,152
MS,2003,3,Human,286
MS,2003,3,Natural,1
MS,2003,4,Human,283
MS,2003,4,Missing data/not specified/undetermined,1
MS,2003,5,Human,75
MS,2003,5,Missing data/not specified/undetermined,1
MS,2003,6,Human,18
MS,2003,6,Natural,1
MS,2003,7,Human,10
MS,2003,7,Natural,1
MS,2003,8,Human,18
MS,2003,8,Natural,1
MS,2003,9,Human,57
MS,2003,10,Human,224
MS,2003,11,Human,191
MS,2003,12,Human,222
MS,2004,1,Human,248
MS,2004,1,Missing data/not specified/undetermined,1
MS,2004,2,Human,264
MS,2004,3,Human,1124
MS,2004,4,Human,520
MS,2004,4,Natural,2
MS,2004,5,Human,46
MS,2004,6,Human,10
MS,2004,7,Human,18
MS,2004,8,Human,90
MS,2004,9,Human,178
MS,2004,10,Human,131
MS,2004,10,Natural,1
MS,2004,11,Human,31
MS,2004,12,Human,148
MS,2005,1,Human,303
MS,2005,1,Missing data/not specified/undetermined,1
MS,2005,2,Human,196
MS,2005,2,Missing data/not specified/undetermined,1
MS,2005,3,Human,571
MS,2005,4,Human,164
MS,2005,4,Natural,2
MS,2005,5,Human,157
MS,2005,5,Natural,1
MS,2005,6,Human,45
MS,2005,6,Natural,2
MS,2005,7,Human,26
MS,2005,7,Natural,1
MS,2005,8,Human,72
MS,2005,8,Natural,3
MS,2005,9,Human,226
MS,2005,10,Human,760
MS,2005,10,Missing data/not specified/undetermined,1
MS,2005,11,Human,543
MS,2005,11,Missing data/not specified/undetermined,1
MS,2005,11,Natural,1
MS,2005,12,Human,440
MS,2005,12,Missing data/not specified/undetermined,2
MS,2005,12,Natural,1
MS,2006,1,Human,721
MS,2006,1,Missing data/not specified/undetermined,3
MS,2006,2,Human,360
MS,2006,2,Missing data/not specified/undetermined,4
MS,2006,3,Human,1479
MS,2006,3,Missing data/not specified/undetermined,6
MS,2006,3,Natural,1
MS,2006,4,Human,705
MS,2006,4,Missing data/not specified/undetermined,7
MS,2006,4,Natural,3
MS,2006,5,Human,273
MS,2006,5,Natural,3
MS,2006,6,Human,530
MS,2006,6,Missing data/not specified/undetermined,2
MS,2006,6,Natural,21
MS,2006,7,Human,376
MS,2006,7,Natural,25
MS,2006,8,Human,229
MS,2006,8,Missing data/not specified/undetermined,2
MS,2006,8,Natural,15
MS,2006,9,Human,263
MS,2006,9,Natural,2
MS,2006,10,Human,228
MS,2006,10,Missing data/not specified/undetermined,1
MS,2006,11,Human,92
MS,2006,11,Missing data/not specified/undetermined,2
MS,2006,12,Human,180
MS,2007,1,Human,65
MS,2007,1,Missing data/not specified/undetermined,1
MS,2007,2,Human,618
MS,2007,2,Missing data/not specified/undetermined,2
MS,2007,2,Natural,3
MS,2007,3,Human,1270
MS,2007,3,Natural,1
MS,2007,4,Human,254
MS,2007,4,Missing data/not specified/undetermined,1
MS,2007,5,Human,241
MS,2007,5,Missing data/not specified/undetermined,3
MS,2007,5,Natural,2
MS,2007,6,Human,240
MS,2007,6,Missing data/not specified/undetermined,1
MS,2007,6,Natural,12
MS,2007,7,Human,1
MS,2007,7,Natural,1
MS,2007,8,Human,13
MS,2007,8,Natural,1
MS,2007,9,Human,10
MS,2007,10,Human,10
MS,2007,11,Human,7
MS,2007,11,Natural,1
MS,2007,12,Human,8
MS,2007,12,Missing data/not specified/undetermined,1
MS,2008,1,Human,5
MS,2008,1,Missing data/not specified/undetermined,113
MS,2008,1,Natural,1
MS,2008,2,Human,23
MS,2008,2,Missing data/not specified/undetermined,299
MS,2008,3,Human,29
MS,2008,3,Missing data/not specified/undetermined,621
MS,2008,4,Human,9
MS,2008,4,Missing data/not specified/undetermined,113
MS,2008,5,Human,6
MS,2008,5,Missing data/not specified/undetermined,75
MS,2008,6,Human,5
MS,2008,6,Missing data/not specified/undetermined,118
MS,2008,6,Natural,2
MS,2008,7,Human,8
MS,2008,7,Missing data/not specified/undetermined,171
MS,2008,7,Natural,1
MS,2008,8,Human,6
MS,2008,8,Missing data/not specified/undetermined,47
MS,2008,9,Human,3
MS,2008,9,Missing data/not specified/undetermined,13
MS,2008,10,Human,8
MS,2008,10,Missing data/not specified/undetermined,64
MS,2008,11,Human,22
MS,2008,11,Missing data/not specified/undetermined,174
MS,2008,12,Human,3
MS,2008,12,Missing data/not specified/undetermined,73
MS,2009,1,Human,16
MS,2009,1,Missing data/not specified/undetermined,212
MS,2009,2,Human,42
MS,2009,2,Missing data/not specified/undetermined,475
MS,2009,3,Human,63
MS,2009,3,Missing data/not specified/undetermined,511
MS,2009,4,Human,4
MS,2009,4,Missing data/not specified/undetermined,123
MS,2009,5,Human,2
MS,2009,5,Missing data/not specified/undetermined,29
MS,2009,6,Human,12
MS,2009,6,Missing data/not specified/undetermined,176
MS,2009,6,Natural,1
MS,2009,7,Human,5
MS,2009,7,Missing data/not specified/undetermined,169
MS,2009,8,Human,6
MS,2009,8,Missing data/not specified/undetermined,35
MS,2009,8,Natural,3
MS,2009,9,Human,1
MS,2009,9,Missing data/not specified/undetermined,27
MS,2009,10,Human,1
MS,2009,10,Missing data/not specified/undetermined,6
MS,2009,11,Human,4
MS,2009,11,Missing data/not specified/undetermined,28
MS,2009,12,Missing data/not specified/undetermined,14
MS,2010,1,Human,9
MS,2010,1,Missing data/not specified/undetermined,124
MS,2010,2,Human,7
MS,2010,2,Missing data/not specified/undetermined,188
MS,2010,2,Natural,1
MS,2010,3,Human,41
MS,2010,3,Missing data/not specified/undetermined,578
MS,2010,4,Human,27
MS,2010,4,Missing data/not specified/undetermined,357
MS,2010,4,Natural,1
MS,2010,5,Human,3
MS,2010,5,Missing data/not specified/undetermined,42
MS,2010,6,Human,1
MS,2010,6,Missing data/not specified/undetermined,50
MS,2010,6,Natural,1
MS,2010,7,Human,4
MS,2010,7,Missing data/not specified/undetermined,34
MS,2010,8,Human,2
MS,2010,8,Missing data/not specified/undetermined,43
MS,2010,8,Natural,2
MS,2010,9,Human,12
MS,2010,9,Missing data/not specified/undetermined,391
MS,2010,10,Human,43
MS,2010,10,Missing data/not specified/undetermined,681
MS,2010,10,Natural,1
MS,2010,11,Missing data/not specified/undetermined,100
MS,2010,11,Natural,1
MS,2010,12,Human,11
MS,2010,12,Missing data/not specified/undetermined,164
MS,2011,1,Human,22
MS,2011,1,Missing data/not specified/undetermined,141
MS,2011,1,Natural,1
MS,2011,2,Human,35
MS,2011,2,Missing data/not specified/undetermined,413
MS,2011,3,Human,44
MS,2011,3,Missing data/not specified/undetermined,336
MS,2011,4,Human,15
MS,2011,4,Missing data/not specified/undetermined,102
MS,2011,5,Human,28
MS,2011,5,Missing data/not specified/undetermined,157
MS,2011,5,Natural,1
MS,2011,6,Human,17
MS,2011,6,Missing data/not specified/undetermined,234
MS,2011,6,Natural,21
MS,2011,7,Human,4
MS,2011,7,Missing data/not specified/undetermined,7
MS,2011,7,Natural,2
MS,2011,8,Human,2
MS,2011,8,Missing data/not specified/undetermined,2
MS,2011,8,Natural,1
MS,2011,9,Human,6
MS,2011,10,Human,10
MS,2011,10,Missing data/not specified/undetermined,7
MS,2011,11,Human,2
MS,2011,12,Human,3
MS,2011,12,Missing data/not specified/undetermined,1
MS,2012,1,Human,152
MS,2012,1,Missing data/not specified/undetermined,1
MS,2012,2,Human,131
MS,2012,2,Missing data/not specified/undetermined,1
MS,2012,3,Human,199
MS,2012,3,Missing data/not specified/undetermined,2
MS,2012,3,Natural,3
MS,2012,4,Human,60
MS,2012,4,Missing data/not specified/undetermined,1
MS,2012,4,Natural,2
MS,2012,5,Human,79
MS,2012,5,Missing data/not specified/undetermined,1
MS,2012,5,Natural,2
MS,2012,6,Human,203
MS,2012,6,Natural,2
MS,2012,7,Human,89
MS,2012,7,Missing data/not specified/undetermined,1
MS,2012,7,Natural,17
MS,2012,8,Human,23
MS,2012,8,Natural,3
MS,2012,9,Human,42
MS,2012,10,Human,48
MS,2012,10,Missing data/not specified/undetermined,3
MS,2012,11,Human,107
MS,2012,11,Missing data/not specified/undetermined,4
MS,2012,12,Human,40
MS,2012,12,Missing data/not specified/undetermined,2
MS,2013,1,Human,67
MS,2013,1,Missing data/not specified/undetermined,5
MS,2013,2,Human,146
MS,2013,2,Missing data/not specified/undetermined,2
MS,2013,3,Human,674
MS,2013,3,Missing data/not specified/undetermined,6
MS,2013,3,Natural,4
MS,2013,4,Human,87
MS,2013,4,Missing data/not specified/undetermined,2
MS,2013,5,Human,36
MS,2013,5,Natural,2
MS,2013,6,Human,23
MS,2013,6,Natural,5
MS,2013,7,Human,28
MS,2013,8,Human,50
MS,2013,8,Natural,1
MS,2013,9,Human,175
MS,2013,9,Missing data/not specified/undetermined,1
MS,2013,9,Natural,1
MS,2013,10,Human,45
MS,2013,10,Missing data/not specified/undetermined,1
MS,2013,11,Human,48
MS,2013,12,Human,78
MS,2013,12,Natural,1
MS,2014,1,Human,507
MS,2014,1,Natural,2
MS,2014,2,Human,207
MS,2014,2,Missing data/not specified/undetermined,1
MS,2014,2,Natural,2
MS,2014,3,Human,522
MS,2014,3,Missing data/not specified/undetermined,1
MS,2014,3,Natural,5
MS,2014,4,Human,151
MS,2014,5,Human,109
MS,2014,5,Natural,1
MS,2014,6,Human,11
MS,2014,6,Missing data/not specified/undetermined,1
MS,2014,6,Natural,2
MS,2014,7,Human,34
MS,2014,7,Natural,2
MS,2014,8,Human,57
MS,2014,8,Natural,2
MS,2014,9,Human,52
MS,2014,9,Missing data/not specified/undetermined,1
MS,2014,10,Human,133
MS,2014,10,Missing data/not specified/undetermined,1
MS,2014,11,Human,281
MS,2014,12,Human,138
MS,2014,12,Natural,1
MS,2015,1,Human,282
MS,2015,1,Missing data/not specified/undetermined,1
MS,2015,1,Natural,1
MS,2015,2,Human,574
MS,2015,2,Missing data/not specified/undetermined,2
MS,2015,2,Natural,1
MS,2015,3,Human,110
MS,2015,3,Missing data/not specified/undetermined,1
MS,2015,3,Natural,1
MS,2015,4,Human,51
MS,2015,5,Human,42
MS,2015,6,Human,19
MS,2015,6,Missing data/not specified/undetermined,1
MS,2015,7,Human,49
MS,2015,7,Natural,5
MS,2015,8,Human,144
MS,2015,8,Missing data/not specified/undetermined,1
MS,2015,8,Natural,5
MS,2015,9,Human,231
MS,2015,9,Missing data/not specified/undetermined,1
MS,2015,9,Natural,3
MS,2015,10,Human,530
MS,2015,11,Human,38
MS,2015,12,Human,31
MS,2015,12,Missing data/not specified/undetermined,1
MS,2016,1,Human,46
MS,2016,2,Human,324
MS,2016,2,Missing data/not specified/undetermined,5
MS,2016,3,Human,173
MS,2016,3,Missing data/not specified/undetermined,4
MS,2016,4,Human,119
MS,2016,4,Missing data/not specified/undetermined,2
MS,2016,5,Human,60
MS,2016,5,Missing data/not specified/undetermined,1
MS,2016,5,Natural,1
MS,2016,6,Human,49
MS,2016,6,Natural,6
MS,2016,7,Human,51
MS,2016,7,Natural,2
MS,2016,8,Human,21
MS,2016,8,Natural,2
MS,2016,9,Human,158
MS,2016,9,Missing data/not specified/undetermined,1
MS,2016,9,Natural,1
MS,2016,10,Human,457
MS,2016,10,Missing data/not specified/undetermined,4
MS,2016,11,Human,371
MS,2016,11,Missing data/not specified/undetermined,4
MS,2016,11,Natural,2
MS,2016,12,Human,69
MS,2016,12,Missing data/not specified/undetermined,1
MS,2017,1,Human,126
MS,2017,1,Missing data/not specified/undetermined,4
MS,2017,1,Natural,1
MS,2017,2,Human,296
MS,2017,2,Missing data/not specified/undetermined,6
MS,2017,3,Human,290
MS,2017,3,Missing data/not specified/undetermined,2
MS,2017,3,Natural,1
MS,2017,4,Human,170
MS,2017,4,Missing data/not specified/undetermined,4
MS,2017,4,Natural,4
MS,2017,5,Human,45
MS,2017,6,Human,7
MS,2017,6,Natural,1
MS,2017,7,Human,9
MS,2017,7,Natural,3
MS,2017,8,Human,8
MS,2017,9,Human,34
MS,2017,10,Human,102
MS,2017,10,Missing data/not specified/undetermined,1
MS,2017,11,Human,82
MS,2017,11,Missing data/not specified/undetermined,1
MS,2017,12,Human,69
MS,2018,1,Human,143
MS,2018,2,Human,58
MS,2018,3,Human,178
MS,2018,3,Missing data/not specified/undetermined,1
MS,2018,4,Human,76
MS,2018,5,Human,86
MS,2018,5,Missing data/not specified/undetermined,1
MS,2018,5,Natural,3
MS,2018,6,Human,26
MS,2018,7,Human,26
MS,2018,7,Natural,4
MS,2018,8,Human,29
MS,2018,9,Human,19
MS,2018,10,Human,25
MS,2018,10,Natural,1
MS,2018,11,Human,3
MS,2018,12,Human,11
MS,2019,1,Human,19
MS,2019,2,Human,42
MS,2019,3,Human,225
MS,2019,3,Missing data/not specified/undetermined,1
MS,2019,4,Human,72
MS,2019,4,Missing data/not specified/undetermined,2
MS,2019,5,Human,30
MS,2019,6,Human,39
MS,2019,7,Human,35
MS,2019,7,Natural,1
MS,2019,8,Human,15
MS,2019,8,Natural,3
MS,2019,9,Human,222
MS,2019,10,Human,88
MS,2019,11,Human,51
MS,2019,12,Human,37
MS,2020,1,Human,36
MS,2020,2,Human,63
MS,2020,2,Missing data/not specified/undetermined,2
MS,2020,3,Human,163
MS,2020,3,Missing data/not specified/undetermined,6
MS,2020,4,Human,69
MS,2020,4,Missing data/not specified/undetermined,2
MS,2020,4,Natural,1
MS,2020,5,Human,57
MS,2020,5,Missing data/not specified/undetermined,2
MS,2020,6,Human,35
MS,2020,7,Human,9
MS,2020,8,Human,38
MS,2020,8,Missing data/not specified/undetermined,1
MS,2020,8,Natural,1
MS,2020,9,Human,41
MS,2020,9,Missing data/not specified/undetermined,1
MS,2020,10,Human,50
MS,2020,11,Human,108
MS,2020,11,Missing data/not specified/undetermined,5
MS,2020,12,Human,28
MT,1992,1,Human,21
MT,1992,2,Human,41
MT,1992,2,Missing data/not specified/undetermined,2
MT,1992,3,Human,128
MT,1992,3,Missing data/not specified/undetermined,34
MT,1992,4,Human,75
MT,1992,4,Missing data/not specified/undetermined,15
MT,1992,4,Natural,1
MT,1992,5,Human,62
MT,1992,5,Missing data/not specified/undetermined,45
MT,1992,5,Natural,32
MT,1992,6,Human,91
MT,1992,6,Missing data/not specified/undetermined,89
MT,1992,6,Natural,210
MT,1992,7,Human,67
MT,1992,7,Missing data/not specified/undetermined,55
MT,1992,7,Natural,56
MT,1992,8,Human,117
MT,1992,8,Missing data/not specified/undetermined,82
MT,1992,8,Natural,197
MT,1992,9,Human,69
MT,1992,9,Missing data/not specified/undetermined,44
MT,1992,9,Natural,15
MT,1992,10,Human,49
MT,1992,10,Missing data/not specified/undetermined,25
MT,1992,10,Natural,5
MT,1992,11,Human,9
MT,1992,11,Missing data/not specified/undetermined,1
MT,1992,12,Human,2
MT,1992,12,Missing data/not specified/undetermined,1
MT,1993,3,Human,29
MT,1993,3,Missing data/not specified/undetermined,5
MT,1993,4,Human,83
MT,1993,4,Missing data/not specified/undetermined,10
MT,1993,5,Human,53
MT,1993,5,Missing data/not specified/undetermined,28
MT,1993,5,Natural,34
MT,1993,6,Human,39
MT,1993,6,Missing data/not specified/undetermined,30
MT,1993,6,Natural,45
MT,1993,7,Human,41
MT,1993,7,Missing data/not specified/undetermined,22
MT,1993,7,Natural,14
MT,1993,8,Human,55
MT,1993,8,Missing data/not specified/undetermined,61
MT,1993,8,Natural,60
MT,1993,9,Human,42
MT,1993,9,Missing data/not specified/undetermined,16
MT,1993,9,Natural,2
MT,1993,10,Human,36
MT,1993,10,Missing data/not specified/undetermined,12
MT,1993,10,Natural,2
MT,1993,11,Human,16
MT,1993,11,Missing data/not specified/undetermined,4
MT,1993,12,Human,4
MT,1994,1,Human,5
MT,1994,3,Human,77
MT,1994,3,Missing data/not specified/undetermined,32
MT,1994,3,Natural,1
MT,1994,4,Human,118
MT,1994,4,Missing data/not specified/undetermined,32
MT,1994,4,Natural,6
MT,1994,5,Human,57
MT,1994,5,Missing data/not specified/undetermined,18
MT,1994,5,Natural,23
MT,1994,6,Human,79
MT,1994,6,Missing data/not specified/undetermined,40
MT,1994,6,Natural,48
MT,1994,7,Human,202
MT,1994,7,Missing data/not specified/undetermined,218
MT,1994,7,Natural,456
MT,1994,8,Human,137
MT,1994,8,Missing data/not specified/undetermined,239
MT,1994,8,Natural,840
MT,1994,9,Human,111
MT,1994,9,Missing data/not specified/undetermined,53
MT,1994,9,Natural,111
MT,1994,10,Human,24
MT,1994,10,Missing data/not specified/undetermined,32
MT,1994,10,Natural,10
MT,1994,11,Human,5
MT,1994,12,Human,5
MT,1995,1,Human,7
MT,1995,2,Human,28
MT,1995,3,Human,34
MT,1995,4,Human,65
MT,1995,4,Natural,1
MT,1995,5,Human,50
MT,1995,5,Natural,2
MT,1995,6,Human,49
MT,1995,6,Natural,36
MT,1995,7,Human,95
MT,1995,7,Natural,178
MT,1995,8,Human,135
MT,1995,8,Missing data/not specified/undetermined,2
MT,1995,8,Natural,117
MT,1995,9,Human,94
MT,1995,9,Missing data/not specified/undetermined,1
MT,1995,9,Natural,113
MT,1995,10,Human,27
MT,1995,10,Natural,1
MT,1995,11,Human,15
MT,1995,11,Natural,1
MT,1995,12,Human,1
MT,1996,1,Human,5
MT,1996,2,Human,5
MT,1996,3,Human,12
MT,1996,4,Human,80
MT,1996,4,Missing data/not specified/undetermined,1
MT,1996,4,Natural,1
MT,1996,5,Human,28
MT,1996,5,Natural,3
MT,1996,6,Human,88
MT,1996,6,Natural,69
MT,1996,7,Human,274
MT,1996,7,Missing data/not specified/undetermined,1
MT,1996,7,Natural,267
MT,1996,8,Human,308
MT,1996,8,Missing data/not specified/undetermined,4
MT,1996,8,Natural,471
MT,1996,9,Human,129
MT,1996,9,Missing data/not specified/undetermined,1
MT,1996,9,Natural,181
MT,1996,10,Human,44
MT,1996,10,Missing data/not specified/undetermined,1
MT,1996,10,Natural,9
MT,1996,11,Human,7
MT,1996,12,Human,1
MT,1997,2,Human,5
MT,1997,3,Human,19
MT,1997,3,Natural,1
MT,1997,4,Human,38
MT,1997,4,Natural,1
MT,1997,5,Human,60
MT,1997,5,Missing data/not specified/undetermined,1
MT,1997,5,Natural,11
MT,1997,6,Human,52
MT,1997,6,Natural,38
MT,1997,7,Human,90
MT,1997,7,Natural,98
MT,1997,8,Human,115
MT,1997,8,Missing data/not specified/undetermined,1
MT,1997,8,Natural,239
MT,1997,9,Human,83
MT,1997,9,Missing data/not specified/undetermined,1
MT,1997,9,Natural,72
MT,1997,10,Human,33
MT,1997,11,Human,20
MT,1997,12,Human,14
MT,1997,12,Natural,1
MT,1998,1,Human,2
MT,1998,2,Human,18
MT,1998,3,Human,38
MT,1998,4,Human,158
MT,1998,4,Natural,8
MT,1998,5,Human,97
MT,1998,5,Natural,54
MT,1998,6,Human,35
MT,1998,6,Natural,15
MT,1998,7,Human,89
MT,1998,7,Natural,221
MT,1998,8,Human,211
MT,1998,8,Natural,475
MT,1998,9,Human,122
MT,1998,9,Natural,278
MT,1998,10,Human,55
MT,1998,10,Natural,2
MT,1998,11,Human,21
MT,1998,12,Human,9
MT,1999,1,Human,3
MT,1999,1,Natural,1
MT,1999,2,Human,10
MT,1999,3,Human,108
MT,1999,3,Natural,1
MT,1999,4,Human,110
MT,1999,5,Human,63
MT,1999,5,Natural,4
MT,1999,6,Human,81
MT,1999,6,Natural,55
MT,1999,7,Human,268
MT,1999,7,Missing data/not specified/undetermined,2
MT,1999,7,Natural,181
MT,1999,8,Human,158
MT,1999,8,Natural,678
MT,1999,9,Human,144
MT,1999,9,Natural,25
MT,1999,10,Human,98
MT,1999,11,Human,73
MT,1999,12,Human,26
MT,2000,1,Human,4
MT,2000,2,Human,7
MT,2000,3,Human,57
MT,2000,4,Human,120
MT,2000,4,Natural,3
MT,2000,5,Human,88
MT,2000,5,Natural,4
MT,2000,6,Human,83
MT,2000,6,Natural,44
MT,2000,7,Human,277
MT,2000,7,Natural,558
MT,2000,8,Human,204
MT,2000,8,Missing data/not specified/undetermined,1
MT,2000,8,Natural,770
MT,2000,9,Human,66
MT,2000,9,Natural,96
MT,2000,10,Human,29
MT,2000,10,Natural,4
MT,2000,11,Human,11
MT,2000,12,Human,1
MT,2001,1,Human,2
MT,2001,2,Human,1
MT,2001,3,Human,26
MT,2001,4,Human,75
MT,2001,4,Natural,7
MT,2001,5,Human,120
MT,2001,5,Natural,26
MT,2001,6,Human,89
MT,2001,6,Natural,82
MT,2001,7,Human,189
MT,2001,7,Natural,240
MT,2001,8,Human,199
MT,2001,8,Natural,230
MT,2001,9,Human,127
MT,2001,9,Natural,57
MT,2001,10,Human,72
MT,2001,10,Natural,2
MT,2001,11,Human,51
MT,2001,12,Human,7
MT,2002,1,Human,3
MT,2002,2,Human,10
MT,2002,3,Human,6
MT,2002,4,Human,93
MT,2002,4,Natural,8
MT,2002,5,Human,89
MT,2002,5,Natural,7
MT,2002,6,Human,63
MT,2002,6,Natural,58
MT,2002,7,Human,195
MT,2002,7,Natural,349
MT,2002,8,Human,122
MT,2002,8,Natural,304
MT,2002,9,Human,99
MT,2002,9,Natural,58
MT,2002,10,Human,75
MT,2002,10,Natural,4
MT,2002,11,Human,41
MT,2002,11,Natural,3
MT,2002,12,Human,8
MT,2002,12,Natural,2
MT,2003,1,Human,12
MT,2003,3,Human,22
MT,2003,4,Human,71
MT,2003,4,Natural,2
MT,2003,5,Human,47
MT,2003,5,Natural,11
MT,2003,6,Human,88
MT,2003,6,Natural,118
MT,2003,7,Human,495
MT,2003,7,Natural,296
MT,2003,8,Human,183
MT,2003,8,Natural,863
MT,2003,9,Human,79
MT,2003,9,Natural,61
MT,2003,10,Human,93
MT,2003,10,Natural,8
MT,2003,11,Human,14
MT,2003,12,Human,9
MT,2004,3,Human,89
MT,2004,3,Natural,1
MT,2004,4,Human,110
MT,2004,4,Natural,9
MT,2004,5,Human,70
MT,2004,5,Natural,49
MT,2004,6,Human,104
MT,2004,6,Natural,60
MT,2004,7,Human,178
MT,2004,7,Natural,155
MT,2004,8,Human,117
MT,2004,8,Natural,393
MT,2004,9,Human,63
MT,2004,9,Natural,31
MT,2004,10,Human,31
MT,2004,10,Natural,2
MT,2004,11,Human,33
MT,2004,12,Human,8
MT,2005,1,Human,3
MT,2005,2,Human,32
MT,2005,2,Missing data/not specified/undetermined,1
MT,2005,3,Human,63
MT,2005,3,Natural,1
MT,2005,4,Human,97
MT,2005,4,Missing data/not specified/undetermined,1
MT,2005,4,Natural,6
MT,2005,5,Human,46
MT,2005,5,Natural,7
MT,2005,6,Human,67
MT,2005,6,Natural,38
MT,2005,7,Human,253
MT,2005,7,Natural,125
MT,2005,8,Human,216
MT,2005,8,Natural,285
MT,2005,9,Human,117
MT,2005,9,Natural,85
MT,2005,10,Human,32
MT,2005,10,Natural,4
MT,2005,11,Human,13
MT,2005,11,Natural,1
MT,2005,12,Human,4
MT,2006,1,Human,13
MT,2006,1,Natural,4
MT,2006,2,Human,3
MT,2006,2,Natural,2
MT,2006,3,Human,27
MT,2006,3,Natural,4
MT,2006,4,Human,84
MT,2006,4,Natural,7
MT,2006,5,Human,95
MT,2006,5,Missing data/not specified/undetermined,1
MT,2006,5,Natural,35
MT,2006,6,Human,207
MT,2006,6,Natural,70
MT,2006,7,Human,481
MT,2006,7,Natural,296
MT,2006,8,Human,260
MT,2006,8,Missing data/not specified/undetermined,1
MT,2006,8,Natural,611
MT,2006,9,Human,121
MT,2006,9,Natural,79
MT,2006,10,Human,31
MT,2006,10,Natural,5
MT,2006,11,Human,21
MT,2006,11,Natural,2
MT,2007,1,Human,8
MT,2007,2,Human,1
MT,2007,3,Human,41
MT,2007,4,Human,68
MT,2007,4,Natural,3
MT,2007,5,Human,51
MT,2007,5,Natural,23
MT,2007,6,Human,120
MT,2007,6,Natural,37
MT,2007,7,Human,363
MT,2007,7,Missing data/not specified/undetermined,1
MT,2007,7,Natural,589
MT,2007,8,Human,167
MT,2007,8,Missing data/not specified/undetermined,1
MT,2007,8,Natural,266
MT,2007,9,Human,88
MT,2007,9,Natural,79
MT,2007,10,Human,51
MT,2007,10,Natural,2
MT,2007,11,Human,34
MT,2007,11,Natural,1
MT,2007,12,Human,3
MT,2008,1,Human,11
MT,2008,1,Missing data/not specified/undetermined,1
MT,2008,2,Human,2
MT,2008,3,Human,81
MT,2008,3,Natural,2
MT,2008,4,Human,158
MT,2008,4,Natural,4
MT,2008,5,Human,93
MT,2008,5,Natural,6
MT,2008,6,Human,107
MT,2008,6,Missing data/not specified/undetermined,1
MT,2008,6,Natural,29
MT,2008,7,Human,274
MT,2008,7,Natural,145
MT,2008,8,Human,228
MT,2008,8,Natural,229
MT,2008,9,Human,72
MT,2008,9,Natural,10
MT,2008,10,Human,47
MT,2008,10,Natural,1
MT,2008,11,Human,27
MT,2008,12,Human,4
MT,2009,1,Human,4
MT,2009,2,Human,4
MT,2009,2,Missing data/not specified/undetermined,1
MT,2009,3,Human,5
MT,2009,4,Human,89
MT,2009,4,Missing data/not specified/undetermined,1
MT,2009,4,Natural,2
MT,2009,5,Human,72
MT,2009,5,Natural,8
MT,2009,6,Human,138
MT,2009,6,Natural,47
MT,2009,7,Human,301
MT,2009,7,Natural,383
MT,2009,8,Human,119
MT,2009,8,Natural,154
MT,2009,9,Human,157
MT,2009,9,Natural,128
MT,2009,10,Human,22
MT,2009,10,Natural,2
MT,2009,11,Human,24
MT,2009,12,Human,1
MT,2010,1,Human,3
MT,2010,2,Human,4
MT,2010,3,Human,71
MT,2010,3,Missing data/not specified/undetermined,1
MT,2010,3,Natural,5
MT,2010,4,Human,105
MT,2010,4,Natural,3
MT,2010,5,Human,61
MT,2010,5,Natural,13
MT,2010,6,Human,39
MT,2010,6,Natural,14
MT,2010,7,Human,215
MT,2010,7,Natural,115
MT,2010,8,Human,148
MT,2010,8,Natural,185
MT,2010,9,Human,45
MT,2010,9,Natural,49
MT,2010,10,Human,40
MT,2010,10,Natural,6
MT,2010,11,Human,17
MT,2010,12,Human,1
MT,2011,2,Human,1
MT,2011,3,Human,10
MT,2011,4,Human,24
MT,2011,4,Natural,1
MT,2011,5,Human,36
MT,2011,5,Natural,1
MT,2011,6,Human,39
MT,2011,6,Natural,9
MT,2011,7,Human,167
MT,2011,7,Natural,103
MT,2011,8,Human,201
MT,2011,8,Natural,359
MT,2011,9,Human,101
MT,2011,9,Natural,70
MT,2011,10,Human,22
MT,2011,10,Natural,27
MT,2011,11,Human,13
MT,2011,12,Human,6
MT,2012,1,Human,16
MT,2012,2,Human,8
MT,2012,2,Natural,3
MT,2012,3,Human,76
MT,2012,3,Natural,4
MT,2012,4,Human,84
MT,2012,4,Natural,6
MT,2012,5,Human,75
MT,2012,5,Natural,4
MT,2012,6,Human,106
MT,2012,6,Natural,33
MT,2012,7,Human,223
MT,2012,7,Natural,418
MT,2012,8,Human,194
MT,2012,8,Natural,310
MT,2012,9,Human,154
MT,2012,9,Missing data/not specified/undetermined,1
MT,2012,9,Natural,63
MT,2012,10,Human,53
MT,2012,10,Natural,3
MT,2012,11,Human,18
MT,2012,11,Natural,2
MT,2013,1,Human,6
MT,2013,2,Human,8
MT,2013,3,Human,35
MT,2013,4,Human,69
MT,2013,5,Human,75
MT,2013,5,Natural,21
MT,2013,6,Human,51
MT,2013,6,Natural,29
MT,2013,7,Human,193
MT,2013,7,Missing data/not specified/undetermined,1
MT,2013,7,Natural,115
MT,2013,8,Human,144
MT,2013,8,Missing data/not specified/undetermined,1
MT,2013,8,Natural,390
MT,2013,9,Human,54
MT,2013,9,Natural,118
MT,2013,10,Human,35
MT,2013,11,Human,10
MT,2013,12,Human,4
MT,2014,1,Human,6
MT,2014,2,Human,1
MT,2014,3,Human,11
MT,2014,4,Human,95
MT,2014,4,Natural,7
MT,2014,5,Human,68
MT,2014,5,Natural,12
MT,2014,6,Human,65
MT,2014,6,Natural,42
MT,2014,7,Human,206
MT,2014,7,Natural,169
MT,2014,8,Human,116
MT,2014,8,Natural,257
MT,2014,9,Human,81
MT,2014,9,Natural,12
MT,2014,10,Human,38
MT,2014,10,Natural,5
MT,2014,11,Human,10
MT,2014,11,Natural,2
MT,2015,1,Human,5
MT,2015,2,Human,8
MT,2015,2,Natural,1
MT,2015,3,Human,98
MT,2015,3,Missing data/not specified/undetermined,2
MT,2015,3,Natural,6
MT,2015,4,Human,91
MT,2015,4,Natural,8
MT,2015,5,Human,91
MT,2015,5,Natural,17
MT,2015,6,Human,153
MT,2015,6,Missing data/not specified/undetermined,1
MT,2015,6,Natural,62
MT,2015,7,Human,269
MT,2015,7,Missing data/not specified/undetermined,1
MT,2015,7,Natural,197
MT,2015,8,Human,174
MT,2015,8,Natural,459
MT,2015,9,Human,89
MT,2015,9,Natural,35
MT,2015,10,Human,75
MT,2015,10,Natural,2
MT,2015,11,Human,10
MT,2015,11,Missing data/not specified/undetermined,1
MT,2015,11,Natural,2
MT,2015,12,Human,8
MT,2015,12,Natural,1
MT,2016,1,Human,2
MT,2016,2,Human,56
MT,2016,3,Human,148
MT,2016,3,Natural,3
MT,2016,4,Human,148
MT,2016,4,Natural,5
MT,2016,5,Human,75
MT,2016,5,Natural,11
MT,2016,6,Human,186
MT,2016,6,Natural,93
MT,2016,7,Human,378
MT,2016,7,Missing data/not specified/undetermined,2
MT,2016,7,Natural,312
MT,2016,8,Human,262
MT,2016,8,Missing data/not specified/undetermined,1
MT,2016,8,Natural,231
MT,2016,9,Human,92
MT,2016,9,Natural,59
MT,2016,10,Human,25
MT,2016,10,Natural,1
MT,2016,11,Human,23
MT,2016,12,Human,5
MT,2017,1,Human,3
MT,2017,2,Human,7
MT,2017,3,Human,52
MT,2017,3,Missing data/not specified/undetermined,8
MT,2017,4,Human,50
MT,2017,4,Missing data/not specified/undetermined,24
MT,2017,4,Natural,7
MT,2017,5,Human,79
MT,2017,5,Missing data/not specified/undetermined,23
MT,2017,5,Natural,10
MT,2017,6,Human,198
MT,2017,6,Missing data/not specified/undetermined,45
MT,2017,6,Natural,76
MT,2017,7,Human,628
MT,2017,7,Missing data/not specified/undetermined,145
MT,2017,7,Natural,304
MT,2017,8,Human,273
MT,2017,8,Missing data/not specified/undetermined,64
MT,2017,8,Natural,248
MT,2017,9,Human,158
MT,2017,9,Missing data/not specified/undetermined,7
MT,2017,9,Natural,27
MT,2017,10,Human,102
MT,2017,10,Missing data/not specified/undetermined,4
MT,2017,10,Natural,3
MT,2017,11,Human,25
MT,2017,11,Missing data/not specified/undetermined,5
MT,2017,12,Human,23
MT,2017,12,Missing data/not specified/undetermined,4
MT,2018,1,Human,8
MT,2018,2,Human,10
MT,2018,3,Human,37
MT,2018,4,Human,166
MT,2018,4,Natural,4
MT,2018,5,Human,90
MT,2018,5,Natural,17
MT,2018,6,Human,89
MT,2018,6,Natural,29
MT,2018,7,Human,380
MT,2018,7,Natural,155
MT,2018,8,Human,294
MT,2018,8,Missing data/not specified/undetermined,1
MT,2018,8,Natural,210
MT,2018,9,Human,153
MT,2018,9,Natural,25
MT,2018,10,Human,73
MT,2018,10,Natural,2
MT,2018,11,Human,26
MT,2018,12,Human,18
MT,2019,1,Human,20
MT,2019,1,Natural,1
MT,2019,2,Human,10
MT,2019,3,Human,24
MT,2019,3,Natural,1
MT,2019,4,Human,172
MT,2019,4,Natural,3
MT,2019,5,Human,145
MT,2019,5,Natural,7
MT,2019,6,Human,158
MT,2019,6,Natural,50
MT,2019,7,Human,357
MT,2019,7,Missing data/not specified/undetermined,1
MT,2019,7,Natural,171
MT,2019,8,Human,324
MT,2019,8,Natural,236
MT,2019,9,Human,165
MT,2019,9,Natural,39
MT,2019,10,Human,83
MT,2019,10,Natural,2
MT,2019,11,Human,33
MT,2019,11,Natural,1
MT,2019,12,Human,9
MT,2019,12,Natural,1
MT,2020,1,Human,22
MT,2020,1,Missing data/not specified/undetermined,6
MT,2020,2,Human,23
MT,2020,2,Missing data/not specified/undetermined,5
MT,2020,3,Human,147
MT,2020,3,Missing data/not specified/undetermined,41
MT,2020,3,Natural,1
MT,2020,4,Human,201
MT,2020,4,Missing data/not specified/undetermined,38
MT,2020,4,Natural,5
MT,2020,5,Human,100
MT,2020,5,Missing data/not specified/undetermined,15
MT,2020,5,Natural,11
MT,2020,6,Human,128
MT,2020,6,Missing data/not specified/undetermined,32
MT,2020,6,Natural,45
MT,2020,7,Human,321
MT,2020,7,Missing data/not specified/undetermined,121
MT,2020,7,Natural,107
MT,2020,8,Human,359
MT,2020,8,Missing data/not specified/undetermined,108
MT,2020,8,Natural,246
MT,2020,9,Human,239
MT,2020,9,Missing data/not specified/undetermined,72
MT,2020,9,Natural,38
MT,2020,10,Human,130
MT,2020,10,Missing data/not specified/undetermined,17
MT,2020,10,Natural,11
MT,2020,11,Human,51
MT,2020,11,Missing data/not specified/undetermined,8
MT,2020,12,Human,32
MT,2020,12,Missing data/not specified/undetermined,5
NC,1992,1,Human,650
NC,1992,1,Natural,1
NC,1992,2,Human,1496
NC,1992,2,Natural,2
NC,1992,3,Human,1277
NC,1992,3,Natural,6
NC,1992,4,Human,1141
NC,1992,4,Natural,13
NC,1992,5,Human,309
NC,1992,5,Natural,11
NC,1992,6,Human,77
NC,1992,6,Natural,3
NC,1992,7,Human,214
NC,1992,7,Natural,19
NC,1992,8,Human,43
NC,1992,8,Natural,8
NC,1992,9,Human,58
NC,1992,9,Natural,1
NC,1992,10,Human,157
NC,1992,11,Human,114
NC,1992,11,Natural,2
NC,1992,12,Human,94
NC,1993,1,Human,218
NC,1993,2,Human,696
NC,1993,2,Natural,1
NC,1993,3,Human,589
NC,1993,3,Natural,2
NC,1993,4,Human,709
NC,1993,4,Natural,4
NC,1993,5,Human,288
NC,1993,5,Natural,7
NC,1993,6,Human,405
NC,1993,6,Natural,39
NC,1993,7,Human,429
NC,1993,7,Natural,131
NC,1993,8,Human,234
NC,1993,8,Natural,26
NC,1993,9,Human,197
NC,1993,9,Natural,6
NC,1993,10,Human,277
NC,1993,10,Natural,3
NC,1993,11,Human,431
NC,1993,12,Human,115
NC,1993,12,Missing data/not specified/undetermined,1
NC,1994,1,Human,178
NC,1994,1,Natural,1
NC,1994,2,Human,914
NC,1994,3,Human,1616
NC,1994,3,Natural,3
NC,1994,4,Human,1153
NC,1994,4,Natural,22
NC,1994,5,Human,477
NC,1994,5,Natural,22
NC,1994,6,Human,223
NC,1994,6,Natural,26
NC,1994,7,Human,80
NC,1994,7,Natural,17
NC,1994,8,Human,34
NC,1994,8,Natural,6
NC,1994,9,Human,57
NC,1994,10,Human,118
NC,1994,11,Human,541
NC,1994,12,Human,251
NC,1995,1,Human,138
NC,1995,1,Missing data/not specified/undetermined,1
NC,1995,2,Human,586
NC,1995,3,Human,1647
NC,1995,3,Natural,7
NC,1995,4,Human,1476
NC,1995,4,Natural,15
NC,1995,5,Human,286
NC,1995,5,Natural,13
NC,1995,6,Human,46
NC,1995,6,Natural,6
NC,1995,7,Human,63
NC,1995,7,Natural,11
NC,1995,8,Human,193
NC,1995,8,Natural,3
NC,1995,9,Human,61
NC,1995,10,Human,46
NC,1995,11,Human,233
NC,1995,12,Human,422
NC,1996,1,Human,66
NC,1996,1,Natural,1
NC,1996,2,Human,825
NC,1996,3,Human,1142
NC,1996,3,Natural,1
NC,1996,4,Human,1173
NC,1996,4,Natural,5
NC,1996,5,Human,222
NC,1996,5,Natural,12
NC,1996,6,Human,140
NC,1996,6,Natural,15
NC,1996,7,Human,214
NC,1996,7,Natural,11
NC,1996,8,Human,24
NC,1996,8,Natural,3
NC,1996,9,Human,30
NC,1996,9,Natural,1
NC,1996,10,Human,149
NC,1996,11,Human,117
NC,1996,12,Human,86
NC,1996,12,Missing data/not specified/undetermined,1
NC,1997,1,Human,175
NC,1997,2,Human,333
NC,1997,3,Human,838
NC,1997,3,Missing data/not specified/undetermined,1
NC,1997,3,Natural,2
NC,1997,4,Human,1015
NC,1997,4,Natural,10
NC,1997,5,Human,523
NC,1997,5,Natural,17
NC,1997,6,Human,241
NC,1997,6,Missing data/not specified/undetermined,1
NC,1997,6,Natural,17
NC,1997,7,Human,220
NC,1997,7,Natural,65
NC,1997,8,Human,252
NC,1997,8,Natural,20
NC,1997,9,Human,272
NC,1997,9,Natural,9
NC,1997,10,Human,126
NC,1997,11,Human,189
NC,1997,12,Human,186
NC,1998,1,Human,74
NC,1998,2,Human,250
NC,1998,2,Natural,1
NC,1998,3,Human,679
NC,1998,4,Human,406
NC,1998,4,Natural,3
NC,1998,5,Human,107
NC,1998,5,Natural,8
NC,1998,6,Human,233
NC,1998,6,Natural,22
NC,1998,7,Human,357
NC,1998,7,Natural,37
NC,1998,8,Human,239
NC,1998,8,Natural,9
NC,1998,9,Human,253
NC,1998,9,Natural,16
NC,1998,10,Human,536
NC,1998,10,Natural,1
NC,1998,11,Human,603
NC,1998,11,Natural,3
NC,1998,12,Human,486
NC,1998,12,Missing data/not specified/undetermined,1
NC,1999,1,Human,193
NC,1999,2,Human,431
NC,1999,2,Natural,1
NC,1999,3,Human,1007
NC,1999,3,Natural,3
NC,1999,4,Human,867
NC,1999,4,Missing data/not specified/undetermined,2
NC,1999,4,Natural,21
NC,1999,5,Human,215
NC,1999,5,Natural,8
NC,1999,6,Human,271
NC,1999,6,Natural,14
NC,1999,7,Human,119
NC,1999,7,Natural,14
NC,1999,8,Human,184
NC,1999,8,Missing data/not specified/undetermined,1
NC,1999,8,Natural,17
NC,1999,9,Human,138
NC,1999,9,Natural,5
NC,1999,10,Human,35
NC,1999,11,Human,293
NC,1999,11,Natural,1
NC,1999,12,Human,200
NC,1999,12,Natural,1
NC,2000,1,Human,360
NC,2000,2,Human,527
NC,2000,2,Natural,1
NC,2000,3,Human,1264
NC,2000,3,Natural,5
NC,2000,4,Human,510
NC,2000,4,Natural,2
NC,2000,5,Human,531
NC,2000,5,Natural,13
NC,2000,6,Human,226
NC,2000,6,Natural,19
NC,2000,7,Human,144
NC,2000,7,Natural,7
NC,2000,8,Human,68
NC,2000,8,Natural,9
NC,2000,9,Human,27
NC,2000,9,Natural,2
NC,2000,10,Human,518
NC,2000,10,Natural,1
NC,2000,11,Human,392
NC,2000,11,Natural,1
NC,2000,12,Human,359
NC,2001,1,Human,1096
NC,2001,2,Human,910
NC,2001,3,Human,1115
NC,2001,4,Human,1100
NC,2001,4,Natural,7
NC,2001,5,Human,642
NC,2001,5,Missing data/not specified/undetermined,1
NC,2001,5,Natural,42
NC,2001,6,Human,88
NC,2001,6,Natural,13
NC,2001,7,Human,110
NC,2001,7,Natural,5
NC,2001,8,Human,112
NC,2001,8,Natural,18
NC,2001,9,Human,124
NC,2001,10,Human,671
NC,2001,11,Human,1555
NC,2001,12,Human,534
NC,2002,1,Human,346
NC,2002,2,Human,1390
NC,2002,3,Human,884
NC,2002,3,Natural,3
NC,2002,4,Human,810
NC,2002,4,Natural,29
NC,2002,5,Human,410
NC,2002,5,Natural,7
NC,2002,6,Human,586
NC,2002,6,Natural,51
NC,2002,7,Human,253
NC,2002,7,Natural,94
NC,2002,8,Human,322
NC,2002,8,Natural,76
NC,2002,9,Human,64
NC,2002,9,Natural,4
NC,2002,10,Human,30
NC,2002,10,Natural,1
NC,2002,11,Human,100
NC,2002,12,Human,129
NC,2002,12,Missing data/not specified/undetermined,1
NC,2003,1,Human,325
NC,2003,2,Human,203
NC,2003,2,Missing data/not specified/undetermined,1
NC,2003,3,Human,307
NC,2003,4,Human,324
NC,2003,4,Natural,4
NC,2003,5,Human,80
NC,2003,5,Natural,4
NC,2003,6,Human,44
NC,2003,6,Natural,1
NC,2003,7,Human,29
NC,2003,7,Natural,3
NC,2003,8,Human,23
NC,2003,9,Human,47
NC,2003,9,Natural,1
NC,2003,10,Human,103
NC,2003,11,Human,295
NC,2003,11,Missing data/not specified/undetermined,1
NC,2003,12,Human,246
NC,2004,1,Human,550
NC,2004,1,Missing data/not specified/undetermined,2
NC,2004,2,Human,459
NC,2004,3,Human,1480
NC,2004,3,Natural,3
NC,2004,4,Human,995
NC,2004,4,Missing data/not specified/undetermined,2
NC,2004,4,Natural,2
NC,2004,5,Human,204
NC,2004,5,Missing data/not specified/undetermined,1
NC,2004,5,Natural,12
NC,2004,6,Human,98
NC,2004,6,Natural,11
NC,2004,7,Human,72
NC,2004,7,Natural,6
NC,2004,8,Human,40
NC,2004,9,Human,34
NC,2004,10,Human,39
NC,2004,11,Human,96
NC,2004,12,Human,236
NC,2004,12,Natural,1
NC,2005,1,Human,366
NC,2005,1,Missing data/not specified/undetermined,1
NC,2005,2,Human,564
NC,2005,2,Natural,2
NC,2005,3,Human,887
NC,2005,3,Natural,1
NC,2005,4,Human,741
NC,2005,4,Natural,3
NC,2005,5,Human,269
NC,2005,5,Natural,13
NC,2005,6,Human,161
NC,2005,6,Natural,6
NC,2005,7,Human,58
NC,2005,7,Natural,20
NC,2005,8,Human,50
NC,2005,8,Natural,5
NC,2005,9,Human,341
NC,2005,9,Natural,4
NC,2005,10,Human,175
NC,2005,11,Human,327
NC,2005,12,Human,50
NC,2006,1,Human,383
NC,2006,2,Human,703
NC,2006,3,Human,1901
NC,2006,3,Missing data/not specified/undetermined,1
NC,2006,3,Natural,3
NC,2006,4,Human,1155
NC,2006,4,Missing data/not specified/undetermined,2
NC,2006,4,Natural,44
NC,2006,5,Human,232
NC,2006,5,Natural,21
NC,2006,6,Human,155
NC,2006,6,Natural,17
NC,2006,7,Human,105
NC,2006,7,Natural,14
NC,2006,8,Human,79
NC,2006,8,Natural,8
NC,2006,9,Human,34
NC,2006,10,Human,85
NC,2006,11,Human,102
NC,2006,11,Missing data/not specified/undetermined,3
NC,2006,12,Human,12
NC,2007,1,Human,9
NC,2007,1,Missing data/not specified/undetermined,270
NC,2007,2,Human,38
NC,2007,2,Missing data/not specified/undetermined,929
NC,2007,3,Human,61
NC,2007,3,Missing data/not specified/undetermined,1214
NC,2007,3,Natural,3
NC,2007,4,Human,59
NC,2007,4,Missing data/not specified/undetermined,1009
NC,2007,4,Natural,1
NC,2007,5,Human,28
NC,2007,5,Missing data/not specified/undetermined,586
NC,2007,5,Natural,3
NC,2007,6,Human,11
NC,2007,6,Missing data/not specified/undetermined,327
NC,2007,6,Natural,8
NC,2007,7,Human,5
NC,2007,7,Missing data/not specified/undetermined,332
NC,2007,7,Natural,5
NC,2007,8,Human,6
NC,2007,8,Missing data/not specified/undetermined,735
NC,2007,8,Natural,7
NC,2007,9,Human,11
NC,2007,9,Missing data/not specified/undetermined,580
NC,2007,9,Natural,3
NC,2007,10,Human,10
NC,2007,10,Missing data/not specified/undetermined,368
NC,2007,11,Human,21
NC,2007,11,Missing data/not specified/undetermined,331
NC,2007,12,Human,6
NC,2007,12,Missing data/not specified/undetermined,308
NC,2008,1,Human,9
NC,2008,1,Missing data/not specified/undetermined,339
NC,2008,2,Human,17
NC,2008,2,Missing data/not specified/undetermined,761
NC,2008,3,Human,36
NC,2008,3,Missing data/not specified/undetermined,852
NC,2008,4,Human,30
NC,2008,4,Missing data/not specified/undetermined,378
NC,2008,4,Natural,2
NC,2008,5,Human,9
NC,2008,5,Missing data/not specified/undetermined,261
NC,2008,5,Natural,1
NC,2008,6,Human,11
NC,2008,6,Missing data/not specified/undetermined,596
NC,2008,6,Natural,18
NC,2008,7,Human,8
NC,2008,7,Missing data/not specified/undetermined,287
NC,2008,7,Natural,6
NC,2008,8,Human,9
NC,2008,8,Missing data/not specified/undetermined,148
NC,2008,8,Natural,6
NC,2008,9,Human,7
NC,2008,9,Missing data/not specified/undetermined,53
NC,2008,10,Human,7
NC,2008,10,Missing data/not specified/undetermined,113
NC,2008,11,Human,24
NC,2008,11,Missing data/not specified/undetermined,244
NC,2008,12,Human,1
NC,2008,12,Missing data/not specified/undetermined,149
NC,2009,1,Human,241
NC,2009,2,Human,963
NC,2009,2,Natural,2
NC,2009,3,Human,709
NC,2009,3,Natural,2
NC,2009,4,Human,516
NC,2009,4,Natural,17
NC,2009,5,Human,72
NC,2009,5,Natural,5
NC,2009,6,Human,151
NC,2009,6,Natural,12
NC,2009,7,Human,235
NC,2009,7,Missing data/not specified/undetermined,1
NC,2009,7,Natural,15
NC,2009,8,Human,60
NC,2009,8,Natural,11
NC,2009,9,Human,87
NC,2009,9,Natural,1
NC,2009,10,Human,58
NC,2009,11,Human,125
NC,2009,12,Human,28
NC,2010,1,Human,222
NC,2010,2,Human,242
NC,2010,2,Missing data/not specified/undetermined,1
NC,2010,3,Human,764
NC,2010,3,Missing data/not specified/undetermined,5
NC,2010,4,Human,772
NC,2010,4,Missing data/not specified/undetermined,2
NC,2010,4,Natural,4
NC,2010,5,Human,271
NC,2010,5,Missing data/not specified/undetermined,1
NC,2010,5,Natural,2
NC,2010,6,Human,154
NC,2010,6,Missing data/not specified/undetermined,1
NC,2010,6,Natural,17
NC,2010,7,Human,232
NC,2010,7,Natural,38
NC,2010,8,Human,90
NC,2010,8,Natural,8
NC,2010,9,Human,559
NC,2010,9,Missing data/not specified/undetermined,2
NC,2010,9,Natural,2
NC,2010,10,Human,226
NC,2010,10,Natural,4
NC,2010,11,Human,276
NC,2010,11,Missing data/not specified/undetermined,1
NC,2010,11,Natural,2
NC,2010,12,Human,202
NC,2011,1,Human,323
NC,2011,1,Missing data/not specified/undetermined,1
NC,2011,2,Human,1800
NC,2011,2,Missing data/not specified/undetermined,3
NC,2011,2,Natural,1
NC,2011,3,Human,757
NC,2011,3,Natural,2
NC,2011,4,Human,522
NC,2011,4,Natural,21
NC,2011,5,Human,197
NC,2011,5,Natural,11
NC,2011,6,Human,417
NC,2011,6,Missing data/not specified/undetermined,1
NC,2011,6,Natural,68
NC,2011,7,Human,308
NC,2011,7,Missing data/not specified/undetermined,2
NC,2011,7,Natural,90
NC,2011,8,Human,188
NC,2011,8,Missing data/not specified/undetermined,1
NC,2011,8,Natural,28
NC,2011,9,Human,87
NC,2011,9,Missing data/not specified/undetermined,1
NC,2011,9,Natural,2
NC,2011,10,Human,153
NC,2011,10,Natural,2
NC,2011,11,Human,232
NC,2011,12,Human,207
NC,2011,12,Missing data/not specified/undetermined,1
NC,2012,1,Human,388
NC,2012,2,Human,380
NC,2012,2,Missing data/not specified/undetermined,1
NC,2012,2,Natural,1
NC,2012,3,Human,489
NC,2012,3,Natural,17
NC,2012,4,Human,433
NC,2012,4,Natural,15
NC,2012,5,Human,147
NC,2012,5,Missing data/not specified/undetermined,1
NC,2012,5,Natural,9
NC,2012,6,Human,227
NC,2012,6,Missing data/not specified/undetermined,2
NC,2012,6,Natural,9
NC,2012,7,Human,155
NC,2012,7,Missing data/not specified/undetermined,2
NC,2012,7,Natural,79
NC,2012,8,Human,48
NC,2012,8,Natural,7
NC,2012,9,Human,77
NC,2012,9,Natural,1
NC,2012,10,Human,142
NC,2012,10,Natural,1
NC,2012,11,Human,671
NC,2012,11,Missing data/not specified/undetermined,3
NC,2012,12,Human,254
NC,2013,1,Human,213
NC,2013,1,Missing data/not specified/undetermined,1
NC,2013,2,Human,313
NC,2013,2,Missing data/not specified/undetermined,1
NC,2013,3,Human,875
NC,2013,3,Missing data/not specified/undetermined,2
NC,2013,3,Natural,3
NC,2013,4,Human,519
NC,2013,4,Missing data/not specified/undetermined,2
NC,2013,4,Natural,4
NC,2013,5,Human,171
NC,2013,5,Natural,3
NC,2013,6,Human,68
NC,2013,6,Natural,5
NC,2013,7,Human,44
NC,2013,7,Missing data/not specified/undetermined,2
NC,2013,7,Natural,4
NC,2013,8,Human,33
NC,2013,8,Natural,3
NC,2013,9,Human,117
NC,2013,9,Missing data/not specified/undetermined,1
NC,2013,9,Natural,3
NC,2013,10,Human,149
NC,2013,11,Human,575
NC,2013,12,Human,218
NC,2014,1,Human,529
NC,2014,2,Human,459
NC,2014,2,Missing data/not specified/undetermined,1
NC,2014,3,Human,1051
NC,2014,3,Missing data/not specified/undetermined,1
NC,2014,4,Human,855
NC,2014,4,Natural,7
NC,2014,5,Human,356
NC,2014,5,Missing data/not specified/undetermined,1
NC,2014,5,Natural,8
NC,2014,6,Human,213
NC,2014,6,Missing data/not specified/undetermined,1
NC,2014,6,Natural,23
NC,2014,7,Human,177
NC,2014,7,Natural,14
NC,2014,8,Human,79
NC,2014,9,Human,63
NC,2014,9,Natural,5
NC,2014,10,Human,158
NC,2014,10,Natural,1
NC,2014,11,Human,335
NC,2014,11,Natural,1
NC,2014,12,Human,248
NC,2014,12,Missing data/not specified/undetermined,1
NC,2015,1,Human,269
NC,2015,1,Missing data/not specified/undetermined,1
NC,2015,2,Human,447
NC,2015,3,Human,416
NC,2015,4,Human,349
NC,2015,4,Missing data/not specified/undetermined,2
NC,2015,4,Natural,8
NC,2015,5,Human,198
NC,2015,5,Natural,3
NC,2015,6,Human,106
NC,2015,6,Natural,13
NC,2015,7,Human,131
NC,2015,7,Natural,14
NC,2015,8,Human,137
NC,2015,8,Missing data/not specified/undetermined,3
NC,2015,8,Natural,9
NC,2015,9,Human,99
NC,2015,9,Natural,1
NC,2015,10,Human,80
NC,2015,10,Natural,1
NC,2015,11,Human,124
NC,2015,11,Natural,1
NC,2015,12,Human,59
NC,2016,1,Human,126
NC,2016,2,Human,279
NC,2016,2,Missing data/not specified/undetermined,1
NC,2016,3,Human,904
NC,2016,3,Missing data/not specified/undetermined,2
NC,2016,3,Natural,4
NC,2016,4,Human,743
NC,2016,4,Missing data/not specified/undetermined,1
NC,2016,5,Human,96
NC,2016,5,Missing data/not specified/undetermined,1
NC,2016,5,Natural,4
NC,2016,6,Human,168
NC,2016,6,Natural,6
NC,2016,7,Human,115
NC,2016,7,Missing data/not specified/undetermined,1
NC,2016,7,Natural,23
NC,2016,8,Human,126
NC,2016,8,Natural,9
NC,2016,9,Human,169
NC,2016,9,Natural,3
NC,2016,10,Human,277
NC,2016,10,Missing data/not specified/undetermined,1
NC,2016,10,Natural,1
NC,2016,11,Human,906
NC,2016,11,Missing data/not specified/undetermined,3
NC,2016,12,Human,314
NC,2017,1,Human,418
NC,2017,1,Missing data/not specified/undetermined,1
NC,2017,2,Human,1395
NC,2017,2,Missing data/not specified/undetermined,1
NC,2017,2,Natural,2
NC,2017,3,Human,1034
NC,2017,3,Missing data/not specified/undetermined,1
NC,2017,3,Natural,23
NC,2017,4,Human,457
NC,2017,4,Missing data/not specified/undetermined,1
NC,2017,4,Natural,6
NC,2017,5,Human,180
NC,2017,5,Natural,5
NC,2017,6,Human,118
NC,2017,6,Natural,7
NC,2017,7,Human,123
NC,2017,7,Natural,14
NC,2017,8,Human,148
NC,2017,9,Human,166
NC,2017,9,Natural,4
NC,2017,10,Human,240
NC,2017,10,Missing data/not specified/undetermined,1
NC,2017,11,Human,393
NC,2017,11,Natural,1
NC,2017,12,Human,419
NC,2017,12,Missing data/not specified/undetermined,1
NC,2018,1,Human,593
NC,2018,2,Human,409
NC,2018,3,Human,799
NC,2018,3,Natural,1
NC,2018,4,Human,867
NC,2018,4,Missing data/not specified/undetermined,1
NC,2018,5,Human,270
NC,2018,5,Natural,12
NC,2018,6,Human,102
NC,2018,6,Natural,12
NC,2018,7,Human,6
NC,2018,8,Human,1
NC,2018,9,Human,3
NC,2018,10,Human,3
NC,2018,10,Missing data/not specified/undetermined,1
NC,2018,11,Human,5
NC,2019,1,Human,189
NC,2019,2,Human,430
NC,2019,2,Missing data/not specified/undetermined,1
NC,2019,2,Natural,1
NC,2019,3,Human,625
NC,2019,3,Missing data/not specified/undetermined,1
NC,2019,3,Natural,2
NC,2019,4,Human,297
NC,2019,4,Natural,2
NC,2019,5,Human,446
NC,2019,5,Missing data/not specified/undetermined,1
NC,2019,5,Natural,12
NC,2019,6,Human,320
NC,2019,6,Missing data/not specified/undetermined,2
NC,2019,6,Natural,18
NC,2019,7,Human,287
NC,2019,7,Missing data/not specified/undetermined,1
NC,2019,7,Natural,38
NC,2019,8,Human,120
NC,2019,8,Natural,24
NC,2019,9,Human,364
NC,2019,9,Missing data/not specified/undetermined,2
NC,2019,9,Natural,6
NC,2019,10,Human,351
NC,2019,11,Human,192
NC,2019,11,Natural,1
NC,2019,12,Human,207
NC,2020,1,Human,186
NC,2020,1,Natural,1
NC,2020,2,Human,194
NC,2020,2,Missing data/not specified/undetermined,1
NC,2020,2,Natural,1
NC,2020,3,Human,601
NC,2020,4,Human,575
NC,2020,4,Missing data/not specified/undetermined,1
NC,2020,4,Natural,9
NC,2020,5,Human,158
NC,2020,5,Natural,1
NC,2020,6,Human,63
NC,2020,6,Natural,1
NC,2020,7,Human,141
NC,2020,7,Missing data/not specified/undetermined,1
NC,2020,7,Natural,22
NC,2020,8,Human,31
NC,2020,8,Natural,1
NC,2020,9,Human,59
NC,2020,9,Natural,1
NC,2020,10,Human,58
NC,2020,11,Human,213
NC,2020,11,Missing data/not specified/undetermined,1
NC,2020,11,Natural,1
NC,2020,12,Human,109
NC,2020,12,Missing data/not specified/undetermined,1
NC,2020,12,Natural,1
ND,1992,1,Human,1
ND,1992,2,Human,3
ND,1992,3,Human,62
ND,1992,3,Natural,1
ND,1992,4,Human,98
ND,1992,4,Missing data/not specified/undetermined,1
ND,1992,4,Natural,3
ND,1992,5,Human,63
ND,1992,5,Natural,2
ND,1992,6,Human,21
ND,1992,7,Human,30
ND,1992,8,Human,27
ND,1992,8,Natural,1
ND,1992,9,Human,17
ND,1992,9,Natural,1
ND,1992,10,Human,61
ND,1992,10,Missing data/not specified/undetermined,1
ND,1992,10,Natural,1
ND,1992,11,Human,2
ND,1993,3,Human,7
ND,1993,3,Natural,1
ND,1993,4,Human,151
ND,1993,4,Missing data/not specified/undetermined,1
ND,1993,5,Human,78
ND,1993,5,Missing data/not specified/undetermined,1
ND,1993,5,Natural,1
ND,1993,6,Human,17
ND,1993,6,Natural,3
ND,1993,7,Human,13
ND,1993,8,Human,3
ND,1993,8,Natural,1
ND,1993,9,Human,16
ND,1993,10,Human,74
ND,1993,11,Human,18
ND,1993,12,Human,1
ND,1994,3,Human,17
ND,1994,4,Human,246
ND,1994,4,Missing data/not specified/undetermined,2
ND,1994,5,Human,96
ND,1994,5,Natural,4
ND,1994,6,Human,22
ND,1994,7,Human,24
ND,1994,8,Human,21
ND,1994,8,Natural,5
ND,1994,9,Human,29
ND,1994,9,Natural,6
ND,1994,10,Human,18
ND,1994,11,Human,11
ND,1995,2,Human,1
ND,1995,3,Human,1
ND,1995,4,Human,80
ND,1995,5,Human,56
ND,1995,6,Human,17
ND,1995,6,Natural,1
ND,1995,7,Human,20
ND,1995,8,Human,20
ND,1995,8,Natural,1
ND,1995,9,Human,29
ND,1995,9,Missing data/not specified/undetermined,1
ND,1995,10,Human,38
ND,1995,11,Human,5
ND,1995,12,Human,2
ND,1996,1,Human,1
ND,1996,2,Human,3
ND,1996,3,Human,1
ND,1996,4,Human,118
ND,1996,4,Missing data/not specified/undetermined,6
ND,1996,4,Natural,1
ND,1996,5,Human,203
ND,1996,5,Missing data/not specified/undetermined,5
ND,1996,6,Human,25
ND,1996,6,Missing data/not specified/undetermined,1
ND,1996,6,Natural,1
ND,1996,7,Human,37
ND,1996,7,Missing data/not specified/undetermined,1
ND,1996,7,Natural,1
ND,1996,8,Human,34
ND,1996,8,Missing data/not specified/undetermined,3
ND,1996,8,Natural,1
ND,1996,9,Human,17
ND,1996,9,Missing data/not specified/undetermined,4
ND,1996,9,Natural,4
ND,1996,10,Human,55
ND,1996,10,Missing data/not specified/undetermined,2
ND,1996,11,Human,3
ND,1997,3,Human,2
ND,1997,4,Human,107
ND,1997,5,Human,139
ND,1997,6,Human,70
ND,1997,6,Missing data/not specified/undetermined,1
ND,1997,6,Natural,2
ND,1997,7,Human,46
ND,1997,7,Missing data/not specified/undetermined,1
ND,1997,8,Human,30
ND,1997,8,Natural,2
ND,1997,9,Human,27
ND,1997,9,Natural,1
ND,1997,10,Human,21
ND,1997,11,Natural,1
ND,1997,12,Human,3
ND,1998,1,Human,4
ND,1998,2,Human,3
ND,1998,3,Human,4
ND,1998,4,Human,245
ND,1998,4,Natural,1
ND,1998,5,Human,53
ND,1998,5,Natural,2
ND,1998,6,Human,18
ND,1998,6,Natural,2
ND,1998,7,Human,50
ND,1998,7,Natural,4
ND,1998,8,Human,36
ND,1998,8,Natural,6
ND,1998,9,Human,29
ND,1998,9,Missing data/not specified/undetermined,1
ND,1998,9,Natural,11
ND,1998,10,Human,13
ND,1998,11,Human,5
ND,1998,12,Human,5
ND,1999,2,Missing data/not specified/undetermined,1
ND,1999,3,Human,18
ND,1999,3,Natural,1
ND,1999,4,Human,119
ND,1999,4,Missing data/not specified/undetermined,3
ND,1999,4,Natural,1
ND,1999,5,Human,33
ND,1999,5,Missing data/not specified/undetermined,1
ND,1999,5,Natural,1
ND,1999,6,Human,14
ND,1999,6,Natural,1
ND,1999,7,Human,20
ND,1999,7,Missing data/not specified/undetermined,1
ND,1999,7,Natural,1
ND,1999,8,Human,29
ND,1999,8,Missing data/not specified/undetermined,1
ND,1999,8,Natural,2
ND,1999,9,Human,14
ND,1999,10,Human,108
ND,1999,11,Human,108
ND,1999,11,Missing data/not specified/undetermined,5
ND,1999,12,Human,23
ND,1999,12,Missing data/not specified/undetermined,1
ND,2000,1,Human,5
ND,2000,2,Human,8
ND,2000,3,Human,157
ND,2000,3,Natural,6
ND,2000,4,Human,215
ND,2000,4,Natural,4
ND,2000,5,Human,63
ND,2000,5,Natural,5
ND,2000,6,Human,15
ND,2000,7,Human,23
ND,2000,7,Natural,5
ND,2000,8,Human,21
ND,2000,8,Natural,19
ND,2000,9,Human,31
ND,2000,9,Natural,4
ND,2000,10,Human,45
ND,2000,11,Human,1
ND,2001,2,Human,3
ND,2001,3,Human,10
ND,2001,4,Human,275
ND,2001,4,Missing data/not specified/undetermined,2
ND,2001,5,Human,109
ND,2001,6,Human,17
ND,2001,6,Natural,1
ND,2001,7,Human,44
ND,2001,7,Natural,1
ND,2001,8,Human,26
ND,2001,8,Missing data/not specified/undetermined,1
ND,2001,8,Natural,1
ND,2001,9,Human,24
ND,2001,9,Natural,3
ND,2001,10,Human,14
ND,2001,11,Human,19
ND,2001,12,Human,3
ND,2002,1,Human,9
ND,2002,2,Human,24
ND,2002,3,Human,23
ND,2002,3,Missing data/not specified/undetermined,1
ND,2002,4,Human,288
ND,2002,4,Missing data/not specified/undetermined,2
ND,2002,5,Human,306
ND,2002,5,Missing data/not specified/undetermined,1
ND,2002,6,Human,92
ND,2002,6,Natural,6
ND,2002,7,Human,51
ND,2002,7,Natural,7
ND,2002,8,Human,25
ND,2002,8,Natural,9
ND,2002,9,Human,14
ND,2002,9,Natural,3
ND,2002,10,Human,19
ND,2002,11,Human,19
ND,2002,12,Human,7
ND,2003,1,Human,1
ND,2003,2,Human,1
ND,2003,3,Human,35
ND,2003,4,Human,341
ND,2003,4,Missing data/not specified/undetermined,4
ND,2003,5,Human,67
ND,2003,6,Human,25
ND,2003,7,Human,58
ND,2003,7,Missing data/not specified/undetermined,2
ND,2003,7,Natural,7
ND,2003,8,Human,65
ND,2003,8,Missing data/not specified/undetermined,1
ND,2003,8,Natural,9
ND,2003,9,Human,36
ND,2003,9,Missing data/not specified/undetermined,1
ND,2003,9,Natural,6
ND,2003,10,Human,173
ND,2003,10,Missing data/not specified/undetermined,1
ND,2003,11,Human,1
ND,2003,12,Human,2
ND,2004,3,Human,12
ND,2004,3,Natural,2
ND,2004,4,Human,399
ND,2004,4,Missing data/not specified/undetermined,1
ND,2004,4,Natural,2
ND,2004,5,Human,164
ND,2004,5,Natural,2
ND,2004,6,Human,50
ND,2004,6,Missing data/not specified/undetermined,1
ND,2004,6,Natural,3
ND,2004,7,Human,62
ND,2004,7,Missing data/not specified/undetermined,1
ND,2004,7,Natural,5
ND,2004,8,Human,38
ND,2004,8,Natural,5
ND,2004,9,Human,26
ND,2004,9,Natural,3
ND,2004,10,Human,17
ND,2004,11,Human,25
ND,2004,12,Human,2
ND,2005,1,Human,2
ND,2005,2,Human,7
ND,2005,3,Human,25
ND,2005,4,Human,502
ND,2005,4,Missing data/not specified/undetermined,4
ND,2005,4,Natural,4
ND,2005,5,Human,66
ND,2005,5,Natural,7
ND,2005,6,Human,19
ND,2005,6,Natural,4
ND,2005,7,Human,33
ND,2005,7,Natural,2
ND,2005,8,Human,81
ND,2005,8,Missing data/not specified/undetermined,1
ND,2005,8,Natural,9
ND,2005,9,Human,61
ND,2005,9,Missing data/not specified/undetermined,5
ND,2005,9,Natural,11
ND,2005,10,Human,32
ND,2005,10,Missing data/not specified/undetermined,1
ND,2005,10,Natural,1
ND,2005,11,Human,23
ND,2005,11,Missing data/not specified/undetermined,2
ND,2005,12,Human,1
ND,2006,1,Human,1
ND,2006,2,Human,3
ND,2006,3,Human,10
ND,2006,4,Human,399
ND,2006,4,Missing data/not specified/undetermined,1
ND,2006,4,Natural,2
ND,2006,5,Human,58
ND,2006,5,Missing data/not specified/undetermined,2
ND,2006,5,Natural,3
ND,2006,6,Human,95
ND,2006,6,Missing data/not specified/undetermined,1
ND,2006,6,Natural,4
ND,2006,7,Human,194
ND,2006,7,Missing data/not specified/undetermined,1
ND,2006,7,Natural,17
ND,2006,8,Human,64
ND,2006,8,Natural,23
ND,2006,9,Human,32
ND,2006,10,Human,73
ND,2006,10,Missing data/not specified/undetermined,1
ND,2006,11,Human,74
ND,2006,12,Human,2
ND,2007,3,Human,26
ND,2007,4,Human,487
ND,2007,4,Missing data/not specified/undetermined,51
ND,2007,4,Natural,1
ND,2007,5,Human,45
ND,2007,5,Missing data/not specified/undetermined,1
ND,2007,6,Human,20
ND,2007,7,Human,48
ND,2007,7,Missing data/not specified/undetermined,3
ND,2007,7,Natural,2
ND,2007,8,Human,36
ND,2007,8,Natural,12
ND,2007,9,Human,37
ND,2007,9,Missing data/not specified/undetermined,2
ND,2007,9,Natural,3
ND,2007,10,Human,50
ND,2007,10,Missing data/not specified/undetermined,7
ND,2007,10,Natural,1
ND,2007,11,Human,26
ND,2007,11,Missing data/not specified/undetermined,7
ND,2008,1,Human,2
ND,2008,2,Human,1
ND,2008,3,Human,41
ND,2008,4,Human,338
ND,2008,4,Missing data/not specified/undetermined,4
ND,2008,4,Natural,1
ND,2008,5,Human,113
ND,2008,5,Natural,2
ND,2008,6,Human,44
ND,2008,6,Missing data/not specified/undetermined,1
ND,2008,6,Natural,2
ND,2008,7,Human,95
ND,2008,7,Missing data/not specified/undetermined,1
ND,2008,7,Natural,15
ND,2008,8,Human,23
ND,2008,8,Natural,10
ND,2008,9,Human,15
ND,2008,9,Natural,1
ND,2008,10,Human,9
ND,2008,10,Natural,3
ND,2008,11,Human,2
ND,2009,4,Human,67
ND,2009,5,Human,94
ND,2009,5,Missing data/not specified/undetermined,1
ND,2009,5,Natural,1
ND,2009,6,Human,39
ND,2009,7,Human,67
ND,2009,7,Missing data/not specified/undetermined,2
ND,2009,7,Natural,1
ND,2009,8,Human,32
ND,2009,8,Natural,4
ND,2009,9,Human,52
ND,2009,9,Natural,2
ND,2009,10,Human,11
ND,2009,11,Human,42
ND,2010,3,Human,14
ND,2010,3,Missing data/not specified/undetermined,1
ND,2010,4,Human,175
ND,2010,4,Missing data/not specified/undetermined,3
ND,2010,5,Human,40
ND,2010,6,Human,16
ND,2010,7,Human,61
ND,2010,7,Natural,2
ND,2010,8,Human,40
ND,2010,8,Natural,6
ND,2010,9,Human,23
ND,2010,9,Natural,1
ND,2010,10,Human,36
ND,2010,10,Natural,2
ND,2010,11,Human,14
ND,2010,12,Natural,1
ND,2011,3,Human,2
ND,2011,4,Human,59
ND,2011,4,Missing data/not specified/undetermined,2
ND,2011,5,Human,65
ND,2011,5,Natural,1
ND,2011,6,Human,19
ND,2011,6,Natural,3
ND,2011,7,Human,40
ND,2011,7,Natural,13
ND,2011,8,Human,32
ND,2011,8,Missing data/not specified/undetermined,1
ND,2011,8,Natural,5
ND,2011,9,Human,28
ND,2011,10,Human,43
ND,2011,10,Missing data/not specified/undetermined,1
ND,2011,11,Human,49
ND,2011,11,Natural,1
ND,2011,12,Human,9
ND,2012,1,Human,19
ND,2012,2,Human,16
ND,2012,3,Human,240
ND,2012,4,Human,215
ND,2012,4,Missing data/not specified/undetermined,4
ND,2012,4,Natural,4
ND,2012,5,Human,55
ND,2012,5,Missing data/not specified/undetermined,1
ND,2012,5,Natural,10
ND,2012,6,Human,59
ND,2012,6,Missing data/not specified/undetermined,1
ND,2012,6,Natural,5
ND,2012,7,Human,116
ND,2012,7,Natural,25
ND,2012,8,Human,75
ND,2012,8,Missing data/not specified/undetermined,2
ND,2012,8,Natural,20
ND,2012,9,Human,127
ND,2012,9,Missing data/not specified/undetermined,3
ND,2012,9,Natural,27
ND,2012,10,Human,55
ND,2012,10,Missing data/not specified/undetermined,2
ND,2012,10,Natural,5
ND,2012,11,Human,5
ND,2012,11,Missing data/not specified/undetermined,4
ND,2012,12,Human,3
ND,2013,1,Natural,3
ND,2013,2,Human,1
ND,2013,3,Human,8
ND,2013,3,Natural,1
ND,2013,4,Human,25
ND,2013,4,Natural,6
ND,2013,5,Human,232
ND,2013,5,Missing data/not specified/undetermined,4
ND,2013,5,Natural,13
ND,2013,6,Human,31
ND,2013,6,Natural,7
ND,2013,7,Human,66
ND,2013,7,Natural,8
ND,2013,8,Human,58
ND,2013,8,Natural,9
ND,2013,9,Human,20
ND,2013,9,Natural,7
ND,2013,10,Human,20
ND,2013,10,Natural,3
ND,2013,11,Human,17
ND,2013,12,Human,2
ND,2014,1,Human,2
ND,2014,1,Natural,3
ND,2014,2,Human,2
ND,2014,3,Human,11
ND,2014,3,Natural,4
ND,2014,4,Human,101
ND,2014,4,Natural,7
ND,2014,5,Human,162
ND,2014,5,Natural,6
ND,2014,6,Human,20
ND,2014,6,Natural,9
ND,2014,7,Human,60
ND,2014,7,Natural,3
ND,2014,8,Human,29
ND,2014,8,Natural,1
ND,2014,9,Human,23
ND,2014,9,Natural,5
ND,2014,10,Human,33
ND,2014,10,Natural,7
ND,2014,11,Human,17
ND,2014,11,Natural,1
ND,2014,12,Human,4
ND,2015,1,Human,5
ND,2015,2,Human,4
ND,2015,3,Human,125
ND,2015,3,Natural,4
ND,2015,4,Human,313
ND,2015,4,Missing data/not specified/undetermined,1
ND,2015,4,Natural,9
ND,2015,5,Human,123
ND,2015,5,Natural,4
ND,2015,6,Human,44
ND,2015,6,Natural,7
ND,2015,7,Human,66
ND,2015,7,Natural,20
ND,2015,8,Human,88
ND,2015,8,Natural,11
ND,2015,9,Human,59
ND,2015,9,Natural,8
ND,2015,10,Human,81
ND,2015,10,Natural,2
ND,2015,11,Human,17
ND,2015,12,Human,9
ND,2015,12,Natural,2
ND,2016,1,Human,7
ND,2016,2,Human,21
ND,2016,2,Natural,2
ND,2016,3,Human,181
ND,2016,3,Natural,4
ND,2016,4,Human,227
ND,2016,4,Natural,8
ND,2016,5,Human,167
ND,2016,5,Missing data/not specified/undetermined,2
ND,2016,5,Natural,6
ND,2016,6,Human,95
ND,2016,6,Natural,14
ND,2016,7,Human,132
ND,2016,7,Natural,22
ND,2016,8,Human,95
ND,2016,8,Natural,11
ND,2016,9,Human,26
ND,2016,9,Natural,7
ND,2016,10,Human,42
ND,2016,10,Natural,3
ND,2016,11,Human,45
ND,2016,11,Natural,3
ND,2016,12,Human,1
ND,2017,1,Human,2
ND,2017,1,Natural,3
ND,2017,3,Human,21
ND,2017,4,Human,185
ND,2017,4,Missing data/not specified/undetermined,1
ND,2017,4,Natural,3
ND,2017,5,Human,159
ND,2017,5,Missing data/not specified/undetermined,1
ND,2017,5,Natural,7
ND,2017,6,Human,92
ND,2017,6,Natural,12
ND,2017,7,Human,213
ND,2017,7,Natural,43
ND,2017,8,Human,62
ND,2017,8,Natural,11
ND,2017,9,Human,52
ND,2017,9,Natural,11
ND,2017,10,Human,80
ND,2017,10,Natural,3
ND,2017,11,Human,27
ND,2017,11,Missing data/not specified/undetermined,1
ND,2017,12,Human,10
ND,2018,1,Human,1
ND,2018,1,Natural,3
ND,2018,2,Human,2
ND,2018,3,Human,4
ND,2018,4,Human,209
ND,2018,4,Natural,1
ND,2018,5,Human,309
ND,2018,5,Missing data/not specified/undetermined,1
ND,2018,5,Natural,18
ND,2018,6,Human,38
ND,2018,6,Natural,16
ND,2018,7,Human,110
ND,2018,7,Natural,12
ND,2018,8,Human,121
ND,2018,8,Natural,20
ND,2018,9,Human,45
ND,2018,9,Natural,7
ND,2018,10,Human,50
ND,2018,10,Natural,6
ND,2018,11,Human,5
ND,2018,11,Natural,3
ND,2018,12,Human,6
ND,2018,12,Natural,1
ND,2019,3,Human,7
ND,2019,4,Human,284
ND,2019,4,Natural,5
ND,2019,5,Human,304
ND,2019,5,Natural,2
ND,2019,6,Human,113
ND,2019,6,Natural,8
ND,2019,7,Human,92
ND,2019,7,Natural,19
ND,2019,8,Human,50
ND,2019,8,Natural,12
ND,2019,9,Human,14
ND,2019,9,Natural,10
ND,2019,10,Human,16
ND,2019,10,Natural,1
ND,2019,11,Human,10
ND,2019,12,Human,7
ND,2020,1,Human,12
ND,2020,2,Human,6
ND,2020,2,Natural,4
ND,2020,3,Human,36
ND,2020,3,Natural,3
ND,2020,4,Human,108
ND,2020,4,Natural,1
ND,2020,5,Human,87
ND,2020,5,Missing data/not specified/undetermined,1
ND,2020,6,Human,75
ND,2020,6,Natural,6
ND,2020,7,Human,73
ND,2020,7,Natural,12
ND,2020,8,Human,59
ND,2020,8,Missing data/not specified/undetermined,1
ND,2020,8,Natural,9
ND,2020,9,Human,71
ND,2020,9,Natural,3
ND,2020,10,Human,64
ND,2020,10,Natural,1
ND,2020,11,Human,88
ND,2020,11,Natural,1
ND,2020,12,Human,36
NE,1992,3,Human,6
NE,1992,4,Human,7
NE,1992,5,Human,2
NE,1992,5,Natural,2
NE,1992,6,Human,2
NE,1992,6,Natural,1
NE,1992,8,Human,1
NE,1992,8,Natural,1
NE,1992,9,Human,1
NE,1992,9,Natural,2
NE,1993,3,Human,1
NE,1993,4,Human,5
NE,1993,4,Natural,1
NE,1993,7,Natural,2
NE,1993,8,Natural,2
NE,1993,9,Human,1
NE,1993,9,Natural,2
NE,1993,11,Human,3
NE,1994,3,Human,12
NE,1994,3,Missing data/not specified/undetermined,1
NE,1994,4,Human,21
NE,1994,4,Missing data/not specified/undetermined,1
NE,1994,4,Natural,2
NE,1994,5,Human,1
NE,1994,5,Natural,1
NE,1994,6,Human,1
NE,1994,6,Natural,6
NE,1994,7,Human,2
NE,1994,7,Natural,5
NE,1994,8,Natural,19
NE,1994,9,Human,1
NE,1994,9,Natural,3
NE,1994,10,Human,1
NE,1994,11,Human,3
NE,1995,2,Human,5
NE,1995,2,Missing data/not specified/undetermined,2
NE,1995,3,Human,3
NE,1995,4,Human,6
NE,1995,4,Natural,1
NE,1995,5,Human,2
NE,1995,7,Human,1
NE,1995,7,Missing data/not specified/undetermined,1
NE,1995,7,Natural,5
NE,1995,8,Human,1
NE,1995,8,Missing data/not specified/undetermined,1
NE,1995,8,Natural,16
NE,1995,9,Missing data/not specified/undetermined,2
NE,1995,9,Natural,9
NE,1995,10,Human,1
NE,1996,2,Human,4
NE,1996,3,Human,14
NE,1996,4,Human,13
NE,1996,5,Human,2
NE,1996,5,Natural,3
NE,1996,6,Natural,1
NE,1996,7,Human,2
NE,1996,7,Natural,9
NE,1996,8,Missing data/not specified/undetermined,1
NE,1996,8,Natural,3
NE,1996,9,Missing data/not specified/undetermined,1
NE,1996,10,Human,1
NE,1996,10,Missing data/not specified/undetermined,2
NE,1996,10,Natural,3
NE,1997,2,Human,1
NE,1997,3,Human,14
NE,1997,3,Missing data/not specified/undetermined,2
NE,1997,4,Human,1
NE,1997,5,Human,1
NE,1997,6,Human,1
NE,1997,6,Natural,14
NE,1997,7,Human,2
NE,1997,7,Missing data/not specified/undetermined,2
NE,1997,7,Natural,2
NE,1997,8,Human,1
NE,1997,8,Natural,3
NE,1997,9,Human,4
NE,1997,9,Natural,7
NE,1997,10,Human,2
NE,1998,2,Human,4
NE,1998,3,Human,1
NE,1998,4,Human,3
NE,1998,5,Natural,3
NE,1998,6,Natural,1
NE,1998,7,Human,1
NE,1998,7,Missing data/not specified/undetermined,1
NE,1998,7,Natural,5
NE,1998,8,Natural,10
NE,1998,9,Human,5
NE,1998,9,Natural,1
NE,1998,11,Human,1
NE,1998,11,Missing data/not specified/undetermined,1
NE,1998,12,Human,6
NE,1999,1,Missing data/not specified/undetermined,1
NE,1999,2,Missing data/not specified/undetermined,1
NE,1999,3,Human,10
NE,1999,3,Natural,1
NE,1999,4,Human,12
NE,1999,6,Human,3
NE,1999,6,Natural,1
NE,1999,7,Human,2
NE,1999,7,Missing data/not specified/undetermined,1
NE,1999,7,Natural,4
NE,1999,8,Human,3
NE,1999,8,Natural,10
NE,1999,9,Natural,2
NE,1999,10,Human,5
NE,1999,10,Missing data/not specified/undetermined,3
NE,1999,11,Human,12
NE,1999,11,Missing data/not specified/undetermined,3
NE,1999,12,Human,1
NE,2000,1,Human,6
NE,2000,2,Human,12
NE,2000,3,Human,19
NE,2000,4,Human,2
NE,2000,5,Human,1
NE,2000,5,Natural,1
NE,2000,6,Human,1
NE,2000,6,Natural,3
NE,2000,7,Human,4
NE,2000,7,Natural,7
NE,2000,8,Human,3
NE,2000,8,Natural,8
NE,2000,9,Human,6
NE,2000,9,Natural,37
NE,2000,10,Human,2
NE,2000,11,Human,2
NE,2001,1,Human,1
NE,2001,3,Human,6
NE,2001,4,Human,13
NE,2001,4,Natural,1
NE,2001,5,Human,5
NE,2001,5,Missing data/not specified/undetermined,1
NE,2001,5,Natural,2
NE,2001,6,Human,4
NE,2001,6,Natural,1
NE,2001,7,Human,1
NE,2001,7,Natural,10
NE,2001,8,Human,7
NE,2001,8,Natural,1
NE,2001,9,Human,4
NE,2001,9,Natural,7
NE,2001,11,Human,9
NE,2001,11,Missing data/not specified/undetermined,1
NE,2001,12,Human,3
NE,2002,1,Human,8
NE,2002,2,Human,2
NE,2002,3,Human,4
NE,2002,3,Missing data/not specified/undetermined,1
NE,2002,3,Natural,1
NE,2002,4,Human,39
NE,2002,4,Natural,1
NE,2002,5,Human,34
NE,2002,6,Human,13
NE,2002,6,Natural,13
NE,2002,7,Human,15
NE,2002,7,Missing data/not specified/undetermined,1
NE,2002,8,Human,11
NE,2002,8,Natural,29
NE,2002,9,Human,4
NE,2002,9,Natural,3
NE,2002,11,Human,3
NE,2002,12,Human,1
NE,2003,1,Human,14
NE,2003,2,Human,5
NE,2003,3,Human,42
NE,2003,3,Natural,1
NE,2003,4,Human,19
NE,2003,4,Missing data/not specified/undetermined,1
NE,2003,4,Natural,1
NE,2003,5,Human,4
NE,2003,5,Natural,2
NE,2003,6,Natural,1
NE,2003,7,Human,10
NE,2003,7,Natural,8
NE,2003,8,Human,8
NE,2003,8,Natural,11
NE,2003,9,Human,9
NE,2003,9,Natural,5
NE,2003,10,Human,13
NE,2003,11,Human,5
NE,2003,12,Human,1
NE,2003,12,Missing data/not specified/undetermined,1
NE,2004,1,Human,19
NE,2004,2,Human,2
NE,2004,3,Human,58
NE,2004,4,Human,30
NE,2004,5,Human,6
NE,2004,5,Natural,3
NE,2004,6,Human,3
NE,2004,6,Natural,1
NE,2004,7,Natural,11
NE,2004,8,Human,7
NE,2004,8,Natural,6
NE,2004,9,Human,5
NE,2004,9,Natural,3
NE,2004,10,Human,6
NE,2004,11,Human,4
NE,2004,12,Human,5
NE,2005,1,Human,11
NE,2005,2,Human,17
NE,2005,3,Human,64
NE,2005,3,Missing data/not specified/undetermined,1
NE,2005,4,Human,30
NE,2005,4,Missing data/not specified/undetermined,1
NE,2005,4,Natural,1
NE,2005,5,Human,3
NE,2005,6,Human,3
NE,2005,6,Natural,1
NE,2005,7,Human,8
NE,2005,7,Natural,6
NE,2005,8,Human,4
NE,2005,8,Natural,5
NE,2005,9,Human,6
NE,2005,9,Natural,3
NE,2005,10,Human,6
NE,2005,11,Human,6
NE,2005,12,Human,1
NE,2006,1,Human,10
NE,2006,2,Human,19
NE,2006,3,Human,14
NE,2006,3,Natural,1
NE,2006,4,Human,11
NE,2006,4,Natural,2
NE,2006,5,Human,4
NE,2006,5,Natural,2
NE,2006,6,Human,5
NE,2006,6,Missing data/not specified/undetermined,1
NE,2006,6,Natural,10
NE,2006,7,Human,9
NE,2006,7,Natural,10
NE,2006,8,Human,5
NE,2006,8,Natural,7
NE,2006,10,Human,5
NE,2006,11,Human,2
NE,2006,12,Human,5
NE,2007,1,Human,29
NE,2007,2,Human,18
NE,2007,3,Human,141
NE,2007,3,Natural,2
NE,2007,4,Human,61
NE,2007,4,Natural,6
NE,2007,5,Human,38
NE,2007,5,Natural,9
NE,2007,6,Human,69
NE,2007,6,Natural,22
NE,2007,7,Human,140
NE,2007,7,Natural,32
NE,2007,8,Human,52
NE,2007,8,Natural,37
NE,2007,9,Human,43
NE,2007,9,Natural,13
NE,2007,10,Human,35
NE,2007,10,Natural,3
NE,2007,11,Human,66
NE,2007,12,Human,2
NE,2008,1,Human,7
NE,2008,2,Human,24
NE,2008,3,Human,128
NE,2008,4,Human,84
NE,2008,4,Natural,2
NE,2008,5,Human,43
NE,2008,5,Natural,6
NE,2008,6,Human,36
NE,2008,6,Natural,5
NE,2008,7,Human,61
NE,2008,7,Natural,27
NE,2008,8,Human,51
NE,2008,8,Natural,11
NE,2008,9,Human,27
NE,2008,9,Natural,7
NE,2008,10,Human,26
NE,2008,10,Natural,1
NE,2008,11,Human,42
NE,2008,12,Human,23
NE,2009,1,Human,50
NE,2009,2,Human,67
NE,2009,3,Human,196
NE,2009,3,Natural,4
NE,2009,4,Human,121
NE,2009,4,Natural,3
NE,2009,5,Human,64
NE,2009,5,Natural,4
NE,2009,6,Human,23
NE,2009,6,Natural,4
NE,2009,7,Human,37
NE,2009,7,Natural,2
NE,2009,8,Human,23
NE,2009,8,Natural,16
NE,2009,9,Human,25
NE,2009,9,Natural,2
NE,2009,10,Human,13
NE,2009,11,Human,50
NE,2009,12,Human,11
NE,2010,1,Human,11
NE,2010,2,Human,7
NE,2010,3,Human,55
NE,2010,4,Human,106
NE,2010,4,Natural,4
NE,2010,5,Human,32
NE,2010,5,Natural,2
NE,2010,6,Human,37
NE,2010,6,Natural,2
NE,2010,7,Human,59
NE,2010,7,Natural,3
NE,2010,8,Human,38
NE,2010,8,Natural,5
NE,2010,9,Human,40
NE,2010,9,Natural,14
NE,2010,10,Human,97
NE,2010,10,Natural,5
NE,2010,11,Human,59
NE,2010,11,Missing data/not specified/undetermined,1
NE,2010,11,Natural,1
NE,2010,12,Human,30
NE,2010,12,Missing data/not specified/undetermined,2
NE,2011,1,Human,17
NE,2011,2,Human,32
NE,2011,3,Human,142
NE,2011,3,Missing data/not specified/undetermined,1
NE,2011,3,Natural,2
NE,2011,4,Human,159
NE,2011,4,Missing data/not specified/undetermined,1
NE,2011,4,Natural,2
NE,2011,5,Human,59
NE,2011,5,Natural,4
NE,2011,6,Human,33
NE,2011,6,Natural,4
NE,2011,7,Human,77
NE,2011,7,Natural,7
NE,2011,8,Human,35
NE,2011,8,Natural,15
NE,2011,9,Human,47
NE,2011,9,Natural,2
NE,2011,10,Human,121
NE,2011,10,Missing data/not specified/undetermined,1
NE,2011,10,Natural,2
NE,2011,11,Human,50
NE,2011,12,Human,18
NE,2011,12,Natural,1
NE,2012,1,Human,82
NE,2012,2,Human,36
NE,2012,3,Human,178
NE,2012,3,Missing data/not specified/undetermined,1
NE,2012,3,Natural,8
NE,2012,4,Human,67
NE,2012,4,Natural,8
NE,2012,5,Human,62
NE,2012,5,Natural,29
NE,2012,6,Human,89
NE,2012,6,Natural,45
NE,2012,7,Human,158
NE,2012,7,Natural,80
NE,2012,8,Human,118
NE,2012,8,Natural,70
NE,2012,9,Human,99
NE,2012,9,Missing data/not specified/undetermined,1
NE,2012,9,Natural,3
NE,2012,10,Human,43
NE,2012,10,Natural,5
NE,2012,11,Human,30
NE,2012,12,Human,11
NE,2013,1,Human,20
NE,2013,2,Human,21
NE,2013,2,Natural,1
NE,2013,3,Human,77
NE,2013,3,Natural,2
NE,2013,4,Human,74
NE,2013,4,Natural,1
NE,2013,5,Human,52
NE,2013,5,Natural,6
NE,2013,6,Human,31
NE,2013,6,Natural,11
NE,2013,7,Human,50
NE,2013,7,Natural,5
NE,2013,8,Human,9
NE,2013,8,Natural,7
NE,2013,9,Human,16
NE,2013,9,Natural,5
NE,2013,10,Human,12
NE,2013,11,Human,12
NE,2013,12,Human,11
NE,2014,1,Human,78
NE,2014,2,Human,34
NE,2014,3,Human,176
NE,2014,3,Missing data/not specified/undetermined,1
NE,2014,4,Human,132
NE,2014,4,Natural,5
NE,2014,5,Human,49
NE,2014,5,Natural,2
NE,2014,6,Human,27
NE,2014,7,Human,71
NE,2014,7,Natural,12
NE,2014,8,Human,34
NE,2014,8,Natural,20
NE,2014,9,Human,14
NE,2014,9,Natural,5
NE,2014,10,Human,25
NE,2014,11,Human,24
NE,2014,12,Human,14
NE,2015,1,Human,36
NE,2015,2,Human,32
NE,2015,3,Human,253
NE,2015,3,Natural,1
NE,2015,4,Human,75
NE,2015,4,Natural,5
NE,2015,5,Human,15
NE,2015,6,Human,18
NE,2015,7,Human,45
NE,2015,7,Natural,6
NE,2015,8,Human,22
NE,2015,8,Natural,7
NE,2015,9,Human,25
NE,2015,9,Natural,1
NE,2015,10,Human,41
NE,2015,10,Natural,1
NE,2015,11,Human,15
NE,2015,12,Human,1
NE,2016,1,Human,7
NE,2016,2,Human,31
NE,2016,3,Human,91
NE,2016,3,Natural,3
NE,2016,4,Human,57
NE,2016,4,Natural,1
NE,2016,5,Human,18
NE,2016,5,Natural,4
NE,2016,6,Human,63
NE,2016,6,Natural,13
NE,2016,7,Human,68
NE,2016,7,Natural,32
NE,2016,8,Human,28
NE,2016,8,Natural,7
NE,2016,9,Human,23
NE,2016,9,Natural,8
NE,2016,10,Human,32
NE,2016,11,Human,19
NE,2016,11,Natural,1
NE,2016,12,Human,21
NE,2017,1,Human,23
NE,2017,2,Human,123
NE,2017,3,Human,165
NE,2017,3,Natural,9
NE,2017,4,Human,66
NE,2017,4,Natural,4
NE,2017,5,Human,54
NE,2017,5,Natural,10
NE,2017,6,Human,85
NE,2017,6,Natural,12
NE,2017,7,Human,128
NE,2017,7,Natural,59
NE,2017,8,Human,32
NE,2017,8,Natural,17
NE,2017,9,Human,38
NE,2017,9,Natural,15
NE,2017,10,Human,43
NE,2017,11,Human,58
NE,2017,12,Human,45
NE,2018,1,Human,24
NE,2018,1,Missing data/not specified/undetermined,2
NE,2018,2,Human,31
NE,2018,2,Missing data/not specified/undetermined,4
NE,2018,3,Human,199
NE,2018,3,Missing data/not specified/undetermined,2
NE,2018,3,Natural,2
NE,2018,4,Human,201
NE,2018,4,Natural,3
NE,2018,5,Human,77
NE,2018,5,Missing data/not specified/undetermined,2
NE,2018,5,Natural,4
NE,2018,6,Human,67
NE,2018,6,Missing data/not specified/undetermined,1
NE,2018,6,Natural,13
NE,2018,7,Human,70
NE,2018,7,Natural,8
NE,2018,8,Human,31
NE,2018,8,Natural,7
NE,2018,9,Human,39
NE,2018,9,Natural,4
NE,2018,10,Human,43
NE,2018,10,Missing data/not specified/undetermined,1
NE,2018,11,Human,29
NE,2018,12,Human,8
NE,2019,1,Human,18
NE,2019,1,Missing data/not specified/undetermined,1
NE,2019,2,Human,14
NE,2019,3,Human,34
NE,2019,4,Human,117
NE,2019,4,Missing data/not specified/undetermined,3
NE,2019,4,Natural,2
NE,2019,5,Human,21
NE,2019,5,Natural,7
NE,2019,6,Human,25
NE,2019,6,Missing data/not specified/undetermined,1
NE,2019,6,Natural,6
NE,2019,7,Human,33
NE,2019,7,Natural,8
NE,2019,8,Human,20
NE,2019,8,Natural,7
NE,2019,9,Human,15
NE,2019,9,Natural,3
NE,2019,10,Human,34
NE,2019,11,Human,43
NE,2019,12,Human,13
NE,2020,1,Human,10
NE,2020,2,Human,68
NE,2020,2,Missing data/not specified/undetermined,1
NE,2020,3,Human,108
NE,2020,3,Missing data/not specified/undetermined,1
NE,2020,4,Human,139
NE,2020,4,Missing data/not specified/undetermined,2
NE,2020,4,Natural,1
NE,2020,5,Human,36
NE,2020,5,Natural,2
NE,2020,6,Human,65
NE,2020,6,Natural,24
NE,2020,7,Human,88
NE,2020,7,Missing data/not specified/undetermined,2
NE,2020,7,Natural,48
NE,2020,8,Human,56
NE,2020,8,Missing data/not specified/undetermined,3
NE,2020,8,Natural,31
NE,2020,9,Human,72
NE,2020,10,Human,91
NE,2020,10,Missing data/not specified/undetermined,1
NE,2020,11,Human,84
NE,2020,11,Missing data/not specified/undetermined,1
NE,2020,12,Human,28
NH,1992,1,Human,1
NH,1992,2,Human,1
NH,1992,3,Human,16
NH,1992,4,Human,45
NH,1992,5,Human,32
NH,1992,6,Human,8
NH,1992,7,Human,2
NH,1992,8,Human,2
NH,1993,1,Human,2
NH,1993,4,Human,34
NH,1993,5,Human,46
NH,1993,5,Natural,1
NH,1993,6,Human,10
NH,1993,7,Human,40
NH,1993,8,Human,5
NH,1993,8,Natural,1
NH,1993,9,Human,1
NH,1993,10,Human,1
NH,1993,11,Human,1
NH,1994,3,Human,1
NH,1994,4,Human,44
NH,1994,5,Human,36
NH,1994,6,Human,12
NH,1994,6,Natural,1
NH,1994,7,Human,7
NH,1994,7,Natural,1
NH,1994,9,Human,3
NH,1994,10,Human,17
NH,1994,11,Human,11
NH,1995,1,Human,1
NH,1995,2,Human,1
NH,1995,3,Human,16
NH,1995,4,Human,51
NH,1995,5,Human,62
NH,1995,5,Natural,2
NH,1995,6,Human,12
NH,1995,7,Human,8
NH,1995,7,Natural,6
NH,1995,8,Human,12
NH,1995,9,Human,17
NH,1995,9,Natural,2
NH,1995,10,Human,5
NH,1996,2,Human,1
NH,1996,3,Human,12
NH,1996,4,Human,14
NH,1996,5,Human,17
NH,1996,5,Natural,3
NH,1996,6,Human,5
NH,1996,7,Natural,4
NH,1996,8,Human,18
NH,1996,9,Human,5
NH,1996,11,Human,4
NH,1997,3,Human,1
NH,1997,4,Human,27
NH,1997,5,Human,17
NH,1997,6,Human,14
NH,1997,6,Natural,1
NH,1997,7,Human,7
NH,1997,7,Natural,1
NH,1997,8,Human,8
NH,1997,8,Natural,2
NH,1997,10,Human,6
NH,1997,11,Human,1
NH,1998,3,Human,19
NH,1998,4,Human,68
NH,1998,5,Human,34
NH,1998,5,Natural,4
NH,1998,6,Human,1
NH,1998,7,Human,3
NH,1998,8,Human,6
NH,1998,8,Natural,3
NH,1998,9,Human,1
NH,1998,9,Natural,1
NH,1998,10,Human,12
NH,1998,11,Human,14
NH,1998,12,Human,5
NH,1999,5,Human,3
NH,1999,6,Natural,1
NH,1999,9,Human,1
NH,2000,3,Human,8
NH,2000,4,Human,42
NH,2000,5,Human,14
NH,2000,5,Natural,2
NH,2000,7,Human,5
NH,2000,7,Natural,1
NH,2000,9,Human,3
NH,2000,10,Human,9
NH,2000,11,Human,1
NH,2000,12,Human,2
NH,2001,4,Human,60
NH,2001,5,Human,45
NH,2001,5,Natural,2
NH,2001,7,Human,2
NH,2001,8,Human,6
NH,2001,8,Natural,2
NH,2001,9,Human,6
NH,2001,10,Human,1
NH,2002,4,Human,29
NH,2002,5,Human,31
NH,2002,6,Human,1
NH,2002,7,Human,4
NH,2002,7,Natural,1
NH,2002,8,Human,21
NH,2002,8,Natural,13
NH,2002,9,Human,15
NH,2002,9,Natural,1
NH,2003,3,Human,1
NH,2003,4,Human,29
NH,2003,5,Human,11
NH,2003,6,Human,2
NH,2003,7,Human,11
NH,2003,7,Natural,1
NH,2003,8,Natural,1
NH,2004,3,Human,2
NH,2004,4,Human,48
NH,2004,5,Human,4
NH,2004,5,Natural,1
NH,2004,6,Human,4
NH,2004,8,Human,1
NH,2004,11,Human,10
NH,2005,4,Human,67
NH,2005,5,Human,11
NH,2005,6,Human,4
NH,2005,7,Human,1
NH,2005,9,Human,4
NH,2005,11,Human,1
NH,2006,3,Human,24
NH,2006,4,Human,67
NH,2006,5,Human,13
NH,2006,6,Human,1
NH,2006,7,Human,2
NH,2006,8,Human,2
NH,2006,9,Human,2
NH,2007,3,Human,3
NH,2007,4,Human,20
NH,2007,5,Human,37
NH,2007,6,Human,10
NH,2007,7,Human,4
NH,2007,8,Human,6
NH,2007,8,Natural,2
NH,2007,9,Human,9
NH,2007,9,Natural,2
NH,2007,10,Human,1
NH,2007,11,Human,1
NH,2008,3,Human,3
NH,2008,4,Human,47
NH,2008,4,Natural,1
NH,2008,5,Human,37
NH,2008,5,Natural,1
NH,2008,6,Human,4
NH,2008,6,Natural,4
NH,2008,7,Human,3
NH,2008,9,Human,2
NH,2009,3,Human,4
NH,2009,4,Human,46
NH,2009,5,Human,13
NH,2009,6,Human,4
NH,2009,9,Human,1
NH,2010,2,Human,1
NH,2010,3,Human,4
NH,2010,4,Human,39
NH,2010,5,Human,22
NH,2010,7,Human,17
NH,2010,7,Natural,1
NH,2010,8,Human,2
NH,2010,9,Human,9
NH,2010,9,Natural,2
NH,2010,10,Human,1
NH,2011,5,Human,1
NH,2011,7,Human,2
NH,2011,11,Human,1
NH,2012,2,Human,6
NH,2012,3,Human,10
NH,2012,4,Human,64
NH,2012,5,Human,1
NH,2012,5,Natural,1
NH,2012,6,Human,2
NH,2012,7,Human,9
NH,2012,7,Natural,3
NH,2012,8,Natural,1
NH,2012,9,Human,2
NH,2012,9,Natural,1
NH,2013,3,Human,4
NH,2013,4,Human,55
NH,2013,5,Human,61
NH,2013,6,Human,6
NH,2013,7,Human,5
NH,2013,8,Human,3
NH,2013,9,Human,1
NH,2013,10,Human,9
NH,2013,11,Human,3
NH,2014,1,Human,3
NH,2014,4,Human,62
NH,2014,5,Human,34
NH,2014,6,Human,4
NH,2014,7,Human,8
NH,2014,7,Natural,1
NH,2014,8,Human,4
NH,2014,9,Human,5
NH,2014,10,Human,4
NH,2015,1,Human,2
NH,2015,3,Human,1
NH,2015,4,Human,48
NH,2015,5,Human,94
NH,2015,5,Natural,2
NH,2015,6,Human,7
NH,2015,7,Human,5
NH,2015,8,Human,6
NH,2015,8,Natural,1
NH,2015,9,Human,5
NH,2015,9,Natural,1
NH,2015,10,Human,3
NH,2015,11,Human,3
NH,2015,12,Human,4
NH,2016,2,Human,1
NH,2016,3,Human,16
NH,2016,4,Human,88
NH,2016,5,Human,27
NH,2016,6,Human,32
NH,2016,6,Natural,1
NH,2016,7,Human,14
NH,2016,7,Natural,10
NH,2016,8,Human,14
NH,2016,9,Human,11
NH,2016,10,Human,10
NH,2016,11,Human,4
NH,2017,3,Human,9
NH,2017,4,Human,32
NH,2017,5,Human,4
NH,2017,6,Human,5
NH,2017,7,Human,3
NH,2017,8,Human,5
NH,2017,9,Human,1
NH,2017,10,Human,9
NH,2018,1,Human,1
NH,2018,2,Human,1
NH,2018,3,Human,5
NH,2018,4,Human,37
NH,2018,5,Human,37
NH,2018,6,Human,20
NH,2018,6,Natural,2
NH,2018,7,Human,16
NH,2018,8,Human,4
NH,2018,9,Human,11
NH,2018,10,Human,6
NH,2018,11,Human,5
NH,2019,3,Human,2
NH,2019,4,Human,3
NH,2019,5,Human,3
NH,2019,6,Human,2
NH,2019,7,Human,1
NH,2019,7,Natural,1
NH,2019,8,Human,4
NH,2019,8,Natural,1
NH,2020,3,Human,19
NH,2020,4,Human,9
NH,2020,5,Human,15
NH,2020,6,Human,11
NH,2020,6,Natural,6
NH,2020,7,Human,2
NH,2020,7,Natural,1
NH,2020,8,Human,10
NH,2020,8,Natural,2
NH,2020,9,Human,43
NH,2020,9,Missing data/not specified/undetermined,5
NH,2020,9,Natural,1
NH,2020,10,Human,1
NH,2020,11,Human,3
NH,2020,11,Missing data/not specified/undetermined,1
NJ,1992,1,Human,61
NJ,1992,2,Human,90
NJ,1992,3,Human,185
NJ,1992,4,Human,341
NJ,1992,4,Missing data/not specified/undetermined,1
NJ,1992,5,Human,292
NJ,1992,5,Missing data/not specified/undetermined,1
NJ,1992,6,Human,119
NJ,1992,7,Human,62
NJ,1992,7,Natural,3
NJ,1992,8,Human,29
NJ,1992,8,Natural,1
NJ,1992,9,Human,32
NJ,1992,10,Human,60
NJ,1992,11,Human,22
NJ,1992,12,Human,26
NJ,1993,1,Human,10
NJ,1993,2,Human,31
NJ,1993,2,Missing data/not specified/undetermined,2
NJ,1993,3,Human,5
NJ,1993,4,Human,108
NJ,1993,4,Missing data/not specified/undetermined,1
NJ,1993,5,Human,113
NJ,1993,5,Natural,1
NJ,1993,6,Human,44
NJ,1993,7,Human,223
NJ,1993,7,Natural,3
NJ,1993,8,Human,115
NJ,1993,8,Natural,3
NJ,1993,9,Human,28
NJ,1993,9,Natural,1
NJ,1993,10,Human,42
NJ,1993,11,Human,95
NJ,1993,12,Human,17
NJ,1994,1,Human,1
NJ,1994,2,Human,31
NJ,1994,3,Human,69
NJ,1994,4,Human,440
NJ,1994,4,Natural,3
NJ,1994,5,Human,182
NJ,1994,5,Natural,2
NJ,1994,6,Human,209
NJ,1994,6,Natural,3
NJ,1994,7,Human,56
NJ,1994,8,Human,13
NJ,1994,9,Human,40
NJ,1994,10,Human,97
NJ,1994,11,Human,143
NJ,1994,12,Human,37
NJ,1995,1,Human,44
NJ,1995,2,Human,44
NJ,1995,3,Human,336
NJ,1995,3,Missing data/not specified/undetermined,2
NJ,1995,4,Human,541
NJ,1995,4,Natural,2
NJ,1995,5,Human,174
NJ,1995,5,Missing data/not specified/undetermined,1
NJ,1995,6,Human,59
NJ,1995,6,Natural,1
NJ,1995,7,Human,63
NJ,1995,7,Natural,4
NJ,1995,8,Human,266
NJ,1995,8,Natural,1
NJ,1995,9,Human,222
NJ,1995,9,Missing data/not specified/undetermined,1
NJ,1995,10,Human,23
NJ,1995,11,Human,17
NJ,1995,12,Human,16
NJ,1996,1,Human,1
NJ,1996,2,Human,55
NJ,1996,3,Human,139
NJ,1996,4,Human,232
NJ,1996,4,Missing data/not specified/undetermined,1
NJ,1996,5,Human,99
NJ,1996,5,Natural,1
NJ,1996,6,Human,83
NJ,1996,6,Natural,1
NJ,1996,7,Human,24
NJ,1996,8,Human,15
NJ,1996,9,Human,19
NJ,1996,10,Human,26
NJ,1996,11,Human,68
NJ,1996,12,Human,4
NJ,1997,1,Human,29
NJ,1997,2,Human,70
NJ,1997,3,Human,144
NJ,1997,4,Human,275
NJ,1997,5,Human,179
NJ,1997,5,Missing data/not specified/undetermined,3
NJ,1997,5,Natural,1
NJ,1997,6,Human,149
NJ,1997,6,Missing data/not specified/undetermined,2
NJ,1997,6,Natural,1
NJ,1997,7,Human,324
NJ,1997,7,Missing data/not specified/undetermined,4
NJ,1997,7,Natural,15
NJ,1997,8,Human,52
NJ,1997,8,Natural,4
NJ,1997,9,Human,29
NJ,1997,9,Natural,2
NJ,1997,10,Human,51
NJ,1997,11,Human,21
NJ,1997,12,Human,28
NJ,1998,1,Human,14
NJ,1998,2,Human,42
NJ,1998,3,Human,175
NJ,1998,4,Human,207
NJ,1998,4,Natural,1
NJ,1998,5,Human,101
NJ,1998,6,Human,69
NJ,1998,6,Natural,4
NJ,1998,7,Human,123
NJ,1998,7,Natural,2
NJ,1998,8,Human,113
NJ,1998,8,Natural,2
NJ,1998,9,Human,70
NJ,1998,9,Natural,1
NJ,1998,10,Human,126
NJ,1998,11,Human,173
NJ,1998,12,Human,89
NJ,1999,1,Human,25
NJ,1999,2,Human,57
NJ,1999,3,Human,205
NJ,1999,4,Human,289
NJ,1999,5,Human,210
NJ,1999,6,Human,173
NJ,1999,7,Human,359
NJ,1999,7,Natural,10
NJ,1999,8,Human,221
NJ,1999,8,Natural,10
NJ,1999,9,Human,22
NJ,1999,10,Human,19
NJ,1999,11,Human,126
NJ,1999,12,Human,32
NJ,2000,1,Human,32
NJ,2000,2,Human,30
NJ,2000,3,Human,194
NJ,2000,3,Natural,3
NJ,2000,4,Human,153
NJ,2000,4,Natural,1
NJ,2000,5,Human,134
NJ,2000,5,Natural,3
NJ,2000,6,Human,40
NJ,2000,6,Natural,1
NJ,2000,7,Human,60
NJ,2000,7,Natural,2
NJ,2000,8,Human,17
NJ,2000,9,Human,14
NJ,2000,10,Human,109
NJ,2000,11,Human,158
NJ,2000,12,Human,21
NJ,2001,1,Human,3
NJ,2001,2,Human,49
NJ,2001,2,Missing data/not specified/undetermined,1
NJ,2001,3,Human,87
NJ,2001,4,Human,213
NJ,2001,4,Missing data/not specified/undetermined,1
NJ,2001,4,Natural,2
NJ,2001,5,Human,322
NJ,2001,5,Missing data/not specified/undetermined,1
NJ,2001,6,Human,78
NJ,2001,7,Human,101
NJ,2001,7,Natural,1
NJ,2001,8,Human,70
NJ,2001,8,Natural,4
NJ,2001,9,Human,51
NJ,2001,9,Natural,1
NJ,2001,10,Human,173
NJ,2001,11,Human,362
NJ,2001,11,Missing data/not specified/undetermined,1
NJ,2001,12,Human,50
NJ,2002,1,Human,58
NJ,2002,2,Human,165
NJ,2002,2,Missing data/not specified/undetermined,1
NJ,2002,3,Human,201
NJ,2002,3,Missing data/not specified/undetermined,3
NJ,2002,4,Human,231
NJ,2002,4,Natural,10
NJ,2002,5,Human,137
NJ,2002,5,Missing data/not specified/undetermined,1
NJ,2002,6,Human,60
NJ,2002,6,Natural,1
NJ,2002,7,Human,195
NJ,2002,7,Natural,3
NJ,2002,8,Human,219
NJ,2002,8,Natural,13
NJ,2002,9,Human,82
NJ,2002,10,Human,14
NJ,2002,11,Human,13
NJ,2002,12,Human,12
NJ,2003,1,Human,18
NJ,2003,2,Human,2
NJ,2003,3,Human,77
NJ,2003,4,Human,251
NJ,2003,5,Human,101
NJ,2003,6,Human,32
NJ,2003,7,Human,50
NJ,2003,7,Natural,1
NJ,2003,8,Human,51
NJ,2003,8,Natural,1
NJ,2003,9,Human,19
NJ,2003,10,Human,36
NJ,2003,11,Human,58
NJ,2003,11,Missing data/not specified/undetermined,1
NJ,2003,12,Human,20
NJ,2004,1,Human,6
NJ,2004,2,Human,68
NJ,2004,3,Human,140
NJ,2004,4,Human,195
NJ,2004,4,Missing data/not specified/undetermined,1
NJ,2004,5,Human,78
NJ,2004,5,Natural,1
NJ,2004,6,Human,66
NJ,2004,6,Natural,1
NJ,2004,7,Human,95
NJ,2004,7,Natural,1
NJ,2004,8,Human,20
NJ,2004,9,Human,29
NJ,2004,10,Human,27
NJ,2004,11,Human,124
NJ,2004,12,Human,12
NJ,2005,1,Human,9
NJ,2005,2,Human,21
NJ,2005,3,Human,66
NJ,2005,4,Human,407
NJ,2005,5,Human,144
NJ,2005,5,Natural,3
NJ,2005,6,Human,95
NJ,2005,6,Natural,2
NJ,2005,7,Human,35
NJ,2005,8,Human,51
NJ,2005,8,Natural,2
NJ,2005,9,Human,185
NJ,2005,10,Human,54
NJ,2005,11,Human,115
NJ,2005,12,Human,11
NJ,2006,1,Human,29
NJ,2006,2,Human,110
NJ,2006,3,Human,468
NJ,2006,3,Natural,1
NJ,2006,4,Human,366
NJ,2006,4,Missing data/not specified/undetermined,1
NJ,2006,5,Human,187
NJ,2006,5,Natural,2
NJ,2006,6,Human,54
NJ,2006,6,Natural,2
NJ,2006,7,Human,35
NJ,2006,8,Human,129
NJ,2006,8,Natural,2
NJ,2006,9,Human,23
NJ,2006,10,Human,30
NJ,2006,11,Human,31
NJ,2006,12,Human,104
NJ,2006,12,Missing data/not specified/undetermined,2
NJ,2007,1,Human,22
NJ,2007,2,Human,50
NJ,2007,3,Human,184
NJ,2007,3,Natural,1
NJ,2007,4,Human,228
NJ,2007,4,Natural,1
NJ,2007,5,Human,257
NJ,2007,6,Human,76
NJ,2007,6,Natural,2
NJ,2007,7,Human,94
NJ,2007,7,Natural,6
NJ,2007,8,Human,22
NJ,2007,8,Missing data/not specified/undetermined,1
NJ,2007,8,Natural,2
NJ,2007,9,Human,81
NJ,2007,10,Human,62
NJ,2007,10,Natural,1
NJ,2007,11,Human,26
NJ,2007,12,Human,5
NJ,2008,1,Human,41
NJ,2008,2,Human,22
NJ,2008,3,Human,244
NJ,2008,4,Human,296
NJ,2008,4,Missing data/not specified/undetermined,1
NJ,2008,4,Natural,1
NJ,2008,5,Human,101
NJ,2008,5,Natural,1
NJ,2008,6,Human,93
NJ,2008,6,Natural,7
NJ,2008,7,Human,110
NJ,2008,7,Natural,1
NJ,2008,8,Human,90
NJ,2008,8,Natural,4
NJ,2008,9,Human,60
NJ,2008,10,Human,114
NJ,2008,10,Natural,1
NJ,2008,11,Human,43
NJ,2008,12,Human,19
NJ,2009,1,Human,41
NJ,2009,2,Human,89
NJ,2009,2,Missing data/not specified/undetermined,1
NJ,2009,3,Human,186
NJ,2009,3,Missing data/not specified/undetermined,1
NJ,2009,4,Human,206
NJ,2009,5,Human,69
NJ,2009,5,Natural,1
NJ,2009,6,Human,16
NJ,2009,7,Human,46
NJ,2009,7,Natural,1
NJ,2009,8,Human,14
NJ,2009,9,Human,18
NJ,2009,10,Human,22
NJ,2009,11,Human,57
NJ,2009,12,Human,12
NJ,2010,1,Human,25
NJ,2010,2,Human,9
NJ,2010,3,Human,95
NJ,2010,3,Missing data/not specified/undetermined,2
NJ,2010,4,Human,276
NJ,2010,5,Human,124
NJ,2010,6,Human,127
NJ,2010,6,Missing data/not specified/undetermined,1
NJ,2010,6,Natural,4
NJ,2010,7,Human,225
NJ,2010,7,Missing data/not specified/undetermined,1
NJ,2010,7,Natural,7
NJ,2010,8,Human,159
NJ,2010,9,Human,173
NJ,2010,9,Natural,1
NJ,2010,10,Human,23
NJ,2010,11,Human,127
NJ,2010,12,Human,81
NJ,2011,2,Human,89
NJ,2011,3,Human,90
NJ,2011,4,Human,100
NJ,2011,4,Natural,1
NJ,2011,5,Human,64
NJ,2011,6,Human,93
NJ,2011,6,Natural,5
NJ,2011,7,Human,97
NJ,2011,7,Natural,1
NJ,2011,8,Human,29
NJ,2011,8,Natural,1
NJ,2011,9,Human,2
NJ,2011,10,Human,15
NJ,2011,11,Human,73
NJ,2011,12,Human,43
NJ,2012,1,Human,61
NJ,2012,1,Missing data/not specified/undetermined,2
NJ,2012,2,Human,106
NJ,2012,2,Missing data/not specified/undetermined,3
NJ,2012,3,Human,211
NJ,2012,3,Missing data/not specified/undetermined,2
NJ,2012,4,Human,356
NJ,2012,4,Missing data/not specified/undetermined,1
NJ,2012,5,Human,42
NJ,2012,5,Missing data/not specified/undetermined,2
NJ,2012,6,Human,49
NJ,2012,6,Natural,6
NJ,2012,7,Human,87
NJ,2012,7,Natural,5
NJ,2012,8,Human,20
NJ,2012,9,Human,31
NJ,2012,10,Human,16
NJ,2012,11,Human,65
NJ,2012,11,Missing data/not specified/undetermined,1
NJ,2012,12,Human,18
NJ,2013,1,Human,27
NJ,2013,2,Human,15
NJ,2013,3,Human,88
NJ,2013,4,Human,330
NJ,2013,5,Human,90
NJ,2013,6,Human,26
NJ,2013,7,Human,33
NJ,2013,7,Natural,3
NJ,2013,8,Human,27
NJ,2013,9,Human,51
NJ,2013,10,Human,81
NJ,2013,11,Human,200
NJ,2013,12,Human,17
NJ,2014,1,Human,11
NJ,2014,2,Human,10
NJ,2014,3,Human,148
NJ,2014,4,Human,333
NJ,2014,4,Missing data/not specified/undetermined,1
NJ,2014,5,Human,105
NJ,2014,6,Human,46
NJ,2014,6,Natural,1
NJ,2014,7,Human,40
NJ,2014,7,Natural,3
NJ,2014,8,Human,54
NJ,2014,9,Human,21
NJ,2014,10,Human,31
NJ,2014,10,Natural,1
NJ,2014,11,Human,107
NJ,2014,12,Human,16
NJ,2015,1,Human,16
NJ,2015,2,Human,25
NJ,2015,3,Human,67
NJ,2015,3,Natural,1
NJ,2015,4,Human,271
NJ,2015,4,Natural,2
NJ,2015,5,Human,257
NJ,2015,6,Human,16
NJ,2015,6,Natural,1
NJ,2015,7,Human,32
NJ,2015,7,Natural,1
NJ,2015,8,Human,71
NJ,2015,8,Natural,5
NJ,2015,9,Human,117
NJ,2015,9,Natural,1
NJ,2015,10,Human,43
NJ,2015,11,Human,91
NJ,2015,12,Human,30
NJ,2016,1,Human,31
NJ,2016,2,Human,60
NJ,2016,3,Human,218
NJ,2016,4,Human,236
NJ,2016,4,Natural,1
NJ,2016,5,Human,71
NJ,2016,6,Human,122
NJ,2016,7,Human,31
NJ,2016,7,Natural,1
NJ,2016,8,Human,43
NJ,2016,9,Human,64
NJ,2016,10,Human,36
NJ,2016,10,Natural,2
NJ,2016,11,Human,116
NJ,2016,12,Human,18
NJ,2017,1,Human,11
NJ,2017,2,Human,100
NJ,2017,2,Natural,1
NJ,2017,3,Human,128
NJ,2017,4,Human,145
NJ,2017,5,Human,69
NJ,2017,5,Natural,1
NJ,2017,6,Human,56
NJ,2017,6,Natural,1
NJ,2017,7,Human,40
NJ,2017,7,Missing data/not specified/undetermined,1
NJ,2017,7,Natural,2
NJ,2017,8,Human,20
NJ,2017,8,Natural,2
NJ,2017,9,Human,19
NJ,2017,10,Human,49
NJ,2017,10,Missing data/not specified/undetermined,1
NJ,2017,11,Human,41
NJ,2017,12,Human,26
NJ,2018,1,Human,31
NJ,2018,2,Human,22
NJ,2018,3,Human,45
NJ,2018,4,Human,169
NJ,2018,5,Human,117
NJ,2018,6,Human,29
NJ,2018,7,Human,88
NJ,2018,7,Natural,1
NJ,2018,8,Human,28
NJ,2018,8,Natural,1
NJ,2018,9,Human,6
NJ,2018,10,Human,11
NJ,2018,11,Human,14
NJ,2018,12,Human,17
NJ,2019,1,Human,11
NJ,2019,2,Human,62
NJ,2019,3,Human,131
NJ,2019,4,Human,149
NJ,2019,5,Human,40
NJ,2019,5,Natural,1
NJ,2019,6,Human,22
NJ,2019,6,Natural,1
NJ,2019,7,Human,29
NJ,2019,7,Natural,1
NJ,2019,8,Human,30
NJ,2019,9,Human,54
NJ,2019,9,Natural,1
NJ,2019,10,Human,49
NJ,2019,11,Human,86
NJ,2019,12,Human,10
NJ,2020,1,Human,37
NJ,2020,2,Human,75
NJ,2020,3,Human,148
NJ,2020,4,Human,153
NJ,2020,4,Natural,3
NJ,2020,5,Human,210
NJ,2020,6,Human,103
NJ,2020,6,Natural,4
NJ,2020,7,Human,90
NJ,2020,7,Natural,4
NJ,2020,8,Human,23
NJ,2020,8,Natural,1
NJ,2020,9,Human,32
NJ,2020,10,Human,28
NJ,2020,10,Missing data/not specified/undetermined,1
NJ,2020,11,Human,76
NJ,2020,12,Human,33
NM,1992,1,Human,2
NM,1992,2,Human,38
NM,1992,2,Missing data/not specified/undetermined,14
NM,1992,2,Natural,2
NM,1992,3,Human,91
NM,1992,3,Missing data/not specified/undetermined,17
NM,1992,3,Natural,2
NM,1992,4,Human,87
NM,1992,4,Missing data/not specified/undetermined,8
NM,1992,4,Natural,12
NM,1992,5,Human,33
NM,1992,5,Missing data/not specified/undetermined,7
NM,1992,5,Natural,47
NM,1992,6,Human,49
NM,1992,6,Missing data/not specified/undetermined,14
NM,1992,6,Natural,58
NM,1992,7,Human,42
NM,1992,7,Missing data/not specified/undetermined,24
NM,1992,7,Natural,151
NM,1992,8,Human,23
NM,1992,8,Missing data/not specified/undetermined,8
NM,1992,8,Natural,105
NM,1992,9,Human,22
NM,1992,9,Missing data/not specified/undetermined,5
NM,1992,9,Natural,31
NM,1992,10,Human,38
NM,1992,10,Missing data/not specified/undetermined,16
NM,1992,10,Natural,12
NM,1992,11,Human,9
NM,1992,11,Missing data/not specified/undetermined,6
NM,1992,12,Human,3
NM,1992,12,Missing data/not specified/undetermined,1
NM,1993,1,Human,4
NM,1993,1,Missing data/not specified/undetermined,6
NM,1993,2,Human,28
NM,1993,2,Missing data/not specified/undetermined,19
NM,1993,3,Human,96
NM,1993,3,Missing data/not specified/undetermined,38
NM,1993,3,Natural,4
NM,1993,4,Human,107
NM,1993,4,Missing data/not specified/undetermined,31
NM,1993,4,Natural,15
NM,1993,5,Human,51
NM,1993,5,Missing data/not specified/undetermined,35
NM,1993,5,Natural,202
NM,1993,6,Human,83
NM,1993,6,Missing data/not specified/undetermined,39
NM,1993,6,Natural,182
NM,1993,7,Human,99
NM,1993,7,Missing data/not specified/undetermined,227
NM,1993,7,Natural,143
NM,1993,8,Human,20
NM,1993,8,Missing data/not specified/undetermined,31
NM,1993,8,Natural,123
NM,1993,9,Human,18
NM,1993,9,Missing data/not specified/undetermined,22
NM,1993,9,Natural,10
NM,1993,10,Human,20
NM,1993,10,Missing data/not specified/undetermined,21
NM,1993,10,Natural,8
NM,1993,11,Human,9
NM,1993,11,Missing data/not specified/undetermined,43
NM,1993,11,Natural,1
NM,1993,12,Human,17
NM,1993,12,Missing data/not specified/undetermined,56
NM,1994,1,Human,33
NM,1994,1,Missing data/not specified/undetermined,68
NM,1994,1,Natural,1
NM,1994,2,Human,27
NM,1994,2,Missing data/not specified/undetermined,110
NM,1994,3,Human,45
NM,1994,3,Missing data/not specified/undetermined,135
NM,1994,3,Natural,2
NM,1994,4,Human,77
NM,1994,4,Missing data/not specified/undetermined,137
NM,1994,4,Natural,53
NM,1994,5,Human,57
NM,1994,5,Missing data/not specified/undetermined,50
NM,1994,5,Natural,93
NM,1994,6,Human,67
NM,1994,6,Missing data/not specified/undetermined,154
NM,1994,6,Natural,303
NM,1994,7,Human,114
NM,1994,7,Missing data/not specified/undetermined,283
NM,1994,7,Natural,451
NM,1994,8,Human,17
NM,1994,8,Missing data/not specified/undetermined,67
NM,1994,8,Natural,185
NM,1994,9,Human,9
NM,1994,9,Missing data/not specified/undetermined,20
NM,1994,9,Natural,27
NM,1994,10,Human,7
NM,1994,10,Missing data/not specified/undetermined,13
NM,1994,10,Natural,10
NM,1994,11,Human,10
NM,1994,11,Missing data/not specified/undetermined,12
NM,1994,11,Natural,1
NM,1994,12,Human,3
NM,1994,12,Missing data/not specified/undetermined,27
NM,1995,1,Human,6
NM,1995,1,Missing data/not specified/undetermined,16
NM,1995,2,Human,23
NM,1995,2,Missing data/not specified/undetermined,43
NM,1995,3,Human,45
NM,1995,3,Missing data/not specified/undetermined,52
NM,1995,3,Natural,2
NM,1995,4,Human,66
NM,1995,4,Missing data/not specified/undetermined,82
NM,1995,4,Natural,4
NM,1995,5,Human,78
NM,1995,5,Missing data/not specified/undetermined,76
NM,1995,5,Natural,26
NM,1995,6,Human,105
NM,1995,6,Missing data/not specified/undetermined,95
NM,1995,6,Natural,202
NM,1995,7,Human,95
NM,1995,7,Missing data/not specified/undetermined,84
NM,1995,7,Natural,98
NM,1995,8,Human,43
NM,1995,8,Missing data/not specified/undetermined,37
NM,1995,8,Natural,167
NM,1995,9,Human,18
NM,1995,9,Missing data/not specified/undetermined,7
NM,1995,9,Natural,36
NM,1995,10,Human,46
NM,1995,10,Missing data/not specified/undetermined,26
NM,1995,10,Natural,1
NM,1995,11,Human,33
NM,1995,11,Missing data/not specified/undetermined,23
NM,1995,12,Human,9
NM,1995,12,Missing data/not specified/undetermined,20
NM,1995,12,Natural,1
NM,1996,1,Human,14
NM,1996,1,Missing data/not specified/undetermined,33
NM,1996,2,Human,50
NM,1996,2,Missing data/not specified/undetermined,43
NM,1996,3,Human,70
NM,1996,3,Missing data/not specified/undetermined,103
NM,1996,3,Natural,1
NM,1996,4,Human,112
NM,1996,4,Missing data/not specified/undetermined,133
NM,1996,4,Natural,5
NM,1996,5,Human,104
NM,1996,5,Missing data/not specified/undetermined,131
NM,1996,5,Natural,4
NM,1996,6,Human,62
NM,1996,6,Missing data/not specified/undetermined,192
NM,1996,6,Natural,383
NM,1996,7,Human,21
NM,1996,7,Missing data/not specified/undetermined,47
NM,1996,7,Natural,242
NM,1996,8,Human,15
NM,1996,8,Missing data/not specified/undetermined,38
NM,1996,8,Natural,121
NM,1996,9,Human,7
NM,1996,9,Missing data/not specified/undetermined,10
NM,1996,9,Natural,18
NM,1996,10,Human,10
NM,1996,10,Missing data/not specified/undetermined,10
NM,1996,10,Natural,13
NM,1996,11,Human,11
NM,1996,11,Missing data/not specified/undetermined,28
NM,1996,11,Natural,3
NM,1996,12,Human,10
NM,1996,12,Missing data/not specified/undetermined,57
NM,1997,1,Human,6
NM,1997,1,Missing data/not specified/undetermined,32
NM,1997,2,Human,33
NM,1997,2,Missing data/not specified/undetermined,22
NM,1997,3,Human,42
NM,1997,3,Missing data/not specified/undetermined,115
NM,1997,4,Human,32
NM,1997,4,Missing data/not specified/undetermined,55
NM,1997,4,Natural,5
NM,1997,5,Human,50
NM,1997,5,Missing data/not specified/undetermined,39
NM,1997,5,Natural,130
NM,1997,6,Human,49
NM,1997,6,Missing data/not specified/undetermined,68
NM,1997,6,Natural,95
NM,1997,7,Human,80
NM,1997,7,Missing data/not specified/undetermined,96
NM,1997,7,Natural,205
NM,1997,8,Human,11
NM,1997,8,Missing data/not specified/undetermined,28
NM,1997,8,Natural,43
NM,1997,9,Human,14
NM,1997,9,Missing data/not specified/undetermined,20
NM,1997,9,Natural,18
NM,1997,10,Human,20
NM,1997,10,Missing data/not specified/undetermined,13
NM,1997,10,Natural,6
NM,1997,11,Human,7
NM,1997,11,Missing data/not specified/undetermined,20
NM,1997,11,Natural,1
NM,1997,12,Human,3
NM,1997,12,Missing data/not specified/undetermined,21
NM,1997,12,Natural,1
NM,1998,1,Human,13
NM,1998,1,Missing data/not specified/undetermined,26
NM,1998,1,Natural,1
NM,1998,2,Human,15
NM,1998,2,Missing data/not specified/undetermined,21
NM,1998,3,Human,57
NM,1998,3,Missing data/not specified/undetermined,57
NM,1998,3,Natural,1
NM,1998,4,Human,62
NM,1998,4,Missing data/not specified/undetermined,45
NM,1998,4,Natural,3
NM,1998,5,Human,98
NM,1998,5,Missing data/not specified/undetermined,36
NM,1998,5,Natural,10
NM,1998,6,Human,109
NM,1998,6,Missing data/not specified/undetermined,107
NM,1998,6,Natural,11
NM,1998,7,Human,54
NM,1998,7,Missing data/not specified/undetermined,146
NM,1998,7,Natural,224
NM,1998,8,Human,8
NM,1998,8,Missing data/not specified/undetermined,16
NM,1998,8,Natural,68
NM,1998,9,Human,6
NM,1998,9,Missing data/not specified/undetermined,15
NM,1998,9,Natural,16
NM,1998,10,Human,20
NM,1998,10,Missing data/not specified/undetermined,8
NM,1998,10,Natural,16
NM,1998,11,Human,4
NM,1998,11,Missing data/not specified/undetermined,6
NM,1998,12,Human,4
NM,1998,12,Missing data/not specified/undetermined,11
NM,1999,1,Human,22
NM,1999,1,Missing data/not specified/undetermined,17
NM,1999,2,Human,48
NM,1999,2,Missing data/not specified/undetermined,23
NM,1999,2,Natural,1
NM,1999,3,Human,61
NM,1999,3,Missing data/not specified/undetermined,31
NM,1999,3,Natural,3
NM,1999,4,Human,89
NM,1999,4,Missing data/not specified/undetermined,40
NM,1999,4,Natural,9
NM,1999,5,Human,52
NM,1999,5,Missing data/not specified/undetermined,22
NM,1999,5,Natural,93
NM,1999,6,Human,55
NM,1999,6,Missing data/not specified/undetermined,24
NM,1999,6,Natural,195
NM,1999,7,Human,20
NM,1999,7,Missing data/not specified/undetermined,39
NM,1999,7,Natural,131
NM,1999,8,Human,9
NM,1999,8,Missing data/not specified/undetermined,14
NM,1999,8,Natural,29
NM,1999,9,Human,31
NM,1999,9,Missing data/not specified/undetermined,13
NM,1999,9,Natural,8
NM,1999,10,Human,15
NM,1999,10,Missing data/not specified/undetermined,23
NM,1999,10,Natural,2
NM,1999,11,Human,40
NM,1999,11,Missing data/not specified/undetermined,40
NM,1999,11,Natural,2
NM,1999,12,Human,13
NM,1999,12,Missing data/not specified/undetermined,17
NM,2000,1,Human,73
NM,2000,1,Missing data/not specified/undetermined,1
NM,2000,2,Human,155
NM,2000,2,Missing data/not specified/undetermined,1
NM,2000,2,Natural,7
NM,2000,3,Human,166
NM,2000,3,Natural,5
NM,2000,4,Human,197
NM,2000,4,Missing data/not specified/undetermined,1
NM,2000,4,Natural,28
NM,2000,5,Human,247
NM,2000,5,Missing data/not specified/undetermined,2
NM,2000,5,Natural,77
NM,2000,6,Human,113
NM,2000,6,Missing data/not specified/undetermined,2
NM,2000,6,Natural,383
NM,2000,7,Human,60
NM,2000,7,Natural,516
NM,2000,8,Human,49
NM,2000,8,Natural,427
NM,2000,9,Human,68
NM,2000,9,Missing data/not specified/undetermined,2
NM,2000,9,Natural,136
NM,2000,10,Human,33
NM,2000,10,Natural,25
NM,2000,11,Human,7
NM,2000,11,Natural,1
NM,2000,12,Human,15
NM,2001,1,Human,9
NM,2001,1,Natural,1
NM,2001,2,Human,19
NM,2001,2,Missing data/not specified/undetermined,1
NM,2001,3,Human,56
NM,2001,3,Missing data/not specified/undetermined,1
NM,2001,3,Natural,1
NM,2001,4,Human,90
NM,2001,4,Natural,24
NM,2001,5,Human,93
NM,2001,5,Natural,99
NM,2001,6,Human,137
NM,2001,6,Natural,287
NM,2001,7,Human,91
NM,2001,7,Natural,404
NM,2001,8,Human,29
NM,2001,8,Natural,157
NM,2001,9,Human,27
NM,2001,9,Natural,44
NM,2001,10,Human,47
NM,2001,10,Natural,27
NM,2001,11,Human,25
NM,2001,11,Natural,3
NM,2001,12,Human,28
NM,2002,1,Human,47
NM,2002,1,Missing data/not specified/undetermined,1
NM,2002,1,Natural,1
NM,2002,2,Human,61
NM,2002,2,Natural,1
NM,2002,3,Human,188
NM,2002,3,Missing data/not specified/undetermined,1
NM,2002,3,Natural,6
NM,2002,4,Human,185
NM,2002,4,Natural,27
NM,2002,5,Human,136
NM,2002,5,Missing data/not specified/undetermined,2
NM,2002,5,Natural,75
NM,2002,6,Human,122
NM,2002,6,Missing data/not specified/undetermined,4
NM,2002,6,Natural,313
NM,2002,7,Human,56
NM,2002,7,Missing data/not specified/undetermined,1
NM,2002,7,Natural,500
NM,2002,8,Human,31
NM,2002,8,Natural,203
NM,2002,9,Human,25
NM,2002,9,Natural,41
NM,2002,10,Human,11
NM,2002,10,Natural,11
NM,2002,11,Human,16
NM,2002,12,Human,7
NM,2003,1,Human,31
NM,2003,2,Human,32
NM,2003,3,Human,59
NM,2003,3,Natural,1
NM,2003,4,Human,83
NM,2003,4,Missing data/not specified/undetermined,2
NM,2003,4,Natural,11
NM,2003,5,Human,92
NM,2003,5,Missing data/not specified/undetermined,1
NM,2003,5,Natural,159
NM,2003,6,Human,81
NM,2003,6,Missing data/not specified/undetermined,1
NM,2003,6,Natural,277
NM,2003,7,Human,97
NM,2003,7,Missing data/not specified/undetermined,1
NM,2003,7,Natural,531
NM,2003,8,Human,28
NM,2003,8,Missing data/not specified/undetermined,1
NM,2003,8,Natural,340
NM,2003,9,Human,10
NM,2003,9,Natural,43
NM,2003,10,Human,24
NM,2003,10,Natural,10
NM,2003,11,Human,26
NM,2003,12,Human,29
NM,2004,1,Human,23
NM,2004,1,Missing data/not specified/undetermined,1
NM,2004,2,Human,12
NM,2004,3,Human,58
NM,2004,3,Natural,2
NM,2004,4,Human,28
NM,2004,4,Natural,14
NM,2004,5,Human,65
NM,2004,5,Natural,14
NM,2004,6,Human,133
NM,2004,6,Natural,214
NM,2004,7,Human,62
NM,2004,7,Natural,338
NM,2004,8,Human,13
NM,2004,8,Natural,162
NM,2004,9,Human,28
NM,2004,9,Natural,19
NM,2004,10,Human,12
NM,2004,10,Natural,19
NM,2004,11,Human,6
NM,2004,12,Human,6
NM,2005,1,Human,13
NM,2005,2,Human,5
NM,2005,3,Human,42
NM,2005,3,Natural,2
NM,2005,4,Human,79
NM,2005,4,Natural,14
NM,2005,5,Human,73
NM,2005,5,Natural,59
NM,2005,6,Human,180
NM,2005,6,Missing data/not specified/undetermined,2
NM,2005,6,Natural,152
NM,2005,7,Human,181
NM,2005,7,Natural,457
NM,2005,8,Human,43
NM,2005,8,Natural,115
NM,2005,9,Human,21
NM,2005,9,Natural,45
NM,2005,10,Human,8
NM,2005,10,Natural,10
NM,2005,11,Human,28
NM,2005,11,Natural,3
NM,2005,12,Human,48
NM,2005,12,Natural,2
NM,2006,1,Human,97
NM,2006,1,Natural,1
NM,2006,2,Human,132
NM,2006,2,Natural,5
NM,2006,3,Human,130
NM,2006,3,Missing data/not specified/undetermined,2
NM,2006,3,Natural,4
NM,2006,4,Human,149
NM,2006,4,Natural,39
NM,2006,5,Human,147
NM,2006,5,Missing data/not specified/undetermined,1
NM,2006,5,Natural,201
NM,2006,6,Human,142
NM,2006,6,Natural,386
NM,2006,7,Human,32
NM,2006,7,Natural,402
NM,2006,8,Human,5
NM,2006,8,Natural,32
NM,2006,9,Human,5
NM,2006,9,Natural,8
NM,2006,10,Human,18
NM,2006,10,Natural,1
NM,2006,11,Human,34
NM,2006,12,Human,22
NM,2006,12,Natural,1
NM,2007,1,Human,12
NM,2007,1,Missing data/not specified/undetermined,1
NM,2007,2,Human,72
NM,2007,2,Missing data/not specified/undetermined,4
NM,2007,2,Natural,3
NM,2007,3,Human,139
NM,2007,3,Missing data/not specified/undetermined,14
NM,2007,3,Natural,18
NM,2007,4,Human,64
NM,2007,4,Missing data/not specified/undetermined,5
NM,2007,4,Natural,12
NM,2007,5,Human,19
NM,2007,5,Missing data/not specified/undetermined,1
NM,2007,5,Natural,78
NM,2007,6,Human,86
NM,2007,6,Missing data/not specified/undetermined,6
NM,2007,6,Natural,207
NM,2007,7,Human,53
NM,2007,7,Missing data/not specified/undetermined,4
NM,2007,7,Natural,259
NM,2007,8,Human,27
NM,2007,8,Missing data/not specified/undetermined,3
NM,2007,8,Natural,136
NM,2007,9,Human,29
NM,2007,9,Missing data/not specified/undetermined,2
NM,2007,9,Natural,49
NM,2007,10,Human,30
NM,2007,10,Missing data/not specified/undetermined,6
NM,2007,10,Natural,18
NM,2007,11,Human,45
NM,2007,11,Missing data/not specified/undetermined,4
NM,2007,11,Natural,1
NM,2007,12,Human,17
NM,2008,1,Human,40
NM,2008,1,Missing data/not specified/undetermined,3
NM,2008,2,Human,42
NM,2008,2,Missing data/not specified/undetermined,2
NM,2008,3,Human,97
NM,2008,3,Missing data/not specified/undetermined,1
NM,2008,4,Human,99
NM,2008,4,Missing data/not specified/undetermined,1
NM,2008,4,Natural,2
NM,2008,5,Human,65
NM,2008,5,Missing data/not specified/undetermined,2
NM,2008,5,Natural,21
NM,2008,6,Human,87
NM,2008,6,Missing data/not specified/undetermined,3
NM,2008,6,Natural,136
NM,2008,7,Human,20
NM,2008,7,Natural,133
NM,2008,8,Human,4
NM,2008,8,Natural,46
NM,2008,9,Human,5
NM,2008,9,Natural,12
NM,2008,10,Human,7
NM,2008,10,Natural,3
NM,2008,11,Human,17
NM,2008,11,Natural,2
NM,2008,12,Human,14
NM,2009,1,Human,53
NM,2009,1,Missing data/not specified/undetermined,1
NM,2009,2,Human,93
NM,2009,2,Missing data/not specified/undetermined,1
NM,2009,2,Natural,1
NM,2009,3,Human,137
NM,2009,3,Natural,6
NM,2009,4,Human,129
NM,2009,4,Natural,28
NM,2009,5,Human,112
NM,2009,5,Natural,87
NM,2009,6,Human,61
NM,2009,6,Natural,117
NM,2009,7,Human,47
NM,2009,7,Natural,267
NM,2009,8,Human,36
NM,2009,8,Natural,98
NM,2009,9,Human,15
NM,2009,9,Missing data/not specified/undetermined,1
NM,2009,9,Natural,99
NM,2009,10,Human,15
NM,2009,10,Natural,10
NM,2009,11,Human,23
NM,2009,12,Human,9
NM,2010,1,Human,13
NM,2010,2,Human,15
NM,2010,3,Human,75
NM,2010,3,Missing data/not specified/undetermined,2
NM,2010,3,Natural,1
NM,2010,4,Human,95
NM,2010,4,Natural,11
NM,2010,5,Human,108
NM,2010,5,Natural,38
NM,2010,6,Human,111
NM,2010,6,Natural,177
NM,2010,7,Human,39
NM,2010,7,Natural,154
NM,2010,8,Human,17
NM,2010,8,Natural,81
NM,2010,9,Human,23
NM,2010,9,Natural,27
NM,2010,10,Human,33
NM,2010,10,Natural,23
NM,2010,11,Human,46
NM,2010,11,Natural,1
NM,2010,12,Human,46
NM,2011,1,Human,38
NM,2011,2,Human,80
NM,2011,3,Human,216
NM,2011,3,Missing data/not specified/undetermined,3
NM,2011,3,Natural,3
NM,2011,4,Human,253
NM,2011,4,Missing data/not specified/undetermined,1
NM,2011,4,Natural,1
NM,2011,5,Human,238
NM,2011,5,Missing data/not specified/undetermined,3
NM,2011,5,Natural,13
NM,2011,6,Human,219
NM,2011,6,Missing data/not specified/undetermined,1
NM,2011,6,Natural,97
NM,2011,7,Human,82
NM,2011,7,Natural,484
NM,2011,8,Human,34
NM,2011,8,Natural,317
NM,2011,9,Human,23
NM,2011,9,Natural,45
NM,2011,10,Human,21
NM,2011,10,Natural,3
NM,2011,11,Human,17
NM,2011,12,Human,4
NM,2012,1,Human,19
NM,2012,1,Missing data/not specified/undetermined,1
NM,2012,2,Human,25
NM,2012,2,Natural,1
NM,2012,3,Human,117
NM,2012,3,Missing data/not specified/undetermined,1
NM,2012,3,Natural,2
NM,2012,4,Human,76
NM,2012,4,Natural,29
NM,2012,5,Human,87
NM,2012,5,Natural,28
NM,2012,6,Human,127
NM,2012,6,Natural,123
NM,2012,7,Human,43
NM,2012,7,Natural,236
NM,2012,8,Human,21
NM,2012,8,Natural,128
NM,2012,9,Human,18
NM,2012,9,Natural,23
NM,2012,10,Human,26
NM,2012,10,Natural,18
NM,2012,11,Human,12
NM,2012,11,Natural,1
NM,2012,12,Human,11
NM,2012,12,Natural,1
NM,2013,1,Human,13
NM,2013,2,Human,22
NM,2013,2,Natural,1
NM,2013,3,Human,121
NM,2013,3,Missing data/not specified/undetermined,1
NM,2013,3,Natural,2
NM,2013,4,Human,95
NM,2013,4,Natural,8
NM,2013,5,Human,115
NM,2013,5,Natural,31
NM,2013,6,Human,79
NM,2013,6,Natural,113
NM,2013,7,Human,22
NM,2013,7,Natural,282
NM,2013,8,Human,8
NM,2013,8,Natural,113
NM,2013,9,Human,7
NM,2013,9,Natural,18
NM,2013,10,Human,12
NM,2013,10,Natural,2
NM,2013,11,Human,3
NM,2013,11,Natural,1
NM,2013,12,Human,9
NM,2014,1,Human,35
NM,2014,2,Human,63
NM,2014,3,Human,69
NM,2014,3,Natural,2
NM,2014,4,Human,85
NM,2014,4,Natural,7
NM,2014,5,Human,79
NM,2014,5,Natural,30
NM,2014,6,Human,95
NM,2014,6,Natural,66
NM,2014,7,Human,24
NM,2014,7,Natural,232
NM,2014,8,Human,10
NM,2014,8,Natural,42
NM,2014,9,Human,3
NM,2014,9,Natural,9
NM,2014,10,Human,7
NM,2014,10,Natural,6
NM,2014,11,Human,14
NM,2014,12,Human,14
NM,2014,12,Natural,1
NM,2015,1,Human,8
NM,2015,2,Human,38
NM,2015,3,Human,68
NM,2015,3,Natural,4
NM,2015,4,Human,96
NM,2015,4,Natural,11
NM,2015,5,Human,36
NM,2015,5,Natural,23
NM,2015,6,Human,48
NM,2015,6,Natural,106
NM,2015,7,Human,34
NM,2015,7,Natural,131
NM,2015,8,Human,17
NM,2015,8,Natural,63
NM,2015,9,Human,23
NM,2015,9,Natural,19
NM,2015,10,Human,10
NM,2015,10,Natural,10
NM,2015,11,Human,18
NM,2015,11,Missing data/not specified/undetermined,1
NM,2015,11,Natural,1
NM,2015,12,Human,12
NM,2016,1,Human,29
NM,2016,2,Human,92
NM,2016,2,Natural,2
NM,2016,3,Human,147
NM,2016,3,Natural,3
NM,2016,4,Human,82
NM,2016,4,Natural,6
NM,2016,5,Human,83
NM,2016,5,Natural,46
NM,2016,6,Human,100
NM,2016,6,Natural,198
NM,2016,7,Human,107
NM,2016,7,Natural,296
NM,2016,8,Human,25
NM,2016,8,Natural,128
NM,2016,9,Human,9
NM,2016,9,Natural,25
NM,2016,10,Human,21
NM,2016,10,Natural,2
NM,2016,11,Human,25
NM,2016,12,Human,10
NM,2017,1,Human,16
NM,2017,2,Human,54
NM,2017,3,Human,111
NM,2017,3,Missing data/not specified/undetermined,1
NM,2017,3,Natural,2
NM,2017,4,Human,68
NM,2017,4,Natural,4
NM,2017,5,Human,49
NM,2017,5,Natural,20
NM,2017,6,Human,139
NM,2017,6,Natural,89
NM,2017,7,Human,80
NM,2017,7,Natural,194
NM,2017,8,Human,7
NM,2017,8,Natural,20
NM,2017,9,Human,13
NM,2017,9,Natural,35
NM,2017,10,Human,8
NM,2017,10,Missing data/not specified/undetermined,1
NM,2017,10,Natural,5
NM,2017,11,Human,13
NM,2017,11,Natural,1
NM,2017,12,Human,36
NM,2017,12,Natural,1
NM,2018,1,Human,49
NM,2018,2,Human,64
NM,2018,2,Natural,1
NM,2018,3,Human,153
NM,2018,3,Natural,3
NM,2018,4,Human,186
NM,2018,4,Natural,20
NM,2018,5,Human,200
NM,2018,5,Natural,21
NM,2018,6,Human,111
NM,2018,6,Natural,108
NM,2018,7,Human,24
NM,2018,7,Natural,234
NM,2018,8,Human,14
NM,2018,8,Natural,92
NM,2018,9,Human,10
NM,2018,9,Natural,24
NM,2018,10,Human,4
NM,2018,10,Natural,2
NM,2018,11,Human,8
NM,2018,11,Natural,1
NM,2018,12,Human,3
NM,2019,1,Human,16
NM,2019,2,Human,30
NM,2019,3,Human,57
NM,2019,4,Human,58
NM,2019,4,Natural,8
NM,2019,5,Human,68
NM,2019,5,Natural,14
NM,2019,6,Human,68
NM,2019,6,Natural,73
NM,2019,7,Human,94
NM,2019,7,Natural,161
NM,2019,8,Human,40
NM,2019,8,Natural,124
NM,2019,9,Human,38
NM,2019,9,Natural,52
NM,2019,10,Human,23
NM,2019,10,Natural,3
NM,2019,11,Human,25
NM,2019,11,Natural,2
NM,2019,12,Human,10
NM,2020,1,Human,12
NM,2020,2,Human,36
NM,2020,2,Missing data/not specified/undetermined,2
NM,2020,3,Human,74
NM,2020,3,Missing data/not specified/undetermined,4
NM,2020,3,Natural,1
NM,2020,4,Human,136
NM,2020,4,Missing data/not specified/undetermined,2
NM,2020,5,Human,218
NM,2020,5,Missing data/not specified/undetermined,8
NM,2020,5,Natural,18
NM,2020,6,Human,206
NM,2020,6,Missing data/not specified/undetermined,14
NM,2020,6,Natural,101
NM,2020,7,Human,148
NM,2020,7,Missing data/not specified/undetermined,15
NM,2020,7,Natural,149
NM,2020,8,Human,42
NM,2020,8,Missing data/not specified/undetermined,3
NM,2020,8,Natural,98
NM,2020,9,Human,41
NM,2020,9,Missing data/not specified/undetermined,3
NM,2020,9,Natural,14
NM,2020,10,Human,38
NM,2020,10,Missing data/not specified/undetermined,3
NM,2020,10,Natural,2
NM,2020,11,Human,12
NM,2020,11,Natural,1
NM,2020,12,Human,18
NM,2020,12,Missing data/not specified/undetermined,2
NV,1992,1,Human,1
NV,1992,2,Human,2
NV,1992,3,Human,6
NV,1992,3,Natural,1
NV,1992,4,Human,8
NV,1992,4,Natural,2
NV,1992,5,Human,21
NV,1992,5,Natural,17
NV,1992,6,Human,19
NV,1992,6,Natural,86
NV,1992,7,Human,44
NV,1992,7,Natural,45
NV,1992,8,Human,29
NV,1992,8,Natural,203
NV,1992,9,Human,24
NV,1992,9,Natural,28
NV,1992,10,Human,10
NV,1992,10,Natural,8
NV,1992,11,Human,1
NV,1992,12,Missing data/not specified/undetermined,1
NV,1993,3,Human,2
NV,1993,4,Human,5
NV,1993,5,Human,19
NV,1993,5,Natural,9
NV,1993,6,Human,27
NV,1993,6,Natural,38
NV,1993,7,Human,52
NV,1993,7,Missing data/not specified/undetermined,1
NV,1993,7,Natural,6
NV,1993,8,Human,36
NV,1993,8,Natural,145
NV,1993,9,Human,39
NV,1993,9,Natural,29
NV,1993,10,Human,17
NV,1993,10,Natural,11
NV,1993,11,Human,7
NV,1994,1,Human,3
NV,1994,2,Human,3
NV,1994,3,Human,8
NV,1994,4,Human,8
NV,1994,4,Missing data/not specified/undetermined,1
NV,1994,4,Natural,2
NV,1994,5,Human,14
NV,1994,5,Natural,8
NV,1994,6,Human,48
NV,1994,6,Natural,29
NV,1994,7,Human,50
NV,1994,7,Missing data/not specified/undetermined,4
NV,1994,7,Natural,244
NV,1994,8,Human,29
NV,1994,8,Missing data/not specified/undetermined,1
NV,1994,8,Natural,144
NV,1994,9,Human,22
NV,1994,9,Missing data/not specified/undetermined,1
NV,1994,9,Natural,74
NV,1994,10,Human,10
NV,1994,10,Natural,2
NV,1994,11,Human,5
NV,1995,1,Human,2
NV,1995,2,Human,3
NV,1995,2,Natural,5
NV,1995,3,Human,3
NV,1995,3,Natural,1
NV,1995,4,Human,9
NV,1995,5,Human,8
NV,1995,6,Human,21
NV,1995,6,Missing data/not specified/undetermined,2
NV,1995,6,Natural,37
NV,1995,7,Human,64
NV,1995,7,Missing data/not specified/undetermined,1
NV,1995,7,Natural,74
NV,1995,8,Human,57
NV,1995,8,Missing data/not specified/undetermined,2
NV,1995,8,Natural,34
NV,1995,9,Human,37
NV,1995,9,Missing data/not specified/undetermined,5
NV,1995,9,Natural,129
NV,1995,10,Human,24
NV,1995,11,Human,15
NV,1995,11,Missing data/not specified/undetermined,9
NV,1995,12,Human,2
NV,1995,12,Missing data/not specified/undetermined,1
NV,1996,1,Human,4
NV,1996,2,Human,5
NV,1996,3,Human,6
NV,1996,3,Missing data/not specified/undetermined,1
NV,1996,4,Human,16
NV,1996,5,Human,25
NV,1996,5,Missing data/not specified/undetermined,1
NV,1996,5,Natural,2
NV,1996,6,Human,58
NV,1996,6,Missing data/not specified/undetermined,2
NV,1996,6,Natural,65
NV,1996,7,Human,51
NV,1996,7,Missing data/not specified/undetermined,14
NV,1996,7,Natural,364
NV,1996,8,Human,39
NV,1996,8,Missing data/not specified/undetermined,3
NV,1996,8,Natural,241
NV,1996,9,Human,40
NV,1996,9,Missing data/not specified/undetermined,1
NV,1996,9,Natural,97
NV,1996,10,Human,32
NV,1996,10,Natural,8
NV,1996,11,Human,9
NV,1996,12,Human,3
NV,1997,1,Human,3
NV,1997,2,Human,2
NV,1997,3,Human,23
NV,1997,3,Natural,1
NV,1997,4,Human,7
NV,1997,4,Natural,3
NV,1997,5,Human,18
NV,1997,5,Natural,44
NV,1997,6,Human,19
NV,1997,6,Natural,15
NV,1997,7,Human,48
NV,1997,7,Natural,130
NV,1997,8,Human,47
NV,1997,8,Natural,109
NV,1997,9,Human,33
NV,1997,9,Natural,67
NV,1997,10,Human,16
NV,1997,10,Natural,3
NV,1997,11,Human,4
NV,1997,11,Natural,1
NV,1997,12,Human,2
NV,1998,1,Human,1
NV,1998,3,Human,5
NV,1998,4,Human,4
NV,1998,4,Natural,2
NV,1998,5,Human,14
NV,1998,5,Natural,1
NV,1998,6,Human,28
NV,1998,6,Missing data/not specified/undetermined,1
NV,1998,6,Natural,6
NV,1998,7,Human,77
NV,1998,7,Natural,161
NV,1998,8,Human,54
NV,1998,8,Natural,206
NV,1998,9,Human,19
NV,1998,9,Natural,38
NV,1998,10,Human,15
NV,1998,10,Missing data/not specified/undetermined,1
NV,1998,10,Natural,2
NV,1998,11,Human,3
NV,1999,1,Human,5
NV,1999,2,Human,7
NV,1999,3,Human,17
NV,1999,3,Natural,1
NV,1999,4,Human,12
NV,1999,5,Human,58
NV,1999,5,Natural,27
NV,1999,6,Human,66
NV,1999,6,Natural,6
NV,1999,7,Human,94
NV,1999,7,Natural,57
NV,1999,8,Human,99
NV,1999,8,Natural,372
NV,1999,9,Human,65
NV,1999,9,Natural,109
NV,1999,10,Human,29
NV,1999,10,Natural,4
NV,1999,11,Human,11
NV,1999,12,Human,8
NV,2000,1,Human,6
NV,2000,2,Human,9
NV,2000,3,Human,4
NV,2000,3,Missing data/not specified/undetermined,1
NV,2000,4,Human,17
NV,2000,4,Natural,1
NV,2000,5,Human,19
NV,2000,5,Missing data/not specified/undetermined,2
NV,2000,5,Natural,13
NV,2000,6,Human,44
NV,2000,6,Natural,190
NV,2000,7,Human,72
NV,2000,7,Natural,152
NV,2000,8,Human,30
NV,2000,8,Missing data/not specified/undetermined,1
NV,2000,8,Natural,340
NV,2000,9,Human,35
NV,2000,9,Natural,13
NV,2000,10,Human,10
NV,2000,10,Natural,8
NV,2000,11,Human,5
NV,2000,12,Human,4
NV,2001,1,Human,4
NV,2001,2,Human,3
NV,2001,3,Human,4
NV,2001,3,Natural,1
NV,2001,4,Human,7
NV,2001,4,Natural,3
NV,2001,5,Human,32
NV,2001,5,Natural,33
NV,2001,6,Human,63
NV,2001,6,Missing data/not specified/undetermined,1
NV,2001,6,Natural,63
NV,2001,7,Human,28
NV,2001,7,Missing data/not specified/undetermined,1
NV,2001,7,Natural,299
NV,2001,8,Human,42
NV,2001,8,Natural,380
NV,2001,9,Human,50
NV,2001,9,Natural,68
NV,2001,10,Human,27
NV,2001,10,Natural,5
NV,2001,11,Human,1
NV,2001,11,Natural,1
NV,2001,12,Human,1
NV,2002,2,Human,4
NV,2002,3,Human,9
NV,2002,3,Missing data/not specified/undetermined,1
NV,2002,4,Human,15
NV,2002,4,Missing data/not specified/undetermined,1
NV,2002,4,Natural,4
NV,2002,5,Human,17
NV,2002,5,Missing data/not specified/undetermined,1
NV,2002,5,Natural,9
NV,2002,6,Human,25
NV,2002,6,Natural,67
NV,2002,7,Human,26
NV,2002,7,Missing data/not specified/undetermined,1
NV,2002,7,Natural,259
NV,2002,8,Human,37
NV,2002,8,Natural,101
NV,2002,9,Human,19
NV,2002,9,Natural,39
NV,2002,10,Human,10
NV,2002,11,Human,3
NV,2003,2,Human,4
NV,2003,3,Human,4
NV,2003,4,Human,4
NV,2003,5,Human,14
NV,2003,5,Natural,21
NV,2003,6,Human,13
NV,2003,6,Natural,98
NV,2003,7,Human,34
NV,2003,7,Natural,234
NV,2003,8,Human,19
NV,2003,8,Natural,107
NV,2003,9,Human,20
NV,2003,9,Natural,43
NV,2003,10,Human,26
NV,2003,10,Natural,20
NV,2003,11,Human,3
NV,2004,3,Human,4
NV,2004,3,Natural,1
NV,2004,4,Human,5
NV,2004,4,Natural,1
NV,2004,5,Human,13
NV,2004,5,Natural,2
NV,2004,6,Human,15
NV,2004,6,Missing data/not specified/undetermined,1
NV,2004,6,Natural,224
NV,2004,7,Human,33
NV,2004,7,Natural,175
NV,2004,8,Human,19
NV,2004,8,Natural,217
NV,2004,9,Human,7
NV,2004,9,Missing data/not specified/undetermined,1
NV,2004,9,Natural,41
NV,2004,10,Human,10
NV,2004,10,Natural,6
NV,2004,11,Human,1
NV,2005,2,Natural,1
NV,2005,3,Human,2
NV,2005,4,Human,3
NV,2005,4,Natural,1
NV,2005,5,Human,24
NV,2005,5,Missing data/not specified/undetermined,6
NV,2005,5,Natural,15
NV,2005,6,Human,43
NV,2005,6,Missing data/not specified/undetermined,3
NV,2005,6,Natural,82
NV,2005,7,Human,67
NV,2005,7,Missing data/not specified/undetermined,3
NV,2005,7,Natural,233
NV,2005,8,Human,41
NV,2005,8,Missing data/not specified/undetermined,1
NV,2005,8,Natural,156
NV,2005,9,Human,25
NV,2005,9,Missing data/not specified/undetermined,1
NV,2005,9,Natural,7
NV,2005,10,Human,25
NV,2005,10,Natural,3
NV,2005,11,Human,5
NV,2005,12,Human,2
NV,2006,1,Human,6
NV,2006,2,Human,1
NV,2006,3,Human,3
NV,2006,4,Human,8
NV,2006,4,Natural,3
NV,2006,5,Human,22
NV,2006,5,Natural,30
NV,2006,6,Human,50
NV,2006,6,Natural,139
NV,2006,7,Human,46
NV,2006,7,Missing data/not specified/undetermined,1
NV,2006,7,Natural,448
NV,2006,8,Human,62
NV,2006,8,Natural,78
NV,2006,9,Human,40
NV,2006,9,Natural,79
NV,2006,10,Human,17
NV,2006,10,Natural,5
NV,2006,11,Human,7
NV,2006,12,Human,6
NV,2007,1,Human,4
NV,2007,2,Human,7
NV,2007,3,Human,22
NV,2007,4,Human,26
NV,2007,4,Natural,3
NV,2007,5,Human,32
NV,2007,5,Natural,3
NV,2007,6,Human,76
NV,2007,6,Natural,27
NV,2007,7,Human,51
NV,2007,7,Missing data/not specified/undetermined,1
NV,2007,7,Natural,235
NV,2007,8,Human,45
NV,2007,8,Natural,82
NV,2007,9,Human,28
NV,2007,9,Natural,36
NV,2007,10,Human,12
NV,2007,10,Natural,3
NV,2007,11,Human,3
NV,2007,12,Human,2
NV,2008,2,Human,2
NV,2008,3,Human,12
NV,2008,4,Human,22
NV,2008,5,Human,23
NV,2008,5,Natural,6
NV,2008,6,Human,34
NV,2008,6,Natural,39
NV,2008,7,Human,43
NV,2008,7,Missing data/not specified/undetermined,1
NV,2008,7,Natural,91
NV,2008,8,Human,32
NV,2008,8,Natural,62
NV,2008,9,Human,17
NV,2008,9,Natural,40
NV,2008,10,Human,13
NV,2008,10,Natural,5
NV,2008,11,Human,4
NV,2008,12,Human,1
NV,2009,1,Human,3
NV,2009,2,Human,3
NV,2009,3,Human,6
NV,2009,3,Natural,1
NV,2009,4,Human,13
NV,2009,5,Human,17
NV,2009,5,Natural,31
NV,2009,6,Human,12
NV,2009,6,Natural,20
NV,2009,7,Human,47
NV,2009,7,Natural,258
NV,2009,8,Human,39
NV,2009,8,Natural,54
NV,2009,9,Human,30
NV,2009,9,Missing data/not specified/undetermined,1
NV,2009,9,Natural,21
NV,2009,10,Human,7
NV,2009,11,Human,6
NV,2009,12,Human,1
NV,2010,1,Human,1
NV,2010,2,Human,1
NV,2010,3,Human,4
NV,2010,4,Human,12
NV,2010,4,Natural,1
NV,2010,5,Human,13
NV,2010,5,Natural,2
NV,2010,6,Human,25
NV,2010,6,Natural,11
NV,2010,7,Human,58
NV,2010,7,Natural,96
NV,2010,8,Human,22
NV,2010,8,Natural,55
NV,2010,9,Human,21
NV,2010,9,Natural,8
NV,2010,10,Human,9
NV,2010,10,Natural,12
NV,2010,11,Human,1
NV,2010,11,Natural,1
NV,2011,1,Human,1
NV,2011,2,Human,3
NV,2011,3,Human,12
NV,2011,4,Human,20
NV,2011,4,Natural,2
NV,2011,5,Human,25
NV,2011,5,Natural,1
NV,2011,6,Human,46
NV,2011,6,Natural,6
NV,2011,7,Human,81
NV,2011,7,Natural,100
NV,2011,8,Human,62
NV,2011,8,Natural,145
NV,2011,9,Human,54
NV,2011,9,Natural,103
NV,2011,10,Human,18
NV,2011,10,Natural,24
NV,2011,11,Human,10
NV,2011,12,Human,8
NV,2012,1,Human,13
NV,2012,2,Human,9
NV,2012,3,Human,13
NV,2012,4,Human,30
NV,2012,4,Natural,24
NV,2012,5,Human,50
NV,2012,5,Natural,4
NV,2012,6,Human,77
NV,2012,6,Natural,21
NV,2012,7,Human,60
NV,2012,7,Natural,131
NV,2012,8,Human,33
NV,2012,8,Natural,279
NV,2012,9,Human,28
NV,2012,9,Natural,25
NV,2012,10,Human,21
NV,2012,10,Natural,3
NV,2012,11,Human,10
NV,2012,11,Natural,1
NV,2012,12,Human,5
NV,2013,1,Human,2
NV,2013,2,Human,3
NV,2013,3,Human,13
NV,2013,3,Natural,1
NV,2013,4,Human,14
NV,2013,5,Human,25
NV,2013,5,Natural,6
NV,2013,6,Human,39
NV,2013,6,Natural,58
NV,2013,7,Human,44
NV,2013,7,Natural,148
NV,2013,8,Human,38
NV,2013,8,Natural,213
NV,2013,9,Human,10
NV,2013,9,Natural,20
NV,2013,10,Human,10
NV,2013,11,Human,9
NV,2013,12,Human,4
NV,2014,1,Human,7
NV,2014,2,Human,4
NV,2014,2,Natural,1
NV,2014,3,Human,15
NV,2014,3,Missing data/not specified/undetermined,2
NV,2014,3,Natural,1
NV,2014,4,Human,17
NV,2014,4,Natural,4
NV,2014,5,Human,27
NV,2014,5,Missing data/not specified/undetermined,1
NV,2014,5,Natural,5
NV,2014,6,Human,51
NV,2014,6,Natural,9
NV,2014,7,Human,69
NV,2014,7,Natural,180
NV,2014,8,Human,20
NV,2014,8,Natural,69
NV,2014,9,Human,13
NV,2014,9,Natural,12
NV,2014,10,Human,20
NV,2014,10,Missing data/not specified/undetermined,1
NV,2014,11,Human,10
NV,2014,12,Human,4
NV,2015,1,Human,2
NV,2015,2,Human,6
NV,2015,3,Human,9
NV,2015,3,Natural,1
NV,2015,4,Human,20
NV,2015,4,Natural,5
NV,2015,5,Human,20
NV,2015,5,Natural,14
NV,2015,6,Human,39
NV,2015,6,Natural,73
NV,2015,7,Human,43
NV,2015,7,Natural,117
NV,2015,8,Human,26
NV,2015,8,Natural,91
NV,2015,9,Human,22
NV,2015,9,Natural,10
NV,2015,10,Human,10
NV,2015,10,Missing data/not specified/undetermined,1
NV,2015,10,Natural,15
NV,2015,12,Human,2
NV,2016,1,Human,6
NV,2016,2,Human,12
NV,2016,3,Human,14
NV,2016,4,Human,14
NV,2016,4,Natural,1
NV,2016,5,Human,21
NV,2016,5,Natural,3
NV,2016,6,Human,80
NV,2016,6,Natural,37
NV,2016,7,Human,107
NV,2016,7,Natural,37
NV,2016,8,Human,42
NV,2016,8,Natural,52
NV,2016,9,Human,40
NV,2016,9,Natural,13
NV,2016,10,Human,20
NV,2016,10,Natural,3
NV,2016,11,Human,8
NV,2016,12,Human,2
NV,2017,1,Human,1
NV,2017,3,Human,5
NV,2017,4,Human,6
NV,2017,5,Human,40
NV,2017,5,Natural,4
NV,2017,6,Human,78
NV,2017,6,Missing data/not specified/undetermined,1
NV,2017,6,Natural,37
NV,2017,7,Human,108
NV,2017,7,Natural,181
NV,2017,8,Human,47
NV,2017,8,Natural,122
NV,2017,9,Human,28
NV,2017,9,Natural,50
NV,2017,10,Human,29
NV,2017,10,Natural,1
NV,2017,11,Human,10
NV,2017,11,Natural,1
NV,2017,12,Human,6
NV,2018,1,Human,4
NV,2018,2,Human,12
NV,2018,3,Human,7
NV,2018,4,Human,28
NV,2018,5,Human,19
NV,2018,5,Natural,13
NV,2018,6,Human,70
NV,2018,6,Natural,1
NV,2018,7,Human,83
NV,2018,7,Natural,197
NV,2018,8,Human,63
NV,2018,8,Natural,57
NV,2018,9,Human,62
NV,2018,9,Natural,7
NV,2018,10,Human,15
NV,2018,10,Natural,2
NV,2018,11,Human,14
NV,2019,1,Human,2
NV,2019,2,Human,4
NV,2019,3,Human,5
NV,2019,4,Human,11
NV,2019,4,Natural,7
NV,2019,5,Human,9
NV,2019,5,Natural,6
NV,2019,6,Human,49
NV,2019,6,Natural,18
NV,2019,7,Human,106
NV,2019,7,Natural,79
NV,2019,8,Human,71
NV,2019,8,Natural,82
NV,2019,9,Human,44
NV,2019,9,Natural,46
NV,2019,10,Human,22
NV,2019,11,Human,9
NV,2019,12,Human,1
NV,2020,1,Human,2
NV,2020,2,Human,9
NV,2020,2,Missing data/not specified/undetermined,1
NV,2020,3,Human,13
NV,2020,4,Human,20
NV,2020,4,Natural,2
NV,2020,5,Human,71
NV,2020,5,Missing data/not specified/undetermined,6
NV,2020,5,Natural,5
NV,2020,6,Human,84
NV,2020,6,Missing data/not specified/undetermined,9
NV,2020,6,Natural,31
NV,2020,7,Human,117
NV,2020,7,Missing data/not specified/undetermined,8
NV,2020,7,Natural,79
NV,2020,8,Human,60
NV,2020,8,Missing data/not specified/undetermined,4
NV,2020,8,Natural,103
NV,2020,9,Human,51
NV,2020,9,Missing data/not specified/undetermined,2
NV,2020,9,Natural,5
NV,2020,10,Human,33
NV,2020,10,Missing data/not specified/undetermined,3
NV,2020,11,Human,11
NV,2020,11,Missing data/not specified/undetermined,1
NV,2020,11,Natural,27
NV,2020,12,Human,8
NY,1992,1,Human,3
NY,1992,2,Human,12
NY,1992,3,Human,21
NY,1992,4,Human,132
NY,1992,5,Human,102
NY,1992,5,Natural,3
NY,1992,6,Human,31
NY,1992,6,Natural,1
NY,1992,7,Human,18
NY,1992,7,Natural,1
NY,1992,8,Human,9
NY,1992,9,Human,5
NY,1992,10,Human,11
NY,1992,11,Human,9
NY,1992,12,Human,6
NY,1993,1,Human,8
NY,1993,2,Human,7
NY,1993,3,Human,5
NY,1993,4,Human,58
NY,1993,5,Human,57
NY,1993,5,Natural,4
NY,1993,6,Human,19
NY,1993,6,Missing data/not specified/undetermined,1
NY,1993,6,Natural,2
NY,1993,7,Human,67
NY,1993,7,Natural,6
NY,1993,8,Human,41
NY,1993,8,Natural,4
NY,1993,9,Human,7
NY,1993,9,Natural,1
NY,1993,10,Human,7
NY,1993,11,Human,8
NY,1993,12,Human,2
NY,1994,4,Human,55
NY,1994,5,Human,19
NY,1994,5,Missing data/not specified/undetermined,1
NY,1994,6,Human,10
NY,1994,6,Natural,1
NY,1994,7,Human,4
NY,1994,7,Natural,2
NY,1994,8,Human,2
NY,1994,9,Human,4
NY,1994,10,Human,15
NY,1994,11,Human,14
NY,1994,12,Human,2
NY,1995,2,Human,1
NY,1995,2,Missing data/not specified/undetermined,2
NY,1995,3,Human,103
NY,1995,3,Missing data/not specified/undetermined,2
NY,1995,4,Human,85
NY,1995,4,Missing data/not specified/undetermined,2
NY,1995,5,Human,71
NY,1995,5,Natural,2
NY,1995,6,Human,53
NY,1995,6,Natural,2
NY,1995,7,Human,47
NY,1995,7,Natural,11
NY,1995,8,Human,54
NY,1995,8,Natural,1
NY,1995,9,Human,33
NY,1995,9,Natural,2
NY,1995,10,Human,14
NY,1995,11,Human,1
NY,1995,12,Human,1
NY,1996,2,Human,2
NY,1996,3,Human,27
NY,1996,4,Human,33
NY,1996,5,Human,12
NY,1996,5,Missing data/not specified/undetermined,1
NY,1996,6,Human,7
NY,1996,7,Human,2
NY,1996,8,Human,7
NY,1996,8,Natural,1
NY,1996,9,Human,6
NY,1996,10,Human,5
NY,1996,11,Human,4
NY,1997,2,Human,13
NY,1997,3,Human,23
NY,1997,4,Human,124
NY,1997,5,Human,37
NY,1997,5,Natural,1
NY,1997,6,Human,36
NY,1997,6,Natural,2
NY,1997,7,Human,44
NY,1997,7,Natural,5
NY,1997,8,Human,35
NY,1997,8,Natural,7
NY,1997,9,Human,18
NY,1997,10,Human,17
NY,1997,11,Human,3
NY,1998,1,Human,3
NY,1998,2,Human,3
NY,1998,3,Human,56
NY,1998,3,Natural,1
NY,1998,4,Human,111
NY,1998,5,Human,34
NY,1998,5,Natural,2
NY,1998,6,Human,13
NY,1998,7,Human,8
NY,1998,7,Natural,1
NY,1998,8,Human,11
NY,1998,8,Natural,3
NY,1998,9,Human,8
NY,1998,9,Natural,2
NY,1998,10,Human,11
NY,1998,11,Human,31
NY,1998,12,Human,12
NY,1999,1,Human,3
NY,1999,2,Human,16
NY,1999,3,Human,75
NY,1999,3,Missing data/not specified/undetermined,3
NY,1999,4,Human,228
NY,1999,4,Natural,2
NY,1999,5,Human,106
NY,1999,6,Human,66
NY,1999,6,Natural,4
NY,1999,7,Human,48
NY,1999,7,Natural,12
NY,1999,8,Human,67
NY,1999,8,Natural,13
NY,1999,9,Human,26
NY,1999,9,Natural,1
NY,1999,10,Human,5
NY,1999,11,Human,36
NY,2000,1,Human,67
NY,2000,1,Natural,2
NY,2000,2,Human,32
NY,2000,3,Human,279
NY,2000,3,Missing data/not specified/undetermined,1
NY,2000,3,Natural,10
NY,2000,4,Human,253
NY,2000,4,Missing data/not specified/undetermined,1
NY,2000,4,Natural,2
NY,2000,5,Human,214
NY,2000,5,Natural,13
NY,2000,6,Human,118
NY,2000,6,Natural,5
NY,2000,7,Human,179
NY,2000,7,Natural,6
NY,2000,8,Human,73
NY,2000,8,Natural,1
NY,2000,9,Human,68
NY,2000,9,Natural,4
NY,2000,10,Human,176
NY,2000,10,Natural,5
NY,2000,11,Human,185
NY,2000,11,Natural,3
NY,2000,12,Human,57
NY,2000,12,Natural,2
NY,2001,1,Human,13
NY,2001,2,Human,52
NY,2001,2,Natural,2
NY,2001,3,Human,58
NY,2001,3,Missing data/not specified/undetermined,2
NY,2001,3,Natural,2
NY,2001,4,Human,744
NY,2001,4,Missing data/not specified/undetermined,2
NY,2001,4,Natural,18
NY,2001,5,Human,643
NY,2001,5,Natural,24
NY,2001,6,Human,163
NY,2001,6,Missing data/not specified/undetermined,1
NY,2001,6,Natural,3
NY,2001,7,Human,226
NY,2001,7,Natural,7
NY,2001,8,Human,290
NY,2001,8,Natural,19
NY,2001,9,Human,167
NY,2001,9,Natural,8
NY,2001,10,Human,271
NY,2001,10,Natural,2
NY,2001,11,Human,456
NY,2001,11,Natural,9
NY,2001,12,Human,78
NY,2001,12,Natural,2
NY,2002,1,Human,111
NY,2002,1,Natural,4
NY,2002,2,Human,155
NY,2002,2,Natural,10
NY,2002,3,Human,271
NY,2002,3,Natural,14
NY,2002,4,Human,433
NY,2002,4,Natural,21
NY,2002,5,Human,311
NY,2002,5,Missing data/not specified/undetermined,1
NY,2002,5,Natural,20
NY,2002,6,Human,159
NY,2002,6,Missing data/not specified/undetermined,1
NY,2002,6,Natural,16
NY,2002,7,Human,503
NY,2002,7,Natural,30
NY,2002,8,Human,513
NY,2002,8,Natural,79
NY,2002,9,Human,424
NY,2002,9,Natural,35
NY,2002,10,Human,134
NY,2002,10,Natural,8
NY,2002,11,Human,160
NY,2002,11,Natural,9
NY,2002,12,Human,84
NY,2002,12,Natural,6
NY,2003,1,Human,95
NY,2003,1,Natural,5
NY,2003,2,Human,27
NY,2003,3,Human,279
NY,2003,3,Natural,17
NY,2003,4,Human,1867
NY,2003,4,Natural,105
NY,2003,5,Human,556
NY,2003,5,Natural,22
NY,2003,6,Human,243
NY,2003,6,Natural,13
NY,2003,7,Human,450
NY,2003,7,Natural,36
NY,2003,8,Human,213
NY,2003,8,Natural,23
NY,2003,9,Human,202
NY,2003,9,Natural,15
NY,2003,10,Human,270
NY,2003,10,Natural,10
NY,2003,11,Human,339
NY,2003,11,Natural,33
NY,2003,12,Human,111
NY,2003,12,Natural,2
NY,2004,1,Human,59
NY,2004,1,Natural,1
NY,2004,2,Human,114
NY,2004,2,Natural,7
NY,2004,3,Human,346
NY,2004,3,Natural,29
NY,2004,4,Human,1015
NY,2004,4,Natural,80
NY,2004,5,Human,368
NY,2004,5,Natural,36
NY,2004,6,Human,379
NY,2004,6,Natural,30
NY,2004,7,Human,264
NY,2004,7,Natural,35
NY,2004,8,Human,171
NY,2004,8,Natural,15
NY,2004,9,Human,158
NY,2004,9,Natural,11
NY,2004,10,Human,227
NY,2004,10,Natural,7
NY,2004,11,Human,556
NY,2004,11,Natural,30
NY,2004,12,Human,123
NY,2004,12,Natural,1
NY,2005,1,Human,34
NY,2005,1,Natural,2
NY,2005,2,Human,63
NY,2005,2,Natural,4
NY,2005,3,Human,151
NY,2005,3,Natural,12
NY,2005,4,Human,2549
NY,2005,4,Natural,147
NY,2005,5,Human,912
NY,2005,5,Natural,60
NY,2005,6,Human,696
NY,2005,6,Natural,69
NY,2005,7,Human,482
NY,2005,7,Natural,48
NY,2005,8,Human,755
NY,2005,8,Natural,64
NY,2005,9,Human,642
NY,2005,9,Natural,49
NY,2005,10,Human,228
NY,2005,10,Natural,18
NY,2005,11,Human,529
NY,2005,11,Natural,40
NY,2005,12,Human,138
NY,2005,12,Natural,8
NY,2006,1,Human,89
NY,2006,1,Natural,6
NY,2006,2,Human,184
NY,2006,2,Natural,17
NY,2006,3,Human,1249
NY,2006,3,Natural,65
NY,2006,4,Human,1936
NY,2006,4,Natural,98
NY,2006,5,Human,1000
NY,2006,5,Natural,51
NY,2006,6,Human,308
NY,2006,6,Natural,28
NY,2006,7,Human,282
NY,2006,7,Natural,21
NY,2006,8,Human,456
NY,2006,8,Natural,24
NY,2006,9,Human,128
NY,2006,9,Natural,10
NY,2006,10,Human,187
NY,2006,10,Natural,13
NY,2006,11,Human,229
NY,2006,11,Natural,4
NY,2006,12,Human,236
NY,2006,12,Natural,8
NY,2007,1,Human,128
NY,2007,1,Natural,5
NY,2007,2,Human,113
NY,2007,2,Natural,6
NY,2007,3,Human,302
NY,2007,3,Natural,14
NY,2007,4,Human,999
NY,2007,4,Natural,64
NY,2007,5,Human,1401
NY,2007,5,Natural,110
NY,2007,6,Human,708
NY,2007,6,Natural,81
NY,2007,7,Human,521
NY,2007,7,Natural,47
NY,2007,8,Human,506
NY,2007,8,Natural,52
NY,2007,9,Human,635
NY,2007,9,Natural,49
NY,2007,10,Human,274
NY,2007,10,Natural,11
NY,2007,11,Human,212
NY,2007,11,Natural,10
NY,2007,12,Human,65
NY,2007,12,Natural,4
NY,2008,1,Human,170
NY,2008,1,Natural,14
NY,2008,2,Human,102
NY,2008,2,Natural,2
NY,2008,3,Human,456
NY,2008,3,Natural,25
NY,2008,4,Human,2695
NY,2008,4,Natural,150
NY,2008,5,Human,841
NY,2008,5,Natural,46
NY,2008,6,Human,465
NY,2008,6,Natural,69
NY,2008,7,Human,456
NY,2008,7,Natural,44
NY,2008,8,Human,354
NY,2008,8,Natural,29
NY,2008,9,Human,298
NY,2008,9,Natural,18
NY,2008,10,Human,351
NY,2008,10,Natural,19
NY,2008,11,Human,395
NY,2008,11,Natural,18
NY,2008,12,Human,130
NY,2008,12,Natural,8
NY,2009,1,Human,57
NY,2009,1,Natural,4
NY,2009,2,Human,137
NY,2009,2,Natural,4
NY,2009,3,Human,1144
NY,2009,3,Natural,67
NY,2009,4,Human,1868
NY,2009,4,Natural,157
NY,2009,5,Human,607
NY,2009,5,Natural,40
NY,2009,6,Human,248
NY,2009,6,Natural,25
NY,2009,7,Human,238
NY,2009,7,Natural,22
NY,2009,8,Human,176
NY,2009,8,Natural,10
NY,2009,9,Human,237
NY,2009,9,Natural,15
NY,2009,10,Human,139
NY,2009,10,Natural,15
NY,2009,11,Human,464
NY,2009,11,Natural,16
NY,2009,12,Human,67
NY,2009,12,Natural,7
NY,2010,1,Human,100
NY,2010,1,Natural,3
NY,2010,2,Human,71
NY,2010,2,Natural,7
NY,2010,3,Human,463
NY,2010,3,Natural,25
NY,2010,4,Human,1290
NY,2010,4,Missing data/not specified/undetermined,1
NY,2010,4,Natural,82
NY,2010,5,Human,704
NY,2010,5,Natural,80
NY,2010,6,Human,413
NY,2010,6,Natural,25
NY,2010,7,Human,865
NY,2010,7,Natural,62
NY,2010,8,Human,560
NY,2010,8,Natural,23
NY,2010,9,Human,440
NY,2010,9,Natural,34
NY,2010,10,Human,243
NY,2010,10,Natural,4
NY,2010,11,Human,444
NY,2010,11,Natural,30
NY,2010,12,Human,196
NY,2010,12,Natural,16
NY,2011,1,Human,28
NY,2011,1,Natural,2
NY,2011,2,Human,46
NY,2011,2,Natural,6
NY,2011,3,Human,334
NY,2011,3,Natural,20
NY,2011,4,Human,413
NY,2011,4,Natural,38
NY,2011,5,Human,348
NY,2011,5,Natural,23
NY,2011,6,Human,446
NY,2011,6,Natural,57
NY,2011,7,Human,724
NY,2011,7,Natural,67
NY,2011,8,Human,227
NY,2011,8,Natural,26
NY,2011,9,Human,148
NY,2011,9,Natural,6
NY,2011,10,Human,157
NY,2011,10,Natural,9
NY,2011,11,Human,394
NY,2011,11,Natural,28
NY,2011,12,Human,187
NY,2011,12,Natural,6
NY,2012,1,Human,88
NY,2012,1,Natural,3
NY,2012,2,Human,174
NY,2012,2,Natural,5
NY,2012,3,Human,630
NY,2012,3,Natural,65
NY,2012,4,Human,687
NY,2012,4,Missing data/not specified/undetermined,1
NY,2012,4,Natural,66
NY,2012,5,Human,256
NY,2012,5,Natural,24
NY,2012,6,Human,269
NY,2012,6,Natural,31
NY,2012,7,Human,629
NY,2012,7,Natural,88
NY,2012,8,Human,262
NY,2012,8,Natural,25
NY,2012,9,Human,170
NY,2012,9,Natural,12
NY,2012,10,Human,132
NY,2012,10,Natural,10
NY,2012,11,Human,248
NY,2012,11,Natural,19
NY,2012,12,Human,45
NY,2012,12,Natural,5
NY,2013,1,Human,94
NY,2013,1,Natural,9
NY,2013,2,Human,46
NY,2013,2,Natural,5
NY,2013,3,Human,183
NY,2013,3,Natural,16
NY,2013,4,Human,721
NY,2013,4,Natural,59
NY,2013,5,Human,644
NY,2013,5,Natural,50
NY,2013,6,Human,186
NY,2013,6,Natural,16
NY,2013,7,Human,138
NY,2013,7,Natural,14
NY,2013,8,Human,135
NY,2013,8,Natural,9
NY,2013,9,Human,102
NY,2013,9,Natural,11
NY,2013,10,Human,193
NY,2013,10,Natural,13
NY,2013,11,Human,214
NY,2013,11,Natural,10
NY,2013,12,Human,19
NY,2013,12,Natural,1
NY,2014,1,Human,57
NY,2014,1,Natural,3
NY,2014,2,Human,26
NY,2014,2,Natural,1
NY,2014,3,Human,276
NY,2014,3,Natural,21
NY,2014,4,Human,1143
NY,2014,4,Natural,79
NY,2014,5,Human,568
NY,2014,5,Natural,42
NY,2014,6,Human,434
NY,2014,6,Natural,39
NY,2014,7,Human,342
NY,2014,7,Natural,21
NY,2014,8,Human,356
NY,2014,8,Natural,19
NY,2014,9,Human,281
NY,2014,9,Natural,22
NY,2014,10,Human,214
NY,2014,10,Natural,11
NY,2014,11,Human,325
NY,2014,11,Natural,12
NY,2014,12,Human,60
NY,2014,12,Natural,6
NY,2015,1,Human,57
NY,2015,1,Natural,5
NY,2015,2,Human,14
NY,2015,2,Natural,2
NY,2015,3,Human,99
NY,2015,3,Natural,4
NY,2015,4,Human,1067
NY,2015,4,Natural,125
NY,2015,5,Human,1602
NY,2015,5,Natural,213
NY,2015,6,Human,218
NY,2015,6,Natural,24
NY,2015,7,Human,357
NY,2015,7,Natural,35
NY,2015,8,Human,503
NY,2015,8,Natural,47
NY,2015,9,Human,498
NY,2015,9,Natural,44
NY,2015,10,Human,213
NY,2015,10,Natural,6
NY,2015,11,Human,503
NY,2015,11,Natural,24
NY,2015,12,Human,206
NY,2015,12,Natural,8
NY,2016,1,Human,139
NY,2016,1,Natural,10
NY,2016,2,Human,104
NY,2016,2,Natural,12
NY,2016,3,Human,649
NY,2016,3,Natural,70
NY,2016,4,Human,955
NY,2016,4,Missing data/not specified/undetermined,1
NY,2016,4,Natural,101
NY,2016,5,Human,623
NY,2016,5,Natural,101
NY,2016,6,Human,799
NY,2016,6,Natural,137
NY,2016,7,Human,800
NY,2016,7,Natural,151
NY,2016,8,Human,472
NY,2016,8,Natural,82
NY,2016,9,Human,390
NY,2016,9,Natural,40
NY,2016,10,Human,222
NY,2016,10,Natural,14
NY,2016,11,Human,384
NY,2016,11,Natural,35
NY,2016,12,Human,108
NY,2016,12,Natural,10
NY,2017,1,Human,95
NY,2017,1,Natural,15
NY,2017,2,Human,131
NY,2017,2,Missing data/not specified/undetermined,1
NY,2017,2,Natural,11
NY,2017,3,Human,255
NY,2017,3,Natural,38
NY,2017,4,Human,589
NY,2017,4,Natural,56
NY,2017,5,Human,328
NY,2017,5,Natural,41
NY,2017,6,Human,332
NY,2017,6,Natural,43
NY,2017,7,Human,245
NY,2017,7,Natural,36
NY,2017,8,Human,217
NY,2017,8,Natural,26
NY,2017,9,Human,232
NY,2017,9,Natural,21
NY,2017,10,Human,314
NY,2017,10,Natural,31
NY,2017,11,Human,205
NY,2017,11,Natural,13
NY,2017,12,Human,123
NY,2017,12,Natural,7
NY,2018,1,Human,32
NY,2018,1,Natural,3
NY,2018,2,Human,53
NY,2018,2,Natural,2
NY,2018,3,Human,90
NY,2018,3,Natural,20
NY,2018,4,Human,357
NY,2018,4,Natural,64
NY,2018,5,Human,518
NY,2018,5,Natural,77
NY,2018,6,Human,310
NY,2018,6,Natural,56
NY,2018,7,Human,441
NY,2018,7,Natural,88
NY,2018,8,Human,102
NY,2018,8,Natural,34
NY,2018,9,Human,99
NY,2018,9,Natural,21
NY,2018,10,Human,51
NY,2018,10,Natural,5
NY,2018,11,Human,44
NY,2018,12,Human,32
NY,2018,12,Natural,6
NY,2019,1,Human,47
NY,2019,1,Natural,1
NY,2019,2,Human,49
NY,2019,2,Natural,3
NY,2019,3,Human,206
NY,2019,3,Natural,13
NY,2019,4,Human,422
NY,2019,4,Missing data/not specified/undetermined,1
NY,2019,4,Natural,25
NY,2019,5,Human,173
NY,2019,5,Natural,6
NY,2019,6,Human,176
NY,2019,6,Natural,19
NY,2019,7,Human,312
NY,2019,7,Natural,34
NY,2019,8,Human,238
NY,2019,8,Natural,29
NY,2019,9,Human,196
NY,2019,9,Natural,9
NY,2019,10,Human,119
NY,2019,10,Natural,8
NY,2019,11,Human,106
NY,2019,11,Natural,10
NY,2019,12,Human,36
NY,2019,12,Natural,2
NY,2020,1,Human,55
NY,2020,1,Natural,14
NY,2020,2,Human,90
NY,2020,2,Natural,13
NY,2020,3,Human,336
NY,2020,3,Natural,83
NY,2020,4,Human,312
NY,2020,4,Missing data/not specified/undetermined,1
NY,2020,4,Natural,74
NY,2020,5,Human,518
NY,2020,5,Natural,87
NY,2020,6,Human,633
NY,2020,6,Natural,47
NY,2020,7,Human,451
NY,2020,7,Missing data/not specified/undetermined,1
NY,2020,7,Natural,37
NY,2020,8,Human,271
NY,2020,8,Missing data/not specified/undetermined,2
NY,2020,8,Natural,34
NY,2020,9,Human,252
NY,2020,9,Natural,21
NY,2020,10,Human,93
NY,2020,10,Missing data/not specified/undetermined,1
NY,2020,10,Natural,20
NY,2020,11,Human,212
NY,2020,11,Missing data/not specified/undetermined,6
NY,2020,11,Natural,43
NY,2020,12,Human,19
NY,2020,12,Natural,5
OH,1992,2,Human,3
OH,1992,3,Human,8
OH,1992,4,Human,9
OH,1992,10,Human,1
OH,1993,2,Human,6
OH,1993,4,Human,4
OH,1993,5,Human,1
OH,1993,8,Human,2
OH,1993,9,Human,1
OH,1993,10,Human,4
OH,1994,2,Human,3
OH,1994,3,Human,1
OH,1994,4,Human,2
OH,1994,5,Human,3
OH,1994,10,Human,5
OH,1994,11,Human,11
OH,1994,12,Human,3
OH,1995,2,Human,2
OH,1995,3,Human,18
OH,1995,4,Human,25
OH,1995,6,Human,1
OH,1995,11,Human,1
OH,1996,3,Human,3
OH,1996,4,Human,6
OH,1997,2,Human,4
OH,1997,3,Human,4
OH,1997,4,Human,11
OH,1997,6,Human,1
OH,1997,12,Human,2
OH,1998,1,Human,1
OH,1998,3,Human,5
OH,1998,4,Human,2
OH,1998,9,Human,3
OH,1998,10,Human,5
OH,1998,11,Human,6
OH,1998,12,Human,5
OH,1999,2,Human,4
OH,1999,3,Human,8
OH,1999,3,Natural,1
OH,1999,4,Human,6
OH,1999,6,Human,1
OH,1999,7,Human,5
OH,1999,8,Human,1
OH,1999,9,Human,2
OH,1999,10,Human,3
OH,1999,11,Human,7
OH,1999,12,Human,2
OH,2000,1,Human,2
OH,2000,2,Human,4
OH,2000,3,Human,13
OH,2000,4,Human,2
OH,2000,5,Human,1
OH,2000,10,Human,3
OH,2000,11,Human,3
OH,2001,2,Human,4
OH,2001,3,Human,21
OH,2001,4,Human,14
OH,2001,4,Natural,1
OH,2001,5,Human,4
OH,2001,6,Human,1
OH,2001,9,Human,1
OH,2001,10,Human,14
OH,2001,11,Human,25
OH,2001,12,Human,2
OH,2002,1,Human,4
OH,2002,2,Human,14
OH,2002,2,Missing data/not specified/undetermined,1
OH,2002,3,Human,24
OH,2002,3,Missing data/not specified/undetermined,3
OH,2002,4,Human,11
OH,2002,4,Missing data/not specified/undetermined,3
OH,2002,5,Human,1
OH,2002,5,Missing data/not specified/undetermined,1
OH,2002,6,Human,9
OH,2002,6,Missing data/not specified/undetermined,2
OH,2002,6,Natural,1
OH,2002,7,Human,11
OH,2002,7,Missing data/not specified/undetermined,5
OH,2002,7,Natural,1
OH,2002,8,Human,12
OH,2002,8,Missing data/not specified/undetermined,5
OH,2002,8,Natural,1
OH,2002,9,Human,14
OH,2002,9,Missing data/not specified/undetermined,3
OH,2002,10,Human,8
OH,2002,10,Natural,1
OH,2002,11,Human,6
OH,2002,11,Missing data/not specified/undetermined,1
OH,2003,3,Human,36
OH,2003,4,Human,16
OH,2003,4,Missing data/not specified/undetermined,1
OH,2003,5,Human,1
OH,2003,9,Human,1
OH,2003,10,Human,4
OH,2003,11,Human,2
OH,2003,12,Human,2
OH,2004,1,Human,1
OH,2004,2,Human,33
OH,2004,3,Human,25
OH,2004,4,Human,13
OH,2005,1,Human,1
OH,2005,2,Human,2
OH,2005,3,Human,13
OH,2005,3,Natural,1
OH,2005,4,Human,65
OH,2005,4,Missing data/not specified/undetermined,1
OH,2005,5,Human,2
OH,2005,10,Human,6
OH,2005,11,Human,7
OH,2005,11,Missing data/not specified/undetermined,2
OH,2006,1,Human,3
OH,2006,2,Human,33
OH,2006,3,Human,61
OH,2006,4,Human,49
OH,2006,5,Human,8
OH,2006,6,Human,4
OH,2006,7,Human,4
OH,2006,8,Human,11
OH,2006,9,Human,5
OH,2006,10,Human,3
OH,2006,11,Human,24
OH,2006,12,Human,17
OH,2007,2,Human,1
OH,2007,3,Human,48
OH,2007,4,Human,35
OH,2007,5,Human,16
OH,2007,6,Human,16
OH,2007,6,Natural,1
OH,2007,7,Human,10
OH,2007,8,Human,6
OH,2007,8,Natural,5
OH,2007,9,Human,66
OH,2007,10,Human,37
OH,2007,11,Human,15
OH,2007,12,Human,3
OH,2008,1,Human,2
OH,2008,2,Human,1
OH,2008,3,Human,32
OH,2008,4,Human,39
OH,2008,4,Natural,1
OH,2008,5,Human,12
OH,2008,6,Human,3
OH,2008,8,Human,3
OH,2008,9,Human,1
OH,2008,10,Human,10
OH,2008,11,Human,12
OH,2009,1,Human,6
OH,2009,2,Human,21
OH,2009,3,Human,145
OH,2009,3,Natural,1
OH,2009,4,Human,27
OH,2009,9,Human,1
OH,2009,10,Human,3
OH,2009,11,Human,37
OH,2009,12,Human,3
OH,2010,3,Human,29
OH,2010,4,Human,57
OH,2010,4,Missing data/not specified/undetermined,3
OH,2010,5,Human,1
OH,2010,7,Human,1
OH,2010,8,Human,2
OH,2010,9,Human,5
OH,2010,10,Human,54
OH,2010,11,Human,28
OH,2011,2,Human,25
OH,2011,3,Human,18
OH,2011,4,Human,12
OH,2011,5,Human,1
OH,2011,8,Human,1
OH,2011,10,Human,6
OH,2011,11,Human,16
OH,2012,1,Human,5
OH,2012,2,Human,29
OH,2012,3,Human,31
OH,2012,4,Human,34
OH,2012,5,Human,7
OH,2012,6,Human,8
OH,2012,7,Human,13
OH,2012,7,Natural,2
OH,2012,8,Human,7
OH,2012,8,Natural,1
OH,2012,9,Human,2
OH,2012,10,Human,27
OH,2012,11,Human,36
OH,2012,12,Human,2
OH,2013,1,Human,11
OH,2013,2,Human,7
OH,2013,3,Human,74
OH,2013,4,Human,186
OH,2013,4,Missing data/not specified/undetermined,2
OH,2013,5,Human,11
OH,2013,6,Human,2
OH,2013,8,Human,2
OH,2013,8,Natural,1
OH,2013,9,Human,1
OH,2013,10,Human,2
OH,2013,11,Human,23
OH,2013,12,Human,1
OH,2014,2,Human,20
OH,2014,3,Human,253
OH,2014,4,Human,257
OH,2014,5,Human,6
OH,2014,5,Natural,1
OH,2014,6,Human,4
OH,2014,7,Human,3
OH,2014,8,Human,1
OH,2014,9,Human,4
OH,2014,10,Human,10
OH,2014,11,Human,48
OH,2014,12,Human,5
OH,2015,1,Human,8
OH,2015,2,Human,19
OH,2015,3,Human,179
OH,2015,4,Human,104
OH,2015,5,Human,51
OH,2015,5,Natural,1
OH,2015,6,Human,2
OH,2015,8,Human,6
OH,2015,9,Human,13
OH,2015,10,Human,44
OH,2015,11,Human,106
OH,2015,12,Human,4
OH,2016,1,Human,13
OH,2016,2,Human,35
OH,2016,3,Human,89
OH,2016,4,Human,102
OH,2016,4,Natural,2
OH,2016,5,Human,6
OH,2016,6,Human,11
OH,2016,7,Human,10
OH,2016,8,Human,6
OH,2016,8,Natural,1
OH,2016,9,Human,18
OH,2016,10,Human,28
OH,2016,11,Human,67
OH,2016,12,Human,6
OH,2017,1,Human,4
OH,2017,2,Human,121
OH,2017,3,Human,79
OH,2017,3,Natural,1
OH,2017,4,Human,68
OH,2017,5,Human,13
OH,2017,6,Human,12
OH,2017,7,Human,11
OH,2017,8,Human,7
OH,2017,9,Human,14
OH,2017,10,Human,23
OH,2017,11,Human,33
OH,2017,11,Natural,1
OH,2017,12,Human,20
OH,2018,1,Human,6
OH,2018,2,Human,27
OH,2018,3,Human,189
OH,2018,3,Natural,1
OH,2018,4,Human,139
OH,2018,4,Natural,3
OH,2018,5,Human,45
OH,2018,6,Human,2
OH,2018,7,Human,7
OH,2018,8,Human,5
OH,2018,9,Human,4
OH,2018,10,Human,8
OH,2018,11,Human,5
OH,2018,12,Human,5
OH,2019,1,Human,6
OH,2019,2,Human,21
OH,2019,3,Human,136
OH,2019,4,Human,80
OH,2019,5,Human,16
OH,2019,6,Human,6
OH,2019,7,Human,13
OH,2019,8,Human,19
OH,2019,8,Natural,1
OH,2019,9,Human,44
OH,2019,9,Natural,1
OH,2019,10,Human,55
OH,2019,11,Human,27
OH,2019,12,Human,7
OH,2020,1,Human,21
OH,2020,2,Human,25
OH,2020,3,Human,119
OH,2020,3,Natural,2
OH,2020,4,Human,76
OH,2020,4,Missing data/not specified/undetermined,1
OH,2020,5,Human,7
OH,2020,6,Human,25
OH,2020,7,Human,31
OH,2020,7,Natural,1
OH,2020,8,Human,19
OH,2020,9,Human,18
OH,2020,10,Human,26
OH,2020,11,Human,139
OH,2020,11,Missing data/not specified/undetermined,1
OH,2020,12,Human,5
OK,1992,1,Human,4
OK,1992,1,Missing data/not specified/undetermined,46
OK,1992,2,Human,17
OK,1992,2,Missing data/not specified/undetermined,408
OK,1992,3,Human,12
OK,1992,3,Missing data/not specified/undetermined,521
OK,1992,4,Human,3
OK,1992,4,Missing data/not specified/undetermined,199
OK,1992,5,Human,1
OK,1992,5,Missing data/not specified/undetermined,28
OK,1992,6,Missing data/not specified/undetermined,6
OK,1992,7,Missing data/not specified/undetermined,3
OK,1992,8,Human,2
OK,1992,8,Missing data/not specified/undetermined,13
OK,1992,9,Human,1
OK,1992,9,Missing data/not specified/undetermined,6
OK,1992,10,Human,15
OK,1992,10,Missing data/not specified/undetermined,72
OK,1992,11,Human,5
OK,1992,11,Missing data/not specified/undetermined,65
OK,1992,12,Human,3
OK,1992,12,Missing data/not specified/undetermined,38
OK,1993,1,Human,13
OK,1993,1,Missing data/not specified/undetermined,92
OK,1993,2,Human,57
OK,1993,2,Missing data/not specified/undetermined,176
OK,1993,3,Human,55
OK,1993,3,Missing data/not specified/undetermined,693
OK,1993,3,Natural,3
OK,1993,4,Human,17
OK,1993,4,Missing data/not specified/undetermined,316
OK,1993,5,Missing data/not specified/undetermined,1
OK,1993,6,Human,2
OK,1993,6,Missing data/not specified/undetermined,3
OK,1993,6,Natural,1
OK,1993,7,Human,9
OK,1993,7,Missing data/not specified/undetermined,238
OK,1993,7,Natural,1
OK,1993,8,Human,6
OK,1993,8,Missing data/not specified/undetermined,143
OK,1993,8,Natural,3
OK,1993,9,Human,4
OK,1993,9,Missing data/not specified/undetermined,58
OK,1993,9,Natural,1
OK,1993,10,Human,1
OK,1993,10,Missing data/not specified/undetermined,13
OK,1993,11,Human,10
OK,1993,11,Missing data/not specified/undetermined,115
OK,1993,12,Human,12
OK,1993,12,Missing data/not specified/undetermined,254
OK,1994,1,Human,7
OK,1994,1,Missing data/not specified/undetermined,119
OK,1994,2,Human,22
OK,1994,2,Missing data/not specified/undetermined,352
OK,1994,3,Human,278
OK,1994,3,Missing data/not specified/undetermined,482
OK,1994,4,Human,75
OK,1994,4,Missing data/not specified/undetermined,181
OK,1994,5,Human,1
OK,1994,5,Missing data/not specified/undetermined,11
OK,1994,6,Human,7
OK,1994,6,Missing data/not specified/undetermined,21
OK,1994,7,Human,9
OK,1994,7,Missing data/not specified/undetermined,22
OK,1994,7,Natural,2
OK,1994,8,Human,8
OK,1994,8,Missing data/not specified/undetermined,17
OK,1994,8,Natural,2
OK,1994,9,Human,9
OK,1994,9,Missing data/not specified/undetermined,54
OK,1994,9,Natural,1
OK,1994,10,Missing data/not specified/undetermined,92
OK,1994,10,Natural,1
OK,1994,11,Human,2
OK,1994,11,Missing data/not specified/undetermined,54
OK,1994,11,Natural,1
OK,1994,12,Human,1
OK,1994,12,Missing data/not specified/undetermined,74
OK,1995,1,Human,10
OK,1995,1,Missing data/not specified/undetermined,17
OK,1995,2,Human,167
OK,1995,2,Missing data/not specified/undetermined,473
OK,1995,3,Human,153
OK,1995,3,Missing data/not specified/undetermined,417
OK,1995,4,Human,23
OK,1995,4,Missing data/not specified/undetermined,164
OK,1995,4,Natural,1
OK,1995,5,Human,5
OK,1995,5,Missing data/not specified/undetermined,6
OK,1995,5,Natural,1
OK,1995,6,Human,2
OK,1995,6,Missing data/not specified/undetermined,7
OK,1995,7,Human,25
OK,1995,7,Missing data/not specified/undetermined,22
OK,1995,7,Natural,1
OK,1995,8,Human,71
OK,1995,8,Missing data/not specified/undetermined,103
OK,1995,9,Human,55
OK,1995,9,Missing data/not specified/undetermined,59
OK,1995,10,Human,62
OK,1995,10,Missing data/not specified/undetermined,115
OK,1995,10,Natural,1
OK,1995,11,Human,135
OK,1995,11,Missing data/not specified/undetermined,270
OK,1995,11,Natural,2
OK,1995,12,Human,70
OK,1995,12,Missing data/not specified/undetermined,146
OK,1996,1,Human,50
OK,1996,1,Missing data/not specified/undetermined,161
OK,1996,2,Human,125
OK,1996,2,Missing data/not specified/undetermined,900
OK,1996,3,Human,50
OK,1996,3,Missing data/not specified/undetermined,602
OK,1996,4,Human,39
OK,1996,4,Missing data/not specified/undetermined,494
OK,1996,4,Natural,2
OK,1996,5,Human,8
OK,1996,5,Missing data/not specified/undetermined,23
OK,1996,6,Human,3
OK,1996,6,Missing data/not specified/undetermined,10
OK,1996,6,Natural,10
OK,1996,7,Human,7
OK,1996,7,Missing data/not specified/undetermined,33
OK,1996,7,Natural,1
OK,1996,8,Human,1
OK,1996,8,Missing data/not specified/undetermined,6
OK,1996,8,Natural,6
OK,1996,9,Human,1
OK,1996,9,Missing data/not specified/undetermined,9
OK,1996,10,Human,1
OK,1996,10,Missing data/not specified/undetermined,19
OK,1996,10,Natural,1
OK,1996,11,Human,1
OK,1996,11,Missing data/not specified/undetermined,13
OK,1996,12,Human,5
OK,1996,12,Missing data/not specified/undetermined,105
OK,1997,1,Human,59
OK,1997,1,Missing data/not specified/undetermined,1
OK,1997,1,Natural,12
OK,1997,2,Human,145
OK,1997,2,Natural,10
OK,1997,3,Human,377
OK,1997,3,Natural,29
OK,1997,4,Human,126
OK,1997,4,Natural,12
OK,1997,5,Human,14
OK,1997,5,Missing data/not specified/undetermined,1
OK,1997,6,Human,7
OK,1997,6,Natural,1
OK,1997,7,Human,7
OK,1997,7,Natural,6
OK,1997,8,Human,8
OK,1997,8,Natural,1
OK,1997,9,Human,8
OK,1997,9,Natural,1
OK,1997,10,Human,6
OK,1997,11,Human,49
OK,1997,11,Natural,4
OK,1997,12,Human,23
OK,1997,12,Natural,4
OK,1998,1,Human,58
OK,1998,1,Natural,5
OK,1998,2,Human,88
OK,1998,2,Natural,6
OK,1998,3,Human,125
OK,1998,3,Natural,8
OK,1998,4,Human,157
OK,1998,4,Missing data/not specified/undetermined,1
OK,1998,4,Natural,7
OK,1998,5,Human,14
OK,1998,5,Natural,1
OK,1998,6,Human,15
OK,1998,6,Natural,2
OK,1998,7,Human,62
OK,1998,7,Missing data/not specified/undetermined,1
OK,1998,7,Natural,7
OK,1998,8,Human,81
OK,1998,8,Natural,11
OK,1998,9,Human,89
OK,1998,9,Missing data/not specified/undetermined,2
OK,1998,9,Natural,6
OK,1998,10,Human,8
OK,1998,11,Human,46
OK,1998,11,Natural,1
OK,1998,12,Human,8
OK,1998,12,Natural,3
OK,1999,1,Human,74
OK,1999,1,Natural,2
OK,1999,2,Human,179
OK,1999,2,Natural,18
OK,1999,3,Human,247
OK,1999,3,Natural,18
OK,1999,4,Human,77
OK,1999,4,Natural,10
OK,1999,5,Human,5
OK,1999,5,Natural,1
OK,1999,6,Human,1
OK,1999,6,Natural,1
OK,1999,7,Human,39
OK,1999,7,Natural,4
OK,1999,8,Human,234
OK,1999,8,Missing data/not specified/undetermined,1
OK,1999,8,Natural,54
OK,1999,9,Human,92
OK,1999,9,Natural,19
OK,1999,10,Human,151
OK,1999,10,Natural,26
OK,1999,11,Human,257
OK,1999,11,Natural,32
OK,1999,12,Human,99
OK,1999,12,Natural,11
OK,2000,1,Human,153
OK,2000,1,Natural,11
OK,2000,2,Human,246
OK,2000,2,Natural,29
OK,2000,3,Human,185
OK,2000,3,Natural,20
OK,2000,4,Human,125
OK,2000,4,Natural,9
OK,2000,5,Human,9
OK,2000,5,Natural,1
OK,2000,6,Human,3
OK,2000,6,Natural,2
OK,2000,7,Human,16
OK,2000,7,Natural,4
OK,2000,8,Human,217
OK,2000,8,Natural,20
OK,2000,9,Human,324
OK,2000,9,Natural,64
OK,2000,10,Human,131
OK,2000,10,Natural,14
OK,2000,11,Human,21
OK,2000,11,Natural,2
OK,2000,12,Human,16
OK,2000,12,Natural,3
OK,2001,1,Human,29
OK,2001,1,Natural,3
OK,2001,2,Human,61
OK,2001,2,Natural,9
OK,2001,3,Human,309
OK,2001,3,Natural,44
OK,2001,4,Human,214
OK,2001,4,Natural,22
OK,2001,5,Human,39
OK,2001,5,Natural,2
OK,2001,6,Human,49
OK,2001,6,Natural,5
OK,2001,7,Human,97
OK,2001,7,Missing data/not specified/undetermined,1
OK,2001,7,Natural,14
OK,2001,8,Human,116
OK,2001,8,Natural,24
OK,2001,9,Human,27
OK,2001,9,Natural,3
OK,2001,10,Human,58
OK,2001,10,Missing data/not specified/undetermined,1
OK,2001,10,Natural,6
OK,2001,11,Human,94
OK,2001,11,Natural,15
OK,2001,12,Human,35
OK,2001,12,Natural,8
OK,2002,1,Human,130
OK,2002,1,Natural,21
OK,2002,2,Human,252
OK,2002,2,Missing data/not specified/undetermined,1
OK,2002,2,Natural,28
OK,2002,3,Human,158
OK,2002,3,Missing data/not specified/undetermined,1
OK,2002,3,Natural,15
OK,2002,4,Human,114
OK,2002,4,Missing data/not specified/undetermined,2
OK,2002,4,Natural,11
OK,2002,5,Human,10
OK,2002,5,Natural,4
OK,2002,6,Human,9
OK,2002,6,Natural,4
OK,2002,7,Human,18
OK,2002,7,Missing data/not specified/undetermined,1
OK,2002,7,Natural,6
OK,2002,8,Human,66
OK,2002,8,Natural,14
OK,2002,9,Human,170
OK,2002,9,Natural,19
OK,2002,10,Human,83
OK,2002,10,Missing data/not specified/undetermined,2
OK,2002,10,Natural,10
OK,2002,11,Human,262
OK,2002,11,Missing data/not specified/undetermined,1
OK,2002,11,Natural,27
OK,2002,12,Human,114
OK,2002,12,Missing data/not specified/undetermined,2
OK,2002,12,Natural,9
OK,2003,1,Human,194
OK,2003,2,Human,176
OK,2003,2,Missing data/not specified/undetermined,1
OK,2003,3,Human,419
OK,2003,3,Missing data/not specified/undetermined,2
OK,2003,3,Natural,4
OK,2003,4,Human,325
OK,2003,4,Missing data/not specified/undetermined,4
OK,2003,4,Natural,4
OK,2003,5,Human,13
OK,2003,6,Human,10
OK,2003,7,Human,83
OK,2003,7,Missing data/not specified/undetermined,3
OK,2003,7,Natural,3
OK,2003,8,Human,80
OK,2003,8,Missing data/not specified/undetermined,3
OK,2003,8,Natural,33
OK,2003,9,Human,22
OK,2003,10,Human,77
OK,2003,11,Human,62
OK,2003,12,Human,121
OK,2004,1,Human,100
OK,2004,2,Human,314
OK,2004,2,Missing data/not specified/undetermined,2
OK,2004,3,Human,554
OK,2004,3,Natural,1
OK,2004,4,Human,240
OK,2004,4,Natural,1
OK,2004,5,Human,28
OK,2004,6,Human,11
OK,2004,6,Natural,5
OK,2004,7,Human,24
OK,2004,7,Natural,2
OK,2004,8,Human,31
OK,2004,8,Natural,1
OK,2004,9,Human,138
OK,2004,9,Missing data/not specified/undetermined,1
OK,2004,10,Human,30
OK,2004,11,Human,18
OK,2004,11,Natural,1
OK,2004,12,Human,185
OK,2004,12,Natural,1
OK,2005,1,Human,121
OK,2005,1,Natural,3
OK,2005,2,Human,174
OK,2005,2,Natural,3
OK,2005,3,Human,724
OK,2005,3,Natural,41
OK,2005,4,Human,175
OK,2005,4,Natural,7
OK,2005,5,Human,33
OK,2005,5,Natural,5
OK,2005,6,Human,64
OK,2005,6,Missing data/not specified/undetermined,1
OK,2005,6,Natural,3
OK,2005,7,Human,123
OK,2005,7,Natural,18
OK,2005,8,Human,190
OK,2005,8,Natural,35
OK,2005,9,Human,178
OK,2005,9,Missing data/not specified/undetermined,1
OK,2005,9,Natural,8
OK,2005,10,Human,201
OK,2005,10,Natural,5
OK,2005,11,Human,680
OK,2005,11,Missing data/not specified/undetermined,3
OK,2005,11,Natural,13
OK,2005,12,Human,451
OK,2005,12,Missing data/not specified/undetermined,2
OK,2005,12,Natural,5
OK,2006,1,Human,611
OK,2006,1,Missing data/not specified/undetermined,29
OK,2006,1,Natural,32
OK,2006,2,Human,357
OK,2006,2,Missing data/not specified/undetermined,8
OK,2006,2,Natural,21
OK,2006,3,Human,527
OK,2006,3,Missing data/not specified/undetermined,8
OK,2006,3,Natural,44
OK,2006,4,Human,445
OK,2006,4,Missing data/not specified/undetermined,1
OK,2006,4,Natural,17
OK,2006,5,Human,50
OK,2006,5,Natural,2
OK,2006,6,Human,84
OK,2006,6,Missing data/not specified/undetermined,1
OK,2006,6,Natural,5
OK,2006,7,Human,308
OK,2006,7,Missing data/not specified/undetermined,1
OK,2006,7,Natural,30
OK,2006,8,Human,250
OK,2006,8,Missing data/not specified/undetermined,2
OK,2006,8,Natural,92
OK,2006,9,Human,62
OK,2006,9,Natural,16
OK,2006,10,Human,57
OK,2006,10,Natural,5
OK,2006,11,Human,106
OK,2006,12,Human,69
OK,2006,12,Missing data/not specified/undetermined,1
OK,2007,1,Human,36
OK,2007,2,Human,246
OK,2007,2,Missing data/not specified/undetermined,1
OK,2007,2,Natural,8
OK,2007,3,Human,609
OK,2007,3,Missing data/not specified/undetermined,3
OK,2007,3,Natural,15
OK,2007,4,Human,112
OK,2007,4,Natural,3
OK,2007,5,Human,13
OK,2007,6,Human,4
OK,2007,6,Natural,2
OK,2007,7,Human,8
OK,2007,8,Human,30
OK,2007,8,Natural,4
OK,2007,9,Human,26
OK,2007,9,Natural,1
OK,2007,10,Human,24
OK,2007,10,Natural,1
OK,2007,11,Human,104
OK,2007,11,Missing data/not specified/undetermined,1
OK,2007,12,Human,73
OK,2007,12,Natural,1
OK,2008,1,Human,389
OK,2008,1,Missing data/not specified/undetermined,2
OK,2008,1,Natural,9
OK,2008,2,Human,302
OK,2008,2,Missing data/not specified/undetermined,3
OK,2008,2,Natural,2
OK,2008,3,Human,544
OK,2008,3,Natural,2
OK,2008,4,Human,94
OK,2008,4,Natural,1
OK,2008,5,Human,13
OK,2008,6,Human,39
OK,2008,6,Natural,3
OK,2008,7,Human,112
OK,2008,7,Natural,2
OK,2008,8,Human,173
OK,2008,8,Missing data/not specified/undetermined,1
OK,2008,8,Natural,8
OK,2008,9,Human,13
OK,2008,9,Natural,1
OK,2008,10,Human,57
OK,2008,10,Natural,2
OK,2008,11,Human,257
OK,2008,11,Missing data/not specified/undetermined,1
OK,2008,12,Human,130
OK,2008,12,Natural,1
OK,2009,1,Human,573
OK,2009,1,Missing data/not specified/undetermined,1
OK,2009,2,Human,403
OK,2009,2,Natural,7
OK,2009,3,Human,531
OK,2009,3,Missing data/not specified/undetermined,3
OK,2009,3,Natural,2
OK,2009,4,Human,238
OK,2009,4,Missing data/not specified/undetermined,8
OK,2009,4,Natural,3
OK,2009,5,Human,8
OK,2009,5,Natural,2
OK,2009,6,Human,25
OK,2009,6,Natural,4
OK,2009,7,Human,88
OK,2009,7,Missing data/not specified/undetermined,1
OK,2009,7,Natural,10
OK,2009,8,Human,32
OK,2009,9,Human,18
OK,2009,9,Natural,7
OK,2009,10,Human,9
OK,2009,11,Human,42
OK,2009,12,Human,32
OK,2009,12,Natural,2
OK,2010,1,Human,74
OK,2010,1,Natural,3
OK,2010,2,Human,106
OK,2010,2,Natural,13
OK,2010,3,Human,525
OK,2010,3,Natural,35
OK,2010,4,Human,249
OK,2010,4,Natural,7
OK,2010,5,Human,28
OK,2010,6,Human,42
OK,2010,6,Missing data/not specified/undetermined,1
OK,2010,6,Natural,4
OK,2010,7,Human,39
OK,2010,7,Natural,5
OK,2010,8,Human,311
OK,2010,8,Natural,25
OK,2010,9,Human,111
OK,2010,9,Natural,7
OK,2010,10,Human,154
OK,2010,10,Natural,10
OK,2010,11,Human,148
OK,2010,11,Missing data/not specified/undetermined,1
OK,2010,11,Natural,19
OK,2010,12,Human,208
OK,2010,12,Natural,22
OK,2011,1,Human,259
OK,2011,1,Missing data/not specified/undetermined,1
OK,2011,1,Natural,9
OK,2011,2,Human,123
OK,2011,2,Missing data/not specified/undetermined,2
OK,2011,2,Natural,1
OK,2011,3,Human,575
OK,2011,3,Missing data/not specified/undetermined,3
OK,2011,3,Natural,7
OK,2011,4,Human,310
OK,2011,4,Missing data/not specified/undetermined,1
OK,2011,4,Natural,6
OK,2011,5,Human,12
OK,2011,6,Human,102
OK,2011,6,Missing data/not specified/undetermined,1
OK,2011,6,Natural,28
OK,2011,7,Human,313
OK,2011,7,Natural,41
OK,2011,8,Human,268
OK,2011,8,Missing data/not specified/undetermined,1
OK,2011,8,Natural,101
OK,2011,9,Human,173
OK,2011,9,Natural,17
OK,2011,10,Human,109
OK,2011,10,Missing data/not specified/undetermined,1
OK,2011,10,Natural,11
OK,2011,11,Human,33
OK,2011,11,Natural,1
OK,2011,12,Human,33
OK,2012,1,Human,131
OK,2012,1,Missing data/not specified/undetermined,1
OK,2012,1,Natural,3
OK,2012,2,Human,106
OK,2012,2,Missing data/not specified/undetermined,1
OK,2012,3,Human,212
OK,2012,3,Missing data/not specified/undetermined,1
OK,2012,3,Natural,4
OK,2012,4,Human,29
OK,2012,4,Natural,1
OK,2012,5,Human,47
OK,2012,5,Missing data/not specified/undetermined,1
OK,2012,5,Natural,6
OK,2012,6,Human,123
OK,2012,6,Missing data/not specified/undetermined,1
OK,2012,6,Natural,6
OK,2012,7,Human,323
OK,2012,7,Missing data/not specified/undetermined,2
OK,2012,7,Natural,56
OK,2012,8,Human,171
OK,2012,8,Missing data/not specified/undetermined,4
OK,2012,8,Natural,63
OK,2012,9,Human,39
OK,2012,9,Natural,15
OK,2012,10,Human,32
OK,2012,10,Natural,4
OK,2012,11,Human,129
OK,2012,11,Natural,2
OK,2012,12,Human,136
OK,2012,12,Natural,6
OK,2013,1,Human,48
OK,2013,2,Human,67
OK,2013,2,Natural,1
OK,2013,3,Human,198
OK,2013,3,Missing data/not specified/undetermined,1
OK,2013,3,Natural,1
OK,2013,4,Human,62
OK,2013,4,Natural,3
OK,2013,5,Human,21
OK,2013,5,Natural,1
OK,2013,6,Human,15
OK,2013,7,Human,118
OK,2013,7,Natural,10
OK,2013,8,Human,62
OK,2013,8,Natural,1
OK,2013,9,Human,110
OK,2013,9,Natural,9
OK,2013,10,Human,7
OK,2013,11,Human,28
OK,2013,11,Natural,2
OK,2013,12,Human,26
OK,2013,12,Natural,3
OK,2014,1,Human,305
OK,2014,1,Natural,3
OK,2014,2,Human,224
OK,2014,3,Human,265
OK,2014,3,Natural,7
OK,2014,4,Human,106
OK,2014,5,Human,52
OK,2014,5,Missing data/not specified/undetermined,2
OK,2014,6,Human,6
OK,2014,6,Natural,1
OK,2014,7,Human,19
OK,2014,8,Human,26
OK,2014,8,Natural,2
OK,2014,9,Human,20
OK,2014,9,Natural,1
OK,2014,10,Human,24
OK,2014,11,Human,89
OK,2014,11,Natural,1
OK,2014,12,Human,18
OK,2014,12,Natural,1
OK,2015,1,Human,284
OK,2015,1,Missing data/not specified/undetermined,2
OK,2015,2,Human,208
OK,2015,2,Natural,1
OK,2015,3,Human,136
OK,2015,3,Missing data/not specified/undetermined,2
OK,2015,3,Natural,2
OK,2015,4,Human,46
OK,2015,5,Human,2
OK,2015,6,Human,7
OK,2015,7,Human,26
OK,2015,7,Natural,1
OK,2015,8,Human,103
OK,2015,8,Natural,3
OK,2015,9,Human,89
OK,2015,9,Natural,1
OK,2015,10,Human,169
OK,2015,10,Missing data/not specified/undetermined,1
OK,2015,10,Natural,2
OK,2015,11,Human,49
OK,2015,11,Natural,1
OK,2015,12,Human,50
OK,2015,12,Natural,1
OK,2016,1,Human,122
OK,2016,1,Missing data/not specified/undetermined,1
OK,2016,2,Human,486
OK,2016,2,Missing data/not specified/undetermined,9
OK,2016,2,Natural,4
OK,2016,3,Human,269
OK,2016,3,Missing data/not specified/undetermined,6
OK,2016,3,Natural,2
OK,2016,4,Human,138
OK,2016,4,Missing data/not specified/undetermined,2
OK,2016,5,Human,6
OK,2016,5,Natural,1
OK,2016,6,Human,22
OK,2016,6,Natural,1
OK,2016,7,Human,60
OK,2016,7,Missing data/not specified/undetermined,2
OK,2016,7,Natural,10
OK,2016,8,Human,39
OK,2016,8,Missing data/not specified/undetermined,1
OK,2016,8,Natural,2
OK,2016,9,Human,56
OK,2016,9,Natural,2
OK,2016,10,Human,86
OK,2016,10,Missing data/not specified/undetermined,1
OK,2016,11,Human,144
OK,2016,11,Natural,2
OK,2016,12,Human,147
OK,2016,12,Natural,5
OK,2017,1,Human,181
OK,2017,1,Natural,4
OK,2017,2,Human,383
OK,2017,2,Missing data/not specified/undetermined,1
OK,2017,3,Human,421
OK,2017,3,Missing data/not specified/undetermined,13
OK,2017,3,Natural,2
OK,2017,4,Human,59
OK,2017,5,Human,7
OK,2017,5,Natural,1
OK,2017,6,Human,28
OK,2017,6,Natural,3
OK,2017,7,Human,11
OK,2017,7,Missing data/not specified/undetermined,1
OK,2017,7,Natural,14
OK,2017,8,Human,6
OK,2017,9,Human,38
OK,2017,9,Missing data/not specified/undetermined,1
OK,2017,9,Natural,1
OK,2017,10,Human,65
OK,2017,10,Missing data/not specified/undetermined,1
OK,2017,10,Natural,1
OK,2017,11,Human,220
OK,2017,11,Natural,2
OK,2017,12,Human,193
OK,2017,12,Natural,1
OK,2018,1,Human,208
OK,2018,1,Missing data/not specified/undetermined,4
OK,2018,1,Natural,3
OK,2018,2,Human,111
OK,2018,2,Missing data/not specified/undetermined,3
OK,2018,3,Human,485
OK,2018,3,Missing data/not specified/undetermined,8
OK,2018,3,Natural,4
OK,2018,4,Human,155
OK,2018,4,Missing data/not specified/undetermined,4
OK,2018,5,Human,16
OK,2018,5,Natural,3
OK,2018,6,Human,17
OK,2018,6,Missing data/not specified/undetermined,1
OK,2018,6,Natural,4
OK,2018,7,Human,65
OK,2018,7,Missing data/not specified/undetermined,1
OK,2018,7,Natural,4
OK,2018,8,Human,8
OK,2018,8,Natural,3
OK,2018,9,Human,5
OK,2018,10,Human,5
OK,2018,11,Human,52
OK,2018,12,Human,31
OK,2018,12,Missing data/not specified/undetermined,1
OK,2018,12,Natural,1
OK,2019,1,Human,41
OK,2019,1,Natural,1
OK,2019,2,Human,92
OK,2019,3,Human,244
OK,2019,3,Natural,1
OK,2019,4,Human,142
OK,2019,4,Natural,2
OK,2019,5,Human,3
OK,2019,6,Human,7
OK,2019,6,Natural,1
OK,2019,7,Human,49
OK,2019,7,Natural,4
OK,2019,8,Human,72
OK,2019,8,Natural,8
OK,2019,9,Human,71
OK,2019,10,Human,16
OK,2019,10,Natural,1
OK,2019,11,Human,78
OK,2019,11,Natural,1
OK,2019,12,Human,114
OK,2019,12,Natural,1
OK,2020,1,Human,96
OK,2020,1,Natural,2
OK,2020,2,Human,110
OK,2020,2,Missing data/not specified/undetermined,4
OK,2020,3,Human,226
OK,2020,3,Missing data/not specified/undetermined,1
OK,2020,4,Human,46
OK,2020,5,Human,9
OK,2020,6,Human,68
OK,2020,6,Missing data/not specified/undetermined,1
OK,2020,6,Natural,2
OK,2020,7,Human,40
OK,2020,7,Missing data/not specified/undetermined,1
OK,2020,7,Natural,2
OK,2020,8,Human,23
OK,2020,8,Missing data/not specified/undetermined,1
OK,2020,8,Natural,1
OK,2020,9,Human,6
OK,2020,9,Natural,1
OK,2020,10,Human,108
OK,2020,10,Missing data/not specified/undetermined,3
OK,2020,10,Natural,1
OK,2020,11,Human,171
OK,2020,11,Missing data/not specified/undetermined,3
OK,2020,12,Human,173
OK,2020,12,Missing data/not specified/undetermined,1
OK,2020,12,Natural,1
OR,1992,1,Human,9
OR,1992,2,Human,4
OR,1992,3,Human,36
OR,1992,3,Natural,11
OR,1992,4,Human,24
OR,1992,4,Natural,4
OR,1992,5,Human,166
OR,1992,5,Natural,231
OR,1992,6,Human,223
OR,1992,6,Missing data/not specified/undetermined,1
OR,1992,6,Natural,644
OR,1992,7,Human,260
OR,1992,7,Natural,763
OR,1992,8,Human,370
OR,1992,8,Natural,490
OR,1992,9,Human,208
OR,1992,9,Natural,330
OR,1992,10,Human,156
OR,1992,10,Natural,11
OR,1992,11,Human,13
OR,1992,12,Human,2
OR,1993,1,Human,1
OR,1993,1,Natural,1
OR,1993,2,Human,16
OR,1993,3,Human,6
OR,1993,4,Human,2
OR,1993,5,Human,50
OR,1993,5,Natural,30
OR,1993,6,Human,71
OR,1993,6,Missing data/not specified/undetermined,1
OR,1993,6,Natural,56
OR,1993,7,Human,179
OR,1993,7,Natural,46
OR,1993,8,Human,210
OR,1993,8,Missing data/not specified/undetermined,1
OR,1993,8,Natural,343
OR,1993,9,Human,280
OR,1993,9,Natural,85
OR,1993,10,Human,225
OR,1993,10,Natural,60
OR,1993,11,Human,173
OR,1993,12,Human,15
OR,1993,12,Natural,1
OR,1994,1,Human,4
OR,1994,2,Human,4
OR,1994,3,Human,40
OR,1994,3,Natural,1
OR,1994,4,Human,30
OR,1994,4,Natural,1
OR,1994,5,Human,88
OR,1994,5,Natural,47
OR,1994,6,Human,170
OR,1994,6,Natural,25
OR,1994,7,Human,391
OR,1994,7,Missing data/not specified/undetermined,1
OR,1994,7,Natural,906
OR,1994,8,Human,305
OR,1994,8,Natural,502
OR,1994,9,Human,200
OR,1994,9,Natural,558
OR,1994,10,Human,159
OR,1994,10,Natural,36
OR,1994,11,Human,4
OR,1994,12,Human,1
OR,1995,1,Human,4
OR,1995,2,Human,4
OR,1995,3,Human,26
OR,1995,4,Human,31
OR,1995,4,Missing data/not specified/undetermined,1
OR,1995,4,Natural,2
OR,1995,5,Human,80
OR,1995,5,Natural,20
OR,1995,6,Human,109
OR,1995,6,Missing data/not specified/undetermined,1
OR,1995,6,Natural,105
OR,1995,7,Human,225
OR,1995,7,Missing data/not specified/undetermined,5
OR,1995,7,Natural,507
OR,1995,8,Human,313
OR,1995,8,Natural,55
OR,1995,9,Human,268
OR,1995,9,Missing data/not specified/undetermined,2
OR,1995,9,Natural,321
OR,1995,10,Human,140
OR,1995,11,Human,45
OR,1996,1,Human,2
OR,1996,1,Natural,1
OR,1996,2,Human,4
OR,1996,3,Human,7
OR,1996,4,Human,13
OR,1996,4,Natural,1
OR,1996,5,Human,26
OR,1996,6,Human,147
OR,1996,6,Natural,28
OR,1996,7,Human,333
OR,1996,7,Missing data/not specified/undetermined,2
OR,1996,7,Natural,545
OR,1996,8,Human,310
OR,1996,8,Natural,1034
OR,1996,9,Human,191
OR,1996,9,Natural,72
OR,1996,10,Human,127
OR,1996,10,Natural,7
OR,1996,11,Human,25
OR,1997,1,Human,1
OR,1997,2,Human,2
OR,1997,3,Human,4
OR,1997,3,Natural,1
OR,1997,4,Human,18
OR,1997,4,Natural,1
OR,1997,5,Human,83
OR,1997,5,Missing data/not specified/undetermined,1
OR,1997,5,Natural,26
OR,1997,6,Human,100
OR,1997,6,Natural,62
OR,1997,7,Human,252
OR,1997,7,Natural,429
OR,1997,8,Human,263
OR,1997,8,Missing data/not specified/undetermined,1
OR,1997,8,Natural,295
OR,1997,9,Human,141
OR,1997,9,Natural,291
OR,1997,10,Human,154
OR,1997,10,Natural,2
OR,1997,11,Human,13
OR,1997,12,Human,2
OR,1998,1,Human,2
OR,1998,2,Human,3
OR,1998,3,Human,6
OR,1998,4,Human,20
OR,1998,4,Natural,11
OR,1998,5,Human,12
OR,1998,5,Natural,9
OR,1998,6,Human,42
OR,1998,6,Natural,56
OR,1998,7,Human,197
OR,1998,7,Natural,788
OR,1998,8,Human,395
OR,1998,8,Natural,437
OR,1998,9,Human,250
OR,1998,9,Natural,100
OR,1998,10,Human,232
OR,1998,10,Natural,4
OR,1998,11,Human,11
OR,1999,1,Human,1
OR,1999,3,Human,5
OR,1999,4,Human,61
OR,1999,5,Human,73
OR,1999,5,Natural,3
OR,1999,6,Human,162
OR,1999,6,Natural,18
OR,1999,7,Human,316
OR,1999,7,Missing data/not specified/undetermined,1
OR,1999,7,Natural,257
OR,1999,8,Human,199
OR,1999,8,Natural,1167
OR,1999,9,Human,331
OR,1999,9,Natural,24
OR,1999,10,Human,217
OR,1999,11,Human,88
OR,1999,11,Missing data/not specified/undetermined,1
OR,1999,11,Natural,2
OR,1999,12,Human,1
OR,2000,2,Human,1
OR,2000,3,Human,9
OR,2000,3,Natural,1
OR,2000,4,Human,37
OR,2000,4,Natural,4
OR,2000,5,Human,60
OR,2000,5,Natural,12
OR,2000,6,Human,176
OR,2000,6,Missing data/not specified/undetermined,1
OR,2000,6,Natural,8
OR,2000,7,Human,301
OR,2000,7,Missing data/not specified/undetermined,1
OR,2000,7,Natural,325
OR,2000,8,Human,341
OR,2000,8,Missing data/not specified/undetermined,5
OR,2000,8,Natural,272
OR,2000,9,Human,184
OR,2000,9,Natural,34
OR,2000,10,Human,141
OR,2000,10,Natural,6
OR,2000,11,Human,15
OR,2000,12,Human,4
OR,2001,1,Human,11
OR,2001,1,Natural,1
OR,2001,2,Human,10
OR,2001,3,Human,19
OR,2001,3,Natural,2
OR,2001,4,Human,16
OR,2001,4,Natural,1
OR,2001,5,Human,141
OR,2001,5,Missing data/not specified/undetermined,1
OR,2001,5,Natural,48
OR,2001,6,Human,155
OR,2001,6,Natural,11
OR,2001,7,Human,287
OR,2001,7,Missing data/not specified/undetermined,2
OR,2001,7,Natural,913
OR,2001,8,Human,285
OR,2001,8,Missing data/not specified/undetermined,3
OR,2001,8,Natural,558
OR,2001,9,Human,176
OR,2001,9,Natural,524
OR,2001,10,Human,152
OR,2001,10,Natural,4
OR,2001,11,Human,48
OR,2001,11,Natural,1
OR,2002,1,Human,2
OR,2002,2,Human,5
OR,2002,2,Natural,2
OR,2002,3,Human,23
OR,2002,3,Natural,1
OR,2002,4,Human,35
OR,2002,4,Natural,1
OR,2002,5,Human,88
OR,2002,5,Missing data/not specified/undetermined,1
OR,2002,5,Natural,7
OR,2002,6,Human,138
OR,2002,6,Natural,138
OR,2002,7,Human,268
OR,2002,7,Natural,799
OR,2002,8,Human,207
OR,2002,8,Natural,323
OR,2002,9,Human,182
OR,2002,9,Missing data/not specified/undetermined,1
OR,2002,9,Natural,83
OR,2002,10,Human,215
OR,2002,10,Natural,2
OR,2002,11,Human,215
OR,2002,11,Natural,2
OR,2002,12,Human,20
OR,2003,1,Human,2
OR,2003,2,Human,10
OR,2003,3,Human,4
OR,2003,4,Human,9
OR,2003,4,Natural,1
OR,2003,5,Human,52
OR,2003,5,Natural,27
OR,2003,6,Human,213
OR,2003,6,Missing data/not specified/undetermined,1
OR,2003,6,Natural,74
OR,2003,7,Human,428
OR,2003,7,Natural,411
OR,2003,8,Human,270
OR,2003,8,Natural,493
OR,2003,9,Human,190
OR,2003,9,Natural,208
OR,2003,10,Human,149
OR,2003,10,Natural,13
OR,2003,11,Human,57
OR,2003,12,Human,3
OR,2004,2,Human,6
OR,2004,3,Human,26
OR,2004,4,Human,59
OR,2004,5,Human,56
OR,2004,5,Natural,14
OR,2004,6,Human,140
OR,2004,6,Natural,148
OR,2004,7,Human,330
OR,2004,7,Missing data/not specified/undetermined,1
OR,2004,7,Natural,388
OR,2004,8,Human,200
OR,2004,8,Natural,658
OR,2004,9,Human,132
OR,2004,9,Natural,14
OR,2004,10,Human,76
OR,2004,10,Natural,1
OR,2004,11,Human,16
OR,2004,12,Human,5
OR,2005,1,Human,1
OR,2005,1,Natural,1
OR,2005,2,Human,11
OR,2005,3,Human,54
OR,2005,4,Human,18
OR,2005,4,Missing data/not specified/undetermined,1
OR,2005,4,Natural,10
OR,2005,5,Human,22
OR,2005,5,Natural,51
OR,2005,6,Human,73
OR,2005,6,Natural,43
OR,2005,7,Human,260
OR,2005,7,Natural,172
OR,2005,8,Human,320
OR,2005,8,Missing data/not specified/undetermined,1
OR,2005,8,Natural,355
OR,2005,9,Human,195
OR,2005,9,Natural,12
OR,2005,10,Human,133
OR,2005,11,Human,6
OR,2005,12,Human,5
OR,2006,2,Human,14
OR,2006,3,Human,6
OR,2006,3,Natural,1
OR,2006,4,Human,50
OR,2006,4,Natural,1
OR,2006,5,Human,152
OR,2006,5,Natural,58
OR,2006,6,Human,119
OR,2006,6,Natural,97
OR,2006,7,Human,336
OR,2006,7,Natural,525
OR,2006,8,Human,317
OR,2006,8,Natural,894
OR,2006,9,Human,227
OR,2006,9,Natural,134
OR,2006,10,Human,205
OR,2006,10,Missing data/not specified/undetermined,1
OR,2006,10,Natural,27
OR,2006,11,Human,18
OR,2006,12,Human,2
OR,2007,1,Human,5
OR,2007,2,Human,8
OR,2007,3,Human,23
OR,2007,4,Human,28
OR,2007,4,Missing data/not specified/undetermined,1
OR,2007,4,Natural,1
OR,2007,5,Human,120
OR,2007,5,Missing data/not specified/undetermined,2
OR,2007,5,Natural,26
OR,2007,6,Human,181
OR,2007,6,Missing data/not specified/undetermined,1
OR,2007,6,Natural,110
OR,2007,7,Human,339
OR,2007,7,Missing data/not specified/undetermined,4
OR,2007,7,Natural,602
OR,2007,8,Human,265
OR,2007,8,Missing data/not specified/undetermined,3
OR,2007,8,Natural,311
OR,2007,9,Human,217
OR,2007,9,Natural,106
OR,2007,10,Human,110
OR,2007,10,Natural,3
OR,2007,11,Human,43
OR,2007,12,Human,3
OR,2008,1,Human,1
OR,2008,2,Human,6
OR,2008,3,Human,5
OR,2008,4,Human,30
OR,2008,4,Natural,1
OR,2008,5,Human,72
OR,2008,5,Missing data/not specified/undetermined,1
OR,2008,5,Natural,3
OR,2008,6,Human,171
OR,2008,6,Missing data/not specified/undetermined,2
OR,2008,6,Natural,170
OR,2008,7,Human,306
OR,2008,7,Missing data/not specified/undetermined,1
OR,2008,7,Natural,210
OR,2008,8,Human,205
OR,2008,8,Missing data/not specified/undetermined,1
OR,2008,8,Natural,1022
OR,2008,9,Human,211
OR,2008,9,Natural,61
OR,2008,10,Human,148
OR,2008,10,Natural,8
OR,2008,11,Human,24
OR,2008,12,Human,9
OR,2009,1,Human,5
OR,2009,1,Natural,2
OR,2009,2,Human,7
OR,2009,2,Natural,1
OR,2009,3,Human,9
OR,2009,3,Natural,2
OR,2009,4,Human,42
OR,2009,4,Natural,5
OR,2009,5,Human,59
OR,2009,5,Natural,108
OR,2009,6,Human,88
OR,2009,6,Natural,123
OR,2009,7,Human,265
OR,2009,7,Missing data/not specified/undetermined,2
OR,2009,7,Natural,206
OR,2009,8,Human,233
OR,2009,8,Missing data/not specified/undetermined,2
OR,2009,8,Natural,609
OR,2009,9,Human,216
OR,2009,9,Missing data/not specified/undetermined,1
OR,2009,9,Natural,147
OR,2009,10,Human,136
OR,2009,10,Natural,10
OR,2009,11,Human,23
OR,2009,11,Natural,2
OR,2009,12,Human,1
OR,2010,1,Human,5
OR,2010,2,Human,4
OR,2010,3,Human,14
OR,2010,4,Human,7
OR,2010,4,Natural,2
OR,2010,5,Human,32
OR,2010,5,Missing data/not specified/undetermined,1
OR,2010,5,Natural,10
OR,2010,6,Human,64
OR,2010,6,Missing data/not specified/undetermined,1
OR,2010,6,Natural,25
OR,2010,7,Human,268
OR,2010,7,Natural,480
OR,2010,8,Human,296
OR,2010,8,Missing data/not specified/undetermined,1
OR,2010,8,Natural,400
OR,2010,9,Human,133
OR,2010,9,Natural,70
OR,2010,10,Human,91
OR,2010,10,Missing data/not specified/undetermined,1
OR,2010,10,Natural,6
OR,2010,11,Human,10
OR,2010,11,Natural,1
OR,2010,12,Human,2
OR,2011,1,Human,2
OR,2011,2,Human,7
OR,2011,2,Natural,1
OR,2011,3,Human,1
OR,2011,4,Human,10
OR,2011,5,Human,36
OR,2011,5,Natural,1
OR,2011,6,Human,66
OR,2011,6,Natural,12
OR,2011,7,Human,244
OR,2011,7,Natural,79
OR,2011,8,Human,283
OR,2011,8,Natural,640
OR,2011,9,Human,204
OR,2011,9,Missing data/not specified/undetermined,1
OR,2011,9,Natural,228
OR,2011,10,Human,91
OR,2011,10,Natural,18
OR,2011,11,Human,31
OR,2011,12,Human,13
OR,2012,1,Human,5
OR,2012,1,Missing data/not specified/undetermined,1
OR,2012,2,Human,11
OR,2012,3,Human,18
OR,2012,4,Human,10
OR,2012,4,Natural,16
OR,2012,5,Human,77
OR,2012,5,Natural,4
OR,2012,6,Human,96
OR,2012,6,Missing data/not specified/undetermined,1
OR,2012,6,Natural,22
OR,2012,7,Human,200
OR,2012,7,Missing data/not specified/undetermined,1
OR,2012,7,Natural,217
OR,2012,8,Human,273
OR,2012,8,Missing data/not specified/undetermined,1
OR,2012,8,Natural,197
OR,2012,9,Human,290
OR,2012,9,Missing data/not specified/undetermined,2
OR,2012,9,Natural,28
OR,2012,10,Human,160
OR,2012,10,Natural,1
OR,2012,11,Human,24
OR,2012,12,Human,2
OR,2013,1,Human,2
OR,2013,2,Human,5
OR,2013,2,Natural,1
OR,2013,3,Human,19
OR,2013,3,Missing data/not specified/undetermined,1
OR,2013,3,Natural,1
OR,2013,4,Human,44
OR,2013,4,Natural,3
OR,2013,5,Human,120
OR,2013,5,Missing data/not specified/undetermined,2
OR,2013,5,Natural,88
OR,2013,6,Human,135
OR,2013,6,Natural,25
OR,2013,7,Human,333
OR,2013,7,Missing data/not specified/undetermined,10
OR,2013,7,Natural,259
OR,2013,8,Human,183
OR,2013,8,Missing data/not specified/undetermined,3
OR,2013,8,Natural,944
OR,2013,9,Human,93
OR,2013,9,Missing data/not specified/undetermined,2
OR,2013,9,Natural,209
OR,2013,10,Human,53
OR,2013,11,Human,23
OR,2013,12,Human,4
OR,2014,1,Human,23
OR,2014,2,Human,5
OR,2014,3,Human,19
OR,2014,4,Human,42
OR,2014,5,Human,79
OR,2014,5,Natural,7
OR,2014,6,Human,177
OR,2014,6,Natural,22
OR,2014,7,Human,292
OR,2014,7,Natural,952
OR,2014,8,Human,205
OR,2014,8,Natural,802
OR,2014,9,Human,236
OR,2014,9,Natural,72
OR,2014,10,Human,94
OR,2014,10,Natural,2
OR,2014,11,Human,14
OR,2014,11,Natural,1
OR,2014,12,Human,3
OR,2015,1,Human,2
OR,2015,1,Natural,1
OR,2015,2,Human,10
OR,2015,3,Human,25
OR,2015,3,Natural,1
OR,2015,4,Human,63
OR,2015,4,Natural,2
OR,2015,5,Human,83
OR,2015,5,Natural,26
OR,2015,6,Human,236
OR,2015,6,Missing data/not specified/undetermined,1
OR,2015,6,Natural,309
OR,2015,7,Human,336
OR,2015,7,Missing data/not specified/undetermined,1
OR,2015,7,Natural,427
OR,2015,8,Human,311
OR,2015,8,Natural,305
OR,2015,9,Human,167
OR,2015,9,Missing data/not specified/undetermined,1
OR,2015,9,Natural,19
OR,2015,10,Human,142
OR,2015,10,Natural,3
OR,2015,11,Human,23
OR,2015,12,Human,4
OR,2015,12,Natural,2
OR,2016,1,Human,3
OR,2016,2,Human,12
OR,2016,3,Human,12
OR,2016,4,Human,45
OR,2016,4,Natural,5
OR,2016,5,Human,79
OR,2016,5,Natural,15
OR,2016,6,Human,186
OR,2016,6,Natural,79
OR,2016,7,Human,292
OR,2016,7,Natural,58
OR,2016,8,Human,352
OR,2016,8,Natural,108
OR,2016,9,Human,214
OR,2016,9,Missing data/not specified/undetermined,1
OR,2016,9,Natural,20
OR,2016,10,Human,69
OR,2016,10,Natural,4
OR,2016,11,Human,28
OR,2016,12,Human,3
OR,2017,2,Human,1
OR,2017,3,Human,6
OR,2017,3,Missing data/not specified/undetermined,1
OR,2017,4,Human,10
OR,2017,5,Human,85
OR,2017,5,Natural,14
OR,2017,6,Human,175
OR,2017,6,Natural,186
OR,2017,7,Human,358
OR,2017,7,Natural,294
OR,2017,8,Human,288
OR,2017,8,Natural,553
OR,2017,9,Human,141
OR,2017,9,Natural,199
OR,2017,10,Human,136
OR,2017,10,Missing data/not specified/undetermined,1
OR,2017,10,Natural,5
OR,2017,11,Human,12
OR,2017,12,Human,8
OR,2018,1,Human,4
OR,2018,2,Human,13
OR,2018,3,Human,12
OR,2018,4,Human,41
OR,2018,4,Natural,2
OR,2018,5,Human,105
OR,2018,5,Natural,59
OR,2018,6,Human,193
OR,2018,6,Natural,107
OR,2018,7,Human,366
OR,2018,7,Missing data/not specified/undetermined,3
OR,2018,7,Natural,315
OR,2018,8,Human,216
OR,2018,8,Missing data/not specified/undetermined,1
OR,2018,8,Natural,151
OR,2018,9,Human,181
OR,2018,9,Missing data/not specified/undetermined,1
OR,2018,9,Natural,9
OR,2018,10,Human,162
OR,2018,11,Human,70
OR,2018,12,Human,4
OR,2019,1,Human,3
OR,2019,2,Human,3
OR,2019,3,Human,35
OR,2019,3,Natural,2
OR,2019,4,Human,37
OR,2019,4,Natural,3
OR,2019,5,Human,113
OR,2019,5,Natural,11
OR,2019,6,Human,161
OR,2019,6,Natural,111
OR,2019,7,Human,242
OR,2019,7,Natural,119
OR,2019,8,Human,223
OR,2019,8,Missing data/not specified/undetermined,1
OR,2019,8,Natural,451
OR,2019,9,Human,105
OR,2019,9,Natural,356
OR,2019,10,Human,90
OR,2019,10,Natural,1
OR,2019,11,Human,87
OR,2019,12,Human,3
OR,2020,2,Human,16
OR,2020,3,Human,45
OR,2020,4,Human,101
OR,2020,4,Missing data/not specified/undetermined,5
OR,2020,4,Natural,2
OR,2020,5,Human,105
OR,2020,5,Natural,43
OR,2020,6,Human,120
OR,2020,6,Missing data/not specified/undetermined,7
OR,2020,6,Natural,22
OR,2020,7,Human,335
OR,2020,7,Missing data/not specified/undetermined,10
OR,2020,7,Natural,121
OR,2020,8,Human,360
OR,2020,8,Missing data/not specified/undetermined,16
OR,2020,8,Natural,443
OR,2020,9,Human,206
OR,2020,9,Missing data/not specified/undetermined,21
OR,2020,9,Natural,45
OR,2020,10,Human,72
OR,2020,10,Missing data/not specified/undetermined,4
OR,2020,11,Human,25
OR,2020,11,Natural,1
OR,2020,12,Human,10
OR,2020,12,Missing data/not specified/undetermined,1
PA,1992,1,Human,1
PA,1992,2,Human,1
PA,1992,3,Human,1
PA,1992,4,Human,5
PA,1992,5,Human,5
PA,1992,6,Human,3
PA,1992,8,Human,1
PA,1993,1,Human,1
PA,1993,2,Human,1
PA,1993,4,Human,3
PA,1993,5,Human,5
PA,1993,6,Human,1
PA,1993,7,Human,3
PA,1993,7,Natural,1
PA,1993,8,Human,1
PA,1993,9,Human,1
PA,1993,10,Human,2
PA,1994,3,Human,1
PA,1994,4,Human,9
PA,1994,5,Human,2
PA,1994,6,Human,1
PA,1994,6,Natural,1
PA,1994,7,Natural,1
PA,1994,10,Human,3
PA,1994,11,Human,1
PA,1994,11,Natural,1
PA,1995,1,Human,1
PA,1995,3,Human,3
PA,1995,4,Human,7
PA,1995,5,Human,2
PA,1995,6,Human,1
PA,1995,8,Human,2
PA,1995,9,Human,2
PA,1995,10,Human,4
PA,1996,4,Human,3
PA,1996,5,Human,2
PA,1996,5,Missing data/not specified/undetermined,1
PA,1996,8,Human,1
PA,1996,9,Human,2
PA,1996,10,Human,1
PA,1996,11,Human,1
PA,1996,12,Human,1
PA,1997,2,Human,1
PA,1997,3,Human,3
PA,1997,4,Human,4
PA,1997,5,Human,4
PA,1998,1,Human,1
PA,1998,3,Human,7
PA,1998,4,Human,2
PA,1998,5,Human,1
PA,1998,7,Human,1
PA,1998,8,Human,3
PA,1998,8,Natural,1
PA,1998,10,Human,1
PA,1998,12,Human,1
PA,1999,2,Human,1
PA,1999,3,Human,7
PA,1999,4,Human,6
PA,1999,5,Human,6
PA,1999,6,Human,2
PA,1999,7,Human,5
PA,1999,8,Human,1
PA,1999,8,Natural,1
PA,1999,11,Human,1
PA,2000,3,Human,3
PA,2000,4,Human,7
PA,2000,5,Natural,1
PA,2000,8,Human,2
PA,2000,11,Human,1
PA,2001,3,Human,2
PA,2001,4,Human,12
PA,2001,5,Human,7
PA,2001,5,Natural,1
PA,2001,7,Human,3
PA,2001,8,Human,4
PA,2001,10,Human,1
PA,2001,11,Human,6
PA,2001,11,Missing data/not specified/undetermined,1
PA,2002,1,Human,20
PA,2002,2,Human,47
PA,2002,3,Human,107
PA,2002,3,Natural,1
PA,2002,4,Human,121
PA,2002,4,Natural,22
PA,2002,5,Human,85
PA,2002,6,Human,7
PA,2002,6,Natural,1
PA,2002,7,Human,48
PA,2002,7,Natural,7
PA,2002,8,Human,83
PA,2002,8,Natural,19
PA,2002,9,Human,59
PA,2002,12,Human,1
PA,2003,1,Human,1
PA,2003,3,Human,56
PA,2003,4,Human,243
PA,2003,5,Human,58
PA,2003,5,Natural,5
PA,2003,6,Human,2
PA,2003,7,Human,5
PA,2003,7,Natural,1
PA,2003,8,Human,2
PA,2003,9,Human,1
PA,2003,10,Human,6
PA,2003,11,Human,25
PA,2003,12,Human,2
PA,2004,1,Human,4
PA,2004,2,Human,4
PA,2004,3,Human,29
PA,2004,4,Human,94
PA,2004,5,Human,11
PA,2004,6,Human,2
PA,2004,6,Natural,1
PA,2004,7,Human,2
PA,2004,10,Human,4
PA,2004,11,Human,38
PA,2004,12,Human,4
PA,2005,1,Human,2
PA,2005,2,Human,2
PA,2005,3,Human,28
PA,2005,4,Human,440
PA,2005,4,Natural,1
PA,2005,5,Human,136
PA,2005,5,Natural,2
PA,2005,6,Human,30
PA,2005,6,Natural,2
PA,2005,7,Human,22
PA,2005,7,Natural,2
PA,2005,8,Human,32
PA,2005,8,Natural,1
PA,2005,9,Human,34
PA,2005,9,Natural,1
PA,2005,10,Human,12
PA,2005,11,Human,35
PA,2005,11,Natural,1
PA,2006,1,Human,4
PA,2006,2,Human,44
PA,2006,3,Human,248
PA,2006,3,Missing data/not specified/undetermined,1
PA,2006,4,Human,330
PA,2006,4,Natural,1
PA,2006,5,Human,162
PA,2006,5,Natural,2
PA,2006,6,Human,21
PA,2006,6,Natural,3
PA,2006,7,Human,4
PA,2006,8,Human,23
PA,2006,9,Human,1
PA,2006,10,Human,3
PA,2006,11,Human,8
PA,2006,12,Human,19
PA,2007,1,Human,3
PA,2007,2,Human,3
PA,2007,3,Human,60
PA,2007,4,Human,156
PA,2007,4,Missing data/not specified/undetermined,1
PA,2007,5,Human,166
PA,2007,5,Natural,4
PA,2007,6,Human,13
PA,2007,6,Natural,3
PA,2007,7,Human,33
PA,2007,7,Natural,3
PA,2007,8,Human,7
PA,2007,8,Natural,5
PA,2007,9,Human,15
PA,2007,10,Human,24
PA,2007,10,Natural,2
PA,2007,11,Human,12
PA,2007,12,Human,4
PA,2008,1,Human,12
PA,2008,3,Human,127
PA,2008,3,Missing data/not specified/undetermined,1
PA,2008,3,Natural,1
PA,2008,4,Human,388
PA,2008,5,Human,40
PA,2008,5,Natural,1
PA,2008,6,Human,18
PA,2008,6,Natural,2
PA,2008,7,Human,8
PA,2008,8,Human,15
PA,2008,9,Human,12
PA,2008,9,Natural,1
PA,2008,10,Human,17
PA,2008,10,Natural,1
PA,2008,11,Human,8
PA,2009,2,Human,30
PA,2009,3,Human,222
PA,2009,4,Human,289
PA,2009,4,Missing data/not specified/undetermined,4
PA,2009,4,Natural,1
PA,2009,5,Human,29
PA,2009,5,Natural,1
PA,2009,6,Human,4
PA,2009,7,Human,10
PA,2009,8,Human,1
PA,2009,9,Human,3
PA,2009,10,Human,3
PA,2009,11,Human,34
PA,2009,12,Human,1
PA,2010,1,Human,1
PA,2010,2,Human,1
PA,2010,3,Human,74
PA,2010,4,Human,255
PA,2010,4,Natural,6
PA,2010,5,Human,26
PA,2010,5,Natural,1
PA,2010,6,Human,8
PA,2010,7,Human,46
PA,2010,7,Natural,2
PA,2010,8,Human,20
PA,2010,9,Human,55
PA,2010,9,Natural,2
PA,2010,10,Human,24
PA,2010,11,Human,52
PA,2010,12,Human,10
PA,2011,1,Human,2
PA,2011,1,Natural,2
PA,2011,2,Human,8
PA,2011,3,Human,60
PA,2011,3,Natural,3
PA,2011,4,Human,20
PA,2011,4,Natural,1
PA,2011,5,Human,26
PA,2011,6,Human,8
PA,2011,7,Human,30
PA,2011,7,Natural,2
PA,2011,8,Human,5
PA,2011,8,Natural,1
PA,2011,10,Human,1
PA,2011,11,Human,24
PA,2011,11,Natural,1
PA,2011,12,Human,7
PA,2012,1,Human,12
PA,2012,2,Human,32
PA,2012,3,Human,208
PA,2012,3,Natural,2
PA,2012,4,Human,314
PA,2012,4,Natural,3
PA,2012,5,Human,18
PA,2012,5,Natural,3
PA,2012,6,Human,16
PA,2012,6,Natural,2
PA,2012,7,Human,29
PA,2012,7,Natural,2
PA,2012,8,Human,4
PA,2012,9,Human,5
PA,2012,10,Human,16
PA,2012,11,Human,57
PA,2012,12,Human,1
PA,2013,1,Human,2
PA,2013,2,Human,5
PA,2013,3,Human,70
PA,2013,4,Human,315
PA,2013,4,Natural,1
PA,2013,5,Human,122
PA,2013,6,Human,9
PA,2013,6,Natural,1
PA,2013,7,Human,7
PA,2013,8,Human,10
PA,2013,8,Natural,2
PA,2013,9,Human,12
PA,2013,10,Human,24
PA,2013,11,Human,58
PA,2013,12,Human,1
PA,2014,1,Human,1
PA,2014,2,Human,3
PA,2014,3,Human,152
PA,2014,4,Human,448
PA,2014,5,Human,72
PA,2014,6,Human,7
PA,2014,7,Human,12
PA,2014,8,Human,12
PA,2014,9,Human,11
PA,2014,10,Human,45
PA,2014,10,Natural,1
PA,2014,11,Human,111
PA,2015,1,Human,2
PA,2015,2,Human,1
PA,2015,3,Human,80
PA,2015,3,Natural,1
PA,2015,4,Human,441
PA,2015,5,Human,155
PA,2015,5,Natural,1
PA,2015,6,Human,5
PA,2015,6,Natural,2
PA,2015,7,Human,5
PA,2015,8,Human,14
PA,2015,9,Human,16
PA,2015,9,Natural,1
PA,2015,10,Human,22
PA,2015,11,Human,59
PA,2015,12,Human,2
PA,2016,1,Human,22
PA,2016,2,Human,33
PA,2016,3,Human,278
PA,2016,3,Natural,1
PA,2016,4,Human,284
PA,2016,4,Natural,2
PA,2016,5,Human,19
PA,2016,6,Human,16
PA,2016,7,Human,45
PA,2016,7,Natural,6
PA,2016,8,Human,14
PA,2016,8,Natural,1
PA,2016,9,Human,17
PA,2016,9,Natural,1
PA,2016,10,Human,11
PA,2016,11,Human,102
PA,2016,12,Human,2
PA,2017,1,Human,5
PA,2017,2,Human,82
PA,2017,3,Human,65
PA,2017,3,Natural,1
PA,2017,4,Human,232
PA,2017,5,Human,25
PA,2017,6,Human,21
PA,2017,7,Human,6
PA,2017,7,Natural,1
PA,2017,8,Human,5
PA,2017,9,Human,14
PA,2017,10,Human,32
PA,2017,11,Human,46
PA,2017,12,Human,6
PA,2018,1,Human,1
PA,2018,2,Human,17
PA,2018,3,Human,127
PA,2018,4,Human,371
PA,2018,5,Human,160
PA,2018,5,Natural,1
PA,2018,6,Human,3
PA,2018,7,Human,11
PA,2018,7,Natural,1
PA,2018,10,Human,1
PA,2018,11,Human,1
PA,2018,12,Human,1
PA,2019,1,Human,4
PA,2019,2,Human,11
PA,2019,3,Human,197
PA,2019,4,Human,186
PA,2019,5,Human,9
PA,2019,6,Human,8
PA,2019,7,Human,8
PA,2019,8,Human,7
PA,2019,8,Natural,1
PA,2019,9,Human,17
PA,2019,10,Human,28
PA,2019,11,Human,68
PA,2019,12,Human,1
PA,2020,1,Human,4
PA,2020,1,Natural,1
PA,2020,2,Human,161
PA,2020,3,Human,412
PA,2020,3,Missing data/not specified/undetermined,1
PA,2020,4,Human,240
PA,2020,4,Missing data/not specified/undetermined,1
PA,2020,4,Natural,1
PA,2020,5,Human,145
PA,2020,6,Human,38
PA,2020,6,Natural,2
PA,2020,7,Human,66
PA,2020,7,Natural,2
PA,2020,8,Human,67
PA,2020,8,Natural,2
PA,2020,9,Human,59
PA,2020,10,Human,69
PA,2020,11,Human,232
PA,2020,12,Human,10
PR,1992,4,Human,3
PR,1992,5,Human,1
PR,1993,2,Human,1
PR,1994,2,Human,2
PR,1994,2,Missing data/not specified/undetermined,1
PR,1994,5,Human,1
PR,1996,2,Human,2
PR,1996,11,Human,1
PR,1997,3,Human,1
PR,1997,4,Human,2
PR,1997,5,Human,2
PR,1997,6,Human,1
PR,1998,3,Missing data/not specified/undetermined,1
PR,2002,2,Missing data/not specified/undetermined,1
PR,2003,1,Missing data/not specified/undetermined,381
PR,2003,2,Missing data/not specified/undetermined,522
PR,2003,3,Human,1
PR,2003,3,Missing data/not specified/undetermined,1754
PR,2003,4,Missing data/not specified/undetermined,82
PR,2003,5,Missing data/not specified/undetermined,160
PR,2003,6,Missing data/not specified/undetermined,229
PR,2003,7,Missing data/not specified/undetermined,233
PR,2003,8,Missing data/not specified/undetermined,126
PR,2003,9,Missing data/not specified/undetermined,67
PR,2003,10,Missing data/not specified/undetermined,33
PR,2003,11,Missing data/not specified/undetermined,6
PR,2003,12,Missing data/not specified/undetermined,28
PR,2004,1,Missing data/not specified/undetermined,73
PR,2004,2,Human,1
PR,2004,2,Missing data/not specified/undetermined,339
PR,2004,3,Missing data/not specified/undetermined,516
PR,2004,4,Missing data/not specified/undetermined,287
PR,2004,5,Missing data/not specified/undetermined,60
PR,2004,6,Missing data/not specified/undetermined,97
PR,2004,7,Missing data/not specified/undetermined,134
PR,2004,8,Missing data/not specified/undetermined,106
PR,2004,9,Missing data/not specified/undetermined,32
PR,2004,10,Missing data/not specified/undetermined,31
PR,2004,11,Missing data/not specified/undetermined,50
PR,2004,12,Missing data/not specified/undetermined,159
PR,2005,1,Missing data/not specified/undetermined,327
PR,2005,2,Human,1
PR,2005,2,Missing data/not specified/undetermined,1211
PR,2005,3,Human,26
PR,2005,3,Missing data/not specified/undetermined,2098
PR,2005,4,Human,21
PR,2005,4,Missing data/not specified/undetermined,299
PR,2005,5,Missing data/not specified/undetermined,46
PR,2005,6,Missing data/not specified/undetermined,11
PR,2005,7,Missing data/not specified/undetermined,13
PR,2005,8,Missing data/not specified/undetermined,15
PR,2005,9,Missing data/not specified/undetermined,30
PR,2005,10,Missing data/not specified/undetermined,5
PR,2005,11,Missing data/not specified/undetermined,16
PR,2005,12,Missing data/not specified/undetermined,155
PR,2006,1,Missing data/not specified/undetermined,417
PR,2006,2,Human,1
PR,2006,2,Missing data/not specified/undetermined,756
PR,2006,3,Missing data/not specified/undetermined,653
PR,2006,4,Missing data/not specified/undetermined,143
PR,2006,5,Missing data/not specified/undetermined,100
PR,2006,6,Missing data/not specified/undetermined,82
PR,2006,7,Missing data/not specified/undetermined,34
PR,2006,8,Missing data/not specified/undetermined,48
PR,2006,9,Missing data/not specified/undetermined,62
PR,2006,10,Missing data/not specified/undetermined,40
PR,2006,11,Missing data/not specified/undetermined,46
PR,2006,12,Missing data/not specified/undetermined,147
PR,2007,1,Missing data/not specified/undetermined,823
PR,2007,2,Missing data/not specified/undetermined,1409
PR,2007,3,Human,3
PR,2007,3,Missing data/not specified/undetermined,797
PR,2007,4,Human,2
PR,2007,4,Missing data/not specified/undetermined,225
PR,2007,5,Missing data/not specified/undetermined,109
PR,2007,6,Missing data/not specified/undetermined,70
PR,2007,7,Missing data/not specified/undetermined,100
PR,2007,7,Natural,1
PR,2007,8,Missing data/not specified/undetermined,44
PR,2007,9,Missing data/not specified/undetermined,34
PR,2007,10,Missing data/not specified/undetermined,24
PR,2007,11,Missing data/not specified/undetermined,22
PR,2007,12,Missing data/not specified/undetermined,30
PR,2008,2,Missing data/not specified/undetermined,1
PR,2008,3,Human,2
PR,2008,3,Missing data/not specified/undetermined,2
PR,2008,4,Human,1
PR,2008,4,Missing data/not specified/undetermined,4
PR,2008,5,Human,4
PR,2008,5,Missing data/not specified/undetermined,1
PR,2008,6,Human,1
PR,2008,7,Human,1
PR,2009,1,Missing data/not specified/undetermined,181
PR,2009,2,Missing data/not specified/undetermined,309
PR,2009,3,Human,1
PR,2009,3,Missing data/not specified/undetermined,342
PR,2009,4,Human,2
PR,2009,4,Missing data/not specified/undetermined,318
PR,2009,5,Missing data/not specified/undetermined,53
PR,2009,6,Missing data/not specified/undetermined,86
PR,2009,7,Missing data/not specified/undetermined,136
PR,2009,8,Human,1
PR,2009,8,Missing data/not specified/undetermined,82
PR,2009,9,Missing data/not specified/undetermined,36
PR,2009,10,Missing data/not specified/undetermined,48
PR,2009,11,Missing data/not specified/undetermined,30
PR,2009,12,Missing data/not specified/undetermined,65
PR,2010,1,Missing data/not specified/undetermined,81
PR,2010,2,Missing data/not specified/undetermined,595
PR,2010,3,Missing data/not specified/undetermined,466
PR,2010,4,Missing data/not specified/undetermined,247
PR,2010,5,Missing data/not specified/undetermined,80
PR,2010,6,Missing data/not specified/undetermined,12
PR,2010,7,Missing data/not specified/undetermined,18
PR,2010,8,Missing data/not specified/undetermined,17
PR,2010,9,Missing data/not specified/undetermined,28
PR,2010,10,Missing data/not specified/undetermined,31
PR,2010,11,Missing data/not specified/undetermined,42
PR,2010,12,Missing data/not specified/undetermined,133
PR,2011,1,Missing data/not specified/undetermined,548
PR,2011,2,Missing data/not specified/undetermined,795
PR,2011,3,Human,2
PR,2011,3,Missing data/not specified/undetermined,592
PR,2011,4,Missing data/not specified/undetermined,388
PR,2011,5,Missing data/not specified/undetermined,31
PR,2011,6,Missing data/not specified/undetermined,12
PR,2011,7,Missing data/not specified/undetermined,9
PR,2011,8,Missing data/not specified/undetermined,14
PR,2011,9,Missing data/not specified/undetermined,16
PR,2011,10,Missing data/not specified/undetermined,16
PR,2011,11,Missing data/not specified/undetermined,11
PR,2011,12,Missing data/not specified/undetermined,56
PR,2012,1,Missing data/not specified/undetermined,1
PR,2012,3,Missing data/not specified/undetermined,3
PR,2012,4,Missing data/not specified/undetermined,1
PR,2012,6,Missing data/not specified/undetermined,2
PR,2012,9,Natural,1
PR,2013,1,Missing data/not specified/undetermined,1
PR,2013,2,Human,1
PR,2013,2,Missing data/not specified/undetermined,4
PR,2013,3,Human,4
PR,2013,3,Missing data/not specified/undetermined,1
PR,2013,4,Human,9
PR,2013,5,Human,1
PR,2013,6,Human,5
PR,2013,7,Human,1
PR,2013,8,Human,6
PR,2014,1,Human,3
PR,2014,2,Human,4
PR,2014,2,Missing data/not specified/undetermined,1
PR,2014,3,Human,7
PR,2014,3,Missing data/not specified/undetermined,2
PR,2014,4,Human,4
PR,2014,6,Human,10
PR,2014,7,Human,3
PR,2014,8,Human,6
PR,2014,8,Missing data/not specified/undetermined,1
PR,2014,10,Human,1
PR,2015,3,Human,6
PR,2015,5,Human,1
PR,2015,6,Human,2
PR,2015,7,Human,2
PR,2015,8,Human,2
PR,2015,10,Human,1
PR,2015,11,Human,14
PR,2016,1,Human,1
PR,2016,2,Human,1
PR,2016,3,Human,2
PR,2016,4,Human,7
PR,2016,6,Human,1
PR,2016,9,Human,2
PR,2016,10,Human,7
PR,2016,11,Human,4
PR,2016,12,Human,1
PR,2017,2,Human,1
PR,2017,3,Human,4
PR,2017,4,Human,5
PR,2017,5,Human,4
PR,2017,6,Human,5
PR,2017,7,Human,6
PR,2018,2,Human,1
PR,2018,3,Human,7
PR,2018,5,Human,1
PR,2018,6,Human,7
PR,2018,7,Human,3
PR,2018,8,Human,3
PR,2018,9,Human,1
PR,2018,10,Human,3
PR,2018,12,Human,1
PR,2019,1,Human,4
PR,2019,1,Missing data/not specified/undetermined,1
PR,2019,3,Human,6
PR,2019,4,Human,9
PR,2019,4,Missing data/not specified/undetermined,1
PR,2019,5,Human,2
PR,2019,5,Missing data/not specified/undetermined,2
PR,2019,6,Human,1
PR,2019,7,Human,1
PR,2019,8,Human,3
PR,2019,9,Human,1
PR,2020,3,Human,2
PR,2020,6,Human,4
PR,2020,7,Human,1
PR,2020,8,Human,2
PR,2020,9,Human,1
PR,2020,10,Human,1
PR,2020,11,Human,1
RI,1994,5,Missing data/not specified/undetermined,1
RI,2005,4,Human,7
RI,2005,5,Human,4
RI,2005,7,Human,3
RI,2005,8,Human,4
RI,2006,3,Human,9
RI,2006,4,Human,14
RI,2006,5,Human,1
RI,2006,7,Human,1
RI,2007,2,Human,2
RI,2007,3,Human,3
RI,2007,4,Human,4
RI,2007,5,Human,6
RI,2007,6,Human,1
RI,2007,8,Human,1
RI,2007,9,Human,4
RI,2008,3,Human,18
RI,2008,4,Human,68
RI,2008,5,Human,23
RI,2008,6,Human,5
RI,2008,7,Human,3
RI,2008,9,Human,1
RI,2008,10,Human,2
RI,2008,11,Human,14
RI,2008,12,Human,1
RI,2009,2,Human,2
RI,2009,3,Human,1
RI,2009,4,Human,26
RI,2009,5,Human,9
RI,2009,7,Human,1
RI,2009,8,Human,2
RI,2009,9,Human,2
RI,2009,10,Human,2
RI,2009,11,Human,1
RI,2009,12,Human,1
RI,2011,3,Human,16
RI,2011,4,Human,8
RI,2011,4,Missing data/not specified/undetermined,1
RI,2011,5,Human,2
RI,2011,6,Human,5
RI,2011,8,Human,1
RI,2011,9,Human,1
RI,2012,1,Human,1
RI,2012,2,Human,3
RI,2012,3,Human,8
RI,2012,4,Human,22
RI,2012,5,Human,2
RI,2012,7,Human,5
RI,2012,8,Human,1
RI,2012,9,Human,2
RI,2012,11,Human,4
RI,2012,12,Human,1
RI,2013,3,Human,3
RI,2013,4,Human,10
RI,2013,5,Human,2
RI,2013,10,Human,4
RI,2014,3,Human,10
RI,2014,4,Human,11
RI,2014,5,Human,6
RI,2014,6,Human,4
RI,2014,7,Human,1
RI,2014,8,Human,6
RI,2014,9,Human,3
RI,2014,11,Human,5
RI,2015,4,Human,16
RI,2015,5,Human,31
RI,2015,6,Human,6
RI,2015,7,Human,2
RI,2015,8,Human,3
RI,2015,9,Human,15
RI,2015,10,Human,2
RI,2015,11,Human,8
RI,2015,12,Human,2
RI,2016,2,Human,1
RI,2016,3,Human,21
RI,2016,4,Human,18
RI,2016,5,Human,8
RI,2016,6,Human,18
RI,2016,7,Human,10
RI,2016,8,Human,2
RI,2016,11,Human,3
RI,2016,12,Human,1
RI,2017,2,Human,2
RI,2017,3,Human,4
RI,2017,4,Human,16
RI,2017,5,Human,2
RI,2017,7,Human,5
RI,2017,8,Human,3
RI,2017,10,Human,2
RI,2017,11,Human,1
RI,2018,1,Human,1
RI,2018,2,Human,1
RI,2018,3,Human,3
RI,2018,4,Human,11
RI,2018,5,Human,9
RI,2018,6,Human,4
RI,2018,7,Human,2
RI,2018,9,Human,1
RI,2018,12,Human,2
RI,2019,1,Human,1
RI,2019,3,Human,13
RI,2019,4,Human,17
RI,2019,5,Human,4
RI,2019,6,Human,1
RI,2019,7,Human,3
RI,2019,8,Human,1
RI,2019,8,Natural,1
RI,2019,9,Human,1
RI,2019,11,Human,2
RI,2020,2,Human,13
RI,2020,3,Human,20
RI,2020,4,Human,10
RI,2020,5,Human,23
RI,2020,6,Human,3
RI,2020,7,Human,5
RI,2020,8,Human,11
RI,2020,8,Natural,1
RI,2020,9,Human,18
RI,2020,10,Human,6
RI,2020,11,Human,2
SC,1992,1,Human,10
SC,1992,1,Missing data/not specified/undetermined,617
SC,1992,2,Human,16
SC,1992,2,Missing data/not specified/undetermined,1115
SC,1992,3,Human,7
SC,1992,3,Missing data/not specified/undetermined,1294
SC,1992,4,Human,12
SC,1992,4,Missing data/not specified/undetermined,903
SC,1992,4,Natural,2
SC,1992,5,Human,1
SC,1992,5,Missing data/not specified/undetermined,319
SC,1992,5,Natural,3
SC,1992,6,Missing data/not specified/undetermined,68
SC,1992,7,Human,1
SC,1992,7,Missing data/not specified/undetermined,290
SC,1992,7,Natural,1
SC,1992,8,Missing data/not specified/undetermined,140
SC,1992,9,Human,1
SC,1992,9,Missing data/not specified/undetermined,48
SC,1992,10,Missing data/not specified/undetermined,116
SC,1992,11,Missing data/not specified/undetermined,87
SC,1992,12,Human,4
SC,1992,12,Missing data/not specified/undetermined,140
SC,1993,1,Human,6
SC,1993,1,Missing data/not specified/undetermined,226
SC,1993,2,Human,18
SC,1993,2,Missing data/not specified/undetermined,451
SC,1993,3,Human,32
SC,1993,3,Missing data/not specified/undetermined,711
SC,1993,4,Human,12
SC,1993,4,Missing data/not specified/undetermined,579
SC,1993,4,Natural,1
SC,1993,5,Human,11
SC,1993,5,Missing data/not specified/undetermined,310
SC,1993,5,Natural,1
SC,1993,6,Human,6
SC,1993,6,Missing data/not specified/undetermined,587
SC,1993,6,Natural,2
SC,1993,7,Human,11
SC,1993,7,Missing data/not specified/undetermined,868
SC,1993,7,Natural,9
SC,1993,8,Human,4
SC,1993,8,Missing data/not specified/undetermined,362
SC,1993,8,Natural,2
SC,1993,9,Human,4
SC,1993,9,Missing data/not specified/undetermined,296
SC,1993,10,Human,4
SC,1993,10,Missing data/not specified/undetermined,184
SC,1993,11,Human,10
SC,1993,11,Missing data/not specified/undetermined,328
SC,1993,12,Human,11
SC,1993,12,Missing data/not specified/undetermined,241
SC,1994,1,Human,13
SC,1994,1,Missing data/not specified/undetermined,513
SC,1994,2,Human,23
SC,1994,2,Missing data/not specified/undetermined,757
SC,1994,3,Human,39
SC,1994,3,Missing data/not specified/undetermined,1216
SC,1994,4,Human,12
SC,1994,4,Missing data/not specified/undetermined,672
SC,1994,5,Human,14
SC,1994,5,Missing data/not specified/undetermined,607
SC,1994,6,Human,2
SC,1994,6,Missing data/not specified/undetermined,189
SC,1994,6,Natural,6
SC,1994,7,Missing data/not specified/undetermined,76
SC,1994,8,Human,1
SC,1994,8,Missing data/not specified/undetermined,30
SC,1994,8,Natural,1
SC,1994,9,Human,2
SC,1994,9,Missing data/not specified/undetermined,54
SC,1994,10,Missing data/not specified/undetermined,42
SC,1994,11,Human,1
SC,1994,11,Missing data/not specified/undetermined,134
SC,1994,12,Human,1
SC,1994,12,Missing data/not specified/undetermined,84
SC,1995,1,Human,5
SC,1995,1,Missing data/not specified/undetermined,112
SC,1995,2,Human,6
SC,1995,2,Missing data/not specified/undetermined,322
SC,1995,3,Human,37
SC,1995,3,Missing data/not specified/undetermined,1033
SC,1995,3,Natural,1
SC,1995,4,Human,8
SC,1995,4,Missing data/not specified/undetermined,825
SC,1995,4,Natural,1
SC,1995,5,Human,15
SC,1995,5,Missing data/not specified/undetermined,460
SC,1995,5,Natural,6
SC,1995,6,Human,2
SC,1995,6,Missing data/not specified/undetermined,67
SC,1995,6,Natural,2
SC,1995,7,Missing data/not specified/undetermined,101
SC,1995,7,Natural,2
SC,1995,8,Human,3
SC,1995,8,Missing data/not specified/undetermined,74
SC,1995,8,Natural,1
SC,1995,9,Human,1
SC,1995,9,Missing data/not specified/undetermined,29
SC,1995,10,Human,2
SC,1995,10,Missing data/not specified/undetermined,49
SC,1995,11,Human,4
SC,1995,11,Missing data/not specified/undetermined,111
SC,1995,12,Human,12
SC,1995,12,Missing data/not specified/undetermined,229
SC,1996,1,Human,5
SC,1996,1,Missing data/not specified/undetermined,251
SC,1996,2,Human,21
SC,1996,2,Missing data/not specified/undetermined,1240
SC,1996,3,Human,22
SC,1996,3,Missing data/not specified/undetermined,904
SC,1996,4,Human,29
SC,1996,4,Missing data/not specified/undetermined,733
SC,1996,5,Human,8
SC,1996,5,Missing data/not specified/undetermined,246
SC,1996,5,Natural,2
SC,1996,6,Human,4
SC,1996,6,Missing data/not specified/undetermined,195
SC,1996,7,Human,3
SC,1996,7,Missing data/not specified/undetermined,246
SC,1996,7,Natural,1
SC,1996,8,Missing data/not specified/undetermined,26
SC,1996,8,Natural,1
SC,1996,9,Missing data/not specified/undetermined,66
SC,1996,10,Human,1
SC,1996,10,Missing data/not specified/undetermined,120
SC,1996,11,Human,5
SC,1996,11,Missing data/not specified/undetermined,109
SC,1996,12,Human,7
SC,1996,12,Missing data/not specified/undetermined,169
SC,1997,1,Human,340
SC,1997,2,Human,249
SC,1997,3,Human,883
SC,1997,3,Missing data/not specified/undetermined,1
SC,1997,3,Natural,1
SC,1997,4,Human,584
SC,1997,5,Human,288
SC,1997,5,Natural,2
SC,1997,6,Human,52
SC,1997,6,Natural,2
SC,1997,7,Human,75
SC,1997,7,Natural,16
SC,1997,8,Human,130
SC,1997,8,Natural,11
SC,1997,9,Human,198
SC,1997,9,Natural,4
SC,1997,10,Human,66
SC,1997,11,Human,63
SC,1997,12,Human,105
SC,1998,1,Human,63
SC,1998,2,Human,153
SC,1998,2,Natural,1
SC,1998,3,Human,414
SC,1998,3,Natural,1
SC,1998,4,Human,208
SC,1998,4,Natural,1
SC,1998,5,Human,100
SC,1998,5,Natural,2
SC,1998,6,Human,229
SC,1998,6,Natural,19
SC,1998,7,Human,348
SC,1998,7,Natural,43
SC,1998,8,Human,151
SC,1998,8,Natural,7
SC,1998,9,Human,136
SC,1998,9,Natural,4
SC,1998,10,Human,444
SC,1998,11,Human,575
SC,1998,12,Human,607
SC,1998,12,Natural,2
SC,1999,1,Human,446
SC,1999,2,Human,848
SC,1999,2,Natural,1
SC,1999,3,Human,1373
SC,1999,3,Natural,5
SC,1999,4,Human,793
SC,1999,4,Natural,7
SC,1999,5,Human,231
SC,1999,5,Natural,13
SC,1999,6,Human,343
SC,1999,6,Natural,11
SC,1999,7,Human,95
SC,1999,7,Natural,19
SC,1999,8,Human,341
SC,1999,8,Natural,72
SC,1999,9,Human,293
SC,1999,9,Natural,17
SC,1999,10,Human,55
SC,1999,10,Natural,1
SC,1999,11,Human,150
SC,1999,12,Human,270
SC,2000,1,Human,290
SC,2000,1,Natural,1
SC,2000,2,Human,677
SC,2000,3,Human,758
SC,2000,3,Natural,6
SC,2000,4,Human,402
SC,2000,4,Natural,5
SC,2000,5,Human,629
SC,2000,5,Natural,31
SC,2000,6,Human,467
SC,2000,6,Natural,88
SC,2000,7,Human,319
SC,2000,7,Natural,38
SC,2000,8,Human,122
SC,2000,8,Natural,24
SC,2000,9,Human,38
SC,2000,9,Natural,1
SC,2000,10,Human,358
SC,2000,11,Human,350
SC,2000,12,Human,390
SC,2000,12,Natural,1
SC,2001,1,Human,810
SC,2001,2,Human,615
SC,2001,3,Human,563
SC,2001,4,Human,750
SC,2001,4,Natural,1
SC,2001,5,Human,671
SC,2001,5,Natural,28
SC,2001,6,Human,124
SC,2001,6,Natural,26
SC,2001,7,Human,85
SC,2001,7,Natural,10
SC,2001,8,Human,152
SC,2001,8,Natural,18
SC,2001,9,Human,121
SC,2001,9,Natural,5
SC,2001,10,Human,580
SC,2001,10,Natural,2
SC,2001,11,Human,1038
SC,2001,11,Missing data/not specified/undetermined,2
SC,2001,12,Human,620
SC,2001,12,Missing data/not specified/undetermined,4
SC,2002,1,Human,407
SC,2002,2,Human,1204
SC,2002,2,Missing data/not specified/undetermined,1
SC,2002,3,Human,833
SC,2002,3,Natural,5
SC,2002,4,Human,555
SC,2002,4,Natural,21
SC,2002,5,Human,214
SC,2002,5,Natural,10
SC,2002,6,Human,375
SC,2002,6,Natural,58
SC,2002,7,Human,289
SC,2002,7,Missing data/not specified/undetermined,1
SC,2002,7,Natural,106
SC,2002,8,Human,327
SC,2002,8,Natural,62
SC,2002,9,Human,65
SC,2002,9,Natural,2
SC,2002,10,Human,14
SC,2002,11,Human,43
SC,2002,12,Human,90
SC,2002,12,Missing data/not specified/undetermined,1
SC,2003,1,Human,292
SC,2003,2,Human,211
SC,2003,2,Natural,1
SC,2003,3,Human,120
SC,2003,3,Missing data/not specified/undetermined,1
SC,2003,4,Human,98
SC,2003,5,Human,30
SC,2003,5,Natural,3
SC,2003,6,Human,28
SC,2003,7,Human,9
SC,2003,7,Natural,6
SC,2003,8,Human,21
SC,2003,9,Human,77
SC,2003,10,Human,99
SC,2003,10,Natural,1
SC,2003,11,Human,131
SC,2003,12,Human,187
SC,2004,1,Human,487
SC,2004,2,Human,256
SC,2004,3,Human,1159
SC,2004,3,Natural,3
SC,2004,4,Human,638
SC,2004,4,Missing data/not specified/undetermined,2
SC,2004,4,Natural,1
SC,2004,5,Human,203
SC,2004,5,Natural,18
SC,2004,6,Human,100
SC,2004,6,Missing data/not specified/undetermined,1
SC,2004,6,Natural,20
SC,2004,7,Human,63
SC,2004,7,Natural,23
SC,2004,8,Human,49
SC,2004,8,Natural,2
SC,2004,9,Human,20
SC,2004,9,Natural,1
SC,2004,10,Human,2
SC,2004,11,Human,5
SC,2004,11,Missing data/not specified/undetermined,1
SC,2004,12,Human,4
SC,2005,1,Human,348
SC,2005,1,Missing data/not specified/undetermined,1
SC,2005,2,Human,312
SC,2005,3,Human,674
SC,2005,3,Missing data/not specified/undetermined,1
SC,2005,3,Natural,4
SC,2005,4,Human,385
SC,2005,4,Natural,3
SC,2005,5,Human,124
SC,2005,5,Natural,5
SC,2005,6,Human,41
SC,2005,6,Natural,5
SC,2005,7,Human,31
SC,2005,7,Natural,9
SC,2005,8,Human,22
SC,2005,8,Natural,7
SC,2005,9,Human,207
SC,2005,9,Natural,1
SC,2005,10,Human,126
SC,2005,11,Human,267
SC,2005,11,Missing data/not specified/undetermined,2
SC,2005,12,Human,129
SC,2006,1,Human,236
SC,2006,1,Missing data/not specified/undetermined,1
SC,2006,2,Human,243
SC,2006,2,Natural,1
SC,2006,3,Human,797
SC,2006,3,Missing data/not specified/undetermined,3
SC,2006,4,Human,637
SC,2006,4,Missing data/not specified/undetermined,1
SC,2006,4,Natural,13
SC,2006,5,Human,182
SC,2006,5,Natural,23
SC,2006,6,Human,125
SC,2006,6,Natural,16
SC,2006,7,Human,152
SC,2006,7,Natural,36
SC,2006,8,Human,60
SC,2006,8,Natural,29
SC,2006,9,Human,41
SC,2006,10,Human,64
SC,2006,10,Natural,2
SC,2006,11,Human,103
SC,2006,12,Human,90
SC,2007,1,Human,121
SC,2007,1,Missing data/not specified/undetermined,1
SC,2007,2,Human,436
SC,2007,2,Missing data/not specified/undetermined,1
SC,2007,3,Human,714
SC,2007,4,Human,573
SC,2007,4,Natural,7
SC,2007,5,Human,334
SC,2007,5,Natural,4
SC,2007,6,Human,107
SC,2007,6,Natural,32
SC,2007,7,Human,145
SC,2007,7,Natural,27
SC,2007,8,Human,278
SC,2007,8,Natural,81
SC,2007,9,Human,235
SC,2007,9,Natural,11
SC,2007,10,Human,191
SC,2007,10,Natural,1
SC,2007,11,Human,331
SC,2007,11,Natural,1
SC,2007,12,Human,365
SC,2007,12,Missing data/not specified/undetermined,1
SC,2007,12,Natural,1
SC,2008,1,Human,187
SC,2008,2,Human,456
SC,2008,2,Natural,1
SC,2008,3,Human,541
SC,2008,3,Natural,2
SC,2008,4,Human,191
SC,2008,4,Natural,2
SC,2008,5,Human,180
SC,2008,5,Natural,14
SC,2008,6,Human,390
SC,2008,6,Natural,124
SC,2008,7,Human,180
SC,2008,7,Natural,53
SC,2008,8,Human,75
SC,2008,8,Natural,39
SC,2008,9,Human,56
SC,2008,9,Natural,1
SC,2008,10,Human,43
SC,2008,11,Human,111
SC,2008,11,Natural,1
SC,2008,12,Human,97
SC,2009,1,Human,120
SC,2009,2,Human,546
SC,2009,2,Missing data/not specified/undetermined,1
SC,2009,2,Natural,1
SC,2009,3,Human,394
SC,2009,3,Missing data/not specified/undetermined,2
SC,2009,4,Human,211
SC,2009,4,Natural,5
SC,2009,5,Human,39
SC,2009,5,Natural,4
SC,2009,6,Human,49
SC,2009,6,Natural,10
SC,2009,7,Human,79
SC,2009,7,Natural,12
SC,2009,8,Human,57
SC,2009,8,Natural,12
SC,2009,9,Human,126
SC,2009,10,Human,51
SC,2009,10,Natural,1
SC,2009,11,Human,27
SC,2009,12,Human,10
SC,2010,1,Human,96
SC,2010,2,Human,132
SC,2010,3,Human,403
SC,2010,3,Natural,2
SC,2010,4,Human,407
SC,2010,4,Natural,3
SC,2010,5,Human,122
SC,2010,5,Natural,3
SC,2010,6,Human,77
SC,2010,6,Natural,30
SC,2010,7,Human,80
SC,2010,7,Natural,17
SC,2010,8,Human,35
SC,2010,8,Natural,4
SC,2010,9,Human,250
SC,2010,10,Human,156
SC,2010,11,Human,147
SC,2010,12,Human,180
SC,2011,1,Human,249
SC,2011,2,Human,804
SC,2011,2,Missing data/not specified/undetermined,1
SC,2011,3,Human,561
SC,2011,3,Natural,5
SC,2011,4,Human,208
SC,2011,4,Natural,4
SC,2011,5,Human,127
SC,2011,5,Natural,7
SC,2011,6,Human,257
SC,2011,6,Natural,74
SC,2011,7,Human,225
SC,2011,7,Natural,46
SC,2011,8,Human,118
SC,2011,8,Natural,24
SC,2011,9,Human,142
SC,2011,9,Natural,7
SC,2011,10,Human,78
SC,2011,10,Natural,1
SC,2011,11,Human,118
SC,2011,11,Natural,3
SC,2011,12,Human,122
SC,2012,1,Human,294
SC,2012,2,Human,350
SC,2012,2,Natural,1
SC,2012,3,Human,274
SC,2012,3,Natural,7
SC,2012,4,Human,182
SC,2012,4,Natural,12
SC,2012,5,Human,119
SC,2012,5,Natural,16
SC,2012,6,Human,65
SC,2012,6,Natural,6
SC,2012,7,Human,107
SC,2012,7,Natural,57
SC,2012,8,Human,8
SC,2012,8,Natural,8
SC,2012,9,Human,32
SC,2012,10,Human,86
SC,2012,11,Human,230
SC,2012,11,Natural,1
SC,2012,12,Human,116
SC,2013,1,Human,246
SC,2013,2,Human,161
SC,2013,3,Human,520
SC,2013,3,Natural,2
SC,2013,4,Human,148
SC,2013,4,Natural,3
SC,2013,5,Human,75
SC,2013,6,Human,23
SC,2013,6,Natural,2
SC,2013,7,Human,11
SC,2013,8,Human,20
SC,2013,8,Natural,2
SC,2013,9,Human,52
SC,2013,10,Human,122
SC,2013,11,Human,170
SC,2013,12,Human,69
SC,2014,1,Human,259
SC,2014,2,Human,190
SC,2014,3,Human,364
SC,2014,4,Human,325
SC,2014,4,Natural,1
SC,2014,5,Human,153
SC,2014,5,Natural,8
SC,2014,6,Human,97
SC,2014,6,Natural,22
SC,2014,7,Human,112
SC,2014,7,Natural,9
SC,2014,8,Human,72
SC,2014,9,Human,25
SC,2014,9,Natural,5
SC,2014,10,Human,59
SC,2014,10,Natural,1
SC,2014,11,Human,98
SC,2014,11,Natural,1
SC,2014,12,Human,92
SC,2015,1,Human,109
SC,2015,2,Human,256
SC,2015,3,Human,210
SC,2015,3,Natural,1
SC,2015,4,Human,140
SC,2015,4,Natural,3
SC,2015,5,Human,110
SC,2015,5,Natural,4
SC,2015,6,Human,122
SC,2015,6,Natural,28
SC,2015,7,Human,134
SC,2015,7,Missing data/not specified/undetermined,2
SC,2015,7,Natural,24
SC,2015,8,Human,80
SC,2015,8,Natural,7
SC,2015,9,Human,45
SC,2015,10,Human,11
SC,2015,11,Human,5
SC,2015,12,Human,8
SC,2016,1,Human,26
SC,2016,2,Human,86
SC,2016,2,Natural,1
SC,2016,3,Human,279
SC,2016,3,Natural,2
SC,2016,4,Human,143
SC,2016,5,Human,76
SC,2016,5,Natural,1
SC,2016,6,Human,81
SC,2016,6,Natural,11
SC,2016,7,Human,119
SC,2016,7,Natural,31
SC,2016,8,Human,84
SC,2016,8,Natural,12
SC,2016,9,Human,46
SC,2016,9,Natural,3
SC,2016,10,Human,122
SC,2016,11,Human,241
SC,2016,12,Human,64
SC,2017,1,Human,154
SC,2017,2,Human,386
SC,2017,3,Human,553
SC,2017,3,Natural,13
SC,2017,4,Human,188
SC,2017,4,Natural,6
SC,2017,5,Human,66
SC,2017,5,Natural,2
SC,2017,6,Human,37
SC,2017,6,Natural,1
SC,2017,7,Human,25
SC,2017,7,Natural,4
SC,2017,8,Human,33
SC,2017,8,Natural,3
SC,2017,9,Human,62
SC,2017,10,Human,98
SC,2017,10,Natural,1
SC,2017,11,Human,70
SC,2017,12,Human,80
SC,2018,1,Human,218
SC,2018,2,Human,157
SC,2018,2,Natural,1
SC,2018,3,Human,402
SC,2018,3,Natural,3
SC,2018,4,Human,274
SC,2018,5,Human,133
SC,2018,5,Natural,2
SC,2018,6,Human,53
SC,2018,6,Natural,10
SC,2018,7,Human,62
SC,2018,7,Natural,4
SC,2018,8,Human,49
SC,2018,8,Natural,1
SC,2018,9,Human,79
SC,2018,9,Natural,14
SC,2018,10,Human,18
SC,2018,11,Human,9
SC,2018,12,Human,7
SC,2019,1,Human,43
SC,2019,2,Human,99
SC,2019,3,Human,201
SC,2019,3,Missing data/not specified/undetermined,2
SC,2019,3,Natural,1
SC,2019,4,Human,95
SC,2019,4,Natural,1
SC,2019,5,Human,218
SC,2019,5,Missing data/not specified/undetermined,1
SC,2019,5,Natural,4
SC,2019,6,Human,97
SC,2019,6,Natural,12
SC,2019,7,Human,83
SC,2019,7,Natural,14
SC,2019,8,Human,81
SC,2019,8,Natural,12
SC,2019,9,Human,213
SC,2019,9,Natural,10
SC,2019,10,Human,126
SC,2019,10,Natural,6
SC,2019,11,Human,31
SC,2019,12,Human,36
SC,2020,1,Human,46
SC,2020,2,Human,31
SC,2020,3,Human,124
SC,2020,3,Missing data/not specified/undetermined,1
SC,2020,3,Natural,1
SC,2020,4,Human,168
SC,2020,4,Missing data/not specified/undetermined,2
SC,2020,4,Natural,4
SC,2020,5,Human,95
SC,2020,5,Natural,2
SC,2020,6,Human,26
SC,2020,6,Missing data/not specified/undetermined,1
SC,2020,7,Human,35
SC,2020,7,Missing data/not specified/undetermined,2
SC,2020,7,Natural,12
SC,2020,8,Human,4
SC,2020,8,Natural,3
SC,2020,9,Human,14
SC,2020,9,Natural,1
SC,2020,10,Human,10
SC,2020,11,Human,35
SC,2020,12,Human,28
SD,1992,1,Human,22
SD,1992,2,Human,30
SD,1992,2,Natural,1
SD,1992,3,Human,69
SD,1992,4,Human,63
SD,1992,4,Missing data/not specified/undetermined,1
SD,1992,4,Natural,4
SD,1992,5,Human,45
SD,1992,5,Natural,21
SD,1992,6,Human,26
SD,1992,6,Natural,12
SD,1992,7,Human,33
SD,1992,7,Natural,14
SD,1992,8,Human,27
SD,1992,8,Natural,15
SD,1992,9,Human,46
SD,1992,9,Natural,17
SD,1992,10,Human,77
SD,1992,10,Missing data/not specified/undetermined,1
SD,1992,10,Natural,1
SD,1992,11,Human,14
SD,1992,12,Human,15
SD,1993,1,Human,5
SD,1993,2,Human,6
SD,1993,3,Human,34
SD,1993,4,Human,58
SD,1993,4,Natural,1
SD,1993,5,Human,30
SD,1993,5,Natural,7
SD,1993,6,Human,14
SD,1993,6,Natural,10
SD,1993,7,Human,38
SD,1993,7,Natural,13
SD,1993,8,Human,39
SD,1993,8,Natural,16
SD,1993,9,Human,45
SD,1993,9,Missing data/not specified/undetermined,1
SD,1993,9,Natural,1
SD,1993,10,Human,72
SD,1993,10,Natural,2
SD,1993,11,Human,34
SD,1993,11,Missing data/not specified/undetermined,1
SD,1993,12,Human,11
SD,1994,1,Human,5
SD,1994,2,Human,4
SD,1994,3,Human,93
SD,1994,4,Human,123
SD,1994,4,Natural,3
SD,1994,5,Human,33
SD,1994,5,Natural,7
SD,1994,6,Human,86
SD,1994,6,Natural,23
SD,1994,7,Human,113
SD,1994,7,Natural,64
SD,1994,8,Human,75
SD,1994,8,Natural,74
SD,1994,9,Human,64
SD,1994,9,Natural,35
SD,1994,10,Human,28
SD,1994,10,Natural,1
SD,1994,11,Human,36
SD,1994,12,Human,15
SD,1995,1,Human,17
SD,1995,2,Human,39
SD,1995,3,Human,57
SD,1995,3,Natural,7
SD,1995,4,Human,28
SD,1995,4,Missing data/not specified/undetermined,2
SD,1995,5,Human,14
SD,1995,6,Human,30
SD,1995,6,Natural,2
SD,1995,7,Human,70
SD,1995,7,Missing data/not specified/undetermined,1
SD,1995,7,Natural,36
SD,1995,8,Human,79
SD,1995,8,Missing data/not specified/undetermined,2
SD,1995,8,Natural,46
SD,1995,9,Human,82
SD,1995,9,Natural,57
SD,1995,10,Human,47
SD,1995,11,Human,27
SD,1995,12,Human,22
SD,1996,1,Human,11
SD,1996,2,Human,47
SD,1996,2,Missing data/not specified/undetermined,1
SD,1996,2,Natural,1
SD,1996,3,Human,39
SD,1996,4,Human,84
SD,1996,4,Missing data/not specified/undetermined,4
SD,1996,4,Natural,4
SD,1996,5,Human,19
SD,1996,5,Missing data/not specified/undetermined,1
SD,1996,5,Natural,3
SD,1996,6,Human,36
SD,1996,6,Natural,16
SD,1996,7,Human,163
SD,1996,7,Missing data/not specified/undetermined,1
SD,1996,7,Natural,49
SD,1996,8,Human,140
SD,1996,8,Missing data/not specified/undetermined,1
SD,1996,8,Natural,75
SD,1996,9,Human,52
SD,1996,9,Missing data/not specified/undetermined,2
SD,1996,9,Natural,17
SD,1996,10,Human,48
SD,1996,10,Missing data/not specified/undetermined,1
SD,1996,10,Natural,2
SD,1996,11,Human,18
SD,1996,11,Missing data/not specified/undetermined,1
SD,1996,12,Human,3
SD,1997,1,Human,7
SD,1997,2,Human,11
SD,1997,3,Human,76
SD,1997,4,Human,46
SD,1997,5,Human,47
SD,1997,6,Human,36
SD,1997,6,Natural,10
SD,1997,7,Human,97
SD,1997,7,Natural,33
SD,1997,8,Human,66
SD,1997,8,Natural,32
SD,1997,9,Human,43
SD,1997,9,Natural,15
SD,1997,10,Human,45
SD,1997,11,Human,26
SD,1997,12,Human,17
SD,1998,1,Human,38
SD,1998,1,Missing data/not specified/undetermined,1
SD,1998,2,Human,49
SD,1998,2,Missing data/not specified/undetermined,1
SD,1998,2,Natural,1
SD,1998,3,Human,29
SD,1998,3,Missing data/not specified/undetermined,1
SD,1998,4,Human,122
SD,1998,4,Missing data/not specified/undetermined,8
SD,1998,4,Natural,11
SD,1998,5,Human,50
SD,1998,5,Missing data/not specified/undetermined,3
SD,1998,5,Natural,7
SD,1998,6,Human,36
SD,1998,6,Missing data/not specified/undetermined,2
SD,1998,6,Natural,6
SD,1998,7,Human,73
SD,1998,7,Missing data/not specified/undetermined,3
SD,1998,7,Natural,44
SD,1998,8,Human,47
SD,1998,8,Missing data/not specified/undetermined,1
SD,1998,8,Natural,35
SD,1998,9,Human,73
SD,1998,9,Missing data/not specified/undetermined,3
SD,1998,9,Natural,24
SD,1998,10,Human,49
SD,1998,10,Natural,1
SD,1998,11,Human,29
SD,1998,11,Missing data/not specified/undetermined,2
SD,1998,12,Human,62
SD,1998,12,Missing data/not specified/undetermined,5
SD,1999,1,Human,33
SD,1999,1,Missing data/not specified/undetermined,1
SD,1999,2,Human,89
SD,1999,2,Missing data/not specified/undetermined,1
SD,1999,3,Human,183
SD,1999,3,Missing data/not specified/undetermined,11
SD,1999,4,Human,69
SD,1999,4,Missing data/not specified/undetermined,6
SD,1999,4,Natural,2
SD,1999,5,Human,35
SD,1999,5,Missing data/not specified/undetermined,2
SD,1999,5,Natural,2
SD,1999,6,Human,43
SD,1999,6,Missing data/not specified/undetermined,6
SD,1999,6,Natural,10
SD,1999,7,Human,117
SD,1999,7,Missing data/not specified/undetermined,4
SD,1999,7,Natural,30
SD,1999,8,Human,127
SD,1999,8,Missing data/not specified/undetermined,9
SD,1999,8,Natural,35
SD,1999,9,Human,39
SD,1999,9,Missing data/not specified/undetermined,6
SD,1999,9,Natural,10
SD,1999,10,Human,205
SD,1999,10,Missing data/not specified/undetermined,19
SD,1999,11,Human,178
SD,1999,11,Missing data/not specified/undetermined,25
SD,1999,11,Natural,3
SD,1999,12,Human,104
SD,1999,12,Missing data/not specified/undetermined,5
SD,2000,1,Human,108
SD,2000,1,Missing data/not specified/undetermined,12
SD,2000,2,Human,114
SD,2000,2,Missing data/not specified/undetermined,9
SD,2000,2,Natural,1
SD,2000,3,Human,333
SD,2000,3,Missing data/not specified/undetermined,40
SD,2000,3,Natural,2
SD,2000,4,Human,248
SD,2000,4,Missing data/not specified/undetermined,32
SD,2000,4,Natural,2
SD,2000,5,Human,76
SD,2000,5,Missing data/not specified/undetermined,5
SD,2000,5,Natural,8
SD,2000,6,Human,66
SD,2000,6,Missing data/not specified/undetermined,9
SD,2000,6,Natural,33
SD,2000,7,Human,177
SD,2000,7,Missing data/not specified/undetermined,11
SD,2000,7,Natural,170
SD,2000,8,Human,178
SD,2000,8,Missing data/not specified/undetermined,4
SD,2000,8,Natural,191
SD,2000,9,Human,154
SD,2000,9,Missing data/not specified/undetermined,6
SD,2000,9,Natural,125
SD,2000,10,Human,123
SD,2000,10,Missing data/not specified/undetermined,12
SD,2000,10,Natural,5
SD,2000,11,Human,15
SD,2000,12,Human,2
SD,2001,1,Human,24
SD,2001,1,Missing data/not specified/undetermined,3
SD,2001,2,Human,7
SD,2001,3,Human,46
SD,2001,3,Missing data/not specified/undetermined,3
SD,2001,4,Human,108
SD,2001,4,Missing data/not specified/undetermined,3
SD,2001,4,Natural,12
SD,2001,5,Human,92
SD,2001,5,Missing data/not specified/undetermined,4
SD,2001,5,Natural,6
SD,2001,6,Human,52
SD,2001,6,Missing data/not specified/undetermined,2
SD,2001,6,Natural,27
SD,2001,7,Human,140
SD,2001,7,Missing data/not specified/undetermined,6
SD,2001,7,Natural,87
SD,2001,8,Human,195
SD,2001,8,Missing data/not specified/undetermined,4
SD,2001,8,Natural,86
SD,2001,9,Human,147
SD,2001,9,Missing data/not specified/undetermined,12
SD,2001,9,Natural,30
SD,2001,10,Human,87
SD,2001,10,Missing data/not specified/undetermined,8
SD,2001,10,Natural,1
SD,2001,11,Human,98
SD,2001,11,Missing data/not specified/undetermined,13
SD,2001,12,Human,33
SD,2001,12,Missing data/not specified/undetermined,2
SD,2002,1,Human,77
SD,2002,1,Missing data/not specified/undetermined,5
SD,2002,2,Human,125
SD,2002,2,Missing data/not specified/undetermined,4
SD,2002,2,Natural,3
SD,2002,3,Human,44
SD,2002,4,Human,210
SD,2002,4,Missing data/not specified/undetermined,18
SD,2002,4,Natural,7
SD,2002,5,Human,117
SD,2002,5,Missing data/not specified/undetermined,7
SD,2002,5,Natural,6
SD,2002,6,Human,218
SD,2002,6,Missing data/not specified/undetermined,5
SD,2002,6,Natural,97
SD,2002,7,Human,354
SD,2002,7,Missing data/not specified/undetermined,15
SD,2002,7,Natural,131
SD,2002,8,Human,121
SD,2002,8,Missing data/not specified/undetermined,8
SD,2002,8,Natural,106
SD,2002,9,Human,70
SD,2002,9,Missing data/not specified/undetermined,2
SD,2002,9,Natural,57
SD,2002,10,Human,43
SD,2002,10,Missing data/not specified/undetermined,2
SD,2002,11,Human,43
SD,2002,11,Missing data/not specified/undetermined,2
SD,2002,12,Human,64
SD,2002,12,Missing data/not specified/undetermined,1
SD,2003,1,Human,36
SD,2003,1,Missing data/not specified/undetermined,1
SD,2003,2,Human,26
SD,2003,2,Missing data/not specified/undetermined,1
SD,2003,3,Human,118
SD,2003,3,Missing data/not specified/undetermined,10
SD,2003,3,Natural,2
SD,2003,4,Human,113
SD,2003,4,Missing data/not specified/undetermined,10
SD,2003,4,Natural,2
SD,2003,5,Human,45
SD,2003,5,Missing data/not specified/undetermined,3
SD,2003,6,Human,67
SD,2003,6,Missing data/not specified/undetermined,3
SD,2003,6,Natural,16
SD,2003,7,Human,280
SD,2003,7,Missing data/not specified/undetermined,14
SD,2003,7,Natural,100
SD,2003,8,Human,256
SD,2003,8,Missing data/not specified/undetermined,25
SD,2003,8,Natural,172
SD,2003,9,Human,142
SD,2003,9,Missing data/not specified/undetermined,15
SD,2003,9,Natural,24
SD,2003,10,Human,164
SD,2003,10,Missing data/not specified/undetermined,18
SD,2003,10,Natural,4
SD,2003,11,Human,38
SD,2003,11,Missing data/not specified/undetermined,1
SD,2003,12,Human,23
SD,2003,12,Missing data/not specified/undetermined,1
SD,2004,1,Human,34
SD,2004,2,Human,38
SD,2004,2,Missing data/not specified/undetermined,1
SD,2004,3,Human,119
SD,2004,3,Missing data/not specified/undetermined,4
SD,2004,4,Human,125
SD,2004,4,Missing data/not specified/undetermined,6
SD,2004,4,Natural,7
SD,2004,5,Human,104
SD,2004,5,Missing data/not specified/undetermined,1
SD,2004,5,Natural,19
SD,2004,6,Human,235
SD,2004,6,Missing data/not specified/undetermined,1
SD,2004,6,Natural,24
SD,2004,7,Human,170
SD,2004,7,Natural,107
SD,2004,8,Human,99
SD,2004,8,Missing data/not specified/undetermined,1
SD,2004,8,Natural,60
SD,2004,9,Human,64
SD,2004,9,Missing data/not specified/undetermined,1
SD,2004,9,Natural,26
SD,2004,10,Human,30
SD,2004,10,Natural,1
SD,2004,11,Human,47
SD,2004,12,Human,50
SD,2004,12,Missing data/not specified/undetermined,3
SD,2005,1,Human,40
SD,2005,1,Missing data/not specified/undetermined,1
SD,2005,2,Human,72
SD,2005,2,Missing data/not specified/undetermined,2
SD,2005,3,Human,121
SD,2005,3,Missing data/not specified/undetermined,23
SD,2005,4,Human,105
SD,2005,4,Missing data/not specified/undetermined,19
SD,2005,4,Natural,4
SD,2005,5,Human,45
SD,2005,5,Missing data/not specified/undetermined,1
SD,2005,5,Natural,6
SD,2005,6,Human,67
SD,2005,6,Missing data/not specified/undetermined,1
SD,2005,6,Natural,21
SD,2005,7,Human,313
SD,2005,7,Missing data/not specified/undetermined,17
SD,2005,7,Natural,128
SD,2005,8,Human,134
SD,2005,8,Missing data/not specified/undetermined,11
SD,2005,8,Natural,158
SD,2005,9,Human,138
SD,2005,9,Missing data/not specified/undetermined,9
SD,2005,9,Natural,67
SD,2005,10,Human,109
SD,2005,10,Missing data/not specified/undetermined,3
SD,2005,10,Natural,2
SD,2005,11,Human,119
SD,2005,11,Missing data/not specified/undetermined,4
SD,2005,11,Natural,1
SD,2005,12,Human,20
SD,2006,1,Human,70
SD,2006,1,Missing data/not specified/undetermined,2
SD,2006,2,Human,67
SD,2006,2,Missing data/not specified/undetermined,7
SD,2006,3,Human,75
SD,2006,3,Missing data/not specified/undetermined,3
SD,2006,4,Human,141
SD,2006,4,Missing data/not specified/undetermined,19
SD,2006,4,Natural,12
SD,2006,5,Human,99
SD,2006,5,Missing data/not specified/undetermined,1
SD,2006,5,Natural,10
SD,2006,6,Human,416
SD,2006,6,Missing data/not specified/undetermined,19
SD,2006,6,Natural,100
SD,2006,7,Human,519
SD,2006,7,Missing data/not specified/undetermined,44
SD,2006,7,Natural,401
SD,2006,8,Human,140
SD,2006,8,Missing data/not specified/undetermined,15
SD,2006,8,Natural,277
SD,2006,9,Human,44
SD,2006,9,Natural,8
SD,2006,10,Human,53
SD,2006,10,Missing data/not specified/undetermined,3
SD,2006,10,Natural,1
SD,2006,11,Human,47
SD,2006,11,Missing data/not specified/undetermined,5
SD,2006,11,Natural,2
SD,2006,12,Human,42
SD,2006,12,Missing data/not specified/undetermined,4
SD,2007,1,Human,16
SD,2007,1,Missing data/not specified/undetermined,1
SD,2007,2,Human,18
SD,2007,2,Missing data/not specified/undetermined,2
SD,2007,3,Human,89
SD,2007,3,Missing data/not specified/undetermined,2
SD,2007,3,Natural,1
SD,2007,4,Human,75
SD,2007,4,Missing data/not specified/undetermined,6
SD,2007,4,Natural,3
SD,2007,5,Human,57
SD,2007,5,Missing data/not specified/undetermined,3
SD,2007,5,Natural,35
SD,2007,6,Human,299
SD,2007,6,Missing data/not specified/undetermined,4
SD,2007,6,Natural,27
SD,2007,7,Human,421
SD,2007,7,Missing data/not specified/undetermined,31
SD,2007,7,Natural,121
SD,2007,8,Human,103
SD,2007,8,Missing data/not specified/undetermined,9
SD,2007,8,Natural,105
SD,2007,9,Human,50
SD,2007,9,Missing data/not specified/undetermined,4
SD,2007,9,Natural,27
SD,2007,10,Human,47
SD,2007,10,Missing data/not specified/undetermined,1
SD,2007,10,Natural,1
SD,2007,11,Human,49
SD,2007,11,Missing data/not specified/undetermined,7
SD,2007,12,Human,13
SD,2008,1,Human,59
SD,2008,1,Missing data/not specified/undetermined,5
SD,2008,2,Human,16
SD,2008,3,Human,105
SD,2008,3,Natural,1
SD,2008,4,Human,122
SD,2008,4,Missing data/not specified/undetermined,9
SD,2008,4,Natural,7
SD,2008,5,Human,65
SD,2008,5,Missing data/not specified/undetermined,6
SD,2008,6,Human,55
SD,2008,6,Missing data/not specified/undetermined,3
SD,2008,6,Natural,13
SD,2008,7,Human,225
SD,2008,7,Missing data/not specified/undetermined,15
SD,2008,7,Natural,42
SD,2008,8,Human,164
SD,2008,8,Missing data/not specified/undetermined,4
SD,2008,8,Natural,45
SD,2008,9,Human,56
SD,2008,9,Missing data/not specified/undetermined,5
SD,2008,9,Natural,22
SD,2008,10,Human,68
SD,2008,10,Missing data/not specified/undetermined,6
SD,2008,10,Natural,2
SD,2008,11,Human,40
SD,2008,11,Missing data/not specified/undetermined,3
SD,2008,11,Natural,1
SD,2008,12,Human,26
SD,2009,1,Human,49
SD,2009,1,Natural,1
SD,2009,2,Human,41
SD,2009,2,Missing data/not specified/undetermined,3
SD,2009,3,Human,59
SD,2009,3,Missing data/not specified/undetermined,6
SD,2009,4,Human,84
SD,2009,4,Missing data/not specified/undetermined,8
SD,2009,4,Natural,1
SD,2009,5,Human,68
SD,2009,5,Missing data/not specified/undetermined,6
SD,2009,5,Natural,10
SD,2009,6,Human,60
SD,2009,6,Missing data/not specified/undetermined,3
SD,2009,6,Natural,10
SD,2009,7,Human,133
SD,2009,7,Missing data/not specified/undetermined,5
SD,2009,7,Natural,28
SD,2009,8,Human,86
SD,2009,8,Missing data/not specified/undetermined,5
SD,2009,8,Natural,87
SD,2009,9,Human,92
SD,2009,9,Missing data/not specified/undetermined,3
SD,2009,9,Natural,11
SD,2009,10,Human,27
SD,2009,10,Natural,3
SD,2009,11,Human,72
SD,2009,11,Missing data/not specified/undetermined,1
SD,2009,11,Natural,3
SD,2009,12,Human,18
SD,2009,12,Missing data/not specified/undetermined,1
SD,2010,1,Human,5
SD,2010,2,Human,1
SD,2010,3,Human,84
SD,2010,3,Natural,1
SD,2010,4,Human,127
SD,2010,4,Natural,5
SD,2010,5,Human,61
SD,2010,5,Natural,9
SD,2010,6,Human,69
SD,2010,6,Natural,5
SD,2010,7,Human,240
SD,2010,7,Natural,33
SD,2010,8,Human,170
SD,2010,8,Natural,28
SD,2010,9,Human,82
SD,2010,9,Missing data/not specified/undetermined,1
SD,2010,9,Natural,14
SD,2010,10,Human,71
SD,2010,10,Natural,23
SD,2010,11,Human,48
SD,2010,11,Natural,10
SD,2010,12,Human,12
SD,2010,12,Natural,2
SD,2011,1,Human,2
SD,2011,1,Natural,1
SD,2011,2,Human,19
SD,2011,2,Natural,1
SD,2011,3,Human,34
SD,2011,3,Natural,7
SD,2011,4,Human,112
SD,2011,4,Natural,12
SD,2011,5,Human,73
SD,2011,5,Natural,5
SD,2011,6,Human,33
SD,2011,6,Natural,20
SD,2011,7,Human,129
SD,2011,7,Natural,47
SD,2011,8,Human,117
SD,2011,8,Natural,95
SD,2011,9,Human,144
SD,2011,9,Natural,24
SD,2011,10,Human,248
SD,2011,10,Natural,28
SD,2011,11,Human,170
SD,2011,11,Natural,22
SD,2011,12,Human,76
SD,2011,12,Natural,12
SD,2012,1,Human,85
SD,2012,1,Natural,12
SD,2012,2,Human,75
SD,2012,2,Natural,12
SD,2012,3,Human,311
SD,2012,3,Missing data/not specified/undetermined,1
SD,2012,3,Natural,19
SD,2012,4,Human,142
SD,2012,4,Natural,27
SD,2012,5,Human,90
SD,2012,5,Natural,27
SD,2012,6,Human,216
SD,2012,6,Natural,73
SD,2012,7,Human,498
SD,2012,7,Missing data/not specified/undetermined,1
SD,2012,7,Natural,238
SD,2012,8,Human,272
SD,2012,8,Natural,109
SD,2012,9,Human,259
SD,2012,9,Natural,26
SD,2012,10,Human,120
SD,2012,10,Natural,14
SD,2012,11,Human,59
SD,2012,11,Natural,1
SD,2012,12,Human,38
SD,2012,12,Missing data/not specified/undetermined,1
SD,2013,1,Human,22
SD,2013,1,Natural,4
SD,2013,2,Human,23
SD,2013,2,Natural,1
SD,2013,3,Human,83
SD,2013,3,Natural,6
SD,2013,4,Human,126
SD,2013,4,Natural,7
SD,2013,5,Human,126
SD,2013,5,Natural,20
SD,2013,6,Human,63
SD,2013,6,Natural,11
SD,2013,7,Human,185
SD,2013,7,Natural,54
SD,2013,8,Human,69
SD,2013,8,Natural,26
SD,2013,9,Human,84
SD,2013,9,Natural,23
SD,2013,10,Human,29
SD,2013,10,Natural,3
SD,2013,11,Human,41
SD,2013,11,Natural,4
SD,2013,12,Human,12
SD,2014,1,Human,18
SD,2014,1,Natural,1
SD,2014,2,Human,27
SD,2014,2,Natural,1
SD,2014,3,Human,77
SD,2014,3,Natural,5
SD,2014,4,Human,206
SD,2014,4,Natural,10
SD,2014,5,Human,91
SD,2014,5,Natural,6
SD,2014,6,Human,49
SD,2014,6,Natural,6
SD,2014,7,Human,157
SD,2014,7,Natural,24
SD,2014,8,Human,96
SD,2014,8,Natural,13
SD,2014,9,Human,63
SD,2014,9,Natural,6
SD,2014,10,Human,86
SD,2014,10,Natural,4
SD,2014,11,Human,36
SD,2014,11,Natural,8
SD,2014,12,Human,31
SD,2014,12,Natural,2
SD,2015,1,Human,8
SD,2015,2,Human,35
SD,2015,3,Human,170
SD,2015,3,Natural,5
SD,2015,4,Human,168
SD,2015,4,Natural,2
SD,2015,5,Human,50
SD,2015,5,Natural,1
SD,2015,6,Human,34
SD,2015,6,Missing data/not specified/undetermined,1
SD,2015,6,Natural,6
SD,2015,7,Human,114
SD,2015,7,Natural,19
SD,2015,8,Human,81
SD,2015,8,Natural,33
SD,2015,9,Human,90
SD,2015,9,Natural,12
SD,2015,10,Human,71
SD,2015,10,Natural,13
SD,2015,11,Human,48
SD,2015,11,Natural,1
SD,2015,12,Human,4
SD,2016,1,Human,10
SD,2016,1,Natural,1
SD,2016,2,Human,52
SD,2016,2,Natural,3
SD,2016,3,Human,121
SD,2016,3,Natural,2
SD,2016,4,Human,90
SD,2016,4,Natural,2
SD,2016,5,Human,51
SD,2016,5,Natural,10
SD,2016,6,Human,152
SD,2016,6,Natural,51
SD,2016,7,Human,271
SD,2016,7,Natural,120
SD,2016,8,Human,91
SD,2016,8,Natural,63
SD,2016,9,Human,52
SD,2016,9,Natural,34
SD,2016,10,Human,78
SD,2016,10,Natural,6
SD,2016,11,Human,66
SD,2016,12,Human,2
SD,2017,1,Human,7
SD,2017,2,Human,29
SD,2017,2,Natural,1
SD,2017,3,Human,101
SD,2017,3,Natural,1
SD,2017,4,Human,93
SD,2017,4,Natural,2
SD,2017,5,Human,74
SD,2017,5,Natural,9
SD,2017,6,Human,177
SD,2017,6,Missing data/not specified/undetermined,1
SD,2017,6,Natural,36
SD,2017,7,Human,466
SD,2017,7,Natural,147
SD,2017,8,Human,72
SD,2017,8,Natural,59
SD,2017,9,Human,47
SD,2017,9,Natural,24
SD,2017,10,Human,54
SD,2017,10,Natural,1
SD,2017,11,Human,57
SD,2017,11,Natural,1
SD,2017,12,Human,37
SD,2018,1,Human,12
SD,2018,1,Natural,1
SD,2018,2,Human,4
SD,2018,3,Human,38
SD,2018,3,Natural,4
SD,2018,4,Human,83
SD,2018,4,Natural,3
SD,2018,5,Human,46
SD,2018,5,Natural,20
SD,2018,6,Human,44
SD,2018,6,Natural,20
SD,2018,7,Human,96
SD,2018,7,Natural,15
SD,2018,8,Human,51
SD,2018,8,Natural,22
SD,2018,9,Human,49
SD,2018,9,Natural,6
SD,2018,10,Human,49
SD,2018,11,Human,24
SD,2018,12,Human,5
SD,2019,1,Human,4
SD,2019,2,Human,2
SD,2019,3,Human,17
SD,2019,4,Human,47
SD,2019,4,Natural,2
SD,2019,5,Human,19
SD,2019,5,Natural,2
SD,2019,6,Human,45
SD,2019,6,Natural,15
SD,2019,7,Human,30
SD,2019,7,Natural,16
SD,2019,8,Human,34
SD,2019,8,Natural,17
SD,2019,9,Human,26
SD,2019,9,Natural,12
SD,2019,10,Human,12
SD,2019,11,Human,31
SD,2019,12,Human,3
SD,2020,1,Human,3
SD,2020,2,Human,15
SD,2020,2,Natural,1
SD,2020,3,Human,88
SD,2020,3,Missing data/not specified/undetermined,5
SD,2020,3,Natural,4
SD,2020,4,Human,143
SD,2020,4,Missing data/not specified/undetermined,4
SD,2020,4,Natural,6
SD,2020,5,Human,50
SD,2020,5,Missing data/not specified/undetermined,2
SD,2020,5,Natural,14
SD,2020,6,Human,87
SD,2020,6,Missing data/not specified/undetermined,1
SD,2020,6,Natural,15
SD,2020,7,Human,236
SD,2020,7,Missing data/not specified/undetermined,5
SD,2020,7,Natural,47
SD,2020,8,Human,95
SD,2020,8,Missing data/not specified/undetermined,2
SD,2020,8,Natural,55
SD,2020,9,Human,125
SD,2020,9,Missing data/not specified/undetermined,4
SD,2020,9,Natural,3
SD,2020,10,Human,79
SD,2020,10,Missing data/not specified/undetermined,1
SD,2020,11,Human,103
SD,2020,11,Missing data/not specified/undetermined,1
SD,2020,12,Human,71
SD,2020,12,Missing data/not specified/undetermined,1
TN,1992,1,Human,4
TN,1992,2,Human,18
TN,1992,3,Human,7
TN,1992,3,Natural,1
TN,1992,4,Human,5
TN,1992,4,Natural,1
TN,1992,5,Human,5
TN,1992,8,Natural,1
TN,1992,9,Human,1
TN,1992,10,Human,1
TN,1992,11,Human,10
TN,1992,12,Human,1
TN,1993,1,Human,1
TN,1993,2,Human,8
TN,1993,3,Human,3
TN,1993,3,Natural,1
TN,1993,4,Human,20
TN,1993,5,Natural,1
TN,1993,6,Human,3
TN,1993,6,Natural,1
TN,1993,7,Human,1
TN,1993,7,Natural,7
TN,1993,8,Human,1
TN,1993,8,Natural,1
TN,1993,9,Human,3
TN,1993,9,Natural,2
TN,1993,10,Human,3
TN,1993,10,Natural,1
TN,1993,11,Human,4
TN,1993,12,Human,4
TN,1994,1,Human,1
TN,1994,2,Human,8
TN,1994,3,Human,14
TN,1994,4,Human,11
TN,1994,10,Human,4
TN,1994,11,Human,29
TN,1994,12,Human,6
TN,1995,1,Human,1
TN,1995,2,Human,3
TN,1995,3,Human,29
TN,1995,3,Missing data/not specified/undetermined,1
TN,1995,3,Natural,1
TN,1995,4,Human,48
TN,1995,4,Natural,4
TN,1995,6,Human,1
TN,1995,6,Natural,1
TN,1995,7,Human,1
TN,1995,7,Natural,4
TN,1995,8,Human,2
TN,1995,9,Human,2
TN,1995,9,Natural,2
TN,1995,11,Human,3
TN,1995,12,Human,3
TN,1996,2,Human,7
TN,1996,3,Human,11
TN,1996,4,Human,14
TN,1996,5,Human,9
TN,1996,5,Missing data/not specified/undetermined,2
TN,1996,6,Human,3
TN,1996,7,Human,2
TN,1996,8,Human,1
TN,1996,10,Human,2
TN,1996,11,Human,3
TN,1996,12,Human,2
TN,1997,1,Human,58
TN,1997,1,Natural,1
TN,1997,2,Human,210
TN,1997,3,Human,309
TN,1997,3,Natural,1
TN,1997,4,Human,378
TN,1997,4,Missing data/not specified/undetermined,1
TN,1997,4,Natural,1
TN,1997,5,Human,68
TN,1997,5,Natural,1
TN,1997,6,Human,1
TN,1997,7,Human,20
TN,1997,7,Natural,3
TN,1997,8,Human,50
TN,1997,8,Natural,4
TN,1997,9,Human,83
TN,1997,10,Human,58
TN,1997,11,Human,68
TN,1997,12,Human,79
TN,1998,1,Human,61
TN,1998,2,Human,133
TN,1998,3,Human,302
TN,1998,3,Natural,1
TN,1998,4,Human,148
TN,1998,4,Natural,1
TN,1998,5,Human,21
TN,1998,5,Natural,1
TN,1998,6,Human,18
TN,1998,7,Human,18
TN,1998,8,Human,27
TN,1998,9,Human,312
TN,1998,9,Natural,2
TN,1998,10,Human,303
TN,1998,10,Natural,1
TN,1998,11,Human,381
TN,1998,11,Natural,1
TN,1998,12,Human,105
TN,1999,1,Human,56
TN,1999,2,Human,164
TN,1999,2,Natural,1
TN,1999,3,Human,379
TN,1999,3,Natural,1
TN,1999,4,Human,408
TN,1999,4,Natural,9
TN,1999,5,Human,40
TN,1999,6,Human,56
TN,1999,7,Human,23
TN,1999,7,Natural,2
TN,1999,8,Human,336
TN,1999,8,Natural,6
TN,1999,9,Human,783
TN,1999,9,Natural,3
TN,1999,10,Human,410
TN,1999,10,Natural,1
TN,1999,11,Human,552
TN,1999,12,Human,224
TN,2000,1,Human,116
TN,2000,2,Human,378
TN,2000,2,Natural,1
TN,2000,3,Human,574
TN,2000,3,Natural,5
TN,2000,4,Human,197
TN,2000,4,Missing data/not specified/undetermined,1
TN,2000,5,Human,88
TN,2000,5,Natural,4
TN,2000,6,Human,56
TN,2000,7,Human,87
TN,2000,7,Natural,3
TN,2000,8,Human,127
TN,2000,8,Natural,4
TN,2000,9,Human,143
TN,2000,9,Natural,9
TN,2000,10,Human,612
TN,2000,10,Natural,3
TN,2000,11,Human,227
TN,2000,11,Missing data/not specified/undetermined,1
TN,2000,11,Natural,1
TN,2000,12,Human,37
TN,2001,1,Human,111
TN,2001,2,Human,371
TN,2001,3,Human,452
TN,2001,4,Human,482
TN,2001,4,Natural,6
TN,2001,5,Human,120
TN,2001,5,Natural,5
TN,2001,6,Human,18
TN,2001,6,Natural,1
TN,2001,7,Human,23
TN,2001,8,Human,19
TN,2001,9,Human,24
TN,2001,10,Human,265
TN,2001,11,Human,577
TN,2001,12,Human,47
TN,2002,1,Human,85
TN,2002,2,Human,274
TN,2002,3,Human,354
TN,2002,3,Natural,1
TN,2002,4,Human,316
TN,2002,4,Natural,3
TN,2002,5,Human,21
TN,2002,5,Natural,1
TN,2002,6,Human,53
TN,2002,6,Natural,6
TN,2002,7,Human,53
TN,2002,7,Natural,4
TN,2002,8,Human,82
TN,2002,8,Natural,6
TN,2002,9,Human,105
TN,2002,10,Human,6
TN,2002,11,Human,68
TN,2002,12,Human,47
TN,2003,1,Human,1
TN,2003,2,Human,2
TN,2003,3,Human,4
TN,2003,4,Human,8
TN,2003,9,Human,2
TN,2003,10,Human,4
TN,2003,11,Human,8
TN,2003,12,Human,2
TN,2004,1,Human,1
TN,2004,1,Missing data/not specified/undetermined,1
TN,2004,2,Human,1
TN,2004,3,Human,32
TN,2004,4,Human,22
TN,2004,5,Human,3
TN,2004,5,Natural,1
TN,2004,10,Human,1
TN,2004,11,Human,6
TN,2004,12,Human,1
TN,2005,1,Human,129
TN,2005,2,Human,100
TN,2005,3,Human,431
TN,2005,3,Natural,1
TN,2005,4,Human,207
TN,2005,5,Human,83
TN,2005,6,Human,29
TN,2005,7,Human,25
TN,2005,8,Human,30
TN,2005,8,Natural,3
TN,2005,9,Human,73
TN,2005,10,Human,147
TN,2005,11,Human,655
TN,2005,11,Natural,5
TN,2005,12,Human,123
TN,2006,1,Human,258
TN,2006,1,Natural,2
TN,2006,2,Human,210
TN,2006,3,Human,863
TN,2006,3,Natural,2
TN,2006,4,Human,250
TN,2006,4,Natural,12
TN,2006,5,Human,21
TN,2006,5,Natural,2
TN,2006,6,Human,49
TN,2006,6,Natural,3
TN,2006,7,Human,52
TN,2006,7,Natural,4
TN,2006,8,Human,37
TN,2006,8,Natural,5
TN,2006,9,Human,44
TN,2006,10,Human,69
TN,2006,11,Human,135
TN,2006,12,Human,165
TN,2007,1,Human,71
TN,2007,1,Missing data/not specified/undetermined,4
TN,2007,2,Human,422
TN,2007,2,Missing data/not specified/undetermined,10
TN,2007,2,Natural,5
TN,2007,3,Human,991
TN,2007,3,Missing data/not specified/undetermined,10
TN,2007,3,Natural,2
TN,2007,4,Human,317
TN,2007,4,Missing data/not specified/undetermined,5
TN,2007,4,Natural,2
TN,2007,5,Human,261
TN,2007,5,Missing data/not specified/undetermined,5
TN,2007,5,Natural,9
TN,2007,6,Human,201
TN,2007,6,Missing data/not specified/undetermined,1
TN,2007,6,Natural,30
TN,2007,7,Human,90
TN,2007,7,Missing data/not specified/undetermined,4
TN,2007,7,Natural,10
TN,2007,8,Human,385
TN,2007,8,Missing data/not specified/undetermined,12
TN,2007,8,Natural,29
TN,2007,9,Human,143
TN,2007,9,Missing data/not specified/undetermined,2
TN,2007,9,Natural,10
TN,2007,10,Human,171
TN,2007,10,Missing data/not specified/undetermined,8
TN,2007,10,Natural,3
TN,2007,11,Human,106
TN,2007,11,Missing data/not specified/undetermined,1
TN,2007,11,Natural,4
TN,2007,12,Human,68
TN,2007,12,Missing data/not specified/undetermined,1
TN,2008,1,Human,41
TN,2008,1,Missing data/not specified/undetermined,20
TN,2008,2,Human,53
TN,2008,2,Missing data/not specified/undetermined,40
TN,2008,3,Human,161
TN,2008,3,Missing data/not specified/undetermined,89
TN,2008,3,Natural,3
TN,2008,4,Human,159
TN,2008,4,Missing data/not specified/undetermined,75
TN,2008,4,Natural,2
TN,2008,5,Human,33
TN,2008,5,Missing data/not specified/undetermined,12
TN,2008,5,Natural,3
TN,2008,6,Human,46
TN,2008,6,Missing data/not specified/undetermined,4
TN,2008,6,Natural,6
TN,2008,7,Human,64
TN,2008,7,Missing data/not specified/undetermined,15
TN,2008,7,Natural,12
TN,2008,8,Human,74
TN,2008,8,Missing data/not specified/undetermined,27
TN,2008,8,Natural,7
TN,2008,9,Human,93
TN,2008,9,Missing data/not specified/undetermined,31
TN,2008,10,Human,104
TN,2008,10,Missing data/not specified/undetermined,38
TN,2008,11,Human,98
TN,2008,11,Missing data/not specified/undetermined,69
TN,2008,12,Human,41
TN,2008,12,Missing data/not specified/undetermined,8
TN,2009,1,Human,119
TN,2009,1,Missing data/not specified/undetermined,1
TN,2009,2,Human,330
TN,2009,2,Missing data/not specified/undetermined,3
TN,2009,2,Natural,1
TN,2009,3,Human,447
TN,2009,3,Missing data/not specified/undetermined,9
TN,2009,4,Human,275
TN,2009,4,Missing data/not specified/undetermined,2
TN,2009,4,Natural,3
TN,2009,5,Human,17
TN,2009,6,Human,39
TN,2009,6,Missing data/not specified/undetermined,2
TN,2009,7,Human,36
TN,2009,8,Human,13
TN,2009,8,Missing data/not specified/undetermined,1
TN,2009,9,Human,16
TN,2009,9,Missing data/not specified/undetermined,1
TN,2009,10,Human,8
TN,2009,11,Human,115
TN,2009,11,Missing data/not specified/undetermined,6
TN,2009,12,Human,32
TN,2009,12,Missing data/not specified/undetermined,1
TN,2010,1,Human,30
TN,2010,2,Human,59
TN,2010,3,Human,264
TN,2010,3,Missing data/not specified/undetermined,3
TN,2010,3,Natural,1
TN,2010,4,Human,434
TN,2010,4,Missing data/not specified/undetermined,17
TN,2010,4,Natural,2
TN,2010,5,Human,16
TN,2010,5,Natural,3
TN,2010,6,Human,21
TN,2010,6,Natural,2
TN,2010,7,Human,67
TN,2010,7,Natural,1
TN,2010,8,Human,42
TN,2010,8,Natural,3
TN,2010,9,Human,229
TN,2010,9,Missing data/not specified/undetermined,4
TN,2010,9,Natural,1
TN,2010,10,Human,454
TN,2010,10,Missing data/not specified/undetermined,9
TN,2010,10,Natural,10
TN,2010,11,Human,185
TN,2010,11,Missing data/not specified/undetermined,7
TN,2010,12,Human,40
TN,2011,1,Human,37
TN,2011,1,Natural,1
TN,2011,2,Human,242
TN,2011,2,Missing data/not specified/undetermined,8
TN,2011,3,Human,174
TN,2011,3,Missing data/not specified/undetermined,4
TN,2011,3,Natural,1
TN,2011,4,Human,140
TN,2011,4,Missing data/not specified/undetermined,3
TN,2011,4,Natural,1
TN,2011,5,Human,17
TN,2011,5,Natural,1
TN,2011,6,Human,34
TN,2011,6,Natural,10
TN,2011,7,Human,27
TN,2011,7,Natural,3
TN,2011,8,Human,144
TN,2011,8,Missing data/not specified/undetermined,1
TN,2011,8,Natural,7
TN,2011,9,Human,52
TN,2011,9,Natural,1
TN,2011,10,Human,81
TN,2011,10,Natural,1
TN,2011,11,Human,172
TN,2011,11,Missing data/not specified/undetermined,4
TN,2011,12,Human,28
TN,2011,12,Missing data/not specified/undetermined,1
TN,2012,1,Human,62
TN,2012,1,Natural,3
TN,2012,2,Human,95
TN,2012,3,Human,143
TN,2012,3,Missing data/not specified/undetermined,1
TN,2012,3,Natural,7
TN,2012,4,Human,96
TN,2012,4,Missing data/not specified/undetermined,3
TN,2012,5,Human,43
TN,2012,5,Natural,1
TN,2012,6,Human,158
TN,2012,6,Missing data/not specified/undetermined,3
TN,2012,6,Natural,5
TN,2012,7,Human,116
TN,2012,7,Missing data/not specified/undetermined,1
TN,2012,7,Natural,36
TN,2012,8,Human,46
TN,2012,8,Natural,3
TN,2012,9,Human,16
TN,2012,9,Missing data/not specified/undetermined,2
TN,2012,9,Natural,2
TN,2012,10,Human,64
TN,2012,10,Missing data/not specified/undetermined,2
TN,2012,11,Human,229
TN,2012,11,Missing data/not specified/undetermined,3
TN,2012,11,Natural,1
TN,2012,12,Human,59
TN,2012,12,Missing data/not specified/undetermined,2
TN,2012,12,Natural,1
TN,2013,1,Human,28
TN,2013,2,Human,45
TN,2013,3,Human,162
TN,2013,3,Missing data/not specified/undetermined,2
TN,2013,3,Natural,5
TN,2013,4,Human,116
TN,2013,4,Missing data/not specified/undetermined,1
TN,2013,4,Natural,2
TN,2013,5,Human,12
TN,2013,5,Natural,1
TN,2013,6,Human,16
TN,2013,6,Natural,2
TN,2013,7,Human,9
TN,2013,7,Natural,1
TN,2013,8,Human,6
TN,2013,8,Natural,1
TN,2013,9,Human,17
TN,2013,9,Natural,1
TN,2013,10,Human,26
TN,2013,11,Human,127
TN,2013,11,Missing data/not specified/undetermined,3
TN,2013,12,Human,54
TN,2013,12,Natural,1
TN,2014,1,Human,155
TN,2014,2,Human,202
TN,2014,2,Natural,1
TN,2014,3,Human,436
TN,2014,3,Natural,2
TN,2014,4,Human,268
TN,2014,4,Natural,4
TN,2014,5,Human,46
TN,2014,6,Human,7
TN,2014,6,Natural,2
TN,2014,7,Human,12
TN,2014,7,Natural,2
TN,2014,8,Human,8
TN,2014,8,Natural,1
TN,2014,9,Human,20
TN,2014,10,Human,12
TN,2014,10,Missing data/not specified/undetermined,1
TN,2014,10,Natural,1
TN,2014,11,Human,72
TN,2014,11,Natural,1
TN,2014,12,Human,7
TN,2015,1,Human,74
TN,2015,1,Missing data/not specified/undetermined,1
TN,2015,2,Human,105
TN,2015,3,Human,94
TN,2015,4,Human,79
TN,2015,4,Natural,3
TN,2015,5,Human,39
TN,2015,5,Missing data/not specified/undetermined,1
TN,2015,5,Natural,2
TN,2015,6,Human,12
TN,2015,6,Natural,1
TN,2015,7,Human,2
TN,2015,8,Human,13
TN,2015,8,Natural,1
TN,2015,9,Human,20
TN,2015,10,Human,59
TN,2015,10,Missing data/not specified/undetermined,1
TN,2015,11,Human,81
TN,2015,11,Missing data/not specified/undetermined,4
TN,2015,11,Natural,1
TN,2015,12,Human,19
TN,2016,1,Human,9
TN,2016,1,Natural,1
TN,2016,2,Human,55
TN,2016,3,Human,249
TN,2016,3,Missing data/not specified/undetermined,4
TN,2016,3,Natural,1
TN,2016,4,Human,158
TN,2016,4,Missing data/not specified/undetermined,5
TN,2016,4,Natural,1
TN,2016,5,Human,15
TN,2016,5,Natural,1
TN,2016,6,Human,36
TN,2016,6,Natural,5
TN,2016,7,Human,28
TN,2016,7,Natural,5
TN,2016,8,Human,16
TN,2016,8,Missing data/not specified/undetermined,1
TN,2016,8,Natural,3
TN,2016,9,Human,64
TN,2016,9,Natural,3
TN,2016,10,Human,309
TN,2016,10,Missing data/not specified/undetermined,3
TN,2016,11,Human,401
TN,2016,11,Missing data/not specified/undetermined,10
TN,2016,11,Natural,1
TN,2016,12,Human,18
TN,2016,12,Natural,1
TN,2017,1,Human,23
TN,2017,2,Human,108
TN,2017,2,Missing data/not specified/undetermined,2
TN,2017,2,Natural,2
TN,2017,3,Human,147
TN,2017,3,Missing data/not specified/undetermined,3
TN,2017,3,Natural,4
TN,2017,4,Human,156
TN,2017,4,Missing data/not specified/undetermined,2
TN,2017,4,Natural,1
TN,2017,5,Human,14
TN,2017,5,Missing data/not specified/undetermined,1
TN,2017,5,Natural,1
TN,2017,6,Human,5
TN,2017,6,Natural,1
TN,2017,7,Human,3
TN,2017,8,Human,8
TN,2017,9,Human,14
TN,2017,9,Natural,1
TN,2017,10,Human,22
TN,2017,10,Natural,1
TN,2017,11,Human,48
TN,2017,11,Missing data/not specified/undetermined,6
TN,2017,11,Natural,1
TN,2017,12,Human,63
TN,2017,12,Missing data/not specified/undetermined,6
TN,2018,1,Human,64
TN,2018,1,Missing data/not specified/undetermined,13
TN,2018,2,Human,22
TN,2018,2,Missing data/not specified/undetermined,3
TN,2018,3,Human,62
TN,2018,3,Missing data/not specified/undetermined,14
TN,2018,4,Human,109
TN,2018,4,Missing data/not specified/undetermined,18
TN,2018,5,Human,21
TN,2018,5,Missing data/not specified/undetermined,4
TN,2018,6,Human,8
TN,2018,6,Missing data/not specified/undetermined,2
TN,2018,6,Natural,2
TN,2018,7,Human,7
TN,2018,7,Natural,1
TN,2018,8,Human,13
TN,2018,8,Missing data/not specified/undetermined,1
TN,2018,9,Human,17
TN,2018,9,Missing data/not specified/undetermined,1
TN,2018,10,Human,7
TN,2018,10,Missing data/not specified/undetermined,2
TN,2018,10,Natural,1
TN,2018,11,Human,8
TN,2018,11,Missing data/not specified/undetermined,2
TN,2018,12,Human,7
TN,2018,12,Missing data/not specified/undetermined,3
TN,2019,1,Human,7
TN,2019,1,Missing data/not specified/undetermined,3
TN,2019,1,Natural,1
TN,2019,2,Human,13
TN,2019,2,Missing data/not specified/undetermined,6
TN,2019,3,Human,104
TN,2019,3,Missing data/not specified/undetermined,49
TN,2019,4,Human,36
TN,2019,4,Missing data/not specified/undetermined,17
TN,2019,5,Human,13
TN,2019,5,Missing data/not specified/undetermined,2
TN,2019,6,Human,3
TN,2019,6,Missing data/not specified/undetermined,1
TN,2019,6,Natural,1
TN,2019,7,Human,4
TN,2019,7,Missing data/not specified/undetermined,2
TN,2019,7,Natural,1
TN,2019,8,Human,9
TN,2019,8,Missing data/not specified/undetermined,2
TN,2019,8,Natural,1
TN,2019,9,Human,87
TN,2019,9,Missing data/not specified/undetermined,29
TN,2019,9,Natural,3
TN,2019,10,Human,56
TN,2019,10,Missing data/not specified/undetermined,20
TN,2019,10,Natural,4
TN,2019,11,Human,25
TN,2019,11,Missing data/not specified/undetermined,11
TN,2019,12,Human,20
TN,2019,12,Missing data/not specified/undetermined,5
TN,2020,1,Human,15
TN,2020,1,Missing data/not specified/undetermined,2
TN,2020,2,Human,17
TN,2020,2,Missing data/not specified/undetermined,2
TN,2020,3,Human,33
TN,2020,3,Missing data/not specified/undetermined,11
TN,2020,4,Human,52
TN,2020,4,Missing data/not specified/undetermined,20
TN,2020,5,Human,12
TN,2020,6,Human,13
TN,2020,6,Missing data/not specified/undetermined,1
TN,2020,7,Human,15
TN,2020,7,Missing data/not specified/undetermined,1
TN,2020,7,Natural,1
TN,2020,8,Human,3
TN,2020,8,Missing data/not specified/undetermined,6
TN,2020,9,Human,10
TN,2020,9,Missing data/not specified/undetermined,4
TN,2020,10,Human,14
TN,2020,10,Missing data/not specified/undetermined,1
TN,2020,11,Human,101
TN,2020,11,Missing data/not specified/undetermined,19
TN,2020,12,Human,32
TX,1992,1,Human,48
TX,1992,2,Human,110
TX,1992,3,Human,101
TX,1992,3,Natural,2
TX,1992,4,Human,35
TX,1992,4,Missing data/not specified/undetermined,1
TX,1992,4,Natural,1
TX,1992,5,Human,23
TX,1992,5,Missing data/not specified/undetermined,1
TX,1992,5,Natural,4
TX,1992,6,Human,18
TX,1992,6,Natural,3
TX,1992,7,Human,63
TX,1992,7,Natural,14
TX,1992,8,Human,75
TX,1992,8,Missing data/not specified/undetermined,6
TX,1992,9,Human,149
TX,1992,9,Missing data/not specified/undetermined,7
TX,1992,9,Natural,8
TX,1992,10,Human,428
TX,1992,10,Missing data/not specified/undetermined,1
TX,1992,10,Natural,1
TX,1992,11,Human,33
TX,1992,11,Missing data/not specified/undetermined,1
TX,1992,11,Natural,1
TX,1992,12,Human,34
TX,1993,1,Human,34
TX,1993,1,Missing data/not specified/undetermined,2
TX,1993,2,Human,130
TX,1993,2,Missing data/not specified/undetermined,2
TX,1993,2,Natural,1
TX,1993,3,Human,228
TX,1993,3,Missing data/not specified/undetermined,3
TX,1993,4,Human,69
TX,1993,4,Missing data/not specified/undetermined,3
TX,1993,4,Natural,1
TX,1993,5,Human,17
TX,1993,5,Natural,4
TX,1993,6,Human,22
TX,1993,6,Missing data/not specified/undetermined,5
TX,1993,6,Natural,2
TX,1993,7,Human,94
TX,1993,7,Missing data/not specified/undetermined,4
TX,1993,7,Natural,11
TX,1993,8,Human,213
TX,1993,8,Missing data/not specified/undetermined,7
TX,1993,8,Natural,24
TX,1993,9,Human,301
TX,1993,9,Missing data/not specified/undetermined,7
TX,1993,9,Natural,2
TX,1993,10,Human,130
TX,1993,10,Missing data/not specified/undetermined,3
TX,1993,10,Natural,7
TX,1993,11,Human,50
TX,1993,12,Human,80
TX,1993,12,Missing data/not specified/undetermined,1
TX,1994,1,Human,72
TX,1994,1,Missing data/not specified/undetermined,3
TX,1994,2,Human,93
TX,1994,2,Missing data/not specified/undetermined,2
TX,1994,3,Human,148
TX,1994,4,Human,79
TX,1994,4,Missing data/not specified/undetermined,2
TX,1994,4,Natural,2
TX,1994,5,Human,8
TX,1994,5,Natural,3
TX,1994,6,Human,14
TX,1994,6,Natural,8
TX,1994,7,Human,110
TX,1994,7,Missing data/not specified/undetermined,1
TX,1994,7,Natural,21
TX,1994,8,Human,63
TX,1994,8,Missing data/not specified/undetermined,1
TX,1994,8,Natural,5
TX,1994,9,Human,142
TX,1994,9,Missing data/not specified/undetermined,1
TX,1994,9,Natural,5
TX,1994,10,Human,85
TX,1994,10,Missing data/not specified/undetermined,4
TX,1994,11,Human,18
TX,1994,12,Human,16
TX,1994,12,Missing data/not specified/undetermined,1
TX,1995,1,Human,26
TX,1995,2,Human,161
TX,1995,2,Missing data/not specified/undetermined,4
TX,1995,3,Human,75
TX,1995,3,Missing data/not specified/undetermined,1
TX,1995,4,Human,38
TX,1995,4,Missing data/not specified/undetermined,2
TX,1995,4,Natural,3
TX,1995,5,Human,19
TX,1995,5,Natural,7
TX,1995,6,Human,52
TX,1995,6,Missing data/not specified/undetermined,1
TX,1995,6,Natural,5
TX,1995,7,Human,105
TX,1995,7,Missing data/not specified/undetermined,2
TX,1995,7,Natural,11
TX,1995,8,Human,157
TX,1995,8,Missing data/not specified/undetermined,7
TX,1995,8,Natural,10
TX,1995,9,Human,199
TX,1995,9,Missing data/not specified/undetermined,2
TX,1995,9,Natural,8
TX,1995,10,Human,296
TX,1995,10,Natural,3
TX,1995,11,Human,276
TX,1995,11,Missing data/not specified/undetermined,2
TX,1995,12,Human,173
TX,1995,12,Missing data/not specified/undetermined,3
TX,1996,1,Human,362
TX,1996,1,Missing data/not specified/undetermined,3
TX,1996,2,Human,740
TX,1996,2,Missing data/not specified/undetermined,16
TX,1996,3,Human,513
TX,1996,3,Missing data/not specified/undetermined,19
TX,1996,3,Natural,13
TX,1996,4,Human,449
TX,1996,4,Missing data/not specified/undetermined,5
TX,1996,4,Natural,16
TX,1996,5,Human,180
TX,1996,5,Missing data/not specified/undetermined,15
TX,1996,5,Natural,10
TX,1996,6,Human,100
TX,1996,6,Missing data/not specified/undetermined,3
TX,1996,6,Natural,27
TX,1996,7,Human,118
TX,1996,7,Missing data/not specified/undetermined,2
TX,1996,7,Natural,25
TX,1996,8,Human,71
TX,1996,8,Missing data/not specified/undetermined,3
TX,1996,8,Natural,29
TX,1996,9,Human,13
TX,1996,9,Missing data/not specified/undetermined,1
TX,1996,9,Natural,3
TX,1996,10,Human,28
TX,1996,10,Natural,1
TX,1996,11,Human,19
TX,1996,11,Missing data/not specified/undetermined,1
TX,1996,11,Natural,3
TX,1996,12,Human,48
TX,1996,12,Missing data/not specified/undetermined,4
TX,1996,12,Natural,2
TX,1997,1,Human,88
TX,1997,1,Missing data/not specified/undetermined,3
TX,1997,2,Human,47
TX,1997,2,Missing data/not specified/undetermined,1
TX,1997,3,Human,79
TX,1997,3,Missing data/not specified/undetermined,2
TX,1997,4,Human,30
TX,1997,4,Natural,3
TX,1997,5,Human,24
TX,1997,5,Natural,13
TX,1997,6,Human,10
TX,1997,6,Natural,5
TX,1997,7,Human,60
TX,1997,7,Missing data/not specified/undetermined,2
TX,1997,7,Natural,19
TX,1997,8,Human,104
TX,1997,8,Missing data/not specified/undetermined,3
TX,1997,8,Natural,9
TX,1997,9,Human,171
TX,1997,9,Missing data/not specified/undetermined,2
TX,1997,9,Natural,8
TX,1997,10,Human,47
TX,1997,10,Missing data/not specified/undetermined,1
TX,1997,10,Natural,3
TX,1997,11,Human,22
TX,1997,12,Human,13
TX,1998,1,Human,27
TX,1998,1,Natural,1
TX,1998,2,Human,43
TX,1998,2,Natural,1
TX,1998,3,Human,126
TX,1998,3,Missing data/not specified/undetermined,1
TX,1998,3,Natural,1
TX,1998,4,Human,127
TX,1998,4,Missing data/not specified/undetermined,1
TX,1998,4,Natural,2
TX,1998,5,Human,165
TX,1998,5,Missing data/not specified/undetermined,5
TX,1998,5,Natural,7
TX,1998,6,Human,306
TX,1998,6,Missing data/not specified/undetermined,2
TX,1998,6,Natural,12
TX,1998,7,Human,470
TX,1998,7,Missing data/not specified/undetermined,2
TX,1998,7,Natural,91
TX,1998,8,Human,338
TX,1998,8,Missing data/not specified/undetermined,1
TX,1998,8,Natural,92
TX,1998,9,Human,156
TX,1998,9,Natural,25
TX,1998,10,Human,9
TX,1998,10,Missing data/not specified/undetermined,3
TX,1998,11,Missing data/not specified/undetermined,1
TX,1998,12,Human,4
TX,1998,12,Missing data/not specified/undetermined,5
TX,1999,1,Human,65
TX,1999,1,Missing data/not specified/undetermined,1
TX,1999,1,Natural,2
TX,1999,2,Human,107
TX,1999,2,Missing data/not specified/undetermined,5
TX,1999,3,Human,78
TX,1999,3,Missing data/not specified/undetermined,1
TX,1999,3,Natural,1
TX,1999,4,Human,34
TX,1999,4,Missing data/not specified/undetermined,1
TX,1999,4,Natural,4
TX,1999,5,Human,40
TX,1999,5,Missing data/not specified/undetermined,3
TX,1999,5,Natural,4
TX,1999,6,Human,11
TX,1999,6,Missing data/not specified/undetermined,2
TX,1999,6,Natural,2
TX,1999,7,Human,48
TX,1999,7,Missing data/not specified/undetermined,2
TX,1999,7,Natural,7
TX,1999,8,Human,304
TX,1999,8,Missing data/not specified/undetermined,1
TX,1999,8,Natural,28
TX,1999,9,Human,297
TX,1999,9,Natural,22
TX,1999,10,Human,253
TX,1999,10,Missing data/not specified/undetermined,7
TX,1999,10,Natural,1
TX,1999,11,Human,240
TX,1999,11,Missing data/not specified/undetermined,5
TX,1999,11,Natural,1
TX,1999,12,Human,197
TX,1999,12,Missing data/not specified/undetermined,2
TX,1999,12,Natural,1
TX,2000,1,Human,412
TX,2000,1,Missing data/not specified/undetermined,6
TX,2000,2,Human,332
TX,2000,2,Natural,4
TX,2000,3,Human,150
TX,2000,3,Missing data/not specified/undetermined,1
TX,2000,3,Natural,13
TX,2000,4,Human,82
TX,2000,4,Missing data/not specified/undetermined,2
TX,2000,4,Natural,5
TX,2000,5,Human,35
TX,2000,5,Missing data/not specified/undetermined,1
TX,2000,5,Natural,4
TX,2000,6,Human,14
TX,2000,6,Natural,3
TX,2000,7,Human,241
TX,2000,7,Missing data/not specified/undetermined,7
TX,2000,7,Natural,19
TX,2000,8,Human,455
TX,2000,8,Missing data/not specified/undetermined,2
TX,2000,8,Natural,103
TX,2000,9,Human,412
TX,2000,9,Missing data/not specified/undetermined,19
TX,2000,9,Natural,87
TX,2000,10,Human,174
TX,2000,10,Missing data/not specified/undetermined,4
TX,2000,10,Natural,10
TX,2000,11,Human,6
TX,2000,11,Missing data/not specified/undetermined,3
TX,2000,12,Human,25
TX,2000,12,Missing data/not specified/undetermined,2
TX,2001,1,Human,36
TX,2001,1,Missing data/not specified/undetermined,6
TX,2001,2,Human,78
TX,2001,2,Missing data/not specified/undetermined,2
TX,2001,3,Human,37
TX,2001,3,Natural,1
TX,2001,4,Human,61
TX,2001,4,Missing data/not specified/undetermined,9
TX,2001,5,Human,67
TX,2001,5,Missing data/not specified/undetermined,1
TX,2001,5,Natural,10
TX,2001,6,Human,38
TX,2001,6,Missing data/not specified/undetermined,4
TX,2001,6,Natural,19
TX,2001,7,Human,99
TX,2001,7,Missing data/not specified/undetermined,6
TX,2001,7,Natural,8
TX,2001,8,Human,183
TX,2001,8,Missing data/not specified/undetermined,3
TX,2001,8,Natural,10
TX,2001,9,Human,10
TX,2001,9,Natural,2
TX,2001,10,Human,24
TX,2001,10,Missing data/not specified/undetermined,1
TX,2001,10,Natural,1
TX,2001,11,Human,43
TX,2001,11,Missing data/not specified/undetermined,3
TX,2001,12,Human,5
TX,2001,12,Missing data/not specified/undetermined,3
TX,2001,12,Natural,1
TX,2002,1,Human,117
TX,2002,1,Missing data/not specified/undetermined,8
TX,2002,1,Natural,1
TX,2002,2,Human,200
TX,2002,2,Missing data/not specified/undetermined,9
TX,2002,3,Human,180
TX,2002,3,Missing data/not specified/undetermined,19
TX,2002,3,Natural,1
TX,2002,4,Human,47
TX,2002,4,Missing data/not specified/undetermined,3
TX,2002,4,Natural,16
TX,2002,5,Human,92
TX,2002,5,Missing data/not specified/undetermined,4
TX,2002,5,Natural,8
TX,2002,6,Human,55
TX,2002,6,Missing data/not specified/undetermined,6
TX,2002,6,Natural,9
TX,2002,7,Human,35
TX,2002,7,Missing data/not specified/undetermined,5
TX,2002,7,Natural,12
TX,2002,8,Human,120
TX,2002,8,Missing data/not specified/undetermined,10
TX,2002,8,Natural,15
TX,2002,9,Human,113
TX,2002,9,Missing data/not specified/undetermined,1
TX,2002,10,Human,40
TX,2002,10,Missing data/not specified/undetermined,1
TX,2002,10,Natural,4
TX,2002,11,Human,52
TX,2002,11,Missing data/not specified/undetermined,7
TX,2002,12,Human,33
TX,2002,12,Missing data/not specified/undetermined,4
TX,2002,12,Natural,1
TX,2003,1,Human,131
TX,2003,1,Missing data/not specified/undetermined,5
TX,2003,2,Human,55
TX,2003,2,Missing data/not specified/undetermined,1
TX,2003,3,Human,71
TX,2003,3,Missing data/not specified/undetermined,1
TX,2003,3,Natural,2
TX,2003,4,Human,112
TX,2003,4,Missing data/not specified/undetermined,2
TX,2003,5,Human,116
TX,2003,5,Missing data/not specified/undetermined,1
TX,2003,5,Natural,5
TX,2003,6,Human,64
TX,2003,6,Missing data/not specified/undetermined,2
TX,2003,6,Natural,8
TX,2003,7,Human,63
TX,2003,7,Missing data/not specified/undetermined,1
TX,2003,7,Natural,15
TX,2003,8,Human,110
TX,2003,8,Missing data/not specified/undetermined,3
TX,2003,8,Natural,17
TX,2003,9,Human,41
TX,2003,9,Missing data/not specified/undetermined,1
TX,2003,9,Natural,5
TX,2003,10,Human,91
TX,2003,10,Missing data/not specified/undetermined,4
TX,2003,10,Natural,3
TX,2003,11,Human,59
TX,2003,11,Missing data/not specified/undetermined,7
TX,2003,12,Human,144
TX,2003,12,Missing data/not specified/undetermined,6
TX,2004,1,Human,79
TX,2004,1,Missing data/not specified/undetermined,2
TX,2004,1,Natural,1
TX,2004,2,Human,88
TX,2004,2,Missing data/not specified/undetermined,1
TX,2004,2,Natural,1
TX,2004,3,Human,106
TX,2004,3,Missing data/not specified/undetermined,2
TX,2004,3,Natural,2
TX,2004,4,Human,61
TX,2004,4,Missing data/not specified/undetermined,1
TX,2004,4,Natural,3
TX,2004,5,Human,23
TX,2004,5,Natural,2
TX,2004,6,Human,29
TX,2004,6,Missing data/not specified/undetermined,1
TX,2004,6,Natural,5
TX,2004,7,Human,86
TX,2004,7,Missing data/not specified/undetermined,6
TX,2004,7,Natural,4
TX,2004,8,Human,135
TX,2004,8,Missing data/not specified/undetermined,8
TX,2004,8,Natural,10
TX,2004,9,Human,174
TX,2004,9,Missing data/not specified/undetermined,8
TX,2004,9,Natural,2
TX,2004,10,Human,55
TX,2004,10,Missing data/not specified/undetermined,2
TX,2004,11,Human,29
TX,2004,11,Missing data/not specified/undetermined,2
TX,2004,11,Natural,1
TX,2004,12,Human,109
TX,2004,12,Missing data/not specified/undetermined,2
TX,2005,1,Human,294
TX,2005,1,Missing data/not specified/undetermined,4
TX,2005,1,Natural,3
TX,2005,2,Human,184
TX,2005,2,Missing data/not specified/undetermined,3
TX,2005,3,Human,259
TX,2005,3,Missing data/not specified/undetermined,6
TX,2005,3,Natural,1
TX,2005,4,Human,291
TX,2005,4,Missing data/not specified/undetermined,6
TX,2005,4,Natural,4
TX,2005,5,Human,234
TX,2005,5,Missing data/not specified/undetermined,8
TX,2005,5,Natural,10
TX,2005,6,Human,400
TX,2005,6,Missing data/not specified/undetermined,10
TX,2005,6,Natural,19
TX,2005,7,Human,558
TX,2005,7,Missing data/not specified/undetermined,21
TX,2005,7,Natural,86
TX,2005,8,Human,382
TX,2005,8,Missing data/not specified/undetermined,11
TX,2005,8,Natural,110
TX,2005,9,Human,633
TX,2005,9,Missing data/not specified/undetermined,11
TX,2005,9,Natural,18
TX,2005,10,Human,684
TX,2005,10,Missing data/not specified/undetermined,7
TX,2005,10,Natural,4
TX,2005,11,Human,619
TX,2005,11,Missing data/not specified/undetermined,7
TX,2005,11,Natural,14
TX,2005,12,Human,1963
TX,2005,12,Missing data/not specified/undetermined,31
TX,2005,12,Natural,6
TX,2006,1,Human,3503
TX,2006,1,Missing data/not specified/undetermined,46
TX,2006,1,Natural,63
TX,2006,2,Human,1808
TX,2006,2,Missing data/not specified/undetermined,19
TX,2006,2,Natural,6
TX,2006,3,Human,2244
TX,2006,3,Missing data/not specified/undetermined,7
TX,2006,3,Natural,50
TX,2006,4,Human,1352
TX,2006,4,Missing data/not specified/undetermined,5
TX,2006,4,Natural,59
TX,2006,5,Human,760
TX,2006,5,Missing data/not specified/undetermined,8
TX,2006,5,Natural,168
TX,2006,6,Human,1106
TX,2006,6,Missing data/not specified/undetermined,1
TX,2006,6,Natural,151
TX,2006,7,Human,1007
TX,2006,7,Missing data/not specified/undetermined,3
TX,2006,7,Natural,143
TX,2006,8,Human,911
TX,2006,8,Missing data/not specified/undetermined,2
TX,2006,8,Natural,228
TX,2006,9,Human,542
TX,2006,9,Missing data/not specified/undetermined,3
TX,2006,9,Natural,14
TX,2006,10,Human,349
TX,2006,10,Natural,3
TX,2006,11,Human,219
TX,2006,11,Missing data/not specified/undetermined,1
TX,2006,11,Natural,3
TX,2006,12,Human,232
TX,2006,12,Missing data/not specified/undetermined,3
TX,2007,1,Human,235
TX,2007,1,Missing data/not specified/undetermined,1
TX,2007,2,Human,714
TX,2007,2,Missing data/not specified/undetermined,3
TX,2007,2,Natural,5
TX,2007,3,Human,572
TX,2007,3,Missing data/not specified/undetermined,3
TX,2007,3,Natural,17
TX,2007,4,Human,179
TX,2007,4,Missing data/not specified/undetermined,2
TX,2007,4,Natural,9
TX,2007,5,Human,102
TX,2007,5,Natural,12
TX,2007,6,Human,102
TX,2007,6,Natural,5
TX,2007,7,Human,130
TX,2007,7,Natural,24
TX,2007,8,Human,298
TX,2007,8,Missing data/not specified/undetermined,2
TX,2007,8,Natural,34
TX,2007,9,Human,341
TX,2007,9,Missing data/not specified/undetermined,1
TX,2007,9,Natural,24
TX,2007,10,Human,723
TX,2007,10,Missing data/not specified/undetermined,5
TX,2007,10,Natural,15
TX,2007,11,Human,595
TX,2007,11,Missing data/not specified/undetermined,6
TX,2007,11,Natural,5
TX,2007,12,Human,1299
TX,2007,12,Missing data/not specified/undetermined,14
TX,2008,1,Human,2957
TX,2008,1,Missing data/not specified/undetermined,8
TX,2008,1,Natural,5
TX,2008,2,Human,2430
TX,2008,2,Missing data/not specified/undetermined,7
TX,2008,2,Natural,18
TX,2008,3,Human,1851
TX,2008,3,Missing data/not specified/undetermined,11
TX,2008,3,Natural,15
TX,2008,4,Human,1119
TX,2008,4,Missing data/not specified/undetermined,6
TX,2008,4,Natural,41
TX,2008,5,Human,900
TX,2008,5,Missing data/not specified/undetermined,4
TX,2008,5,Natural,46
TX,2008,6,Human,1474
TX,2008,6,Missing data/not specified/undetermined,4
TX,2008,6,Natural,263
TX,2008,7,Human,1907
TX,2008,7,Missing data/not specified/undetermined,7
TX,2008,7,Natural,122
TX,2008,8,Human,1023
TX,2008,8,Missing data/not specified/undetermined,1
TX,2008,8,Natural,169
TX,2008,9,Human,708
TX,2008,9,Missing data/not specified/undetermined,6
TX,2008,9,Natural,2
TX,2008,10,Human,873
TX,2008,10,Missing data/not specified/undetermined,1
TX,2008,10,Natural,8
TX,2008,11,Human,970
TX,2008,11,Missing data/not specified/undetermined,1
TX,2008,11,Natural,6
TX,2008,12,Human,1103
TX,2008,12,Natural,2
TX,2009,1,Human,2539
TX,2009,1,Missing data/not specified/undetermined,30
TX,2009,1,Natural,8
TX,2009,2,Human,2092
TX,2009,2,Missing data/not specified/undetermined,14
TX,2009,2,Natural,11
TX,2009,3,Human,1950
TX,2009,3,Missing data/not specified/undetermined,37
TX,2009,3,Natural,23
TX,2009,4,Human,1359
TX,2009,4,Missing data/not specified/undetermined,24
TX,2009,4,Natural,59
TX,2009,5,Human,657
TX,2009,5,Missing data/not specified/undetermined,12
TX,2009,5,Natural,47
TX,2009,6,Human,1014
TX,2009,6,Missing data/not specified/undetermined,2
TX,2009,6,Natural,109
TX,2009,7,Human,1582
TX,2009,7,Missing data/not specified/undetermined,24
TX,2009,7,Natural,135
TX,2009,8,Human,916
TX,2009,8,Missing data/not specified/undetermined,19
TX,2009,8,Natural,124
TX,2009,9,Human,489
TX,2009,9,Missing data/not specified/undetermined,6
TX,2009,9,Natural,57
TX,2009,10,Human,220
TX,2009,10,Natural,2
TX,2009,11,Human,282
TX,2009,11,Missing data/not specified/undetermined,2
TX,2009,11,Natural,2
TX,2009,12,Human,290
TX,2009,12,Missing data/not specified/undetermined,2
TX,2009,12,Natural,3
TX,2010,1,Human,696
TX,2010,1,Missing data/not specified/undetermined,4
TX,2010,1,Natural,2
TX,2010,2,Human,457
TX,2010,2,Missing data/not specified/undetermined,9
TX,2010,2,Natural,1
TX,2010,3,Human,865
TX,2010,3,Missing data/not specified/undetermined,13
TX,2010,3,Natural,9
TX,2010,4,Human,617
TX,2010,4,Missing data/not specified/undetermined,2
TX,2010,4,Natural,13
TX,2010,5,Human,568
TX,2010,5,Missing data/not specified/undetermined,3
TX,2010,5,Natural,39
TX,2010,6,Human,672
TX,2010,6,Missing data/not specified/undetermined,3
TX,2010,6,Natural,122
TX,2010,7,Human,472
TX,2010,7,Missing data/not specified/undetermined,1
TX,2010,7,Natural,25
TX,2010,8,Human,1101
TX,2010,8,Missing data/not specified/undetermined,6
TX,2010,8,Natural,110
TX,2010,9,Human,620
TX,2010,9,Missing data/not specified/undetermined,9
TX,2010,9,Natural,53
TX,2010,10,Human,1008
TX,2010,10,Missing data/not specified/undetermined,15
TX,2010,10,Natural,44
TX,2010,11,Human,692
TX,2010,11,Missing data/not specified/undetermined,13
TX,2010,11,Natural,11
TX,2010,12,Human,1060
TX,2010,12,Missing data/not specified/undetermined,16
TX,2010,12,Natural,2
TX,2011,1,Human,1759
TX,2011,1,Missing data/not specified/undetermined,9
TX,2011,1,Natural,7
TX,2011,2,Human,1849
TX,2011,2,Missing data/not specified/undetermined,7
TX,2011,2,Natural,2
TX,2011,3,Human,1840
TX,2011,3,Missing data/not specified/undetermined,16
TX,2011,3,Natural,30
TX,2011,4,Human,1970
TX,2011,4,Missing data/not specified/undetermined,22
TX,2011,4,Natural,88
TX,2011,5,Human,1229
TX,2011,5,Missing data/not specified/undetermined,5
TX,2011,5,Natural,80
TX,2011,6,Human,1823
TX,2011,6,Missing data/not specified/undetermined,6
TX,2011,6,Natural,252
TX,2011,7,Human,1661
TX,2011,7,Missing data/not specified/undetermined,1
TX,2011,7,Natural,293
TX,2011,8,Human,2045
TX,2011,8,Missing data/not specified/undetermined,12
TX,2011,8,Natural,402
TX,2011,9,Human,2067
TX,2011,9,Missing data/not specified/undetermined,13
TX,2011,9,Natural,288
TX,2011,10,Human,817
TX,2011,10,Missing data/not specified/undetermined,8
TX,2011,10,Natural,40
TX,2011,11,Human,444
TX,2011,11,Missing data/not specified/undetermined,6
TX,2011,11,Natural,15
TX,2011,12,Human,340
TX,2011,12,Missing data/not specified/undetermined,4
TX,2011,12,Natural,1
TX,2012,1,Human,683
TX,2012,1,Missing data/not specified/undetermined,4
TX,2012,1,Natural,3
TX,2012,2,Human,301
TX,2012,2,Natural,5
TX,2012,3,Human,461
TX,2012,3,Missing data/not specified/undetermined,5
TX,2012,3,Natural,8
TX,2012,4,Human,346
TX,2012,4,Missing data/not specified/undetermined,1
TX,2012,4,Natural,24
TX,2012,5,Human,680
TX,2012,5,Missing data/not specified/undetermined,2
TX,2012,5,Natural,52
TX,2012,6,Human,844
TX,2012,6,Missing data/not specified/undetermined,5
TX,2012,6,Natural,61
TX,2012,7,Human,1098
TX,2012,7,Missing data/not specified/undetermined,4
TX,2012,7,Natural,125
TX,2012,8,Human,908
TX,2012,8,Missing data/not specified/undetermined,5
TX,2012,8,Natural,146
TX,2012,9,Human,638
TX,2012,9,Missing data/not specified/undetermined,8
TX,2012,9,Natural,27
TX,2012,10,Human,318
TX,2012,10,Missing data/not specified/undetermined,8
TX,2012,10,Natural,1
TX,2012,11,Human,420
TX,2012,11,Missing data/not specified/undetermined,15
TX,2012,11,Natural,7
TX,2012,12,Human,397
TX,2012,12,Missing data/not specified/undetermined,8
TX,2012,12,Natural,5
TX,2013,1,Human,800
TX,2013,1,Natural,2
TX,2013,2,Human,844
TX,2013,2,Missing data/not specified/undetermined,3
TX,2013,2,Natural,1
TX,2013,3,Human,1280
TX,2013,3,Missing data/not specified/undetermined,7
TX,2013,3,Natural,18
TX,2013,4,Human,510
TX,2013,4,Missing data/not specified/undetermined,1
TX,2013,4,Natural,11
TX,2013,5,Human,551
TX,2013,5,Missing data/not specified/undetermined,2
TX,2013,5,Natural,43
TX,2013,6,Human,901
TX,2013,6,Missing data/not specified/undetermined,6
TX,2013,6,Natural,36
TX,2013,7,Human,1566
TX,2013,7,Missing data/not specified/undetermined,4
TX,2013,7,Natural,42
TX,2013,8,Human,1189
TX,2013,8,Missing data/not specified/undetermined,2
TX,2013,8,Natural,72
TX,2013,9,Human,864
TX,2013,9,Missing data/not specified/undetermined,3
TX,2013,9,Natural,52
TX,2013,10,Human,365
TX,2013,10,Missing data/not specified/undetermined,2
TX,2013,10,Natural,4
TX,2013,11,Human,237
TX,2013,11,Missing data/not specified/undetermined,1
TX,2013,11,Natural,1
TX,2013,12,Human,314
TX,2014,1,Human,1318
TX,2014,1,Missing data/not specified/undetermined,2
TX,2014,2,Human,778
TX,2014,2,Missing data/not specified/undetermined,1
TX,2014,2,Natural,3
TX,2014,3,Human,945
TX,2014,3,Missing data/not specified/undetermined,1
TX,2014,3,Natural,13
TX,2014,4,Human,630
TX,2014,4,Natural,33
TX,2014,5,Human,801
TX,2014,5,Missing data/not specified/undetermined,2
TX,2014,5,Natural,26
TX,2014,6,Human,377
TX,2014,6,Missing data/not specified/undetermined,1
TX,2014,6,Natural,29
TX,2014,7,Human,707
TX,2014,7,Missing data/not specified/undetermined,5
TX,2014,7,Natural,39
TX,2014,8,Human,841
TX,2014,8,Missing data/not specified/undetermined,1
TX,2014,8,Natural,50
TX,2014,9,Human,550
TX,2014,9,Natural,20
TX,2014,10,Human,537
TX,2014,10,Missing data/not specified/undetermined,1
TX,2014,10,Natural,29
TX,2014,11,Human,517
TX,2014,11,Missing data/not specified/undetermined,1
TX,2014,12,Human,279
TX,2014,12,Natural,1
TX,2015,1,Human,877
TX,2015,1,Natural,3
TX,2015,2,Human,713
TX,2015,2,Missing data/not specified/undetermined,1
TX,2015,2,Natural,3
TX,2015,3,Human,395
TX,2015,3,Natural,3
TX,2015,4,Human,259
TX,2015,4,Missing data/not specified/undetermined,1
TX,2015,4,Natural,10
TX,2015,5,Human,124
TX,2015,5,Natural,4
TX,2015,6,Human,335
TX,2015,6,Missing data/not specified/undetermined,1
TX,2015,6,Natural,13
TX,2015,7,Human,907
TX,2015,7,Missing data/not specified/undetermined,4
TX,2015,7,Natural,24
TX,2015,8,Human,1481
TX,2015,8,Missing data/not specified/undetermined,11
TX,2015,8,Natural,102
TX,2015,9,Human,1220
TX,2015,9,Missing data/not specified/undetermined,5
TX,2015,9,Natural,31
TX,2015,10,Human,1329
TX,2015,10,Missing data/not specified/undetermined,12
TX,2015,10,Natural,8
TX,2015,11,Human,182
TX,2015,12,Human,246
TX,2016,1,Human,656
TX,2016,1,Missing data/not specified/undetermined,2
TX,2016,1,Natural,4
TX,2016,2,Human,1164
TX,2016,2,Missing data/not specified/undetermined,15
TX,2016,2,Natural,11
TX,2016,3,Human,585
TX,2016,3,Missing data/not specified/undetermined,2
TX,2016,3,Natural,9
TX,2016,4,Human,374
TX,2016,4,Natural,13
TX,2016,5,Human,299
TX,2016,5,Missing data/not specified/undetermined,4
TX,2016,5,Natural,20
TX,2016,6,Human,539
TX,2016,6,Missing data/not specified/undetermined,7
TX,2016,6,Natural,42
TX,2016,7,Human,1442
TX,2016,7,Missing data/not specified/undetermined,25
TX,2016,7,Natural,117
TX,2016,8,Human,819
TX,2016,8,Missing data/not specified/undetermined,11
TX,2016,8,Natural,96
TX,2016,9,Human,473
TX,2016,9,Missing data/not specified/undetermined,15
TX,2016,9,Natural,15
TX,2016,10,Human,785
TX,2016,10,Missing data/not specified/undetermined,7
TX,2016,10,Natural,7
TX,2016,11,Human,458
TX,2016,11,Missing data/not specified/undetermined,12
TX,2016,11,Natural,6
TX,2016,12,Human,534
TX,2016,12,Missing data/not specified/undetermined,18
TX,2017,1,Human,1359
TX,2017,1,Missing data/not specified/undetermined,26
TX,2017,1,Natural,8
TX,2017,2,Human,1121
TX,2017,2,Missing data/not specified/undetermined,34
TX,2017,2,Natural,4
TX,2017,3,Human,871
TX,2017,3,Missing data/not specified/undetermined,19
TX,2017,3,Natural,8
TX,2017,4,Human,366
TX,2017,4,Missing data/not specified/undetermined,12
TX,2017,4,Natural,12
TX,2017,5,Human,648
TX,2017,5,Missing data/not specified/undetermined,10
TX,2017,5,Natural,25
TX,2017,6,Human,482
TX,2017,6,Missing data/not specified/undetermined,25
TX,2017,6,Natural,37
TX,2017,7,Human,841
TX,2017,7,Missing data/not specified/undetermined,37
TX,2017,7,Natural,96
TX,2017,8,Human,423
TX,2017,8,Missing data/not specified/undetermined,25
TX,2017,8,Natural,24
TX,2017,9,Human,664
TX,2017,9,Missing data/not specified/undetermined,20
TX,2017,9,Natural,31
TX,2017,10,Human,644
TX,2017,10,Missing data/not specified/undetermined,14
TX,2017,10,Natural,3
TX,2017,11,Human,585
TX,2017,11,Missing data/not specified/undetermined,14
TX,2017,11,Natural,2
TX,2017,12,Human,422
TX,2017,12,Missing data/not specified/undetermined,8
TX,2017,12,Natural,2
TX,2018,1,Human,490
TX,2018,1,Missing data/not specified/undetermined,87
TX,2018,1,Natural,2
TX,2018,2,Human,251
TX,2018,2,Missing data/not specified/undetermined,39
TX,2018,2,Natural,4
TX,2018,3,Human,1002
TX,2018,3,Missing data/not specified/undetermined,95
TX,2018,3,Natural,18
TX,2018,4,Human,600
TX,2018,4,Missing data/not specified/undetermined,100
TX,2018,4,Natural,28
TX,2018,5,Human,527
TX,2018,5,Missing data/not specified/undetermined,129
TX,2018,5,Natural,84
TX,2018,6,Human,668
TX,2018,6,Missing data/not specified/undetermined,315
TX,2018,6,Natural,88
TX,2018,7,Human,829
TX,2018,7,Missing data/not specified/undetermined,453
TX,2018,7,Natural,124
TX,2018,8,Human,578
TX,2018,8,Missing data/not specified/undetermined,278
TX,2018,8,Natural,96
TX,2018,9,Human,156
TX,2018,9,Missing data/not specified/undetermined,61
TX,2018,9,Natural,13
TX,2018,10,Human,46
TX,2018,10,Missing data/not specified/undetermined,24
TX,2018,10,Natural,2
TX,2018,11,Human,100
TX,2018,11,Missing data/not specified/undetermined,56
TX,2018,11,Natural,2
TX,2018,12,Human,115
TX,2018,12,Missing data/not specified/undetermined,70
TX,2018,12,Natural,3
TX,2019,1,Human,212
TX,2019,1,Missing data/not specified/undetermined,138
TX,2019,1,Natural,1
TX,2019,2,Human,167
TX,2019,2,Missing data/not specified/undetermined,98
TX,2019,2,Natural,2
TX,2019,3,Human,355
TX,2019,3,Missing data/not specified/undetermined,126
TX,2019,3,Natural,5
TX,2019,4,Human,222
TX,2019,4,Missing data/not specified/undetermined,69
TX,2019,4,Natural,10
TX,2019,5,Human,107
TX,2019,5,Missing data/not specified/undetermined,64
TX,2019,5,Natural,7
TX,2019,6,Human,195
TX,2019,6,Missing data/not specified/undetermined,143
TX,2019,6,Natural,24
TX,2019,7,Human,530
TX,2019,7,Missing data/not specified/undetermined,303
TX,2019,7,Natural,43
TX,2019,8,Human,640
TX,2019,8,Missing data/not specified/undetermined,402
TX,2019,8,Natural,137
TX,2019,9,Human,504
TX,2019,9,Missing data/not specified/undetermined,278
TX,2019,9,Natural,46
TX,2019,10,Human,346
TX,2019,10,Missing data/not specified/undetermined,214
TX,2019,10,Natural,24
TX,2019,11,Human,372
TX,2019,11,Missing data/not specified/undetermined,168
TX,2019,11,Natural,1
TX,2019,12,Human,344
TX,2019,12,Missing data/not specified/undetermined,156
TX,2019,12,Natural,2
TX,2020,1,Human,256
TX,2020,1,Missing data/not specified/undetermined,140
TX,2020,1,Natural,1
TX,2020,2,Human,251
TX,2020,2,Missing data/not specified/undetermined,157
TX,2020,3,Human,178
TX,2020,3,Missing data/not specified/undetermined,96
TX,2020,3,Natural,1
TX,2020,4,Human,174
TX,2020,4,Missing data/not specified/undetermined,103
TX,2020,4,Natural,8
TX,2020,5,Human,370
TX,2020,5,Missing data/not specified/undetermined,144
TX,2020,5,Natural,33
TX,2020,6,Human,512
TX,2020,6,Missing data/not specified/undetermined,317
TX,2020,6,Natural,55
TX,2020,7,Human,610
TX,2020,7,Missing data/not specified/undetermined,422
TX,2020,7,Natural,99
TX,2020,8,Human,640
TX,2020,8,Missing data/not specified/undetermined,321
TX,2020,8,Natural,99
TX,2020,9,Human,156
TX,2020,9,Missing data/not specified/undetermined,100
TX,2020,9,Natural,16
TX,2020,10,Human,204
TX,2020,10,Missing data/not specified/undetermined,161
TX,2020,10,Natural,1
TX,2020,11,Human,296
TX,2020,11,Missing data/not specified/undetermined,123
TX,2020,11,Natural,1
TX,2020,12,Human,364
TX,2020,12,Missing data/not specified/undetermined,164
UT,1992,3,Human,5
UT,1992,4,Human,19
UT,1992,4,Natural,1
UT,1992,5,Human,13
UT,1992,5,Missing data/not specified/undetermined,5
UT,1992,5,Natural,27
UT,1992,6,Human,32
UT,1992,6,Missing data/not specified/undetermined,78
UT,1992,6,Natural,110
UT,1992,7,Human,26
UT,1992,7,Missing data/not specified/undetermined,95
UT,1992,7,Natural,103
UT,1992,8,Human,21
UT,1992,8,Missing data/not specified/undetermined,117
UT,1992,8,Natural,264
UT,1992,9,Human,24
UT,1992,9,Missing data/not specified/undetermined,60
UT,1992,9,Natural,45
UT,1992,10,Human,17
UT,1992,10,Missing data/not specified/undetermined,23
UT,1992,10,Natural,5
UT,1992,12,Human,2
UT,1993,3,Human,1
UT,1993,4,Human,5
UT,1993,4,Natural,1
UT,1993,5,Human,2
UT,1993,5,Missing data/not specified/undetermined,3
UT,1993,5,Natural,18
UT,1993,6,Human,30
UT,1993,6,Missing data/not specified/undetermined,45
UT,1993,6,Natural,31
UT,1993,7,Human,67
UT,1993,7,Missing data/not specified/undetermined,61
UT,1993,7,Natural,40
UT,1993,8,Human,28
UT,1993,8,Missing data/not specified/undetermined,50
UT,1993,8,Natural,137
UT,1993,9,Human,19
UT,1993,9,Missing data/not specified/undetermined,44
UT,1993,9,Natural,105
UT,1993,10,Human,11
UT,1993,10,Missing data/not specified/undetermined,8
UT,1993,10,Natural,3
UT,1993,11,Human,1
UT,1994,1,Human,3
UT,1994,2,Human,1
UT,1994,2,Missing data/not specified/undetermined,1
UT,1994,3,Human,10
UT,1994,3,Missing data/not specified/undetermined,8
UT,1994,4,Human,14
UT,1994,4,Missing data/not specified/undetermined,5
UT,1994,4,Natural,3
UT,1994,5,Human,20
UT,1994,5,Missing data/not specified/undetermined,4
UT,1994,5,Natural,30
UT,1994,6,Human,75
UT,1994,6,Missing data/not specified/undetermined,95
UT,1994,6,Natural,43
UT,1994,7,Human,65
UT,1994,7,Missing data/not specified/undetermined,158
UT,1994,7,Natural,459
UT,1994,8,Human,24
UT,1994,8,Missing data/not specified/undetermined,106
UT,1994,8,Natural,277
UT,1994,9,Human,31
UT,1994,9,Missing data/not specified/undetermined,87
UT,1994,9,Natural,111
UT,1994,10,Human,6
UT,1994,10,Missing data/not specified/undetermined,18
UT,1994,10,Natural,8
UT,1994,11,Missing data/not specified/undetermined,1
UT,1995,2,Human,3
UT,1995,3,Human,3
UT,1995,4,Human,5
UT,1995,5,Human,11
UT,1995,5,Natural,7
UT,1995,6,Human,20
UT,1995,6,Missing data/not specified/undetermined,39
UT,1995,6,Natural,41
UT,1995,7,Human,59
UT,1995,7,Missing data/not specified/undetermined,103
UT,1995,7,Natural,137
UT,1995,8,Human,43
UT,1995,8,Missing data/not specified/undetermined,110
UT,1995,8,Natural,165
UT,1995,9,Human,23
UT,1995,9,Missing data/not specified/undetermined,91
UT,1995,9,Natural,191
UT,1995,10,Human,24
UT,1995,10,Missing data/not specified/undetermined,38
UT,1995,10,Natural,2
UT,1995,11,Human,9
UT,1995,11,Missing data/not specified/undetermined,22
UT,1995,11,Natural,2
UT,1995,12,Human,1
UT,1995,12,Missing data/not specified/undetermined,2
UT,1996,1,Human,3
UT,1996,1,Missing data/not specified/undetermined,2
UT,1996,2,Human,1
UT,1996,2,Missing data/not specified/undetermined,1
UT,1996,3,Human,16
UT,1996,3,Missing data/not specified/undetermined,27
UT,1996,4,Human,20
UT,1996,4,Missing data/not specified/undetermined,38
UT,1996,4,Natural,1
UT,1996,5,Human,22
UT,1996,5,Missing data/not specified/undetermined,33
UT,1996,5,Natural,14
UT,1996,6,Human,45
UT,1996,6,Missing data/not specified/undetermined,92
UT,1996,6,Natural,208
UT,1996,7,Human,39
UT,1996,7,Missing data/not specified/undetermined,110
UT,1996,7,Natural,257
UT,1996,8,Human,55
UT,1996,8,Missing data/not specified/undetermined,127
UT,1996,8,Natural,285
UT,1996,9,Human,32
UT,1996,9,Missing data/not specified/undetermined,57
UT,1996,9,Natural,131
UT,1996,10,Human,18
UT,1996,10,Missing data/not specified/undetermined,13
UT,1996,10,Natural,16
UT,1996,11,Missing data/not specified/undetermined,3
UT,1997,1,Human,1
UT,1997,3,Human,6
UT,1997,3,Missing data/not specified/undetermined,4
UT,1997,3,Natural,2
UT,1997,4,Human,1
UT,1997,4,Missing data/not specified/undetermined,3
UT,1997,4,Natural,1
UT,1997,5,Human,8
UT,1997,5,Missing data/not specified/undetermined,19
UT,1997,5,Natural,35
UT,1997,6,Human,28
UT,1997,6,Missing data/not specified/undetermined,47
UT,1997,6,Natural,30
UT,1997,7,Human,47
UT,1997,7,Missing data/not specified/undetermined,102
UT,1997,7,Natural,222
UT,1997,8,Human,28
UT,1997,8,Missing data/not specified/undetermined,42
UT,1997,8,Natural,119
UT,1997,9,Human,7
UT,1997,9,Missing data/not specified/undetermined,27
UT,1997,9,Natural,60
UT,1997,10,Human,4
UT,1997,10,Missing data/not specified/undetermined,10
UT,1997,10,Natural,7
UT,1997,11,Human,1
UT,1997,11,Missing data/not specified/undetermined,1
UT,1998,2,Human,2
UT,1998,3,Human,8
UT,1998,3,Natural,1
UT,1998,4,Human,8
UT,1998,4,Natural,1
UT,1998,5,Human,18
UT,1998,5,Missing data/not specified/undetermined,1
UT,1998,5,Natural,7
UT,1998,6,Human,74
UT,1998,6,Missing data/not specified/undetermined,1
UT,1998,6,Natural,17
UT,1998,7,Human,118
UT,1998,7,Missing data/not specified/undetermined,3
UT,1998,7,Natural,214
UT,1998,8,Human,80
UT,1998,8,Missing data/not specified/undetermined,4
UT,1998,8,Natural,199
UT,1998,9,Human,33
UT,1998,9,Missing data/not specified/undetermined,2
UT,1998,9,Natural,41
UT,1998,10,Human,24
UT,1998,10,Natural,8
UT,1998,11,Human,6
UT,1998,12,Human,2
UT,1998,12,Missing data/not specified/undetermined,1
UT,1999,2,Human,5
UT,1999,3,Human,50
UT,1999,4,Human,15
UT,1999,4,Natural,1
UT,1999,5,Human,27
UT,1999,5,Missing data/not specified/undetermined,2
UT,1999,5,Natural,28
UT,1999,6,Human,107
UT,1999,6,Missing data/not specified/undetermined,6
UT,1999,6,Natural,130
UT,1999,7,Human,159
UT,1999,7,Missing data/not specified/undetermined,3
UT,1999,7,Natural,175
UT,1999,8,Human,84
UT,1999,8,Missing data/not specified/undetermined,4
UT,1999,8,Natural,183
UT,1999,9,Human,65
UT,1999,9,Missing data/not specified/undetermined,2
UT,1999,9,Natural,76
UT,1999,10,Human,110
UT,1999,10,Missing data/not specified/undetermined,2
UT,1999,10,Natural,3
UT,1999,11,Human,39
UT,1999,11,Missing data/not specified/undetermined,2
UT,1999,11,Natural,1
UT,1999,12,Human,2
UT,1999,12,Natural,1
UT,2000,1,Human,3
UT,2000,3,Human,8
UT,2000,4,Human,21
UT,2000,4,Missing data/not specified/undetermined,1
UT,2000,4,Natural,3
UT,2000,5,Human,29
UT,2000,5,Natural,29
UT,2000,6,Human,102
UT,2000,6,Missing data/not specified/undetermined,1
UT,2000,6,Natural,193
UT,2000,7,Human,170
UT,2000,7,Missing data/not specified/undetermined,9
UT,2000,7,Natural,416
UT,2000,8,Human,91
UT,2000,8,Missing data/not specified/undetermined,4
UT,2000,8,Natural,579
UT,2000,9,Human,40
UT,2000,9,Missing data/not specified/undetermined,1
UT,2000,9,Natural,117
UT,2000,10,Human,16
UT,2000,10,Missing data/not specified/undetermined,2
UT,2000,10,Natural,20
UT,2001,1,Human,4
UT,2001,2,Human,6
UT,2001,3,Human,11
UT,2001,4,Human,15
UT,2001,4,Natural,5
UT,2001,5,Human,32
UT,2001,5,Missing data/not specified/undetermined,2
UT,2001,5,Natural,26
UT,2001,6,Human,128
UT,2001,6,Missing data/not specified/undetermined,4
UT,2001,6,Natural,157
UT,2001,7,Human,124
UT,2001,7,Missing data/not specified/undetermined,3
UT,2001,7,Natural,389
UT,2001,8,Human,77
UT,2001,8,Missing data/not specified/undetermined,8
UT,2001,8,Natural,502
UT,2001,9,Human,60
UT,2001,9,Natural,122
UT,2001,10,Human,61
UT,2001,10,Missing data/not specified/undetermined,1
UT,2001,10,Natural,24
UT,2001,11,Human,6
UT,2001,11,Natural,2
UT,2001,12,Human,4
UT,2002,1,Human,5
UT,2002,2,Human,3
UT,2002,3,Human,26
UT,2002,4,Human,36
UT,2002,4,Missing data/not specified/undetermined,1
UT,2002,4,Natural,19
UT,2002,5,Human,52
UT,2002,5,Missing data/not specified/undetermined,2
UT,2002,5,Natural,9
UT,2002,6,Human,79
UT,2002,6,Missing data/not specified/undetermined,5
UT,2002,6,Natural,69
UT,2002,7,Human,70
UT,2002,7,Missing data/not specified/undetermined,3
UT,2002,7,Natural,370
UT,2002,8,Human,59
UT,2002,8,Missing data/not specified/undetermined,3
UT,2002,8,Natural,183
UT,2002,9,Human,24
UT,2002,9,Missing data/not specified/undetermined,3
UT,2002,9,Natural,84
UT,2002,10,Human,19
UT,2002,10,Natural,7
UT,2002,11,Human,6
UT,2002,11,Natural,1
UT,2002,12,Human,5
UT,2003,1,Human,2
UT,2003,2,Human,2
UT,2003,2,Natural,1
UT,2003,3,Human,11
UT,2003,4,Human,9
UT,2003,4,Missing data/not specified/undetermined,1
UT,2003,4,Natural,4
UT,2003,5,Human,20
UT,2003,5,Natural,62
UT,2003,6,Human,60
UT,2003,6,Missing data/not specified/undetermined,4
UT,2003,6,Natural,132
UT,2003,7,Human,90
UT,2003,7,Missing data/not specified/undetermined,2
UT,2003,7,Natural,381
UT,2003,8,Human,44
UT,2003,8,Missing data/not specified/undetermined,8
UT,2003,8,Natural,427
UT,2003,9,Human,24
UT,2003,9,Natural,59
UT,2003,10,Human,30
UT,2003,10,Missing data/not specified/undetermined,2
UT,2003,10,Natural,43
UT,2003,11,Human,2
UT,2003,11,Natural,1
UT,2003,12,Human,1
UT,2004,1,Natural,1
UT,2004,3,Human,8
UT,2004,3,Missing data/not specified/undetermined,3
UT,2004,3,Natural,5
UT,2004,4,Human,10
UT,2004,4,Missing data/not specified/undetermined,14
UT,2004,4,Natural,5
UT,2004,5,Human,41
UT,2004,5,Missing data/not specified/undetermined,15
UT,2004,5,Natural,5
UT,2004,6,Human,17
UT,2004,6,Missing data/not specified/undetermined,88
UT,2004,6,Natural,279
UT,2004,7,Human,28
UT,2004,7,Missing data/not specified/undetermined,127
UT,2004,7,Natural,348
UT,2004,8,Human,19
UT,2004,8,Missing data/not specified/undetermined,83
UT,2004,8,Natural,252
UT,2004,9,Human,22
UT,2004,9,Missing data/not specified/undetermined,31
UT,2004,9,Natural,77
UT,2004,10,Human,3
UT,2004,10,Missing data/not specified/undetermined,15
UT,2004,10,Natural,22
UT,2004,11,Human,1
UT,2005,1,Human,3
UT,2005,1,Natural,1
UT,2005,2,Human,4
UT,2005,2,Missing data/not specified/undetermined,1
UT,2005,3,Human,4
UT,2005,3,Missing data/not specified/undetermined,5
UT,2005,4,Human,5
UT,2005,4,Missing data/not specified/undetermined,1
UT,2005,4,Natural,1
UT,2005,5,Human,18
UT,2005,5,Missing data/not specified/undetermined,10
UT,2005,5,Natural,19
UT,2005,6,Human,71
UT,2005,6,Missing data/not specified/undetermined,5
UT,2005,6,Natural,213
UT,2005,7,Human,133
UT,2005,7,Missing data/not specified/undetermined,7
UT,2005,7,Natural,275
UT,2005,8,Human,78
UT,2005,8,Missing data/not specified/undetermined,5
UT,2005,8,Natural,251
UT,2005,9,Human,50
UT,2005,9,Missing data/not specified/undetermined,4
UT,2005,9,Natural,136
UT,2005,10,Human,30
UT,2005,10,Missing data/not specified/undetermined,2
UT,2005,10,Natural,13
UT,2005,11,Human,8
UT,2005,11,Natural,2
UT,2005,12,Human,2
UT,2006,1,Human,3
UT,2006,1,Natural,1
UT,2006,2,Human,3
UT,2006,3,Human,8
UT,2006,3,Natural,1
UT,2006,4,Human,34
UT,2006,4,Missing data/not specified/undetermined,1
UT,2006,4,Natural,5
UT,2006,5,Human,71
UT,2006,5,Missing data/not specified/undetermined,1
UT,2006,5,Natural,52
UT,2006,6,Human,145
UT,2006,6,Natural,202
UT,2006,7,Human,142
UT,2006,7,Missing data/not specified/undetermined,2
UT,2006,7,Natural,549
UT,2006,8,Human,74
UT,2006,8,Missing data/not specified/undetermined,3
UT,2006,8,Natural,418
UT,2006,9,Human,61
UT,2006,9,Missing data/not specified/undetermined,1
UT,2006,9,Natural,115
UT,2006,10,Human,13
UT,2006,10,Natural,13
UT,2006,11,Human,3
UT,2006,12,Human,1
UT,2007,1,Human,3
UT,2007,1,Missing data/not specified/undetermined,1
UT,2007,2,Human,3
UT,2007,3,Human,41
UT,2007,3,Missing data/not specified/undetermined,3
UT,2007,3,Natural,6
UT,2007,4,Human,38
UT,2007,4,Natural,5
UT,2007,5,Human,70
UT,2007,5,Missing data/not specified/undetermined,5
UT,2007,5,Natural,34
UT,2007,6,Human,199
UT,2007,6,Missing data/not specified/undetermined,3
UT,2007,6,Natural,20
UT,2007,7,Human,149
UT,2007,7,Missing data/not specified/undetermined,9
UT,2007,7,Natural,351
UT,2007,8,Human,82
UT,2007,8,Missing data/not specified/undetermined,3
UT,2007,8,Natural,282
UT,2007,9,Human,55
UT,2007,9,Missing data/not specified/undetermined,7
UT,2007,9,Natural,135
UT,2007,10,Human,22
UT,2007,10,Missing data/not specified/undetermined,1
UT,2007,10,Natural,5
UT,2007,11,Human,12
UT,2007,11,Missing data/not specified/undetermined,1
UT,2007,12,Human,1
UT,2008,1,Human,3
UT,2008,2,Human,2
UT,2008,3,Human,9
UT,2008,4,Human,36
UT,2008,4,Missing data/not specified/undetermined,2
UT,2008,5,Human,34
UT,2008,5,Natural,7
UT,2008,6,Human,62
UT,2008,6,Natural,50
UT,2008,7,Human,129
UT,2008,7,Missing data/not specified/undetermined,6
UT,2008,7,Natural,250
UT,2008,8,Human,110
UT,2008,8,Missing data/not specified/undetermined,2
UT,2008,8,Natural,131
UT,2008,9,Human,47
UT,2008,9,Missing data/not specified/undetermined,1
UT,2008,9,Natural,120
UT,2008,10,Human,25
UT,2008,10,Missing data/not specified/undetermined,2
UT,2008,10,Natural,10
UT,2008,11,Human,15
UT,2008,11,Missing data/not specified/undetermined,1
UT,2008,11,Natural,2
UT,2008,12,Human,5
UT,2009,1,Human,1
UT,2009,1,Natural,1
UT,2009,2,Human,1
UT,2009,3,Human,38
UT,2009,4,Human,23
UT,2009,4,Natural,1
UT,2009,5,Human,30
UT,2009,5,Natural,35
UT,2009,6,Human,54
UT,2009,6,Natural,38
UT,2009,7,Human,129
UT,2009,7,Natural,283
UT,2009,8,Human,106
UT,2009,8,Natural,161
UT,2009,9,Human,70
UT,2009,9,Natural,134
UT,2009,10,Human,30
UT,2009,10,Natural,5
UT,2009,11,Human,14
UT,2009,12,Human,1
UT,2010,2,Human,1
UT,2010,3,Human,21
UT,2010,4,Human,39
UT,2010,4,Natural,3
UT,2010,5,Human,36
UT,2010,5,Natural,6
UT,2010,6,Human,76
UT,2010,6,Natural,40
UT,2010,7,Human,145
UT,2010,7,Natural,238
UT,2010,8,Human,89
UT,2010,8,Natural,223
UT,2010,9,Human,66
UT,2010,9,Natural,33
UT,2010,10,Human,13
UT,2010,10,Natural,20
UT,2010,11,Human,4
UT,2010,12,Human,1
UT,2011,1,Human,1
UT,2011,2,Human,4
UT,2011,3,Human,4
UT,2011,4,Human,20
UT,2011,4,Natural,3
UT,2011,5,Human,28
UT,2011,5,Natural,6
UT,2011,6,Human,95
UT,2011,6,Natural,57
UT,2011,7,Human,129
UT,2011,7,Natural,135
UT,2011,8,Human,103
UT,2011,8,Missing data/not specified/undetermined,1
UT,2011,8,Natural,329
UT,2011,9,Human,53
UT,2011,9,Natural,83
UT,2011,10,Human,14
UT,2011,10,Natural,14
UT,2011,11,Human,10
UT,2011,12,Human,6
UT,2012,1,Human,10
UT,2012,2,Human,13
UT,2012,3,Human,52
UT,2012,4,Human,54
UT,2012,4,Natural,6
UT,2012,5,Human,109
UT,2012,5,Natural,16
UT,2012,6,Human,189
UT,2012,6,Natural,36
UT,2012,7,Human,115
UT,2012,7,Natural,359
UT,2012,8,Human,89
UT,2012,8,Natural,327
UT,2012,9,Human,45
UT,2012,9,Natural,111
UT,2012,10,Human,43
UT,2012,10,Natural,6
UT,2012,11,Human,9
UT,2012,11,Natural,1
UT,2012,12,Human,1
UT,2013,1,Human,6
UT,2013,2,Human,2
UT,2013,3,Human,21
UT,2013,3,Natural,1
UT,2013,4,Human,44
UT,2013,4,Natural,1
UT,2013,5,Human,33
UT,2013,5,Natural,28
UT,2013,6,Human,122
UT,2013,6,Natural,82
UT,2013,7,Human,97
UT,2013,7,Natural,261
UT,2013,8,Human,65
UT,2013,8,Missing data/not specified/undetermined,13
UT,2013,8,Natural,390
UT,2013,9,Human,28
UT,2013,9,Natural,33
UT,2013,10,Human,14
UT,2013,11,Human,6
UT,2013,12,Human,2
UT,2014,1,Human,7
UT,2014,2,Human,4
UT,2014,3,Human,26
UT,2014,3,Natural,1
UT,2014,4,Human,48
UT,2014,4,Natural,8
UT,2014,5,Human,49
UT,2014,5,Missing data/not specified/undetermined,1
UT,2014,5,Natural,17
UT,2014,6,Human,126
UT,2014,6,Natural,45
UT,2014,7,Human,151
UT,2014,7,Natural,320
UT,2014,8,Human,46
UT,2014,8,Natural,101
UT,2014,9,Human,29
UT,2014,9,Natural,41
UT,2014,10,Human,22
UT,2014,10,Natural,3
UT,2014,11,Human,12
UT,2014,12,Human,1
UT,2015,1,Human,1
UT,2015,2,Human,12
UT,2015,2,Natural,2
UT,2015,3,Human,8
UT,2015,3,Natural,1
UT,2015,4,Human,30
UT,2015,5,Human,11
UT,2015,5,Natural,21
UT,2015,6,Human,40
UT,2015,6,Natural,63
UT,2015,7,Human,45
UT,2015,7,Natural,137
UT,2015,8,Human,38
UT,2015,8,Natural,84
UT,2015,9,Human,38
UT,2015,9,Natural,39
UT,2015,10,Human,14
UT,2015,10,Natural,17
UT,2015,11,Human,2
UT,2015,11,Natural,1
UT,2015,12,Human,1
UT,2016,1,Human,1
UT,2016,2,Human,9
UT,2016,2,Natural,1
UT,2016,3,Human,29
UT,2016,4,Human,17
UT,2016,4,Natural,1
UT,2016,5,Human,24
UT,2016,5,Natural,11
UT,2016,6,Human,149
UT,2016,6,Missing data/not specified/undetermined,1
UT,2016,6,Natural,83
UT,2016,7,Human,197
UT,2016,7,Natural,132
UT,2016,8,Human,117
UT,2016,8,Natural,129
UT,2016,9,Human,78
UT,2016,9,Natural,69
UT,2016,10,Human,44
UT,2016,10,Natural,7
UT,2016,11,Human,7
UT,2016,12,Human,2
UT,2017,1,Natural,1
UT,2017,2,Human,3
UT,2017,3,Human,9
UT,2017,4,Human,24
UT,2017,5,Human,65
UT,2017,5,Natural,13
UT,2017,6,Human,176
UT,2017,6,Natural,23
UT,2017,7,Human,176
UT,2017,7,Missing data/not specified/undetermined,2
UT,2017,7,Natural,210
UT,2017,8,Human,114
UT,2017,8,Missing data/not specified/undetermined,1
UT,2017,8,Natural,147
UT,2017,9,Human,72
UT,2017,9,Natural,58
UT,2017,10,Human,46
UT,2017,11,Human,23
UT,2017,12,Human,10
UT,2018,1,Human,8
UT,2018,1,Missing data/not specified/undetermined,3
UT,2018,2,Human,16
UT,2018,2,Natural,1
UT,2018,3,Human,34
UT,2018,3,Natural,3
UT,2018,4,Human,72
UT,2018,4,Missing data/not specified/undetermined,2
UT,2018,5,Human,62
UT,2018,5,Missing data/not specified/undetermined,1
UT,2018,5,Natural,14
UT,2018,6,Human,164
UT,2018,6,Missing data/not specified/undetermined,4
UT,2018,6,Natural,13
UT,2018,7,Human,130
UT,2018,7,Missing data/not specified/undetermined,9
UT,2018,7,Natural,354
UT,2018,8,Human,79
UT,2018,8,Missing data/not specified/undetermined,6
UT,2018,8,Natural,189
UT,2018,9,Human,89
UT,2018,9,Missing data/not specified/undetermined,3
UT,2018,9,Natural,47
UT,2018,10,Human,12
UT,2018,10,Missing data/not specified/undetermined,1
UT,2018,10,Natural,13
UT,2018,11,Human,13
UT,2018,12,Human,1
UT,2019,1,Human,2
UT,2019,2,Human,1
UT,2019,3,Human,9
UT,2019,4,Human,28
UT,2019,4,Natural,5
UT,2019,5,Human,24
UT,2019,5,Natural,1
UT,2019,6,Human,90
UT,2019,6,Natural,32
UT,2019,7,Human,209
UT,2019,7,Natural,94
UT,2019,8,Human,152
UT,2019,8,Natural,113
UT,2019,9,Human,100
UT,2019,9,Natural,100
UT,2019,10,Human,82
UT,2019,10,Natural,4
UT,2019,11,Human,33
UT,2020,1,Human,4
UT,2020,2,Human,17
UT,2020,3,Human,29
UT,2020,4,Human,86
UT,2020,4,Missing data/not specified/undetermined,2
UT,2020,4,Natural,8
UT,2020,5,Human,113
UT,2020,5,Missing data/not specified/undetermined,2
UT,2020,5,Natural,31
UT,2020,6,Human,188
UT,2020,6,Missing data/not specified/undetermined,1
UT,2020,6,Natural,67
UT,2020,7,Human,256
UT,2020,7,Missing data/not specified/undetermined,4
UT,2020,7,Natural,136
UT,2020,8,Human,199
UT,2020,8,Missing data/not specified/undetermined,5
UT,2020,8,Natural,67
UT,2020,9,Human,151
UT,2020,9,Missing data/not specified/undetermined,2
UT,2020,9,Natural,17
UT,2020,10,Human,114
UT,2020,10,Missing data/not specified/undetermined,2
UT,2020,10,Natural,1
UT,2020,11,Human,38
UT,2020,11,Missing data/not specified/undetermined,1
UT,2020,11,Natural,24
UT,2020,12,Human,10
VA,1992,1,Human,1
VA,1992,2,Human,6
VA,1992,3,Human,14
VA,1992,4,Human,5
VA,1992,4,Natural,3
VA,1992,5,Human,2
VA,1992,5,Natural,1
VA,1992,7,Human,1
VA,1992,7,Natural,1
VA,1992,8,Human,2
VA,1992,10,Human,3
VA,1992,10,Natural,1
VA,1992,11,Human,2
VA,1992,12,Human,1
VA,1993,1,Human,2
VA,1993,2,Human,9
VA,1993,2,Missing data/not specified/undetermined,1
VA,1993,3,Human,1
VA,1993,4,Human,5
VA,1993,4,Natural,1
VA,1993,6,Human,2
VA,1993,6,Natural,1
VA,1993,7,Human,5
VA,1993,7,Natural,1
VA,1993,8,Human,6
VA,1993,8,Natural,5
VA,1993,9,Human,1
VA,1993,9,Natural,3
VA,1993,10,Human,4
VA,1993,10,Natural,1
VA,1993,11,Human,5
VA,1993,12,Human,1
VA,1994,3,Human,8
VA,1994,3,Natural,1
VA,1994,4,Human,10
VA,1994,4,Natural,5
VA,1994,5,Human,5
VA,1994,5,Natural,3
VA,1994,6,Human,2
VA,1994,6,Natural,5
VA,1994,7,Natural,1
VA,1994,8,Human,2
VA,1994,8,Natural,1
VA,1994,9,Human,1
VA,1994,10,Human,3
VA,1994,11,Human,18
VA,1994,12,Human,12
VA,1994,12,Natural,1
VA,1995,1,Human,26
VA,1995,2,Human,205
VA,1995,3,Human,563
VA,1995,3,Missing data/not specified/undetermined,1
VA,1995,4,Human,509
VA,1995,4,Missing data/not specified/undetermined,1
VA,1995,4,Natural,2
VA,1995,5,Human,29
VA,1995,5,Natural,5
VA,1995,6,Human,10
VA,1995,6,Natural,1
VA,1995,7,Human,7
VA,1995,7,Natural,3
VA,1995,8,Human,61
VA,1995,8,Missing data/not specified/undetermined,1
VA,1995,8,Natural,1
VA,1995,9,Human,35
VA,1995,9,Natural,5
VA,1995,10,Human,21
VA,1995,11,Human,33
VA,1995,12,Human,31
VA,1996,2,Human,77
VA,1996,3,Human,257
VA,1996,4,Human,376
VA,1996,4,Missing data/not specified/undetermined,1
VA,1996,4,Natural,1
VA,1996,5,Human,21
VA,1996,5,Natural,2
VA,1996,6,Human,10
VA,1996,6,Natural,2
VA,1996,7,Human,14
VA,1996,7,Missing data/not specified/undetermined,1
VA,1996,7,Natural,3
VA,1996,8,Natural,1
VA,1996,9,Human,3
VA,1996,10,Human,24
VA,1996,11,Human,30
VA,1996,12,Human,1
VA,1997,1,Human,23
VA,1997,2,Human,121
VA,1997,3,Human,250
VA,1997,3,Natural,3
VA,1997,4,Human,342
VA,1997,4,Natural,4
VA,1997,5,Human,88
VA,1997,5,Natural,3
VA,1997,6,Human,50
VA,1997,6,Natural,5
VA,1997,7,Human,34
VA,1997,7,Natural,20
VA,1997,8,Human,40
VA,1997,8,Natural,5
VA,1997,9,Human,52
VA,1997,9,Missing data/not specified/undetermined,1
VA,1997,9,Natural,3
VA,1997,10,Human,43
VA,1997,11,Human,26
VA,1997,12,Human,20
VA,1998,1,Human,4
VA,1998,2,Human,50
VA,1998,3,Human,230
VA,1998,3,Natural,1
VA,1998,4,Human,154
VA,1998,4,Natural,8
VA,1998,5,Human,4
VA,1998,5,Natural,3
VA,1998,6,Human,9
VA,1998,6,Natural,1
VA,1998,7,Human,52
VA,1998,7,Natural,7
VA,1998,8,Human,79
VA,1998,9,Human,103
VA,1998,9,Natural,7
VA,1998,10,Human,108
VA,1998,11,Human,243
VA,1998,11,Natural,2
VA,1998,12,Human,103
VA,1999,1,Human,47
VA,1999,2,Human,157
VA,1999,2,Natural,1
VA,1999,3,Human,351
VA,1999,3,Missing data/not specified/undetermined,2
VA,1999,3,Natural,1
VA,1999,4,Human,313
VA,1999,4,Natural,25
VA,1999,5,Human,108
VA,1999,5,Natural,23
VA,1999,6,Human,89
VA,1999,6,Natural,11
VA,1999,7,Human,52
VA,1999,7,Natural,37
VA,1999,8,Human,75
VA,1999,8,Natural,25
VA,1999,9,Human,29
VA,1999,10,Human,29
VA,1999,11,Human,172
VA,1999,11,Natural,3
VA,1999,12,Human,33
VA,2000,1,Human,93
VA,2000,2,Human,74
VA,2000,2,Missing data/not specified/undetermined,1
VA,2000,2,Natural,1
VA,2000,3,Human,267
VA,2000,3,Natural,4
VA,2000,4,Human,124
VA,2000,4,Natural,2
VA,2000,5,Human,66
VA,2000,5,Natural,23
VA,2000,6,Human,17
VA,2000,6,Natural,6
VA,2000,7,Human,7
VA,2000,7,Natural,3
VA,2000,8,Human,7
VA,2000,8,Natural,5
VA,2000,9,Human,2
VA,2000,9,Natural,1
VA,2000,10,Human,104
VA,2000,10,Natural,1
VA,2000,11,Human,136
VA,2000,12,Human,44
VA,2001,1,Human,162
VA,2001,1,Missing data/not specified/undetermined,1
VA,2001,2,Human,289
VA,2001,2,Missing data/not specified/undetermined,1
VA,2001,3,Human,318
VA,2001,4,Human,268
VA,2001,4,Natural,5
VA,2001,5,Human,92
VA,2001,5,Natural,26
VA,2001,6,Human,12
VA,2001,6,Natural,6
VA,2001,7,Human,36
VA,2001,7,Natural,4
VA,2001,8,Human,10
VA,2001,8,Natural,3
VA,2001,9,Human,10
VA,2001,10,Human,280
VA,2001,11,Human,517
VA,2001,12,Human,61
VA,2002,1,Human,110
VA,2002,1,Natural,1
VA,2002,2,Human,427
VA,2002,2,Natural,2
VA,2002,3,Human,300
VA,2002,3,Natural,5
VA,2002,4,Human,179
VA,2002,4,Natural,46
VA,2002,5,Human,42
VA,2002,5,Natural,8
VA,2002,6,Human,65
VA,2002,6,Natural,35
VA,2002,7,Human,70
VA,2002,7,Natural,38
VA,2002,8,Human,119
VA,2002,8,Natural,47
VA,2002,9,Human,33
VA,2002,9,Natural,2
VA,2002,10,Human,5
VA,2002,11,Human,23
VA,2002,12,Human,14
VA,2002,12,Missing data/not specified/undetermined,1
VA,2003,1,Human,29
VA,2003,1,Missing data/not specified/undetermined,1
VA,2003,2,Human,11
VA,2003,3,Human,80
VA,2003,3,Missing data/not specified/undetermined,1
VA,2003,4,Human,77
VA,2003,4,Missing data/not specified/undetermined,2
VA,2003,4,Natural,2
VA,2003,5,Human,35
VA,2003,6,Human,1
VA,2003,7,Human,1
VA,2003,8,Natural,1
VA,2003,9,Human,1
VA,2003,10,Human,20
VA,2003,10,Missing data/not specified/undetermined,2
VA,2003,11,Human,62
VA,2003,12,Human,18
VA,2004,1,Human,1
VA,2004,2,Human,1
VA,2004,2,Missing data/not specified/undetermined,1
VA,2004,3,Human,4
VA,2004,3,Missing data/not specified/undetermined,2
VA,2004,4,Human,180
VA,2004,4,Missing data/not specified/undetermined,1
VA,2004,4,Natural,1
VA,2004,5,Human,27
VA,2004,5,Natural,5
VA,2004,6,Human,8
VA,2004,6,Natural,2
VA,2004,7,Human,2
VA,2004,8,Human,1
VA,2004,9,Human,3
VA,2004,10,Human,6
VA,2004,11,Human,35
VA,2004,12,Human,21
VA,2005,1,Human,16
VA,2005,2,Human,57
VA,2005,3,Human,114
VA,2005,3,Missing data/not specified/undetermined,2
VA,2005,4,Human,256
VA,2005,4,Missing data/not specified/undetermined,2
VA,2005,4,Natural,1
VA,2005,5,Human,42
VA,2005,5,Natural,3
VA,2005,6,Human,25
VA,2005,6,Natural,4
VA,2005,7,Human,18
VA,2005,7,Missing data/not specified/undetermined,1
VA,2005,7,Natural,3
VA,2005,8,Human,13
VA,2005,8,Natural,2
VA,2005,9,Human,64
VA,2005,9,Missing data/not specified/undetermined,2
VA,2005,9,Natural,3
VA,2005,10,Human,37
VA,2005,11,Human,96
VA,2005,12,Human,24
VA,2005,12,Missing data/not specified/undetermined,1
VA,2006,1,Human,43
VA,2006,2,Human,137
VA,2006,3,Human,568
VA,2006,3,Missing data/not specified/undetermined,8
VA,2006,3,Natural,1
VA,2006,4,Human,202
VA,2006,4,Missing data/not specified/undetermined,3
VA,2006,4,Natural,38
VA,2006,5,Human,52
VA,2006,5,Natural,9
VA,2006,6,Human,25
VA,2006,6,Natural,16
VA,2006,7,Human,11
VA,2006,8,Human,49
VA,2006,8,Natural,6
VA,2006,9,Human,5
VA,2006,10,Human,7
VA,2006,11,Human,32
VA,2006,12,Human,56
VA,2007,1,Human,50
VA,2007,2,Human,203
VA,2007,3,Human,366
VA,2007,3,Missing data/not specified/undetermined,4
VA,2007,3,Natural,5
VA,2007,4,Human,201
VA,2007,4,Missing data/not specified/undetermined,1
VA,2007,4,Natural,8
VA,2007,5,Human,32
VA,2007,5,Missing data/not specified/undetermined,2
VA,2007,5,Natural,9
VA,2007,6,Human,32
VA,2007,6,Missing data/not specified/undetermined,2
VA,2007,6,Natural,13
VA,2007,7,Human,75
VA,2007,7,Natural,24
VA,2007,8,Human,49
VA,2007,8,Natural,34
VA,2007,9,Human,109
VA,2007,9,Missing data/not specified/undetermined,2
VA,2007,9,Natural,2
VA,2007,10,Human,107
VA,2007,10,Missing data/not specified/undetermined,3
VA,2007,11,Human,52
VA,2007,11,Missing data/not specified/undetermined,2
VA,2007,11,Natural,1
VA,2007,12,Human,58
VA,2008,1,Human,78
VA,2008,2,Human,398
VA,2008,2,Missing data/not specified/undetermined,1
VA,2008,2,Natural,2
VA,2008,3,Human,251
VA,2008,4,Human,167
VA,2008,4,Natural,2
VA,2008,5,Human,55
VA,2008,5,Natural,2
VA,2008,6,Human,49
VA,2008,6,Natural,29
VA,2008,7,Human,33
VA,2008,7,Natural,16
VA,2008,8,Human,79
VA,2008,8,Natural,11
VA,2008,9,Human,12
VA,2008,10,Human,22
VA,2008,10,Natural,1
VA,2008,11,Human,49
VA,2008,11,Natural,1
VA,2008,12,Human,30
VA,2009,1,Human,62
VA,2009,2,Human,306
VA,2009,2,Missing data/not specified/undetermined,1
VA,2009,3,Human,217
VA,2009,3,Natural,1
VA,2009,4,Human,151
VA,2009,4,Missing data/not specified/undetermined,1
VA,2009,4,Natural,6
VA,2009,5,Human,11
VA,2009,6,Human,7
VA,2009,6,Natural,5
VA,2009,7,Human,6
VA,2009,7,Natural,4
VA,2009,8,Human,1
VA,2009,9,Human,2
VA,2009,10,Human,3
VA,2010,1,Human,22
VA,2010,2,Human,11
VA,2010,3,Human,173
VA,2010,4,Human,231
VA,2010,4,Missing data/not specified/undetermined,1
VA,2010,4,Natural,19
VA,2010,5,Human,60
VA,2010,5,Natural,5
VA,2010,6,Human,50
VA,2010,6,Missing data/not specified/undetermined,1
VA,2010,6,Natural,6
VA,2010,7,Human,135
VA,2010,7,Missing data/not specified/undetermined,1
VA,2010,7,Natural,23
VA,2010,8,Human,31
VA,2010,8,Natural,4
VA,2010,9,Human,141
VA,2010,9,Natural,12
VA,2010,10,Human,42
VA,2010,11,Human,50
VA,2010,12,Human,7
VA,2011,1,Human,16
VA,2011,2,Human,401
VA,2011,2,Missing data/not specified/undetermined,2
VA,2011,3,Human,84
VA,2011,3,Natural,2
VA,2011,4,Human,124
VA,2011,4,Natural,6
VA,2011,5,Human,11
VA,2011,5,Natural,1
VA,2011,6,Human,22
VA,2011,6,Natural,12
VA,2011,7,Human,16
VA,2011,7,Missing data/not specified/undetermined,1
VA,2011,7,Natural,16
VA,2011,8,Human,23
VA,2011,8,Natural,11
VA,2011,9,Human,5
VA,2011,9,Natural,1
VA,2011,10,Human,11
VA,2011,11,Human,38
VA,2011,12,Human,9
VA,2012,1,Human,42
VA,2012,1,Missing data/not specified/undetermined,2
VA,2012,2,Human,63
VA,2012,2,Missing data/not specified/undetermined,1
VA,2012,3,Human,108
VA,2012,3,Natural,15
VA,2012,4,Human,159
VA,2012,4,Natural,5
VA,2012,5,Human,8
VA,2012,5,Missing data/not specified/undetermined,1
VA,2012,5,Natural,2
VA,2012,6,Human,36
VA,2012,6,Natural,26
VA,2012,7,Human,31
VA,2012,7,Natural,55
VA,2012,8,Human,6
VA,2012,8,Natural,5
VA,2012,9,Human,6
VA,2012,10,Human,16
VA,2012,10,Natural,1
VA,2012,11,Human,75
VA,2012,11,Natural,1
VA,2012,12,Human,21
VA,2013,1,Human,14
VA,2013,2,Human,43
VA,2013,3,Human,129
VA,2013,4,Human,191
VA,2013,4,Natural,3
VA,2013,5,Human,17
VA,2013,5,Natural,4
VA,2013,6,Human,5
VA,2013,6,Natural,1
VA,2013,7,Human,5
VA,2013,7,Natural,1
VA,2013,8,Human,2
VA,2013,9,Human,14
VA,2013,10,Human,15
VA,2013,11,Human,123
VA,2013,12,Human,14
VA,2014,1,Human,39
VA,2014,2,Human,92
VA,2014,3,Human,270
VA,2014,3,Missing data/not specified/undetermined,1
VA,2014,4,Human,228
VA,2014,4,Natural,5
VA,2014,5,Human,32
VA,2014,5,Natural,3
VA,2014,6,Human,15
VA,2014,6,Natural,2
VA,2014,7,Human,22
VA,2014,7,Natural,2
VA,2014,8,Human,7
VA,2014,9,Human,9
VA,2014,9,Natural,1
VA,2014,10,Human,20
VA,2014,11,Human,60
VA,2014,12,Human,13
VA,2015,1,Human,29
VA,2015,2,Human,103
VA,2015,3,Human,151
VA,2015,3,Missing data/not specified/undetermined,1
VA,2015,4,Human,172
VA,2015,4,Missing data/not specified/undetermined,1
VA,2015,4,Natural,3
VA,2015,5,Human,27
VA,2015,5,Natural,6
VA,2015,6,Human,2
VA,2015,6,Natural,5
VA,2015,7,Human,2
VA,2015,7,Natural,1
VA,2015,8,Human,15
VA,2015,8,Natural,2
VA,2015,9,Human,18
VA,2015,9,Natural,4
VA,2015,10,Human,7
VA,2015,11,Human,46
VA,2015,12,Human,2
VA,2016,1,Human,8
VA,2016,2,Human,33
VA,2016,3,Human,167
VA,2016,3,Natural,1
VA,2016,4,Human,191
VA,2016,4,Natural,5
VA,2016,5,Human,1
VA,2016,5,Natural,2
VA,2016,6,Human,4
VA,2016,7,Human,7
VA,2016,7,Natural,2
VA,2016,8,Human,13
VA,2016,8,Natural,4
VA,2016,9,Human,32
VA,2016,9,Natural,2
VA,2016,10,Human,27
VA,2016,11,Human,167
VA,2016,12,Human,16
VA,2017,1,Human,29
VA,2017,2,Human,147
VA,2017,2,Natural,2
VA,2017,3,Human,146
VA,2017,3,Natural,2
VA,2017,4,Human,98
VA,2017,4,Natural,5
VA,2017,5,Human,7
VA,2017,5,Natural,1
VA,2017,6,Human,9
VA,2017,7,Human,17
VA,2017,7,Natural,5
VA,2017,8,Human,9
VA,2017,8,Natural,1
VA,2017,9,Human,9
VA,2017,10,Human,27
VA,2017,11,Human,42
VA,2017,12,Human,37
VA,2017,12,Natural,1
VA,2018,1,Human,63
VA,2018,2,Human,18
VA,2018,3,Human,269
VA,2018,4,Human,211
VA,2018,5,Human,46
VA,2018,5,Natural,2
VA,2018,6,Human,1
VA,2018,7,Human,9
VA,2018,7,Natural,3
VA,2018,8,Human,7
VA,2018,8,Natural,2
VA,2018,9,Human,1
VA,2018,10,Human,2
VA,2018,11,Human,4
VA,2018,12,Human,1
VA,2019,1,Human,7
VA,2019,2,Human,31
VA,2019,3,Human,99
VA,2019,4,Human,63
VA,2019,4,Natural,1
VA,2019,5,Human,7
VA,2019,6,Human,7
VA,2019,6,Natural,2
VA,2019,7,Human,10
VA,2019,7,Natural,10
VA,2019,8,Human,12
VA,2019,8,Natural,3
VA,2019,9,Human,47
VA,2019,9,Natural,3
VA,2019,10,Human,44
VA,2019,11,Human,33
VA,2019,11,Missing data/not specified/undetermined,1
VA,2019,12,Human,10
VA,2020,1,Human,14
VA,2020,2,Human,33
VA,2020,3,Human,136
VA,2020,3,Missing data/not specified/undetermined,1
VA,2020,4,Human,96
VA,2020,4,Natural,9
VA,2020,5,Human,14
VA,2020,6,Human,12
VA,2020,6,Natural,1
VA,2020,7,Human,13
VA,2020,7,Missing data/not specified/undetermined,1
VA,2020,7,Natural,14
VA,2020,8,Human,4
VA,2020,8,Natural,1
VA,2020,9,Human,3
VA,2020,10,Human,3
VA,2020,11,Human,46
VA,2020,12,Human,4
VT,1992,5,Human,1
VT,1993,5,Natural,1
VT,1994,4,Human,2
VT,1994,5,Human,1
VT,1994,11,Human,3
VT,1995,6,Human,1
VT,1995,7,Human,1
VT,1997,5,Human,1
VT,1997,8,Human,1
VT,1998,3,Human,1
VT,1998,4,Human,1
VT,1999,4,Human,1
VT,1999,5,Human,1
VT,1999,6,Natural,1
VT,2002,6,Human,1
VT,2002,8,Human,2
VT,2002,9,Human,3
VT,2003,3,Human,1
VT,2003,4,Human,4
VT,2003,5,Human,1
VT,2003,5,Missing data/not specified/undetermined,1
VT,2003,6,Human,1
VT,2003,6,Natural,1
VT,2004,3,Human,2
VT,2004,4,Human,6
VT,2004,4,Missing data/not specified/undetermined,3
VT,2004,6,Human,1
VT,2004,6,Missing data/not specified/undetermined,1
VT,2004,10,Human,1
VT,2004,11,Human,1
VT,2004,11,Natural,1
VT,2005,3,Human,1
VT,2005,3,Missing data/not specified/undetermined,1
VT,2005,4,Human,10
VT,2005,4,Missing data/not specified/undetermined,5
VT,2005,5,Missing data/not specified/undetermined,3
VT,2005,7,Human,2
VT,2005,8,Missing data/not specified/undetermined,3
VT,2005,11,Human,1
VT,2006,3,Human,1
VT,2006,7,Human,1
VT,2006,11,Human,1
VT,2006,12,Human,1
VT,2007,2,Human,1
VT,2007,4,Human,1
VT,2007,5,Human,1
VT,2007,8,Human,1
VT,2007,9,Human,1
VT,2008,4,Human,2
VT,2008,5,Human,2
VT,2008,5,Missing data/not specified/undetermined,1
VT,2009,5,Human,1
VT,2010,5,Natural,1
VT,2010,9,Human,1
VT,2012,1,Human,2
VT,2012,2,Human,5
VT,2012,3,Human,29
VT,2012,4,Human,36
VT,2012,5,Human,6
VT,2012,6,Human,1
VT,2012,7,Human,1
VT,2012,8,Human,1
VT,2012,8,Natural,1
VT,2012,9,Human,4
VT,2012,9,Natural,1
VT,2012,10,Human,2
VT,2012,11,Human,7
VT,2012,12,Human,1
VT,2013,2,Human,2
VT,2013,3,Human,5
VT,2013,4,Human,70
VT,2013,5,Human,45
VT,2013,9,Human,2
VT,2013,10,Human,2
VT,2014,4,Human,31
VT,2014,5,Human,15
VT,2014,6,Human,1
VT,2014,7,Human,1
VT,2014,9,Human,1
VT,2014,10,Human,2
VT,2014,11,Human,4
VT,2015,3,Human,2
VT,2015,4,Human,35
VT,2015,4,Natural,1
VT,2015,5,Human,39
VT,2015,5,Natural,1
VT,2015,6,Human,1
VT,2015,7,Human,2
VT,2015,9,Human,2
VT,2015,11,Human,4
VT,2016,2,Human,1
VT,2016,3,Human,15
VT,2016,4,Human,65
VT,2016,5,Human,12
VT,2016,6,Human,6
VT,2016,7,Human,1
VT,2016,7,Natural,1
VT,2016,8,Human,3
VT,2016,9,Human,3
VT,2016,10,Human,6
VT,2016,10,Natural,1
VT,2016,11,Human,2
VT,2017,3,Human,4
VT,2017,4,Human,22
VT,2017,5,Human,4
VT,2017,6,Natural,1
VT,2017,7,Human,1
VT,2017,8,Human,2
VT,2017,8,Natural,1
VT,2017,9,Human,4
VT,2017,10,Human,7
VT,2017,11,Human,1
VT,2018,2,Human,1
VT,2018,3,Human,1
VT,2018,4,Human,12
VT,2018,5,Human,22
VT,2018,6,Human,6
VT,2018,7,Human,3
VT,2018,7,Natural,1
VT,2018,8,Human,2
VT,2018,9,Human,1
VT,2018,9,Natural,1
VT,2018,11,Human,2
VT,2019,3,Human,1
VT,2019,4,Human,9
VT,2019,5,Human,1
VT,2019,7,Human,4
VT,2019,8,Human,1
VT,2019,9,Human,1
VT,2019,10,Human,1
VT,2019,11,Human,1
VT,2020,3,Human,11
VT,2020,4,Human,23
VT,2020,5,Human,26
VT,2020,6,Human,9
VT,2020,7,Human,3
VT,2020,7,Natural,1
VT,2020,8,Human,2
VT,2020,9,Human,12
VT,2020,10,Human,2
VT,2020,10,Natural,2
WA,1992,1,Human,4
WA,1992,2,Human,4
WA,1992,3,Human,59
WA,1992,3,Natural,2
WA,1992,4,Human,51
WA,1992,4,Missing data/not specified/undetermined,1
WA,1992,4,Natural,1
WA,1992,5,Human,176
WA,1992,5,Missing data/not specified/undetermined,1
WA,1992,5,Natural,7
WA,1992,6,Human,217
WA,1992,6,Missing data/not specified/undetermined,1
WA,1992,6,Natural,203
WA,1992,7,Human,216
WA,1992,7,Natural,156
WA,1992,8,Human,282
WA,1992,8,Natural,105
WA,1992,9,Human,166
WA,1992,9,Natural,16
WA,1992,10,Human,94
WA,1992,10,Missing data/not specified/undetermined,1
WA,1992,10,Natural,2
WA,1992,11,Human,7
WA,1992,12,Human,2
WA,1993,1,Human,2
WA,1993,2,Human,46
WA,1993,3,Human,16
WA,1993,4,Human,10
WA,1993,5,Human,40
WA,1993,5,Missing data/not specified/undetermined,1
WA,1993,5,Natural,29
WA,1993,6,Human,64
WA,1993,6,Missing data/not specified/undetermined,1
WA,1993,6,Natural,48
WA,1993,7,Human,109
WA,1993,7,Missing data/not specified/undetermined,1
WA,1993,7,Natural,67
WA,1993,8,Human,131
WA,1993,8,Natural,45
WA,1993,9,Human,196
WA,1993,9,Missing data/not specified/undetermined,1
WA,1993,9,Natural,7
WA,1993,10,Human,101
WA,1993,10,Missing data/not specified/undetermined,1
WA,1993,11,Human,65
WA,1993,12,Human,5
WA,1994,1,Human,3
WA,1994,2,Human,6
WA,1994,3,Human,79
WA,1994,3,Natural,1
WA,1994,4,Human,45
WA,1994,4,Missing data/not specified/undetermined,2
WA,1994,4,Natural,5
WA,1994,5,Human,89
WA,1994,5,Missing data/not specified/undetermined,1
WA,1994,5,Natural,7
WA,1994,6,Human,126
WA,1994,6,Natural,60
WA,1994,7,Human,393
WA,1994,7,Missing data/not specified/undetermined,3
WA,1994,7,Natural,335
WA,1994,8,Human,259
WA,1994,8,Missing data/not specified/undetermined,2
WA,1994,8,Natural,341
WA,1994,9,Human,120
WA,1994,9,Natural,35
WA,1994,10,Human,97
WA,1994,10,Natural,5
WA,1994,11,Human,3
WA,1994,12,Human,4
WA,1995,1,Human,21
WA,1995,2,Human,4
WA,1995,3,Human,34
WA,1995,4,Human,46
WA,1995,4,Missing data/not specified/undetermined,1
WA,1995,4,Natural,3
WA,1995,5,Human,105
WA,1995,5,Natural,16
WA,1995,6,Human,129
WA,1995,6,Natural,11
WA,1995,7,Human,262
WA,1995,7,Missing data/not specified/undetermined,1
WA,1995,7,Natural,45
WA,1995,8,Human,166
WA,1995,8,Missing data/not specified/undetermined,1
WA,1995,8,Natural,19
WA,1995,9,Human,161
WA,1995,9,Missing data/not specified/undetermined,2
WA,1995,9,Natural,138
WA,1995,10,Human,31
WA,1995,10,Natural,1
WA,1995,11,Human,14
WA,1995,12,Human,1
WA,1995,12,Natural,1
WA,1996,1,Human,2
WA,1996,2,Human,9
WA,1996,3,Human,29
WA,1996,4,Human,8
WA,1996,5,Human,19
WA,1996,5,Natural,1
WA,1996,6,Human,101
WA,1996,6,Missing data/not specified/undetermined,1
WA,1996,6,Natural,5
WA,1996,7,Human,269
WA,1996,7,Natural,41
WA,1996,8,Human,290
WA,1996,8,Missing data/not specified/undetermined,1
WA,1996,8,Natural,53
WA,1996,9,Human,94
WA,1996,9,Natural,103
WA,1996,10,Human,55
WA,1996,10,Natural,3
WA,1996,11,Human,7
WA,1997,1,Human,1
WA,1997,2,Human,6
WA,1997,3,Human,4
WA,1997,4,Human,38
WA,1997,4,Missing data/not specified/undetermined,1
WA,1997,5,Human,68
WA,1997,5,Missing data/not specified/undetermined,1
WA,1997,5,Natural,8
WA,1997,6,Human,61
WA,1997,6,Natural,17
WA,1997,7,Human,154
WA,1997,7,Missing data/not specified/undetermined,1
WA,1997,7,Natural,69
WA,1997,8,Human,215
WA,1997,8,Missing data/not specified/undetermined,3
WA,1997,8,Natural,216
WA,1997,9,Human,62
WA,1997,9,Natural,45
WA,1997,10,Human,19
WA,1997,10,Natural,1
WA,1997,11,Human,8
WA,1997,12,Human,1
WA,1998,2,Human,2
WA,1998,3,Human,14
WA,1998,4,Human,42
WA,1998,4,Natural,11
WA,1998,5,Human,33
WA,1998,5,Natural,4
WA,1998,6,Human,48
WA,1998,6,Missing data/not specified/undetermined,2
WA,1998,6,Natural,30
WA,1998,7,Human,172
WA,1998,7,Missing data/not specified/undetermined,1
WA,1998,7,Natural,280
WA,1998,8,Human,336
WA,1998,8,Missing data/not specified/undetermined,1
WA,1998,8,Natural,110
WA,1998,9,Human,231
WA,1998,9,Natural,35
WA,1998,10,Human,90
WA,1998,10,Natural,11
WA,1998,11,Human,22
WA,1998,11,Natural,1
WA,1999,1,Human,6
WA,1999,2,Human,2
WA,1999,3,Human,15
WA,1999,3,Natural,1
WA,1999,4,Human,103
WA,1999,4,Natural,1
WA,1999,5,Human,83
WA,1999,5,Natural,1
WA,1999,6,Human,120
WA,1999,6,Natural,12
WA,1999,7,Human,190
WA,1999,7,Natural,71
WA,1999,8,Human,177
WA,1999,8,Missing data/not specified/undetermined,2
WA,1999,8,Natural,309
WA,1999,9,Human,228
WA,1999,9,Missing data/not specified/undetermined,1
WA,1999,9,Natural,5
WA,1999,10,Human,136
WA,1999,10,Natural,2
WA,1999,11,Human,9
WA,1999,12,Human,1
WA,2000,1,Human,1
WA,2000,2,Human,3
WA,2000,3,Human,17
WA,2000,4,Human,68
WA,2000,4,Natural,1
WA,2000,5,Human,38
WA,2000,5,Missing data/not specified/undetermined,1
WA,2000,5,Natural,2
WA,2000,6,Human,106
WA,2000,6,Natural,17
WA,2000,7,Human,274
WA,2000,7,Missing data/not specified/undetermined,4
WA,2000,7,Natural,144
WA,2000,8,Human,253
WA,2000,8,Missing data/not specified/undetermined,1
WA,2000,8,Natural,70
WA,2000,9,Human,129
WA,2000,9,Natural,19
WA,2000,10,Human,66
WA,2000,10,Natural,2
WA,2000,11,Human,10
WA,2000,12,Human,1
WA,2001,1,Human,5
WA,2001,2,Human,7
WA,2001,3,Human,44
WA,2001,3,Missing data/not specified/undetermined,1
WA,2001,3,Natural,1
WA,2001,4,Human,44
WA,2001,4,Natural,3
WA,2001,5,Human,86
WA,2001,5,Missing data/not specified/undetermined,1
WA,2001,5,Natural,15
WA,2001,6,Human,90
WA,2001,6,Missing data/not specified/undetermined,1
WA,2001,6,Natural,14
WA,2001,7,Human,258
WA,2001,7,Missing data/not specified/undetermined,4
WA,2001,7,Natural,88
WA,2001,8,Human,174
WA,2001,8,Natural,132
WA,2001,9,Human,88
WA,2001,9,Missing data/not specified/undetermined,1
WA,2001,9,Natural,41
WA,2001,10,Human,48
WA,2001,10,Missing data/not specified/undetermined,1
WA,2001,10,Natural,1
WA,2001,11,Human,8
WA,2001,11,Missing data/not specified/undetermined,1
WA,2001,12,Human,1
WA,2002,2,Human,2
WA,2002,3,Human,15
WA,2002,4,Human,49
WA,2002,5,Human,53
WA,2002,5,Natural,3
WA,2002,6,Human,89
WA,2002,6,Missing data/not specified/undetermined,1
WA,2002,6,Natural,11
WA,2002,7,Human,234
WA,2002,7,Missing data/not specified/undetermined,2
WA,2002,7,Natural,168
WA,2002,8,Human,253
WA,2002,8,Missing data/not specified/undetermined,1
WA,2002,8,Natural,191
WA,2002,9,Human,121
WA,2002,9,Natural,26
WA,2002,10,Human,146
WA,2002,10,Natural,2
WA,2002,11,Human,50
WA,2002,12,Human,1
WA,2003,1,Human,4
WA,2003,2,Human,4
WA,2003,3,Human,10
WA,2003,4,Human,16
WA,2003,4,Missing data/not specified/undetermined,1
WA,2003,5,Human,57
WA,2003,5,Natural,6
WA,2003,6,Human,178
WA,2003,6,Missing data/not specified/undetermined,2
WA,2003,6,Natural,36
WA,2003,7,Human,408
WA,2003,7,Missing data/not specified/undetermined,3
WA,2003,7,Natural,21
WA,2003,8,Human,199
WA,2003,8,Natural,278
WA,2003,9,Human,104
WA,2003,9,Natural,28
WA,2003,10,Human,63
WA,2003,10,Natural,2
WA,2003,11,Human,12
WA,2003,12,Human,1
WA,2004,2,Human,2
WA,2004,3,Human,32
WA,2004,3,Missing data/not specified/undetermined,2
WA,2004,4,Human,94
WA,2004,4,Missing data/not specified/undetermined,1
WA,2004,4,Natural,6
WA,2004,5,Human,66
WA,2004,5,Missing data/not specified/undetermined,4
WA,2004,5,Natural,39
WA,2004,6,Human,99
WA,2004,6,Missing data/not specified/undetermined,7
WA,2004,6,Natural,194
WA,2004,7,Human,280
WA,2004,7,Missing data/not specified/undetermined,22
WA,2004,7,Natural,148
WA,2004,8,Human,141
WA,2004,8,Missing data/not specified/undetermined,4
WA,2004,8,Natural,321
WA,2004,9,Human,52
WA,2004,9,Missing data/not specified/undetermined,2
WA,2004,9,Natural,19
WA,2004,10,Human,44
WA,2004,10,Missing data/not specified/undetermined,1
WA,2004,11,Human,10
WA,2004,12,Human,1
WA,2005,2,Human,19
WA,2005,2,Missing data/not specified/undetermined,1
WA,2005,3,Human,57
WA,2005,3,Missing data/not specified/undetermined,1
WA,2005,3,Natural,1
WA,2005,4,Human,37
WA,2005,4,Natural,2
WA,2005,5,Human,34
WA,2005,5,Missing data/not specified/undetermined,2
WA,2005,5,Natural,9
WA,2005,6,Human,70
WA,2005,6,Missing data/not specified/undetermined,7
WA,2005,6,Natural,38
WA,2005,7,Human,203
WA,2005,7,Missing data/not specified/undetermined,19
WA,2005,7,Natural,15
WA,2005,8,Human,262
WA,2005,8,Missing data/not specified/undetermined,15
WA,2005,8,Natural,88
WA,2005,9,Human,141
WA,2005,9,Missing data/not specified/undetermined,15
WA,2005,9,Natural,14
WA,2005,10,Human,31
WA,2005,10,Natural,3
WA,2005,11,Human,2
WA,2005,12,Human,3
WA,2006,1,Human,1
WA,2006,2,Human,16
WA,2006,2,Missing data/not specified/undetermined,2
WA,2006,3,Human,9
WA,2006,3,Missing data/not specified/undetermined,1
WA,2006,4,Human,43
WA,2006,4,Missing data/not specified/undetermined,1
WA,2006,4,Natural,2
WA,2006,5,Human,133
WA,2006,5,Missing data/not specified/undetermined,3
WA,2006,5,Natural,15
WA,2006,6,Human,77
WA,2006,6,Missing data/not specified/undetermined,12
WA,2006,6,Natural,13
WA,2006,7,Human,315
WA,2006,7,Missing data/not specified/undetermined,53
WA,2006,7,Natural,149
WA,2006,8,Human,260
WA,2006,8,Missing data/not specified/undetermined,45
WA,2006,8,Natural,113
WA,2006,9,Human,149
WA,2006,9,Missing data/not specified/undetermined,38
WA,2006,9,Natural,31
WA,2006,10,Human,73
WA,2006,10,Missing data/not specified/undetermined,14
WA,2006,10,Natural,1
WA,2006,11,Human,4
WA,2006,11,Missing data/not specified/undetermined,4
WA,2007,1,Human,2
WA,2007,2,Human,1
WA,2007,3,Human,29
WA,2007,4,Human,54
WA,2007,5,Human,92
WA,2007,5,Missing data/not specified/undetermined,1
WA,2007,5,Natural,23
WA,2007,6,Human,148
WA,2007,6,Missing data/not specified/undetermined,12
WA,2007,6,Natural,33
WA,2007,7,Human,329
WA,2007,7,Missing data/not specified/undetermined,13
WA,2007,7,Natural,145
WA,2007,8,Human,191
WA,2007,8,Missing data/not specified/undetermined,6
WA,2007,8,Natural,43
WA,2007,9,Human,118
WA,2007,9,Missing data/not specified/undetermined,1
WA,2007,9,Natural,19
WA,2007,10,Human,25
WA,2007,10,Missing data/not specified/undetermined,1
WA,2007,11,Human,15
WA,2007,12,Human,1
WA,2008,2,Human,3
WA,2008,2,Natural,1
WA,2008,3,Human,14
WA,2008,4,Human,46
WA,2008,5,Human,97
WA,2008,5,Missing data/not specified/undetermined,1
WA,2008,5,Natural,2
WA,2008,6,Human,121
WA,2008,6,Missing data/not specified/undetermined,3
WA,2008,6,Natural,50
WA,2008,7,Human,289
WA,2008,7,Missing data/not specified/undetermined,1
WA,2008,7,Natural,172
WA,2008,8,Human,173
WA,2008,8,Missing data/not specified/undetermined,4
WA,2008,8,Natural,310
WA,2008,9,Human,113
WA,2008,9,Missing data/not specified/undetermined,1
WA,2008,9,Natural,4
WA,2008,10,Human,78
WA,2008,10,Missing data/not specified/undetermined,2
WA,2008,11,Human,5
WA,2009,1,Human,2
WA,2009,2,Human,6
WA,2009,3,Human,18
WA,2009,3,Missing data/not specified/undetermined,1
WA,2009,4,Human,65
WA,2009,4,Natural,1
WA,2009,5,Human,80
WA,2009,5,Missing data/not specified/undetermined,1
WA,2009,5,Natural,2
WA,2009,6,Human,147
WA,2009,6,Missing data/not specified/undetermined,5
WA,2009,6,Natural,105
WA,2009,7,Human,358
WA,2009,7,Missing data/not specified/undetermined,3
WA,2009,7,Natural,525
WA,2009,8,Human,210
WA,2009,8,Missing data/not specified/undetermined,1
WA,2009,8,Natural,169
WA,2009,9,Human,131
WA,2009,9,Natural,99
WA,2009,10,Human,60
WA,2009,10,Natural,4
WA,2009,11,Human,5
WA,2009,12,Human,2
WA,2010,1,Human,2
WA,2010,2,Human,3
WA,2010,3,Human,18
WA,2010,4,Human,35
WA,2010,4,Natural,1
WA,2010,5,Human,38
WA,2010,5,Missing data/not specified/undetermined,1
WA,2010,5,Natural,8
WA,2010,6,Human,48
WA,2010,6,Missing data/not specified/undetermined,3
WA,2010,6,Natural,11
WA,2010,7,Human,224
WA,2010,7,Missing data/not specified/undetermined,7
WA,2010,7,Natural,153
WA,2010,8,Human,236
WA,2010,8,Missing data/not specified/undetermined,11
WA,2010,8,Natural,143
WA,2010,9,Human,62
WA,2010,9,Missing data/not specified/undetermined,2
WA,2010,9,Natural,6
WA,2010,10,Human,28
WA,2010,11,Human,6
WA,2010,11,Missing data/not specified/undetermined,1
WA,2011,1,Human,1
WA,2011,2,Human,2
WA,2011,3,Human,8
WA,2011,4,Human,27
WA,2011,5,Human,22
WA,2011,5,Missing data/not specified/undetermined,1
WA,2011,5,Natural,4
WA,2011,6,Human,59
WA,2011,6,Missing data/not specified/undetermined,1
WA,2011,6,Natural,7
WA,2011,7,Human,231
WA,2011,7,Missing data/not specified/undetermined,6
WA,2011,7,Natural,38
WA,2011,8,Human,280
WA,2011,8,Missing data/not specified/undetermined,3
WA,2011,8,Natural,35
WA,2011,9,Human,210
WA,2011,9,Missing data/not specified/undetermined,1
WA,2011,9,Natural,13
WA,2011,10,Human,42
WA,2011,10,Natural,5
WA,2011,11,Human,26
WA,2011,12,Human,7
WA,2012,1,Human,1
WA,2012,2,Human,9
WA,2012,3,Human,19
WA,2012,4,Human,74
WA,2012,4,Natural,4
WA,2012,5,Human,88
WA,2012,5,Missing data/not specified/undetermined,1
WA,2012,6,Human,70
WA,2012,6,Missing data/not specified/undetermined,1
WA,2012,6,Natural,16
WA,2012,7,Human,176
WA,2012,7,Missing data/not specified/undetermined,1
WA,2012,7,Natural,165
WA,2012,8,Human,242
WA,2012,8,Missing data/not specified/undetermined,6
WA,2012,8,Natural,64
WA,2012,9,Human,203
WA,2012,9,Missing data/not specified/undetermined,4
WA,2012,9,Natural,181
WA,2012,10,Human,93
WA,2012,10,Missing data/not specified/undetermined,2
WA,2012,10,Natural,6
WA,2012,11,Human,3
WA,2013,1,Human,3
WA,2013,2,Human,1
WA,2013,3,Human,19
WA,2013,3,Natural,2
WA,2013,4,Human,43
WA,2013,5,Human,73
WA,2013,5,Missing data/not specified/undetermined,1
WA,2013,5,Natural,10
WA,2013,6,Human,94
WA,2013,6,Missing data/not specified/undetermined,3
WA,2013,6,Natural,29
WA,2013,7,Human,301
WA,2013,7,Missing data/not specified/undetermined,8
WA,2013,7,Natural,75
WA,2013,8,Human,184
WA,2013,8,Missing data/not specified/undetermined,6
WA,2013,8,Natural,275
WA,2013,9,Human,66
WA,2013,9,Missing data/not specified/undetermined,1
WA,2013,9,Natural,127
WA,2013,10,Human,38
WA,2013,10,Missing data/not specified/undetermined,3
WA,2013,10,Natural,3
WA,2013,11,Human,10
WA,2013,12,Human,3
WA,2014,1,Human,6
WA,2014,2,Human,4
WA,2014,3,Human,31
WA,2014,3,Natural,1
WA,2014,4,Human,88
WA,2014,4,Missing data/not specified/undetermined,1
WA,2014,5,Human,60
WA,2014,5,Natural,8
WA,2014,6,Human,135
WA,2014,6,Missing data/not specified/undetermined,2
WA,2014,6,Natural,41
WA,2014,7,Human,305
WA,2014,7,Missing data/not specified/undetermined,3
WA,2014,7,Natural,146
WA,2014,8,Human,205
WA,2014,8,Missing data/not specified/undetermined,3
WA,2014,8,Natural,278
WA,2014,9,Human,171
WA,2014,9,Missing data/not specified/undetermined,1
WA,2014,9,Natural,13
WA,2014,10,Human,55
WA,2014,11,Human,10
WA,2015,2,Human,28
WA,2015,2,Natural,1
WA,2015,3,Human,53
WA,2015,3,Natural,1
WA,2015,4,Human,56
WA,2015,4,Missing data/not specified/undetermined,1
WA,2015,4,Natural,2
WA,2015,5,Human,81
WA,2015,5,Natural,43
WA,2015,6,Human,233
WA,2015,6,Missing data/not specified/undetermined,2
WA,2015,6,Natural,67
WA,2015,7,Human,376
WA,2015,7,Missing data/not specified/undetermined,3
WA,2015,7,Natural,164
WA,2015,8,Human,271
WA,2015,8,Natural,186
WA,2015,9,Human,96
WA,2015,9,Natural,6
WA,2015,10,Human,63
WA,2015,11,Human,7
WA,2015,11,Natural,1
WA,2016,2,Human,4
WA,2016,3,Human,20
WA,2016,4,Human,60
WA,2016,4,Natural,1
WA,2016,5,Human,123
WA,2016,5,Natural,4
WA,2016,6,Human,165
WA,2016,6,Missing data/not specified/undetermined,1
WA,2016,6,Natural,19
WA,2016,7,Human,279
WA,2016,7,Natural,81
WA,2016,8,Human,294
WA,2016,8,Missing data/not specified/undetermined,5
WA,2016,8,Natural,44
WA,2016,9,Human,132
WA,2016,9,Missing data/not specified/undetermined,1
WA,2016,9,Natural,6
WA,2016,10,Human,21
WA,2016,10,Natural,3
WA,2016,11,Human,1
WA,2017,1,Human,3
WA,2017,2,Human,1
WA,2017,3,Human,2
WA,2017,4,Human,16
WA,2017,5,Human,57
WA,2017,5,Natural,7
WA,2017,6,Human,155
WA,2017,6,Missing data/not specified/undetermined,2
WA,2017,6,Natural,32
WA,2017,7,Human,380
WA,2017,7,Missing data/not specified/undetermined,6
WA,2017,7,Natural,47
WA,2017,8,Human,292
WA,2017,8,Missing data/not specified/undetermined,8
WA,2017,8,Natural,45
WA,2017,9,Human,183
WA,2017,9,Missing data/not specified/undetermined,1
WA,2017,9,Natural,1
WA,2017,10,Human,96
WA,2017,11,Human,7
WA,2017,12,Human,2
WA,2018,2,Human,6
WA,2018,3,Human,38
WA,2018,4,Human,62
WA,2018,5,Human,116
WA,2018,5,Natural,10
WA,2018,6,Human,204
WA,2018,6,Missing data/not specified/undetermined,4
WA,2018,6,Natural,65
WA,2018,7,Human,472
WA,2018,7,Missing data/not specified/undetermined,1
WA,2018,7,Natural,57
WA,2018,8,Human,236
WA,2018,8,Missing data/not specified/undetermined,2
WA,2018,8,Natural,105
WA,2018,9,Human,146
WA,2018,9,Missing data/not specified/undetermined,2
WA,2018,9,Natural,38
WA,2018,10,Human,83
WA,2018,10,Natural,3
WA,2018,11,Human,16
WA,2018,12,Human,5
WA,2019,1,Human,2
WA,2019,2,Human,2
WA,2019,3,Human,83
WA,2019,3,Natural,2
WA,2019,4,Human,84
WA,2019,4,Natural,2
WA,2019,5,Human,108
WA,2019,5,Natural,16
WA,2019,6,Human,198
WA,2019,6,Missing data/not specified/undetermined,2
WA,2019,6,Natural,37
WA,2019,7,Human,245
WA,2019,7,Missing data/not specified/undetermined,2
WA,2019,7,Natural,151
WA,2019,8,Human,204
WA,2019,8,Natural,106
WA,2019,9,Human,75
WA,2019,9,Natural,81
WA,2019,10,Human,43
WA,2019,10,Natural,1
WA,2019,11,Human,18
WA,2020,2,Human,6
WA,2020,3,Human,65
WA,2020,3,Missing data/not specified/undetermined,11
WA,2020,4,Human,177
WA,2020,4,Missing data/not specified/undetermined,20
WA,2020,5,Human,71
WA,2020,5,Missing data/not specified/undetermined,12
WA,2020,5,Natural,17
WA,2020,6,Human,93
WA,2020,6,Missing data/not specified/undetermined,10
WA,2020,6,Natural,16
WA,2020,7,Human,248
WA,2020,7,Missing data/not specified/undetermined,80
WA,2020,7,Natural,5
WA,2020,8,Human,227
WA,2020,8,Missing data/not specified/undetermined,88
WA,2020,8,Natural,37
WA,2020,9,Human,190
WA,2020,9,Missing data/not specified/undetermined,74
WA,2020,9,Natural,26
WA,2020,10,Human,30
WA,2020,10,Missing data/not specified/undetermined,6
WA,2020,10,Natural,1
WA,2020,11,Human,8
WA,2020,11,Missing data/not specified/undetermined,3
WA,2020,12,Human,4
WI,1992,1,Human,3
WI,1992,2,Human,15
WI,1992,3,Human,64
WI,1992,4,Human,308
WI,1992,4,Missing data/not specified/undetermined,1
WI,1992,5,Human,493
WI,1992,5,Missing data/not specified/undetermined,1
WI,1992,6,Human,128
WI,1992,6,Natural,12
WI,1992,7,Human,103
WI,1992,7,Missing data/not specified/undetermined,1
WI,1992,7,Natural,2
WI,1992,8,Human,57
WI,1992,8,Natural,3
WI,1992,9,Human,26
WI,1992,9,Natural,2
WI,1992,10,Human,58
WI,1992,10,Natural,1
WI,1992,11,Human,3
WI,1993,2,Human,12
WI,1993,3,Human,41
WI,1993,4,Human,413
WI,1993,5,Human,186
WI,1993,5,Natural,2
WI,1993,6,Human,59
WI,1993,6,Natural,1
WI,1993,7,Human,20
WI,1993,8,Human,24
WI,1993,8,Natural,2
WI,1993,9,Human,10
WI,1993,10,Human,50
WI,1993,11,Human,52
WI,1993,12,Human,11
WI,1994,3,Human,255
WI,1994,3,Natural,1
WI,1994,4,Human,882
WI,1994,4,Natural,7
WI,1994,5,Human,490
WI,1994,5,Natural,3
WI,1994,6,Human,118
WI,1994,6,Natural,5
WI,1994,7,Human,36
WI,1994,7,Natural,9
WI,1994,8,Human,23
WI,1994,8,Natural,3
WI,1994,9,Human,9
WI,1994,9,Natural,1
WI,1994,10,Human,55
WI,1994,10,Missing data/not specified/undetermined,1
WI,1994,11,Human,69
WI,1994,12,Human,4
WI,1995,1,Human,6
WI,1995,2,Human,15
WI,1995,3,Human,235
WI,1995,4,Human,573
WI,1995,5,Human,413
WI,1995,5,Natural,1
WI,1995,6,Human,123
WI,1995,6,Natural,7
WI,1995,7,Human,112
WI,1995,7,Missing data/not specified/undetermined,1
WI,1995,7,Natural,7
WI,1995,8,Human,13
WI,1995,8,Natural,4
WI,1995,9,Human,34
WI,1995,9,Natural,3
WI,1995,10,Human,61
WI,1995,10,Natural,2
WI,1995,11,Human,25
WI,1995,12,Human,1
WI,1996,3,Human,90
WI,1996,4,Human,526
WI,1996,4,Natural,1
WI,1996,5,Human,467
WI,1996,5,Natural,6
WI,1996,6,Human,62
WI,1996,6,Natural,1
WI,1996,7,Human,41
WI,1996,7,Natural,1
WI,1996,8,Human,49
WI,1996,8,Natural,2
WI,1996,9,Human,56
WI,1996,9,Natural,1
WI,1996,10,Human,95
WI,1996,10,Natural,5
WI,1996,11,Human,56
WI,1996,11,Natural,1
WI,1996,12,Human,1
WI,1997,2,Human,3
WI,1997,3,Human,18
WI,1997,4,Human,886
WI,1997,4,Natural,1
WI,1997,5,Human,413
WI,1997,5,Natural,3
WI,1997,6,Human,167
WI,1997,6,Natural,5
WI,1997,7,Human,65
WI,1997,7,Natural,4
WI,1997,8,Human,28
WI,1997,9,Human,20
WI,1997,10,Human,39
WI,1997,10,Natural,1
WI,1997,11,Human,19
WI,1997,12,Human,3
WI,1998,1,Human,2
WI,1998,2,Human,1
WI,1998,3,Human,50
WI,1998,3,Natural,1
WI,1998,4,Human,764
WI,1998,4,Missing data/not specified/undetermined,1
WI,1998,4,Natural,1
WI,1998,5,Human,229
WI,1998,5,Natural,17
WI,1998,6,Human,51
WI,1998,6,Natural,6
WI,1998,7,Human,135
WI,1998,7,Natural,3
WI,1998,8,Human,51
WI,1998,8,Natural,4
WI,1998,9,Human,109
WI,1998,9,Natural,6
WI,1998,10,Human,76
WI,1998,10,Natural,1
WI,1998,11,Human,60
WI,1998,12,Human,43
WI,1999,1,Human,1
WI,1999,2,Human,11
WI,1999,3,Human,297
WI,1999,4,Human,403
WI,1999,4,Natural,5
WI,1999,5,Human,210
WI,1999,5,Natural,2
WI,1999,6,Human,47
WI,1999,6,Natural,4
WI,1999,7,Human,20
WI,1999,7,Natural,4
WI,1999,8,Human,7
WI,1999,9,Human,39
WI,1999,9,Natural,2
WI,1999,10,Human,228
WI,1999,11,Human,297
WI,1999,11,Natural,1
WI,1999,12,Human,26
WI,2000,1,Human,1
WI,2000,2,Human,32
WI,2000,3,Human,445
WI,2000,3,Natural,4
WI,2000,4,Human,583
WI,2000,4,Natural,1
WI,2000,5,Human,183
WI,2000,5,Natural,1
WI,2000,6,Human,50
WI,2000,6,Natural,7
WI,2000,7,Human,64
WI,2000,7,Natural,6
WI,2000,8,Human,18
WI,2000,8,Natural,3
WI,2000,9,Human,19
WI,2000,9,Natural,1
WI,2000,10,Human,131
WI,2000,10,Natural,1
WI,2000,11,Human,28
WI,2001,3,Human,20
WI,2001,4,Human,425
WI,2001,4,Missing data/not specified/undetermined,1
WI,2001,5,Human,118
WI,2001,5,Natural,3
WI,2001,6,Human,18
WI,2001,6,Natural,4
WI,2001,7,Human,178
WI,2001,7,Natural,8
WI,2001,8,Human,51
WI,2001,8,Natural,5
WI,2001,9,Human,8
WI,2001,9,Natural,1
WI,2001,10,Human,44
WI,2001,10,Natural,3
WI,2001,11,Human,89
WI,2001,11,Missing data/not specified/undetermined,2
WI,2001,12,Human,15
WI,2002,1,Human,29
WI,2002,2,Human,23
WI,2002,3,Human,80
WI,2002,4,Human,234
WI,2002,4,Missing data/not specified/undetermined,1
WI,2002,4,Natural,10
WI,2002,5,Human,212
WI,2002,5,Missing data/not specified/undetermined,1
WI,2002,5,Natural,3
WI,2002,6,Human,48
WI,2002,6,Natural,1
WI,2002,7,Human,88
WI,2002,7,Natural,4
WI,2002,8,Human,24
WI,2002,8,Natural,6
WI,2002,9,Human,13
WI,2002,9,Natural,3
WI,2002,10,Human,13
WI,2002,11,Human,64
WI,2002,12,Human,92
WI,2003,1,Human,91
WI,2003,2,Human,6
WI,2003,3,Human,190
WI,2003,4,Human,831
WI,2003,4,Missing data/not specified/undetermined,3
WI,2003,4,Natural,4
WI,2003,5,Human,411
WI,2003,5,Natural,3
WI,2003,6,Human,149
WI,2003,6,Missing data/not specified/undetermined,2
WI,2003,6,Natural,2
WI,2003,7,Human,127
WI,2003,7,Missing data/not specified/undetermined,2
WI,2003,7,Natural,1
WI,2003,8,Human,101
WI,2003,8,Missing data/not specified/undetermined,6
WI,2003,8,Natural,9
WI,2003,9,Human,100
WI,2003,9,Missing data/not specified/undetermined,1
WI,2003,9,Natural,3
WI,2003,10,Human,161
WI,2003,10,Natural,1
WI,2003,11,Human,33
WI,2003,12,Human,15
WI,2004,1,Human,3
WI,2004,2,Human,2
WI,2004,3,Human,41
WI,2004,4,Human,540
WI,2004,4,Missing data/not specified/undetermined,10
WI,2004,4,Natural,7
WI,2004,5,Human,193
WI,2004,5,Missing data/not specified/undetermined,8
WI,2004,5,Natural,4
WI,2004,6,Human,58
WI,2004,6,Natural,4
WI,2004,7,Human,56
WI,2004,7,Natural,3
WI,2004,8,Human,42
WI,2004,8,Missing data/not specified/undetermined,1
WI,2004,8,Natural,1
WI,2004,9,Human,69
WI,2004,9,Natural,3
WI,2004,10,Human,32
WI,2004,11,Human,55
WI,2004,12,Human,27
WI,2004,12,Missing data/not specified/undetermined,2
WI,2005,1,Human,1
WI,2005,3,Human,42
WI,2005,3,Missing data/not specified/undetermined,1
WI,2005,4,Human,666
WI,2005,4,Missing data/not specified/undetermined,3
WI,2005,4,Natural,2
WI,2005,5,Human,237
WI,2005,5,Natural,2
WI,2005,6,Human,103
WI,2005,6,Natural,16
WI,2005,7,Human,210
WI,2005,7,Missing data/not specified/undetermined,1
WI,2005,7,Natural,6
WI,2005,8,Human,80
WI,2005,8,Missing data/not specified/undetermined,1
WI,2005,8,Natural,13
WI,2005,9,Human,98
WI,2005,9,Natural,9
WI,2005,10,Human,31
WI,2005,10,Missing data/not specified/undetermined,1
WI,2005,10,Natural,1
WI,2005,11,Human,36
WI,2005,11,Missing data/not specified/undetermined,3
WI,2005,11,Natural,1
WI,2005,12,Human,1
WI,2006,1,Human,18
WI,2006,2,Human,5
WI,2006,3,Human,104
WI,2006,4,Human,555
WI,2006,4,Natural,18
WI,2006,5,Human,171
WI,2006,5,Natural,9
WI,2006,6,Human,148
WI,2006,6,Natural,7
WI,2006,7,Human,352
WI,2006,7,Missing data/not specified/undetermined,1
WI,2006,7,Natural,26
WI,2006,8,Human,49
WI,2006,8,Natural,4
WI,2006,9,Human,33
WI,2006,9,Natural,1
WI,2006,10,Human,70
WI,2006,10,Natural,2
WI,2006,11,Human,59
WI,2006,11,Missing data/not specified/undetermined,1
WI,2006,12,Human,24
WI,2007,1,Human,6
WI,2007,2,Human,9
WI,2007,3,Human,53
WI,2007,4,Human,465
WI,2007,4,Natural,2
WI,2007,5,Human,218
WI,2007,5,Missing data/not specified/undetermined,2
WI,2007,5,Natural,10
WI,2007,6,Human,139
WI,2007,6,Natural,6
WI,2007,7,Human,203
WI,2007,7,Natural,19
WI,2007,8,Human,120
WI,2007,8,Natural,46
WI,2007,9,Human,33
WI,2007,9,Natural,7
WI,2007,10,Human,29
WI,2007,10,Natural,3
WI,2007,11,Human,116
WI,2007,11,Natural,1
WI,2008,3,Human,6
WI,2008,4,Human,153
WI,2008,4,Missing data/not specified/undetermined,1
WI,2008,4,Natural,1
WI,2008,5,Human,246
WI,2008,5,Natural,7
WI,2008,6,Human,66
WI,2008,6,Natural,3
WI,2008,7,Human,85
WI,2008,7,Natural,2
WI,2008,8,Human,95
WI,2008,8,Natural,13
WI,2008,9,Human,38
WI,2008,9,Natural,3
WI,2008,10,Human,46
WI,2008,11,Human,48
WI,2009,3,Human,104
WI,2009,4,Human,589
WI,2009,4,Missing data/not specified/undetermined,4
WI,2009,4,Natural,6
WI,2009,5,Human,392
WI,2009,5,Missing data/not specified/undetermined,2
WI,2009,5,Natural,10
WI,2009,6,Human,83
WI,2009,6,Missing data/not specified/undetermined,1
WI,2009,6,Natural,2
WI,2009,7,Human,215
WI,2009,7,Natural,3
WI,2009,8,Human,30
WI,2009,9,Human,39
WI,2009,9,Missing data/not specified/undetermined,1
WI,2009,9,Natural,2
WI,2009,10,Human,10
WI,2009,10,Missing data/not specified/undetermined,1
WI,2009,11,Human,67
WI,2009,11,Missing data/not specified/undetermined,1
WI,2009,12,Human,6
WI,2010,3,Human,335
WI,2010,3,Natural,1
WI,2010,4,Human,455
WI,2010,4,Missing data/not specified/undetermined,1
WI,2010,4,Natural,13
WI,2010,5,Human,208
WI,2010,5,Missing data/not specified/undetermined,1
WI,2010,5,Natural,22
WI,2010,6,Human,24
WI,2010,6,Natural,3
WI,2010,7,Human,36
WI,2010,7,Natural,3
WI,2010,8,Human,16
WI,2010,8,Missing data/not specified/undetermined,1
WI,2010,9,Human,7
WI,2010,9,Natural,2
WI,2010,10,Human,111
WI,2010,10,Natural,1
WI,2010,11,Human,44
WI,2010,11,Missing data/not specified/undetermined,1
WI,2010,12,Human,3
WI,2011,3,Human,25
WI,2011,4,Human,179
WI,2011,5,Human,155
WI,2011,6,Human,80
WI,2011,6,Natural,2
WI,2011,7,Human,74
WI,2011,7,Natural,2
WI,2011,8,Human,30
WI,2011,8,Natural,2
WI,2011,9,Human,24
WI,2011,9,Natural,2
WI,2011,10,Human,111
WI,2011,11,Human,35
WI,2011,12,Human,14
WI,2012,1,Human,12
WI,2012,2,Human,12
WI,2012,3,Human,234
WI,2012,3,Natural,1
WI,2012,4,Human,258
WI,2012,4,Natural,2
WI,2012,5,Human,155
WI,2012,5,Natural,15
WI,2012,6,Human,138
WI,2012,6,Missing data/not specified/undetermined,1
WI,2012,6,Natural,3
WI,2012,7,Human,185
WI,2012,7,Natural,13
WI,2012,8,Human,83
WI,2012,8,Natural,7
WI,2012,9,Human,84
WI,2012,9,Natural,2
WI,2012,10,Human,115
WI,2012,10,Missing data/not specified/undetermined,1
WI,2012,10,Natural,1
WI,2012,11,Human,53
WI,2012,11,Missing data/not specified/undetermined,1
WI,2012,12,Human,3
WI,2013,1,Human,2
WI,2013,3,Human,2
WI,2013,4,Human,143
WI,2013,4,Natural,1
WI,2013,5,Human,254
WI,2013,6,Human,46
WI,2013,6,Natural,1
WI,2013,7,Human,62
WI,2013,7,Natural,1
WI,2013,8,Human,78
WI,2013,8,Natural,2
WI,2013,9,Human,48
WI,2013,9,Natural,2
WI,2013,10,Human,28
WI,2013,10,Natural,1
WI,2013,11,Human,19
WI,2013,12,Human,2
WI,2014,3,Human,26
WI,2014,4,Human,190
WI,2014,4,Missing data/not specified/undetermined,1
WI,2014,4,Natural,1
WI,2014,5,Human,206
WI,2014,5,Missing data/not specified/undetermined,2
WI,2014,5,Natural,4
WI,2014,6,Human,40
WI,2014,6,Natural,6
WI,2014,7,Human,44
WI,2014,7,Missing data/not specified/undetermined,1
WI,2014,7,Natural,1
WI,2014,8,Human,27
WI,2014,8,Natural,2
WI,2014,9,Human,6
WI,2014,10,Human,28
WI,2014,10,Natural,1
WI,2014,11,Human,18
WI,2014,12,Human,1
WI,2015,3,Human,155
WI,2015,4,Human,387
WI,2015,4,Missing data/not specified/undetermined,2
WI,2015,4,Natural,9
WI,2015,5,Human,154
WI,2015,5,Natural,6
WI,2015,6,Human,40
WI,2015,6,Natural,1
WI,2015,7,Human,69
WI,2015,7,Natural,2
WI,2015,8,Human,43
WI,2015,8,Natural,2
WI,2015,9,Human,20
WI,2015,10,Human,48
WI,2015,11,Human,24
WI,2015,12,Human,3
WI,2016,2,Human,4
WI,2016,3,Human,79
WI,2016,4,Human,219
WI,2016,4,Missing data/not specified/undetermined,2
WI,2016,4,Natural,1
WI,2016,5,Human,203
WI,2016,5,Natural,11
WI,2016,6,Human,51
WI,2016,6,Natural,2
WI,2016,7,Human,43
WI,2016,7,Natural,2
WI,2016,8,Human,11
WI,2016,9,Human,7
WI,2016,10,Human,16
WI,2016,10,Natural,1
WI,2016,11,Human,59
WI,2016,12,Human,1
WI,2017,2,Human,8
WI,2017,3,Human,137
WI,2017,4,Human,214
WI,2017,4,Natural,1
WI,2017,5,Human,94
WI,2017,5,Natural,2
WI,2017,6,Human,68
WI,2017,7,Human,26
WI,2017,8,Human,16
WI,2017,9,Human,14
WI,2017,9,Natural,1
WI,2017,10,Human,35
WI,2017,11,Human,47
WI,2017,12,Human,33
WI,2018,1,Human,17
WI,2018,2,Human,15
WI,2018,3,Human,439
WI,2018,4,Human,601
WI,2018,4,Natural,1
WI,2018,5,Human,513
WI,2018,5,Natural,5
WI,2018,6,Human,115
WI,2018,6,Natural,6
WI,2018,7,Human,181
WI,2018,7,Natural,1
WI,2018,8,Human,76
WI,2018,8,Natural,7
WI,2018,9,Human,37
WI,2018,10,Human,52
WI,2018,11,Human,31
WI,2018,12,Human,2
WI,2019,1,Human,11
WI,2019,2,Human,4
WI,2019,3,Human,120
WI,2019,4,Human,364
WI,2019,4,Natural,1
WI,2019,5,Human,308
WI,2019,5,Missing data/not specified/undetermined,1
WI,2019,5,Natural,1
WI,2019,6,Human,189
WI,2019,6,Natural,3
WI,2019,7,Human,79
WI,2019,7,Natural,2
WI,2019,8,Human,48
WI,2019,9,Human,26
WI,2019,10,Human,17
WI,2019,11,Human,28
WI,2019,12,Human,10
WI,2020,1,Human,9
WI,2020,1,Missing data/not specified/undetermined,9
WI,2020,2,Human,3
WI,2020,2,Missing data/not specified/undetermined,5
WI,2020,3,Human,56
WI,2020,3,Missing data/not specified/undetermined,56
WI,2020,3,Natural,1
WI,2020,4,Human,296
WI,2020,4,Missing data/not specified/undetermined,123
WI,2020,4,Natural,1
WI,2020,5,Human,236
WI,2020,5,Missing data/not specified/undetermined,88
WI,2020,5,Natural,3
WI,2020,6,Human,92
WI,2020,6,Missing data/not specified/undetermined,37
WI,2020,6,Natural,3
WI,2020,7,Human,70
WI,2020,7,Missing data/not specified/undetermined,38
WI,2020,7,Natural,1
WI,2020,8,Human,58
WI,2020,8,Missing data/not specified/undetermined,32
WI,2020,8,Natural,1
WI,2020,9,Human,31
WI,2020,9,Missing data/not specified/undetermined,20
WI,2020,9,Natural,2
WI,2020,10,Human,54
WI,2020,10,Missing data/not specified/undetermined,46
WI,2020,10,Natural,1
WI,2020,11,Human,162
WI,2020,11,Missing data/not specified/undetermined,73
WI,2020,11,Natural,2
WI,2020,12,Human,37
WI,2020,12,Missing data/not specified/undetermined,17
WV,1992,1,Human,15
WV,1992,2,Human,116
WV,1992,3,Human,175
WV,1992,3,Natural,1
WV,1992,4,Human,146
WV,1992,4,Natural,5
WV,1992,5,Human,48
WV,1992,5,Natural,7
WV,1992,7,Human,1
WV,1992,8,Human,4
WV,1992,9,Human,2
WV,1992,10,Human,88
WV,1992,10,Natural,1
WV,1992,11,Human,86
WV,1992,12,Human,6
WV,1993,1,Human,81
WV,1993,2,Human,248
WV,1993,3,Human,8
WV,1993,4,Human,211
WV,1993,5,Human,46
WV,1993,6,Human,12
WV,1993,7,Human,28
WV,1993,7,Natural,1
WV,1993,8,Human,14
WV,1993,8,Natural,2
WV,1993,9,Human,17
WV,1993,10,Human,54
WV,1993,11,Human,108
WV,1993,12,Human,16
WV,1994,2,Human,76
WV,1994,3,Human,100
WV,1994,4,Human,227
WV,1994,4,Natural,2
WV,1994,5,Human,13
WV,1994,5,Natural,1
WV,1994,6,Human,14
WV,1994,6,Natural,1
WV,1994,7,Human,5
WV,1994,7,Natural,5
WV,1994,8,Human,1
WV,1994,9,Human,1
WV,1994,10,Human,152
WV,1994,10,Natural,1
WV,1994,11,Human,346
WV,1994,11,Natural,3
WV,1994,12,Human,62
WV,1995,1,Human,10
WV,1995,2,Human,48
WV,1995,3,Human,486
WV,1995,4,Human,499
WV,1995,4,Natural,11
WV,1995,5,Human,8
WV,1995,5,Natural,3
WV,1995,6,Natural,1
WV,1995,7,Human,11
WV,1995,7,Natural,2
WV,1995,8,Human,19
WV,1995,9,Human,47
WV,1995,10,Human,35
WV,1995,11,Human,50
WV,1995,12,Human,11
WV,1996,1,Human,2
WV,1996,2,Human,28
WV,1996,2,Natural,1
WV,1996,3,Human,121
WV,1996,3,Natural,1
WV,1996,4,Human,319
WV,1996,4,Natural,1
WV,1996,5,Human,28
WV,1996,5,Natural,1
WV,1996,6,Human,1
WV,1996,7,Human,2
WV,1996,8,Human,3
WV,1996,9,Human,1
WV,1996,10,Human,73
WV,1996,11,Human,63
WV,1996,12,Human,6
WV,1997,1,Human,9
WV,1997,2,Human,132
WV,1997,3,Human,143
WV,1997,3,Natural,1
WV,1997,4,Human,270
WV,1997,5,Human,60
WV,1997,6,Human,2
WV,1997,7,Human,7
WV,1997,7,Natural,2
WV,1997,8,Human,1
WV,1997,9,Human,3
WV,1997,10,Human,52
WV,1997,11,Human,20
WV,1997,12,Human,17
WV,1998,1,Human,7
WV,1998,2,Human,19
WV,1998,3,Human,311
WV,1998,4,Human,155
WV,1998,5,Human,13
WV,1998,5,Natural,1
WV,1998,6,Human,1
WV,1998,7,Human,2
WV,1998,8,Human,8
WV,1998,9,Human,38
WV,1998,9,Natural,3
WV,1998,10,Human,73
WV,1998,11,Human,277
WV,1998,12,Human,98
WV,1999,1,Human,52
WV,1999,2,Human,102
WV,1999,3,Human,397
WV,1999,4,Human,391
WV,1999,4,Natural,7
WV,1999,5,Human,113
WV,1999,5,Natural,3
WV,1999,6,Human,88
WV,1999,6,Natural,1
WV,1999,7,Human,111
WV,1999,7,Natural,13
WV,1999,8,Human,58
WV,1999,8,Natural,16
WV,1999,9,Human,54
WV,1999,10,Human,59
WV,1999,10,Natural,2
WV,1999,11,Human,439
WV,1999,12,Human,42
WV,1999,12,Natural,1
WV,2000,1,Human,75
WV,2000,2,Human,119
WV,2000,2,Natural,1
WV,2000,3,Human,380
WV,2000,3,Natural,3
WV,2000,4,Human,182
WV,2000,4,Natural,1
WV,2000,5,Human,111
WV,2000,5,Natural,9
WV,2000,6,Human,13
WV,2000,6,Natural,1
WV,2000,7,Human,1
WV,2000,8,Human,1
WV,2000,9,Human,1
WV,2000,10,Human,95
WV,2000,10,Missing data/not specified/undetermined,1
WV,2000,11,Human,105
WV,2000,12,Human,7
WV,2001,1,Human,30
WV,2001,2,Human,204
WV,2001,3,Human,184
WV,2001,4,Human,338
WV,2001,4,Natural,7
WV,2001,5,Human,92
WV,2001,5,Natural,5
WV,2001,6,Human,5
WV,2001,7,Human,4
WV,2001,8,Human,4
WV,2001,8,Natural,1
WV,2001,9,Human,12
WV,2001,9,Natural,1
WV,2001,10,Human,356
WV,2001,11,Human,506
WV,2001,11,Natural,2
WV,2001,12,Human,39
WV,2002,1,Human,61
WV,2002,2,Human,260
WV,2002,3,Human,289
WV,2002,4,Human,174
WV,2002,4,Natural,4
WV,2002,5,Human,21
WV,2002,5,Natural,1
WV,2002,6,Human,3
WV,2002,7,Human,9
WV,2002,8,Human,34
WV,2002,8,Natural,2
WV,2002,9,Human,98
WV,2002,9,Natural,1
WV,2002,10,Human,7
WV,2002,11,Human,14
WV,2002,12,Human,22
WV,2003,1,Human,11
WV,2003,2,Human,2
WV,2003,3,Human,246
WV,2003,3,Natural,1
WV,2003,4,Human,206
WV,2003,4,Natural,5
WV,2003,5,Human,11
WV,2003,5,Natural,1
WV,2003,7,Human,5
WV,2003,9,Human,1
WV,2003,10,Human,57
WV,2003,11,Human,88
WV,2003,12,Human,7
WV,2004,1,Human,4
WV,2004,2,Human,178
WV,2004,3,Human,156
WV,2004,4,Human,135
WV,2004,5,Human,10
WV,2004,7,Human,1
WV,2004,7,Natural,1
WV,2004,8,Human,7
WV,2004,9,Human,2
WV,2004,10,Human,15
WV,2004,11,Human,98
WV,2004,12,Human,11
WV,2005,1,Human,5
WV,2005,2,Human,21
WV,2005,3,Human,79
WV,2005,4,Human,333
WV,2005,4,Natural,1
WV,2005,5,Human,39
WV,2005,5,Natural,1
WV,2005,6,Human,13
WV,2005,6,Natural,2
WV,2005,7,Human,7
WV,2005,7,Natural,2
WV,2005,8,Human,15
WV,2005,8,Natural,1
WV,2005,9,Human,25
WV,2005,10,Human,21
WV,2005,11,Human,167
WV,2005,11,Natural,2
WV,2005,12,Human,27
WV,2006,1,Human,52
WV,2006,2,Human,153
WV,2006,3,Human,314
WV,2006,4,Human,207
WV,2006,4,Natural,7
WV,2006,5,Human,42
WV,2006,5,Natural,1
WV,2006,6,Human,6
WV,2006,6,Natural,1
WV,2006,7,Human,5
WV,2006,7,Natural,1
WV,2006,8,Human,6
WV,2006,8,Natural,2
WV,2006,9,Human,2
WV,2006,10,Human,22
WV,2006,10,Natural,1
WV,2006,11,Human,79
WV,2006,12,Human,125
WV,2007,1,Human,4
WV,2007,2,Human,21
WV,2007,2,Natural,1
WV,2007,3,Human,228
WV,2007,4,Human,121
WV,2007,4,Natural,4
WV,2007,5,Human,55
WV,2007,5,Natural,1
WV,2007,6,Human,35
WV,2007,6,Natural,2
WV,2007,7,Human,21
WV,2007,7,Natural,2
WV,2007,8,Human,22
WV,2007,8,Natural,3
WV,2007,9,Human,69
WV,2007,9,Natural,6
WV,2007,10,Human,127
WV,2007,11,Human,83
WV,2007,11,Natural,1
WV,2007,12,Human,30
WV,2008,1,Human,13
WV,2008,2,Human,67
WV,2008,3,Human,181
WV,2008,3,Natural,2
WV,2008,4,Human,238
WV,2008,4,Missing data/not specified/undetermined,1
WV,2008,4,Natural,9
WV,2008,5,Human,45
WV,2008,6,Human,6
WV,2008,6,Natural,1
WV,2008,7,Human,6
WV,2008,7,Natural,1
WV,2008,8,Human,23
WV,2008,8,Natural,3
WV,2008,9,Human,38
WV,2008,10,Human,103
WV,2008,10,Natural,1
WV,2008,11,Human,130
WV,2008,12,Human,18
WV,2009,1,Human,21
WV,2009,2,Human,105
WV,2009,2,Natural,1
WV,2009,3,Human,427
WV,2009,4,Human,181
WV,2009,4,Missing data/not specified/undetermined,2
WV,2009,5,Human,14
WV,2009,6,Human,2
WV,2009,7,Human,3
WV,2009,8,Human,2
WV,2009,9,Human,5
WV,2009,10,Human,14
WV,2009,11,Human,188
WV,2009,12,Human,12
WV,2010,1,Human,2
WV,2010,3,Human,109
WV,2010,4,Human,292
WV,2010,4,Natural,15
WV,2010,5,Human,16
WV,2010,6,Human,1
WV,2010,7,Human,12
WV,2010,7,Natural,2
WV,2010,8,Human,6
WV,2010,8,Natural,2
WV,2010,9,Human,49
WV,2010,9,Natural,3
WV,2010,10,Human,154
WV,2010,11,Human,128
WV,2010,12,Human,5
WV,2011,1,Human,3
WV,2011,2,Human,131
WV,2011,3,Human,80
WV,2011,4,Human,93
WV,2011,4,Natural,3
WV,2011,5,Human,6
WV,2011,5,Natural,1
WV,2011,6,Human,5
WV,2011,7,Human,5
WV,2011,7,Natural,4
WV,2011,8,Human,8
WV,2011,8,Natural,7
WV,2011,9,Human,1
WV,2011,10,Human,12
WV,2011,11,Human,107
WV,2011,12,Human,23
WV,2012,1,Human,40
WV,2012,2,Human,43
WV,2012,3,Human,121
WV,2012,3,Natural,8
WV,2012,4,Human,172
WV,2012,4,Natural,2
WV,2012,5,Human,6
WV,2012,5,Natural,1
WV,2012,6,Human,13
WV,2012,7,Human,16
WV,2012,7,Natural,5
WV,2012,8,Human,13
WV,2012,9,Human,7
WV,2012,10,Human,52
WV,2012,10,Natural,1
WV,2012,11,Human,166
WV,2012,12,Human,28
WV,2013,1,Human,10
WV,2013,2,Human,39
WV,2013,3,Human,98
WV,2013,4,Human,253
WV,2013,5,Human,36
WV,2013,5,Natural,1
WV,2013,6,Human,1
WV,2013,7,Human,2
WV,2013,9,Human,4
WV,2013,10,Human,15
WV,2013,11,Human,112
WV,2013,12,Human,9
WV,2014,1,Human,5
WV,2014,2,Human,54
WV,2014,3,Human,303
WV,2014,3,Natural,1
WV,2014,4,Human,366
WV,2014,4,Natural,1
WV,2014,5,Human,59
WV,2014,6,Human,5
WV,2014,6,Natural,1
WV,2014,7,Human,7
WV,2014,8,Human,1
WV,2014,9,Human,3
WV,2014,10,Human,33
WV,2014,11,Human,107
WV,2014,12,Human,5
WV,2015,1,Human,12
WV,2015,2,Human,13
WV,2015,3,Human,178
WV,2015,4,Human,132
WV,2015,4,Missing data/not specified/undetermined,1
WV,2015,4,Natural,1
WV,2015,5,Human,49
WV,2015,5,Natural,2
WV,2015,6,Human,7
WV,2015,6,Natural,1
WV,2015,7,Human,4
WV,2015,8,Human,4
WV,2015,9,Human,13
WV,2015,9,Natural,1
WV,2015,10,Human,28
WV,2015,11,Human,228
WV,2015,12,Human,10
WV,2015,12,Natural,1
WV,2016,1,Human,11
WV,2016,2,Human,28
WV,2016,3,Human,194
WV,2016,3,Natural,1
WV,2016,4,Human,282
WV,2016,4,Natural,3
WV,2016,5,Human,5
WV,2016,6,Human,4
WV,2016,7,Human,1
WV,2016,8,Human,1
WV,2016,9,Human,39
WV,2016,9,Natural,2
WV,2016,10,Human,32
WV,2016,11,Human,138
WV,2016,12,Human,8
WV,2017,1,Human,4
WV,2017,2,Human,120
WV,2017,2,Natural,2
WV,2017,3,Human,112
WV,2017,4,Human,96
WV,2017,4,Natural,1
WV,2017,5,Human,20
WV,2017,6,Human,4
WV,2017,7,Human,3
WV,2017,8,Human,1
WV,2017,9,Human,16
WV,2017,10,Human,44
WV,2017,11,Human,80
WV,2017,12,Human,46
WV,2018,1,Human,31
WV,2018,2,Human,23
WV,2018,3,Human,99
WV,2018,4,Human,227
WV,2018,4,Natural,2
WV,2018,5,Human,74
WV,2018,5,Natural,2
WV,2018,6,Human,2
WV,2018,7,Human,4
WV,2018,8,Human,1
WV,2018,10,Human,1
WV,2018,11,Human,6
WV,2018,12,Human,2
WV,2019,1,Human,8
WV,2019,2,Human,51
WV,2019,3,Human,228
WV,2019,4,Human,113
WV,2019,4,Natural,1
WV,2019,5,Human,7
WV,2019,5,Natural,1
WV,2019,6,Human,2
WV,2019,6,Natural,1
WV,2019,7,Human,6
WV,2019,8,Human,5
WV,2019,9,Human,91
WV,2019,9,Natural,2
WV,2019,10,Human,93
WV,2019,11,Human,96
WV,2019,12,Human,17
WV,2020,1,Human,28
WV,2020,2,Human,61
WV,2020,3,Human,151
WV,2020,3,Natural,1
WV,2020,4,Human,103
WV,2020,5,Human,18
WV,2020,6,Human,6
WV,2020,6,Natural,1
WV,2020,7,Human,15
WV,2020,7,Natural,2
WV,2020,8,Human,2
WV,2020,9,Human,4
WV,2020,10,Human,25
WV,2020,11,Human,184
WV,2020,11,Missing data/not specified/undetermined,1
WV,2020,11,Natural,1
WV,2020,12,Human,8
WY,1992,1,Missing data/not specified/undetermined,41
WY,1992,1,Natural,1
WY,1992,2,Human,2
WY,1992,2,Missing data/not specified/undetermined,24
WY,1992,3,Human,12
WY,1992,3,Missing data/not specified/undetermined,17
WY,1992,4,Human,34
WY,1992,4,Missing data/not specified/undetermined,21
WY,1992,4,Natural,1
WY,1992,5,Human,6
WY,1992,5,Missing data/not specified/undetermined,29
WY,1992,5,Natural,16
WY,1992,6,Human,6
WY,1992,6,Missing data/not specified/undetermined,15
WY,1992,6,Natural,36
WY,1992,7,Human,41
WY,1992,7,Missing data/not specified/undetermined,69
WY,1992,7,Natural,39
WY,1992,8,Human,49
WY,1992,8,Missing data/not specified/undetermined,32
WY,1992,8,Natural,85
WY,1992,9,Human,41
WY,1992,9,Missing data/not specified/undetermined,25
WY,1992,9,Natural,21
WY,1992,10,Human,32
WY,1992,10,Missing data/not specified/undetermined,41
WY,1992,10,Natural,1
WY,1992,11,Human,6
WY,1992,11,Missing data/not specified/undetermined,3
WY,1993,1,Human,1
WY,1993,1,Missing data/not specified/undetermined,1
WY,1993,3,Human,3
WY,1993,3,Missing data/not specified/undetermined,2
WY,1993,4,Human,5
WY,1993,4,Missing data/not specified/undetermined,8
WY,1993,5,Human,4
WY,1993,5,Missing data/not specified/undetermined,3
WY,1993,5,Natural,4
WY,1993,6,Human,7
WY,1993,6,Missing data/not specified/undetermined,5
WY,1993,6,Natural,11
WY,1993,7,Human,25
WY,1993,7,Missing data/not specified/undetermined,19
WY,1993,7,Natural,17
WY,1993,8,Human,20
WY,1993,8,Missing data/not specified/undetermined,9
WY,1993,8,Natural,35
WY,1993,9,Human,19
WY,1993,9,Missing data/not specified/undetermined,6
WY,1993,9,Natural,10
WY,1993,10,Human,10
WY,1993,10,Missing data/not specified/undetermined,36
WY,1993,11,Human,3
WY,1993,11,Missing data/not specified/undetermined,1
WY,1993,12,Human,1
WY,1993,12,Missing data/not specified/undetermined,4
WY,1994,1,Human,8
WY,1994,1,Missing data/not specified/undetermined,1
WY,1994,3,Human,15
WY,1994,3,Missing data/not specified/undetermined,8
WY,1994,4,Human,29
WY,1994,4,Missing data/not specified/undetermined,17
WY,1994,4,Natural,3
WY,1994,5,Human,10
WY,1994,5,Missing data/not specified/undetermined,5
WY,1994,5,Natural,5
WY,1994,6,Human,30
WY,1994,6,Missing data/not specified/undetermined,19
WY,1994,6,Natural,22
WY,1994,7,Human,45
WY,1994,7,Missing data/not specified/undetermined,123
WY,1994,7,Natural,120
WY,1994,8,Human,24
WY,1994,8,Missing data/not specified/undetermined,50
WY,1994,8,Natural,135
WY,1994,9,Human,31
WY,1994,9,Missing data/not specified/undetermined,22
WY,1994,9,Natural,99
WY,1994,10,Human,6
WY,1994,10,Missing data/not specified/undetermined,86
WY,1994,10,Natural,4
WY,1994,11,Human,1
WY,1994,12,Human,1
WY,1995,1,Missing data/not specified/undetermined,1
WY,1995,2,Human,1
WY,1995,2,Missing data/not specified/undetermined,3
WY,1995,3,Human,7
WY,1995,3,Missing data/not specified/undetermined,3
WY,1995,4,Human,7
WY,1995,4,Missing data/not specified/undetermined,10
WY,1995,4,Natural,1
WY,1995,5,Human,3
WY,1995,6,Human,2
WY,1995,6,Natural,8
WY,1995,7,Human,21
WY,1995,7,Missing data/not specified/undetermined,51
WY,1995,7,Natural,40
WY,1995,8,Human,41
WY,1995,8,Missing data/not specified/undetermined,39
WY,1995,8,Natural,61
WY,1995,9,Human,11
WY,1995,9,Missing data/not specified/undetermined,27
WY,1995,9,Natural,47
WY,1995,10,Human,15
WY,1995,10,Missing data/not specified/undetermined,118
WY,1995,11,Human,5
WY,1995,11,Missing data/not specified/undetermined,4
WY,1995,12,Human,2
WY,1995,12,Missing data/not specified/undetermined,2
WY,1996,1,Human,2
WY,1996,2,Human,8
WY,1996,2,Missing data/not specified/undetermined,6
WY,1996,3,Human,7
WY,1996,3,Missing data/not specified/undetermined,2
WY,1996,4,Human,31
WY,1996,4,Missing data/not specified/undetermined,49
WY,1996,5,Human,5
WY,1996,5,Missing data/not specified/undetermined,5
WY,1996,6,Human,10
WY,1996,6,Missing data/not specified/undetermined,4
WY,1996,6,Natural,26
WY,1996,7,Human,48
WY,1996,7,Missing data/not specified/undetermined,126
WY,1996,7,Natural,87
WY,1996,8,Human,50
WY,1996,8,Missing data/not specified/undetermined,95
WY,1996,8,Natural,187
WY,1996,9,Human,30
WY,1996,9,Missing data/not specified/undetermined,20
WY,1996,9,Natural,19
WY,1996,10,Human,26
WY,1996,10,Missing data/not specified/undetermined,188
WY,1996,10,Natural,1
WY,1997,3,Human,4
WY,1997,4,Human,2
WY,1997,4,Natural,1
WY,1997,5,Human,6
WY,1997,5,Natural,4
WY,1997,6,Human,6
WY,1997,6,Natural,7
WY,1997,7,Human,26
WY,1997,7,Natural,49
WY,1997,8,Human,18
WY,1997,8,Natural,41
WY,1997,9,Human,4
WY,1997,9,Natural,19
WY,1997,10,Human,6
WY,1997,10,Natural,2
WY,1998,3,Human,2
WY,1998,4,Human,4
WY,1998,5,Human,7
WY,1998,5,Natural,6
WY,1998,6,Human,2
WY,1998,6,Natural,6
WY,1998,7,Human,15
WY,1998,7,Natural,34
WY,1998,8,Human,14
WY,1998,8,Natural,54
WY,1998,9,Human,16
WY,1998,9,Natural,27
WY,1998,10,Human,8
WY,1998,10,Natural,1
WY,1998,11,Human,2
WY,1999,1,Human,6
WY,1999,2,Human,2
WY,1999,3,Human,25
WY,1999,3,Natural,1
WY,1999,4,Human,1
WY,1999,4,Natural,1
WY,1999,5,Human,3
WY,1999,6,Human,8
WY,1999,6,Natural,6
WY,1999,7,Human,38
WY,1999,7,Natural,42
WY,1999,8,Human,28
WY,1999,8,Natural,47
WY,1999,9,Human,17
WY,1999,9,Natural,15
WY,1999,10,Human,45
WY,1999,10,Natural,2
WY,1999,11,Human,17
WY,1999,12,Human,1
WY,2000,1,Human,10
WY,2000,3,Human,14
WY,2000,4,Human,10
WY,2000,4,Natural,1
WY,2000,5,Human,5
WY,2000,5,Natural,3
WY,2000,6,Human,20
WY,2000,6,Natural,26
WY,2000,7,Human,62
WY,2000,7,Natural,149
WY,2000,8,Human,25
WY,2000,8,Natural,192
WY,2000,9,Human,11
WY,2000,9,Natural,29
WY,2000,10,Human,10
WY,2000,10,Natural,2
WY,2000,12,Human,2
WY,2001,1,Human,1
WY,2001,3,Human,10
WY,2001,4,Human,22
WY,2001,5,Human,10
WY,2001,5,Natural,9
WY,2001,6,Human,27
WY,2001,6,Natural,41
WY,2001,7,Human,65
WY,2001,7,Natural,173
WY,2001,8,Human,45
WY,2001,8,Natural,144
WY,2001,9,Human,22
WY,2001,9,Natural,71
WY,2001,10,Human,16
WY,2001,10,Natural,3
WY,2001,11,Human,7
WY,2001,12,Human,5
WY,2001,12,Natural,1
WY,2002,1,Human,7
WY,2002,2,Human,17
WY,2002,3,Human,6
WY,2002,3,Natural,2
WY,2002,4,Human,40
WY,2002,5,Human,18
WY,2002,5,Natural,2
WY,2002,6,Human,36
WY,2002,6,Natural,66
WY,2002,7,Human,36
WY,2002,7,Natural,195
WY,2002,8,Human,34
WY,2002,8,Natural,143
WY,2002,9,Human,21
WY,2002,9,Natural,25
WY,2002,10,Human,13
WY,2002,11,Human,5
WY,2002,11,Natural,1
WY,2002,12,Human,2
WY,2003,1,Human,5
WY,2003,2,Human,4
WY,2003,3,Human,3
WY,2003,4,Human,31
WY,2003,5,Human,13
WY,2003,5,Missing data/not specified/undetermined,1
WY,2003,5,Natural,19
WY,2003,6,Human,10
WY,2003,6,Missing data/not specified/undetermined,1
WY,2003,6,Natural,33
WY,2003,7,Human,70
WY,2003,7,Missing data/not specified/undetermined,3
WY,2003,7,Natural,122
WY,2003,8,Human,35
WY,2003,8,Missing data/not specified/undetermined,1
WY,2003,8,Natural,287
WY,2003,9,Human,19
WY,2003,9,Natural,16
WY,2003,10,Human,31
WY,2003,10,Natural,7
WY,2003,11,Human,3
WY,2003,11,Missing data/not specified/undetermined,1
WY,2003,12,Natural,1
WY,2004,1,Human,4
WY,2004,1,Missing data/not specified/undetermined,1
WY,2004,2,Human,3
WY,2004,3,Human,37
WY,2004,3,Natural,1
WY,2004,4,Human,21
WY,2004,4,Natural,5
WY,2004,5,Human,11
WY,2004,5,Natural,8
WY,2004,6,Human,32
WY,2004,6,Missing data/not specified/undetermined,2
WY,2004,6,Natural,28
WY,2004,7,Human,47
WY,2004,7,Natural,71
WY,2004,8,Human,37
WY,2004,8,Natural,51
WY,2004,9,Human,16
WY,2004,9,Natural,22
WY,2004,10,Human,6
WY,2004,10,Natural,1
WY,2004,11,Human,4
WY,2004,12,Human,2
WY,2005,1,Human,2
WY,2005,2,Human,6
WY,2005,3,Human,15
WY,2005,3,Natural,2
WY,2005,4,Human,34
WY,2005,4,Natural,2
WY,2005,5,Human,6
WY,2005,5,Natural,2
WY,2005,6,Human,16
WY,2005,6,Natural,35
WY,2005,7,Human,97
WY,2005,7,Missing data/not specified/undetermined,1
WY,2005,7,Natural,75
WY,2005,8,Human,31
WY,2005,8,Natural,73
WY,2005,9,Human,44
WY,2005,9,Natural,40
WY,2005,10,Human,25
WY,2005,10,Natural,2
WY,2005,11,Human,11
WY,2005,11,Natural,1
WY,2005,12,Human,1
WY,2006,1,Human,11
WY,2006,2,Human,7
WY,2006,3,Human,26
WY,2006,4,Human,41
WY,2006,4,Natural,1
WY,2006,5,Human,34
WY,2006,5,Natural,10
WY,2006,6,Human,72
WY,2006,6,Natural,98
WY,2006,7,Human,113
WY,2006,7,Natural,108
WY,2006,8,Human,48
WY,2006,8,Natural,139
WY,2006,9,Human,26
WY,2006,9,Natural,13
WY,2006,10,Human,7
WY,2006,11,Human,9
WY,2006,11,Natural,2
WY,2006,12,Human,4
WY,2007,2,Human,3
WY,2007,3,Human,41
WY,2007,4,Human,20
WY,2007,5,Human,8
WY,2007,5,Natural,7
WY,2007,6,Human,30
WY,2007,6,Natural,26
WY,2007,7,Human,57
WY,2007,7,Natural,156
WY,2007,8,Human,20
WY,2007,8,Natural,131
WY,2007,9,Human,20
WY,2007,9,Natural,43
WY,2007,10,Human,16
WY,2007,10,Natural,4
WY,2007,11,Human,11
WY,2007,12,Human,1
WY,2007,12,Natural,1
WY,2008,1,Human,2
WY,2008,2,Human,4
WY,2008,3,Human,19
WY,2008,3,Natural,1
WY,2008,4,Human,56
WY,2008,4,Natural,2
WY,2008,5,Human,22
WY,2008,5,Natural,3
WY,2008,6,Human,20
WY,2008,6,Natural,18
WY,2008,7,Human,79
WY,2008,7,Natural,50
WY,2008,8,Human,61
WY,2008,8,Natural,40
WY,2008,9,Human,20
WY,2008,9,Natural,22
WY,2008,10,Human,12
WY,2008,10,Natural,5
WY,2008,11,Human,7
WY,2008,12,Human,6
WY,2009,1,Human,8
WY,2009,1,Natural,1
WY,2009,2,Human,24
WY,2009,3,Human,32
WY,2009,4,Human,17
WY,2009,4,Natural,1
WY,2009,5,Human,17
WY,2009,5,Natural,7
WY,2009,6,Human,17
WY,2009,6,Natural,16
WY,2009,7,Human,47
WY,2009,7,Natural,68
WY,2009,8,Human,41
WY,2009,8,Natural,60
WY,2009,9,Human,45
WY,2009,9,Natural,52
WY,2009,10,Human,5
WY,2009,11,Human,13
WY,2009,12,Human,3
WY,2010,1,Human,3
WY,2010,2,Human,7
WY,2010,3,Human,23
WY,2010,4,Human,15
WY,2010,4,Natural,2
WY,2010,5,Human,7
WY,2010,6,Human,10
WY,2010,6,Natural,18
WY,2010,7,Human,87
WY,2010,7,Natural,85
WY,2010,8,Human,75
WY,2010,8,Natural,114
WY,2010,9,Human,99
WY,2010,9,Natural,19
WY,2010,10,Human,48
WY,2010,10,Natural,9
WY,2010,11,Human,7
WY,2010,11,Natural,3
WY,2011,1,Human,1
WY,2011,2,Human,2
WY,2011,2,Natural,2
WY,2011,3,Human,14
WY,2011,3,Natural,3
WY,2011,4,Human,20
WY,2011,4,Natural,2
WY,2011,5,Human,12
WY,2011,5,Natural,2
WY,2011,6,Human,17
WY,2011,6,Natural,16
WY,2011,7,Human,47
WY,2011,7,Natural,72
WY,2011,8,Human,90
WY,2011,8,Natural,227
WY,2011,9,Human,57
WY,2011,9,Natural,32
WY,2011,10,Human,8
WY,2011,10,Natural,2
WY,2011,11,Human,10
WY,2011,11,Natural,2
WY,2011,12,Human,2
WY,2012,1,Human,8
WY,2012,2,Human,7
WY,2012,3,Human,55
WY,2012,4,Human,44
WY,2012,4,Natural,11
WY,2012,5,Human,44
WY,2012,5,Natural,14
WY,2012,6,Human,117
WY,2012,6,Natural,58
WY,2012,7,Human,111
WY,2012,7,Natural,260
WY,2012,8,Human,85
WY,2012,8,Natural,70
WY,2012,9,Human,73
WY,2012,9,Natural,37
WY,2012,10,Human,29
WY,2012,10,Natural,4
WY,2012,11,Human,15
WY,2012,12,Human,4
WY,2013,1,Human,6
WY,2013,2,Human,1
WY,2013,3,Human,38
WY,2013,3,Natural,4
WY,2013,4,Human,53
WY,2013,4,Natural,1
WY,2013,5,Human,26
WY,2013,5,Natural,11
WY,2013,6,Human,26
WY,2013,6,Natural,31
WY,2013,7,Human,73
WY,2013,7,Natural,83
WY,2013,8,Human,42
WY,2013,8,Natural,99
WY,2013,9,Human,21
WY,2013,9,Natural,59
WY,2013,10,Human,6
WY,2013,11,Human,1
WY,2014,1,Human,2
WY,2014,1,Missing data/not specified/undetermined,1
WY,2014,2,Human,6
WY,2014,3,Human,20
WY,2014,4,Human,33
WY,2014,4,Natural,1
WY,2014,5,Human,43
WY,2014,5,Missing data/not specified/undetermined,1
WY,2014,5,Natural,8
WY,2014,6,Human,36
WY,2014,6,Natural,19
WY,2014,7,Human,171
WY,2014,7,Missing data/not specified/undetermined,2
WY,2014,7,Natural,79
WY,2014,8,Human,56
WY,2014,8,Natural,35
WY,2014,9,Human,28
WY,2014,9,Natural,9
WY,2014,10,Human,32
WY,2014,10,Natural,1
WY,2014,11,Human,8
WY,2014,11,Natural,1
WY,2014,12,Human,3
WY,2015,1,Human,2
WY,2015,1,Natural,1
WY,2015,2,Human,13
WY,2015,3,Human,64
WY,2015,3,Natural,3
WY,2015,4,Human,31
WY,2015,5,Human,16
WY,2015,5,Natural,5
WY,2015,6,Human,9
WY,2015,6,Natural,17
WY,2015,7,Human,90
WY,2015,7,Natural,44
WY,2015,8,Human,59
WY,2015,8,Natural,91
WY,2015,9,Human,80
WY,2015,9,Natural,44
WY,2015,10,Human,26
WY,2015,10,Natural,14
WY,2015,11,Human,17
WY,2015,12,Human,6
WY,2016,2,Human,19
WY,2016,3,Human,69
WY,2016,3,Natural,1
WY,2016,4,Human,55
WY,2016,4,Natural,4
WY,2016,5,Human,21
WY,2016,5,Natural,2
WY,2016,6,Human,122
WY,2016,6,Natural,52
WY,2016,7,Human,298
WY,2016,7,Natural,98
WY,2016,8,Human,184
WY,2016,8,Natural,109
WY,2016,9,Human,58
WY,2016,9,Natural,33
WY,2016,10,Human,17
WY,2016,10,Missing data/not specified/undetermined,1
WY,2016,10,Natural,5
WY,2016,11,Human,14
WY,2016,12,Human,7
WY,2017,1,Human,1
WY,2017,2,Human,7
WY,2017,3,Human,28
WY,2017,3,Natural,2
WY,2017,4,Human,23
WY,2017,4,Natural,1
WY,2017,5,Human,21
WY,2017,5,Natural,6
WY,2017,6,Human,67
WY,2017,6,Natural,30
WY,2017,7,Human,277
WY,2017,7,Natural,161
WY,2017,8,Human,113
WY,2017,8,Natural,109
WY,2017,9,Human,75
WY,2017,9,Natural,30
WY,2017,10,Human,39
WY,2017,11,Human,29
WY,2017,12,Human,11
WY,2018,1,Human,7
WY,2018,1,Natural,1
WY,2018,2,Human,12
WY,2018,3,Human,52
WY,2018,4,Human,120
WY,2018,4,Natural,5
WY,2018,5,Human,46
WY,2018,5,Natural,9
WY,2018,6,Human,86
WY,2018,6,Natural,23
WY,2018,7,Human,248
WY,2018,7,Natural,159
WY,2018,8,Human,122
WY,2018,8,Natural,73
WY,2018,9,Human,132
WY,2018,9,Natural,13
WY,2018,10,Human,42
WY,2018,10,Natural,1
WY,2018,11,Human,10
WY,2018,12,Human,10
WY,2019,1,Human,13
WY,2019,2,Human,10
WY,2019,3,Human,53
WY,2019,4,Human,99
WY,2019,4,Natural,1
WY,2019,5,Human,32
WY,2019,5,Natural,7
WY,2019,6,Human,42
WY,2019,6,Natural,19
WY,2019,7,Human,102
WY,2019,7,Natural,69
WY,2019,8,Human,136
WY,2019,8,Natural,114
WY,2019,9,Human,77
WY,2019,9,Missing data/not specified/undetermined,1
WY,2019,9,Natural,34
WY,2019,10,Human,28
WY,2019,10,Natural,1
WY,2019,11,Human,10
WY,2019,12,Human,2
WY,2020,1,Human,12
WY,2020,1,Missing data/not specified/undetermined,1
WY,2020,2,Human,7
WY,2020,3,Human,43
WY,2020,3,Missing data/not specified/undetermined,9
WY,2020,4,Human,106
WY,2020,4,Missing data/not specified/undetermined,21
WY,2020,4,Natural,2
WY,2020,5,Human,59
WY,2020,5,Missing data/not specified/undetermined,14
WY,2020,5,Natural,9
WY,2020,6,Human,124
WY,2020,6,Missing data/not specified/undetermined,27
WY,2020,6,Natural,45
WY,2020,7,Human,324
WY,2020,7,Missing data/not specified/undetermined,46
WY,2020,7,Natural,105
WY,2020,8,Human,186
WY,2020,8,Missing data/not specified/undetermined,31
WY,2020,8,Natural,142
WY,2020,9,Human,120
WY,2020,9,Missing data/not specified/undetermined,28
WY,2020,9,Natural,12
WY,2020,10,Human,46
WY,2020,10,Missing data/not specified/undetermined,10
WY,2020,10,Natural,1
WY,2020,11,Human,42
WY,2020,11,Missing data/not specified/undetermined,5
WY,2020,12,Human,26
WY,2020,12,Missing data/not specified/undetermined,4
WY,2020,12,Natural,2
